"id","limma_log2FC","p_value","adj_p_value"
"P19137",0.364404376529679,0.606733359343949,0.99997988173566
"P16546",0.494467507252674,0.432407801124973,0.99997988173566
"P02469",-0.0289438469442446,0.969523991812418,0.99997988173566
"P02468",-0.0427667109020246,0.95334757147971,0.99997988173566
"Q9JHU4",1.32227184079359,0.264629459564551,0.99997988173566
"Q62261",1.06331447675054,0.145503082522705,0.99997988173566
"Q05793",-0.135942159665937,0.863404797868837,0.99997988173566
"Q64727",-0.131166552204805,0.839822597162429,0.99997988173566
"Q80X90",1.32804861997648,0.238605516857936,0.99997988173566
"P19096",0.444562693312181,0.501627752745234,0.99997988173566
"P01027",0.347339197190022,0.794308004440992,0.99997988173566
"P11087",0.468075248782723,0.728160324786215,0.99997988173566
"Q8BTM8",0.018861708917373,0.985387623736564,0.99997988173566
"P02463",0.924086414663232,0.209240658609999,0.99997988173566
"Q9QXS1",-0.0451073800299052,0.95504671949263,0.99997988173566
"P10493",-0.195746463239753,0.784938500665261,0.99997988173566
"P08121",0.547352302060686,0.700244372714838,0.99997988173566
"Q61316",0.218125332551229,0.772584648022809,0.99997988173566
"P57780",0.0551108018244715,0.946659180368201,0.99997988173566
"Q01853",0.418298367703938,0.48460900670703,0.99997988173566
"Q01149",0.798196909757084,0.547494746139831,0.99997988173566
"Q3U1J4",0.18308991466007,0.802218603904981,0.99997988173566
"Q60847",-2.4924308932974,0.0377054055354214,0.99997988173566
"P07901",1.62353781343302,0.0459378283408207,0.99997988173566
"Q7TPR4",0.199161733514409,0.797110359519242,0.99997988173566
"P08113",0.239571648662725,0.710955833079525,0.99997988173566
"Q3UQ28",-0.124689008429324,0.876869380640145,0.99997988173566
"P20029",0.482889296897513,0.443600878662345,0.99997988173566
"P20152",-0.112372524114818,0.848837124006147,0.99997988173566
"P11276",0.174800320299188,0.921054497849365,0.99997988173566
"O88207",0.990202700525792,0.277185446409843,0.99997988173566
"P11499",-0.142841718011503,0.814942334709293,0.99997988173566
"A2ARV4",0.809227462049799,0.399434086068645,0.99997988173566
"Q68FD5",0.0160229373309496,0.978331256370006,0.99997988173566
"Q9JKR6",0.695133036454746,0.469353476044606,0.99997988173566
"P26041",0.171249446064252,0.793048043941344,0.99997988173566
"P70398",0.848438677372372,0.40618647317209,0.99997988173566
"P58252",0.0506966401199094,0.931839270402584,0.99997988173566
"Q61147",0.205528538596056,0.912893035806442,0.99997988173566
"Q6ZQ38",0.560028076471861,0.464071297813618,0.99997988173566
"P63017",0.223708563271785,0.703429024595665,0.99997988173566
"Q64514",0.591835043376929,0.462379255214055,0.99997988173566
"P27546",0.423142832845563,0.559034398683347,0.99997988173566
"Q9WTQ5",0.346089820896657,0.687565725570547,0.99997988173566
"P27773",0.242168141749725,0.67485289814545,0.99997988173566
"P58771",0.434431242830409,0.479937947102309,0.99997988173566
"P09103",0.226215995148943,0.697403627433488,0.99997988173566
"P52480",0.0713443534718035,0.919933387043413,0.99997988173566
"Q8K411",0.899460433384817,0.354381883227855,0.99997988173566
"Q6IRU2",0.0716315526892971,0.91769449022112,0.99997988173566
"Q91V92",-0.106846570187417,0.864822679892004,0.99997988173566
"Q8BKC5",0.456334414684854,0.448820347030715,0.99997988173566
"P17156",-0.0162558654739829,0.990172298243124,0.99997988173566
"Q11011",0.154330114464832,0.796219592185126,0.99997988173566
"E9Q557",1.40763623415852,0.202418009738913,0.99997988173566
"Q6P5F9",-0.0538320980876974,0.94465463911078,0.99997988173566
"Q9EPL2",0.297523252828984,0.640055479995791,0.99997988173566
"Q921I1",0.329396192605164,0.621623806521009,0.99997988173566
"Q02819",0.172341039959214,0.76962811096582,0.99997988173566
"Q91ZX7",0.787273155884708,0.246702648649025,0.99997988173566
"P06801",-0.123924130112035,0.835891239193327,0.99997988173566
"P09470",0.327578070983561,0.579680660166213,0.99997988173566
"Q80YX1",0.2063875401628,0.875712880817983,0.99997988173566
"P13020",0.446721507963045,0.474629350439105,0.99997988173566
"Q8VHY0",1.57951937673622,0.0588756988056886,0.99997988173566
"P26039",1.00539791856244,0.148425242837632,0.99997988173566
"Q02053",0.574733356871029,0.370120828744624,0.99997988173566
"Q8BHN3",0.373077606930993,0.597531843615184,0.99997988173566
"Q61598",0.525461080622418,0.3906529773197,0.99997988173566
"P48722",0.503239599603175,0.729048423442852,0.99997988173566
"O88844",0.330526340348425,0.587947866560854,0.99997988173566
"P35441",-0.165102512525417,0.918611029918684,0.99997988173566
"Q61292",0.292678571224435,0.68266216889071,0.99997988173566
"P15626",0.0944918700275039,0.880239015143543,0.99997988173566
"P08003",1.10758369877959,0.116079511132716,0.99997988173566
"Q04857",0.785166975147166,0.597640222912732,0.99997988173566
"Q06890",0.497982683970721,0.529450563451422,0.99997988173566
"Q07113",-0.338917975669232,0.598558614958407,0.99997988173566
"P09411",0.742940554132351,0.341464165758519,0.99997988173566
"P17182",0.484829809043286,0.434057533702701,0.99997988173566
"P05064",0.455981364397938,0.489184686289645,0.99997988173566
"P14733",0.790586526220668,0.248989236393819,0.99997988173566
"P26043",0.48799098304189,0.439112499630717,0.99997988173566
"P40142",0.0386585940238883,0.961687680095786,0.99997988173566
"Q8VHX6",0.541394185149911,0.607420593496238,0.99997988173566
"P48678",0.204198019841022,0.793474514759015,0.99997988173566
"Q8VDM4",0.395633198329261,0.533920933902536,0.99997988173566
"P26040",0.464856650075403,0.58383677931395,0.99997988173566
"Q93092",-0.811096323471358,0.236695823002402,0.99997988173566
"Q8K010",0.270819690917327,0.703730094745885,0.99997988173566
"P63038",0.426542827317668,0.537981100126299,0.99997988173566
"P70663",0.157022832173685,0.892442221116155,0.99997988173566
"Q9R0B9",-0.283999079768674,0.637230073999749,0.99997988173566
"P27046",0.079800069137691,0.891598707654442,0.99997988173566
"P21107",-0.598225976874499,0.365144079297865,0.99997988173566
"Q8BHG1",2.42179978403148,0.139817787741073,0.99997988173566
"P62259",-0.638961370935,0.306811958896268,0.99997988173566
"Q99KI0",0.781674972124334,0.440954541498672,0.99997988173566
"Q921M3",-0.0782199214419541,0.902959047387424,0.99997988173566
"P14211",0.107199573017984,0.880668849308786,0.99997988173566
"P10649",-0.314264839083663,0.591804186782526,0.99997988173566
"Q00493",-0.274343476693957,0.694709115195323,0.99997988173566
"O35206",0.798819785016282,0.241688952806652,0.99997988173566
"O88342",0.122873165396399,0.845638613152975,0.99997988173566
"P17710",-0.0826131004428181,0.889644301778487,0.99997988173566
"Q99MD9",0.392865878531917,0.729223464912292,0.99997988173566
"Q6P5E4",-0.0421925984206801,0.941177057049473,0.99997988173566
"P37889",-0.0421083191862052,0.969881263375239,0.99997988173566
"Q99KK7",0.992916092320358,0.144766489622676,0.99997988173566
"Q8K0E8",-0.564071953436074,0.492717700446353,0.99997988173566
"Q5SUR0",-0.00125310274109469,0.99832479040838,0.99997988173566
"P22777",0.355779908942826,0.679461179700706,0.99997988173566
"Q3U962",0.656774362709421,0.757402598557307,0.99997988173566
"P60710",-0.870484646236869,0.495124244260553,0.99997988173566
"P63260",0.208801714897561,0.73694356226934,0.99997988173566
"P18760",0.326684857572405,0.645145361885578,0.99997988173566
"P06151",0.405405796264437,0.559569168487336,0.99997988173566
"Q9DCD0",0.882648579840338,0.232131275946689,0.99997988173566
"Q9JHR7",0.179784314891706,0.793127643179063,0.99997988173566
"O35685",0.292550487350399,0.750909157266501,0.99997988173566
"Q9EQH2",0.16380796309259,0.809607547694083,0.99997988173566
"P50247",1.09749523349279,0.122783645669292,0.99997988173566
"Q80W21",0.0475393031562229,0.937294331318655,0.99997988173566
"P05202",0.319796765478491,0.598952575252811,0.99997988173566
"Q9D964",0.849069422948744,0.238325492342307,0.99997988173566
"Q9R1E6",-0.444324374550606,0.581461600714372,0.99997988173566
"O09159",0.16415582334663,0.791695506317874,0.99997988173566
"P12023",-0.00144796138730641,0.998422800889185,0.99997988173566
"Q8BGQ7",0.227845322447354,0.830516340189787,0.99997988173566
"P40124",0.143358554601375,0.811577645243236,0.99997988173566
"P60843",0.397699861831252,0.499502759307735,0.99997988173566
"P70168",-0.118738581372315,0.844249496147534,0.99997988173566
"P42932",-0.52472382598353,0.408712459410426,0.99997988173566
"P68254",-0.0675595787689336,0.908974116605953,0.99997988173566
"Q8C1A5",0.241217982415068,0.728325011084543,0.99997988173566
"Q8CG14",0.0548628389373012,0.934765112408736,0.99997988173566
"P08071",0.979289411832607,0.754610843674276,0.99997988173566
"Q02788",0.971296828813685,0.55839308466103,0.99997988173566
"P97798",-1.47052130681652,0.0728047946969036,0.99997988173566
"Q64449",1.18606670349745,0.104249890002822,0.99997988173566
"P37804",-0.0997844578902018,0.861717233006919,0.99997988173566
"P63101",0.431996804229416,0.476024649895964,0.99997988173566
"P09405",0.649968293404458,0.481943420528963,0.99997988173566
"Q8CFX1",0.691239714444308,0.268865530528388,0.99997988173566
"O88569",0.133495664137892,0.816838326234393,0.99997988173566
"Q8CG16;Q8CFG9",0.194921563750417,0.764893112999246,0.99997988173566
"Q8K2I4",0.268721630347464,0.71144188456208,0.99997988173566
"Q640N1",0.0951694631785908,0.955459472492065,0.99997988173566
"Q61207",-0.302013018872063,0.688247929129024,0.99997988173566
"Q8CG19",0.404109708271771,0.528351162868106,0.99997988173566
"O35887",0.0653547659690877,0.915329245704118,0.99997988173566
"P68369",10.5478312917002,0.00115773583892417,0.892801304919811
"Q3TXS7",-0.0743925835988897,0.902911024157832,0.99997988173566
"O08638",1.35727825638406,0.163080565048302,0.99997988173566
"Q9QUR6",0.420157497744205,0.483668629562698,0.99997988173566
"P06745",0.217023425538005,0.707976563494004,0.99997988173566
"Q60854",0.249449316248752,0.693624809490105,0.99997988173566
"Q9D0F9",0.0617629204078867,0.914480471992188,0.99997988173566
"Q922R8",1.0159308162763,0.197689742550246,0.99997988173566
"Q61425",0.617770596483015,0.489213931781804,0.99997988173566
"P21180",0.348648207710259,0.553752009524185,0.99997988173566
"Q04998",0.403509078899865,0.599809345446717,0.99997988173566
"Q61581",0.318641142598175,0.743244667987236,0.99997988173566
"P68372;Q9D6F9",0.34410002927747,0.591211054895886,0.99997988173566
"Q9JII6",0.123337188244726,0.838782545756362,0.99997988173566
"Q8CI94",0.313346649137496,0.624623116842262,0.99997988173566
"P05201",0.426679101781936,0.519765819396181,0.99997988173566
"P29758",0.333091147521884,0.625514024151648,0.99997988173566
"P17563;Q63836",0.507022559744977,0.465553507100931,0.99997988173566
"Q02257",0.596224000895694,0.50578208881258,0.99997988173566
"Q8VCM7",-0.35742127562245,0.691730044190316,0.99997988173566
"P00342",0.0842493108325586,0.92895984061297,0.99997988173566
"E9PV24",-0.637146712279952,0.428362867740053,0.99997988173566
"Q9JMB7",-0.102051416488498,0.980687717591284,0.99997988173566
"P07214",0.386589027210898,0.51244010115525,0.99997988173566
"Q8BND5",-0.157313977584295,0.836261978757196,0.99997988173566
"P10605",0.118472461621996,0.864995778997118,0.99997988173566
"Q6GQT1",0.675699401544159,0.376764049668654,0.99997988173566
"Q9QUR8",-0.0954323393472646,0.892070884504587,0.99997988173566
"Q8K4G1",-0.00566304708408535,0.99470236235709,0.99997988173566
"Q8VDD5",1.17396416286517,0.464421767003878,0.99997988173566
"P05214",0.934428252873429,0.670991685477067,0.99997988173566
"Q62318",-0.105157265741503,0.931875390101977,0.99997988173566
"O55029",0.150756297734861,0.812597634749888,0.99997988173566
"Q9ERK4",0.16665779801625,0.829522482202882,0.99997988173566
"P28271",0.385499826351643,0.556364466735651,0.99997988173566
"Q99JY9",0.747642511350591,0.236460839119725,0.99997988173566
"Q9EQK5",1.7913851417047,0.317670988704353,0.99997988173566
"P24549",0.101456206403145,0.882344596021089,0.99997988173566
"P99024",-0.0649394100143527,0.914490200439812,0.99997988173566
"B2RQC6",1.09908638836793,0.21285680993224,0.99997988173566
"P10630",0.532086866368938,0.60851169955837,0.99997988173566
"P10126",0.137922354966487,0.819180310929052,0.99997988173566
"Q8R016",0.825857440234121,0.287642244917645,0.99997988173566
"Q00519",0.652680145596075,0.302817946417464,0.99997988173566
"Q9JHU9",0.136077326874232,0.819333734152127,0.99997988173566
"P16125",0.332931314151099,0.645684589289278,0.99997988173566
"P24527",-0.197842927727338,0.754614494119794,0.99997988173566
"Q62356",0.672062552537211,0.371103070537954,0.99997988173566
"Q91WP6",0.3342964089302,0.686920850779987,0.99997988173566
"Q8BH34",-0.0420547314573731,0.957528525422995,0.99997988173566
"O08999",0.236857606626119,0.86520697363126,0.99997988173566
"P35951",0.395021940143884,0.526364129873276,0.99997988173566
"P15116",-0.496508873404456,0.492856279888405,0.99997988173566
"P63005",0.870499455320496,0.321618468602893,0.99997988173566
"P68510",-0.614611959811699,0.370642511081108,0.99997988173566
"Q91VI7",0.647329411097116,0.352372532075392,0.99997988173566
"Q9EQH3",0.837268547890788,0.460483562427234,0.99997988173566
"Q60864",0.951480044587341,0.163522998604034,0.99997988173566
"P45376",0.350000026798232,0.597197585445288,0.99997988173566
"Q8JZQ9",0.446852525975856,0.584404481953869,0.99997988173566
"Q04447",-0.230148544268021,0.703421850906112,0.99997988173566
"Q8CIE6",0.218494779556398,0.712318323944457,0.99997988173566
"P56399",-0.0556666726390348,0.929152572340362,0.99997988173566
"Q9CPV4",1.43793430536572,0.096551162068399,0.99997988173566
"Q91YI0",0.93335631994979,0.200801122249779,0.99997988173566
"P48774",-0.162016210415236,0.82775237951667,0.99997988173566
"Q6WKZ8",1.14176807399454,0.592037368249749,0.99997988173566
"P06797",0.203110705966064,0.749241653561217,0.99997988173566
"P08122",0.0905153011835322,0.91107045200659,0.99997988173566
"Q8BPB5",-0.140333667559782,0.81663518270746,0.99997988173566
"Q9WVA4",-0.220083266741163,0.761319253983349,0.99997988173566
"P61982",0.664516959888059,0.311219263180913,0.99997988173566
"P35487",0.0253632959691733,0.982128918079392,0.99997988173566
"P30416",0.783865348783633,0.343578293331689,0.99997988173566
"Q9CVB6",0.806149161365295,0.306950890646552,0.99997988173566
"P50396",0.272575749551426,0.712442354960974,0.99997988173566
"P35700",-0.367548165331987,0.572418468900519,0.99997988173566
"O08709",0.245011801648853,0.77443024879455,0.99997988173566
"Q9CR16",0.13575528685674,0.820375195160887,0.99997988173566
"Q9QUM9",-0.602467622098191,0.327470199168275,0.99997988173566
"Q8K1J6",1.15575822324302,0.28708922072973,0.99997988173566
"O70435",0.0832896786716285,0.89695602391864,0.99997988173566
"Q9R1P0",0.552321127759853,0.370556477392307,0.99997988173566
"P29341",0.299188733401446,0.611665239684997,0.99997988173566
"Q9R1P4",0.108544506528574,0.850066905356929,0.99997988173566
"P47962",0.57193397274076,0.381128094475544,0.99997988173566
"P08249",0.488477536576186,0.501829451422949,0.99997988173566
"Q8C7R4",0.490213786777293,0.85772611046899,0.99997988173566
"Q3V1G4",-0.526838680273138,0.694378577786588,0.99997988173566
"Q61398",0.281265891609723,0.633186100213045,0.99997988173566
"Q8BRK9",0.626693259560207,0.416100960126858,0.99997988173566
"Q76MZ3",-0.192735734093385,0.74996815541012,0.99997988173566
"Q9CZ44",1.07758913543268,0.356629810837731,0.99997988173566
"P24369",-0.568756555680148,0.44531696971879,0.99997988173566
"Q6P5H2",2.00710474771495,0.0278690678670195,0.99997988173566
"Q9DBJ1",-1.68419964670118e-05,0.99997988173566,0.99997988173566
"Q5XJY5",0.402545642906632,0.604409875873626,0.99997988173566
"Q9Z1Z0",0.602475343440638,0.445256200228895,0.99997988173566
"P62908",0.669639282876667,0.540068345145591,0.99997988173566
"P61202",1.53388795666721,0.0677002460136474,0.99997988173566
"P26443",0.421294890378808,0.479046941836676,0.99997988173566
"Q9Z1N5",0.351346483957094,0.569678464298722,0.99997988173566
"Q9R1P3",-0.0220920312063354,0.970464750958976,0.99997988173566
"Q9CPY7",0.614408652128827,0.324108716223933,0.99997988173566
"Q8BWT1",0.312767364372573,0.656599529189769,0.99997988173566
"P08228",-0.730294353714096,0.268998252228852,0.99997988173566
"P56480",-0.139886376165443,0.838724376054005,0.99997988173566
"Q7TMM9",1.22796523661864,0.437961064093867,0.99997988173566
"Q60841",-0.0634727469542378,0.978788719655345,0.99997988173566
"P29268",-0.183251512186778,0.888467651688673,0.99997988173566
"Q810U4",0.317244291001958,0.66557084698886,0.99997988173566
"Q9WU78",0.177452715210209,0.90487758691524,0.99997988173566
"Q9DBC7",0.140435427129792,0.817620730451392,0.99997988173566
"Q9ER72",1.14577244756217,0.169473789086312,0.99997988173566
"Q922B2",0.373903692149632,0.64917139050418,0.99997988173566
"Q8VIJ6",0.565526718284,0.47763613770014,0.99997988173566
"Q9Z2X1",0.837392964128554,0.229737455451534,0.99997988173566
"Q8BG32",-0.0831455439862838,0.924804304805213,0.99997988173566
"Q9R0P5",0.442886686755397,0.490094540853333,0.99997988173566
"Q3THS6",0.625979422861248,0.39549093109089,0.99997988173566
"P80318",-0.290310328332048,0.684594198158868,0.99997988173566
"Q9JIF7",0.08934822027411,0.876378828629016,0.99997988173566
"Q9CQV8",-0.397163561868195,0.54518262808565,0.99997988173566
"P47757",0.342795951976767,0.559369470252464,0.99997988173566
"Q9JIF0",-0.157460572051416,0.797118986225773,0.99997988173566
"P45377",0.376672247495515,0.526276694794169,0.99997988173566
"Q9R1T2",-0.0905007891136174,0.913583555137796,0.99997988173566
"Q9Z2W0",0.272426069359833,0.701498916140514,0.99997988173566
"P19324",0.682452100672419,0.274480385179215,0.99997988173566
"O35660",-0.0734190122094221,0.924615991927267,0.99997988173566
"P14152",0.782259972659818,0.229240411726439,0.99997988173566
"Q9CWF2",-1.41712216010421,0.556603157930546,0.99997988173566
"O88968",0.371256567420353,0.657018548326643,0.99997988173566
"P97290",0.713277143907457,0.453208100723566,0.99997988173566
"Q08761",0.45433630779038,0.545760467629727,0.99997988173566
"P18242",0.443152675116127,0.627563312228445,0.99997988173566
"Q9R118",-0.629142001891787,0.358559432255391,0.99997988173566
"Q61696;P17879",-0.0406369067850771,0.949882876459036,0.99997988173566
"P23249",-0.660274792593811,0.653025772974537,0.99997988173566
"P31254",1.21385774917008,0.54886886554242,0.99997988173566
"Q8VI75",0.640161244145474,0.429920037210555,0.99997988173566
"Q91YR9",0.399834465491516,0.551205015237417,0.99997988173566
"P68040",0.993201676324413,0.150885076591092,0.99997988173566
"Q9WV32",0.186669411650211,0.749739104821667,0.99997988173566
"Q9WVJ2",0.285267537753738,0.67994068909579,0.99997988173566
"P45591",0.145371364963732,0.816987452185435,0.99997988173566
"Q8BWZ3",3.13186031905213,0.0312125861862735,0.99997988173566
"P31001",0.353231892619078,0.668504226358145,0.99997988173566
"Q9JKB1;P58321",-0.316876460710799,0.620097947667046,0.99997988173566
"P54227",-0.0861627823776889,0.912033352917466,0.99997988173566
"Q9Z2U0",0.058798471741523,0.920994801099822,0.99997988173566
"Q9DCJ9",2.02106910817016,0.114533943710367,0.99997988173566
"O08749",0.837643182825907,0.254332136047208,0.99997988173566
"Q99LX0",0.00523843631411103,0.993068818673077,0.99997988173566
"P10518",0.963713975176308,0.192283053807067,0.99997988173566
"P53026",0.0560565815964982,0.929803608702286,0.99997988173566
"P47877",0.455672503378739,0.797299353314166,0.99997988173566
"P97298",0.87122351997756,0.457778338552103,0.99997988173566
"Q04592",0.319983847807122,0.603235147906581,0.99997988173566
"O09164",0.0644896834554936,0.934092761194215,0.99997988173566
"Q62179",0.617708862960232,0.352407637367211,0.99997988173566
"Q60675",0.69876024658817,0.452733953349578,0.99997988173566
"P29533",-0.0689078855561279,0.944570539365419,0.99997988173566
"Q9R0E2",-0.416862631091379,0.613002010329202,0.99997988173566
"P54923",-0.0767213039616514,0.921441981877581,0.99997988173566
"Q9JMH6",0.210410402153495,0.72569270967587,0.99997988173566
"P61979",0.654582423222241,0.295331390012886,0.99997988173566
"P11983",-2.31972185108612,0.0308962312121692,0.99997988173566
"Q9D1Q6",0.192149613261852,0.767285763816164,0.99997988173566
"Q9CQI6",-0.320885043579434,0.59182949869976,0.99997988173566
"Q99JI4",-1.00716022554005,0.265327505613638,0.99997988173566
"P23492",0.507704714437563,0.437937788710727,0.99997988173566
"Q7TMK9",1.14706960311318,0.202015996051758,0.99997988173566
"Q6PDN3",0.764993321558759,0.273004263029181,0.99997988173566
"Q00915",-0.372196259348506,0.664429146625157,0.99997988173566
"Q9WUB3",-0.423355076966316,0.530881855001889,0.99997988173566
"P17742",-0.458541453836906,0.518604814088839,0.99997988173566
"Q64737",0.888123933015619,0.207322546531114,0.99997988173566
"Q921M7",0.639783102375458,0.431495948818854,0.99997988173566
"P21981",-0.378459176963021,0.549322873734929,0.99997988173566
"P57759",0.0108707750304369,0.985565199625401,0.99997988173566
"Q62348",0.34331219096058,0.603958995076842,0.99997988173566
"P47791",0.0389087399631833,0.947570219574189,0.99997988173566
"P58389",0.966296938362306,0.432704611120918,0.99997988173566
"Q9JHW2",1.12002672823054,0.129056271107247,0.99997988173566
"Q9QXT0",0.261902650369561,0.742052786212084,0.99997988173566
"P97807",0.694100342423628,0.298906277307354,0.99997988173566
"Q64433",0.0503448330597109,0.939547226349054,0.99997988173566
"Q9ERD7",0.746060180730123,0.697120868598804,0.99997988173566
"Q9ER58",0.0704756122686727,0.953301105451255,0.99997988173566
"O54782",0.492302318563202,0.447890082292698,0.99997988173566
"P70699",0.209038353967068,0.725542391121396,0.99997988173566
"P70458",0.387488040907804,0.614995853224902,0.99997988173566
"Q9WV54",0.467364099688145,0.532723660734332,0.99997988173566
"P51655",1.83693735036231,0.164759866995026,0.99997988173566
"Q61112",0.254527613914542,0.679049850404675,0.99997988173566
"O70456",0.546187077145532,0.631079315299954,0.99997988173566
"O09131",-0.0122312505017367,0.990560560093506,0.99997988173566
"P50580",1.36480344442203,0.120132544547983,0.99997988173566
"Q99K85",-0.298783756227217,0.719701248934458,0.99997988173566
"Q9ET01",-0.301483944189693,0.668602898023932,0.99997988173566
"P17751",-0.643627629696915,0.467352202546555,0.99997988173566
"Q6ZWX6",0.491937596514836,0.419379242368097,0.99997988173566
"P63242;Q8BGY2",-0.541171769552838,0.38162721630613,0.99997988173566
"Q9D8W5",1.08068339402882,0.13435578506772,0.99997988173566
"Q9WTX6",1.04651706217284,0.440638969088633,0.99997988173566
"P53810",0.337867119232259,0.584548165265151,0.99997988173566
"P40336",0.978822060375814,0.352452809616204,0.99997988173566
"P07724",0.319781865400373,0.807497839371822,0.99997988173566
"Q9D0I9",1.3251757911938,0.0702246349542973,0.99997988173566
"Q7TQI3",0.919283753264435,0.219445008695986,0.99997988173566
"O55234",-0.166939764379862,0.773367788702491,0.99997988173566
"P30115",2.73780229594386,0.008876784815395,0.99997988173566
"P15532",0.620423991908704,0.467663385021346,0.99997988173566
"Q9QZE7",0.786705082746652,0.279818592562649,0.99997988173566
"Q9CXY6",0.0163037738147681,0.978223108718896,0.99997988173566
"Q9R0P9",0.39272973231156,0.554494766257717,0.99997988173566
"Q61035",0.394827868087875,0.556182449832485,0.99997988173566
"O35381",1.72072991835816,0.0894455823293296,0.99997988173566
"O55137",0.164123496087573,0.785405681892781,0.99997988173566
"Q91W90",0.26216606013327,0.663544510021368,0.99997988173566
"Q9DAR7",0.165381350644319,0.778966884829215,0.99997988173566
"P70296",-0.0380998540408442,0.957617769157103,0.99997988173566
"Q8K183",0.300359827488992,0.612044339903329,0.99997988173566
"O35855",0.688117418778416,0.343353142281053,0.99997988173566
"P10648",-0.224284891115556,0.735643396080099,0.99997988173566
"P62897",-0.31318286628851,0.685367775358864,0.99997988173566
"P47880",0.400821388414664,0.562494840219947,0.99997988173566
"P47878",-0.0188890648209798,0.982001413096871,0.99997988173566
"Q9CYK2",0.400888379851913,0.640266942406356,0.99997988173566
"P28653",0.254131275695225,0.793644557702459,0.99997988173566
"Q61508",0.078515865113428,0.965015953019932,0.99997988173566
"P11152",0.325330385247433,0.63281692028092,0.99997988173566
"P06909",-0.30446768993487,0.889720644778951,0.99997988173566
"P70275",0.446971309144717,0.561998298271186,0.99997988173566
"O70250",0.199888336142257,0.840669851578491,0.99997988173566
"Q9JKF1",1.61076090195125,0.215958756193187,0.99997988173566
"Q5SWU9",3.38679739871517,0.233308736203456,0.99997988173566
"P22892",1.04518927912142,0.514658946387672,0.99997988173566
"Q9WTX5",0.293685403370559,0.680975339765196,0.99997988173566
"P80314",-0.397045514332971,0.67131183590941,0.99997988173566
"P16675",0.0642784530813879,0.913257563527877,0.99997988173566
"P80316",-0.59405683310672,0.423386646713047,0.99997988173566
"P51174",0.07836842666259,0.9243364501848,0.99997988173566
"Q9Z1F9",0.185837248899723,0.913336772425763,0.99997988173566
"Q01405",0.610459672804943,0.355590929145318,0.99997988173566
"Q91YE6",0.376818337577332,0.606019051801729,0.99997988173566
"O88544",0.656246382232157,0.314571484502288,0.99997988173566
"Q91ZJ5",0.399336968616187,0.548173510090491,0.99997988173566
"Q99MN1",0.520329004580455,0.392210707297192,0.99997988173566
"Q9CWH6",-0.771411958888183,0.505689399706899,0.99997988173566
"Q01730",0.294915312847715,0.62834483897238,0.99997988173566
"Q9CZY3",0.758260081576027,0.2806548879027,0.99997988173566
"O08553",-0.212659247276817,0.756818631837059,0.99997988173566
"Q9CY58",0.751977127273333,0.322514987421539,0.99997988173566
"Q99PT1",-0.238767767901879,0.73461962060079,0.99997988173566
"O35643",0.46952034615834,0.530511799216352,0.99997988173566
"O08795",0.731863640890982,0.303074500636475,0.99997988173566
"Q9D8N0",-0.0889540126264758,0.903409028327445,0.99997988173566
"P28352",0.455798253724684,0.492860809016276,0.99997988173566
"O88958",0.217092333834217,0.756645352207108,0.99997988173566
"Q9D154",-0.311537328292014,0.607783273465524,0.99997988173566
"Q9R1P1",-0.302948895448351,0.622457605173318,0.99997988173566
"Q9Z0S1",0.5884571229832,0.358935438056762,0.99997988173566
"Q99JW2",1.00637752737151,0.160618973487908,0.99997988173566
"Q9CY64",0.941611961548186,0.188158897070438,0.99997988173566
"Q9CZU6",0.763173206778764,0.314866523798183,0.99997988173566
"O35459",2.99427980552151,0.0065976303533706,0.99997988173566
"Q01768",0.00563501122339475,0.993571604281309,0.99997988173566
"O55023",-0.357721866849953,0.543081019036524,0.99997988173566
"P51660",1.28411490625819,0.416575931522175,0.99997988173566
"Q9D0K2",0.37420658601917,0.656702648924476,0.99997988173566
"O08807",0.0862830790509576,0.891839799939892,0.99997988173566
"P48759",0.653495118461969,0.354022266651011,0.99997988173566
"Q80UB0",0.00573783055711367,0.994625736900614,0.99997988173566
"Q62165",0.153821890353258,0.811639642854312,0.99997988173566
"P10923",0.943045419285424,0.555644471275534,0.99997988173566
"P07141",0.222044865177201,0.779258418309672,0.99997988173566
"P97497",-0.482977200674884,0.550830500335178,0.99997988173566
"P11672",0.113914110435473,0.955020242966618,0.99997988173566
"P98063",0.411119913713574,0.821019476004971,0.99997988173566
"Q07797",0.528716786945811,0.403622218417703,0.99997988173566
"Q8BFR4",0.66340502464463,0.289914947765259,0.99997988173566
"P18406",-0.277334373675589,0.678797516062932,0.99997988173566
"P21956",-0.0942500529591766,0.879116343784211,0.99997988173566
"Q8BKG3",0.245643551746062,0.85462384398247,0.99997988173566
"Q60972",0.309097001516599,0.626754397962649,0.99997988173566
"P62334",0.112626459723127,0.904488748220356,0.99997988173566
"Q8CDN6",0.783017574360673,0.220126116570831,0.99997988173566
"Q9Z1Z2",0.757851851296948,0.328864425772383,0.99997988173566
"P80317",-0.942334749625527,0.174037199481947,0.99997988173566
"P17918",0.113465791835729,0.85257152374142,0.99997988173566
"Q9CXW3",0.258944672739197,0.720587919476922,0.99997988173566
"Q9QZE5",0.401810050019161,0.597269481572926,0.99997988173566
"Q9D1E6",0.0884427923833896,0.892636784621988,0.99997988173566
"Q920E5",0.273719356841188,0.698576709444712,0.99997988173566
"P05063",1.08086595285668,0.185080908390462,0.99997988173566
"Q91XV3",0.417302751457909,0.691747071557524,0.99997988173566
"Q9WTM5",-0.43285983133862,0.688783994018766,0.99997988173566
"Q9CWS0",0.8503363836357,0.235833052778904,0.99997988173566
"Q05186",0.842696524341542,0.368674952652686,0.99997988173566
"Q9CYR6",0.0752548855066805,0.906078543942456,0.99997988173566
"Q9CQI3",1.51892934519771,0.404703727154439,0.99997988173566
"Q9DBG3",0.129891374199622,0.835199892544272,0.99997988173566
"Q9Z0N1",1.08015771434662,0.117950554571071,0.99997988173566
"Q8BGR9",0.72028489020848,0.333114814649532,0.99997988173566
"Q9CXI5",-0.00876332650246908,0.99110701406385,0.99997988173566
"Q9D051",1.44635373739586,0.239286663299679,0.99997988173566
"F6ZDS4",0.752240565180235,0.257732299049308,0.99997988173566
"P05132;P68181",1.56931525519869,0.161291930847762,0.99997988173566
"Q9D819",0.754423631616583,0.307437415272632,0.99997988173566
"O09061",0.103959706905217,0.862631256205065,0.99997988173566
"Q61171",0.0327475241868076,0.957725532579873,0.99997988173566
"P59242",-0.608461296009453,0.44618072063607,0.99997988173566
"Q9DBF1",0.310575695202125,0.614998396112694,0.99997988173566
"P30681",2.10601027136141,0.0731528000938703,0.99997988173566
"P63158",2.31847946010453,0.130917263049392,0.99997988173566
"P97372",0.168465377131588,0.820475116187406,0.99997988173566
"Q62446",1.54816947049483,0.0804782221376668,0.99997988173566
"P97371",-0.182345509039161,0.769110755749226,0.99997988173566
"Q9CQ60",0.131641801068511,0.843480706770662,0.99997988173566
"Q91W89",1.74719814170414,0.256645430573145,0.99997988173566
"Q9EQU5",2.81232538836825,0.281189489556883,0.99997988173566
"Q8BP92",0.642753718739409,0.444072984725953,0.99997988173566
"A6H630",0.596674233796159,0.630819296051015,0.99997988173566
"P24472",-0.385138629906962,0.552565594073758,0.99997988173566
"P25785",0.0059131149187549,0.992695672372325,0.99997988173566
"P01901",0.597025629932607,0.357798878821331,0.99997988173566
"O88531",0.346756809725822,0.581072682202331,0.99997988173566
"Q9WVJ3",0.297999945866869,0.611604967885826,0.99997988173566
"P12804",0.595505450673965,0.51478358531177,0.99997988173566
"Q8VC30",0.630115468328167,0.718545334182324,0.99997988173566
"Q9QZF2",0.0592449317332642,0.93719518063629,0.99997988173566
"Q78PY7",0.313070962068333,0.709544983211317,0.99997988173566
"Q9QWR8",1.50000852424589,0.082322449521963,0.99997988173566
"O09172",-0.12073830757442,0.83995760754397,0.99997988173566
"Q61001",0.357353781278719,0.659053055722783,0.99997988173566
"Q99L47",2.41420681024471,0.0549898744046941,0.99997988173566
"Q05816",0.56089245075179,0.480842325499599,0.99997988173566
"P80313",-0.629646846481731,0.311539149566848,0.99997988173566
"Q9CYA0",0.259325288385356,0.767717340792939,0.99997988173566
"P46471",1.29143872968051,0.086389439509592,0.99997988173566
"Q9JMA1",0.0657261418852214,0.930071242599759,0.99997988173566
"Q9CQM9",1.01915616199206,0.476070595671235,0.99997988173566
"P14685",0.112241379850594,0.909657189398969,0.99997988173566
"Q64669",0.0197687075818999,0.976457099376856,0.99997988173566
"A6H5Y3",0.594747906715585,0.679990161380716,0.99997988173566
"Q99KQ4",0.147511541827361,0.814269804472953,0.99997988173566
"Q9CPW4",1.29516842885202,0.257243700610038,0.99997988173566
"Q9EST5",3.1257568665957,0.128018073844827,0.99997988173566
"P26516",0.564134600949135,0.363750690289245,0.99997988173566
"P55302",-0.574853589766264,0.450213580229432,0.99997988173566
"Q9CZ30",1.06596538484262,0.184166652938416,0.99997988173566
"P00493",-0.461287408670038,0.482013814871186,0.99997988173566
"Q8C878",1.05710133559751,0.225745716038282,0.99997988173566
"O54724",2.25779151303936,0.0311753029227348,0.99997988173566
"Q9D8Y0",-0.162751641533832,0.805596319673105,0.99997988173566
"P48428",0.187606574036775,0.77230351703289,0.99997988173566
"P61161",-0.0853279470846869,0.890324437482094,0.99997988173566
"P28474",0.703834491684521,0.317869030340178,0.99997988173566
"Q8BGF3",1.45944952201284,0.16572070936931,0.99997988173566
"Q8R146",1.160870316393,0.153483283084334,0.99997988173566
"P61089",0.871256737061194,0.366101577817845,0.99997988173566
"O35864",0.947731235739095,0.238062892914467,0.99997988173566
"O89079",0.865917701738102,0.18578096819321,0.99997988173566
"Q8C0M9",0.478650249640239,0.674945350981124,0.99997988173566
"Q64442",1.50176913637371,0.0892418685751406,0.99997988173566
"P27612",-1.20478143208931,0.25080642587778,0.99997988173566
"O70251",-0.0929713427153089,0.900987491701252,0.99997988173566
"Q8R3Q6",1.8481484856701,0.147182736117553,0.99997988173566
"Q9CZC8",0.322294283524811,0.668174145402013,0.99997988173566
"P49722",0.0118342745531758,0.9839367916474,0.99997988173566
"Q8CHP8",0.476471781451109,0.526296153318198,0.99997988173566
"Q99JF8",1.05342665956769,0.143170450486092,0.99997988173566
"P51859",1.09493765054691,0.126704133640194,0.99997988173566
"Q8BVI4",-0.0782785705559685,0.892415678300167,0.99997988173566
"Q61937",1.14186413445994,0.462541881032795,0.99997988173566
"Q60597",-0.45200783679676,0.79411722242484,0.99997988173566
"Q61584",-1.5112326618621,0.449611968766172,0.99997988173566
"Q8BIJ6",0.141400998254298,0.88965368007015,0.99997988173566
"Q9QXD6",-0.955904975246812,0.715245124690648,0.99997988173566
"Q60963",0.0668108239469458,0.918469408875513,0.99997988173566
"P28654",0.268032394930304,0.784580248984007,0.99997988173566
"Q9WTM3",1.41499253281962,0.231202981331601,0.99997988173566
"Q06335",-0.753179119738511,0.318976304689074,0.99997988173566
"O35684",0.955412108652065,0.31391702549741,0.99997988173566
"Q61554",0.455687831904655,0.763906957897944,0.99997988173566
"Q9CZT5",0.344314115276835,0.593137885219919,0.99997988173566
"Q811B1",0.680404948007762,0.696828373879696,0.99997988173566
"Q99M71",0.18212795709576,0.786971617061554,0.99997988173566
"Q62181",0.178442617897295,0.79258105004859,0.99997988173566
"P62983;P62984;P0CG49;P0CG50",-0.348187052740606,0.556478648192661,0.99997988173566
"Q64191",0.284538139365452,0.682210488299404,0.99997988173566
"Q99K51",0.56383356699235,0.568857150048889,0.99997988173566
"Q60631",0.47277221678958,0.509056439386954,0.99997988173566
"P63330",-1.89999536225361,0.0261317581880775,0.99997988173566
"Q06138",1.60542881935161,0.210047741826824,0.99997988173566
"P14602",0.255468701105414,0.697325589043647,0.99997988173566
"P63087",-0.794766759462512,0.308006592321965,0.99997988173566
"Q9D1P4",0.731228399887685,0.341108088478096,0.99997988173566
"P53994",-0.193675880663795,0.760832967826849,0.99997988173566
"P62141",2.17271692513102,0.0162036354988987,0.99997988173566
"Q8BWY3",1.14542104468759,0.289988635674777,0.99997988173566
"P61087",0.290396972178496,0.670524712183256,0.99997988173566
"P53996",0.332787071892142,0.582465409401059,0.99997988173566
"P60335",0.475029764202615,0.494411436996326,0.99997988173566
"Q8CAY6",1.35446739716164,0.112525928623508,0.99997988173566
"O08677",0.528392406559769,0.480373131504671,0.99997988173566
"Q9CZD3",1.64081068570788,0.42230535852162,0.99997988173566
"Q00612",-1.20830455358368,0.369723104708202,0.99997988173566
"P97351",0.725789114968945,0.516672849463793,0.99997988173566
"Q11136",0.760479531046653,0.414028813442081,0.99997988173566
"Q9QZD9",0.235947224521672,0.729825617454858,0.99997988173566
"O35737;P70333",0.679427831096109,0.354258822549411,0.99997988173566
"Q91WQ3",0.372177061266741,0.600181380188795,0.99997988173566
"P97315",0.970393596061892,0.155948261150012,0.99997988173566
"Q8VDW0",0.479502663116361,0.693951824356042,0.99997988173566
"P50516",-0.135228186968162,0.814223320914844,0.99997988173566
"Q60715",2.18596432312817,0.0274475789718597,0.99997988173566
"P62821",-0.0538501927437049,0.928822552469283,0.99997988173566
"Q9Z2N8",0.602398160732768,0.538566808965083,0.99997988173566
"P23591",0.498295884413925,0.572129530812244,0.99997988173566
"P47753",0.379589048944408,0.531037287671785,0.99997988173566
"Q62188",-0.68472105373179,0.398049579360529,0.99997988173566
"Q6P1B1",-0.0801270123075225,0.911649414385164,0.99997988173566
"P99029",1.45164687650792,0.309427602585161,0.99997988173566
"Q9DC23",1.28411736876073,0.398888482645542,0.99997988173566
"Q60598",1.24022468788421,0.123162417676597,0.99997988173566
"P16045",-0.432704821381359,0.527417517194761,0.99997988173566
"Q9D2M8",0.760789606534362,0.474398347821049,0.99997988173566
"Q8R164",0.446827953014289,0.496506359186128,0.99997988173566
"P61327;Q9CQL1",0.861491854539881,0.481458742844015,0.99997988173566
"Q9JJU8",-0.904390561150455,0.218613393809411,0.99997988173566
"P47968",0.385065574638761,0.554294124619905,0.99997988173566
"Q9JK81",0.598642951947588,0.403755399169405,0.99997988173566
"Q9D7X8",0.316343766923502,0.762237028029042,0.99997988173566
"P70195",-0.636107995913899,0.593529747864928,0.99997988173566
"P00375",0.230703461316396,0.714284427147924,0.99997988173566
"Q9DAK9",0.178471173162925,0.822351548733057,0.99997988173566
"Q3TCN2",0.0899795087740098,0.875244661199494,0.99997988173566
"Q8BH97",0.0313507074353497,0.965504161144217,0.99997988173566
"A3KMP2",1.38522938684976,0.394512972907478,0.99997988173566
"Q9WTP6",0.129924120412417,0.831120680854438,0.99997988173566
"P35505",0.46381680536502,0.484402895641456,0.99997988173566
"Q9Z2U1",-0.166597678767111,0.783579334669082,0.99997988173566
"O35143",0.351687839544688,0.572991031577095,0.99997988173566
"P49312",0.327987584630943,0.66067418763004,0.99997988173566
"Q8K4Z3",0.734900677372436,0.323103866841082,0.99997988173566
"Q60668",0.306923963868301,0.658987035373858,0.99997988173566
"Q99LP6",0.0696140803185384,0.9249411919438,0.99997988173566
"P35979",-0.0024335766378461,0.996937131828065,0.99997988173566
"P00015",-1.16109749534642,0.316948840973182,0.99997988173566
"P20108",-0.113671246782497,0.846719068568078,0.99997988173566
"P97311",1.06052055182274,0.682456978656488,0.99997988173566
"O89017",0.17616245454641,0.821319047485858,0.99997988173566
"P11859",0.53846027278936,0.414173597715467,0.99997988173566
"Q9WUU7",0.0469632418220982,0.940510560568604,0.99997988173566
"O88668",0.344273084851719,0.581795460351252,0.99997988173566
"Q9Z0L8",-0.160305843988697,0.788673425625066,0.99997988173566
"Q02853",0.353434715099875,0.609612264155978,0.99997988173566
"O88393",-0.314480209939071,0.654134730611852,0.99997988173566
"A2A8L5",0.544999156355015,0.607589163138318,0.99997988173566
"B9EKR1",1.81183659348719,0.334025733664902,0.99997988173566
"Q9Z2L6",-0.251744607446113,0.681141110349237,0.99997988173566
"P30412",-0.425871273746871,0.76266515588416,0.99997988173566
"Q9Z0J0",-0.35939385175846,0.569297497535226,0.99997988173566
"Q9JHQ5",-1.30176301414554,0.45959526129643,0.99997988173566
"P32507",0.500513420381295,0.403997058227993,0.99997988173566
"B2RXS4",-2.30046444112406,0.199934298736933,0.99997988173566
"Q60648",-0.655156512760214,0.386377734928156,0.99997988173566
"P29391;P49945",0.876411103707832,0.341348736991611,0.99997988173566
"P60521",-0.309537770772566,0.617392000093842,0.99997988173566
"Q60872",1.81432431559372,0.15741054609067,0.99997988173566
"Q60973",0.971389046963104,0.188643409380187,0.99997988173566
"P09528",-0.0044725717702304,0.994091549786465,0.99997988173566
"P70122",0.290704927171652,0.714976961811311,0.99997988173566
"Q61699",-0.92680752545513,0.4029305682776,0.99997988173566
"P53811",0.72452571609409,0.349890422214199,0.99997988173566
"Q9EPL8",0.595786024439763,0.500821936885907,0.99997988173566
"P63085",0.594043251368917,0.516020431473982,0.99997988173566
"Q9D0R2",2.44591707475399,0.0775667149782774,0.99997988173566
"P62137",-1.26160911488416,0.188009684225809,0.99997988173566
"Q61576",0.495732576301511,0.421024956569816,0.99997988173566
"Q8BMJ3",1.74864601993329,0.168413095148883,0.99997988173566
"P62869",1.53487366608462,0.16328328772095,0.99997988173566
"P46638;P62492",0.124947440894669,0.852462309748094,0.99997988173566
"Q60739",-0.435601610358491,0.589433122059195,0.99997988173566
"O08810",0.906347481661898,0.241135664581864,0.99997988173566
"Q9CWJ9",0.118860634537853,0.867552733761483,0.99997988173566
"Q9R0P3",0.474026553873708,0.517850551604875,0.99997988173566
"Q9QZ08",0.784769413206765,0.388225172455737,0.99997988173566
"Q9D0I8",1.94185381736788,0.14065820847128,0.99997988173566
"P97494",0.414067171162885,0.666703507370846,0.99997988173566
"Q99KR3",0.28804567908079,0.67220076092362,0.99997988173566
"P47754",0.523041110146483,0.478139102050292,0.99997988173566
"Q9CR00",1.23780197613082,0.120606520182539,0.99997988173566
"Q61166",0.225354302754366,0.69584526230354,0.99997988173566
"Q9D1A2",0.0529325505062206,0.947294858999727,0.99997988173566
"Q9JM76",-0.199243044494218,0.762897298613557,0.99997988173566
"Q5FWK3",1.20137524250444,0.107393415840245,0.99997988173566
"Q64010",0.260185003378986,0.659649399672584,0.99997988173566
"Q99KB8",-0.0860490675876509,0.909054128018508,0.99997988173566
"P16858",0.129732831867277,0.847771792726384,0.99997988173566
"P23116",2.13272337225595,0.0240028048514731,0.99997988173566
"Q64674",0.373224231023585,0.549327305118065,0.99997988173566
"Q9Z247",0.494293987386963,0.429134849736966,0.99997988173566
"P61965",1.78564157739258,0.0532884441291746,0.99997988173566
"P14131",1.26352633737159,0.400205491318995,0.99997988173566
"P10639",-0.0755590675774926,0.922924133757886,0.99997988173566
"P54822",-0.528582627396572,0.457432083786868,0.99997988173566
"O08585",0.402280073256763,0.669871180590055,0.99997988173566
"Q9R0Q7",1.467922255008,0.184059773596266,0.99997988173566
"P47811",0.650347722895336,0.417195871579726,0.99997988173566
"P70372",-0.258228927912583,0.664544213780433,0.99997988173566
"Q8C0E2",0.967571284690621,0.219738182025561,0.99997988173566
"Q9CZ04",-0.376990613526271,0.554288226515597,0.99997988173566
"Q9DBR7",-0.108522658461012,0.872660956559497,0.99997988173566
"P63028",-0.271000364433431,0.661166729191655,0.99997988173566
"P28063",-0.0663290827776967,0.914815401498888,0.99997988173566
"P14206",0.627902757030533,0.406699215643174,0.99997988173566
"P83917",0.287790393534783,0.621144719871456,0.99997988173566
"Q8VDK1",-0.140357956454622,0.88847958692641,0.99997988173566
"P31786",-0.163706665413901,0.807430909107413,0.99997988173566
"Q9D892",0.732075481515828,0.283623216984582,0.99997988173566
"Q9ERE7",0.326313079778045,0.646429591440003,0.99997988173566
"O35215",-0.274166445169937,0.764889864106269,0.99997988173566
"P62965",-0.449542583406773,0.635810656867061,0.99997988173566
"P45878",-0.0998567436121401,0.902647557470022,0.99997988173566
"O08716",0.717429222974367,0.459443779053023,0.99997988173566
"Q6ZWY9;Q64525;Q64478;P10854",10.0977780429645,0.000157230887434609,0.304713459848272
"P62317",0.747232462209321,0.325416810004015,0.99997988173566
"P09671",0.3928098708281,0.578845284029819,0.99997988173566
"P32261",2.21753517552365,0.29291152692656,0.99997988173566
"P70696",-6.83355527000615,0.00314138342746833,0.99997988173566
"Q9Z2C8",-1.69212488548972,0.096112225393637,0.99997988173566
"P12032",0.745562142956892,0.385155936485758,0.99997988173566
"Q9EQC7",0.417808190056196,0.629427267231104,0.99997988173566
"Q571E4",-0.0825726793457555,0.906955095237069,0.99997988173566
"Q9CYN9",0.22503109157831,0.719915277885535,0.99997988173566
"P58022",-0.281192856717638,0.734734907857386,0.99997988173566
"O35598",0.504623750166858,0.427288821680159,0.99997988173566
"Q61245",1.75282313290834,0.608888052610657,0.99997988173566
"Q04999",-0.241117794326519,0.810238877544647,0.99997988173566
"Q08879",1.60414722279331,0.0706737392388797,0.99997988173566
"Q9Z1Q5",0.0449324741622674,0.961542548591836,0.99997988173566
"Q61081",1.82091313966043,0.11988561571981,0.99997988173566
"Q8R0P4",-0.365187131474402,0.601012523311879,0.99997988173566
"Q62465",0.0317468011484804,0.96149232323731,0.99997988173566
"Q8BU30",1.36081839923705,0.130047788092715,0.99997988173566
"P62715",4.07006211705736,0.00754377554954003,0.99997988173566
"Q9D1M0",0.768814088904776,0.528118480693364,0.99997988173566
"Q8R180",0.394116726203347,0.647856543194872,0.99997988173566
"Q9D8B3",2.29724746727803,0.0192843392068812,0.99997988173566
"P62880;P29387",0.306024113729827,0.668447084547383,0.99997988173566
"Q61792",1.45248265387609,0.0825984359766258,0.99997988173566
"Q8VEK3",0.593569246230029,0.342801517347546,0.99997988173566
"P80315",-0.364435167407692,0.622101828664748,0.99997988173566
"Q6NZB0",1.07953460931285,0.238584018493478,0.99997988173566
"Q6PDY2",0.300342742601751,0.611447006979148,0.99997988173566
"P34022",-0.154234897017564,0.79165006531442,0.99997988173566
"Q9JKB3",3.35310382439294,0.00982447626777608,0.99997988173566
"P07356",0.719467141794048,0.666149347374403,0.99997988173566
"P62196",0.988042240906511,0.259229118671597,0.99997988173566
"Q61990;P57722",0.628571244853621,0.47459926755975,0.99997988173566
"Q8BJY1",-0.66984251950926,0.289862064489418,0.99997988173566
"Q9Z2I9",1.24894365337983,0.61765681290936,0.99997988173566
"P97470",4.10071842502999,0.136945075397886,0.99997988173566
"Q9EPC1",0.199216809814468,0.805124186141129,0.99997988173566
"P58044",-0.33649581076603,0.644475784436745,0.99997988173566
"P62874",1.3688783191684,0.0941244230960333,0.99997988173566
"Q99LS3",0.66413565628225,0.285504667246347,0.99997988173566
"Q9ERF3",1.92771939937514,0.205978680378372,0.99997988173566
"O35841",0.399075648388322,0.599957554288789,0.99997988173566
"Q9WVQ5",0.418832314210758,0.569844714117939,0.99997988173566
"Q60605",0.168864781608683,0.821831681841213,0.99997988173566
"Q9CZX8",1.44093237953762,0.38765805405645,0.99997988173566
"Q99KC8",0.441319703625679,0.460577402710802,0.99997988173566
"Q9WUM4",0.0578962051881672,0.94985364306932,0.99997988173566
"O54983",2.85757649120203,0.0470557576172935,0.99997988173566
"Q99KV1",-0.0498895834540499,0.943835877855503,0.99997988173566
"P62245",0.486235476010711,0.614465670643273,0.99997988173566
"Q9Z204",-0.151109691464095,0.809117171791004,0.99997988173566
"Q6ZQI3",0.738113080520638,0.241596030335526,0.99997988173566
"Q923D2",0.206709602003729,0.733260050388407,0.99997988173566
"Q3THE2",2.67560925622008,0.147736604201285,0.99997988173566
"Q9D8S4",1.02911102685933,0.178000794434353,0.99997988173566
"Q9CQF3",0.0521173502738901,0.931351242378705,0.99997988173566
"O88543",0.160189935083598,0.841809495512171,0.99997988173566
"P68037",-0.72794855382177,0.259283864160192,0.99997988173566
"P99026",-0.620514607933242,0.380032910805479,0.99997988173566
"Q9JMI7",1.31427490284146,0.301244493575095,0.99997988173566
"Q8BVU5",1.45686461918983,0.0703958360796074,0.99997988173566
"Q9CQU0",1.05996220586761,0.216760596260186,0.99997988173566
"Q9JJV2",-0.314872934894622,0.655013404372523,0.99997988173566
"O89086",2.86518734826179,0.00836146791555708,0.99997988173566
"P57776",0.253008232932698,0.724498807030868,0.99997988173566
"P32020",0.429252610608321,0.516498885055223,0.99997988173566
"Q8BHG2",-0.789853113596537,0.315128147654555,0.99997988173566
"Q8BG05",-0.247238618261237,0.778940373603011,0.99997988173566
"Q91V64",-0.0688769170472388,0.914371610427609,0.99997988173566
"Q9JI75",-1.30581627123311,0.114437218207151,0.99997988173566
"Q9D0W5",-0.223892270323866,0.743552704351895,0.99997988173566
"Q9CYR0",0.713173091297705,0.381169488643944,0.99997988173566
"Q9CPU0",-0.0632298093405801,0.913725959404841,0.99997988173566
"Q6PE15",2.0383943397486,0.194902757552579,0.99997988173566
"Q9WTP7",-0.344791832558751,0.597412410813147,0.99997988173566
"Q9R0X4;Q32MW3",1.10717915994267,0.110093799306972,0.99997988173566
"Q9CQ19",-1.66956472216193,0.163903191030369,0.99997988173566
"Q91V76",0.0270600893261476,0.962840275012484,0.99997988173566
"Q91VM5",0.620434468214862,0.349361730209995,0.99997988173566
"Q9Z1X4",-0.158682197376909,0.791306181827463,0.99997988173566
"Q9ESP1",0.128777818327179,0.893136345805033,0.99997988173566
"P16406",0.362347535809932,0.631024325573897,0.99997988173566
"Q3UV17",0.433162867171722,0.643435207010932,0.99997988173566
"P42125",-0.3462994206577,0.604440457113043,0.99997988173566
"P62960",1.43298880386937,0.127143729635838,0.99997988173566
"Q9QYR9",0.253727435128499,0.921262123692838,0.99997988173566
"Q9QXK3",1.28851787324946,0.533775450096375,0.99997988173566
"Q922D4",0.706972812545766,0.721182266710209,0.99997988173566
"Q8K2B3",0.985945298824785,0.602659036197396,0.99997988173566
"Q91VC3",1.23804338103,0.38879013544612,0.99997988173566
"Q99KE1",-0.585939706231135,0.678821459036199,0.99997988173566
"Q8VIG3",0.609374155642867,0.84137053565066,0.99997988173566
"Q6PDI5",0.0214926627804402,0.993690223202598,0.99997988173566
"P22907",-2.05371174568956,0.214960353062633,0.99997988173566
"Q9QXZ0",-1.30938319385425,0.40348152825796,0.99997988173566
"Q8K4F5",0.210681164709086,0.874656905875867,0.99997988173566
"P60122",-0.865313728979425,0.599209928869716,0.99997988173566
"P21460",0.203888017412564,0.732198110117116,0.99997988173566
"Q9ESY9",0.254500944745721,0.719662608564918,0.99997988173566
"Q924X6",2.24831708759515,0.0914963367504949,0.99997988173566
"Q9JJH1",0.952235565128826,0.3981402496839,0.99997988173566
"Q62217",2.80630635238325,0.311415759556447,0.99997988173566
"P42703",4.11326915752647,0.0562747460663195,0.99997988173566
"Q9QXX0",1.40958607888296,0.375114830585283,0.99997988173566
"Q8C0F9",-1.33257884461597,0.238493329035775,0.99997988173566
"Q76KF0",1.5003798361788,0.290259996823805,0.99997988173566
"Q8BM88",0.771116531961415,0.316145185941177,0.99997988173566
"P01029",2.6694294101715,0.0565160149450618,0.99997988173566
"O08746",0.549977624116655,0.440943389534963,0.99997988173566
"Q9DC11",1.39204065158131,0.211468487340215,0.99997988173566
"Q9DAW9",2.76086537892232,0.0934067217281509,0.99997988173566
"Q8R3R8",2.65845207908252,0.0845944558485632,0.99997988173566
"Q99J36",1.59837071512182,0.142514210347501,0.99997988173566
"P12265",0.285736456706463,0.735380568063078,0.99997988173566
"Q8VBW6",0.661992890502033,0.600054758852799,0.99997988173566
"Q9CQV6",0.525425082957336,0.422066504898655,0.99997988173566
"P46935",0.480844898821165,0.737135958358513,0.99997988173566
"Q9D662",0.899688112060316,0.310599366121971,0.99997988173566
"O55013",1.09272642943006,0.287329113850646,0.99997988173566
"P23506",0.844587204145114,0.310188617615142,0.99997988173566
"Q9WVA3",0.185902931299739,0.801554502417886,0.99997988173566
"Q923G2",0.967094341794623,0.499605733493024,0.99997988173566
"Q9QZ88",-0.263680980793237,0.664543186029705,0.99997988173566
"Q9EQ80",1.46907347852867,0.112549202539451,0.99997988173566
"Q99LD4",1.13206812885643,0.291888374833178,0.99997988173566
"Q3TMX7",-2.31023765884453,0.05910838277726,0.99997988173566
"Q9QZ73",0.938121527220635,0.169085305610732,0.99997988173566
"Q3UM45",1.28255697191049,0.196419431097763,0.99997988173566
"P17047",0.716504087871146,0.290572720919393,0.99997988173566
"Q8R050;Q149F3",4.15747660772939,0.0018191863774243,0.892801304919811
"P46664",1.62825363475538,0.228474452678846,0.99997988173566
"Q62426",-0.486952911242335,0.52715514872563,0.99997988173566
"Q9WUK2",2.64290013923406,0.0271310359932254,0.99997988173566
"P50431",-0.33027621882879,0.780367788133088,0.99997988173566
"Q8BP48",1.04585502213717,0.157563124602955,0.99997988173566
"Q99020",0.555819067397452,0.510505876190011,0.99997988173566
"Q8BK64",0.161397560274098,0.792424294879496,0.99997988173566
"Q9WV55",-0.260405371868512,0.691126240413156,0.99997988173566
"P26883",-0.392807187237792,0.550794502833561,0.99997988173566
"P55264",-0.93566326343211,0.265227569122721,0.99997988173566
"P21550",2.91606969748139,0.218078455296433,0.99997988173566
"P83940",-0.592678338311089,0.497959890366684,0.99997988173566
"P62281",2.14941609725406,0.322564638907814,0.99997988173566
"Q9CRC9",0.195087199948269,0.756448247767748,0.99997988173566
"P21300",-1.19762943992549,0.18562927604137,0.99997988173566
"Q925B0",0.400842629516615,0.718710851381952,0.99997988173566
"Q91V12",0.35382627635758,0.766666428199191,0.99997988173566
"Q9CX80",-0.557333947956276,0.448855830672269,0.99997988173566
"Q8VDG5",1.91382461624322,0.245641653730678,0.99997988173566
"P56812",-0.434048008611612,0.616911826781881,0.99997988173566
"Q9WUZ9",1.81566860629983,0.136280046152502,0.99997988173566
"Q61206",0.0917700202504317,0.878284901668368,0.99997988173566
"Q8QZS1",0.782831706218892,0.430399349490331,0.99997988173566
"Q8CG72",0.757629870463184,0.244861385095629,0.99997988173566
"Q60692",0.422447438207553,0.546595459521954,0.99997988173566
"Q8CJG0",0.140929909862474,0.817587210441521,0.99997988173566
"P14873",-0.446386267150943,0.669185475462694,0.99997988173566
"P47199",1.14400926915515,0.313260276691749,0.99997988173566
"P56376",-0.00208155808503729,0.998477776815702,0.99997988173566
"Q9R1Z7",1.85664747269319,0.286515207192422,0.99997988173566
"Q7TSV4",-0.254747128316398,0.724702276390059,0.99997988173566
"Q9DCC4",0.516590881196982,0.408349591894638,0.99997988173566
"P38647",0.269514132858138,0.659580529447379,0.99997988173566
"P14869",1.54000146158322,0.063660626269125,0.99997988173566
"P99027",-0.17350480280536,0.855274571438504,0.99997988173566
"P51855",-0.055930212904549,0.93604304489388,0.99997988173566
"P19536",-0.657534984395107,0.362892042186092,0.99997988173566
"Q8K3C3",0.129645081242495,0.865025911183346,0.99997988173566
"P84089",-1.18228554803239,0.268702061413793,0.99997988173566
"Q99LJ6",1.00449899905991,0.166148401483566,0.99997988173566
"Q924M7",0.296622229234822,0.639695536615523,0.99997988173566
"O88851",-0.149147662038792,0.824339248617548,0.99997988173566
"P63323",-0.145318029550334,0.829549738558746,0.99997988173566
"Q61029;Q61033",1.01706604324961,0.184543292593524,0.99997988173566
"Q9D6J6",3.38620535314365,0.00486849330639871,0.99997988173566
"Q9JIQ3",0.497195330964756,0.677171275901665,0.99997988173566
"Q9Z0X1",0.243835003404429,0.694168126878565,0.99997988173566
"Q8BHA3",-0.43792636010285,0.480084449448825,0.99997988173566
"Q6PDM2",-0.0918971094426268,0.885574454578272,0.99997988173566
"P11404",-0.498654378160887,0.406708116735034,0.99997988173566
"P62806",-0.423894038352079,0.649182973393926,0.99997988173566
"P97350",0.879170824641524,0.5007523627533,0.99997988173566
"Q6A4J8",1.35147646003949,0.411687105176689,0.99997988173566
"Q62148",1.14274041640403,0.448018025691332,0.99997988173566
"Q8K4Z5",0.645458985082542,0.722750048038763,0.99997988173566
"Q9JJ78",1.11613054950844,0.68155307241953,0.99997988173566
"Q9EPK7",0.656124306080667,0.767511609096985,0.99997988173566
"Q9D1G1",0.982639799726502,0.428496422777558,0.99997988173566
"Q9WUD8",-0.871457810045884,0.417344007591309,0.99997988173566
"Q8BI72",1.24544030237199,0.462831141072455,0.99997988173566
"P12399",1.05506945660434,0.66865675040262,0.99997988173566
"Q9CQ01",0.297494084948448,0.610335605300673,0.99997988173566
"Q9ER65",1.38166513773861,0.438728304532831,0.99997988173566
"O08992",1.00283109898423,0.550786344554952,0.99997988173566
"P08905",0.731797601375165,0.429313412293708,0.99997988173566
"P97467",-0.000358914524157492,0.999669709364129,0.99997988173566
"Q8R242",1.06098987424376,0.13836812796514,0.99997988173566
"P27090",-0.484222304990265,0.52152217176008,0.99997988173566
"Q61646",-0.108309992885636,0.882686932075855,0.99997988173566
"Q9WVG5",0.13239408039998,0.843024234955541,0.99997988173566
"P08226",0.67331324287982,0.524830594900162,0.99997988173566
"Q04997",-0.174260559804163,0.906852981837407,0.99997988173566
"P14901",-0.218200111255721,0.776764613807265,0.99997988173566
"P29416",0.525678055869058,0.447970993128538,0.99997988173566
"A2ASQ1",-0.21159435332436,0.904533845635634,0.99997988173566
"P35822",0.486866736629427,0.764233677363457,0.99997988173566
"Q9QZZ6",-0.418791679979167,0.679260666859281,0.99997988173566
"Q8VCF1",-0.235682476670611,0.703747632786382,0.99997988173566
"Q8VCC9",-0.220965414618682,0.833787415421716,0.99997988173566
"Q99JR5",-0.129273381407058,0.861177556730129,0.99997988173566
"P61922",1.52763240404195,0.39755418813503,0.99997988173566
"O88322",-1.01227577279631,0.205644681962898,0.99997988173566
"Q91VU0",-0.0306086743194758,0.982495257276445,0.99997988173566
"P97461",-0.35351433805061,0.670377621489973,0.99997988173566
"Q9ET22",0.67197398655434,0.365259823856444,0.99997988173566
"P36993",2.77560166480428,0.0202955061246089,0.99997988173566
"Q9QYB1",0.323102142145102,0.624278573174442,0.99997988173566
"P84078;P61205;Q8BSL7",-0.621310021730024,0.338671465682988,0.99997988173566
"P61082",0.273971003545101,0.650209878395654,0.99997988173566
"P42227",0.54256154400599,0.727899380242023,0.99997988173566
"Q8JZV9",-0.0993628963036648,0.894550705098501,0.99997988173566
"Q8BP47",-0.01292280361963,0.988624208665066,0.99997988173566
"Q920A5",0.6530723746504,0.405900710615332,0.99997988173566
"P20065",0.739273343069257,0.660155568749813,0.99997988173566
"O70433",0.994419340428641,0.235861243665277,0.99997988173566
"Q9CX34",0.83113333497692,0.335767365999567,0.99997988173566
"Q6P4T2",1.24840336450056,0.256328301741568,0.99997988173566
"Q8JZK9",1.09566305834551,0.311400437541654,0.99997988173566
"O35405",-0.175571733632894,0.776292665999499,0.99997988173566
"P63166",0.293335285092862,0.761671922660673,0.99997988173566
"Q9DBH5",0.970097710474318,0.166869441852707,0.99997988173566
"Q61553",-0.333077316059538,0.791185307508351,0.99997988173566
"Q07813",-0.842375006903263,0.248189484292256,0.99997988173566
"Q9Z1Q9",0.94330907098741,0.269587666572508,0.99997988173566
"Q61239",1.16615799660172,0.170144371477054,0.99997988173566
"O70591",-0.331496770927386,0.58011926021797,0.99997988173566
"Q91YR1",0.147975561130947,0.829458575929035,0.99997988173566
"O55135",-0.296915309717196,0.622499636966724,0.99997988173566
"Q569Z6",1.90079835831849,0.0670406422042409,0.99997988173566
"Q8R4N0",1.43456639258141,0.25267148062968,0.99997988173566
"Q9JIW9",-0.0956428893060858,0.884186160604713,0.99997988173566
"Q60676",-0.826813843694544,0.395365262225587,0.99997988173566
"P62774",-0.259894632767188,0.785381119942702,0.99997988173566
"O35593",0.651865576204913,0.32192596692823,0.99997988173566
"Q7TNG5",-0.381554976340045,0.570759104127648,0.99997988173566
"Q9CWM4",-0.66050159589226,0.392738989503504,0.99997988173566
"Q810B6",-0.980165524612896,0.255537225213225,0.99997988173566
"P62075",0.0913079170927544,0.930943815919903,0.99997988173566
"Q9JJA4",2.45377555866215,0.0767089349495884,0.99997988173566
"Q3V1T4",2.84607262163807,0.175151765903126,0.99997988173566
"O35226",0.292162205631902,0.791408366267559,0.99997988173566
"Q61205",0.135251708346614,0.815391022097092,0.99997988173566
"P97855",0.158090094214711,0.822751375456324,0.99997988173566
"P14069",-0.904803231160407,0.473451151698723,0.99997988173566
"P70349",-0.663505297999768,0.345110299794246,0.99997988173566
"Q99LD8",-1.63811720792781,0.0501020146287833,0.99997988173566
"Q9Z2Y8",-1.69543832699843,0.062873053210553,0.99997988173566
"O70493",2.13846713443071,0.017426911842337,0.99997988173566
"Q60817;P70670",3.10443162651752,0.02133402981723,0.99997988173566
"Q8VD62",0.0172718785680245,0.983714701010399,0.99997988173566
"O55131",0.519999062813141,0.695591468237597,0.99997988173566
"Q9CR98",1.66176661287035,0.0385131490027523,0.99997988173566
"Q9CWZ3",-0.164050060585352,0.893969853147887,0.99997988173566
"Q8CIB5",0.418522099117587,0.525563357219374,0.99997988173566
"O54998",0.478471109347738,0.622103679334285,0.99997988173566
"P54775",0.725325591815508,0.422204558827086,0.99997988173566
"P54728",-0.141048520523435,0.813023557912057,0.99997988173566
"Q99L13",0.475209243533722,0.502663261542984,0.99997988173566
"Q91Z53",1.16060536030697,0.110517758748564,0.99997988173566
"Q8BL66",0.208173261154793,0.803988539717804,0.99997988173566
"Q9CR09",-0.333820370638501,0.56918920609067,0.99997988173566
"P24270",0.129033894514129,0.89331104553058,0.99997988173566
"P62270",0.969666375055438,0.551176607530114,0.99997988173566
"P59999",-0.436988651076796,0.53037811104189,0.99997988173566
"P63280",-0.341516305318977,0.577528972604311,0.99997988173566
"P50543",-0.331160663336258,0.631768811120932,0.99997988173566
"Q9CQE1",-0.136411025578154,0.896736827465448,0.99997988173566
"Q9D358",0.118426555488202,0.84163587873681,0.99997988173566
"Q8BFS6",0.732702542591609,0.381502905419041,0.99997988173566
"Q3UEB3",-0.149276870222072,0.862498703809591,0.99997988173566
"Q9CQ45",1.84864243136414,0.219222283905247,0.99997988173566
"Q99KR7",-1.97550599077582,0.0327864566937799,0.99997988173566
"Q8BGS2",0.0460817562456862,0.957254644052466,0.99997988173566
"P56380",1.80857800313276,0.269610526074078,0.99997988173566
"Q62189",0.469492946409288,0.44378706058849,0.99997988173566
"Q9DB29",-0.442468133638408,0.561735144122989,0.99997988173566
"P62889",-0.211408494361353,0.830119984129835,0.99997988173566
"P26350",0.608461896524221,0.373806510898568,0.99997988173566
"P70202",0.417144128629056,0.480551344520425,0.99997988173566
"P32067",-0.199053850002417,0.778537250508257,0.99997988173566
"Q8VCA8",1.02926806510002,0.34218930486033,0.99997988173566
"P59024",0.349040585232702,0.562491450446971,0.99997988173566
"Q8BGB7",-0.379291585068173,0.570330969451635,0.99997988173566
"Q9D6N1",0.282318965530268,0.64357919093866,0.99997988173566
"P60670",0.335537306295008,0.627380392512475,0.99997988173566
"Q99KP3",0.786760452386772,0.398850227623881,0.99997988173566
"Q8BGD9",1.74567909010179,0.0831994682579349,0.99997988173566
"P56391",0.333677227155372,0.672664439667548,0.99997988173566
"Q8VCR7",-4.5763992010988,0.0020357261800598,0.892801304919811
"Q8VBV7",1.28037801967022,0.306602841574102,0.99997988173566
"Q03265",0.0104707748938073,0.990214185855128,0.99997988173566
"P11930",0.90041267936966,0.356302614621991,0.99997988173566
"Q3UGR5",0.506956386832282,0.431439701907743,0.99997988173566
"O35295",0.0100805074854917,0.988043466612141,0.99997988173566
"P42669",0.625893705148011,0.497933170958329,0.99997988173566
"Q71RI9",2.00315925545609,0.228102643246892,0.99997988173566
"Q99LG2",-0.652644723495475,0.732132154398782,0.99997988173566
"Q9CQI7",1.07171042779944,0.384880591879979,0.99997988173566
"Q3ULJ0",1.79693540266817,0.0993931338602938,0.99997988173566
"O35969",-0.501297310929674,0.440300842282533,0.99997988173566
"Q9DA79",-0.742226193726605,0.822726223406417,0.99997988173566
"Q9CZU3",-0.097133225021639,0.957800259114236,0.99997988173566
"Q9DBT5",-0.422582158925519,0.7720577178378,0.99997988173566
"Q9JLV5",-0.056533115723176,0.983958988214438,0.99997988173566
"Q3UHX2",3.15183190281918,0.0136676563285926,0.99997988173566
"Q8K2V1",1.2839078564659,0.583958751468677,0.99997988173566
"P39061",-2.03133835931105,0.0914517437721951,0.99997988173566
"Q99KJ8",1.38155955269784,0.376578820873013,0.99997988173566
"O35900",-1.07937544771099,0.672767103696797,0.99997988173566
"P50429",0.940637357241555,0.316866345482654,0.99997988173566
"P27661",2.18614230096787,0.350038837161187,0.99997988173566
"Q9ER10",0.0521504285662536,0.985806084243981,0.99997988173566
"P33434",-0.341275313922525,0.838229790330824,0.99997988173566
"Q8QZR4",0.365657765612173,0.633125580325305,0.99997988173566
"P06869",-0.465530664523586,0.900703865492693,0.99997988173566
"P28798",-0.429019422326641,0.750084585610483,0.99997988173566
"Q07235",3.23708607413762,0.156159157635091,0.99997988173566
"P01887",-0.185861533307974,0.758850782277709,0.99997988173566
"P20060",0.865656638726762,0.609053990674409,0.99997988173566
"Q00993",-0.219381389997491,0.763482287782565,0.99997988173566
"Q61810",-0.0274014677092657,0.962355326825291,0.99997988173566
"O35188",0.32047261909892,0.586237666237089,0.99997988173566
"Q07079",0.301023746174463,0.648935638643577,0.99997988173566
"Q8BHN0",-1.19262506712624,0.264671222875391,0.99997988173566
"P13595",0.110778528956264,0.952842923425608,0.99997988173566
"Q9DAN8",0.501332714580705,0.633632522927105,0.99997988173566
"Q3UHN9",-0.42803894905211,0.563758220034276,0.99997988173566
"P82198",0.575912931531187,0.728747900248041,0.99997988173566
"P63037",1.15159166923477,0.128078907069854,0.99997988173566
"Q9CR51",0.643429268019471,0.4540474299582,0.99997988173566
"P63001;P60764",-0.842396292137496,0.496989864006715,0.99997988173566
"Q8R1F1",0.206646386755795,0.783479751472391,0.99997988173566
"Q8BVQ5",0.0766454186915742,0.917249741838303,0.99997988173566
"Q9DB05",1.46976892586682,0.088968065453097,0.99997988173566
"O70318",2.75885072318339,0.0351560280103214,0.99997988173566
"O70492",0.2130459105724,0.711361813303865,0.99997988173566
"Q9EQX4",2.87765213207583,0.0210363981385378,0.99997988173566
"P54823",0.519615355935018,0.433062914935412,0.99997988173566
"Q8K310",1.92679626648812,0.0298918207712498,0.99997988173566
"P62264",1.99455864031557,0.352718646222033,0.99997988173566
"P16110",1.46093501245337,0.120283246613941,0.99997988173566
"Q8BY87",3.21147413184964,0.174222842275919,0.99997988173566
"Q8BFY9",-0.174496153583937,0.781991099720327,0.99997988173566
"Q8BG95",1.54135761837809,0.0578739167680533,0.99997988173566
"Q99JI6;P62835",-1.80166594972822,0.0309360086401881,0.99997988173566
"Q9WUL7",-0.121667595243593,0.863585602266628,0.99997988173566
"Q9DBG9",0.256172378870933,0.755748614721882,0.99997988173566
"P48036",1.4294670210364,0.125287646511901,0.99997988173566
"P42225",-1.58170872496059,0.409451553598646,0.99997988173566
"Q8K354",0.673907178998935,0.440360431683677,0.99997988173566
"Q9DCH4",3.38361332441783,0.145278355148223,0.99997988173566
"Q9CQW1",-0.787489336772677,0.237590157294272,0.99997988173566
"Q9CX56",0.245408576320142,0.761201383418424,0.99997988173566
"Q9QZQ8",0.00744327932297044,0.994092586115308,0.99997988173566
"O88685",0.861051917583249,0.203975623240355,0.99997988173566
"Q9CQJ6",-0.538609321730165,0.515287105690699,0.99997988173566
"Q8VEB4",3.16504697980953,0.102429740808372,0.99997988173566
"Q9CQE8",1.14150304992228,0.417681390473875,0.99997988173566
"P48758",0.0149120276923766,0.984821625687801,0.99997988173566
"Q8BP40",0.760644648120753,0.254936120705005,0.99997988173566
"Q8VCT3",0.730693553189871,0.724911505120299,0.99997988173566
"P63168",0.0956839948505625,0.941441139567986,0.99997988173566
"Q8BI84",1.31656675124736,0.389431138722397,0.99997988173566
"Q9Z1B5",-1.62972189648998,0.0574472493602979,0.99997988173566
"Q9EQS3",0.0500968037362175,0.970204696184513,0.99997988173566
"Q9DCT5",0.731024062405018,0.312263208195076,0.99997988173566
"P47941",0.587682063605673,0.564687800159061,0.99997988173566
"P11031",0.111764161598559,0.87582738552521,0.99997988173566
"Q9DBP5",-0.206634721797818,0.728822362017131,0.99997988173566
"P54726",2.36963949662365,0.183683297699403,0.99997988173566
"P52503",0.446394048179377,0.739065228177021,0.99997988173566
"P47738",-0.128964688974628,0.851435856364916,0.99997988173566
"P28656",0.459993446747098,0.696474549310886,0.99997988173566
"Q78ZA7",3.53016834259,0.120842715731863,0.99997988173566
"Q8BQ47",0.360527071408572,0.569595314529705,0.99997988173566
"P62814",-1.45492647488782,0.314287781424063,0.99997988173566
"Q6NZJ6",1.05303775210731,0.222939899741439,0.99997988173566
"Q9QXA5",1.2796677570514,0.358116927299555,0.99997988173566
"P49442",-0.0570709866762573,0.930780849760788,0.99997988173566
"P62488",0.445624679391981,0.506894904708097,0.99997988173566
"Q03958",-0.360120597065954,0.632451594443137,0.99997988173566
"O35344",0.651924152548206,0.473800774755144,0.99997988173566
"Q9D8S9",-1.00724667763368,0.400773807423179,0.99997988173566
"Q9WU28",1.20238558778647,0.250350541448229,0.99997988173566
"Q9JI46",0.577259035046513,0.438138156776091,0.99997988173566
"Q9CR68",1.31331277156573,0.289693244295535,0.99997988173566
"Q9D6Y7",0.42726131699285,0.47775144093188,0.99997988173566
"Q4VAA2",0.489833390430288,0.56261726003235,0.99997988173566
"P61759",0.380939950944479,0.519835765769501,0.99997988173566
"P60867",2.19041625871668,0.321614710139742,0.99997988173566
"Q9WUP7",1.02244974516052,0.495792651586168,0.99997988173566
"Q8BPG6",2.44155651416025,0.0632460312740373,0.99997988173566
"P70665",0.840753344135162,0.28992947861684,0.99997988173566
"P63276",1.24978522994276,0.236024824441352,0.99997988173566
"P35585",1.15392494434761,0.196344847062848,0.99997988173566
"P62082",0.274874307459404,0.788222220825384,0.99997988173566
"Q8BJW6",0.435744234321823,0.72735300862363,0.99997988173566
"P35564",-1.50562448419299,0.127847100027329,0.99997988173566
"P31230",0.148395362445652,0.905652283993278,0.99997988173566
"Q9CXW4",-0.457543471640605,0.562678117611281,0.99997988173566
"Q9QZ23",1.44386879415734,0.114183761269439,0.99997988173566
"Q9D0M5",-0.179771744231474,0.7996946804545,0.99997988173566
"Q91YP3",3.65589346762116,0.0351671404333577,0.99997988173566
"Q9CR86",1.12652254639371,0.158136993175045,0.99997988173566
"Q8VDQ1",-0.0571473297956095,0.947535786419011,0.99997988173566
"P13707",1.62201207781498,0.0752404247316854,0.99997988173566
"Q6P3D0",1.16874436066901,0.377614999614944,0.99997988173566
"Q6P069",0.713524677242342,0.280001953358406,0.99997988173566
"Q9D1J3",-0.320707681805324,0.647794550069753,0.99997988173566
"Q6NSR8",0.428323362734121,0.613802019133396,0.99997988173566
"P23198",-0.467315464902433,0.63008368567849,0.99997988173566
"Q91WK1",0.490434524604708,0.452543334027832,0.99997988173566
"Q6IRU5",-0.379935890315217,0.52285594364523,0.99997988173566
"Q505B7",-0.506186210967231,0.479727148242902,0.99997988173566
"P56375",0.42967357263538,0.629078513379109,0.99997988173566
"Q920B9",1.73807088909116,0.253972353467864,0.99997988173566
"P55821",-0.826405153463573,0.22736707242759,0.99997988173566
"Q922V4",0.603847323585832,0.384824765666158,0.99997988173566
"Q9CQR2",-1.12628745800784,0.363631915966599,0.99997988173566
"P56395",0.922520892842764,0.402678497209537,0.99997988173566
"P52760",0.120926958223328,0.84496479197328,0.99997988173566
"Q9CYW4",0.264534272682576,0.788343229650294,0.99997988173566
"P27048;P63163",0.750457759858975,0.234795002844284,0.99997988173566
"Q8C0C7",0.361554806837801,0.724319377152654,0.99997988173566
"P17897",1.44101658981264,0.128034474585774,0.99997988173566
"P21619",-0.160591880922022,0.915937850191159,0.99997988173566
"Q3TC72",-0.0655820223304699,0.966487718234457,0.99997988173566
"Q3URD3",-0.637203172950605,0.763259494399619,0.99997988173566
"Q8R326",-0.391858555299619,0.730844909247374,0.99997988173566
"Q91YP2",0.0612491677281224,0.934884927261065,0.99997988173566
"Q9JL35",2.0186010408384,0.0828326091418585,0.99997988173566
"Q9QXV0",-0.348432195810838,0.708797570245522,0.99997988173566
"Q3SXD3",1.63589684031808,0.199123515072978,0.99997988173566
"P97930",-2.60017531162893,0.199115502426275,0.99997988173566
"Q9CXT8",1.65892371972081,0.368415899894348,0.99997988173566
"O88967",-0.458041077841642,0.846359824394524,0.99997988173566
"Q99JF5",0.98662078648736,0.680633076240288,0.99997988173566
"O70325;Q91XR9",0.476740652476107,0.791616865564782,0.99997988173566
"P17095",1.79329651757409,0.189926350344164,0.99997988173566
"Q8R3B1",0.963806052218734,0.471699018582718,0.99997988173566
"Q91Z31",0.980626891216739,0.758870293276987,0.99997988173566
"P60898",1.31542330657892,0.241371791269052,0.99997988173566
"Q99MD6",0.449623213348038,0.704254630527592,0.99997988173566
"Q9D868",-0.920578774855905,0.51044596961434,0.99997988173566
"O08756",0.0143080721112611,0.984945075800887,0.99997988173566
"P99028",1.45555312139361,0.452195028038256,0.99997988173566
"P97450",0.251709555796954,0.901856403451543,0.99997988173566
"O09010",-0.135245872425494,0.828224489022477,0.99997988173566
"Q61468",-0.320975126876129,0.914462252362862,0.99997988173566
"Q9QXC1",-0.0239576865209634,0.978733156382005,0.99997988173566
"P10148",-1.35740814921856,0.0868717952090097,0.99997988173566
"P47879",-0.0759378778353455,0.967614531895164,0.99997988173566
"Q8BX35",0.286694549940235,0.636129007156568,0.99997988173566
"Q99KR8",0.84322552080757,0.191671046001143,0.99997988173566
"Q9R1Q9",0.224538834412118,0.728530369261904,0.99997988173566
"O70340",1.02788111188549,0.705448770197919,0.99997988173566
"O35988",-0.089654014424627,0.905151756949776,0.99997988173566
"Q03401",0.369993522779893,0.901985293250305,0.99997988173566
"P04202",-1.48306937289425,0.0959752734943249,0.99997988173566
"Q91V88",2.85237600528537,0.0104844976190461,0.99997988173566
"Q7TMR0",-0.903163317642406,0.312414815160118,0.99997988173566
"P70428",4.63699040945511,0.0725486188333803,0.99997988173566
"Q6GU68",-0.422399981881366,0.550627219311172,0.99997988173566
"P15535",0.596414081385862,0.448367151545592,0.99997988173566
"P11214",0.715999780019875,0.750691752758908,0.99997988173566
"Q8VE43",0.698087752629518,0.304113938489954,0.99997988173566
"Q62059",2.01776790113834,0.403124038767785,0.99997988173566
"Q91XA2",-0.661978250077188,0.292667389327856,0.99997988173566
"Q9EPK6",0.183671823309499,0.754868675083098,0.99997988173566
"Q80VJ3",0.346032462372792,0.637268600375594,0.99997988173566
"Q9D6R2",1.54243573864097,0.438714037164305,0.99997988173566
"Q9DCD6",-0.492787444761982,0.49375302393448,0.99997988173566
"Q78PG9",-0.243407034344558,0.738906836922839,0.99997988173566
"Q8R2G4",0.0238618099185284,0.984684633822493,0.99997988173566
"Q9QUI0;Q62159",-0.155789449997059,0.912924964500139,0.99997988173566
"P28658",0.52101460053649,0.605307865060116,0.99997988173566
"Q9CQC6",3.11069446399012,0.233766997964617,0.99997988173566
"Q6PGB6",0.779518181266713,0.339444429965312,0.99997988173566
"O89112",1.30321438388616,0.132839445769928,0.99997988173566
"P60766",-0.259816567551686,0.775151408608219,0.99997988173566
"Q8VE62",1.08905531038148,0.473916261950462,0.99997988173566
"Q80UG5",1.02997370010517,0.457344817504959,0.99997988173566
"Q9JLT4",1.52441024730686,0.0693296612876192,0.99997988173566
"Q9DBZ5",0.478669840984422,0.538080276518539,0.99997988173566
"P23780",2.14841768141284,0.0626962208141974,0.99997988173566
"Q9R0E1",0.78076552493813,0.363355054987774,0.99997988173566
"O55057",2.84780155699115,0.0113386889678103,0.99997988173566
"Q9D7X3",0.54561733490622,0.420163899137075,0.99997988173566
"P63073",0.997737972127976,0.315280338104185,0.99997988173566
"Q9JHJ0",0.69774717009207,0.40297268598015,0.99997988173566
"Q9JHI5",-1.43160474095291,0.0860470085097985,0.99997988173566
"Q9R0N0",1.63596245645935,0.111920246906705,0.99997988173566
"Q9CYZ2",-0.817224493264547,0.494113924503409,0.99997988173566
"Q9WUM3",-0.344343707402784,0.704872164947193,0.99997988173566
"Q9WU84",0.653297900151183,0.419730642888114,0.99997988173566
"Q99P72",0.173441390686424,0.804794456433543,0.99997988173566
"Q9D6Y9",0.417431870094796,0.55133838141092,0.99997988173566
"P97346",1.85011398708959,0.0465137203236777,0.99997988173566
"Q9QYJ0",1.86239784343813,0.15942547221208,0.99997988173566
"Q9DBB8",1.19946112825764,0.177696405300241,0.99997988173566
"P35279;P61294",-0.227385649756255,0.710784597828472,0.99997988173566
"Q9D0B6",-0.502201032294539,0.411904026467558,0.99997988173566
"Q91VH6",3.94052607144644,0.0023034089394216,0.892801304919811
"P26638",0.473172680194469,0.500533062400694,0.99997988173566
"Q64105",0.223542697793319,0.733193086978425,0.99997988173566
"D3Z4S3",-0.565554465180688,0.400950698700812,0.99997988173566
"P24452",-0.0960201536573725,0.930341695087163,0.99997988173566
"Q9EPQ7",0.459095393374716,0.586393101598635,0.99997988173566
"O88587",0.406863198898851,0.519362975973873,0.99997988173566
"Q9JMG1",0.720782669798381,0.456856834487369,0.99997988173566
"Q99K41",0.435286619708502,0.73371847800411,0.99997988173566
"P42208",0.525665395925528,0.544280588831283,0.99997988173566
"Q91WK2",1.39167451957303,0.355849245379514,0.99997988173566
"Q99JT9",-1.56313259371009,0.198339978672257,0.99997988173566
"Q9CQM5",-1.94233726554818,0.0788773799619829,0.99997988173566
"Q9R059",0.511360229406603,0.449442043238007,0.99997988173566
"Q8BH58",-0.404117467699572,0.699187480549863,0.99997988173566
"Q62048",2.17488916805172,0.0808218811133518,0.99997988173566
"Q78JW9",-0.0955343327186545,0.902434482462832,0.99997988173566
"Q9D7M8",3.2652777351501,0.0955764238076587,0.99997988173566
"P61600",0.361034834722074,0.77298379962481,0.99997988173566
"Q8R081",0.601131255802225,0.346499632795244,0.99997988173566
"Q9CQR6",0.594218105735557,0.404201520040807,0.99997988173566
"P46656",0.0713107742953776,0.933373858921949,0.99997988173566
"O08547",-0.738051687129547,0.318070735580589,0.99997988173566
"Q91VW3",-0.683630694868857,0.27492814739157,0.99997988173566
"P16254",1.20191414075075,0.183398501834659,0.99997988173566
"Q8BGC4",2.33997993897214,0.022909330280289,0.99997988173566
"P62313",-1.22103266367005,0.203669003182439,0.99997988173566
"Q9CPT4",0.3066278511878,0.766696151016688,0.99997988173566
"Q9Z0P5",1.66787638791676,0.26492031764702,0.99997988173566
"P62077",1.61171416558389,0.0811208100275558,0.99997988173566
"Q8QZY1",0.533695312805214,0.512578867071369,0.99997988173566
"P49962",0.405809422615425,0.600723414361274,0.99997988173566
"Q9R0Q6",1.40567807759192,0.361648095007813,0.99997988173566
"Q99J09",0.386570423603291,0.58065402768977,0.99997988173566
"Q91VA6",1.60275627636047,0.250726867858883,0.99997988173566
"O54754",0.634975693821348,0.62643917314882,0.99997988173566
"O35955",-1.12292871529171,0.338289938926945,0.99997988173566
"O88456",0.161180646126748,0.853926339029166,0.99997988173566
"P62878",-0.140146971281143,0.826043694465445,0.99997988173566
"Q61838",2.44879327086761,0.237996631448827,0.99997988173566
"P61290",-0.58022917522061,0.428982428932952,0.99997988173566
"Q8C8T8",0.0614500060254694,0.923703600445296,0.99997988173566
"P04117",-0.779167662146244,0.545450075596333,0.99997988173566
"Q8R0F8",1.94352043304627,0.191002627329344,0.99997988173566
"P61957",0.7595574043184,0.372605524570568,0.99997988173566
"Q9D1D4",-0.385196979092417,0.761065196056139,0.99997988173566
"P08207",-0.511576120966058,0.425192458233212,0.99997988173566
"O88545",0.950733504714158,0.167921451614191,0.99997988173566
"Q9D6H2",0.549001856409051,0.572487163960661,0.99997988173566
"Q6ZWM4",-0.93752629124813,0.408985112219726,0.99997988173566
"Q9Z1D1",0.0481444786140298,0.937951661695786,0.99997988173566
"Q91ZW2",2.68402422542267,0.25620982869413,0.99997988173566
"Q9Z2V5",0.384198104742353,0.583496989135174,0.99997988173566
"Q91X96",1.40550735304934,0.205434409983448,0.99997988173566
"Q9D898",-0.278196053260807,0.771309749045972,0.99997988173566
"Q9CQP3",-0.142190234499241,0.853441952688649,0.99997988173566
"Q9D7I5",-0.590024930829072,0.525370761591162,0.99997988173566
"O70133",-0.0914796116842292,0.907134427022522,0.99997988173566
"Q8JZM7",-0.58925670666013,0.481752760059461,0.99997988173566
"Q9EPB4",0.0472302032119244,0.970388197926131,0.99997988173566
"Q9D1L0",0.549472348011401,0.511801251066299,0.99997988173566
"Q9WVA2",-0.0225913797498278,0.97229033668773,0.99997988173566
"Q9JMG7",2.38492006230818,0.246441180563268,0.99997988173566
"P62858",-1.60893859779107,0.112979441323378,0.99997988173566
"P84104",-0.0356343404220706,0.972886339686411,0.99997988173566
"Q6PDG5",0.505883710903271,0.54441228673935,0.99997988173566
"P01942",0.445839052891498,0.588117750840697,0.99997988173566
"Q9D8X1",-0.445636974396515,0.553507791435828,0.99997988173566
"P62320",0.741814524696945,0.281641242142366,0.99997988173566
"P01193",0.397405230621409,0.628123598213507,0.99997988173566
"Q62093",0.00158808711974361,0.997876969587215,0.99997988173566
"P62309",-1.43565332250308,0.271056506560535,0.99997988173566
"P01902",0.373364559283052,0.554313060738114,0.99997988173566
"P11352",-0.321061412607863,0.693647941108603,0.99997988173566
"P30999",-0.203623640929937,0.747365004567574,0.99997988173566
"P49443",-2.856413860335,0.00912119933394434,0.99997988173566
"P61967",-1.589649449028,0.263234649334247,0.99997988173566
"Q03173",1.31675218124599,0.345151633779382,0.99997988173566
"Q3TIV5",-3.47985929615709,0.109040371949867,0.99997988173566
"Q571I9",-1.08584254949374,0.389851794270504,0.99997988173566
"Q61545",-0.375997294469759,0.745190908185111,0.99997988173566
"Q64345",-0.205993952255788,0.911645546987408,0.99997988173566
"Q6P8X1",-0.651126787996872,0.434349145388086,0.99997988173566
"Q99K70;Q7TT45",0.933709553333383,0.549108021688636,0.99997988173566
"Q8BH69",-1.51737244506524,0.0841974704771153,0.99997988173566
"Q8K2C9",0.128103011846272,0.942282825453587,0.99997988173566
"Q99PL5",-0.593652469158333,0.520116327562536,0.99997988173566
"Q9CR81",0.141592241307795,0.920419283702005,0.99997988173566
"Q9CY52",0.285803783622083,0.687682253159293,0.99997988173566
"Q9CZL5",-1.63370174463332,0.519625776742034,0.99997988173566
"Q9D7G0",0.459781084958368,0.703037299782745,0.99997988173566
"Q9DAU1",-0.875010036758488,0.459426783553571,0.99997988173566
"Q9DB16",0.152315526427514,0.948132341856034,0.99997988173566
"Q9ER00",0.529573886193802,0.635316978945838,0.99997988173566
"Q9R0D8",-0.592281341328585,0.853002625720191,0.99997988173566
"Q8BJD1",-1.41387171150843,0.545550716151618,0.99997988173566
"P97300",0.469024460020611,0.699137157514117,0.99997988173566
"Q61592",3.6918202845473,0.0490294234506218,0.99997988173566
"Q8BPA8",1.00015087883902,0.501281335306151,0.99997988173566
"Q64520",-1.01263033488097,0.303449343205956,0.99997988173566
"Q8R1G2",0.273926297079744,0.900628283955037,0.99997988173566
"P15105",-0.195359294789255,0.828708586361983,0.99997988173566
"Q9ET26",1.83902944372357,0.171511535494476,0.99997988173566
"Q9CPT3",0.77749861007138,0.434562102566282,0.99997988173566
"Q8BU85",2.76655786360369,0.175855979100903,0.99997988173566
"Q9D6L8",-0.683190473159528,0.743589414605058,0.99997988173566
"Q61845",1.00277845520955,0.487275770888251,0.99997988173566
"Q9CQE6",3.06775521297666,0.0195017501086666,0.99997988173566
"Q99MR6",-2.54961944770121,0.158615816436077,0.99997988173566
"Q9D385",-1.19634253199485,0.49656428128671,0.99997988173566
"Q8R5M8",-0.269750310779061,0.798751618642501,0.99997988173566
"Q9QZH3",-0.108340059353449,0.950332406114006,0.99997988173566
"Q9ERR7",0.426957875016601,0.748035819770992,0.99997988173566
"Q3V4B5",0.393812649823629,0.545191743491702,0.99997988173566
"Q8BYA0",0.208543525922547,0.810893977318289,0.99997988173566
"Q9R0P4",0.128528290794931,0.95001522113122,0.99997988173566
"Q3B7Z2",0.899757326693875,0.36442135619315,0.99997988173566
"Q5SW19",-0.455173520115477,0.784480856756184,0.99997988173566
"P07742",0.856487281611809,0.642575995921521,0.99997988173566
"Q60876",-0.531343334062884,0.577038163113544,0.99997988173566
"Q921H9",0.370659870947618,0.823869021391458,0.99997988173566
"Q9JJ94",-0.344445767980738,0.792450242933636,0.99997988173566
"P61164;Q8R5C5",-0.986950379943118,0.179454770828496,0.99997988173566
"P60487",0.677901243450002,0.526475122871039,0.99997988173566
"P62073",-0.124883334222581,0.933629764434984,0.99997988173566
"Q9DCB8",1.40353656787824,0.356456887707807,0.99997988173566
"Q6PAV2",0.778630261431403,0.71349301407991,0.99997988173566
"Q91WM2",-2.68188661916437,0.165534193469046,0.99997988173566
"Q80Y81",1.66707803204795,0.339854035860997,0.99997988173566
"Q9DAS9",-1.26943638097027,0.181202928034745,0.99997988173566
"Q61133",0.0458101893538263,0.944521381098418,0.99997988173566
"P03958",-0.317248099003502,0.736714173557304,0.99997988173566
"Q3THW5;P0C0S6",-1.37454957561448,0.563943729720447,0.99997988173566
"Q9DD18",-1.4414132183501,0.432312683871699,0.99997988173566
"Q3TMH2",2.72210065604963,0.106660677079441,0.99997988173566
"Q9Z0H6",1.50725396450898,0.193720532728934,0.99997988173566
"P09056",-1.4991255748924,0.411752772036721,0.99997988173566
"Q99KG5",0.160421541526417,0.919728379511867,0.99997988173566
"O09114",-0.880973789250014,0.466447277828479,0.99997988173566
"P49935",-1.15388749245245,0.617128051215443,0.99997988173566
"P47931",0.747962657347287,0.779979587840163,0.99997988173566
"O88593",0.265466437545225,0.931264489171189,0.99997988173566
"P04186",0.116199205273552,0.978166032162645,0.99997988173566
"O54775",0.556198846268115,0.52785700358466,0.99997988173566
"Q00731",0.0874307084288096,0.885095405243477,0.99997988173566
"Q8R2G6",1.18908038368764,0.667333903052598,0.99997988173566
"Q8BSU2",-0.452114038103329,0.764721771619087,0.99997988173566
"Q9JHE3",0.908550766840408,0.35819188361351,0.99997988173566
"Q8CD91",0.137440430998638,0.885163986966153,0.99997988173566
"P97873",0.2577131252457,0.881428193788007,0.99997988173566
"O35657",1.29888559333636,0.0934751249658502,0.99997988173566
"P19788",0.562756964926096,0.469362625248902,0.99997988173566
"Q9WTZ2",1.20163879389586,0.231897464745103,0.99997988173566
"Q8BK62",2.64167886117143,0.406828300789129,0.99997988173566
"Q64685",0.629431307893372,0.700896919072996,0.99997988173566
"Q8BM72",-0.298917952511342,0.63145591867698,0.99997988173566
"P26618",0.527941054023372,0.48859265441134,0.99997988173566
"P97401",4.40696034091485,0.0083297379773555,0.99997988173566
"P45700",0.399112035302403,0.830117328172999,0.99997988173566
"O54990",0.190557228012295,0.961276698680465,0.99997988173566
"A2AX52",-0.778752497410693,0.610416348400724,0.99997988173566
"Q9Z1G3",1.41203682577836,0.0789156176501665,0.99997988173566
"Q6PHU5",1.75603859695211,0.0353159488255038,0.99997988173566
"Q9Z0Z4",-1.44415315810252,0.0838600065884303,0.99997988173566
"Q05909",0.503061087166975,0.488902678464161,0.99997988173566
"Q9CXU9;P48024",0.0804581743240599,0.933257443432372,0.99997988173566
"Q99KN2",2.08534359709878,0.0728287747469687,0.99997988173566
"Q9DB34",1.76434459815849,0.10352620534935,0.99997988173566
"P09055",0.835588083522835,0.730058835724371,0.99997988173566
"O55091",0.81157602983683,0.269608110461156,0.99997988173566
"P85094",2.40698215366423,0.0211569153083575,0.99997988173566
"Q9EPV8",2.28697195260364,0.0309048421405467,0.99997988173566
"P17439",-1.10024521694991,0.147290952574523,0.99997988173566
"P61750",0.977649663315862,0.243879266961115,0.99997988173566
"P51150",-0.385232286280852,0.556309849871172,0.99997988173566
"Q8BH95",3.24093127785468,0.0741667525885366,0.99997988173566
"Q6ZWZ2",-0.139194037934633,0.905157157127684,0.99997988173566
"Q6ZWU9;Q6ZWY3",-0.301469040793658,0.784877523149027,0.99997988173566
"Q9ES30",-0.32230539882356,0.606790581101048,0.99997988173566
"Q9QYG0",-0.135672735600738,0.891109627543077,0.99997988173566
"Q9WTL7",0.718338852946599,0.365110634887769,0.99997988173566
"P62748;P84075",-0.594760470875052,0.375529226324249,0.99997988173566
"P59325",2.0457329873471,0.174750385225059,0.99997988173566
"O35343",-0.258987738293033,0.693453362501179,0.99997988173566
"Q3TYX3",3.97006354051302,0.108488697141881,0.99997988173566
"P02798",0.261343387156288,0.715826028827348,0.99997988173566
"Q7TMB8;Q5SQX6",2.71301738037008,0.035039798242991,0.99997988173566
"O70310",-0.240597619152841,0.801173450034044,0.99997988173566
"P35278",-1.39950203103013,0.0752285079582761,0.99997988173566
"P54071",0.77339450875136,0.695149635459241,0.99997988173566
"P84091",4.00990088341977,0.0579733180036031,0.99997988173566
"P28667",1.65153767907051,0.165575807711463,0.99997988173566
"P70677",1.0341917334753,0.138312531732534,0.99997988173566
"Q9Z172",0.0791320498080025,0.911514302293348,0.99997988173566
"P11438",1.00734632544989,0.219806632229895,0.99997988173566
"Q6P1F6",-0.14537148848705,0.80998731545642,0.99997988173566
"Q9Z130",1.84148075972733,0.188396269185543,0.99997988173566
"P62192",0.437701145193955,0.460218530060107,0.99997988173566
"P35980",1.51689851740322,0.118462451391404,0.99997988173566
"P62254",1.14651041262292,0.295772306737348,0.99997988173566
"Q8BWR2",-0.170878524572089,0.869556919698135,0.99997988173566
"Q9EST4",0.570222703549137,0.538503782055436,0.99997988173566
"P61924",-0.736643943170351,0.319014176607629,0.99997988173566
"Q62376",-0.139972125830553,0.901311319065243,0.99997988173566
"O55060",0.214575204331849,0.736542568816494,0.99997988173566
"Q9D0T1",-0.175176569598287,0.763473188169585,0.99997988173566
"Q9CWW6",2.08757474387838,0.166464476767197,0.99997988173566
"Q9CQ89",0.755532435736165,0.585273375446113,0.99997988173566
"Q9CQT1",1.36439093557507,0.252452802331285,0.99997988173566
"Q8BY71",1.38067749683781,0.414549943147915,0.99997988173566
"P60229",1.38514276409085,0.300765123533707,0.99997988173566
"Q8BL97",-0.00380375925456036,0.99564134233417,0.99997988173566
"Q9WV85",1.45645946323497,0.084814144862515,0.99997988173566
"Q9D142",1.59678388829893,0.22861611613118,0.99997988173566
"Q62084",0.52292776800246,0.569482921080291,0.99997988173566
"O54988",1.81090725196093,0.326098859478436,0.99997988173566
"Q9JHS3",-0.386159861171809,0.732962726252985,0.99997988173566
"Q9WU63",3.11685673045258,0.156556144123641,0.99997988173566
"P62500",-1.15759149740078,0.145577769363449,0.99997988173566
"Q99K48",-0.947211126298993,0.190527817301964,0.99997988173566
"P62743",-0.540612064637462,0.391781451030201,0.99997988173566
"Q9D1K7",-0.201833084071066,0.805237232514628,0.99997988173566
"P34884",0.983673046970677,0.31310073740111,0.99997988173566
"Q8K157",0.230013863115141,0.727697115209558,0.99997988173566
"P25444",2.57464719627921,0.100933397544014,0.99997988173566
"O35658",-0.50093221785976,0.521658228165215,0.99997988173566
"Q9CQ62",1.11669561003041,0.186425084641471,0.99997988173566
"Q60865",1.57595623797973,0.225193013697169,0.99997988173566
"Q99KP6",-1.09344868385122,0.195864448542726,0.99997988173566
"P62852",1.60228958721022,0.526205200623504,0.99997988173566
"P11103",1.43105700147717,0.126220640046531,0.99997988173566
"Q3UPL0",2.07101499817417,0.162463630483321,0.99997988173566
"P56959",0.895463650304492,0.350694471899394,0.99997988173566
"P61458",1.63277773907446,0.078438034647465,0.99997988173566
"Q9D2G2",1.0507665802063,0.144101499454461,0.99997988173566
"P62311",0.192211584412445,0.859127267512184,0.99997988173566
"Q91YJ3",-0.0699316844198635,0.919273861463281,0.99997988173566
"P83870",-0.476599507805704,0.424533508392832,0.99997988173566
"O55142",-0.249478146345248,0.840419946344083,0.99997988173566
"Q8BMK4",0.202593101322693,0.8068114362859,0.99997988173566
"Q8JZV7",0.41257152243744,0.568391230138627,0.99997988173566
"Q3UFY7",2.22635333408406,0.046802612101016,0.99997988173566
"P97822",4.37155849230137,0.201435793950203,0.99997988173566
"Q5M8N0",1.57178678461735,0.221777193243336,0.99997988173566
"P61971",-0.861764944836705,0.666466794397275,0.99997988173566
"Q61599",-1.62499898668015,0.114603825606239,0.99997988173566
"P57784",0.877378542700543,0.27177964548803,0.99997988173566
"Q99LT0",0.00214685509664861,0.997401079744383,0.99997988173566
"P62315",0.986594870451009,0.58491576311292,0.99997988173566
"Q80ZM7",2.57493062486193,0.0134804072294169,0.99997988173566
"Q8CCS6",0.665372619930058,0.340354335483722,0.99997988173566
"Q8BTY1",2.41855780056397,0.250536066957749,0.99997988173566
"P15864",0.463739384197085,0.672635352117966,0.99997988173566
"Q9D172",-0.162574608815011,0.894849630679379,0.99997988173566
"P43275",0.828328676533391,0.541976393844183,0.99997988173566
"P70694;Q91WR5;Q8K023",0.48773942486235,0.531913401575071,0.99997988173566
"Q9D3D9",0.788184092706552,0.35307627020225,0.99997988173566
"P09602",0.607692522163723,0.752164682403373,0.99997988173566
"O09107",0.654071617308989,0.721238841240383,0.99997988173566
"O35309",-1.74941921733342,0.389963585548419,0.99997988173566
"O35943",0.294576906806606,0.834115588959276,0.99997988173566
"P07758;Q00896;Q00897;P22599",-0.98331295049476,0.213361208270534,0.99997988173566
"P27641",-0.403419423897003,0.730469459918455,0.99997988173566
"P46460",0.951156452596703,0.459908986134942,0.99997988173566
"P61514",0.263119979467488,0.697828282337962,0.99997988173566
"P62305",-0.51184227597923,0.492559538479369,0.99997988173566
"P67871",-1.00095792017262,0.564827262927285,0.99997988173566
"P70444",-2.04585264548216,0.0738988809651273,0.99997988173566
"P97379",0.0321122846995139,0.983811934580347,0.99997988173566
"Q00PI9",-1.38590136665299,0.496815211023386,0.99997988173566
"Q3TGF2",-0.347165630567345,0.759761214192335,0.99997988173566
"Q3U5Q7",-1.17454871396211,0.561023732490251,0.99997988173566
"Q3UI43",2.15523692954191,0.0357329043765587,0.99997988173566
"Q4KML4",-1.46231910715153,0.102553897802651,0.99997988173566
"Q61142",-1.14297740811493,0.114482596529056,0.99997988173566
"Q61233",-0.140937986655206,0.953858448170127,0.99997988173566
"Q64487",0.0767588680945375,0.962441023818941,0.99997988173566
"Q6IE21",0.466224116541145,0.44040785089464,0.99997988173566
"Q6WVG3",2.55502217163258,0.114707942422627,0.99997988173566
"Q80UW8",1.21930371311476,0.101240143925122,0.99997988173566
"Q80W22",-1.45912308581783,0.134001940621866,0.99997988173566
"Q80Y14",0.527829877518376,0.716341456402974,0.99997988173566
"Q8BFQ8",-2.65052946165217,0.126819582930739,0.99997988173566
"Q8BTV2",-0.652996115779568,0.697733007149384,0.99997988173566
"Q8C129",0.690798732483129,0.535724107456375,0.99997988173566
"Q8K339",1.66920098304401,0.152997050290676,0.99997988173566
"Q8VDM6",-1.2987144152935,0.223813665343267,0.99997988173566
"Q8VEH6",0.35086558398777,0.8493463917154,0.99997988173566
"Q91YN9",-0.707903184909472,0.339363368730043,0.99997988173566
"Q99L45",-2.68568832573804,0.109932446283731,0.99997988173566
"Q9CQ92",1.09965417134684,0.23078527244918,0.99997988173566
"Q9CR70",0.310065743060128,0.715338175877343,0.99997988173566
"Q9CY97",-0.95573085383818,0.516525509393929,0.99997988173566
"Q9D0A3",-0.871488718563385,0.203073277176168,0.99997988173566
"Q9D1I5",1.57229603251443,0.149402205863354,0.99997988173566
"Q9D967",-0.639076191416846,0.320292978010234,0.99997988173566
"Q9ESJ0",-0.161873197160996,0.902743555760856,0.99997988173566
"Q9ESZ8",-0.188408532295823,0.805935563921357,0.99997988173566
"Q9JHS9",0.594955990539457,0.698887041576908,0.99997988173566
"Q9JKV1",-1.85892323399985,0.464470901670871,0.99997988173566
"Q9JMD3",0.763773093792251,0.730942494162207,0.99997988173566
"Q9QX60",-0.134112066391981,0.878896614304521,0.99997988173566
"Q9QZ06",0.341630669350613,0.624140647411507,0.99997988173566
"Q9WV92",-0.985070238531994,0.576018212187926,0.99997988173566
"Q9WVK4",-2.12361802062715,0.328985460681923,0.99997988173566
"Q9Z0E6",0.639708532471138,0.411838748081529,0.99997988173566
"Q9Z0H3",-0.953149341122116,0.468107357970525,0.99997988173566
"Q7TMJ8",-1.28630913668583,0.461470909243917,0.99997988173566
"O89051",-2.85407321427941,0.0475937938454979,0.99997988173566
"P23927",-2.78814711997132,0.0243352108239614,0.99997988173566
"Q8BMY7",0.00290225871469421,0.998276248103817,0.99997988173566
"Q9DCV4",-1.34686322093169,0.2721335371233,0.99997988173566
"P97355",3.65494136041231,0.0405575911712879,0.99997988173566
"Q5I012",0.639768906991668,0.761209829555731,0.99997988173566
"Q921J2",-1.95864731793219,0.185062437549791,0.99997988173566
"Q8VIN1",0.447090348717668,0.835500336350753,0.99997988173566
"Q9D5V6",1.77359375412425,0.224386068141803,0.99997988173566
"Q99JP4",-0.507048404282217,0.626298060544128,0.99997988173566
"Q3TUU5",0.75114793792527,0.667494211901515,0.99997988173566
"Q9CQ66",-0.0031123149318241,0.998653961370887,0.99997988173566
"Q9CX60",0.148912023387043,0.950555995261535,0.99997988173566
"Q9Z2X2",0.190520180602682,0.915801243072469,0.99997988173566
"Q91VR8",-1.67824468430389,0.103390743129026,0.99997988173566
"Q9CQG1",0.37759194971814,0.802256902798806,0.99997988173566
"Q91W50",-1.42176406873359,0.444817931503177,0.99997988173566
"P58242",0.113422497119353,0.897762265112354,0.99997988173566
"Q99NB9",0.0794546745503553,0.938878923849519,0.99997988173566
"Q9D289",0.638395221356657,0.698833101782239,0.99997988173566
"Q9D1K2",-1.49240760316442,0.30055159837445,0.99997988173566
"P97823",0.2996714506756,0.699265459018489,0.99997988173566
"Q80UM3",-0.190484198651577,0.88889073448162,0.99997988173566
"Q9CR39",0.0314083938316786,0.98572600740941,0.99997988173566
"Q8CG76",-1.17800848940395,0.26871919539719,0.99997988173566
"Q9JKX6",0.170554783565783,0.818691367885497,0.99997988173566
"Q8K0G5",-0.946360162031863,0.335769297282106,0.99997988173566
"Q9CQ71",1.12674519979058,0.396531279343927,0.99997988173566
"Q91VM9",0.350833067738761,0.842400582108523,0.99997988173566
"Q569Z5",-2.48715681938108,0.190608705863013,0.99997988173566
"O09174",-3.68658097986314,0.0756209285830065,0.99997988173566
"Q99JX3;Q91X51",0.807804300129887,0.558335144930367,0.99997988173566
"Q8BGD8",0.168925959551278,0.814627404067742,0.99997988173566
"O08997",-2.91022572859149,0.300839528761964,0.99997988173566
"Q80W65",-0.710485912105956,0.843074261314328,0.99997988173566
"Q03157",1.40987363738525,0.525804320250635,0.99997988173566
"Q61477",-1.22561944161609,0.146989595531422,0.99997988173566
"P21570",-0.91773269260119,0.287524693710712,0.99997988173566
"P28301",0.450387345144886,0.866303174017033,0.99997988173566
"Q8C9W3",-0.563282568251437,0.57353987502073,0.99997988173566
"Q8K135",-3.3542013569915,0.0863634008982558,0.99997988173566
"Q61072",-1.64092904625632,0.054689679833517,0.99997988173566
"Q8BME9",1.34417972433598,0.199761219396346,0.99997988173566
"Q8BNA6",1.28825717623894,0.0796365922473598,0.99997988173566
"O70258",0.128217228137363,0.82369333036543,0.99997988173566
"P21614",-1.34119258203983,0.662703621170743,0.99997988173566
"Q9DBV4",0.451755328181377,0.718942912547974,0.99997988173566
"Q9Z175",1.91629233998548,0.254806999415375,0.99997988173566
"P35456",-0.220598640457598,0.925027963948489,0.99997988173566
"O70458",0.0910129918638525,0.932615622930779,0.99997988173566
"Q03146",0.723762093909551,0.322168232557896,0.99997988173566
"Q9Z0J7",-1.41848292566363,0.613014610275888,0.99997988173566
"Q8BV57",0.898688022069785,0.713873833312484,0.99997988173566
"Q99LJ1",-1.33821637046475,0.35123422880141,0.99997988173566
"Q63870",-0.590409277581979,0.895883384821862,0.99997988173566
"P35762",1.12851886801138,0.615945863920352,0.99997988173566
"Q9JMK0",0.406187265916072,0.542738494811279,0.99997988173566
"Q8K479",-0.738348532192158,0.525974571008805,0.99997988173566
"Q9ES89",0.664752565743121,0.685083412223609,0.99997988173566
"P27106",0.265228148943538,0.788864953605203,0.99997988173566
"Q9EP52",-0.151767708949252,0.862315460770461,0.99997988173566
"Q9D975",-0.246344939243684,0.749267956659911,0.99997988173566
"P40240",2.03132665457127,0.471017483336683,0.99997988173566
"Q9JI18",0.424529059689188,0.743179771409045,0.99997988173566
"Q9EQQ9",1.07420527579692,0.195242373689931,0.99997988173566
"Q9D1C8",0.988194280081064,0.170277145073722,0.99997988173566
"Q9ET47",0.773646387388076,0.37576874950885,0.99997988173566
"P51569",-0.556212399951766,0.390707805248153,0.99997988173566
"Q8R0F3",1.0940005442579,0.159012218507113,0.99997988173566
"P35282",-0.776996081208179,0.370791993311125,0.99997988173566
"Q8R2Y2",-0.619361864166771,0.497262772098328,0.99997988173566
"P62257",2.08059907643293,0.274436237017961,0.99997988173566
"P02802",1.96466926199452,0.0712751237817848,0.99997988173566
"Q9CX00",-0.201057145657003,0.802409375918724,0.99997988173566
"P52482;Q91W82;P52483",1.28138014065741,0.263978739889295,0.99997988173566
"Q8CFI2",0.732455041314259,0.336912796766386,0.99997988173566
"P70460",1.22859762358557,0.169320133364425,0.99997988173566
"P12815",0.844861486449271,0.501712023260877,0.99997988173566
"Q62422",-0.850226206304991,0.40675260185622,0.99997988173566
"Q91V41",-0.134525930610856,0.818767988655998,0.99997988173566
"O70400",-1.56908444395973,0.350955049354232,0.99997988173566
"P82343",-1.34250340983276,0.0981917097255662,0.99997988173566
"Q91YN5",0.738632388436212,0.266424707384587,0.99997988173566
"O88952",-0.872130628981975,0.382672500318427,0.99997988173566
"Q61543",-0.443788973037043,0.464469061743156,0.99997988173566
"P62071",0.0934708017203186,0.873195989550345,0.99997988173566
"P62242",1.51291322075173,0.115079372811507,0.99997988173566
"Q9D820",-0.984541619487142,0.27383395666025,0.99997988173566
"Q8R0Y6",-0.947714581236288,0.36636173889838,0.99997988173566
"P07091",-0.406546058702495,0.755840729033555,0.99997988173566
"Q9R257",2.3511007260928,0.22092773451512,0.99997988173566
"P32921",0.184615031337239,0.79474108400863,0.99997988173566
"Q9CR41",1.16847352975476,0.273716200551336,0.99997988173566
"Q9QUH0",-1.05955189774684,0.349029545216936,0.99997988173566
"P52795",1.98599227891043,0.0687481661243162,0.99997988173566
"Q3UTJ2",-0.395219856019417,0.68610535311253,0.99997988173566
"Q8VED9",0.324200054892289,0.58741999912977,0.99997988173566
"Q9CWU9",1.29923637830495,0.421937820468093,0.99997988173566
"P67984",1.82077474131881,0.286779341294659,0.99997988173566
"Q8C1B7",-1.33084697191871,0.479001658440956,0.99997988173566
"Q9R0Y5",-0.903970726093378,0.405527203674967,0.99997988173566
"P62627",-0.305849197133134,0.643462418649701,0.99997988173566
"O70209",-0.124708335578313,0.890157898448365,0.99997988173566
"Q9CQ65",0.893467084205168,0.353798206326049,0.99997988173566
"P61358",0.882175640924208,0.647628337882791,0.99997988173566
"P83877",-0.398867213245134,0.672104334181446,0.99997988173566
"Q8K003",-0.000594384008669087,0.99926468810113,0.99997988173566
"Q3U0V1",-3.06355998517857,0.00569779266157564,0.99997988173566
"O54984",1.0721421515708,0.12746130559776,0.99997988173566
"P62301",1.00064656528211,0.361392613779516,0.99997988173566
"Q9CQ86",-0.497937428592185,0.637245661348514,0.99997988173566
"Q99JX4",0.350091039099811,0.68824811460236,0.99997988173566
"Q9D711",-0.105860965587542,0.871707599996665,0.99997988173566
"P0C7N9",-0.267422318906043,0.715904151718337,0.99997988173566
"P62702",-0.093588702503988,0.952744129987317,0.99997988173566
"Q8C460",-0.582310763597261,0.357118965540338,0.99997988173566
"Q9JK23",0.348263312553127,0.653219443865602,0.99997988173566
"Q91XC8",0.39002922745506,0.539605704752347,0.99997988173566
"P62751",0.986200689365978,0.632127763267634,0.99997988173566
"P70362",-0.157471207844337,0.845444738876612,0.99997988173566
"P00329",0.287035421897767,0.715872080043961,0.99997988173566
"P53612",1.22601965865395,0.173992996642826,0.99997988173566
"P50295",2.33133147810005,0.019519616590103,0.99997988173566
"Q05BC3",-0.21532592615899,0.85615009787312,0.99997988173566
"Q8K385",-0.118401656845125,0.842305739943166,0.99997988173566
"Q9D9A7",0.897313443175871,0.170527167914813,0.99997988173566
"Q3UL36",-4.80414485742363,0.00592094861768889,0.99997988173566
"Q91XE4",-0.591052680446034,0.363910028605002,0.99997988173566
"P18608",0.48782563454683,0.700201799284459,0.99997988173566
"Q8BV13",-0.574292509035112,0.492530582437514,0.99997988173566
"O08583;Q9JJW6",1.23997247016142,0.134679826939763,0.99997988173566
"P12787",0.686326355969405,0.3152173538315,0.99997988173566
"Q8JZL3",0.476006163753938,0.712485896103795,0.99997988173566
"Q3TWW8",-0.233303334315025,0.838953257396451,0.99997988173566
"P60824",1.72769609909877,0.333858132716352,0.99997988173566
"Q91WE2",1.89126090193053,0.314860230251729,0.99997988173566
"Q8VCX1",-0.796266549163187,0.322367316480532,0.99997988173566
"O70423",-1.00255339842655,0.270368054525513,0.99997988173566
"O08529",0.7164023397811,0.676328942362147,0.99997988173566
"O08539",-0.418579110464329,0.491145629069832,0.99997988173566
"O08912",-1.19345827161924,0.118643538803078,0.99997988173566
"O35098",1.23255749295435,0.509503856560538,0.99997988173566
"O70139",0.227866217018919,0.72354609887982,0.99997988173566
"O70274;Q63739",-1.29353067223202,0.134360729062835,0.99997988173566
"O88653",0.463006142871874,0.84733921408822,0.99997988173566
"O88712;P56546",-0.110438190103831,0.947880782167473,0.99997988173566
"O88803",1.76059408467357,0.0790336036436594,0.99997988173566
"P09535",-0.988211276118288,0.450365996725258,0.99997988173566
"P24547",-1.52583540765343,0.13427132543883,0.99997988173566
"P47963",0.193591408441572,0.772721340836703,0.99997988173566
"P51807",-0.714574902150736,0.379477845478959,0.99997988173566
"P53690",-1.50075936570532,0.349002262058945,0.99997988173566
"P55002",-1.12508341537527,0.240981592704391,0.99997988173566
"P56873",-0.0823807135267824,0.968260214308716,0.99997988173566
"P57716",0.900304479622203,0.196793122006477,0.99997988173566
"P57746",-1.77860832743616,0.301204598576024,0.99997988173566
"P62322",0.946950299535082,0.490162413954639,0.99997988173566
"P70186",0.687329935125212,0.780967504654913,0.99997988173566
"P70671",1.29669974203352,0.244478045297032,0.99997988173566
"P97310",-0.940337345931754,0.557607703209583,0.99997988173566
"P97434",1.33113924616686,0.117904482331958,0.99997988173566
"Q00724",-0.893437915725806,0.367668897065318,0.99997988173566
"Q08943",-0.219145450943602,0.842471402595533,0.99997988173566
"Q3V1L4",1.09473031856761,0.713830142793733,0.99997988173566
"Q4QY64",1.41709244965108,0.135044477007318,0.99997988173566
"Q5U5V2",1.37099682394989,0.318046181761064,0.99997988173566
"Q61753",-1.56406122675255,0.15842723803278,0.99997988173566
"Q63810",0.494618038779444,0.615757119176299,0.99997988173566
"Q64327",0.223270518635646,0.797010769868425,0.99997988173566
"Q6P9R2",-0.125353397536698,0.847348517370243,0.99997988173566
"Q6PEB6",-2.0314412635715,0.024195193986412,0.99997988173566
"Q78JE5",0.62786877865667,0.491130158001174,0.99997988173566
"Q80VJ2",-0.0699048434312476,0.967075259095142,0.99997988173566
"Q80WB5",0.737277291514094,0.352371360262942,0.99997988173566
"Q8BG73",-1.09491157477236,0.518010211241787,0.99997988173566
"Q8BG94",0.265373934795319,0.737909469822231,0.99997988173566
"Q8BHL8",0.481113690652386,0.469957001420329,0.99997988173566
"Q8BRH0",1.27516292506938,0.1726039184546,0.99997988173566
"Q8BWP8",-0.459425897322659,0.570911100896109,0.99997988173566
"Q8C351",-0.871178176062625,0.344688530708084,0.99997988173566
"Q8CDG1",-1.74802296794196,0.100493511954051,0.99997988173566
"Q8CFI0",1.83952100908862,0.165650886777927,0.99997988173566
"Q8CI32",-0.837144453344921,0.657282428663586,0.99997988173566
"Q8K0C9",0.210457945934812,0.724080177089835,0.99997988173566
"Q8K2I1",-1.43646217950015,0.376260839523406,0.99997988173566
"Q8K2Q5",-0.499346651028661,0.477127938647098,0.99997988173566
"Q8QZY9",0.172294023957283,0.926787611133122,0.99997988173566
"Q8R1B4",0.77776147691949,0.692681856648326,0.99997988173566
"Q8R526",-0.383768402027335,0.553962831056673,0.99997988173566
"Q8VC60",1.11433766655376,0.219500691234572,0.99997988173566
"Q8VE70",-0.855484641345721,0.469985544678001,0.99997988173566
"Q8VHC3",-0.370144634990538,0.715643998298205,0.99997988173566
"Q8VHN8",-3.65173779869549,0.0118060319906191,0.99997988173566
"Q8VI64",-2.69850071627806,0.230009848361252,0.99997988173566
"Q91W39",-1.04710496599379,0.304239037572441,0.99997988173566
"Q91WG0",2.19905853916125,0.359861333760749,0.99997988173566
"Q91WU5",-1.86970002924219,0.38207753502162,0.99997988173566
"Q91WV0",1.24705262850095,0.0992123667061091,0.99997988173566
"Q91ZI0",-1.8462275945935,0.398278630174982,0.99997988173566
"Q924T3",-2.06490191504593,0.245588845264333,0.99997988173566
"Q9CQ10",-0.814809448158109,0.269482098569027,0.99997988173566
"Q9CQ13",-1.68642566824805,0.321487445500057,0.99997988173566
"Q9CR57",-0.71295682080953,0.602997105824391,0.99997988173566
"Q9CX86",-3.77839238463629,0.132655026981527,0.99997988173566
"Q9CYD3",-0.440379147321316,0.520604972823487,0.99997988173566
"Q9D211",-1.77699089995003,0.0480218597499058,0.99997988173566
"Q9D2Q8",-0.694882457379545,0.614094312850069,0.99997988173566
"Q9D7I0",-1.00817603930592,0.652320247114977,0.99997988173566
"Q9D832",-0.95143695523712,0.541643721571648,0.99997988173566
"Q9D880",-2.72765595248964,0.316069477231667,0.99997988173566
"Q9D8Z2",-1.51797203450116,0.151526196390941,0.99997988173566
"Q9DAI2",-1.48839552965605,0.0960092379360157,0.99997988173566
"Q9DCL9",-0.043470636142113,0.942070357656976,0.99997988173566
"Q9DCM0",-2.96376212336981,0.0507160105059741,0.99997988173566
"Q9DCM2",-0.705011668102596,0.522801895000654,0.99997988173566
"Q9ES97",1.646763320481,0.142515607464312,0.99997988173566
"Q9JIY5",-0.587958019555782,0.76244654811173,0.99997988173566
"Q9JLV6",-1.62557637822733,0.0844132194523719,0.99997988173566
"Q9QZA0",1.99339871301431,0.0512049019775634,0.99997988173566
"Q9QZB9",-0.278797235621267,0.701895818789099,0.99997988173566
"Q9WV98",-1.46258860917664,0.18608713815494,0.99997988173566
"Q9Z0M5",-0.0144349184110921,0.994309852660544,0.99997988173566
"Q9Z0Y1",-1.23563151345172,0.131644083274963,0.99997988173566
"Q9Z255",0.920338158653462,0.43488586230102,0.99997988173566
"Q9CR75",0.013145702552953,0.985245864731391,0.99997988173566
"P12850",-3.30386862386721,0.042252913370636,0.99997988173566
"Q91YQ5",2.06620718570051,0.26905147169085,0.99997988173566
"P17125",-1.80650982425705,0.0737756750030088,0.99997988173566
"Q8K007",-2.24446451662073,0.117667617093939,0.99997988173566
"Q8BR92",1.89414199735792,0.115749655714349,0.99997988173566
"Q64314",0.308176525867644,0.864232281649336,0.99997988173566
"Q9JMD0",0.613999968302731,0.654855023489937,0.99997988173566
"Q3UD01",-0.559027348073521,0.58059793804484,0.99997988173566
"Q9CXF4",-0.729170751313403,0.533781373869764,0.99997988173566
"Q8BGL1",1.96508805320649,0.430945011773802,0.99997988173566
"Q9CRT8",-0.441118565935971,0.746843883386357,0.99997988173566
"Q9CT10",-1.33158634062524,0.438091557877934,0.99997988173566
"Q8K5B2",0.957875968081368,0.57834123178408,0.99997988173566
"Q9DCL8",0.502376405739683,0.77028847773933,0.99997988173566
"Q9DB50",0.917206995750536,0.177693646337684,0.99997988173566
"P47955",1.24223515800527,0.529270862938974,0.99997988173566
"P05977;P09542",-0.269818062261868,0.743265966828091,0.99997988173566
"Q9QY93",0.101013584968927,0.883770069575026,0.99997988173566
"P56394",0.233783897383069,0.882706828314605,0.99997988173566
"Q3U1U7",0.244957874160268,0.675936856558417,0.99997988173566
"P31240",-0.0296687130640142,0.978836915386977,0.99997988173566
"Q03366",-0.78549101643279,0.498468661919438,0.99997988173566
"P28862",0.97065036705926,0.829458406894561,0.99997988173566
"P55292",-0.711367381509005,0.586376284459468,0.99997988173566
"P97857",-1.24395981901472,0.617681815290688,0.99997988173566
"Q9DD06",-0.129423265876741,0.948051118995022,0.99997988173566
"P97821",0.178687802337507,0.953484686389544,0.99997988173566
"Q61789",0.442528304974819,0.925885309512928,0.99997988173566
"O88452",1.8454535643734,0.539219117671158,0.99997988173566
"O35664",3.26116905611089,0.240188406888009,0.99997988173566
"Q9R098",2.0543065090059,0.63718856881343,0.99997988173566
"Q9R001",0.986838324574006,0.735971707914992,0.99997988173566
"Q8BNJ2",-2.31241603978567,0.369163665388738,0.99997988173566
"Q925I7",0.178499110993589,0.816750712920823,0.99997988173566
"Q61805",0.494979404712872,0.844116940177714,0.99997988173566
"O89023",-0.349154908624152,0.839202842457121,0.99997988173566
"P52793",-0.179845051556808,0.931014746815118,0.99997988173566
"Q3UZZ4",-0.499719935332891,0.91608989028777,0.99997988173566
"O89093",0.20781789069121,0.864951907879326,0.99997988173566
"Q9Z126",0.609327435486449,0.801244923234895,0.99997988173566
"Q9Z0F8",-1.33340746826929,0.10887367602632,0.99997988173566
"Q9WVJ9",-1.92925831006228,0.0977120217322365,0.99997988173566
"P97464",1.41616236417264,0.141002982300718,0.99997988173566
"Q9WVB4",2.58484361184749,0.252950079860621,0.99997988173566
"P50228",-0.732345582417056,0.848618733318913,0.99997988173566
"P97333",0.306266945605406,0.891490072612605,0.99997988173566
"P56677",0.440736018181182,0.915839358360915,0.99997988173566
"P97430",0.418979595132453,0.906119706582378,0.99997988173566
"Q62393",0.514777600472603,0.600509227429956,0.99997988173566
"Q9R0M4",1.62587055185706,0.486736391595086,0.99997988173566
"P18828",0.152959630277677,0.901223237002734,0.99997988173566
"P10404",1.54962427340726,0.688575041538934,0.99997988173566
"P15379",0.122474757054058,0.973347645650508,0.99997988173566
"P09803",0.358405232321834,0.948705742452564,0.99997988173566
"P04925",-0.175799244776331,0.861833290183536,0.99997988173566
"Q922J3;Q9Z0H8",2.8820416273901,0.35904215591053,0.99997988173566
"Q9JME7",1.00684658809474,0.489772302445812,0.99997988173566
"Q64695",0.603381419129118,0.430389986046416,0.99997988173566
"P13597",0.294780131673057,0.863439604244671,0.99997988173566
"P52800",0.157965063512806,0.879480147220815,0.99997988173566
"Q6PDJ1",0.939428808122387,0.655504494981274,0.99997988173566
"P10810",0.334819327019476,0.939975897886657,0.99997988173566
"P51885",2.68709216139339,0.530313254067473,0.99997988173566
"Q8BLX7",-4.39648083303898,0.0118425551269754,0.99997988173566
"Q62470",-0.655830334628533,0.714111331255848,0.99997988173566
"Q80X19",1.91714529914104,0.482580366127123,0.99997988173566
"Q9JI48",0.542409231234447,0.826949596622763,0.99997988173566
"Q9Z0T9",0.176403263519225,0.904471739446385,0.99997988173566
"Q60870",0.36994505307753,0.799513120797714,0.99997988173566
"Q921V5",-1.41403094166451,0.11482840904247,0.99997988173566
"O35127",-1.34232473841075,0.159512845701671,0.99997988173566
"Q3TW96",-3.08178065459766,0.156384622216131,0.99997988173566
"O08759",-2.17871035037048,0.118959210727895,0.99997988173566
"P81117",-0.96213211851181,0.520800652984212,0.99997988173566
"Q8CCH2",0.501175091901943,0.424426236959883,0.99997988173566
"O08573",0.827962908528274,0.250229251559921,0.99997988173566
"Q9JHH9",0.816124608035169,0.44463771649884,0.99997988173566
"Q9D7E3",-0.237461855105136,0.770477657412316,0.99997988173566
"P47713",-0.162096225028891,0.871038837780711,0.99997988173566
"P35293",2.5863496708863,0.024029419804508,0.99997988173566
"Q8CAQ8",-0.80187014407558,0.220625529954149,0.99997988173566
"Q3U4G3",-0.546885276795686,0.493976160261563,0.99997988173566
"Q62266",1.30361110355947,0.458086636284127,0.99997988173566
"P63254",0.627512791300342,0.701880158138703,0.99997988173566
"Q9Z0U1",1.30859005222616,0.509841812556763,0.99997988173566
"Q9CQQ8",-0.167343679568274,0.78248182794951,0.99997988173566
"Q9R111",-1.46850437616968,0.188493509596763,0.99997988173566
"P26369",0.235197243681247,0.823660792258788,0.99997988173566
"Q8VE47",1.5754263387489,0.0640770962928227,0.99997988173566
"Q9JLJ2",-0.209916488185423,0.926727008993091,0.99997988173566
"Q921F2",-0.820290328972094,0.441100708154241,0.99997988173566
"P61961",1.43400983302797,0.208706301045781,0.99997988173566
"Q9D3R6;Q3UMC0",-1.35261440626029,0.352441055534779,0.99997988173566
"Q91ZF0",2.16964619430007,0.111158004197903,0.99997988173566
"Q61768",0.394829187580923,0.869440597611647,0.99997988173566
"Q9D0J8",0.437329791614069,0.502557184435729,0.99997988173566
"Q9D8U8",2.16026268583124,0.397531356372531,0.99997988173566
"Q91WK5",0.288476578665958,0.792992032341954,0.99997988173566
"Q9D8C4",1.32877695347889,0.216204464952501,0.99997988173566
"P62855",1.83387319060723,0.426482555438179,0.99997988173566
"Q6P8J2",1.44271495825329,0.0753375470702315,0.99997988173566
"P97352",-0.688202758102421,0.364980355959371,0.99997988173566
"P29595",-2.70869457837674,0.0772202578568353,0.99997988173566
"Q9JJ59",-0.28821733496097,0.697185794338323,0.99997988173566
"Q8VDJ3",0.095964253459588,0.86694770002586,0.99997988173566
"Q8VEE0",0.921925566635977,0.563294988599471,0.99997988173566
"Q9ERG0",0.256432529355887,0.773579713865442,0.99997988173566
"Q8CGF7",-0.0213789316464893,0.97696957399788,0.99997988173566
"Q9D0E1",-1.49565026470514,0.479717271720386,0.99997988173566
"Q91UZ5",0.889550989538582,0.291333140100285,0.99997988173566
"P28076",-0.521342782798109,0.589154532169971,0.99997988173566
"Q6ZPG2",1.23807137266573,0.47910032673905,0.99997988173566
"P97363",-0.501328678081813,0.569080020592784,0.99997988173566
"O54774",-1.59284737978705,0.325490386857517,0.99997988173566
"O70475",-0.531154048558835,0.718308175080786,0.99997988173566
"P00796;P06281",-1.14796649174061,0.52404525270347,0.99997988173566
"P25119",1.18105106510554,0.553837806024826,0.99997988173566
"P55271",0.423703109023458,0.498178400793763,0.99997988173566
"P62918",-1.07040945969415,0.174925280964213,0.99997988173566
"Q64374",0.84778089650487,0.509518464823823,0.99997988173566
"Q69ZN7",-0.82967305910393,0.5399876151854,0.99997988173566
"Q6Y685",0.343324456793079,0.792363836994107,0.99997988173566
"Q8BJU0",-0.959632307403323,0.603270010902323,0.99997988173566
"Q8BTW3",0.00586312816573219,0.997087941761988,0.99997988173566
"Q8K4Q8",-1.11053073787284,0.617483079375595,0.99997988173566
"Q8QZZ7",-0.913663461005518,0.581678534529827,0.99997988173566
"Q8VBV3",1.27448441298683,0.413916392757557,0.99997988173566
"Q91VJ2",0.429177589971064,0.779789826144453,0.99997988173566
"Q9CXA2",-0.625460783876945,0.572252422139198,0.99997988173566
"Q9D0F3",-0.197008085575525,0.929595067978803,0.99997988173566
"Q9D0L7",-1.35496774666136,0.139630479193302,0.99997988173566
"Q9DCS2",-0.716497192384249,0.590068065036583,0.99997988173566
"Q9JHP7",-0.349571446198922,0.807933737912533,0.99997988173566
"Q9JJN1",0.519805290477733,0.541508228706293,0.99997988173566
"Q9JLQ0",-0.380084751914454,0.56413626818177,0.99997988173566
"Q9JLZ6",-0.92471382840547,0.771945415885938,0.99997988173566
"Q9QZJ6",-0.476961607532456,0.829962605664448,0.99997988173566
"Q9QZM0",0.000489577105740607,0.99976140543727,0.99997988173566
"Q9R062",-2.23739847893614,0.528220916660943,0.99997988173566
"Q9R069",0.347037393580233,0.852038377569153,0.99997988173566
"Q9R1C7",-0.950496820368726,0.446922255869624,0.99997988173566
"Q9WVH9",-2.44745548158,0.079581667054243,0.99997988173566
"Q9Z1K5",0.407962525655169,0.68935963854636,0.99997988173566
"Q62000",-2.22424654702628,0.425788650950782,0.99997988173566
"Q925S4",0.217890796150485,0.933638138190828,0.99997988173566
"P41245",-0.366927443157506,0.932215406978322,0.99997988173566
"P14719",2.39380853161415,0.456905470642943,0.99997988173566
"Q9QUN9",0.279731465377159,0.944432554870132,0.99997988173566
"Q61955",-0.0470720271939182,0.982483354465408,0.99997988173566
"Q62009",1.1059964000802,0.814895800383577,0.99997988173566
"Q811B3",0.245349848959124,0.836114374590967,0.99997988173566
"Q6W5C0",-0.166055120399348,0.933972207845853,0.99997988173566
"Q91YK8",-0.420124026876894,0.827393059871364,0.99997988173566
"A2AVA0",1.04931023662138,0.723247499638343,0.99997988173566
"Q01279",-0.980300070594081,0.798392286389851,0.99997988173566
"Q9DAU7",-1.61859962397319,0.701439639680698,0.99997988173566
"P58686",0.376784143055916,0.89821628084626,0.99997988173566
"O88839",-0.581394546467622,0.757532512182265,0.99997988173566
"Q61362",0.889051232401898,0.675888042938049,0.99997988173566
"Q9D6X6",-2.11512057216878,0.369081488738036,0.99997988173566
"P05017",0.515259365610657,0.589804121033131,0.99997988173566
"Q61330",0.182722691856861,0.969641690215806,0.99997988173566
"Q03350",-0.716860412396778,0.850631029801049,0.99997988173566
"Q8K209",-0.304325886336023,0.932467842430388,0.99997988173566
"Q9D256",0.972452313230892,0.630384463521027,0.99997988173566
"Q8R366",0.210846721711454,0.950216393243168,0.99997988173566
"O88338",-0.798589415874343,0.769885855959052,0.99997988173566
"P21765",-0.213644283743243,0.964728422027338,0.99997988173566
"Q922P8",-1.56943954510375,0.45092652458231,0.99997988173566
"Q64253",-0.405926372634136,0.779955047982986,0.99997988173566
"P16056",0.207649336008652,0.963636219384039,0.99997988173566
"O35902",0.112418558559996,0.97059327425018,0.99997988173566
"P70412",0.725671605295612,0.858384803837154,0.99997988173566
"Q66K08",2.00903458297475,0.608869018417166,0.99997988173566
"O35054",0.60642427765081,0.644770984164369,0.99997988173566
"Q10738",1.37155891271707,0.768258380336976,0.99997988173566
"P50404",0.256834372122129,0.923202434615363,0.99997988173566
"Q8K1M6",-2.09846591769215,0.532998304295713,0.99997988173566
"P97927",-0.728045592343709,0.705824090457561,0.99997988173566
"Q61087",-0.564952472064552,0.742900311634866,0.99997988173566
"Q8BMS2",1.61598106709317,0.541882689719786,0.99997988173566
"O09126",0.244425578675457,0.895250512557163,0.99997988173566
"Q61092",0.806655302561299,0.840437969628046,0.99997988173566
"Q8JZQ5",0.174091290633216,0.965018217144247,0.99997988173566
"Q9CQW9;Q99J93",-1.11598855547067,0.448656777677388,0.99997988173566
"Q8BZQ2",0.333048052153191,0.882221701154003,0.99997988173566
"Q91Z98",0.757718079633443,0.695806552928481,0.99997988173566
"Q9JJ00",-0.121573505463402,0.965636858481206,0.99997988173566
"P12970",-0.252831453145649,0.923197597672777,0.99997988173566
"O55201",-0.4148866457008,0.818286561141616,0.99997988173566
"Q8BVE3",-1.44403185083868,0.586118950088017,0.99997988173566
"Q62523",-0.083538103132922,0.961771422958411,0.99997988173566
"Q3TJD7",0.726609767578529,0.564586122274917,0.99997988173566
"P61211",-2.1281384636663,0.157982496990858,0.99997988173566
"Q6NZN0;Q5SFM8",0.16745142699022,0.782290981564348,0.99997988173566
"Q9WVE8",-0.164406100768393,0.95357452700348,0.99997988173566
"Q3U7R1",0.127587249634204,0.943789653416813,0.99997988173566
"Q8BK67",-0.315988342280843,0.910606061429358,0.99997988173566
"Q8CJ53",1.71945961898503,0.209694603849622,0.99997988173566
"P70336;P70335",-1.50798241739178,0.393650903240335,0.99997988173566
"P97449",-0.736891536959795,0.653497472337943,0.99997988173566
"Q3UGC7;Q66JS6",-2.00889249075936,0.0714696651991147,0.99997988173566
"P24288",0.0936016297549462,0.965886626804866,0.99997988173566
"Q8BP67",-0.938460201624855,0.317206749862653,0.99997988173566
"P00920",-0.736376461990457,0.856907652799926,0.99997988173566
"Q6ZWN5",-1.25187138434753,0.580408726104489,0.99997988173566
"P31725",0.451520413323096,0.801343411722691,0.99997988173566
"Q7TNG8",-0.80855611959812,0.769590622717056,0.99997988173566
"Q8VHI3",-1.84219560135489,0.241819469392175,0.99997988173566
"P62307",-3.33346205895258,0.184900751497853,0.99997988173566
"Q923D4",-1.45221355340789,0.222089461904506,0.99997988173566
