id,gene,ctrl_31578,ctrl_31580,trt_31579,trt_31581
P19137,Lama1,221670000000.0,107470000000.0,119690000000.0,120100000000.0
P16546,Sptan1,11001000000.0,8045800000.0,6124400000.0,7281800000.0
P02469,Lamb1,142020000000.0,60200000000.0,81201000000.0,109600000000.0
P02468,Lamc1,131780000000.0,57350000000.0,91938000000.0,87224000000.0
Q9JHU4,Dync1h1,1933700000.0,655880000.0,855090000.0,237200000.0
Q62261,Sptbn1,3667500000.0,4221700000.0,1507700000.0,2351600000.0
Q05793,Hspg2,12600000000.0,13960000000.0,8894500000.0,23877000000.0
Q64727,Vcl,31161000000.0,30374000000.0,25489000000.0,44538000000.0
Q80X90,Flnb,2996900000.0,5937000000.0,843850000.0,3345100000.0
P19096,Fasn,7212000000.0,5586600000.0,3690400000.0,5894900000.0
P01027,C3,24116000000.0,122930000000.0,20733000000.0,88345000000.0
P11087,Col1a1,28260000000.0,134990000000.0,20608000000.0,96745000000.0
Q8BTM8,Flna,3337500000.0,9931500000.0,3247700000.0,9942700000.0
P02463,Col4a1,13491000000.0,22020000000.0,7696100000.0,10721000000.0
Q9QXS1,Plec,839810000.0,2173400000.0,1154500000.0,1683000000.0
P10493,Nid1,122840000000.0,87879000000.0,83562000000.0,169460000000.0
P08121,Col3a1,11953000000.0,71312000000.0,9361700000.0,42633000000.0
Q61316,Hspa4,13825000000.0,8795500000.0,6464800000.0,13901000000.0
P57780,Actn4,28655000000.0,43536000000.0,20632000000.0,56018000000.0
Q01853,Vcp,77878000000.0,65623000000.0,52317000000.0,54700000000.0
Q01149,Col1a2,14275000000.0,69717000000.0,9016700000.0,36501000000.0
Q3U1J4,Ddb1,17261000000.0,7665900000.0,10895000000.0,9422600000.0
Q60847,Col12a1,1458000000.0,3840900000.0,9566300000.0,18537000000.0
P07901,Hsp90aa1,80575000000.0,57511000000.0,21644000000.0,22550000000.0
Q7TPR4,Actn1,19059000000.0,30230000000.0,13833000000.0,31602000000.0
P08113,Hsp90b1,51398000000.0,30708000000.0,35954000000.0,31493000000.0
Q3UQ28,Pxdn,9752200000.0,15739000000.0,8553400000.0,21331000000.0
P20029,Hspa5,88100000000.0,62530000000.0,49734000000.0,56713000000.0
P20152,Vim,79586000000.0,91471000000.0,82392000000.0,103250000000.0
P11276,Fn1,1769200000.0,15289000000.0,1580900000.0,13428000000.0
O88207,Col5a1,6460400000.0,13185000000.0,3026300000.0,7132900000.0
P11499,Hsp90ab1,47703000000.0,46922000000.0,43070000000.0,63350000000.0
A2ARV4,Lrp2,1436100000.0,843010000.0,1135100000.0,347360000.0
Q68FD5,Cltc,4123200000.0,3160800000.0,3425600000.0,3720900000.0
Q9JKR6,Hyou1,7976800000.0,2693600000.0,4197300000.0,1952900000.0
P26041,Msn,25694000000.0,33874000000.0,20441000000.0,33581000000.0
P70398,Usp9x,856490000.0,206520000.0,256270000.0,212900000.0
P58252,Eef2,22796000000.0,26074000000.0,20634000000.0,26851000000.0
Q61147,Cp,15313000000.0,86555000000.0,7946500000.0,125440000000.0
Q6ZQ38,Cand1,8627700000.0,5708600000.0,3285300000.0,6897300000.0
P63017,Hspa8,57602000000.0,55320000000.0,43543000000.0,53668000000.0
Q64514,Tpp2,4370500000.0,2122400000.0,2764200000.0,1477300000.0
P27546,Map4,4663600000.0,2186500000.0,2286700000.0,2480300000.0
Q9WTQ5,Akap12,8015900000.0,2575600000.0,3925300000.0,3255300000.0
P27773,Pdia3,90794000000.0,93288000000.0,76820000000.0,78815000000.0
P58771,Tpm1,24168000000.0,18189000000.0,16336000000.0,14735000000.0
P09103,P4hb,59146000000.0,65454000000.0,50367000000.0,56172000000.0
P52480,Pkm,30305000000.0,54250000000.0,30012000000.0,49621000000.0
Q8K411,Pitrm1,2958000000.0,945950000.0,1224700000.0,656610000.0
Q6IRU2,Tpm4,8842600000.0,12910000000.0,7496300000.0,13789000000.0
Q91V92,Acly,5927400000.0,4106200000.0,4573500000.0,6171400000.0
Q8BKC5,Ipo5,6306700000.0,5492500000.0,4544700000.0,4048800000.0
P17156,Hspa2,4649800000.0,736210000.0,3311500000.0,1057300000.0
Q11011,Npepps,9532000000.0,7411500000.0,6892300000.0,8275800000.0
E9Q557,Dsp,482450000.0,182200000.0,65161000.0,191660000.0
Q6P5F9,Xpo1,4594500000.0,1765300000.0,2899600000.0,3013900000.0
Q9EPL2,Clstn1,5881400000.0,3990800000.0,3438900000.0,4518500000.0
Q921I1,Tf,9822600000.0,16300000000.0,8639800000.0,11738000000.0
Q02819,Nucb1,20940000000.0,20963000000.0,16482000000.0,20973000000.0
Q91ZX7,Lrp1,616220000.0,901940000.0,391620000.0,476500000.0
P06801,Me1,49177000000.0,40095000000.0,42746000000.0,54773000000.0
P09470,Ace,8033100000.0,7725800000.0,5736600000.0,6869900000.0
Q80YX1,Tnc,783070000.0,4713500000.0,910600000.0,3044800000.0
P13020,Gsn,12304000000.0,17234000000.0,11320000000.0,10084000000.0
Q8VHY0,Cspg4,1202600000.0,931490000.0,282240000.0,444340000.0
P26039,Tln1,466810000.0,363020000.0,185690000.0,226450000.0
Q02053,Uba1,5035800000.0,3624500000.0,3129100000.0,2629500000.0
Q8BHN3,Ganab,8321400000.0,7655100000.0,4314800000.0,8801800000.0
Q61598,Gdi2,23816000000.0,21743000000.0,17311000000.0,14438000000.0
P48722,Hspa4l,2337400000.0,442310000.0,1714000000.0,300240000.0
O88844,Idh1,26143000000.0,27113000000.0,17994000000.0,24912000000.0
P35441,Thbs1,4073200000.0,24938000000.0,4013400000.0,31819000000.0
Q61292,Lamb2,2372600000.0,1128800000.0,1460100000.0,1222500000.0
P15626,Gstm2,157020000000.0,106230000000.0,105870000000.0,138210000000.0
P08003,Pdia4,10610000000.0,9774800000.0,4191900000.0,5328200000.0
Q04857,Col6a1,3972900000.0,30095000000.0,3197600000.0,12591000000.0
Q06890,Clu,348930000000.0,485710000000.0,187450000000.0,453330000000.0
Q07113,Igf2r,334700000.0,208050000.0,311730000.0,357350000.0
P09411,Pgk1,18997000000.0,30204000000.0,10108000000.0,20267000000.0
P17182,Eno1,40757000000.0,44413000000.0,26323000000.0,35114000000.0
P05064,Aldoa,58959000000.0,54767000000.0,32034000000.0,53571000000.0
P14733,Lmnb1,3052300000.0,2293500000.0,1279600000.0,1828400000.0
P26043,Rdx,2437300000.0,2445700000.0,2091000000.0,1449300000.0
P40142,Tkt,19486000000.0,22121000000.0,12095000000.0,33779000000.0
Q8VHX6,Flnc,195400000.0,682560000.0,155890000.0,403920000.0
P48678,Lmna,2275100000.0,4344300000.0,1914000000.0,3890800000.0
Q8VDM4,Psmd2,4088700000.0,2873300000.0,2970100000.0,2285600000.0
P26040,Ezr,1687500000.0,1407400000.0,648790000.0,1921700000.0
Q93092,Taldo1,29678000000.0,30931000000.0,42688000000.0,66199000000.0
Q8K010,Oplah,1281500000.0,612940000.0,797910000.0,676290000.0
P63038,Hspd1,9871300000.0,6317100000.0,7472800000.0,4619600000.0
P70663,Sparcl1,4226800000.0,9360200000.0,2460900000.0,12932000000.0
Q9R0B9,Plod2,14213000000.0,10877000000.0,16168000000.0,14175000000.0
P27046,Man2a1,2612400000.0,2091500000.0,2313700000.0,2114200000.0
P21107,Tpm3,1814300000.0,2586300000.0,2837300000.0,3790100000.0
Q8BHG1,Nrd1,2388000000.0,1778900000.0,121660000.0,1216100000.0
P62259,Ywhae,32934000000.0,33045000000.0,56646000000.0,46588000000.0
Q99KI0,Aco2,2746600000.0,1299800000.0,2026900000.0,595970000.0
Q921M3,Sf3b3,3295300000.0,1979800000.0,2487600000.0,2923000000.0
P14211,Calr,68634000000.0,59059000000.0,86690000000.0,40301000000.0
P10649,Gstm1,94505000000.0,83097000000.0,109160000000.0,111220000000.0
Q00493,Cpe,84029000000.0,55538000000.0,110470000000.0,61794000000.0
O35206,Col15a1,8311700000.0,7842900000.0,5753600000.0,3743600000.0
O88342,Wdr1,14592000000.0,19698000000.0,12850000000.0,18865000000.0
P17710,Hk1,2054600000.0,2490400000.0,2121600000.0,2704400000.0
Q99MD9,Nasp,3074500000.0,634880000.0,1585100000.0,714300000.0
Q6P5E4,Uggt1,2170400000.0,2350300000.0,2353200000.0,2298300000.0
P37889,Fbln2,3241000000.0,8715300000.0,2665500000.0,11234000000.0
Q99KK7,Dpp3,5001500000.0,4602700000.0,2662100000.0,2183200000.0
Q8K0E8,Fgb,7745100000.0,18310000000.0,13514000000.0,22937000000.0
Q5SUR0,Pfas,2539400000.0,1873500000.0,2065100000.0,2307800000.0
P22777,Serpine1,46746000000.0,120370000000.0,42249000000.0,81329000000.0
Q3U962,Col5a2,719270000.0,8091000000.0,376680000.0,6215900000.0
P60710,Actb,2447100000.0,363070000.0,1289700000.0,2302700000.0
P63260,Actg1,108290000000.0,104350000000.0,74256000000.0,113930000000.0
P18760,Cfl1,20120000000.0,20040000000.0,11077000000.0,23143000000.0
P06151,Ldha,39897000000.0,76510000000.0,45130000000.0,38558000000.0
Q9DCD0,Pgd,14109000000.0,26149000000.0,9851900000.0,11016000000.0
Q9JHR7,Ide,1892800000.0,1106900000.0,1034100000.0,1579100000.0
O35685,Nudc,3273200000.0,1123200000.0,2273200000.0,1078100000.0
Q9EQH2,Erap1,3294700000.0,1692400000.0,2123600000.0,2092300000.0
P50247,Ahcy,7496800000.0,5585200000.0,3210600000.0,2848200000.0
Q80W21,Gstm7,5766400000.0,4839000000.0,4354500000.0,5999300000.0
P05202,Got2,17492000000.0,13299000000.0,11250000000.0,13273000000.0
Q9D964,Gatm,9875700000.0,5632800000.0,4378500000.0,3915400000.0
Q9R1E6,Enpp2,4423700000.0,1639100000.0,3598700000.0,3730400000.0
O09159,Man2b1,3407100000.0,3348700000.0,2421700000.0,3752400000.0
P12023,App,12767000000.0,14358000000.0,8948500000.0,20526000000.0
Q8BGQ7,Aars,1459000000.0,351290000.0,909180000.0,411050000.0
P40124,Cap1,4579000000.0,6409700000.0,4885900000.0,4924400000.0
P60843,Eif4a1,17236000000.0,16641000000.0,12834000000.0,12877000000.0
P70168,Kpnb1,5574600000.0,6656000000.0,5660700000.0,7727600000.0
P42932,Cct8,1896300000.0,1348500000.0,2142600000.0,2470200000.0
P68254,Ywhaq,9152600000.0,10319000000.0,8966000000.0,11568000000.0
Q8C1A5,Thop1,5975500000.0,3698200000.0,5145900000.0,3073800000.0
Q8CG14,C1sa,44294000000.0,32231000000.0,48072000000.0,27523000000.0
P08071,Ltf,2229000000.0,77109000000.0,775160000.0,57047000000.0
Q02788,Col6a2,1566300000.0,17259000000.0,1339300000.0,5250900000.0
P97798,Neo1,2331800000.0,1400100000.0,4567800000.0,5488900000.0
Q64449,Mrc2,741490000.0,1039900000.0,391970000.0,379980000.0
P37804,Tagln,9810600000.0,10596000000.0,11115000000.0,10740000000.0
P63101,Ywhaz,70749000000.0,86657000000.0,54547000000.0,61754000000.0
P09405,Ncl,4957100000.0,10717000000.0,2839200000.0,7599500000.0
Q8CFX1,H6pd,5683200000.0,5446800000.0,3593900000.0,3303700000.0
O88569,Hnrnpa2b1,13825000000.0,12226000000.0,12102000000.0,11607000000.0
Q8CG16;Q8CFG9,C1ra;C1rb,12746000000.0,8392200000.0,10894000000.0,7493900000.0
Q8K2I4,Manba,2615400000.0,3248300000.0,1646200000.0,3555700000.0
Q640N1,Aebp1,548690000.0,4910700000.0,583830000.0,4044700000.0
Q61207,Psap,15423000000.0,6831400000.0,14787000000.0,10830000000.0
Q8CG19,Ltbp1,2110200000.0,1812500000.0,1190200000.0,1835200000.0
O35887,Calu,17832000000.0,16516000000.0,13356000000.0,20141000000.0
P68369,Tuba1a,28114000000.0,19820000000.0,,46145000.0
Q3TXS7,Psmd1,1501200000.0,1083200000.0,1203600000.0,1497800000.0
O08638,Myh11,342990000.0,327390000.0,74296000.0,230260000.0
Q9QUR6,Prep,2589800000.0,2228700000.0,1902800000.0,1694200000.0
P06745,Gpi,31221000000.0,35216000000.0,28283000000.0,28774000000.0
Q60854,Serpinb6,16076000000.0,12568000000.0,9767400000.0,14638000000.0
Q9D0F9,Pgm1,8394700000.0,8193000000.0,7429100000.0,8498200000.0
Q922R8,Pdia6,22513000000.0,12660000000.0,10498000000.0,6639100000.0
Q61425,Hadh,18888000000.0,6421500000.0,5642900000.0,9128200000.0
P21180,C2,3491400000.0,3803800000.0,3006900000.0,2723900000.0
Q04998,Inhba,2401800000.0,3983800000.0,1612000000.0,3392600000.0
Q61581,Igfbp7,17171000000.0,41913000000.0,12387000000.0,37354000000.0
P68372;Q9D6F9,Tubb4b;Tubb4a,20471000000.0,13645000000.0,14964000000.0,11585000000.0
Q9JII6,Akr1a1,14417000000.0,10247000000.0,10423000000.0,11946000000.0
Q8CI94,Pygb,2534500000.0,2144800000.0,1492000000.0,2359700000.0
P05201,Got1,8360200000.0,5445400000.0,5939200000.0,4242600000.0
P29758,Oat,13981000000.0,7805600000.0,9528200000.0,7217600000.0
P17563;Q63836,Selenbp1;Selenbp2,11950000000.0,10454000000.0,10744000000.0,5757400000.0
Q02257,Jup,359810000.0,113090000.0,115480000.0,154180000.0
Q8VCM7,Fgg,8821000000.0,13900000000.0,7931400000.0,25373000000.0
P00342,Ldhc,27312000000.0,7952600000.0,18763000000.0,10300000000.0
E9PV24,Fga,5469900000.0,10457000000.0,8362700000.0,16544000000.0
Q9JMB7,Piwil1,1087800000.0,,414180000.0,
P07214,Sparc,215720000000.0,205790000000.0,154240000000.0,168410000000.0
Q8BND5,Qsox1,7154600000.0,14467000000.0,8485200000.0,15171000000.0
P10605,Ctsb,17342000000.0,28126000000.0,15517000000.0,26673000000.0
Q6GQT1,A2mp,399910000.0,373080000.0,361970000.0,161540000.0
Q9QUR8,Sema7a,5013300000.0,3090700000.0,5594800000.0,3161200000.0
Q8K4G1,Ltbp4,395280000.0,753610000.0,339210000.0,885100000.0
Q8VDD5,Myh9,422670000.0,1386500000.0,105890000.0,1087100000.0
P05214,Tuba3a,1517400000.0,100160000.0,778890000.0,53424000.0
Q62318,Trim28,1214000000.0,219610000.0,918820000.0,335700000.0
O55029,Copb2,2176200000.0,1363200000.0,1703900000.0,1412700000.0
Q9ERK4,Cse1l,1869300000.0,893660000.0,1549700000.0,855590000.0
P28271,Aco1,2416900000.0,1962200000.0,1307700000.0,2125200000.0
Q99JY9,Actr3,7362200000.0,7528400000.0,4354000000.0,4515400000.0
Q9EQK5,Mvp,1242800000.0,945160000.0,75610000.0,1296600000.0
P24549,Aldh1a1,9159200000.0,9000200000.0,11953000000.0,5991700000.0
P99024,Tubb5,4465900000.0,3603600000.0,3616400000.0,4869300000.0
B2RQC6,Cad,201050000.0,107570000.0,100800000.0,46754000.0
P10630,Eif4a2,1410100000.0,480930000.0,988110000.0,328230000.0
P10126,Eef1a1,12059000000.0,16595000000.0,11982000000.0,13795000000.0
Q8R016,Blmh,6734300000.0,6236900000.0,5413200000.0,2469400000.0
Q00519,Xdh,1262400000.0,1106400000.0,674360000.0,838040000.0
Q9JHU9,Isyna1,33628000000.0,25428000000.0,25089000000.0,28223000000.0
P16125,Ldhb,71360000000.0,35205000000.0,47038000000.0,33664000000.0
P24527,Lta4h,6025800000.0,4250100000.0,4909800000.0,6862200000.0
Q62356,Fstl1,10866000000.0,22155000000.0,8417600000.0,11265000000.0
Q91WP6,Serpina3n,17620000000.0,51400000000.0,22888000000.0,24894000000.0
Q8BH34,Sema3d,4927400000.0,2889300000.0,5913100000.0,2552200000.0
O08999,Ltbp2,514300000.0,2967200000.0,492430000.0,2231600000.0
P35951,Ldlr,2671300000.0,2203300000.0,1570400000.0,2167500000.0
P15116,Cdh2,4307800000.0,2152000000.0,4890600000.0,3772800000.0
P63005,Pafah1b1,2651600000.0,1747800000.0,1926600000.0,719640000.0
P68510,Ywhah,6754300000.0,9696400000.0,9990300000.0,15369000000.0
Q91VI7,Rnh1,8597000000.0,11109000000.0,8115100000.0,4797300000.0
Q9EQH3,Vps35,1715800000.0,774540000.0,1363500000.0,305330000.0
Q60864,Stip1,1559600000.0,1406300000.0,877970000.0,667980000.0
P45376,Akr1b1,14212000000.0,10761000000.0,12423000000.0,7578100000.0
Q8JZQ9,Eif3b,1141400000.0,1227100000.0,521480000.0,1445600000.0
Q04447,Ckb,7166000000.0,8117700000.0,7666800000.0,10439000000.0
Q8CIE6,Copa,1013200000.0,945240000.0,951450000.0,743540000.0
P56399,Usp5,1754200000.0,1103500000.0,1508700000.0,1386000000.0
Q9CPV4,Glod4,5558900000.0,3813200000.0,2353100000.0,1227200000.0
Q91YI0,Asl,4309600000.0,2820900000.0,2191300000.0,1521200000.0
P48774,Gstm5,7846400000.0,3319200000.0,6001000000.0,5432800000.0
Q6WKZ8,Ubr2,400330000.0,23578000.0,140080000.0,13840000.0
P06797,Ctsl,81052000000.0,59205000000.0,49753000000.0,72781000000.0
P08122,Col4a2,4158400000.0,10404000000.0,4794400000.0,7959700000.0
Q8BPB5,Efemp1,11399000000.0,7982200000.0,10278000000.0,10754000000.0
Q9WVA4,Tagln2,4313700000.0,7088600000.0,4703600000.0,8820300000.0
P61982,Ywhag,16167000000.0,18139000000.0,8951300000.0,13040000000.0
P35487,Pdha2,3235100000.0,551460000.0,1459900000.0,1179800000.0
P30416,Fkbp4,2603400000.0,1908400000.0,2037800000.0,822460000.0
Q9CVB6,Arpc2,5306000000.0,5514400000.0,4697200000.0,2037400000.0
P50396,Gdi1,2298300000.0,1989900000.0,2675400000.0,1171500000.0
P35700,Prdx1,47059000000.0,44905000000.0,45851000000.0,76714000000.0
O08709,Prdx6,21770000000.0,24802000000.0,11081000000.0,34694000000.0
Q9CR16,Ppid,2992600000.0,2184800000.0,2370300000.0,2285200000.0
Q9QUM9,Psma6,9241200000.0,8824800000.0,12912000000.0,14560000000.0
Q8K1J6,Trnt1,2894100000.0,1581800000.0,1904800000.0,484150000.0
O70435,Psma3,10815000000.0,8460800000.0,11486000000.0,7097800000.0
Q9R1P0,Psma4,8634800000.0,9079300000.0,6715500000.0,5428700000.0
P29341,Pabpc1,1976500000.0,2226500000.0,1589800000.0,1828300000.0
Q9R1P4,Psma1,11744000000.0,11137000000.0,10127000000.0,11111000000.0
P47962,Rpl5,5934600000.0,4156700000.0,2946300000.0,3789000000.0
P08249,Mdh2,42708000000.0,24002000000.0,29101000000.0,17896000000.0
Q8C7R4,Uba6,386700000.0,9344900.0,203980000.0,8978900.0
Q3V1G4,Olfml2b,1920700000.0,329580000.0,2179100000.0,603020000.0
Q61398,Pcolce,12650000000.0,13170000000.0,11694000000.0,9646600000.0
Q8BRK9,Man2a2,846040000.0,436070000.0,511480000.0,302560000.0
Q76MZ3,Ppp2r1a,2334700000.0,1703400000.0,2445400000.0,2124400000.0
Q9CZ44,Nsfl1c,2501000000.0,1039600000.0,1594000000.0,366200000.0
P24369,Ppib,14677000000.0,16621000000.0,15716000000.0,34149000000.0
Q6P5H2,Nes,257760000.0,334720000.0,89088000.0,59935000.0
Q9DBJ1,Pgam1,16793000000.0,23278000000.0,15059000000.0,25959000000.0
Q5XJY5,Arcn1,1200200000.0,1054000000.0,538970000.0,1343300000.0
Q9Z1Z0,Uso1,818130000.0,592840000.0,300070000.0,701150000.0
P62908,Rps3,1343700000.0,1181900000.0,350390000.0,1791300000.0
P61202,Cops2,1800000000.0,1012600000.0,479400000.0,453440000.0
P26443,Glud1,2556500000.0,2309400000.0,1890500000.0,1741500000.0
Q9Z1N5,Ddx39b,7397500000.0,5865200000.0,5943400000.0,4485400000.0
Q9R1P3,Psmb2,4851300000.0,4035400000.0,3936000000.0,5128500000.0
Q9CPY7,Lap3,3849000000.0,4547600000.0,2903000000.0,2572600000.0
Q8BWT1,Acaa2,4549200000.0,2284000000.0,2883800000.0,2335400000.0
P08228,Sod1,14620000000.0,10214000000.0,19430000000.0,21152000000.0
P56480,Atp5b,7539500000.0,4927200000.0,8831600000.0,5106500000.0
Q7TMM9,Tubb2a,38772000.0,36096000.0,,57395000.0
Q60841,Reln,154720000.0,,49562000.0,
P29268,Ctgf,5162500000.0,20832000000.0,5238000000.0,26470000000.0
Q810U4,Nrcam,1223900000.0,542470000.0,642330000.0,665830000.0
Q9WU78,Pdcd6ip,733150000.0,2880200000.0,452870000.0,3645900000.0
Q9DBC7,Prkar1a,1375000000.0,1956100000.0,1386500000.0,1596700000.0
Q9ER72,Cars,1051100000.0,535890000.0,428150000.0,268720000.0
Q922B2,Dars,1672600000.0,1144500000.0,1740500000.0,654970000.0
Q8VIJ6,Sfpq,781450000.0,441830000.0,576350000.0,273520000.0
Q9Z2X1,Hnrnpf,4198000000.0,3163300000.0,1680600000.0,2474900000.0
Q8BG32,Psmd11,2092800000.0,857910000.0,2156000000.0,934500000.0
Q9R0P5,Dstn,4223600000.0,4202100000.0,2479200000.0,3874300000.0
Q3THS6,Mat2a,1439600000.0,924960000.0,1005300000.0,556150000.0
P80318,Cct3,1198600000.0,1010100000.0,1949000000.0,928990000.0
Q9JIF7,Copb1,1043200000.0,942530000.0,904990000.0,959900000.0
Q9CQV8,Ywhab,8454200000.0,6726800000.0,7822600000.0,12608000000.0
P47757,Capzb,2839600000.0,2625200000.0,2067100000.0,2242200000.0
Q9JIF0,Prmt1,2272000000.0,1803800000.0,1923400000.0,2650500000.0
P45377,Akr1b8,12693000000.0,10733000000.0,9183300000.0,8800500000.0
Q9R1T2,Sae1,1400000000.0,574470000.0,1326800000.0,687190000.0
Q9Z2W0,Dnpep,8185400000.0,5371900000.0,7492800000.0,4022600000.0
P19324,Serpinh1,7534800000.0,8036900000.0,4650800000.0,5055400000.0
O35660,Gstm6,5010000000.0,1947900000.0,3559400000.0,3035500000.0
P14152,Mdh1,22569000000.0,21686000000.0,14524000000.0,11393000000.0
Q9CWF2,Tubb2b,,31394000.0,,143060000.0
O88968,Tcn2,10720000000.0,5571400000.0,9211600000.0,3875300000.0
P97290,Serping1,6779600000.0,18460000000.0,4508000000.0,10328000000.0
Q08761,Pros1,1815700000.0,4099700000.0,1799800000.0,2203100000.0
P18242,Ctsd,12608000000.0,29305000000.0,8825400000.0,22649000000.0
Q9R118,Htra1,2602400000.0,1734800000.0,3957900000.0,2728600000.0
Q61696;P17879,Hspa1a;Hspa1b,403220000.0,331790000.0,290000000.0,488060000.0
P23249,Mov10,301380000.0,28210000.0,188500000.0,112650000.0
P31254,Uba1y,306920000.0,15722000.0,71351000.0,
Q8VI75,Ipo4,689010000.0,454920000.0,553300000.0,233230000.0
Q91YR9,Ptgr1,6257700000.0,5476800000.0,5900300000.0,3336900000.0
P68040,Gnb2l1,3419000000.0,3795500000.0,2087800000.0,1568600000.0
Q9WV32,Arpc1b,3277200000.0,2697700000.0,2521100000.0,2707200000.0
Q9WVJ2,Psmd13,1996300000.0,1230800000.0,1008100000.0,1641200000.0
P45591,Cfl2,2524900000.0,1588600000.0,1891200000.0,1733800000.0
Q8BWZ3,Naa25,842770000.0,3885900000.0,203310000.0,209640000.0
P31001,Des,594620000.0,1606500000.0,636880000.0,919170000.0
Q9JKB1;P58321,Uchl3;Uchl4,1845100000.0,1148500000.0,1737100000.0,1892800000.0
P54227,Stmn1,2774100000.0,1665600000.0,3443400000.0,1512100000.0
Q9Z2U0,Psma7,9742400000.0,10664000000.0,8500700000.0,11265000000.0
Q9DCJ9,Npl,3474200000.0,1607300000.0,1198200000.0,282890000.0
O08749,Dld,14045000000.0,7529000000.0,6146000000.0,5387100000.0
Q99LX0,Park7,8460800000.0,6013500000.0,6715800000.0,7521200000.0
P10518,Alad,5410100000.0,4280800000.0,3216200000.0,1893100000.0
P53026,Rpl10a,10164000000.0,11285000000.0,8007000000.0,13254000000.0
P47877,Igfbp2,657420000.0,4327500000.0,372170000.0,4064400000.0
P97298,Serpinf1,5800700000.0,28591000000.0,4781100000.0,10367000000.0
Q04592,Pcsk5,1213000000.0,964250000.0,998320000.0,751850000.0
O09164,Sod3,14718000000.0,6791000000.0,12798000000.0,7141900000.0
Q62179,Sema4b,1352200000.0,1432600000.0,1141900000.0,720510000.0
Q60675,Lama2,141330000.0,47891000.0,69595000.0,36916000.0
P29533,Vcam1,1018200000.0,2298900000.0,867070000.0,2970200000.0
Q9R0E2,Plod1,734730000.0,1918300000.0,1285900000.0,1953500000.0
P54923,Adprh,1514500000.0,917140000.0,1875200000.0,823850000.0
Q9JMH6,Txnrd1,5780200000.0,7475400000.0,6189800000.0,5214600000.0
P61979,Hnrnpk,2071900000.0,1753400000.0,1243900000.0,1178600000.0
P11983,Tcp1,2169600000.0,967900000.0,8676100000.0,6032500000.0
Q9D1Q6,Erp44,3263200000.0,1975000000.0,2491400000.0,1981900000.0
Q9CQI6,Cotl1,1987200000.0,2478400000.0,2608300000.0,2946100000.0
Q99JI4,Psmd6,1562400000.0,1274300000.0,4844200000.0,1660400000.0
P23492,Pnp,6216600000.0,5601400000.0,3289700000.0,5236300000.0
Q7TMK9,Syncrip,699160000.0,1469700000.0,323220000.0,648190000.0
Q6PDN3,Mylk,1740000000.0,1126000000.0,957690000.0,708420000.0
Q00915,Rbp1,3733000000.0,1424000000.0,2200000000.0,4047900000.0
Q9WUB3,Pygm,328560000.0,485610000.0,427850000.0,670650000.0
P17742,Ppia,49720000000.0,31887000000.0,41548000000.0,72055000000.0
Q64737,Gart,906770000.0,571220000.0,412380000.0,366690000.0
Q921M7,Fam49b,2675400000.0,1189700000.0,1487900000.0,881180000.0
P21981,Tgm2,1493500000.0,976770000.0,1534900000.0,1606100000.0
P57759,Erp29,4026900000.0,4765700000.0,3735000000.0,5061300000.0
Q62348,Tsn,5433800000.0,3082700000.0,3258000000.0,3194400000.0
P47791,Gsr,4468800000.0,3393400000.0,3964500000.0,3624200000.0
P58389,Ppp2r4,4400200000.0,1523600000.0,2877700000.0,610280000.0
Q9JHW2,Nit2,2734300000.0,1886800000.0,1191600000.0,916470000.0
Q9QXT0,Cnpy2,2018300000.0,1041000000.0,833440000.0,1753400000.0
P97807,Fh,3698900000.0,3405000000.0,2717100000.0,1770900000.0
Q64433,Hspe1,5376500000.0,4607000000.0,6487600000.0,3560600000.0
Q9ERD7,Tubb3,31123000.0,2468100.0,14965000.0,
Q9ER58,Spock2,4954300000.0,941250000.0,3362100000.0,1257900000.0
O54782,Man2b2,1382800000.0,974590000.0,712660000.0,955660000.0
P70699,Gaa,621900000.0,545490000.0,445000000.0,570550000.0
P70458,Serpina5,1544300000.0,725440000.0,1039800000.0,629640000.0
Q9WV54,Asah1,2322200000.0,4542100000.0,1844100000.0,2992200000.0
P51655,Gpc4,2348900000.0,1291000000.0,1147100000.0,207130000.0
Q61112,Sdf4,7332000000.0,5141100000.0,5545800000.0,4776100000.0
O70456,Sfn,1435700000.0,2343600000.0,541230000.0,2915600000.0
O09131,Gsto1,1083700000.0,3473100000.0,1154800000.0,3315000000.0
P50580,Pa2g4,1376800000.0,913400000.0,628960000.0,301450000.0
Q99K85,Psat1,1571800000.0,2583300000.0,1528800000.0,4018900000.0
Q9ET01,Pygl,186870000.0,258290000.0,195700000.0,374600000.0
P17751,Tpi1,4500300000.0,10427000000.0,7197900000.0,15911000000.0
Q6ZWX6,Eif2s1,923090000.0,1132400000.0,745950000.0,708530000.0
P63242;Q8BGY2,Eif5a;Eif5a2,2360700000.0,2817700000.0,3447700000.0,4085300000.0
Q9D8W5,Psmd12,2077300000.0,1658900000.0,1038000000.0,742140000.0
Q9WTX6,Cul1,730610000.0,144770000.0,314430000.0,78845000.0
P53810,Pitpna,860240000.0,624570000.0,528420000.0,636510000.0
P40336,Vps26a,1562800000.0,821750000.0,1115200000.0,296470000.0
P07724,Alb,1020900000.0,770700000.0,245770000.0,2055000000.0
Q9D0I9,Rars,1875700000.0,1752200000.0,736890000.0,710410000.0
Q7TQI3,Otub1,3215700000.0,2131900000.0,1774000000.0,1080500000.0
O55234,Psmb5,7546100000.0,6585900000.0,7603400000.0,8238300000.0
P30115,Gsta3,15560000000.0,14357000000.0,1880500000.0,2669800000.0
P15532,Nme1,24047000000.0,23456000000.0,9001000000.0,26515000000.0
Q9QZE7,Tsnax,1854700000.0,1022200000.0,894730000.0,711990000.0
Q9CXY6,Ilf2,1707700000.0,1429100000.0,1347300000.0,1770900000.0
Q9R0P9,Uchl1,17899000000.0,10750000000.0,9379300000.0,11902000000.0
Q61035,Hars,2107800000.0,3329100000.0,2421700000.0,1676200000.0
O35381,Anp32a,3909700000.0,3945900000.0,700020000.0,2028600000.0
O55137,Acot1,2576000000.0,1874300000.0,2083700000.0,1845600000.0
Q91W90,Txndc5,5921200000.0,4346400000.0,4188400000.0,4272200000.0
Q9DAR7,Dcps,2012200000.0,1568300000.0,1590400000.0,1577700000.0
P70296,Pebp1,30798000000.0,15568000000.0,18384000000.0,27495000000.0
Q8K183,Pdxk,2590000000.0,2260800000.0,2131400000.0,1811600000.0
O35855,Bcat2,2566300000.0,1637800000.0,1640700000.0,986850000.0
P10648,Gsta2,6216000000.0,3456500000.0,5802600000.0,5053100000.0
P62897,Cycs,11410000000.0,4514900000.0,8870400000.0,8964900000.0
P47880,Igfbp6,3269600000.0,3113100000.0,3361200000.0,1737300000.0
P47878,Igfbp3,4892500000.0,1979400000.0,4375700000.0,2271900000.0
Q9CYK2,Qpct,15496000000.0,9705400000.0,15582000000.0,5536700000.0
P28653,Bgn,19871000000.0,54053000000.0,16575000000.0,45560000000.0
Q61508,Ecm1,1978200000.0,21273000000.0,2286300000.0,16508000000.0
P11152,Lpl,3025500000.0,2126700000.0,2647500000.0,1548100000.0
P06909,Cfh,230840000.0,2728100000.0,222860000.0,4309700000.0
P70275,Sema3e,1074700000.0,1250200000.0,546930000.0,1322000000.0
O70250,Pgam2,553040000.0,157300000.0,378610000.0,174160000.0
Q9JKF1,Iqgap1,411620000.0,2045400000.0,189600000.0,476060000.0
Q5SWU9,Acaca,201500000.0,105260000.0,1465400.0,132290000.0
P22892,Ap1g1,457790000.0,222750000.0,550210000.0,43520000.0
Q9WTX5,Skp1,846530000.0,443420000.0,609560000.0,409850000.0
P80314,Cct2,1853700000.0,564630000.0,1803700000.0,1006200000.0
P16675,Ctsa,2754000000.0,2252200000.0,2618500000.0,2166800000.0
P80316,Cct5,910460000.0,816000000.0,1902400000.0,889830000.0
P51174,Acadl,1260800000.0,441630000.0,812990000.0,614380000.0
Q9Z1F9,Uba2,1133200000.0,107900000.0,736000000.0,128400000.0
Q01405,Sec23a,753890000.0,480620000.0,402030000.0,386650000.0
Q91YE6,Ipo9,393350000.0,496020000.0,496890000.0,232890000.0
O88544,Cops4,2001200000.0,1490200000.0,1234300000.0,972780000.0
Q91ZJ5,Ugp2,1770100000.0,1565400000.0,1660900000.0,959080000.0
Q99MN1,Kars,1854300000.0,1577000000.0,1213700000.0,1171200000.0
Q9CWH6,Psma8,764440000.0,140430000.0,712630000.0,438910000.0
Q01730,Rsu1,1940200000.0,1388400000.0,1369500000.0,1306900000.0
Q9CZY3,Ube2v1,2327500000.0,2094400000.0,994310000.0,1713600000.0
O08553,Dpysl2,1625700000.0,3048600000.0,2257600000.0,2948000000.0
Q9CY58,Serbp1,120320000.0,105310000.0,45834000.0,97473000.0
Q99PT1,Arhgdia,6119900000.0,5041100000.0,4594600000.0,9349200000.0
O35643,Ap1b1,264070000.0,197500000.0,112110000.0,242640000.0
O08795,Prkcsh,2891800000.0,2154200000.0,1157100000.0,1951900000.0
Q9D8N0,Eef1g,4741900000.0,6239200000.0,3894500000.0,8593800000.0
P28352,Apex1,1499500000.0,1126100000.0,1192300000.0,752870000.0
O88958,Gnpda1,2749700000.0,1434700000.0,2010700000.0,1452100000.0
Q9D154,Serpinb1a,2144000000.0,2938900000.0,3066100000.0,3165100000.0
Q9R1P1,Psmb3,4218300000.0,2929400000.0,4210300000.0,4466800000.0
Q9Z0S1,Bpnt1,1796300000.0,1729300000.0,1404500000.0,978230000.0
Q99JW2,Acy1,847270000.0,589080000.0,308650000.0,400710000.0
Q9CY64,Blvra,1324200000.0,1071700000.0,773760000.0,497180000.0
Q9CZU6,Cs,8968400000.0,6062000000.0,6013000000.0,3138800000.0
O35459,Ech1,3123100000.0,2253300000.0,364630000.0,303960000.0
Q01768,Nme2,6401500000.0,4584400000.0,3881300000.0,7502300000.0
O55023,Impa1,3673500000.0,3935200000.0,4669600000.0,5083200000.0
P51660,Hsd17b4,1625800000.0,339760000.0,830770000.0,112110000.0
Q9D0K2,Oxct1,2419600000.0,1591400000.0,2517100000.0,910600000.0
O08807,Prdx4,7240700000.0,4837600000.0,6491500000.0,4787600000.0
P48759,Ptx3,7786600000.0,5583700000.0,5435100000.0,3233100000.0
Q80UB0,,19802000000.0,7023600000.0,15127000000.0,9121400000.0
Q62165,Dag1,3484000000.0,5812500000.0,3698000000.0,4424500000.0
P10923,Spp1,13482000000.0,42377000000.0,3770000000.0,40999000000.0
P07141,Csf1,4311800000.0,9815600000.0,4231300000.0,7352200000.0
P97497,Shbg,4108600000.0,2130800000.0,6010000000.0,2845400000.0
P11672,Lcn2,20264000000.0,258300000000.0,19708000000.0,226790000000.0
P98063,Bmp1,216950000.0,1265200000.0,108120000.0,1435800000.0
Q07797,Lgals3bp,2372700000.0,3375900000.0,1923000000.0,2001400000.0
Q8BFR4,Gns,1895300000.0,1869200000.0,1298300000.0,1087800000.0
P18406,Cyr61,12959000000.0,14658000000.0,12374000000.0,22548000000.0
P21956,Mfge8,2181200000.0,2705300000.0,2141400000.0,3140200000.0
Q8BKG3,Ptk7,660840000.0,1966900000.0,369100000.0,2505200000.0
Q60972,Rbbp4,4331800000.0,3462000000.0,3838500000.0,2545300000.0
P62334,Psmc6,885430000.0,303650000.0,727420000.0,316180000.0
Q8CDN6,Txnl1,2429400000.0,2631000000.0,1509700000.0,1429900000.0
Q9Z1Z2,Strap,727740000.0,528990000.0,252150000.0,533940000.0
P80317,Cct6a,1090300000.0,769970000.0,1879700000.0,1649200000.0
P17918,Pcna,3057500000.0,2104800000.0,2489700000.0,2208600000.0
Q9CXW3,Cacybp,983960000.0,781880000.0,501260000.0,1071900000.0
Q9QZE5,Copg1,639860000.0,499030000.0,650900000.0,281050000.0
Q9D1E6,Tbcb,401760000.0,223510000.0,282790000.0,280900000.0
Q920E5,Fdps,3317700000.0,3582900000.0,1975200000.0,4117800000.0
P05063,Aldoc,244050000.0,435010000.0,117440000.0,202030000.0
Q91XV3,Basp1,1637000000.0,369180000.0,765000000.0,442980000.0
Q9WTM5,Ruvbl2,737440000.0,173960000.0,717760000.0,325690000.0
Q9CWS0,Ddah1,1199400000.0,1116700000.0,486180000.0,847520000.0
Q05186,Rcn1,1699400000.0,1334500000.0,458970000.0,1536300000.0
Q9CYR6,Pgm3,985300000.0,671130000.0,647890000.0,919530000.0
Q9CQI3,Gmfb,2143900000.0,763010000.0,110130000.0,1808600000.0
Q9DBG3,Ap2b1,754820000.0,797130000.0,565140000.0,889230000.0
Q9Z0N1,Eif2s3x,1479400000.0,1424700000.0,740120000.0,637070000.0
Q8BGR9,Ublcp1,1228100000.0,650330000.0,646840000.0,454900000.0
Q9CXI5,Manf,2632700000.0,1196000000.0,1327500000.0,2400900000.0
Q9D051,Pdhb,3853400000.0,875380000.0,1060600000.0,428250000.0
F6ZDS4,Tpr,112410000.0,82854000.0,51428000.0,63830000.0
P05132;P68181,Prkaca;Prkacb,776320000.0,535730000.0,109010000.0,433210000.0
Q9D819,Ppa1,1314300000.0,1410800000.0,1140200000.0,571440000.0
O09061,Psmb1,7313200000.0,5489800000.0,6459800000.0,5380900000.0
Q61171,Prdx2,20084000000.0,14220000000.0,14480000000.0,18848000000.0
P59242,Cgn,262480000.0,108490000.0,298910000.0,221450000.0
Q9DBF1,Aldh7a1,3259800000.0,3183000000.0,3137500000.0,2150100000.0
P30681,Hmgb2,714550000.0,988880000.0,102940000.0,370380000.0
P63158,Hmgb1,795440000.0,3260800000.0,146350000.0,712320000.0
P97372,Psme2,1365700000.0,1727900000.0,904310000.0,2066000000.0
Q62446,Fkbp3,733280000.0,1357400000.0,274830000.0,423470000.0
P97371,Psme1,2036400000.0,1925500000.0,1812600000.0,2785400000.0
Q9CQ60,Pgls,2350900000.0,2248800000.0,1537300000.0,2865300000.0
Q91W89,Man2c1,313850000.0,129680000.0,177030000.0,20400000.0
Q9EQU5,Set,3779700000.0,5810300000.0,80791000.0,5509400000.0
Q8BP92,Rcn2,2342500000.0,2246100000.0,875300000.0,2465900000.0
A6H630,Armt1,1488700000.0,529120000.0,1355200000.0,254170000.0
P24472,Gsta4,27434000000.0,32073000000.0,30555000000.0,49116000000.0
P25785,Timp2,9387000000.0,6730900000.0,6342700000.0,9880200000.0
P01901,H2-K1,2272500000.0,2560100000.0,1316500000.0,1931500000.0
O88531,Ppt1,6220200000.0,4205200000.0,4347200000.0,3720600000.0
Q9WVJ3,Cpq,3375100000.0,2986600000.0,2711900000.0,2459100000.0
P12804,Fgl2,491820000.0,431210000.0,563990000.0,164700000.0
Q8VC30,Dak,1246500000.0,185640000.0,977450000.0,98833000.0
Q9QZF2,Gpc1,1419900000.0,634140000.0,1103200000.0,751830000.0
Q78PY7,Snd1,260350000.0,126650000.0,96146000.0,222200000.0
Q9QWR8,Naga,1316600000.0,1157400000.0,616410000.0,309010000.0
O09172,Gclm,1140800000.0,1385700000.0,1204300000.0,1551800000.0
Q61001,Lama5,46346000.0,39608000.0,20209000.0,55348000.0
Q99L47,St13,3002500000.0,1662000000.0,224010000.0,784060000.0
Q05816,Fabp5,568130000.0,428920000.0,213960000.0,523360000.0
P80313,Cct7,1250800000.0,1388300000.0,2187200000.0,1900500000.0
Q9CYA0,Creld2,1280400000.0,536070000.0,1048800000.0,456820000.0
P46471,Psmc2,649410000.0,932930000.0,311460000.0,324670000.0
Q9JMA1,Usp14,1446800000.0,598760000.0,916250000.0,863130000.0
Q9CQM9,Glrx3,1387500000.0,1467500000.0,224420000.0,2208800000.0
P14685,Psmd3,1190600000.0,517880000.0,1331900000.0,396230000.0
Q64669,Nqo1,710080000.0,1095900000.0,687060000.0,1102000000.0
A6H5Y3,Mtr,156300000.0,52788000.0,173240000.0,20882000.0
Q99KQ4,Nampt,1080700000.0,1322600000.0,1334500000.0,872980000.0
Q9CPW4,Arpc5,1601300000.0,1366400000.0,273600000.0,1327900000.0
Q9EST5,Anp32b,2659900000.0,4034600000.0,86092000.0,1636100000.0
P26516,Psmd7,1060400000.0,944070000.0,607790000.0,753490000.0
P55302,Lrpap1,731840000.0,319570000.0,687650000.0,754590000.0
Q9CZ30,Ola1,765330000.0,453890000.0,370210000.0,214080000.0
P00493,Hprt1,3736600000.0,3677700000.0,3967900000.0,6564700000.0
Q8C878,Uba3,808020000.0,503330000.0,470980000.0,199450000.0
O54724,Ptrf,589100000.0,580360000.0,80565000.0,185530000.0
Q9D8Y0,Efhd2,2306000000.0,1647700000.0,1700700000.0,2799600000.0
P48428,Tbca,1439500000.0,832660000.0,979710000.0,943260000.0
P61161,Actr2,2219500000.0,2473700000.0,2012900000.0,3070100000.0
P28474,Adh5,1503700000.0,1608400000.0,1280500000.0,711910000.0
Q8BGF3,Wdr92,734710000.0,201280000.0,130710000.0,149600000.0
Q8R146,Apeh,1329100000.0,702860000.0,521820000.0,358090000.0
P61089,Ube2n,3000400000.0,1396000000.0,665680000.0,1880400000.0
O35864,Cops5,1297800000.0,956290000.0,844540000.0,394990000.0
O89079,Cope,932110000.0,1032100000.0,509880000.0,568050000.0
Q8C0M9,Asrgl1,1203000000.0,303180000.0,755990000.0,248470000.0
Q64442,Sord,1093500000.0,514770000.0,241270000.0,290920000.0
P27612,Plaa,356080000.0,225920000.0,338710000.0,1261900000.0
O70251,Eef1b,1692700000.0,2049900000.0,1294200000.0,3049900000.0
Q8R3Q6,Ccdc58,392900000.0,216440000.0,36619000.0,179150000.0
Q9CZC8,Scrn1,976010000.0,502830000.0,424100000.0,740230000.0
P49722,Psma2,5610800000.0,5076900000.0,4687200000.0,5978400000.0
Q8CHP8,Pgp,3680500000.0,2005500000.0,2597400000.0,1468000000.0
Q99JF8,Psip1,360130000.0,264570000.0,129240000.0,171150000.0
P51859,Hdgf,2175300000.0,1906600000.0,806560000.0,1127000000.0
Q8BVI4,Qdpr,2490300000.0,2222600000.0,2320100000.0,2659100000.0
Q61937,Npm1,1034600000.0,3191800000.0,267090000.0,2539100000.0
Q60597,Ogdh,261950000.0,20444000.0,212760000.0,47101000.0
Q61584,Fxr1,59845000.0,2574800.0,20292000.0,61702000.0
Q8BIJ6,Iars2,187130000.0,44750000.0,62742000.0,109710000.0
Q9QXD6,Fbp1,1106500000.0,23379000.0,1104500000.0,88130000.0
Q60963,Pla2g7,2201100000.0,1362800000.0,1943500000.0,1406900000.0
P28654,Dcn,4637000000.0,13484000000.0,4044700000.0,10661000000.0
Q9WTM3,Sema6c,1449700000.0,528790000.0,625990000.0,172220000.0
Q06335,Aplp2,1484800000.0,724280000.0,1564100000.0,1953300000.0
O35684,Serpini1,1617800000.0,1419500000.0,1437200000.0,424940000.0
Q61554,Fbn1,93057000.0,760270000.0,94804000.0,396770000.0
Q9CZT5,Vasn,2318500000.0,1465200000.0,1594800000.0,1321600000.0
Q811B1,Xylt1,482790000.0,66285000.0,336920000.0,36983000.0
Q99M71,Epdr1,1795000000.0,1205000000.0,1669000000.0,1006800000.0
Q62181,Sema3c,330040000.0,549560000.0,305160000.0,464110000.0
P62983;P62984;P0CG49;P0CG50,Rps27a;Uba52;Ubb;Ubc,11116000000.0,9497700000.0,13568000000.0,12609000000.0
Q64191,Aga,2106300000.0,1215800000.0,1059300000.0,1629500000.0
Q99K51,Pls3,899090000.0,1748700000.0,452230000.0,1591100000.0
Q60631,Grb2,1324200000.0,955530000.0,587440000.0,1118400000.0
P63330,Ppp2ca,262120000.0,275220000.0,1108200000.0,906720000.0
Q06138,Cab39,1851800000.0,1152100000.0,1145000000.0,201240000.0
P14602,Hspb1,381760000.0,251620000.0,213900000.0,315150000.0
P63087,Ppp1cc,586030000.0,276370000.0,813270000.0,599340000.0
Q9D1P4,Chordc1,600090000.0,274340000.0,224830000.0,265710000.0
P53994,Rab2a,570790000.0,354770000.0,477470000.0,554730000.0
P62141,Ppp1cb,1403300000.0,1344000000.0,317830000.0,291910000.0
Q8BWY3,Etf1,1492800000.0,739930000.0,245880000.0,918030000.0
P61087,Ube2k,1167000000.0,647400000.0,615710000.0,820410000.0
P53996,Cnbp,1144500000.0,1410400000.0,1120000000.0,908620000.0
P60335,Pcbp1,2221100000.0,1345900000.0,1530500000.0,1011000000.0
Q8CAY6,Acat2,1660900000.0,1683700000.0,446370000.0,958170000.0
O08677,Kng1,194140000.0,224210000.0,97136000.0,215410000.0
Q9CZD3,Gars,651020000.0,301090000.0,743990000.0,27093000.0
Q00612,G6pdx,531030000.0,551520000.0,444320000.0,3519300000.0
P97351,Rps3a,314340000.0,202200000.0,67637000.0,343580000.0
Q11136,Pepd,2032900000.0,2611500000.0,2495400000.0,741330000.0
Q9QZD9,Eif3i,721220000.0,508230000.0,683050000.0,386920000.0
O35737;P70333,Hnrnph1;Hnrnph2,250730000.0,274210000.0,115290000.0,232510000.0
Q91WQ3,Yars,908020000.0,971680000.0,504820000.0,1043300000.0
P97315,Csrp1,1312400000.0,1175300000.0,719390000.0,558490000.0
Q8VDW0,Ddx39a,278500000.0,53719000.0,145840000.0,52770000.0
P50516,Atp6v1a,1020800000.0,1124200000.0,1140200000.0,1214000000.0
Q60715,P4ha1,662220000.0,801980000.0,116010000.0,221100000.0
P62821,Rab1A,1183800000.0,843140000.0,1096000000.0,981270000.0
Q9Z2N8,Actl6a,567510000.0,191460000.0,335550000.0,140480000.0
P23591,Tsta3,1201400000.0,399100000.0,604210000.0,397720000.0
P47753,Capza1,2729900000.0,2089700000.0,1782300000.0,1891100000.0
Q62188,Dpysl3,320380000.0,798910000.0,724400000.0,912910000.0
Q6P1B1,Xpnpep1,1569600000.0,1376100000.0,1043800000.0,2312400000.0
P99029,Prdx5,2620400000.0,2406800000.0,309030000.0,2727900000.0
Q9DC23,Dnajc10,562600000.0,232210000.0,457990000.0,48096000.0
Q60598,Cttn,283430000.0,259020000.0,82845000.0,158790000.0
P16045,Lgals1,10421000000.0,5735200000.0,11467000000.0,9495600000.0
Q9D2M8,Ube2v2,207720000.0,163980000.0,50573000.0,234590000.0
Q8R164,Bphl,431700000.0,414220000.0,400770000.0,240160000.0
P61327;Q9CQL1,Magoh;Magohb,2120900000.0,791010000.0,319400000.0,1591100000.0
Q9JJU8,Sh3bgrl,1641800000.0,1072900000.0,2010000000.0,3070300000.0
P47968,Rpia,571550000.0,926790000.0,605720000.0,512780000.0
Q9JK81,Myg1,905700000.0,628320000.0,373410000.0,664600000.0
Q9D7X8,Ggct,532610000.0,141840000.0,340590000.0,143060000.0
P70195,Psmb7,3900100000.0,3212700000.0,13850000000.0,2185100000.0
P00375,Dhfr,535660000.0,623980000.0,395690000.0,613490000.0
Q9DAK9,Phpt1,821390000.0,303960000.0,414480000.0,470340000.0
Q3TCN2,Plbd2,1346600000.0,1231300000.0,1191100000.0,1228800000.0
Q8BH97,Rcn3,2467000000.0,2131600000.0,1502000000.0,3352200000.0
A3KMP2,Ttc38,496980000.0,1198100000.0,1011500000.0,86273000.0
Q9WTP6,Ak2,2126800000.0,1579200000.0,1888800000.0,1485100000.0
P35505,Fah,759290000.0,458540000.0,392430000.0,466420000.0
Q9Z2U1,Psma5,7011800000.0,5635800000.0,6109400000.0,8148700000.0
O35143,Atpif1,571930000.0,409390000.0,421970000.0,340770000.0
P49312,Hnrnpa1,3055200000.0,4891200000.0,2159800000.0,4391100000.0
Q8K4Z3,Apoa1bp,2686100000.0,1894300000.0,989940000.0,1855700000.0
Q60668,Hnrnpd,1977300000.0,2591300000.0,1328100000.0,2521000000.0
Q99LP6,Grpel1,1780200000.0,1016900000.0,1771700000.0,927780000.0
P35979,Rpl12,4388600000.0,5456800000.0,3900500000.0,6160400000.0
P00015,Cyct,329600000.0,143730000.0,1004200000.0,235920000.0
P20108,Prdx3,7267000000.0,5647300000.0,7016900000.0,6846800000.0
P97311,Mcm6,182730000.0,,31147000.0,
O89017,Lgmn,22891000000.0,10688000000.0,18583000000.0,10313000000.0
P11859,Agt,3501900000.0,5644500000.0,2943700000.0,3183100000.0
Q9WUU7,Ctsz,3387900000.0,3613900000.0,4308500000.0,2662600000.0
O88668,Creg1,488960000.0,611080000.0,363470000.0,510070000.0
Q9Z0L8,Ggh,1706400000.0,1783800000.0,2276000000.0,1670200000.0
Q02853,Mmp11,635430000.0,338450000.0,409310000.0,321900000.0
O88393,Tgfbr3,564810000.0,858430000.0,647940000.0,1157200000.0
A2A8L5,Ptprf,235360000.0,576800000.0,131120000.0,486370000.0
B9EKR1,Ptprz1,542550000.0,140240000.0,303090000.0,20366000.0
Q9Z2L6,Minpp1,1638200000.0,1343100000.0,2067600000.0,1508600000.0
P30412,Ppic,3110200000.0,9746800000.0,2677300000.0,20434000000.0
Q9Z0J0,Npc2,6055600000.0,5161400000.0,5868400000.0,8765600000.0
Q9JHQ5,Lztfl1,523210000.0,37113000.0,624160000.0,189080000.0
P32507,Pvrl2,880800000.0,840740000.0,616880000.0,599790000.0
B2RXS4,Plxnb2,453690000.0,481880000.0,8910000000.0,595440000.0
Q60648,Gm2a,7582100000.0,3449100000.0,7737700000.0,8381600000.0
P29391;P49945,Ftl1;Ftl2,910840000.0,2747900000.0,699700000.0,1061400000.0
P60521,Gabarapl2,342970000.0,232120000.0,349460000.0,349890000.0
Q60872,Eif1a,28489000.0,12549000.0,,11512000.0
Q60973,Rbbp7,533460000.0,781980000.0,266030000.0,407880000.0
P09528,Fth1,1775000000.0,1448000000.0,1382100000.0,1871200000.0
P70122,Sbds,272910000.0,699300000.0,304780000.0,418480000.0
Q61699,Hsph1,106140000.0,45046000.0,66319000.0,260550000.0
P53811,Pitpnb,219560000.0,339780000.0,116510000.0,234520000.0
Q9EPL8,Ipo7,534210000.0,674690000.0,224440000.0,703100000.0
P63085,Mapk1,623700000.0,821400000.0,259150000.0,867620000.0
Q9D0R2,Tars,966990000.0,978750000.0,418750000.0,76129000.0
P62137,Ppp1ca,160190000.0,89253000.0,465960000.0,176390000.0
Q61576,Fkbp10,1200800000.0,1565700000.0,979840000.0,965080000.0
Q8BMJ3,Eif1ax,513870000.0,538490000.0,66174000.0,370300000.0
P62869,Tceb2,619890000.0,363640000.0,86060000.0,311960000.0
P46638;P62492,Rab11b;Rab11a,2497900000.0,1316700000.0,1710300000.0,1617200000.0
Q60739,Bag1,164830000.0,84729000.0,231880000.0,110170000.0
O08810,Eftud2,167330000.0,101830000.0,52955000.0,91594000.0
Q9CWJ9,Atic,809340000.0,542270000.0,437670000.0,850430000.0
Q9R0P3,Esd,1997500000.0,3116500000.0,1307000000.0,2468800000.0
Q9QZ08,Nagk,380190000.0,126900000.0,158060000.0,102840000.0
Q9D0I8,Mrto4,175860000.0,57177000.0,51427000.0,13246000.0
P97494,Gclc,816830000.0,360840000.0,233380000.0,711360000.0
Q99KR3,Lactb2,674860000.0,352520000.0,397260000.0,401700000.0
P47754,Capza2,796350000.0,1203100000.0,946000000.0,490470000.0
Q9CR00,Psmd9,515320000.0,315490000.0,140260000.0,208400000.0
Q61166,Mapre1,881080000.0,851940000.0,750990000.0,731330000.0
Q9D1A2,Cndp2,1031400000.0,2784900000.0,1442300000.0,1850600000.0
Q9JM76,Arpc3,2200000000.0,1952000000.0,1779600000.0,3180800000.0
Q5FWK3,Arhgap1,991390000.0,1296300000.0,580080000.0,418950000.0
Q64010,Crk,650070000.0,731200000.0,523750000.0,632740000.0
Q99KB8,Hagh,1925500000.0,810660000.0,1488900000.0,1181200000.0
P16858,Gapdh,636650000.0,1190600000.0,877800000.0,721380000.0
P23116,Eif3a,230090000.0,172800000.0,56117000.0,36840000.0
Q64674,Srm,991200000.0,1336600000.0,787490000.0,1002800000.0
Q9Z247,Fkbp9,1503800000.0,1108200000.0,861470000.0,974930000.0
P61965,Wdr5,654370000.0,363140000.0,174670000.0,114450000.0
P14131,Rps16,480530000.0,519730000.0,63244000.0,685110000.0
P10639,Txn,1427100000.0,3151200000.0,2960100000.0,1687000000.0
P54822,Adsl,938800000.0,481580000.0,1055400000.0,891380000.0
O08585,Clta,1110300000.0,291000000.0,410950000.0,450140000.0
Q9R0Q7,Ptges3,1459100000.0,1326700000.0,246230000.0,1027400000.0
P47811,Mapk14,456770000.0,460460000.0,183650000.0,464890000.0
P70372,Elavl1,680920000.0,527470000.0,696600000.0,737530000.0
Q8C0E2,Vps26b,495950000.0,233790000.0,184170000.0,164630000.0
Q9CZ04,Cops7a,433180000.0,512320000.0,495520000.0,755300000.0
Q9DBR7,Ppp1r12a,183370000.0,94587000.0,142920000.0,141060000.0
P63028,Tpt1,7527200000.0,8515100000.0,8001500000.0,11663000000.0
P28063,Psmb8,930880000.0,665090000.0,712970000.0,952000000.0
P14206,Rpsa,2757800000.0,2196900000.0,1084000000.0,2340500000.0
P83917,Cbx1,699650000.0,652750000.0,534790000.0,573030000.0
Q8VDK1,Nit1,384280000.0,102270000.0,309490000.0,154260000.0
P31786,Dbi,2963900000.0,1567000000.0,2379800000.0,2448800000.0
Q9D892,Itpa,2640100000.0,1641600000.0,1304800000.0,1203900000.0
Q9ERE7,Mesdc2,1874900000.0,918400000.0,1160800000.0,943610000.0
O35215,Ddt,5198300000.0,1484400000.0,2856800000.0,3950000000.0
P62965,Crabp1,437450000.0,134340000.0,458570000.0,238990000.0
P45878,Fkbp2,871080000.0,312840000.0,485410000.0,644750000.0
O08716,Fabp9,2978300000.0,828710000.0,1175300000.0,776760000.0
Q6ZWY9;Q64525;Q64478;P10854,Hist1h2bc;Hist2h2bb;Hist1h2bh;Hist1h2bm,3849700000.0,4248000000.0,5741300.0,2372100.0
P62317,Snrpd2,941390000.0,781430000.0,352160000.0,741380000.0
P09671,Sod2,11947000000.0,5931400000.0,6914400000.0,5945200000.0
P32261,Serpinc1,117570000.0,158320000.0,158660000.0,
P70696,Hist1h2ba,14820000.0,36597000.0,1246200000.0,5661300000.0
Q9Z2C8,Ybx2,215740000.0,85223000.0,583090000.0,329240000.0
P12032,Timp1,25370000000.0,49605000000.0,14064000000.0,31832000000.0
Q9EQC7,Fstl3,1402900000.0,887790000.0,1418000000.0,492170000.0
Q571E4,Galns,855580000.0,1049700000.0,696420000.0,1446000000.0
Q9CYN9,Atp6ap2,982730000.0,1543600000.0,1078600000.0,1029500000.0
P58022,Loxl2,587370000.0,1541600000.0,905250000.0,1477100000.0
O35598,Adam10,371730000.0,259720000.0,204330000.0,234740000.0
Q61245,Col11a1,,502580000.0,,113120000.0
Q04999,Inhbb,522030000.0,126060000.0,383650000.0,239610000.0
Q08879,Fbln1,538480000.0,265330000.0,116570000.0,132610000.0
Q9Z1Q5,Clic1,1127600000.0,2062300000.0,811550000.0,2692400000.0
Q61081,Cdc37,896050000.0,328770000.0,91119000.0,259010000.0
Q8R0P4,Aamdc,301350000.0,206680000.0,429690000.0,240480000.0
Q62465,Vat1,1117000000.0,1709200000.0,1095900000.0,1667100000.0
Q8BU30,Iars,153100000.0,140360000.0,89848000.0,36259000.0
P62715,Ppp2cb,935250000.0,1737900000.0,46437000.0,124070000.0
Q9D1M0,Sec13,648630000.0,407530000.0,754670000.0,120650000.0
Q8R180,Ero1l,828830000.0,756900000.0,1068800000.0,339880000.0
Q9D8B3,Chmp4b,698070000.0,436120000.0,125940000.0,100060000.0
P62880;P29387,Gnb2;Gnb4,79006000.0,61022000.0,80168000.0,39346000.0
Q61792,Lasp1,786770000.0,424470000.0,197220000.0,226080000.0
Q8VEK3,Hnrnpu,700110000.0,608980000.0,389440000.0,480800000.0
P80315,Cct4,1008900000.0,657060000.0,1488100000.0,738300000.0
Q6NZB0,Dnajc8,416710000.0,1040300000.0,230830000.0,420490000.0
Q6PDY2,Ado,186180000.0,201200000.0,143160000.0,172550000.0
P34022,Ranbp1,882400000.0,731100000.0,856030000.0,933280000.0
Q9JKB3,Ybx3,1109200000.0,451280000.0,63172000.0,75886000.0
P07356,Anxa2,214950000.0,762480000.0,70067000.0,862760000.0
P62196,Psmc5,393780000.0,285190000.0,273890000.0,104220000.0
Q61990;P57722,Pcbp2;Pcbp3,601180000.0,289360000.0,418510000.0,173900000.0
Q8BJY1,Psmd5,1078500000.0,937240000.0,1751800000.0,1460400000.0
Q9Z2I9,Sucla2,548800000.0,30807000.0,280150000.0,10684000.0
P97470,Ppp4c,579980000.0,254040000.0,169630000.0,
Q9EPC1,Parva,533720000.0,1044100000.0,439020000.0,963010000.0
P58044,Idi1,1558900000.0,2522800000.0,1823200000.0,3439200000.0
P62874,Gnb1,1460300000.0,1607800000.0,804690000.0,437420000.0
Q99LS3,Psph,1134100000.0,1221100000.0,769330000.0,716870000.0
Q9ERF3,Wdr61,392730000.0,93118000.0,118650000.0,21294000.0
O35841,Api5,477290000.0,623310000.0,628260000.0,272320000.0
Q9WVQ5,Apip,896640000.0,679150000.0,400610000.0,850550000.0
Q60605,Myl6,2776800000.0,1943300000.0,1381800000.0,3090100000.0
Q9CZX8,Rps19,224270000.0,296520000.0,24981000.0,361150000.0
Q99KC8,Vwa5a,461590000.0,420720000.0,342980000.0,307100000.0
Q9WUM4,Coro1c,519920000.0,1136000000.0,434740000.0,1253800000.0
O54983,Crym,602790000.0,302660000.0,123810000.0,28050000.0
Q99KV1,Dnajb11,584600000.0,282630000.0,373310000.0,474290000.0
P62245,Rps15a,329170000.0,316310000.0,115570000.0,459140000.0
Q9Z204,Hnrnpc,357930000.0,245740000.0,288760000.0,375590000.0
Q6ZQI3,Mlec,280380000.0,267320000.0,165690000.0,162590000.0
Q923D2,Blvrb,6649800000.0,6773800000.0,4879000000.0,6932000000.0
Q3THE2,Myl12b,1825400000.0,1061000000.0,58330000.0,813400000.0
Q9D8S4,Rexo2,1320800000.0,699090000.0,461020000.0,480910000.0
Q9CQF3,Nudt21,799830000.0,606080000.0,594660000.0,758370000.0
O88543,Cops3,912460000.0,714450000.0,439540000.0,1187800000.0
P68037,Ube2l3,828860000.0,1079900000.0,1595700000.0,1538800000.0
P99026,Psmb4,5866500000.0,3546500000.0,5765100000.0,8530200000.0
Q9JMI7,Tex101,2070300000.0,736120000.0,1085300000.0,227070000.0
Q8BVU5,Nudt9,697310000.0,431360000.0,205890000.0,193870000.0
Q9CQU0,Txndc12,1772800000.0,982000000.0,439910000.0,910430000.0
Q9JJV2,Pfn2,1284200000.0,745320000.0,1545500000.0,958250000.0
O89086,Rbm3,577110000.0,838740000.0,107860000.0,84530000.0
P57776,Eef1d,826620000.0,811770000.0,466310000.0,1013300000.0
P32020,Scp2,208580000.0,183130000.0,188550000.0,111730000.0
Q8BHG2,,749930000.0,341740000.0,761100000.0,1006500000.0
Q8BG05,Hnrnpa3,248860000.0,166350000.0,427610000.0,136390000.0
Q91V64,Isoc1,411060000.0,686020000.0,597540000.0,519210000.0
Q9JI75,Nqo2,475380000.0,412010000.0,1540900000.0,776880000.0
Q9D0W5,Ppil1,1387200000.0,721180000.0,1078500000.0,1265200000.0
Q9CYR0,Ssbp1,549290000.0,595590000.0,217870000.0,558700000.0
Q9CPU0,Glo1,4326500000.0,3645800000.0,3853500000.0,4468300000.0
Q6PE15,Abhd10,289720000.0,85661000.0,102310000.0,14375000.0
Q9WTP7,Ak3,447090000.0,276890000.0,501050000.0,398480000.0
Q9R0X4;Q32MW3,Acot9;Acot10,443660000.0,400840000.0,199670000.0,191920000.0
Q9CQ19,Myl9,262310000.0,126060000.0,286600000.0,1167600000.0
Q91V76,,1073100000.0,1300600000.0,1200900000.0,1119400000.0
Q91VM5,Rbmxl1,728850000.0,645570000.0,358070000.0,556000000.0
Q9Z1X4,Ilf3,281320000.0,381700000.0,346940000.0,385660000.0
Q9ESP1,Sdf2l1,717610000.0,189710000.0,420500000.0,270820000.0
P16406,Enpep,198300000.0,114940000.0,83885000.0,164420000.0
Q3UV17,Krt76,6393900000.0,2753600000.0,1870500000.0,5163200000.0
P42125,Eci1,1606700000.0,1062400000.0,1344300000.0,2052200000.0
P62960,Ybx1,64141000.0,45921000.0,12562000.0,32162000.0
Q9QYR9,Acot2,,136260000.0,47860000.0,
Q9QXK3,Copg2,166910000.0,13445000.0,66251000.0,
Q922D4,Ppp6r3,123240000.0,4567500.0,23039000.0,
Q8K2B3,Sdha,599370000.0,38617000.0,178700000.0,33018000.0
Q91VC3,Eif4a3,33266000.0,3543600.0,5205900.0,4069800.0
Q99KE1,Me2,418730000.0,45584000.0,294010000.0,146270000.0
Q8VIG3,Rsph1,324510000.0,,49545000.0,
Q6PDI5,Ecm29,62197000.0,,27918000.0,2191800.0
P22907,Hmbs,275630000.0,22939000.0,314380000.0,346660000.0
Q9QXZ0,Macf1,58629000.0,7441100.0,25373000.0,105610000.0
Q8K4F5,Abhd11,398750000.0,52313000.0,189280000.0,82293000.0
P60122,Ruvbl1,721870000.0,95751000.0,1218600000.0,188240000.0
P21460,Cst3,24423000000.0,21960000000.0,17614000000.0,22952000000.0
Q9ESY9,Ifi30,1376100000.0,2351700000.0,1160900000.0,1958900000.0
Q924X6,Lrp8,432630000.0,332670000.0,181460000.0,35134000.0
Q9JJH1,Rnase4,1020500000.0,1600200000.0,298480000.0,1461400000.0
Q62217,Sema5a,332820000.0,71180000.0,189320000.0,
P42703,Lifr,146000000.0,74008000.0,23202000.0,
Q9QXX0,Jag1,113070000.0,445760000.0,29179000.0,244750000.0
Q8C0F9,Prss35,1333000000.0,304740000.0,2016300000.0,1277900000.0
Q76KF0,Sema6d,287970000.0,81834000.0,129340000.0,22763000.0
Q8BM88,Ctso,705490000.0,376110000.0,382670000.0,238080000.0
P01029,C4b,314990000.0,1084200000.0,156370000.0,53963000.0
O08746,Matn2,195570000.0,310900000.0,130510000.0,217350000.0
Q9DC11,Plxdc2,410920000.0,191940000.0,202230000.0,56622000.0
Q9DAW9,Cnn3,338530000.0,144780000.0,11877000.0,89824000.0
Q8R3R8,Gabarapl1,63378000.0,37575000.0,,20197000.0
Q99J36,Thumpd1,525740000.0,239500000.0,201350000.0,68204000.0
P12265,Gusb,747740000.0,1049300000.0,425930000.0,1239600000.0
Q8VBW6,Nae1,798340000.0,249560000.0,637200000.0,124890000.0
Q9CQV6,Map1lc3b,681550000.0,925200000.0,462260000.0,658430000.0
P46935,Nedd4,146250000.0,287090000.0,47116000.0,457560000.0
Q9D662,Sec23b,331500000.0,150060000.0,82625000.0,172970000.0
O55013,Trappc3,617530000.0,347590000.0,116280000.0,405820000.0
P23506,Pcmt1,1660900000.0,704280000.0,491020000.0,738750000.0
Q9WVA3,Bub3,263660000.0,253170000.0,148590000.0,347170000.0
Q923G2,Polr2h,506880000.0,251610000.0,61015000.0,546950000.0
Q9QZ88,Vps29,553980000.0,410180000.0,621290000.0,527140000.0
Q9EQ80,Nif3l1,595530000.0,392770000.0,265730000.0,114850000.0
Q99LD4,Gps1,499020000.0,527510000.0,489630000.0,111920000.0
Q3TMX7,Qsox2,179880000.0,46792000.0,445010000.0,465250000.0
Q9QZ73,Dcun1d1,266010000.0,226320000.0,145600000.0,112630000.0
Q3UM45,Ppp1r7,541160000.0,382680000.0,335410000.0,104330000.0
P17047,Lamp2,4432000000.0,3258800000.0,2761100000.0,1937300000.0
Q8R050;Q149F3,Gspt1;Gspt2,991290000.0,760740000.0,50152000.0,47217000.0
P46664,Adss,309850000.0,787340000.0,67583000.0,377720000.0
Q62426,Cstb,1575700000.0,684620000.0,1256800000.0,1685900000.0
Q9WUK2,Eif4h,208410000.0,198190000.0,19081000.0,55490000.0
P50431,Shmt1,254850000.0,39248000.0,115990000.0,136310000.0
Q8BP48,Metap1,358880000.0,411460000.0,144410000.0,239890000.0
Q99020,Hnrnpab,992400000.0,1573500000.0,524140000.0,1378700000.0
Q8BK64,Ahsa1,614650000.0,435120000.0,510660000.0,418730000.0
Q9WV55,Vapa,169160000.0,108510000.0,136540000.0,192880000.0
P26883,Fkbp1a,1311300000.0,766170000.0,1291300000.0,1341200000.0
P55264,Adk,175600000.0,68930000.0,205290000.0,215720000.0
P21550,Eno3,277360000.0,44840000.0,74684000.0,
P83940,Tceb1,515500000.0,166060000.0,469890000.0,414310000.0
P62281,Rps11,219020000.0,190480000.0,,269700000.0
Q9CRC9,Gnpda2,467440000.0,506260000.0,337640000.0,534800000.0
P21300,Akr1b7,651580000.0,253320000.0,1116500000.0,777720000.0
Q925B0,Pawr,90029000.0,66215000.0,136260000.0,25098000.0
Q91V12,Acot7,747050000.0,132210000.0,360110000.0,167940000.0
Q9CX80,Cygb,410440000.0,194090000.0,388980000.0,443480000.0
Q8VDG5,Ppcs,235390000.0,137350000.0,163080000.0,13963000.0
P56812,Pdcd5,810550000.0,295050000.0,499690000.0,873570000.0
Q9WUZ9,Entpd5,722820000.0,175440000.0,142270000.0,71929000.0
Q61206,Pafah1b2,1172200000.0,1614100000.0,1234000000.0,1350100000.0
Q8QZS1,Hibch,558920000.0,571590000.0,656040000.0,164510000.0
Q8CG72,Adprhl2,622440000.0,629420000.0,426250000.0,321540000.0
Q60692,Psmb6,7072200000.0,3670400000.0,4199100000.0,3441700000.0
Q8CJG0,Ago2,216930000.0,186020000.0,217980000.0,152270000.0
P14873,Map1b,89058000.0,192420000.0,90236000.0,352610000.0
P47199,Cryz,160550000.0,106570000.0,129270000.0,27101000.0
P56376,Acyp1,2108400000.0,546870000.0,1795300000.0,644100000.0
Q9R1Z7,Pts,323450000.0,87110000.0,13988000.0,153570000.0
Q7TSV4,Pgm2,844670000.0,654900000.0,609640000.0,1291700000.0
Q9DCC4,Pycrl,197230000.0,212250000.0,122920000.0,166410000.0
P38647,Hspa9,136840000.0,193540000.0,142300000.0,128090000.0
P14869,Rplp0,1682700000.0,2256600000.0,835600000.0,537390000.0
P99027,Rplp2,2164400000.0,689330000.0,934730000.0,2030200000.0
P51855,Gss,603320000.0,1208200000.0,993590000.0,792780000.0
P19536,Cox5b,76151000.0,38738000.0,82972000.0,88462000.0
Q8K3C3,Lzic,219220000.0,109080000.0,104810000.0,190620000.0
P84089,Erh,863660000.0,209000000.0,1114000000.0,834470000.0
Q99LJ6,Gpx7,274710000.0,358050000.0,192040000.0,127250000.0
Q924M7,Mpi,1430100000.0,1898700000.0,1610900000.0,1117300000.0
O88851,Rbbp9,799370000.0,611780000.0,579630000.0,1037500000.0
P63323,Rps12,1349200000.0,804200000.0,944950000.0,1404500000.0
Q61029;Q61033,Tmpo,166080000.0,113780000.0,52004000.0,88718000.0
Q9D6J6,Ndufv2,1998700000.0,1261600000.0,163530000.0,141050000.0
Q9JIQ3,Diablo,1136600000.0,190370000.0,442290000.0,245560000.0
Q9Z0X1,Aifm1,738090000.0,528270000.0,595590000.0,466890000.0
Q8BHA3,Dtd2,255050000.0,189470000.0,276140000.0,321140000.0
Q6PDM2,Srsf1,74930000.0,95345000.0,71484000.0,113520000.0
P11404,Fabp3,1082000000.0,1171900000.0,1629500000.0,1553400000.0
P62806,Hist1h4a,2049300000.0,2274300000.0,1506400000.0,5568300000.0
P97350,Pkp1,49142000.0,7649600.0,6808600.0,16320000.0
Q6A4J8,Usp7,62895000.0,9555600.0,24592000.0,
Q62148,Aldh1a2,649560000.0,190370000.0,451640000.0,56160000.0
Q8K4Z5,Sf3a1,45010000.0,2349200.0,10807000.0,3998700.0
Q9JJ78,Pbk,229640000.0,12035000.0,159480000.0,
Q9EPK7,Xpo7,124560000.0,,35517000.0,
Q9D1G1,Rab1b,77823000.0,13052000.0,22172000.0,11732000.0
Q9WUD8,Faim,117100000.0,29539000.0,153830000.0,75263000.0
Q8BI72,Cdkn2aip,88430000.0,10716000.0,5231300.0,32225000.0
P12399,Ctla2a,100650000.0,485490000.0,14320000.0,790380000.0
Q9CQ01,Rnaset2,3078100000.0,2830600000.0,2312800000.0,2494100000.0
Q9ER65,Clstn2,90969000.0,278970000.0,15749000.0,237330000.0
O08992,Sdcbp,189330000.0,691890000.0,52254000.0,624270000.0
P08905,Lyz2,784690000.0,1585200000.0,404430000.0,1115200000.0
P97467,Pam,433000000.0,283160000.0,610690000.0,200870000.0
Q8R242,Ctbs,1034000000.0,1324000000.0,482460000.0,651880000.0
P27090,Tgfb2,843720000.0,471280000.0,1195200000.0,650980000.0
Q61646,Hp,1273500000.0,2007900000.0,1211500000.0,2452600000.0
Q9WVG5,Lipg,124840000.0,195820000.0,177890000.0,114380000.0
P08226,Apoe,275400000.0,292870000.0,81689000.0,388240000.0
Q04997,Inha,642320000.0,59623000.0,326910000.0,149160000.0
P14901,Hmox1,416870000.0,890490000.0,541620000.0,927480000.0
P29416,Hexa,1247500000.0,672410000.0,663870000.0,609680000.0
A2ASQ1,Agrn,277600000.0,2872900000.0,391930000.0,2728500000.0
P35822,Ptprk,109590000.0,328010000.0,38373000.0,476990000.0
Q9QZZ6,Dpt,226420000.0,793040000.0,375830000.0,853800000.0
Q8VCF1,Cant1,370850000.0,473140000.0,417160000.0,583150000.0
Q8VCC9,Spon1,152630000.0,348730000.0,135090000.0,535230000.0
Q99JR5,Tinagl1,271280000.0,160280000.0,319090000.0,163010000.0
P61922,Abat,1271900000.0,649910000.0,1323700000.0,75126000.0
O88322,Nid2,126430000.0,267220000.0,410690000.0,334700000.0
Q91VU0,Fam3c,343080000.0,1422700000.0,285570000.0,1783300000.0
P97461,Rps5,173220000.0,91012000.0,104370000.0,246580000.0
Q9ET22,Dpp7,794020000.0,457960000.0,295620000.0,484570000.0
P36993,Ppm1b,233670000.0,98744000.0,17573000.0,28002000.0
Q9QYB1,Clic4,726550000.0,1242200000.0,695760000.0,828840000.0
P84078;P61205;Q8BSL7,Arf1;Arf3;Arf2,469120000.0,514630000.0,626700000.0,911560000.0
P61082,Ube2m,156340000.0,124940000.0,103490000.0,129100000.0
P42227,Stat3,306360000.0,112170000.0,426200000.0,38005000.0
Q8JZV9,Bdh2,603890000.0,249320000.0,414850000.0,416530000.0
Q8BP47,Nars,216130000.0,69881000.0,168300000.0,91363000.0
Q920A5,Scpep1,335700000.0,655440000.0,223800000.0,397590000.0
P20065,Tmsb4x,76813000.0,16596000.0,70554000.0,6483800.0
O70433,Fhl2,307030000.0,276230000.0,229520000.0,93096000.0
Q9CX34,Sugt1,220850000.0,137150000.0,155530000.0,61530000.0
Q6P4T2,Snrnp200,44487000.0,57843000.0,10203000.0,44683000.0
Q8JZK9,Hmgcs1,418280000.0,319650000.0,81476000.0,359300000.0
O35405,Pld3,384230000.0,261250000.0,388100000.0,329920000.0
P63166,Sumo1,501210000.0,122560000.0,207160000.0,197450000.0
Q9DBH5,Lman2,266940000.0,318940000.0,124840000.0,177710000.0
Q61553,Fscn1,201310000.0,1016600000.0,309020000.0,1050900000.0
Q07813,Bax,214340000.0,245550000.0,304900000.0,554940000.0
Q9Z1Q9,Vars,95754000.0,105390000.0,32147000.0,84896000.0
Q61239,Fnta,580380000.0,327950000.0,140870000.0,268290000.0
O70591,Pfdn2,138030000.0,108190000.0,158820000.0,148880000.0
Q91YR1,Twf1,579660000.0,806830000.0,836310000.0,455510000.0
O55135,Eif6,1076300000.0,1021500000.0,1112300000.0,1491800000.0
Q569Z6,Thrap3,94019000.0,52570000.0,28909000.0,12261000.0
Q8R4N0,Clybl,224080000.0,156680000.0,167380000.0,28709000.0
Q9JIW9,Ralb,192570000.0,116080000.0,137190000.0,186040000.0
Q60676,Ppp5c,556590000.0,150370000.0,567200000.0,464250000.0
P62774,Mtpn,1070300000.0,404740000.0,481950000.0,1288700000.0
O35593,Psmd14,705720000.0,477270000.0,394340000.0,345990000.0
Q7TNG5,Eml2,381610000.0,522950000.0,451180000.0,750670000.0
Q9CWM4,Pfdn1,90676000.0,115540000.0,108170000.0,241980000.0
Q810B6,Ankfy1,53773000.0,26297000.0,103910000.0,52958000.0
P62075,Timm13,91370000.0,22386000.0,63008000.0,28603000.0
Q9JJA4,Wdr12,208430000.0,74946000.0,11554000.0,45046000.0
Q3V1T4,Lepre1,144540000.0,140010000.0,96751000.0,
O35226,Psmd4,775810000.0,174690000.0,457930000.0,197390000.0
Q61205,Pafah1b3,687690000.0,728940000.0,697060000.0,596190000.0
P97855,G3bp1,262420000.0,208550000.0,299720000.0,146660000.0
P14069,S100a6,805100000.0,2830500000.0,1334600000.0,5985600000.0
P70349,Hint1,511810000.0,291400000.0,681510000.0,549030000.0
Q99LD8,Ddah2,146310000.0,232220000.0,576730000.0,570750000.0
Q9Z2Y8,Prosc,233850000.0,190020000.0,477620000.0,975910000.0
O70493,Snx12,1065400000.0,995620000.0,250340000.0,218570000.0
Q60817;P70670,Naca,1432900000.0,1198500000.0,82279000.0,282170000.0
Q8VD62,Bles03,309670000.0,109440000.0,229510000.0,144170000.0
O55131,2018-09-07 00:00:00,159250000.0,976440000.0,153260000.0,493430000.0
Q9CR98,Fam136a,126740000.0,107570000.0,37818000.0,36010000.0
Q9CWZ3,Rbm8a,659420000.0,101310000.0,208880000.0,401500000.0
Q8CIB5,Fermt2,201840000.0,320930000.0,166910000.0,217250000.0
O54998,Fkbp7,151220000.0,95757000.0,44708000.0,166850000.0
P54775,Psmc4,522070000.0,173320000.0,147400000.0,224590000.0
P54728,Rad23b,624620000.0,551270000.0,743980000.0,562780000.0
Q99L13,Hibadh,385810000.0,193170000.0,187680000.0,205490000.0
Q91Z53,Grhpr,426340000.0,348050000.0,149290000.0,198890000.0
Q8BL66,Eea1,76791000.0,201590000.0,141960000.0,81711000.0
Q9CR09,Ufc1,425320000.0,441680000.0,518250000.0,575790000.0
P24270,Cat,449480000.0,1160600000.0,1112100000.0,392250000.0
P62270,Rps18,140550000.0,318970000.0,29930000.0,390550000.0
P59999,Arpc4,3500000000.0,3589500000.0,3439100000.0,6695000000.0
P63280,Ube2i,1070600000.0,1459700000.0,1475200000.0,1700800000.0
P50543,S100a11,902160000.0,1305400000.0,1029000000.0,1811300000.0
Q9CQE1,Nipsnap3b,684130000.0,223400000.0,764280000.0,241600000.0
Q9D358,Acp1,356510000.0,391880000.0,300790000.0,394150000.0
Q8BFS6,Cpped1,502060000.0,479490000.0,178910000.0,487270000.0
Q3UEB3,Puf60,117750000.0,38851000.0,90886000.0,61907000.0
Q9CQ45,Nenf,518900000.0,338400000.0,39062000.0,346550000.0
Q99KR7,Ppif,95030000.0,61676000.0,362890000.0,249790000.0
Q8BGS2,Bola2,165060000.0,61172000.0,132930000.0,71257000.0
P56380,Nudt2,405030000.0,345960000.0,30290000.0,377000000.0
Q62189,Snrpa,280800000.0,317490000.0,191900000.0,242320000.0
Q9DB29,Iah1,520660000.0,230600000.0,550790000.0,402550000.0
P62889,Rpl30,201580000.0,209530000.0,114870000.0,492910000.0
P26350,Ptma,1276800000.0,740520000.0,603650000.0,673820000.0
P70202,Lxn,1049100000.0,1084900000.0,818800000.0,779620000.0
P32067,Ssb,98309000.0,76592000.0,69842000.0,142070000.0
Q8VCA8,Scrn2,638800000.0,236020000.0,340230000.0,106380000.0
P59024,Fkbp14,105540000.0,85696000.0,68623000.0,81239000.0
Q8BGB7,Enoph1,389650000.0,262370000.0,514700000.0,336040000.0
Q9D6N1,Ca13,977940000.0,690600000.0,672100000.0,679410000.0
P60670,Nploc4,100130000.0,66538000.0,49442000.0,84630000.0
Q99KP3,Cryl1,293270000.0,306860000.0,322450000.0,93771000.0
Q8BGD9,Eif4b,136800000.0,151080000.0,25632000.0,71698000.0
P56391,Cox6b1,90008000.0,48404000.0,76033000.0,36080000.0
Q8VCR7,Abhd14b,769620000.0,858450000.0,14176000000.0,26528000000.0
Q8VBV7,Cops8,241550000.0,321610000.0,46179000.0,285120000.0
Q03265,Atp5a1,312260000.0,100500000.0,197850000.0,156330000.0
P11930,Nudt19,332630000.0,241040000.0,80348000.0,286400000.0
Q3UGR5,Hdhd2,1495600000.0,1073700000.0,778470000.0,1021500000.0
O35295,Purb,267580000.0,513020000.0,371770000.0,364120000.0
P42669,Pura,568140000.0,762250000.0,231820000.0,784470000.0
Q71RI9,Ccbl2,556320000.0,347790000.0,377850000.0,31864000.0
Q99LG2,Tnpo2,40702000.0,,25087000.0,
Q9CQI7,Snrpb2,27066000.0,4419600.0,,6378300.0
Q3ULJ0,Gpd1l,78794000.0,28649000.0,19662000.0,9508500.0
O35969,Gamt,418970000.0,345090000.0,437710000.0,661820000.0
Q9DA79,Dpep3,299910000.0,,426730000.0,7641300.0
Q9CZU3,Skiv2l2,71435000.0,7706100.0,77947000.0,
Q9DBT5,Ampd2,74943000.0,21958000.0,155030000.0,19069000.0
Q9JLV5,Cul3,128750000.0,,80852000.0,
Q3UHX2,Pdap1,69687000.0,26174000.0,,4433700.0
Q8K2V1,Ppp4r1,89889000.0,,6483200.0,
P39061,Col18a1,135700000.0,77184000.0,216350000.0,808980000.0
Q99KJ8,Dctn2,364080000.0,30955000.0,47111000.0,35239000.0
O35900,Lsm2,114620000.0,1331700.0,32588000.0,20915000.0
P50429,Arsb,397850000.0,118940000.0,113500000.0,113170000.0
P27661,H2afx,129630000.0,69620000.0,,140510000.0
Q9ER10,Prss22,178740000.0,12459000000.0,310460000.0,6672700000.0
P33434,Mmp2,254860000.0,3845300000.0,808230000.0,1946100000.0
Q8QZR4,Oaf,493210000.0,888630000.0,365890000.0,721530000.0
P06869,Plau,216140000.0,27233000000.0,327860000.0,34231000000.0
P28798,Grn,112930000.0,432150000.0,124140000.0,712570000.0
Q07235,Serpine2,251200000.0,251840000.0,,148290000.0
P01887,B2m,23140000000.0,21301000000.0,29945000000.0,21298000000.0
P20060,Hexb,196030000.0,812320000.0,63967000.0,749750000.0
Q00993,Axl,778970000.0,1105300000.0,747760000.0,1560700000.0
Q61810,Ltbp3,76573000.0,62985000.0,68945000.0,72662000.0
O35188,Cx3cl1,1318500000.0,1263700000.0,956850000.0,1116700000.0
Q07079,Igfbp5,178840000.0,317510000.0,189140000.0,197790000.0
Q8BHN0,Ppm1l,72094000.0,18761000.0,109330000.0,64632000.0
P13595,Ncam1,133660000.0,1317100000.0,122600000.0,1231500000.0
Q9DAN8,Cst12,10906000000.0,2750900000.0,2644700000.0,5661500000.0
Q3UHN9,Ndst1,129110000.0,59251000.0,104570000.0,132420000.0
P82198,Tgfbi,183100000.0,2214900000.0,222530000.0,820200000.0
P63037,Dnaja1,103690000.0,68633000.0,44486000.0,32413000.0
Q9CR51,Atp6v1g1,94648000.0,35227000.0,46419000.0,29438000.0
P63001;P60764,Rac1;Rac3,172000000.0,586790000.0,271620000.0,1194600000.0
Q8R1F1,Fam129b,189640000.0,241310000.0,121240000.0,283430000.0
Q8BVQ5,Ppme1,195360000.0,90463000.0,151260000.0,105060000.0
Q9DB05,Napa,194310000.0,125010000.0,75100000.0,42161000.0
O70318,Epb41l2,396200000.0,157550000.0,59930000.0,22735000.0
O70492,Snx3,318510000.0,322250000.0,281880000.0,271010000.0
Q9EQX4,Aif1l,71841000.0,97886000.0,,19117000.0
P54823,Ddx6,312700000.0,471000000.0,230450000.0,310980000.0
Q8K310,Matr3,229650000.0,337280000.0,79993000.0,66982000.0
P62264,Rps14,69738000.0,108440000.0,3800400.0,125310000.0
P16110,Lgals3,126760000.0,70218000.0,23095000.0,50856000.0
Q8BY87,Usp47,275300000.0,487840000.0,6649600.0,235390000.0
Q8BFY9,Tnpo1,302070000.0,224510000.0,354340000.0,243770000.0
Q8BG95,Ppp1r12b,40161000.0,27278000.0,10274000.0,12586000.0
Q99JI6;P62835,Rap1b;Rap1a,108120000.0,100260000.0,328140000.0,401500000.0
Q9WUL7,Arl3,448730000.0,271970000.0,506320000.0,285320000.0
Q9DBG9,Tax1bp3,286650000.0,171860000.0,116250000.0,297100000.0
P48036,Anxa5,125560000.0,203640000.0,38794000.0,90850000.0
P42225,Stat1,99904000.0,15203000.0,414930000.0,32796000.0
Q8K354,Cbr3,216520000.0,481340000.0,137000000.0,298880000.0
Q9DCH4,Eif3f,203420000.0,296700000.0,,131760000.0
Q9CQW1,Ykt6,175930000.0,157380000.0,340140000.0,242520000.0
Q9CX56,Psmd8,1257700000.0,463370000.0,728690000.0,569130000.0
Q9QZQ8,H2afy,105950000.0,161940000.0,63189000.0,268740000.0
O88685,Psmc3,203020000.0,156770000.0,111010000.0,86903000.0
Q9CQJ6,Denr,165630000.0,132670000.0,130150000.0,356240000.0
Q8VEB4,Pla2g15,280610000.0,192170000.0,98507000.0,
Q9CQE8,,150690000.0,30124000.0,65407000.0,14260000.0
P48758,Cbr1,240780000.0,549210000.0,276090000.0,469170000.0
Q8BP40,Acp6,632940000.0,503420000.0,389420000.0,285050000.0
Q8VCT3,Rnpep,281060000.0,217140000.0,24696000.0,897410000.0
P63168,Dynll1,200260000.0,24446000.0,54928000.0,78055000.0
Q8BI84,Mia3,65140000.0,8928500.0,19471000.0,
Q9Z1B5,Mad2l1,137880000.0,77938000.0,334730000.0,307430000.0
Q9EQS3,Mycbp,158840000.0,26553000.0,120140000.0,32751000.0
Q9DCT5,Sdf2,114800000.0,182610000.0,69536000.0,109430000.0
P47941,Crkl,250590000.0,164800000.0,276300000.0,66179000.0
P11031,Sub1,529760000.0,242210000.0,338590000.0,324570000.0
Q9DBP5,Cmpk1,977590000.0,776380000.0,923890000.0,1094000000.0
P54726,Rad23a,202920000.0,84519000.0,88761000.0,
P52503,Ndufs6,31868000.0,20153000.0,54208000.0,6380800.0
P47738,Aldh2,257710000.0,308420000.0,219950000.0,432110000.0
P28656,Nap1l1,595960000.0,838090000.0,206570000.0,1277900000.0
Q78ZA7,Nap1l4,422580000.0,486470000.0,7522600.0,204750000.0
Q8BQ47,Cnpy4,134660000.0,205190000.0,120810000.0,138750000.0
P62814,Atp6v1b2,430210000.0,81652000.0,1069900000.0,246750000.0
Q6NZJ6,Eif4g1,269390000.0,333340000.0,90554000.0,230340000.0
Q9QXA5,Lsm4,150940000.0,101410000.0,17726000.0,146500000.0
P49442,Inpp1,386350000.0,285530000.0,446360000.0,267490000.0
P62488,Polr2g,119090000.0,71563000.0,77236000.0,59491000.0
Q03958,Pfdn6,127120000.0,95117000.0,94037000.0,211830000.0
O35344,Kpna3,507600000.0,502080000.0,589840000.0,175010000.0
Q9D8S9,Bola1,46360000.0,10670000.0,26638000.0,75029000.0
Q9WU28,Pfdn5,100960000.0,107240000.0,22639000.0,90311000.0
Q9JI46,Nudt3,584340000.0,376830000.0,227660000.0,434490000.0
Q9CR68,Uqcrfs1,745560000.0,262490000.0,85198000.0,371940000.0
Q9D6Y7,Msra,181880000.0,208600000.0,134410000.0,156110000.0
Q4VAA2,Cdv3,148300000.0,116930000.0,55107000.0,159570000.0
P61759,Vbp1,263040000.0,284770000.0,198830000.0,222170000.0
P60867,Rps20,434800000.0,372660000.0,14581000.0,533400000.0
Q9WUP7,Uchl5,254590000.0,107630000.0,254200000.0,26123000.0
Q8BPG6,Sumf2,289750000.0,208210000.0,21501000.0,95083000.0
P70665,Siae,257630000.0,117500000.0,112580000.0,83828000.0
P63276,Rps17,135870000.0,127470000.0,27648000.0,110770000.0
P35585,Ap1m1,411220000.0,352110000.0,279890000.0,104480000.0
P62082,Rps7,114500000.0,210530000.0,63383000.0,259810000.0
Q8BJW6,Eif2a,79783000.0,404030000.0,73704000.0,239050000.0
P35564,Canx,108230000.0,295470000.0,402970000.0,639830000.0
P31230,Aimp1,154750000.0,315520000.0,77155000.0,515170000.0
Q9CXW4,Rpl11,272140000.0,230660000.0,215720000.0,548710000.0
Q9QZ23,Nfu1,451710000.0,182010000.0,110270000.0,100740000.0
Q9D0M5,Dynll2,651570000.0,309740000.0,546220000.0,474050000.0
Q91YP3,Dera,206790000.0,112650000.0,31224000.0,
Q9CR86,Carhsp1,157620000.0,90866000.0,68369000.0,43946000.0
Q8VDQ1,Ptgr2,450180000.0,295040000.0,217040000.0,662420000.0
P13707,Gpd1,285430000.0,438880000.0,82257000.0,160740000.0
Q6P3D0,Nudt16,155550000.0,51327000.0,93096000.0,16968000.0
Q6P069,Sri,262920000.0,276800000.0,198670000.0,136230000.0
Q9D1J3,Sarnp,181550000.0,189490000.0,330880000.0,162180000.0
Q6NSR8,Npepl1,610950000.0,434750000.0,648880000.0,226050000.0
P23198,Cbx3,365920000.0,112760000.0,193220000.0,408170000.0
Q91WK1,Spryd4,75055000.0,46771000.0,43483000.0,40904000.0
Q6IRU5,Cltb,478870000.0,554100000.0,701790000.0,640240000.0
Q505B7,Zbtb8os,234000000.0,238560000.0,235040000.0,479100000.0
P56375,Acyp2,145510000.0,139860000.0,193820000.0,57876000.0
Q920B9,Supt16h,473250000.0,1757400000.0,106220000.0,703610000.0
P55821,Stmn2,400270000.0,262070000.0,566450000.0,582310000.0
Q922V4,Plrg1,187950000.0,172300000.0,159330000.0,87999000.0
Q9CQR2,Rps21,266610000.0,159010000.0,1096800000.0,184190000.0
P56395,Cyb5a,974440000.0,440990000.0,172360000.0,693960000.0
P52760,Hrsp12,293570000.0,446970000.0,318370000.0,348540000.0
Q9CYW4,Hdhd3,122940000.0,37960000.0,87182000.0,37096000.0
P27048;P63163,Snrpb;Snrpn,728580000.0,726720000.0,438010000.0,427110000.0
Q8C0C7,Farsa,87910000.0,19525000.0,37281000.0,27891000.0
P17897,Lyz1,,9412500.0,,1750100.0
P21619,Lmnb2,5309000.0,24050000.0,4474600.0,35650000.0
Q3TC72,Fahd2,103100000.0,,19711000.0,49353000.0
Q3URD3,Slmap,50814000.0,,32144000.0,
Q8R326,Pspc1,17760000.0,4183700.0,6750200.0,18950000.0
Q91YP2,Nln,214400000.0,116580000.0,209070000.0,109820000.0
Q9JL35,Hmgn5,369360000.0,97256000.0,47073000.0,46481000.0
Q9QXV0,Pcsk1n,98667000.0,33290000.0,106550000.0,49970000.0
Q3SXD3,Hddc2,233810000.0,200270000.0,28755000.0,168600000.0
P97930,Dtymk,77344000.0,,89108000.0,112210000.0
Q9CXT8,Pmpcb,95952000.0,,,17073000.0
O88967,Yme1l1,91645000.0,,34106000.0,8975100.0
Q99JF5,Mvd,104790000.0,,20938000.0,3178200.0
O70325;Q91XR9,Gpx4,70283000.0,,17078000.0,7509400.0
P17095,Hmga1,20457000.0,,3908500.0,
Q8R3B1,Plcd1,56788000.0,17955000.0,39601000.0,6768100.0
Q91Z31,Ptbp2,252090000.0,,101610000.0,
P60898,Polr2i,39334000.0,17941000.0,5528600.0,20608000.0
Q99MD6,Txnrd3,99142000.0,61228000.0,140530000.0,23160000.0
Q9D868,Ppih,91483000.0,11285000.0,90858000.0,40712000.0
O08756,Hsd17b10,71188000.0,32767000.0,60724000.0,37659000.0
P99028,Uqcrh,43809000.0,5782700.0,20339000.0,1655900.0
P97450,Atp5j,84788000.0,3266300.0,28889000.0,6762600.0
O09010,Lfng,314150000.0,210270000.0,254710000.0,312820000.0
Q61468,Msln,55347000.0,3968000000.0,118180000.0,2899800000.0
Q9QXC1,Fetub,529290000.0,183760000.0,448850000.0,224010000.0
P10148,Ccl2,525700000.0,871220000.0,1825300000.0,1647300000.0
P47879,Igfbp4,66300000.0,1028800000.0,115690000.0,655040000.0
Q8BX35,Eda2r,70712000.0,54265000.0,55612000.0,46370000.0
Q99KR8,Fuca2,261030000.0,267890000.0,148410000.0,146390000.0
Q9R1Q9,Atp6ap1,1763700000.0,1150000000.0,1036500000.0,1433400000.0
O70340,Nptx2,584850000.0,151240000.0,1452600000.0,14646000.0
O35988,Sdc4,8525100000.0,4249100000.0,8469700000.0,4842900000.0
Q03401,Crisp1,87400000.0,1105500000.0,22614000.0,2558200000.0
P04202,Tgfb1,68394000.0,32641000.0,156460000.0,111500000.0
Q91V88,Npnt,78461000.0,46709000.0,7174300.0,9794300.0
Q7TMR0,Prcp,304510000.0,557280000.0,486410000.0,1220200000.0
P70428,Ext2,445260000.0,557760000.0,117030000.0,
Q6GU68,Islr,241020000.0,489090000.0,469810000.0,450640000.0
P15535,B4galt1,324470000.0,636330000.0,405710000.0,222620000.0
P11214,Plat,130640000.0,1252500000.0,49032000.0,1236800000.0
Q8VE43,Metrnl,532460000.0,411310000.0,354590000.0,234660000.0
Q62059,Vcan,22127000.0,327920000.0,4642900.0,95298000.0
Q91XA2,Golm1,183920000.0,225460000.0,321510000.0,322890000.0
Q9EPK6,Sil1,236600000.0,294730000.0,242520000.0,222900000.0
Q80VJ3,Dnph1,190290000.0,109990000.0,153230000.0,84546000.0
Q9D6R2,Idh3a,131720000.0,17265000.0,60714000.0,
Q9DCD6,Gabarap,33834000.0,17297000.0,39271000.0,29508000.0
Q78PG9,Ccdc25,128870000.0,65440000.0,86667000.0,136360000.0
Q8R2G4,Art3,184960000.0,37917000.0,153100000.0,44317000.0
Q9QUI0;Q62159,Rhoa;Rhoc,303280000.0,158760000.0,77948000.0,766610000.0
P28658,Atxn10,217780000.0,242710000.0,333930000.0,76872000.0
Q9CQC6,Bzw1,266280000.0,565310000.0,,348030000.0
Q6PGB6,Naa50,72500000.0,179620000.0,60419000.0,73148000.0
O89112,Lancl1,167360000.0,85974000.0,62839000.0,37599000.0
P60766,Cdc42,164270000.0,242740000.0,130040000.0,439590000.0
Q8VE62,Paip1,229710000.0,72563000.0,179920000.0,20471000.0
Q80UG5,2018-09-09 00:00:00,45795000.0,105120000.0,12317000.0,93733000.0
Q9JLT4,Txnrd2,140800000.0,106370000.0,54988000.0,32913000.0
Q9DBZ5,Eif3k,124310000.0,144510000.0,61505000.0,150420000.0
P23780,Glb1,338360000.0,250570000.0,36003000.0,119810000.0
Q9R0E1,Plod3,106400000.0,295980000.0,115420000.0,92439000.0
O55057,Pde6d,789650000.0,411480000.0,81819000.0,76627000.0
Q9D7X3,Dusp3,88409000.0,93286000.0,81991000.0,47212000.0
P63073,Eif4e,168330000.0,342090000.0,68699000.0,210210000.0
Q9JHJ0,Tmod3,60611000.0,55402000.0,21651000.0,58954000.0
Q9JHI5,Ivd,148800000.0,91802000.0,387870000.0,256260000.0
Q9R0N0,Galk1,169650000.0,73096000.0,53206000.0,24129000.0
Q9CYZ2,Tpd52l2,84223000.0,13557000.0,55603000.0,63755000.0
Q9WUM3,Coro1b,75874000.0,84415000.0,191180000.0,53999000.0
Q9WU84,Ccs,96892000.0,73478000.0,84541000.0,34045000.0
Q99P72,Rtn4,124250000.0,207360000.0,109220000.0,185480000.0
Q9D6Y9,Gbe1,201980000.0,333620000.0,153770000.0,245680000.0
P97346,Nxn,182200000.0,208490000.0,76073000.0,38417000.0
Q9QYJ0,Dnaja2,184210000.0,30450000.0,22260000.0,19059000.0
Q9DBB8,Dhdh,92177000.0,67065000.0,54042000.0,21689000.0
P35279;P61294,Rab6a;Rab6b,459000000.0,313170000.0,439700000.0,448060000.0
Q9D0B6,Pbdc1,215800000.0,264920000.0,322740000.0,355360000.0
Q91VH6,Memo1,196060000.0,151350000.0,10278000.0,12247000.0
P26638,Sars,338330000.0,506320000.0,391100000.0,227300000.0
Q64105,Spr,98731000.0,93618000.0,61957000.0,109430000.0
D3Z4S3,Ptrhd1,66831000.0,44522000.0,95805000.0,68024000.0
P24452,Capg,642250000.0,2329800000.0,745760000.0,2292100000.0
Q9EPQ7,Stard5,178500000.0,110380000.0,62616000.0,166510000.0
O88587,Comt,137400000.0,114200000.0,113580000.0,78595000.0
Q9JMG1,Edf1,48886000.0,44670000.0,14522000.0,55363000.0
Q99K41,Emilin1,155020000.0,671780000.0,115330000.0,493860000.0
P42208,2018-09-02 00:00:00,164820000.0,367220000.0,114300000.0,255510000.0
Q91WK2,Eif3h,177840000.0,39121000.0,12826000.0,78791000.0
Q99JT9,Adi1,98093000.0,96017000.0,658820000.0,124830000.0
Q9CQM5,Txndc17,423830000.0,133010000.0,764420000.0,1089300000.0
Q9R059,Fhl3,442370000.0,394010000.0,386360000.0,222040000.0
Q8BH58,Tiprl,101950000.0,396610000.0,178950000.0,395660000.0
Q62048,Pea15,71800000.0,145800000.0,11864000.0,43275000.0
Q78JW9,Ubfd1,115300000.0,134430000.0,82562000.0,214320000.0
Q9D7M8,Polr2d,74026000.0,44618000.0,,22580000.0
P61600,Naa20,132200000.0,54062000.0,26694000.0,162310000.0
Q8R081,Hnrnpl,155430000.0,203940000.0,129680000.0,106230000.0
Q9CQR6,Ppp6c,339580000.0,361060000.0,166300000.0,323500000.0
P46656,Fdx1,101730000.0,39807000.0,84828000.0,43245000.0
O08547,Sec22b,29245000.0,23675000.0,31405000.0,61333000.0
Q91VW3,Sh3bgrl3,646340000.0,711560000.0,1041500000.0,1139200000.0
P16254,Srp14,152110000.0,78867000.0,32536000.0,69673000.0
Q8BGC4,Zadh2,164960000.0,208920000.0,50869000.0,26430000.0
P62313,Lsm6,58148000.0,41467000.0,199080000.0,65818000.0
Q9CPT4,Mydgf,1102400000.0,1133700000.0,415170000.0,1967900000.0
Q9Z0P5,Twf2,103250000.0,68981000.0,80869000.0,8723200.0
P62077,Timm8b,62527000.0,61425000.0,30946000.0,13288000.0
Q8QZY1,Eif3l,232010000.0,477660000.0,162970000.0,324490000.0
P49962,Srp9,124260000.0,51048000.0,67221000.0,53763000.0
Q9R0Q6,Arpc1a,146700000.0,119280000.0,167620000.0,14872000.0
Q99J09,Wdr77,503420000.0,320570000.0,399370000.0,236450000.0
Q91VA6,Poldip2,55159000.0,41836000.0,43950000.0,
O54754,Aox1,81691000.0,655280000.0,133850000.0,165840000.0
O35955,Psmb10,259150000.0,157070000.0,194130000.0,994540000.0
O88456,Capns1,192070000.0,226980000.0,102790000.0,339200000.0
P62878,Rbx1,284780000.0,229770000.0,355790000.0,223350000.0
Q61838,A2m,481630000.0,354430000.0,382230000.0,14983000.0
P61290,Psme3,231910000.0,148100000.0,205770000.0,373100000.0
Q8C8T8,Tsr2,126860000.0,141180000.0,166750000.0,98636000.0
P04117,Fabp4,44303000.0,52100000.0,29860000.0,227660000.0
Q8R0F8,Fahd1,324590000.0,83048000.0,98073000.0,18578000.0
P61957,Sumo2,1787600000.0,1501100000.0,581110000.0,1611100000.0
Q9D1D4,Tmed10,222330000.0,43940000.0,69299000.0,240460000.0
P08207,S100a10,125030000.0,108690000.0,201670000.0,136950000.0
O88545,Cops6,502110000.0,394950000.0,259770000.0,204340000.0
Q9D6H2,Hspb11,207320000.0,58676000.0,56580000.0,100440000.0
Q6ZWM4,Lsm8,197730000.0,43113000.0,125000000.0,250160000.0
Q9Z1D1,Eif3g,63902000.0,92835000.0,83441000.0,66506000.0
Q91ZW2,Pofut1,249960000.0,101760000.0,155650000.0,
Q9Z2V5,Hdac6,78924000.0,154550000.0,77370000.0,92554000.0
Q91X96,Rabif,128550000.0,42998000.0,17211000.0,45763000.0
Q9D898,Arpc5l,251180000.0,87570000.0,114510000.0,282480000.0
Q9CQP3,Chchd5,75391000.0,30875000.0,61442000.0,46139000.0
Q9D7I5,Lhpp,222910000.0,114680000.0,139670000.0,414710000.0
O70133,Dhx9,38063000.0,91806000.0,78050000.0,50825000.0
Q8JZM7,Cdc73,89768000.0,33559000.0,98433000.0,69272000.0
Q9EPB4,Pycard,143250000.0,80011000.0,38344000.0,279970000.0
Q9D1L0,Chchd2,1284000000.0,449210000.0,495550000.0,543390000.0
Q9WVA2,Timm8a1,65543000.0,37248000.0,52291000.0,48173000.0
Q9JMG7,Hdgfrp3,53515000.0,88635000.0,2666500.0,65204000.0
P62858,Rps28,68272000.0,209040000.0,392600000.0,338220000.0
P84104,Srsf3,19670000.0,80536000.0,59736000.0,27862000.0
Q6PDG5,Smarcc2,139180000.0,212010000.0,196360000.0,74526000.0
P01942,Hba,148400000.0,283640000.0,100350000.0,226080000.0
Q9D8X1,Cutc,79656000.0,70506000.0,154760000.0,67311000.0
P62320,Snrpd3,751460000.0,519230000.0,314640000.0,443440000.0
P01193,Pomc,345560000.0,408960000.0,476930000.0,170800000.0
Q62093,Srsf2,176760000.0,133180000.0,141680000.0,165790000.0
P62309,Snrpg,51136000.0,13945000.0,35815000.0,145690000.0
P01902,H2-K1,27759000.0,37434000.0,21383000.0,28961000.0
P11352,Gpx1,34850000.0,28121000.0,23528000.0,65005000.0
P30999,Ctnnd1,40450000.0,26216000.0,41512000.0,33877000.0
P49443,Ppm1a,18848000.0,11373000.0,103840000.0,108270000.0
P61967,Ap1s1,54147000.0,6837000.0,45693000.0,73393000.0
Q03173,Enah,46313000.0,6616400.0,11027000.0,4478200.0
Q3TIV5,Zc3h15,40767000.0,7947600.0,747850000.0,53928000.0
Q571I9,Aldh16a1,35640000.0,,24519000.0,35550000.0
Q61545,Ewsr1,51872000.0,8439900.0,27034000.0,27273000.0
Q64345,Ifit3,96273000.0,,33123000.0,16207000.0
Q6P8X1,Snx6,19388000.0,,16003000.0,22125000.0
Q99K70;Q7TT45,Rragc;Rragd,222670000.0,71818000.0,209260000.0,20944000.0
Q8BH69,Sephs1,128670000.0,80927000.0,391690000.0,217860000.0
Q8K2C9,Hacd3,44078000.0,,4699000.0,47701000.0
Q99PL5,Rrbp1,52291000.0,19004000.0,69220000.0,32693000.0
Q9CR81,Tex12,18482000.0,,20456000.0,
Q9CY52,Thg1l,26480000.0,16052000.0,22353000.0,12795000.0
Q9CZL5,Pcbd2,38074000.0,9605800.0,470610000.0,7483200.0
Q9D7G0,Prps1,36586000.0,,13039000.0,
Q9DAU1,Cnpy3,85770000.0,15254000.0,52138000.0,84406000.0
Q9DB16,Cab39l,72592000.0,,18077000.0,
Q9ER00,Stx12,13731000.0,38660000.0,31551000.0,8074500.0
Q9R0D8,Wdr54,204860000.0,,91532000.0,
Q8BJD1,Itih5,64198000.0,,86892000.0,10828000.0
P97300,Nptn,93718000.0,31558000.0,17762000.0,86908000.0
Q61592,Gas6,121870000.0,159050000.0,34084000.0,
Q8BPA8,Dpcd,53162000.0,,14081000.0,
Q64520,Guk1,104870000.0,28730000.0,113550000.0,108010000.0
Q8R1G2,Cmbl,49882000.0,,12225000.0,
P15105,Glul,97822000.0,69765000.0,51321000.0,174340000.0
Q9ET26,Rnf114,45353000.0,7919700.0,7367700.0,3808700.0
Q9CPT3,Nanp,97414000.0,28365000.0,42232000.0,22267000.0
Q8BU85,Msrb3,92255000.0,26481000.0,29745000.0,
Q9D6L8,Ppil3,55791000.0,,6987000.0,67599000.0
Q61845,Meig1,98093000.0,20510000.0,52645000.0,9517300.0
Q9CQE6,Asf1a,56987000.0,29896000.0,7979200.0,
Q99MR6,Srrt,16357000.0,9677400.0,269820000.0,20110000.0
Q9D385,Arl2bp,26757000.0,,30258000.0,8798000.0
Q8R5M8,Cadm1,215170000.0,45356000.0,147090000.0,96436000.0
Q9QZH3,Ppie,91798000.0,6120600.0,48278000.0,13524000.0
Q9ERR7,2018-09-15 00:00:00,61456000.0,7720000.0,11836000.0,22178000.0
Q3V4B5,Commd6,4902200.0,4066400.0,2684400.0,
Q8BYA0,Tbcd,19867000.0,6180500.0,10830000.0,
Q9R0P4,Smap,39319000.0,,37951000.0,
Q3B7Z2,Osbp,40668000.0,14679000.0,,20393000.0
Q5SW19,Cluh,38430000.0,,35708000.0,7394000.0
P07742,Rrm1,44437000.0,,8217900.0,
Q60876,Eif4ebp1,32083000.0,12559000.0,17941000.0,46912000.0
Q921H9,Coa7,49995000.0,,24021000.0,
Q9JJ94,Ssna1,66274000.0,8374300.0,38830000.0,23041000.0
P61164;Q8R5C5,Actr1a;Actr1b,104130000.0,65039000.0,141890000.0,187500000.0
P60487,Pdxp,46504000.0,23770000.0,42602000.0,10138000.0
P62073,Timm10,46072000.0,5155000.0,31491000.0,8967400.0
Q9DCB8,Isca2,58545000.0,7366600.0,4321700.0,14259000.0
Q6PAV2,Herc4,69363000.0,,13816000.0,
Q91WM2,Cecr5,293950000.0,17404000.0,598190000.0,352160000.0
Q80Y81,Elac2,115240000.0,12278000.0,27274000.0,
Q9DAS9,Gng12,50878000.0,27860000.0,144310000.0,57081000.0
Q61133,Gstt2,170600000.0,201960000.0,134850000.0,239780000.0
P03958,Ada,78464000.0,21056000.0,43261000.0,59286000.0
Q3THW5;P0C0S6,H2afv;H2afz,34143000.0,,,30886000.0
Q9DD18,Dtd1,90816000.0,,168490000.0,30045000.0
Q3TMH2,Scrn3,133770000.0,42929000.0,31353000.0,
Q9Z0H6,Cst9,121730000.0,32513000.0,14727000.0,33257000.0
P09056,Lif,111650000.0,2055000000.0,956040000.0,1917600000.0
Q99KG5,Lsr,71368000.0,726510000.0,101680000.0,408250000.0
O09114,Ptgds,97086000.0,170070000.0,98009000.0,571370000.0
P49935,Ctsh,27349000.0,964430000.0,146050000.0,894170000.0
P47931,Fst,100410000.0,1232700000.0,28081000.0,1562800000.0
O88593,Pglyrp1,137270000.0,3946100000.0,69133000.0,5422900000.0
P04186,Cfb,45135000.0,9885000000.0,40458000.0,9387000000.0
O54775,Wisp1,182740000.0,95556000.0,55410000.0,145760000.0
Q00731,Vegfa,330420000.0,334370000.0,260580000.0,375590000.0
Q8R2G6,Ccdc80,54107000.0,1120600000.0,16123000.0,723370000.0
Q8BSU2,Cxcl16,96838000.0,657450000.0,151130000.0,788420000.0
Q9JHE3,Asah2,99939000.0,27563000.0,33623000.0,23250000.0
Q8CD91,Smoc2,226200000.0,533140000.0,183270000.0,543870000.0
P97873,Loxl1,54536000.0,435410000.0,44739000.0,371310000.0
O35657,Neu1,199870000.0,134570000.0,58308000.0,76201000.0
P19788,Mgp,28777000.0,60711000.0,22289000.0,35926000.0
Q9WTZ2,Mbtps1,95685000.0,69950000.0,66236000.0,19102000.0
Q8BK62,Olfml3,55689000.0,576860000.0,2487800.0,331570000.0
Q64685,St6gal1,87683000.0,505570000.0,46703000.0,396640000.0
Q8BM72,Hspa13,539500000.0,703140000.0,887310000.0,647030000.0
P26618,Pdgfra,65543000.0,153170000.0,71291000.0,67735000.0
P97401,Frzb,117360000.0,142110000.0,12124000.0,
P45700,Man1a1,176990000.0,1357400000.0,107280000.0,1287800000.0
O54990,Prom1,24157000.0,2308800000.0,13876000.0,3086300000.0
A2AX52,Col6a4,26216000.0,79735000.0,25207000.0,244090000.0
Q9Z1G3,Atp6v1c1,33386000.0,53582000.0,14292000.0,17675000.0
Q6PHU5,Sort1,145750000.0,146390000.0,37278000.0,50168000.0
Q9Z0Z4,Heph,38129000.0,71598000.0,146320000.0,138140000.0
Q05909,Ptprg,94770000.0,61030000.0,39650000.0,72627000.0
Q9CXU9;P48024,Eif1b;Eif1,69149000.0,35537000.0,25215000.0,87170000.0
Q99KN2,Ciao1,152850000.0,47576000.0,15156000.0,26642000.0
Q9DB34,Chmp2a,37697000.0,74026000.0,9225700.0,26209000.0
P09055,Itgb1,27220000.0,160610000.0,5378000.0,255250000.0
O55091,Impact,87612000.0,94723000.0,37550000.0,71745000.0
P85094,Isoc2a,142290000.0,94387000.0,29071000.0,16424000.0
Q9EPV8,Ubl5,16680000.0,39205000.0,5340000.0,
P17439,Gba,68115000.0,79055000.0,119470000.0,207170000.0
P61750,Arf4,36177000.0,46805000.0,13464000.0,32430000.0
P51150,Rab7a,164800000.0,207460000.0,190610000.0,305970000.0
Q8BH95,Echs1,98403000.0,140660000.0,40412000.0,
Q6ZWZ2,Ube2r2,112250000.0,124130000.0,51489000.0,328210000.0
Q6ZWU9;Q6ZWY3,Rps27;Rps27l,20875000.0,23193000.0,11547000.0,63682000.0
Q9ES30,C1qtnf3,111000000.0,79282000.0,132950000.0,103480000.0
Q9QYG0,Ndrg2,102480000.0,48072000.0,145120000.0,40972000.0
Q9WTL7,Lypla2,114370000.0,172480000.0,126100000.0,57790000.0
P62748;P84075,Hpcal1;Hpca,25107000.0,40471000.0,44153000.0,52488000.0
P59325,Eif5,28994000.0,111320000.0,,32066000.0
O35343,Kpna4,67455000.0,117600000.0,100240000.0,113320000.0
Q3TYX3,Smyd5,225100000.0,130650000.0,,63863000.0
P02798,Mt2,154710000.0,209450000.0,105120000.0,214570000.0
Q7TMB8;Q5SQX6,Cyfip1;Cyfip2,44201000.0,83667000.0,,16337000.0
O70310,Nmt1,35144000.0,57959000.0,27925000.0,101820000.0
P35278,Rab5c,93020000.0,134760000.0,333580000.0,261530000.0
P54071,Idh2,,88290000.0,,40758000.0
P84091,Ap2m1,121520000.0,171320000.0,,34884000.0
P28667,Marcksl1,278620000.0,91918000.0,88875000.0,29195000.0
P70677,Casp3,119120000.0,150100000.0,59340000.0,71841000.0
Q9Z172,Sumo3,185400000.0,107830000.0,101390000.0,176690000.0
P11438,Lamp1,2204400000.0,1067300000.0,949710000.0,613060000.0
Q6P1F6,Ppp2r2a,122020000.0,103910000.0,145880000.0,106320000.0
Q9Z130,Hnrnpdl,91642000.0,120620000.0,10940000.0,78671000.0
P62192,Psmc1,162350000.0,166090000.0,119890000.0,122600000.0
P35980,Rpl18,38987000.0,47931000.0,9028500.0,25273000.0
P62254,Ube2g1,133170000.0,54983000.0,20760000.0,71968000.0
Q8BWR2,Pithd1,131990000.0,34193000.0,114100000.0,50127000.0
Q9EST4,Psmg2,60819000.0,30842000.0,50020000.0,17011000.0
P61924,Copz1,87880000.0,124830000.0,128730000.0,236610000.0
Q62376,Snrnp70,15397000.0,56531000.0,17809000.0,59341000.0
O55060,Tpmt,67975000.0,42123000.0,49669000.0,42815000.0
Q9D0T1,Nhp2l1,26186000.0,28792000.0,28693000.0,33499000.0
Q9CWW6,Pin4,44273000.0,104870000.0,5990700.0,42901000.0
Q9CQ89,Cuta,108790000.0,21167000.0,13233000.0,61054000.0
Q9CQT1,Mri1,50104000.0,106830000.0,13429000.0,60128000.0
Q8BY71,Hat1,55404000.0,54698000.0,83566000.0,
P60229,Eif3e,131730000.0,482560000.0,45014000.0,206990000.0
Q8BL97,Srsf7,28722000.0,46439000.0,48167000.0,27838000.0
Q9WV85,Nme3,18907000.0,24585000.0,,10650000.0
Q9D142,Nudt14,77079000.0,50895000.0,8154200.0,52586000.0
Q62084,Ppp1r14b,44954000.0,55946000.0,18719000.0,65076000.0
O54988,Slk,31522000.0,56980000.0,51391000.0,
Q9JHS3,Lamtor2,36212000.0,7663100.0,14367000.0,32990000.0
Q9WU63,Hebp2,92226000.0,83716000.0,,52600000.0
P62500,Tsc22d1,65657000.0,49496000.0,172940000.0,93518000.0
Q99K48,Nono,16053000.0,20827000.0,44248000.0,28091000.0
P62743,Ap2s1,95727000.0,80420000.0,110550000.0,147340000.0
Q9D1K7,,154790000.0,54452000.0,115970000.0,96145000.0
P34884,Mif,4335600000.0,2016700000.0,2502200000.0,893590000.0
Q8K157,Galm,178230000.0,190200000.0,117190000.0,210290000.0
P25444,Rps2,53265000.0,136910000.0,,36517000.0
O35658,C1qbp,286850000.0,402000000.0,314300000.0,734730000.0
Q9CQ62,Decr1,166370000.0,72721000.0,44333000.0,58035000.0
Q60865,Caprin1,74867000.0,478160000.0,61500000.0,65489000.0
Q99KP6,Prpf19,177250000.0,249480000.0,673940000.0,298760000.0
P62852,Rps25,79676000.0,218420000.0,5231700.0,360830000.0
P11103,Parp1,116430000.0,163220000.0,81330000.0,32137000.0
Q3UPL0,Sec31a,66138000.0,119560000.0,7744100.0,57835000.0
P56959,Fus,77597000.0,121510000.0,28793000.0,94634000.0
P61458,Pcbd1,27545000.0,60080000.0,11149000.0,15435000.0
Q9D2G2,Dlst,76686000.0,113780000.0,42033000.0,48369000.0
P62311,Lsm3,535620000.0,109640000.0,162790000.0,276360000.0
Q91YJ3,Thyn1,84543000.0,41683000.0,62710000.0,61916000.0
P83870,Phf5a,55693000.0,55388000.0,75830000.0,78762000.0
O55142,Rpl35a,44848000.0,58801000.0,22706000.0,164130000.0
Q8BMK4,Ckap4,17548000.0,40788000.0,16506000.0,32745000.0
Q8JZV7,Amdhd2,181450000.0,96198000.0,80419000.0,122510000.0
Q3UFY7,Nt5c3b,52396000.0,155020000.0,20591000.0,18014000.0
P97822,Anp32e,537460000.0,715270000.0,,451310000.0
Q5M8N0,Cnrip1,60639000.0,65271000.0,8495300.0,52721000.0
P61971,Nutf2,647110000.0,29945000.0,548360000.0,116700000.0
Q61599,Arhgdib,42428000.0,55250000.0,84780000.0,263050000.0
P57784,Snrpa1,62544000.0,60304000.0,22027000.0,50739000.0
Q99LT0,Dpy30,54464000.0,35438000.0,54218000.0,35493000.0
P62315,Snrpd1,314130000.0,14898000.0,35038000.0,34018000.0
Q80ZM7,Gtf2a2,31123000.0,36537000.0,7310700.0,
Q8CCS6,Pabpn1,327180000.0,386030000.0,296380000.0,169420000.0
Q8BTY1,Ccbl1,212840000.0,148020000.0,173250000.0,
P15864,Hist1h1c,21270000.0,69274000.0,15325000.0,50552000.0
Q9D172,D10Jhu81e,447300000.0,184250000.0,132430000.0,779650000.0
P43275,Hist1h1a,31351000.0,133580000.0,16209000.0,81947000.0
P70694;Q91WR5;Q8K023,Akr1c6;Akr1c21;Akr1c18,1253400000.0,1008200000.0,1248800000.0,514630000.0
Q9D3D9,Atp5d,150580000.0,174240000.0,56717000.0,155120000.0
P09602,Hmgn2,92135000.0,25982000.0,149110000.0,6913900.0
O09107,Insl3,20087000.0,3311700.0,18764000.0,
O35309,Nmi,83414000.0,,86916000.0,35559000.0
O35943,Fxn,52067000.0,5054800.0,12719000.0,13755000.0
P07758;Q00896;Q00897;P22599,Serpina1a;Serpina1c;Serpina1d;Serpina1b,20166000.0,42913000.0,60205000.0,56181000.0
P27641,Xrcc5,13043000.0,,,18912000.0
P46460,Nsf,33345000.0,11379000.0,23430000.0,
P61514,Rpl37a,8631000.0,5271100.0,,4569900.0
P62305,Snrpe,42073000.0,88458000.0,101580000.0,74489000.0
P67871,Csnk2b,40781000.0,,13562000.0,29682000.0
P70444,Bid,8861700.0,,14931000.0,36435000.0
P97379,G3bp2,5227600.0,17864000.0,,31251000.0
Q00PI9,Hnrnpul2,18999000.0,1325100.0,38987000.0,
Q3TGF2,Fam107b,8818700.0,,8286900.0,
Q3U5Q7,Cmpk2,45436000.0,,64940000.0,9411400.0
Q3UI43,Babam1,45959000.0,95535000.0,18129000.0,
Q4KML4,Abracl,48015000.0,20679000.0,87931000.0,85737000.0
Q61142,Spin1,18801000.0,14669000.0,32380000.0,41538000.0
Q61233,Lcp1,58854000.0,,,35690000.0
Q64487,Ptprd,39711000.0,,27127000.0,
Q6IE21,Otud6a,4662700.0,5315600.0,3367400.0,
Q6WVG3,Kctd12,60802000.0,42445000.0,,25859000.0
Q80UW8,Polr2e,68535000.0,47946000.0,26627000.0,22764000.0
Q80W22,Thnsl2,41061000.0,41240000.0,194670000.0,65755000.0
Q80Y14,Glrx5,60375000.0,5759200.0,9967000.0,16783000.0
Q8BFQ8,Pddc1,21962000.0,,31651000.0,55387000.0
Q8BTV2,Cpsf7,16990000.0,1398800.0,15177000.0,
Q8C129,Lnpep,21982000.0,14700000.0,25205000.0,
Q8K339,Kin,14636000.0,7257000.0,,6313300.0
Q8VDM6,Hnrnpul1,19542000.0,,28613000.0,
Q8VEH6,Cbwd1,81598000.0,14426000.0,102720000.0,
Q91YN9,Bag2,44883000.0,24773000.0,44417000.0,66790000.0
Q99L45,Eif2s2,7382100.0,1457600.0,9296500.0,47912000.0
Q9CQ92,Fis1,13730000.0,5209700.0,,5066800.0
Q9CR70,Lage3,17433000.0,7578800.0,6330800.0,13578000.0
Q9CY97,Ssu72,20392000.0,,14209000.0,
Q9D0A3,Arpin,19760000.0,27845000.0,46955000.0,39223000.0
Q9D1I5,Mcee,13391000.0,10064000.0,,7555700.0
Q9D967,Mdp1,49922000.0,46805000.0,88741000.0,63859000.0
Q9ESJ0,Xpo4,18577000.0,,14649000.0,
Q9ESZ8,Gtf2i,5533000.0,2358800.0,4932100.0,3436000.0
Q9JHS9,Cwc15,29264000.0,,,18611000.0
Q9JKV1,Adrm1,26857000.0,5092300.0,313450000.0,
Q9JMD3,Stard10,77030000.0,,,24252000.0
Q9QX60,Dguok,58221000.0,31059000.0,78648000.0,27690000.0
Q9QZ06,Tollip,31158000.0,15571000.0,17561000.0,17205000.0
Q9WV92,Epb41l3,28327000.0,,95307000.0,
Q9WVK4,Ehd1,1568600.0,36916000.0,14743000.0,74591000.0
Q9Z0E6,Gbp2,50945000.0,89819000.0,31262000.0,60299000.0
Q9Z0H3,Smarcb1,9348500.0,2768100.0,4297600.0,22571000.0
Q7TMJ8,Pik3ip1,58836000.0,,83999000.0,20135000.0
O89051,Itm2b,42123000.0,13010000.0,95302000.0,300620000.0
P23927,Cryab,8193500.0,8885300.0,33928000.0,102380000.0
Q8BMY7,Spink2,20232000.0,,7786200.0,
Q9DCV4,Rmdn1,38792000.0,,39209000.0,42633000.0
P97355,Sms,112170000.0,68937000.0,,19519000.0
Q5I012,Slc38a10,39757000.0,19818000.0,108900000.0,
Q921J2,Rheb,19967000.0,,29048000.0,24871000.0
Q8VIN1,Pbp2,74116000.0,,14265000.0,
Q9D5V6,Syap1,51995000.0,12821000.0,17074000.0,
Q99JP4,Cdc26,17240000.0,,8770500.0,16743000.0
Q3TUU5,Tex30,35597000.0,7155700.0,33024000.0,
Q9CQ66,Tctex1d2,62830000.0,3972100.0,35393000.0,7081800.0
Q9CX60,Lbh,90386000.0,,,75973000.0
Q9Z2X2,Psmd10,38621000.0,,,24715000.0
Q91VR8,Brk1,10948000.0,11898000.0,20717000.0,64400000.0
Q9CQG1,Chac2,20337000.0,,,6263300.0
Q91W50,Csde1,31145000.0,,42047000.0,10558000.0
P58242,Smpdl3b,121560000.0,47010000.0,102910000.0,47450000.0
Q99NB9,Sf3b1,19030000.0,4610900.0,12500000.0,6287500.0
Q9D289,Trappc6b,21999000.0,,,10084000.0
Q9D1K2,Atp6v1f,26428000.0,2954400.0,26918000.0,22962000.0
P97823,Lypla1,73736000.0,32506000.0,49923000.0,31690000.0
Q80UM3,Naa15,19073000.0,,,10993000.0
Q9CR39,Wdr45b,41010000.0,,22441000.0,
Q8CG76,Akr7a2,28019000.0,7717800.0,24143000.0,45855000.0
Q9JKX6,Nudt5,48208000.0,33047000.0,24050000.0,52294000.0
Q8K0G5,Tssc1,71382000.0,19941000.0,61968000.0,85297000.0
Q9CQ71,Rpa3,28375000.0,3678000.0,5119500.0,
Q91VM9,Ppa2,138220000.0,16239000.0,108660000.0,12701000.0
Q569Z5,Ddx46,18369000.0,2965400.0,13656000.0,125390000.0
O09174,Amacr,69657000.0,12275000.0,126170000.0,1123500000.0
Q99JX3;Q91X51,Gorasp2;Gorasp1,33553000.0,10607000.0,27880000.0,
Q8BGD8,Coa6,11902000.0,10015000.0,14314000.0,6588800.0
O08997,Atox1,69060000.0,,253920000.0,21331000.0
Q80W65,Pcsk9,32790000.0,3480900000.0,60256000.0,5072100000.0
Q03157,Aplp1,94701000.0,41128000.0,149420000.0,
Q61477,Nbl1,162340000.0,97315000.0,214450000.0,402880000.0
P21570,Ang,27253000.0,28046000.0,31530000.0,86515000.0
P28301,Lox,41159000.0,1239300000.0,31543000.0,866120000.0
Q8C9W3,Adamts2,40117000.0,170800000.0,121640000.0,122990000.0
Q8K135,Kiaa0319l,3817800.0,45592000.0,83284000.0,218560000.0
Q61072,Adam9,326430000.0,344570000.0,795730000.0,1374800000.0
Q8BME9,Cbln4,267240000.0,140480000.0,137170000.0,42460000.0
Q8BNA6,Fat3,48879000.0,45059000.0,17286000.0,21360000.0
O70258,Sgce,64546000.0,57726000.0,56995000.0,54728000.0
P21614,Gc,86827000.0,9022500000.0,550770000.0,9130400000.0
Q9DBV4,Mxra8,32605000.0,226300000.0,47724000.0,82651000.0
Q9Z175,Loxl3,42385000.0,19778000.0,26430000.0,
P35456,Plaur,40277000.0,345420000.0,23445000.0,805690000.0
O70458,Osmr,28275000.0,48823000.0,15913000.0,76468000.0
Q03146,Ddr1,217490000.0,392770000.0,149630000.0,209320000.0
Q9Z0J7,Gdf15,9920500.0,309610000.0,25757000.0,852050000.0
Q8BV57,Ssc5d,3513800.0,59810000.0,,39115000.0
Q99LJ1,Fuca1,135750000.0,363390000.0,1523600000.0,206980000.0
Q63870,Col7a1,1144300.0,631570000.0,,528810000.0
P35762,Cd81,504520000.0,152000000.0,19925000.0,805170000.0
Q9JMK0,B4galt5,769930000.0,1321000000.0,694980000.0,833360000.0
Q8K479,C1qtnf5,60305000.0,202890000.0,96206000.0,353950000.0
Q9ES89,Extl2,59221000.0,102600000.0,190340000.0,12702000.0
P27106,Amh,32591000.0,7637100.0,14487000.0,11895000.0
Q9EP52,Twsg1,82358000.0,117140000.0,61320000.0,194170000.0
Q9D975,Srxn1,32417000.0,39329000.0,66760000.0,26871000.0
P40240,Cd9,16908000.0,177340000.0,,110790000.0
Q9JI18,Lrp1b,9808000.0,17657000.0,26860000.0,
Q9EQQ9,Mgea5,21007000.0,19489000.0,14610000.0,
Q9D1C8,Vps28,58480000.0,66014000.0,39490000.0,24843000.0
Q9ET47,Espn,33066000.0,23617000.0,27422000.0,
P51569,Gla,78645000.0,60479000.0,86092000.0,119450000.0
Q8R0F3,Sumf1,58049000.0,109870000.0,39347000.0,35572000.0
P35282,Rab21,15646000.0,45745000.0,46067000.0,45620000.0
Q8R2Y2,Mcam,50230000.0,135010000.0,87870000.0,182130000.0
P62257,Ube2h,30334000.0,82559000.0,,48792000.0
P02802,Mt1,99695000.0,73725000.0,12589000.0,38322000.0
Q9CX00,Ist1,41639000.0,58197000.0,91738000.0,34906000.0
P52482;Q91W82;P52483,Ube2e1;Ube2e2;Ube2e3,41785000.0,13055000.0,16659000.0,
Q8CFI2,Cdc34,50038000.0,51521000.0,20668000.0,45186000.0
P70460,Vasp,17873000.0,46886000.0,12204000.0,12504000.0
P12815,Pdcd6,34562000.0,163400000.0,23017000.0,76058000.0
Q62422,Ostf1,63368000.0,121270000.0,83013000.0,300860000.0
Q91V41,Rab14,75754000.0,86104000.0,98197000.0,80043000.0
O70400,Pdlim1,137090000.0,166850000.0,117690000.0,1711100000.0
P82343,Renbp,50051000.0,91611000.0,163380000.0,180480000.0
Q91YN5,Uap1,76222000.0,106050000.0,48821000.0,59468000.0
O88952,Lin7c,19173000.0,34436000.0,25251000.0,87599000.0
Q61543,Glg1,37348000.0,43218000.0,49914000.0,59827000.0
P62071,Rras2,238760000.0,302010000.0,246620000.0,256850000.0
P62242,Rps8,21787000.0,30188000.0,5549000.0,14553000.0
Q9D820,Prorsd1,12621000.0,24770000.0,22852000.0,53561000.0
Q8R0Y6,Aldh1l1,42606000.0,93379000.0,65230000.0,226910000.0
P07091,S100a4,7803400.0,51244000.0,16182000.0,43417000.0
Q9R257,Hebp1,41465000.0,67648000.0,,44661000.0
P32921,Wars,155750000.0,174010000.0,99461000.0,210960000.0
Q9CR41,Hypk,40761000.0,13208000.0,6545000.0,16281000.0
Q9QUH0,Glrx,16892000.0,72543000.0,105410000.0,50502000.0
P52795,Efnb1,1070500000.0,1394000000.0,538880000.0,176470000.0
Q3UTJ2,Sorbs2,20059000.0,81709000.0,59545000.0,47608000.0
Q8VED9,Lgalsl,31944000.0,29860000.0,27719000.0,21954000.0
Q9CWU9,Nup37,55943000.0,47864000.0,77553000.0,
P67984,Rpl22,89866000.0,166590000.0,9435100.0,127140000.0
Q8C1B7,2018-09-11 00:00:00,56435000.0,553500000.0,151730000.0,1302700000.0
Q9R0Y5,Ak1,63795000.0,253010000.0,162860000.0,347020000.0
P62627,Dynlrb1,214380000.0,136500000.0,252230000.0,177280000.0
O70209,Pdlim3,13921000.0,18662000.0,9458900.0,32649000.0
Q9CQ65,Mtap,64197000.0,219010000.0,76873000.0,53001000.0
P61358,Rpl27,34083000.0,53165000.0,4492800.0,118720000.0
P83877,Txnl4a,70796000.0,29860000.0,36320000.0,101180000.0
Q8K003,Tma7,7588800.0,12805000.0,10744000.0,9052000.0
Q3U0V1,Khsrp,15897000.0,21600000.0,152460000.0,157420000.0
O54984,Asna1,79747000.0,66578000.0,38897000.0,30877000.0
P62301,Rps13,84982000.0,195250000.0,33116000.0,125150000.0
Q9CQ86,Mien1,26382000.0,6447600.0,12836000.0,26428000.0
Q99JX4,Eif3m,56301000.0,113950000.0,39162000.0,100830000.0
Q9D711,Pir,69893000.0,123690000.0,106910000.0,93645000.0
P0C7N9,Psmg4,59998000.0,28855000.0,41399000.0,60586000.0
P62702,Rps4x,24876000.0,135060000.0,21852000.0,175050000.0
Q8C460,Eri3,27822000.0,29045000.0,36475000.0,49665000.0
Q9JK23,Psmg1,142750000.0,63124000.0,92939000.0,59827000.0
Q91XC8,Dap,43024000.0,64956000.0,43628000.0,37303000.0
P62751,Rpl23a,7659400.0,57187000.0,,45415000.0
P70362,Ufd1l,181100000.0,394400000.0,211540000.0,420020000.0
P00329,Adh1,73562000.0,149680000.0,119960000.0,61655000.0
P53612,Rabggtb,84418000.0,37496000.0,31921000.0,18122000.0
P50295,Nat2,84656000.0,75076000.0,11988000.0,20932000.0
Q05BC3,Eml1,1639600000.0,261540000.0,603890000.0,957100000.0
Q8K385,FRRS1,64828000.0,49323000.0,57524000.0,65501000.0
Q9D9A7,Ptges3l,15249000.0,14875000.0,8232400.0,7942100.0
Q3UL36,Arglu1,109570000.0,124860000.0,6451700000.0,1655100000.0
Q91XE4,Acy3,46089000.0,61847000.0,69505000.0,93057000.0
P18608,Hmgn1,76750000.0,15885000.0,47376000.0,13086000.0
Q8BV13,Cops7b,81238000.0,44478000.0,58352000.0,137280000.0
O08583;Q9JJW6,Alyref;Alyref2,128180000.0,247750000.0,63223000.0,90037000.0
P12787,Cox5a,23423000.0,30036000.0,20617000.0,13178000.0
Q8JZL3,Thtpa,38963000.0,75562000.0,14509000.0,104890000.0
Q3TWW8,Srsf6,18308000.0,42763000.0,73079000.0,14804000.0
P60824,Cirbp,5627900.0,97674000.0,6373800.0,
Q91WE2,Fam192a,105860000.0,74303000.0,106680000.0,5358000.0
Q8VCX1,Akr1d1,623880000.0,272890000.0,609930000.0,841800000.0
O70423,Aoc3,83531000.0,89149000.0,300330000.0,99532000.0
O08529,Capn2,6545700.0,53725000.0,,31105000.0
O08539,Bin1,18505000.0,23667000.0,29290000.0,26713000.0
O08912,Galnt1,141080000.0,83675000.0,244550000.0,252480000.0
O35098,Dpysl4,34202000.0,72120000.0,96712000.0,
O70139,Pkig,4426800.0,,3490400.0,
O70274;Q63739,Ptp4a2;Ptp4a1,3805500.0,6640700.0,9018700.0,16837000.0
O88653,Lamtor3,84796000.0,4593300.0,,66903000.0
O88712;P56546,Ctbp1;Ctbp2,16794000.0,,11544000.0,
O88803,Lect2,11052000.0,,,2568400.0
P09535,Igf2,7790300.0,,5310600.0,5858700.0
P24547,Impdh2,21261000.0,,31052000.0,37666000.0
P47963,Rpl13,3030900.0,,4105100.0,
P51807,Dynlt1,7905100.0,,8805600.0,7552000.0
P53690,Mmp14,,27329000.0,13442000.0,52304000.0
P55002,Mfap2,44002000.0,20870000.0,41497000.0,105280000.0
P56873,Sssca1,32750000.0,19718000.0,161870000.0,
P57716,Ncstn,11932000.0,16848000.0,6664100.0,8659300.0
P57746,Atp6v1d,19766000.0,,15095000.0,20688000.0
P62322,Lsm5,11525000.0,,,2530600.0
P70186,Epyc,62983000.0,,,36717000.0
P70671,Irf3,22933000.0,15247000.0,15810000.0,
P97310,Mcm2,9281800.0,,26663000.0,
P97434,Mprip,11735000.0,6181000.0,,4192800.0
Q00724,Rbp4,7495800.0,,12842000.0,5373500.0
Q08943,Ssrp1,7977800.0,,,9139300.0
Q3V1L4,Nt5c2,125350000.0,,41982000.0,
Q4QY64,Atad5,112040000.0,175700000.0,83600000.0,33019000.0
Q5U5V2,Hykk,14596000.0,58071000.0,,24545000.0
Q61753,Phgdh,2838000.0,1219100.0,3143500.0,9622700.0
Q63810,Ppp3r1,11331000.0,,2987200.0,9697100.0
Q64327,Mea1,25559000.0,12158000.0,,23925000.0
Q6P9R2,Oxsr1,29687000.0,41807000.0,30639000.0,48196000.0
Q6PEB6,Mob4,34497000.0,34594000.0,117020000.0,170440000.0
Q78JE5,Fbxo22,5726800.0,10465000.0,,8539200.0
Q80VJ2,Sra1,12617000.0,,21442000.0,
Q80WB5,Wdyhv1,57675000.0,24074000.0,22569000.0,22138000.0
Q8BG73,Sh3bgrl2,33887000.0,2756700.0,10982000.0,38810000.0
Q8BG94,Commd7,14814000.0,7873000.0,6145800.0,13136000.0
Q8BHL8,Psmf1,14218000.0,,6974200.0,
Q8BRH0,Tmtc3,210490000.0,142290000.0,43638000.0,117170000.0
Q8BWP8,B4gat1,57708000.0,67670000.0,52373000.0,140970000.0
Q8C351,Layn,14887000.0,,12290000.0,20975000.0
Q8CDG1,Piwil2,1805000.0,,13991000.0,
Q8CFI0,Nedd4l,34943000.0,17661000.0,16165000.0,
Q8CI32,Bag5,15881000.0,,,28352000.0
Q8K0C9,Gmds,43597000.0,39032000.0,31254000.0,40669000.0
Q8K2I1,Fntb,53997000.0,,46638000.0,34757000.0
Q8K2Q5,Chchd7,6491300.0,,5951700.0,7602400.0
Q8QZY9,Sf3b4,1650900.0,31670000.0,,12655000.0
Q8R1B4,Eif3c,10243000.0,72191000.0,,63369000.0
Q8R526,Pkd1l1,68007000.0,42775000.0,64080000.0,77281000.0
Q8VC60,Glb1l,9570200.0,4380300.0,,4266100.0
Q8VE70,Pdcd10,23786000.0,,18354000.0,16726000.0
Q8VHC3,Selm,15284000.0,,13230000.0,
Q8VHN8,Nudt16l1,5505300.0,,83098000.0,30041000.0
Q8VI64,Mgarp,46798000.0,,72228000.0,39206000.0
Q91W39,Ncoa5,4159400.0,3033900.0,3766200.0,14307000.0
Q91WG0,Ces2c,75365000.0,52101000.0,99228000.0,
Q91WU5,As3mt,16800000.0,,50298000.0,
Q91WV0,Dr1,22547000.0,15634000.0,7049800.0,
Q91ZI0,Celsr3,128990000.0,,133770000.0,48836000.0
Q924T3,Xrcc4,11991000.0,,51326000.0,
Q9CQ10,Chmp3,31838000.0,50996000.0,89345000.0,56231000.0
Q9CQ13,Coprs,22815000.0,,33364000.0,12980000.0
Q9CR57,Rpl14,4020800.0,2352700.0,1718400.0,14791000.0
Q9CX86,Hnrnpa0,317990000.0,7651500.0,712140000.0,643300000.0
Q9CYD3,Crtap,19986000.0,29163000.0,25513000.0,42066000.0
Q9D211,Cdkn2aipnl,1712700.0,3182500.0,7562400.0,
Q9D2Q8,S100a14,4529300.0,,,13932000.0
Q9D7I0,Shisa5,2932100.0,8236900.0,,64159000.0
Q9D832,Dnajb4,3804900.0,,,17021000.0
Q9D880,Timm50,14526000.0,11053000.0,8929400.0,788890000.0
Q9D8Z2,Triap1,2913800.0,9619300.0,19368000.0,
Q9DAI2,Ift22,11954000.0,23547000.0,37325000.0,59368000.0
Q9DCL9,Paics,,7661000.0,,6813200.0
Q9DCM0,Ethe1,7229000.0,,18990000.0,29801000.0
Q9DCM2,Gstk1,11429000.0,,23594000.0,
Q9ES97,Rtn3,32623000.0,21538000.0,16538000.0,
Q9JIY5,Htra2,20289000.0,,42880000.0,
Q9JLV6,Pnkp,8381900.0,,33249000.0,14446000.0
Q9QZA0,Ca5b,30187000.0,23749000.0,,10535000.0
Q9QZB9,Dctn5,6198000.0,,8802800.0,
Q9WV98,Timm9,4429700.0,2091700.0,15478000.0,4547000.0
Q9Z0M5,Lipa,25556000.0,,64804000.0,
Q9Z0Y1,Dctn3,26425000.0,32155000.0,96897000.0,48627000.0
Q9Z255,Ube2a,34703000.0,26782000.0,38730000.0,
Q9CR75,Tnfrsf12a,7975700.0,,6252700.0,
P12850,Cxcl1,15777000.0,11455000.0,52246000.0,337360000.0
Q91YQ5,Rpn1,106870000.0,6820100.0,3852700.0,10787000.0
P17125,Tgfb3,26257000.0,9599600.0,54831000.0,56247000.0
Q8K007,Sulf1,7505000.0,,48670000.0,
Q8BR92,Palm2,33026000.0,7841500.0,,5366400.0
Q64314,Cd34,37632000.0,,15000000.0,
Q9JMD0,Znf207,12688000.0,7918900.0,,19549000.0
Q3UD01,Atxn7l3b,17677000.0,4094600.0,13769000.0,11410000.0
Q9CXF4,Tbc1d15,11512000.0,1954900.0,9134500.0,6770100.0
Q8BGL1,Ppm1n,711940000.0,85293000.0,391260000.0,10181000.0
Q9CRT8,Xpot,31040000.0,18240000.0,95988000.0,10872000.0
Q9CT10,Ranbp3,64412000.0,4219400.0,58422000.0,29467000.0
Q8K5B2,Mcfd2,63942000.0,8863200.0,4270400.0,35173000.0
Q9DCL8,Ppp1r2,32299000.0,,,21448000.0
Q9DB50,Ap1s2,17173000.0,12806000.0,,7413000.0
P47955,Rplp1,108810000.0,11121000.0,,49758000.0
P05977;P09542,Myl1;Myl3,190790000.0,98473000.0,108670000.0,251310000.0
Q9QY93,Dctpp1,34266000.0,23438000.0,19592000.0,35636000.0
P56394,Cox17,58793000.0,17099000.0,88969000.0,
Q3U1U7,Ahrr,1538900000.0,1281000000.0,1201300000.0,1168500000.0
P31240,Pdgfb,22787000.0,124120000.0,43439000.0,67844000.0
Q03366,Ccl7,27796000.0,96828000.0,47992000.0,166620000.0
P28862,Mmp3,30876000.0,3757900000.0,,4575600000.0
P55292,Dsc2,4063900.0,18924000.0,7088800.0,29085000.0
P97857,Adamts1,7026400.0,204450000.0,22938000.0,351320000.0
Q9DD06,Rarres2,12266000.0,217250000.0,21464000.0,148550000.0
P97821,Ctsc,18979000.0,688710000.0,12749000.0,800300000.0
Q61789,Lama3,,1933300000.0,,792070000.0
O88452,Stc2,19835000.0,261770000.0,2065600.0,194640000.0
O35664,Ifnar2,394630000.0,479350000.0,,419810000.0
Q9R098,Hgfac,32854000.0,1008900000.0,,1408900000.0
Q9R001,Adamts5,5448900.0,392800000.0,,100970000.0
Q8BNJ2,Adamts4,,109940000.0,27869000.0,289910000.0
Q925I7,Pdgfd,84677000.0,124250000.0,138920000.0,59133000.0
Q61805,Lbp,45135000.0,1222900000.0,37377000.0,743520000.0
O89023,Tpp1,53717000.0,568660000.0,92055000.0,538430000.0
P52793,Efna1,29711000.0,301150000.0,26376000.0,435280000.0
Q3UZZ4,Olfm4,13573000.0,5879300000.0,19425000.0,8213000000.0
O89093,Ccl20,21703000.0,154310000.0,47905000.0,52410000.0
Q9Z126,Pf4,5336100.0,51434000.0,1784000.0,66104000.0
Q9Z0F8,Adam17,18871000.0,14241000.0,56850000.0,30019000.0
Q9WVJ9,Efemp2,67948000.0,246770000.0,384780000.0,632100000.0
P97464,Ext1,158710000.0,223870000.0,42493000.0,117400000.0
Q9WVB4,Slit3,38392000.0,255600000.0,,76180000.0
P50228,Cxcl5,6494600.0,699340000.0,8919200.0,1405500000.0
P97333,Nrp1,13039000.0,79587000.0,,150730000.0
P56677,St14,5661000.0,1055500000.0,,848760000.0
P97430,Slpi,3017700.0,629510000.0,,186730000.0
Q62393,Tpd52,18717000.0,75354000.0,29891000.0,23114000.0
Q9R0M4,Podxl,1267400.0,25974000.0,508730.0,6793500.0
P18828,Sdc1,46523000.0,308850000.0,79638000.0,145950000.0
P10404,,19939000.0,1725000000.0,,871840000.0
P15379,Cd44,16406000.0,954620000.0,8564500.0,1543100000.0
P09803,Cdh1,3347600.0,4335000000.0,,3277000000.0
P04925,Prnp,42200000.0,119380000.0,46239000.0,139020000.0
Q922J3;Q9Z0H8,Clip1;Clip2,175420000.0,802800000.0,,639690000.0
Q9JME7,Trappc2l,6190900.0,38573000.0,16037000.0,3687500.0
Q64695,Procr,99454000.0,196350000.0,72100000.0,117340000.0
P13597,Icam1,69842000.0,391540000.0,41056000.0,442630000.0
P52800,Efnb2,58924000.0,185670000.0,54282000.0,161910000.0
Q6PDJ1,Cachd1,6815300.0,115460000.0,4670300.0,45812000.0
P10810,Cd14,11003000.0,5320200000.0,14808000.0,2485200000.0
P51885,Lum,21871000.0,2287300000.0,,663200000.0
Q8BLX7,Col16a1,15593000.0,75553000.0,609770000.0,856960000.0
Q62470,Itga3,8590900.0,25657000.0,5609100.0,97544000.0
Q80X19,Col14a1,3605500.0,103300000.0,,26247000.0
Q9JI48,Plac8,20470000.0,93639000.0,3850500.0,234690000.0
Q9Z0T9,Itgb6,28662000.0,80960000.0,13941000.0,130340000.0
Q60870,Reep5,6713000.0,36013000.0,,28914000.0
Q921V5,Mgat2,46681000.0,99796000.0,225920000.0,146430000.0
O35127,Grcc10,4099400.0,10391000.0,12503000.0,21904000.0
Q3TW96,Uap1l1,,102030000.0,186690000.0,155280000.0
O08759,Ube3a,17743000.0,113180000.0,199030000.0,206820000.0
P81117,Nucb2,53778000.0,334730000.0,116690000.0,585500000.0
Q8CCH2,Nhlrc3,49682000.0,48060000.0,29165000.0,40868000.0
O08573,Lgals9,36968000.0,23519000.0,13796000.0,19999000.0
Q9JHH9,Copz2,19317000.0,52371000.0,9984800.0,32684000.0
Q9D7E3,Ovca2,17437000.0,44998000.0,26472000.0,41195000.0
P47713,Pla2g4a,20115000.0,89162000.0,46671000.0,48111000.0
P35293,Rab18,71241000.0,182520000.0,19604000.0,18389000.0
Q8CAQ8,Immt,4614300.0,5545400.0,9636700.0,8070200.0
Q3U4G3,Xxylt1,15394000.0,39880000.0,36599000.0,35801000.0
Q62266,Sprr1a,40725000.0,219670000.0,11804000.0,124380000.0
P63254,Crip1,6552400.0,56565000.0,5235900.0,29659000.0
Q9Z0U1,Tjp2,14511000.0,301380000.0,13139000.0,54250000.0
Q9CQQ8,Lsm7,21340000.0,21129000.0,28531000.0,19930000.0
Q9R111,Gda,27821000.0,105110000.0,110580000.0,202520000.0
P26369,U2af2,18916000.0,57458000.0,15640000.0,50158000.0
Q8VE47,Uba5,40994000.0,30951000.0,9208100.0,15514000.0
Q9JLJ2,Aldh9a1,,81279000.0,,98217000.0
Q921F2,Tardbp,12896000.0,45836000.0,66568000.0,27686000.0
P61961,Ufm1,25373000.0,15425000.0,15114000.0,
Q9D3R6;Q3UMC0,Katnal2;Spata5,2225800000.0,233420000.0,1677200000.0,2020200000.0
Q91ZF0,Dnajc24,24327000.0,44933000.0,,16869000.0
Q61768,Kif5b,3654300.0,44146000.0,53743000.0,
Q9D0J8,Ptms,245510000.0,161770000.0,128610000.0,168420000.0
Q9D8U8,Snx5,28002000.0,191900000.0,,111760000.0
Q91WK5,Gcsh,130280000.0,42087000.0,32111000.0,114470000.0
Q9D8C4,Ifi35,15799000.0,55842000.0,,16171000.0
P62855,Rps26,22497000.0,61123000.0,,67706000.0
Q6P8J2,Sat2,21947000.0,18042000.0,5731100.0,9350200.0
P97352,S100a13,8077600.0,12720000.0,22566000.0,11821000.0
P29595,Nedd8,10072000.0,68440000.0,204040000.0,144380000.0
Q9JJ59,Abcb9,1085700000.0,2167300000.0,1476500000.0,2376400000.0
Q8VDJ3,Hdlbp,870010000.0,889470000.0,789950000.0,857590000.0
Q8VEE0,Rpe,29857000.0,41402000.0,,68774000.0
Q9ERG0,Lima1,4155000.0,8119600.0,,8173600.0
Q8CGF7,Tcerg1,3940700.0,8202000.0,4601400.0,7235600.0
Q9D0E1,Hnrnpm,9566900.0,46536000.0,294970000.0,12002000.0
Q91UZ5,Impa2,17731000.0,45683000.0,14013000.0,16842000.0
P28076,Psmb9,19460000.0,63465000.0,35530000.0,71608000.0
Q6ZPG2,Wdr90,46139000.0,138580000.0,129220000.0,
P97363,Sptlc2,432810000.0,1092300000.0,678310000.0,1396500000.0
O54774,Ap3d1,,15581000.0,10375000.0,125510000.0
O70475,Ugdh,,2704200.0,1609800.0,17253000.0
P00796;P06281,Ren2;Ren1,,34209000.0,,68667000.0
P25119,Tnfrsf1b,,27769000.0,,26906000.0
P55271,Cdkn2b,,3751300.0,2156000.0,2914900.0
P62918,Rpl8,,7472400.0,14632000.0,9569200.0
Q64374,Rgn,,12325000.0,,14995000.0
Q69ZN7,Myof,,6068900.0,,22707000.0
Q6Y685,Tacc1,,10407000.0,,9339400.0
Q8BJU0,Sgta,,65649000.0,36039000.0,20739000.0
Q8BTW3,Exosc6,,16421000.0,,16121000.0
Q8K4Q8,Colec12,,15340000.0,2906600.0,110690000.0
Q8QZZ7,Tprkb,,7613900.0,43865000.0,
Q8VBV3,Exosc2,,13978000.0,,12405000.0
Q91VJ2,Prkcdbp,,23777000.0,,38019000.0
Q9CXA2,L3hypdh,,12919000.0,,35077000.0
Q9D0F3,Lman1,,23449000.0,,38048000.0
Q9D0L7,Armc10,,18275000.0,23887000.0,54074000.0
Q9DCS2,,,2443700.0,,14838000.0
Q9JHP7,Kdelc1,,20847000.0,22390000.0,
Q9JJN1,Fgf21,,8116000.0,,10788000.0
Q9JLQ0,Cd2ap,,3635200.0,6903600.0,4382600.0
Q9JLZ6,Hic2,,82006000.0,,731060000.0
Q9QZJ6,Mfap5,,23651000.0,,74842000.0
Q9QZM0,Ubqln2,,32660000.0,,18115000.0
Q9R062,Gyg1,,18494000.0,1458800.0,416700000.0
Q9R069,Bcam,,60538000.0,,53187000.0
Q9R1C7,Prpf40a,,3072200.0,,14038000.0
Q9WVH9,Fbln5,,34360000.0,85676000.0,73207000.0
Q9Z1K5,Arih1,,13787000.0,,9208400.0
Q62000,Ogn,,194390000.0,32095000.0,664210000.0
Q925S4,Il24,,63889000.0,,147830000.0
P41245,Mmp9,,414970000.0,,954620000.0
P14719,Il1rl1,,424920000.0,,25071000.0
Q9QUN9,Dkk3,,747930000.0,,480670000.0
Q61955,Klk8,,105990000.0,7659800.0,99633000.0
Q62009,Postn,,3521400000.0,,535610000.0
Q811B3,Adamts12,,8734900.0,2060600.0,10948000.0
Q6W5C0,Cxcl3,,29479000.0,,70006000.0
Q91YK8,Lypd3,,72492000.0,,82687000.0
A2AVA0,Svep1,,106690000.0,,108280000.0
Q01279,Egfr,,822470000.0,12804000.0,1015500000.0
Q9DAU7,Wfdc2,,2556800000.0,40506000.0,3458000000.0
P58686,,,157910000.0,,144400000.0
O88839,Adam15,,21103000.0,,42058000.0
Q61362,Chi3l1,,187840000.0,,69524000.0
Q9D6X6,Prss23,,77781000.0,48682000.0,46677000.0
P05017,Igf1,,20263000.0,,10514000.0
Q61330,Cntn2,,1940600000.0,,1918700000.0
Q03350,Thbs2,,399750000.0,,824460000.0
Q8K209,Gpr56,,451730000.0,,335950000.0
Q9D256,Spink12,,30357000.0,,20287000.0
Q8R366,Igsf8,,375430000.0,,590000000.0
O88338,Cdh16,,42022000.0,,177820000.0
P21765,Gpx5,,1105300000.0,,1808400000.0
Q922P8,Tmem132a,,83576000.0,43151000.0,43517000.0
Q64253,Ly6e,,11376000.0,,21758000.0
P16056,Met,,1082900000.0,2793200.0,1104400000.0
O35902,Dsg3,,114210000.0,,87453000.0
P70412,Cuzd1,,988930000.0,,747220000.0
Q66K08,Cilp,,1450300000.0,,124710000.0
O35054,Cldn4,,33480000.0,,24215000.0
Q10738,Mmp7,,986160000.0,,877020000.0
P50404,Sftpd,,173270000.0,,189980000.0
Q8K1M6,Dnm1l,,353060000.0,28221000.0,465240000.0
P97927,Lama4,,45513000.0,7267300.0,91069000.0
Q61087,Lamb3,,13019000.0,,35520000.0
Q8BMS2,Spon2,,202090000.0,,29029000.0
O09126,Sema4d,,37451000.0,,23574000.0
Q61092,Lamc2,,555790000.0,,408280000.0
Q8JZQ5,Aoc1,,312970000.0,,552530000.0
Q9CQW9;Q99J93,Ifitm3;Ifitm2,,14197000.0,,10996000.0
Q8BZQ2,Crispld2,,38614000.0,,69806000.0
Q91Z98,Chil4,,39463000.0,,26649000.0
Q9JJ00,Plscr1,,110580000.0,,92071000.0
P12970,Rpl7a,,76311000.0,3398100.0,72719000.0
O55201,Supt5h,,13061000.0,,31121000.0
Q8BVE3,Atp6v1h,,176380000.0,61221000.0,38192000.0
Q62523,Zyx,,47303000.0,,36658000.0
Q3TJD7,Pdlim7,,23787000.0,,19976000.0
P61211,Arl1,,36563000.0,51169000.0,59613000.0
Q6NZN0;Q5SFM8,Rbm26;Rbm27,,5600200.0,,5699400.0
Q9WVE8,Pacsin2,,108100000.0,,71421000.0
Q3U7R1,Esyt1,,35301000.0,4440100.0,12198000.0
Q8BK67,Rcc2,,211690000.0,8871700.0,93470000.0
Q8CJ53,Trip10,,28386000.0,,6812300.0
P70336;P70335,Rock2;Rock1,,23710000.0,,54591000.0
P97449,Anpep,,65348000.0,53908000.0,17658000.0
Q3UGC7;Q66JS6,Eif3j1;Eif3j2,,9600000.0,16765000.0,32939000.0
P24288,Bcat1,,68249000.0,,68354000.0
Q8BP67,Rpl24,,5576200.0,,10567000.0
P00920,Ca2,,318180000.0,2966700.0,732870000.0
Q6ZWN5,Rps9,,6341800.0,,80330000.0
P31725,S100a9,,39747000.0,,22789000.0
Q7TNG8,Ldhd,,54763000.0,,89648000.0
Q8VHI3,Pofut2,,45375000.0,89602000.0,33778000.0
P62307,Snrpf,,69899000.0,136330000.0,77644000.0
Q923D4,Sf3b5,,14564000.0,25884000.0,13556000.0
