"id","limma_log2FC","p_value","adj_p_value","n_imputed","AveExpr","t","B"
"P19137",0.364404376529679,0.606733359343949,0.99997988173566,0,36.9851806182202,0.558744574523312,-4.82990463978233
"P16546",0.494467507252674,0.432407801124973,0.99997988173566,0,32.8840184219171,0.874045351295772,-4.71915953204049
"P02469",-0.0289438469442446,0.969523991812418,0.99997988173566,0,36.4426457192351,-0.0407011820492259,-4.91725200626475
"P02468",-0.0427667109020246,0.95334757147971,0.99997988173566,0,36.3605908108272,-0.06233407861423,-4.91658753611674
"Q9JHU4",1.32227184079359,0.264629459564551,0.99997988173566,0,29.4076508217588,1.30062588110039,-4.53718880983836
"Q62261",1.06331447675054,0.145503082522705,0.99997988173566,0,31.3420061297444,1.81335963193348,-4.31637577436902
"Q05793",-0.135942159665937,0.863404797868837,0.99997988173566,0,33.694613366343,-0.183646161982604,-4.90774699795179
"Q64727",-0.131166552204805,0.839822597162429,0.99997988173566,0,34.9061534469982,-0.215925874883073,-4.90395728337712
"Q80X90",1.32804861997648,0.238605516857936,0.99997988173566,0,31.3099310730892,1.38893901540221,-4.4981594994867
"P19096",0.444562693312181,0.501627752745234,0.99997988173566,0,32.3412564693,0.739206967264141,-4.77030586089849
"P01027",0.347339197190022,0.794308004440992,0.99997988173566,0,35.4904892329098,0.279064708392335,-4.89485212914435
"P11087",0.468075248782723,0.728160324786215,0.99997988173566,0,35.6120143732712,0.373427300286213,-4.87722931833068
"Q8BTM8",0.018861708917373,0.985387623736564,0.99997988173566,0,32.4133117334576,0.0195098481578572,-4.91763263833341
"P02463",0.924086414663232,0.209240658609999,0.99997988173566,0,33.5426436209135,1.50094417308841,-4.44893554489737
"Q9QXS1",-0.0451073800299052,0.95504671949263,0.99997988173566,0,30.3539508388612,-0.0600602896057232,-4.91667046804274
"P10493",-0.195746463239753,0.784938500665261,0.99997988173566,0,36.6942676631602,-0.292223952293802,-4.89267818086628
"P08121",0.547352302060686,0.700244372714838,0.99997988173566,0,34.4913636086783,0.414434670548916,-4.86814518139159
"Q61316",0.218125332551229,0.772584648022809,0.99997988173566,0,33.2512767720224,0.309670658009739,-4.88965195513843
"P57780",0.0551108018244715,0.946659180368201,0.99997988173566,0,35.0122234269384,0.071288509536881,-4.91623108211928
"Q01853",0.418298367703938,0.48460900670703,0.99997988173566,0,35.8478404567969,0.770940564135332,-4.75870794199684
"Q01149",0.798196909757084,0.547494746139831,0.99997988173566,0,34.4776831118032,0.65748845243598,-4.79872529518983
"Q3U1J4",0.18308991466007,0.802218603904981,0.99997988173566,0,33.3297575574763,0.268000691226259,-4.89660699048979
"Q60847",-2.4924308932974,0.0377054055354214,0.99997988173566,0,32.3862858619564,-3.08758349718938,-3.90735983690897
"P07901",1.62353781343302,0.0459378283408207,0.99997988173566,0,35.174597145547,2.8847755252864,-3.95765511949308
"Q7TPR4",0.199161733514409,0.797110359519242,0.99997988173566,0,34.3829267840855,0.275140516949472,-4.89548219921224
"P08113",0.239571648662725,0.710955833079525,0.99997988173566,0,35.0896585123144,0.39860492718164,-4.87175067828173
"Q3UQ28",-0.124689008429324,0.876869380640145,0.99997988173566,0,33.5906972023361,-0.165324478928825,-4.90963261630056
"P20029",0.482889296897513,0.443600878662345,0.99997988173566,0,35.8696815686222,0.851129271042869,-4.7281756127521
"P20152",-0.112372524114818,0.848837124006147,0.99997988173566,0,36.3683817566467,-0.203555890629227,-4.90547964435143
"P11276",0.174800320299188,0.921054497849365,0.99997988173566,0,32.1887123390296,0.105642359097014,-4.91442286423496
"O88207",0.990202700525792,0.277185446409843,0.99997988173566,0,32.6084760833263,1.26101327560186,-4.55468683837782
"P11499",-0.142841718011503,0.814942334709293,0.99997988173566,0,35.5328740613408,-0.250288603028063,-4.89927631364433
"A2ARV4",0.809227462049799,0.399434086068645,0.99997988173566,0,29.6306280539064,0.944535842245014,-4.69072831667938
"Q68FD5",0.0160229373309496,0.978331256370006,0.99997988173566,0,31.74136848219,0.0289339847558588,-4.91749642477753
"Q9JKR6",0.695133036454746,0.469353476044606,0.99997988173566,0,31.7624592019453,0.800123247696242,-4.74779053442872
"P26041",0.171249446064252,0.793048043941344,0.99997988173566,0,34.6944611564353,0.280830776072807,-4.89456583049099
"P70398",0.848438677372372,0.40618647317209,0.99997988173566,0,28.2235643730865,0.929712607570712,-4.69678818119008
"P58252",0.0506966401199094,0.931839270402584,0.99997988173566,0,34.4796289392173,0.0911563028796066,-4.91527042660796
"Q61147",0.205528538596056,0.912893035806442,0.99997988173566,0,34.9807037363461,0.116623067863049,-4.9136980020171
"Q6ZQ38",0.560028076471861,0.464071297813618,0.99997988173566,0,32.4283953102579,0.810400467240819,-4.7438912383578
"P63017",0.223708563271785,0.703429024595665,0.99997988173566,0,35.6043866976698,0.409715427877451,-4.86923292036881
"Q64514",0.591835043376929,0.462379255214055,0.99997988173566,0,31.2081827918203,0.813712088605137,-4.74262891319264
"P27546",0.423142832845563,0.559034398683347,0.99997988173566,0,31.3608151382502,0.63770527253862,-4.80526495382351
"Q9WTQ5",0.346089820896657,0.687565725570547,0.99997988173566,0,31.9081944764464,0.433334786890215,-4.86368074441649
"P27773",0.242168141749725,0.67485289814545,0.99997988173566,0,36.3003411158017,0.452473897382637,-4.85898606008492
"P58771",0.434431242830409,0.479937947102309,0.99997988173566,0,34.070147486184,0.779799277201195,-4.75541861079166
"P09103",0.226215995148943,0.697403627433488,0.99997988173566,0,35.7435539331829,0.418653671534673,-4.86716356224441
"P52480",0.0713443534718035,0.919933387043413,0.99997988173566,0,35.2031982621895,0.107149758400762,-4.91432755922859
"Q8K411",0.899460433384817,0.354381883227855,0.99997988173566,0,30.1898515806531,1.04939026412278,-4.64683516416349
"Q6IRU2",0.0716315526892971,0.91769449022112,0.99997988173566,0,33.2789809400576,0.11016100313965,-4.91413316787544
"Q91V92",-0.106846570187417,0.864822679892004,0.99997988173566,0,32.2533777974566,-0.181713317877611,-4.90795503425515
"Q8BKC5",0.456334414684854,0.448820347030715,0.99997988173566,0,32.2263597829988,0.840603498307996,-4.73227599988254
"P17156",-0.0162558654739829,0.990172298243124,0.99997988173566,0,30.7931597440721,-0.0131209738637063,-4.9176948467029
"Q11011",0.154330114464832,0.796219592185126,0.99997988173566,0,32.8914600507712,0.276387306494793,-4.89528292445683
"E9Q557",1.40763623415852,0.202418009738913,0.99997988173566,0,27.4395578378682,1.5292520058832,-4.43659085627008
"Q6P5F9",-0.0538320980876974,0.94465463911078,0.99997988173566,0,31.4341795268322,-0.0739735486708265,-4.91611492268887
"Q9EPL2",0.297523252828984,0.640055479995791,0.99997988173566,0,32.0250100238773,0.505919386809698,-4.84498062403446
"Q921I1",0.329396192605164,0.621623806521009,0.99997988173566,0,33.3941072624883,0.534923489893249,-4.83684955934086
"Q02819",0.172341039959214,0.76962811096582,0.99997988173566,0,34.2001637473834,0.313862971180941,-4.88890051585486
"Q91ZX7",0.787273155884708,0.246702648649025,0.99997988173566,0,29.0800266666767,1.36048244855183,-4.51072808216813
"P06801",-0.123924130112035,0.835891239193327,0.99997988173566,0,35.4319460467135,-0.22133332006926,-4.90326460092895
"P09470",0.327578070983561,0.579680660166213,0.99997988173566,0,32.7113844017948,0.602998697020189,-4.81639140953095
"Q80YX1",0.2063875401628,0.875712880817983,0.99997988173566,0,30.7361650396648,0.166895344632253,-4.90947853242536
"P13020",0.446721507963045,0.474629350439105,0.99997988173566,0,33.5381126935946,0.789948514576496,-4.75162336288082
"Q8VHY0",1.57951937673622,0.0588756988056886,0.99997988173566,0,29.1894776906049,2.63935593278396,-4.02557455244063
"P26039",1.00539791856244,0.148425242837632,0.99997988173566,0,28.1141680498872,1.79608889660598,-4.32344823201993
"Q02053",0.574733356871029,0.370120828744624,0.99997988173566,0,31.7049876633641,1.01149627405081,-4.66288680476279
"Q8BHN3",0.373077606930993,0.597531843615184,0.99997988173566,0,32.7074377971065,0.573650313040469,-4.82544021204281
"Q61598",0.525461080622418,0.3906529773197,0.99997988173566,0,34.142791477198,0.964135941639781,-4.6826550574473
"P48722",0.503239599603175,0.729048423442852,0.99997988173566,0,29.6697502587381,0.37213553545408,-4.87750181529609
"O88844",0.330526340348425,0.587947866560854,0.99997988173566,0,34.4667225078329,0.589334201710843,-4.82064654133508
"P35441",-0.165102512525417,0.918611029918684,0.99997988173566,0,33.3131223685682,-0.10892813731429,-4.9142134010403
"Q61292",0.292678571224435,0.68266216889071,0.99997988173566,0,30.4616429624123,0.44069414781639,-4.86189605066352
"P15626",0.0944918700275039,0.880239015143543,0.99997988173566,0,36.8630328986384,0.160750407849656,-4.91007315295503
"P08003",1.10758369877959,0.116079511132716,0.99997988173566,0,32.6917709721969,2.01162467548258,-4.23785199533441
"Q04857",0.785166975147166,0.597640222912732,0.99997988173566,0,32.9555915624678,0.573473891701524,-4.82549357702988
"Q06890",0.497982683970721,0.529450563451422,0.99997988173566,0,38.3337341173349,0.689020757780564,-4.78801930380039
"Q07113",-0.338917975669232,0.598558614958407,0.99997988173566,0,28.1447831666371,-0.571979748863081,-4.82594503330848
"P09411",0.742940554132351,0.341464165758519,0.99997988173566,0,34.1080662862822,1.08163284552379,-4.63303667382432
"P17182",0.484829809043286,0.434057533702701,0.99997988173566,0,35.0658809885689,0.870637545141309,-4.72050781686151
"P05064",0.455981364397938,0.489184686289645,0.99997988173566,0,35.4977997219066,0.762326213948852,-4.76188526240415
"P14733",0.790586526220668,0.248989236393819,0.99997988173566,0,30.905783427907,1.35261392723488,-4.51420557255609
"P26043",0.48799098304189,0.439112499630717,0.99997988173566,0,30.9411230057728,0.860261252504071,-4.72459710327278
"P40142",0.0386585940238883,0.961687680095786,0.99997988173566,0,34.2538789400198,0.0511769955142661,-4.91696500618235
"Q8VHX6",0.541394185149911,0.607420593496238,0.99997988173566,0,28.1734208355727,0.557637119947921,-4.83023272501732
"P48678",0.204198019841022,0.793474514759015,0.99997988173566,0,31.4477806902766,0.280232877990439,-4.89466294631048
"Q8VDM4",0.395633198329261,0.533920933902536,0.99997988173566,0,31.4767116767438,0.681138082940852,-4.79072739498823
"P26040",0.464856650075403,0.58383677931395,0.99997988173566,0,30.2888844890945,0.596113221331081,-4.81854460555371
"Q93092",-0.811096323471358,0.236695823002402,0.99997988173566,0,35.2240527849012,-1.39579033365326,-4.49513585539152
"Q8K010",0.270819690917327,0.703730094745885,0.99997988173566,0,29.5877686289236,0.409269850368619,-4.86933505956948
"P63038",0.426542827317668,0.537981100126299,0.99997988173566,0,32.6653326918894,0.674019671972396,-4.79315492624137
"P70663",0.157022832173685,0.892442221116155,0.99997988173566,0,32.4718940409528,0.1442194633027,-4.91156411202339
"Q9R0B9",-0.283999079768674,0.637230073999749,0.99997988173566,0,33.6755263899882,-0.510332414894406,-4.84376697208894
"P27046",0.079800069137691,0.891598707654442,0.99997988173566,0,31.0824097250883,0.145360474239647,-4.91146630600405
"P21107",-0.598225976874499,0.365144079297865,0.99997988173566,0,31.311617172944,-1.02332156762508,-4.65789844607494
"Q8BHG1",2.42179978403148,0.139817787741073,0.99997988173566,0,29.7298470865134,1.84805749007831,-4.3022739382816
"P62259",-0.638961370935,0.306811958896268,0.99997988173566,0,35.2607665047942,-1.17396906905013,-4.59296211137726
"Q99KI0",0.781674972124334,0.440954541498672,0.99997988173566,0,30.424483604168,0.856504327528051,-4.72607165292348
"Q921M3",-0.0782199214419541,0.902959047387424,0.99997988173566,0,31.2893450689778,-0.130012536117079,-4.91271831277739
"P14211",0.107199573017984,0.880668849308786,0.99997988173566,0,35.8362213454983,0.160167238451309,-4.91012844863363
"P10649",-0.314264839083663,0.591804186782526,0.99997988173566,0,36.5240068952091,-0.583003549191639,-4.82259319239661
"Q00493",-0.274343476693957,0.694709115195323,0.99997988173566,0,36.1286339571584,-0.422663781103614,-4.86622254582073
"O35206",0.798819785016282,0.241688952806652,0.99997988173566,0,32.5112083557777,1.37799113673626,-4.50299319091933
"O88342",0.122873165396399,0.845638613152975,0.99997988173566,0,33.9194577613554,0.207940430182642,-4.90494997026982
"P17710",-0.0826131004428181,0.889644301778487,0.99997988173566,0,31.1162769201777,-0.148005087970566,-4.9112366987467
"Q99MD9",0.392865878531917,0.729223464912292,0.99997988173566,0,30.1833737361045,0.37188102151519,-4.87755540517047
"Q6P5E4",-0.0421925984206801,0.941177057049473,0.99997988173566,0,31.0938520889981,-0.0786332943251963,-4.91590318658128
"P37889",-0.0421083191862052,0.969881263375239,0.99997988173566,0,32.3284016868953,-0.040223715333195,-4.91726352995907
"Q99KK7",0.992916092320358,0.144766489622676,0.99997988173566,0,31.6633154330782,1.81777195447196,-4.31457452688569
"Q8K0E8",-0.564071953436074,0.492717700446353,0.99997988173566,0,33.7533107068817,-0.755716903346513,-4.76430857581356
"Q5SUR0",-0.00125310274109469,0.99832479040838,0.99997988173566,0,31.0230912255082,-0.00223649568730663,-4.91774473003817
"P22777",0.355779908942826,0.679461179700706,0.99997988173566,0,35.9485144380298,0.445513678301005,-4.86071336535904
"Q3U962",0.656774362709421,0.757402598557307,0.99997988173566,0,30.8394273523638,0.331271552619077,-4.88568056770878
"P60710",-0.870484646236869,0.495124244260553,0.99997988173566,0,30.2472915221476,-0.751235546390123,-4.76594442659655
"P63260",0.208801714897561,0.73694356226934,0.99997988173566,0,36.5249734985397,0.360684528467099,-4.87988031742416
"P18760",0.326684857572405,0.645145361885578,0.99997988173566,0,34.0616949269257,0.497998570917931,-4.8471374815998
"P06151",0.405405796264437,0.559569168487336,0.99997988173566,0,35.4825423468042,0.636795381591489,-4.8055623480983
"Q9DCD0",0.882648579840338,0.232131275946689,0.99997988173566,0,33.7196424156857,1.41239255854857,-4.48781393120596
"Q9JHR7",0.179784314891706,0.793127643179063,0.99997988173566,0,30.3409841316743,0.28071917118558,-4.89458397309458
"O35685",0.292550487350399,0.750909157266501,0.99997988173566,0,30.6902359092085,0.340567622214776,-4.88389590618997
"Q9EQH2",0.16380796309259,0.809607547694083,0.99997988173566,0,31.0550577209128,0.257702712098368,-4.89818002394087
"P50247",1.09749523349279,0.122783645669292,0.99997988173566,0,32.0425471659198,1.96196750691916,-4.25703797050503
"Q80W21",0.0475393031562229,0.937294331318655,0.99997988173566,0,32.2747731301475,0.0838384429885267,-4.91565145467548
"P05202",0.319796765478491,0.598952575252811,0.99997988173566,0,33.6683890770687,0.57133926354254,-4.82613828164623
"Q9D964",0.849069422948744,0.238325492342307,0.99997988173566,0,32.3716857721308,1.3899402195693,-4.49771757683009
"Q9R1E6",-0.444324374550606,0.581461600714372,0.99997988173566,0,31.5485937537354,-0.600044195043955,-4.81731756940127
"O09159",0.16415582334663,0.791695506317874,0.99997988173566,0,31.5713476557861,0.282727808197968,-4.89425641097701
"P12023",-0.00144796138730641,0.998422800889185,0.99997988173566,0,33.65714211053,-0.00210564612792589,-4.91774489959632
"Q8BGQ7",0.227845322447354,0.830516340189787,0.99997988173566,0,29.3012873412734,0.228739351688463,-4.90228917391809
"P40124",0.143358554601375,0.811577645243236,0.99997988173566,0,32.2633182764089,0.254962725344098,-4.89858871549607
"P60843",0.397699861831252,0.499502759307735,0.99997988173566,0,33.780514585387,0.743124239093606,-4.76889024671787
"P70168",-0.118738581372315,0.844249496147534,0.99997988173566,0,32.5634840061957,-0.209846181769938,-4.90471634394074
"P42932",-0.52472382598353,0.408712459410426,0.99997988173566,0,30.8369861381199,-0.924221078670622,-4.69902272941999
"P68254",-0.0675595787689336,0.908974116605953,0.99997988173566,0,33.2118390904406,-0.12190187147481,-4.91332431273351
"Q8C1A5",0.241217982415068,0.728325011084543,0.99997988173566,0,32.0096852047711,0.373187702387253,-4.87727992518061
"Q8CG14",0.0548628389373012,0.934765112408736,0.99997988173566,0,35.1096296478362,0.0872306126236765,-4.91547876913411
"P08071",0.979289411832607,0.754610843674276,0.99997988173566,0,33.1203201329591,0.335263917190225,-4.884919645279
"Q02788",0.971296828813685,0.55839308466103,0.99997988173566,0,31.7900232073109,0.638797236927216,-4.8049076524571
"P97798",-1.47052130681652,0.0728047946969036,0.99997988173566,0,31.4861004704396,-2.43676962430579,-4.08788451001417
"Q64449",1.18606670349745,0.104249890002822,0.99997988173566,0,29.1167914733579,2.10748971077133,-4.20177363608764
"P37804",-0.0997844578902018,0.861717233006919,0.99997988173566,0,33.2971396907726,-0.185947749561838,-4.90749647726443
"P63101",0.431996804229416,0.476024649895964,0.99997988173566,0,35.9722955711643,0.78727239853546,-4.75262681908283
"P09405",0.649968293404458,0.481943420528963,0.99997988173566,0,32.4380314910875,0.775987759484049,-4.7568365592443
"Q8CFX1",0.691239714444308,0.268865530528388,0.99997988173566,0,32.0277891872192,1.28706175433125,-4.54318334167459
"O88569",0.133495664137892,0.816838326234393,0.99997988173566,0,33.5311490931424,0.24765773131578,-4.89965800785197
"Q8CG16;Q8CFG9",0.194921563750417,0.764893112999246,0.99997988173566,0,33.1704029325525,0.320591247643019,-4.88767501181229
"Q8K2I4",0.268721630347464,0.71144188456208,0.99997988173566,0,31.3063502836863,0.397889507574992,-4.87191071533124
"Q640N1",0.0951694631785908,0.955459472492065,0.99997988173566,0,30.564764060963,0.0595080055268858,-4.91669014771195
"Q61207",-0.302013018872063,0.688247929129024,0.99997988173566,0,33.4079557543322,-0.432313155369289,-4.86392645715291
"Q8CG19",0.404109708271771,0.528351162868106,0.99997988173566,0,30.6629783678127,0.690966697572749,-4.78734758583875
"O35887",0.0653547659690877,0.915329245704118,0.99997988173566,0,33.9657699885576,0.113343540629836,-4.91392191899666
"P68369",10.5478312917002,0.00115773583892417,0.892801304919811,1,29.1844881502345,8.48901892025453,-3.44371769330387
"Q3TXS7",-0.0743925835988897,0.902911024157832,0.99997988173566,0,30.2852570654672,-0.130077332355742,-4.91271331631238
"O08638",1.35727825638406,0.163080565048302,0.99997988173566,0,27.6413740162229,1.71462683811366,-4.35726058637337
"Q9QUR6",0.420157497744205,0.483668629562698,0.99997988173566,0,30.9517956653694,0.772718687814661,-4.75804947285231
"P06745",0.217023425538005,0.707976563494004,0.99997988173566,0,34.8401431348653,0.402995517971294,-4.87076298146804
"Q60854",0.249449316248752,0.693624809490105,0.99997988173566,0,33.6018880748763,0.424279801136177,-4.86584113230843
"Q9D0F9",0.0617629204078867,0.914480471992188,0.99997988173566,0,32.9184066855597,0.114485950113225,-4.91384463592586
"Q922R8",1.0159308162763,0.197689742550246,0.99997988173566,0,33.4668334020508,1.54945057271455,-4.42781348493287
"Q61425",0.617770596483015,0.489213931781804,0.99997988173566,0,33.049621744656,0.762271354209811,-4.76190542882449
"P21180",0.348648207710259,0.553752009524185,0.99997988173566,0,31.5886522724577,0.646725578278175,-4.80230050115035
"Q04998",0.403509078899865,0.599809345446717,0.99997988173566,0,31.3247289358851,0.569947296378764,-4.82655769891245
"Q61581",0.318641142598175,0.743244667987236,0.99997988173566,0,34.483646302464,0.351586620641107,-4.88172224349468
"P68372;Q9D6F9",0.34410002927747,0.591211054895886,0.99997988173566,0,33.7882079211144,0.583975491833053,-4.82229535050377
"Q9JII6",0.123337188244726,0.838782545756362,0.99997988173566,0,33.4390986469872,0.217355659528472,-4.90377573603292
"Q8CI94",0.313346649137496,0.624623116842262,0.99997988173566,0,30.9619516735978,0.530168424816638,-4.83820736558482
"P05201",0.426679101781936,0.519765819396181,0.99997988173566,0,32.4383010452378,0.706264819599707,-4.78202349393974
"P29758",0.333091147521884,0.625514024151648,0.99997988173566,0,33.1157598714099,0.528758698022072,-4.8386080643991
"P17563;Q63836",0.507022559744977,0.465553507100931,0.99997988173566,0,33.1263025103094,0.807507357053097,-4.74499171191412
"Q02257",0.596224000895694,0.50578208881258,0.99997988173566,0,27.2896660824588,0.731584610408697,-4.77304709456731
"Q8VCM7",-0.35742127562245,0.691730044190316,0.99997988173566,0,33.5450410894041,-0.427106907200741,-4.86517085190527
"P00342",0.0842493108325586,0.92895984061297,0.99997988173566,0,33.7366730317795,0.0950214389345552,-4.91505639808771
"E9PV24",-0.637146712279952,0.428362867740053,0.99997988173566,0,33.1348819953021,-0.882446314739225,-4.71582480638124
"Q9JMB7",-0.102051416488498,0.980687717591284,0.99997988173566,2,25.5146469154421,-0.025786504491159,-4.91754780893277
"P07214",0.386589027210898,0.51244010115525,0.99997988173566,0,37.4230809390005,0.719465434934022,-4.7773687318521
"Q8BND5",-0.157313977584295,0.836261978757196,0.99997988173566,0,33.3227923373588,-0.220823040970623,-4.90333067146261
"P10605",0.118472461621996,0.864995778997118,0.99997988173566,0,34.3031320585715,0.181477408771521,-4.90798027881666
"Q6GQT1",0.675699401544159,0.376764049668654,0.99997988173566,0,28.1871552481293,0.995927348486431,-4.66942362391874
"Q9QUR8",-0.0954323393472646,0.892070884504587,0.99997988173566,0,31.921916120659,-0.14472173706104,-4.91152115117415
"Q8K4G1",-0.00566304708408535,0.99470236235709,0.99997988173566,0,29.026602817523,-0.00707270027615352,-4.91773129449071
"Q8VDD5",1.17396416286517,0.464421767003878,0.99997988173566,0,28.9248963919586,0.809715731894502,-4.74415189248653
"P05214",0.934428252873429,0.670991685477067,0.99997988173566,0,28.0711286352149,0.458325951480591,-4.85751622304902
"Q62318",-0.105157265741503,0.931875390101977,0.99997988173566,0,28.9963235248815,-0.091107829417915,-4.91527305473168
"O55029",0.150756297734861,0.812597634749888,0.99997988173566,0,30.606378901028,0.253545066489319,-4.89879854168396
"Q9ERK4",0.16665779801625,0.829522482202882,0.99997988173566,0,30.1841719944439,0.230110470487441,-4.90210520649097
"P28271",0.385499826351643,0.556364466735651,0.99997988173566,0,30.8274178808867,0.642257080198626,-4.80377270576189
"Q99JY9",0.747642511350591,0.236460839119725,0.99997988173566,0,32.4197717112041,1.39663718014042,-4.49476220098384
"Q9EQK5",1.7913851417047,0.317670988704353,0.99997988173566,0,29.1177725962187,1.14403920187424,-4.60602816285298
"P24549",0.101456206403145,0.882344596021089,0.99997988173566,0,33.0292140778991,0.157894346900856,-4.91034208210828
"P99024",-0.0649394100143527,0.914490200439812,0.99997988173566,0,31.9340174727751,-0.114472855024873,-4.9138455261446
"B2RQC6",1.09908638836793,0.21285680993224,0.99997988173566,0,26.5822966246919,1.48632053145608,-4.4553308247899
"P10630",0.532086866368938,0.60851169955837,0.99997988173566,0,29.3511575738033,0.555880471157841,-4.83075210258446
"P10126",0.137922354966487,0.819180310929052,0.99997988173566,0,33.6507492240103,0.244410920628817,-4.90012376401553
"Q8R016",0.825857440234121,0.287642244917645,0.99997988173566,0,32.1806026935495,1.22932138014121,-4.56865898062709
"Q00519",0.652680145596075,0.302817946417464,0.99997988173566,0,29.8120338672207,1.18522714350227,-4.58803216844246
"Q9JHU9",0.136077326874232,0.819333734152127,0.99997988173566,0,34.6992827713153,0.244198333919537,-4.90015405516284
"P16125",0.332931314151099,0.645684589289278,0.99997988173566,0,35.3782632707183,0.497161597159018,-4.84736377033063
"P24527",-0.197842927727338,0.754614494119794,0.99997988173566,0,32.3355991060549,-0.335258692606287,-4.88492064650622
"Q62356",0.672062552537211,0.371103070537954,0.99997988173566,0,33.5169763120779,1.00917893488737,-4.66386202294752
"Q91WP6",0.3342964089302,0.686920850779987,0.99997988173566,0,34.6416238862473,0.434301015208271,-4.8634478981355
"Q8BH34",-0.0420547314573731,0.957528525422995,0.99997988173566,0,31.8341535203286,-0.0567398483855045,-4.91678605413035
"O08999",0.236857606626119,0.86520697363126,0.99997988173566,0,30.0838161665515,0.181189597980578,-4.90801103407984
"P35951",0.395021940143884,0.526364129873276,0.99997988173566,0,30.9784458597401,0.694491196380998,-4.78612777529628
"P15116",-0.496508873404456,0.492856279888405,0.99997988173566,0,31.7519219650566,-0.755458396030765,-4.76440309984741
"P63005",0.870499455320496,0.321618468602893,0.99997988173566,0,30.5683047589703,1.13339433862019,-4.61065937883954
"P68510",-0.614611959811699,0.370642511081108,0.99997988173566,0,33.2212865711085,-1.01026483016738,-4.66340513622324
"Q91VI7",0.647329411097116,0.352372532075392,0.99997988173566,0,32.8624333267048,1.05433547605073,-4.64472671850153
"Q9EQH3",0.837268547890788,0.460483562427234,0.99997988173566,0,29.6838651043992,0.817433707493554,-4.74120694324438
"Q60864",0.951480044587341,0.163522998604034,0.99997988173566,0,29.9881530572374,1.71229030040313,-4.35824094480909
"P45376",0.350000026798232,0.597197585445288,0.99997988173566,0,33.35074180793,0.574194553450588,-4.82527550828791
"Q8JZQ9",0.446852525975856,0.584404481953869,0.99997988173566,0,29.9169552366957,0.595175230629179,-4.81883651054633
"Q04447",-0.230148544268021,0.703421850906112,0.99997988173566,0,32.9435466600835,-0.409726045981593,-4.86923048520864
"Q8CIE6",0.218494779556398,0.712318323944457,0.99997988173566,0,29.7569412486236,0.396600096064153,-4.87219851286484
"P56399",-0.0556666726390348,0.929152572340362,0.99997988173566,0,30.4016361260296,-0.0947626752278272,-4.91507100255636
"Q9CPV4",1.43793430536572,0.096551162068399,0.99997988173566,0,31.3812865167788,2.17661790110365,-4.17656356565389
"Q91YI0",0.93335631994979,0.200801122249779,0.99997988173566,0,31.232529441033,1.5361040335554,-4.43361024999886
"P48774",-0.162016210415236,0.82775237951667,0.99997988173566,0,32.3297941824256,-0.232553820227418,-4.90177476098533
"Q6WKZ8",1.14176807399454,0.592037368249749,0.99997988173566,0,25.9628922145819,0.582621617788308,-4.82271012910557
"P06797",0.203110705966064,0.749241653561217,0.99997988173566,0,35.9100089985807,0.342960600258545,-4.88342920812623
"P08122",0.0905153011835322,0.91107045200659,0.99997988173566,0,32.5696426724963,0.119077580507671,-4.91352628049036
"Q8BPB5",-0.140333667559782,0.81663518270746,0.99997988173566,0,33.2213305820846,-0.247939510916016,-4.8996173101942
"Q9WVA4",-0.220083266741163,0.761319253983349,0.99997988173566,0,32.4746077721239,-0.325681346924216,-4.88673197762953
"P61982",0.664516959888059,0.311219263180913,0.99997988173566,0,33.663095926473,1.16170428717339,-4.59832384836893
"P35487",0.0253632959691733,0.982128918079392,0.99997988173566,0,30.3022404346065,0.0238616810080036,-4.91757632129196
"P30416",0.783865348783633,0.343578293331689,0.99997988173566,0,30.6618004713061,1.07628152191709,-4.63533497102608
"Q9CVB6",0.806149161365295,0.306950890646552,0.99997988173566,0,31.9296925713012,1.17357993628326,-4.59313237570731
"P50396",0.272575749551426,0.712442354960974,0.99997988173566,0,30.8576965086053,0.396417686811096,-4.87223916025765
"P35700",-0.367548165331987,0.572418468900519,0.99997988173566,0,35.6037284096489,-0.615109606536898,-4.81256008957056
"O08709",0.245011801648853,0.77443024879455,0.99997988173566,0,34.3131739829599,0.307057013600241,-4.89011569049841
"Q9CR16",0.13575528685674,0.820375195160887,0.99997988173566,0,31.1839255485277,0.24275562185701,-4.90035896027351
"Q9QUM9",-0.602467622098191,0.327470199168275,0.99997988173566,0,33.373408557457,-1.1178343284998,-4.61741223104765
"Q8K1J6",1.15575822324302,0.28708922072973,0.99997988173566,0,30.4168147282552,1.23096962999567,-4.56793313888439
"O70435",0.0832896786716285,0.89695602391864,0.99997988173566,0,33.1135859357232,0.138117630031904,-4.91207427433626
"Q9R1P0",0.552321127759853,0.370556477392307,0.99997988173566,0,32.7675642073847,1.01046780973584,-4.66331971438591
"P29341",0.299188733401446,0.611665239684997,0.99997988173566,0,30.8166212707547,0.55081453645607,-4.83224279723415
"Q9R1P4",0.108544506528574,0.850066905356929,0.99997988173566,0,33.3586509636758,0.20187139682056,-4.90568023446012
"P47962",0.57193397274076,0.381128094475544,0.99997988173566,0,31.9236805787046,0.985830033787605,-4.67364355640359
"P08249",0.488477536576186,0.501829451422949,0.99997988173566,0,34.653872662632,0.73883579961572,-4.77043975277622
"Q8C7R4",0.490213786777293,0.85772611046899,0.99997988173566,0,25.5960867659026,0.191395956573136,-4.90689136191642
"Q3V1G4",-0.526838680273138,0.694378577786588,0.99997988173566,0,29.8309385943515,-0.42315626455248,-4.86610644321267
"Q61398",0.281265891609723,0.633186100213045,0.99997988173566,0,33.4468443683258,0.516669181727048,-4.84200939314273
"Q8BRK9",0.626693259560207,0.416100960126858,0.99997988173566,0,28.8647209373314,0.908320922652311,-4.70545964422347
"Q76MZ3",-0.192735734093385,0.74996815541012,0.99997988173566,0,30.989547939012,-0.34191772876563,-4.88363296349627
"Q9CZ44",1.07758913543268,0.356629810837731,0.99997988173566,0,30.0478250844907,1.04388752728924,-4.64917776518251
"P24369",-0.568756555680148,0.44531696971879,0.99997988173566,0,34.1469413735224,-0.847657545369455,-4.72953095410635
"Q6P5H2",2.00710474771495,0.0278690678670195,0.99997988173566,0,27.1263639631687,3.41239276124959,-3.83669452674057
"Q9DBJ1",-1.68419964670118e-05,0.99997988173566,0.99997988173566,0,34.2027029172971,-2.68589462353877e-05,-4.91774622254473
"Q5XJY5",0.402545642906632,0.604409875873626,0.99997988173566,0,29.8656548835065,0.562494708824953,-4.82878992939764
"Q9Z1Z0",0.602475343440638,0.445256200228895,0.99997988173566,0,29.0741735355366,0.847780299563156,-4.72948308009116
"P62908",0.669639282876667,0.540068345145591,0.99997988173566,0,29.8961927360287,0.670375165459602,-4.79439109665036
"P61202",1.53388795666721,0.0677002460136474,0.99997988173566,0,29.5634395236103,2.50540060306634,-4.06612282234475
"P26443",0.421294890378808,0.479046941836676,0.99997988173566,0,30.9675494603006,0.781496638910312,-4.75478586491369
"Q9Z1N5",0.351346483957094,0.569678464298722,0.99997988173566,0,32.4412886598057,0.619705896462616,-4.8110915159428
"Q9R1P3",-0.0220920312063354,0.970464750958976,0.99997988173566,0,32.0539404104679,-0.0394439525070608,-4.91728205757817
"Q9CPY7",0.614408652128827,0.324108716223933,0.99997988173566,0,31.6549430447675,1.12674103428953,-4.61354935074823
"Q8BWT1",0.312767364372573,0.656599529189769,0.99997988173566,0,31.4295569283215,0.480306717377635,-4.85185410130098
"P08228",-0.730294353714096,0.268998252228852,0.99997988173566,0,33.8736737634573,-1.28664013374512,-4.54336963481453
"P56480",-0.139886376165443,0.838724376054005,0.99997988173566,0,32.5749144841538,-0.217435643114938,-4.90376554598884
"Q7TMM9",1.22796523661864,0.437961064093867,0.99997988173566,1,24.5429411105454,0.862616181296613,-4.72367116942938
"Q60841",-0.0634727469542378,0.978788719655345,0.99997988173566,2,24.4064712053837,-0.028322932856874,-4.91750686261904
"P29268",-0.183251512186778,0.888467651688673,0.99997988173566,0,33.3633782725975,-0.14959789964479,-4.91109644618591
"Q810U4",0.317244291001958,0.66557084698886,0.99997988173566,0,29.4432811815185,0.466573508835324,-4.85541771965338
"Q9WU78",0.177452715210209,0.90487758691524,0.99997988173566,0,30.3478011461419,0.12742446521994,-4.91291587062614
"Q9DBC7",0.140435427129792,0.817620730451392,0.99997988173566,0,30.54084101265,0.246572688221669,-4.89981430960067
"Q9ER72",1.14577244756217,0.169473789086312,0.99997988173566,0,28.9104209959559,1.68149830546031,-4.371212243181
"Q922B2",0.373903692149632,0.64917139050418,0.99997988173566,0,30.1788059733989,0.491759359301789,-4.84881685009831
"Q8VIJ6",0.565526718284,0.47763613770014,0.99997988173566,0,28.8474838737066,0.784189227934973,-4.75378048402955
"Q9Z2X1",0.837392964128554,0.229737455451534,0.99997988173566,0,31.3442226473266,1.42123048835139,-4.4839195136633
"Q8BG32",-0.0831455439862838,0.924804304805213,0.99997988173566,0,30.3610919555799,-0.100602681425702,-4.91473177485424
"Q9R0P5",0.442886686755397,0.490094540853333,0.99997988173566,0,31.7507013628654,0.760620649179437,-4.7625118215181
"Q3THS6",0.625979422861248,0.39549093109089,0.99997988173566,0,29.7909285875333,0.953291114067695,-4.68713034377897
"P80318",-0.290310328332048,0.684594198158868,0.99997988173566,0,30.1804322211625,-0.437791132818805,-4.8626031268354
"Q9JIF7",0.08934822027411,0.876378828629016,0.99997988173566,0,29.8404918532354,0.165990729946596,-4.90956743888269
"Q9CQV8",-0.397163561868195,0.54518262808565,0.99997988173566,0,33.0107289385683,-0.661487263683712,-4.79738655786614
"P47757",0.342795951976767,0.559369470252464,0.99997988173566,0,31.1750124065719,0.637135090522584,-4.80545135079042
"Q9JIF0",-0.157460572051416,0.797118986225773,0.99997988173566,0,30.9935842502876,-0.275128444896296,-4.89548412454413
"P45377",0.376672247495515,0.526276694794169,0.99997988173566,0,33.2539880622545,0.694646505727264,-4.78607392929626
"Q9R1T2",-0.0905007891136174,0.913583555137796,0.99997988173566,0,29.7854683918588,-0.115693361216372,-4.91376212172041
"Q9Z2W0",0.272426069359833,0.701498916140514,0.99997988173566,0,32.4903825033084,0.412574280443381,-4.86857528047612
"P19324",0.682452100672419,0.274480385179215,0.99997988173566,0,32.5162309782861,1.26939860111409,-4.55098522864815
"O35660",-0.0734190122094221,0.924615991927267,0.99997988173566,0,31.5774274694007,-0.100855693163032,-4.91471662334449
"P14152",0.782259972659818,0.229240411726439,0.99997988173566,0,33.9737041962921,1.4230771398756,-4.48310610774891
"Q9CWF2",-1.41712216010421,0.556603157930546,0.99997988173566,2,23.913632515563,-0.641849535407482,-4.80390661915153
"O88968",0.371256567420353,0.657018548326643,0.99997988173566,0,32.6618610197924,0.479662911805803,-4.85202308202825
"P97290",0.713277143907457,0.453208100723566,0.99997988173566,0,33.0244796840176,0.831831014783119,-4.73567302159858
"Q08761",0.45433630779038,0.545760467629727,0.99997988173566,0,31.1182067976305,0.660486771644842,-4.79772203152209
"P18242",0.443152675116127,0.627563312228445,0.99997988173566,0,33.9404477499373,0.525520668896297,-4.83952522415088
"Q9R118",-0.629142001891787,0.358559432255391,0.99997988173566,0,31.2992298928348,-1.03918861523739,-4.65117514107503
"Q61696;P17879",-0.0406369067850771,0.949882876459036,0.99997988173566,0,28.4666620145376,-0.0669717797718724,-4.91640886392128
"P23249",-0.660274792593811,0.653025772974537,0.99997988173566,0,26.7884932813356,-0.485807286176829,-4.85040271430232
"P31254",1.21385774917008,0.54886886554242,0.99997988173566,1,25.4428555445312,0.6551175336892,-4.79951638872817
"Q8VI75",0.640161244145474,0.429920037210555,0.99997988173566,0,28.7404130290712,0.879204511413011,-4.71711345271134
"Q91YR9",0.399834465491516,0.551205015237417,0.99997988173566,0,32.2469184680132,0.65109625023421,-4.80085361170056
"P68040",0.993201676324413,0.150885076591092,0.99997988173566,0,31.2496842029688,1.78183117170724,-4.32931290096366
"Q9WV32",0.186669411650211,0.749739104821667,0.99997988173566,0,31.3761149686744,0.342246474992325,-4.88356879434206
"Q9WVJ2",0.285267537753738,0.67994068909579,0.99997988173566,0,30.4031815306581,0.444790925961434,-4.86089142385384
"P45591",0.145371364963732,0.816987452185435,0.99997988173566,0,30.8266582508574,0.24745089475559,-4.89968785336024
"Q8BWZ3",3.13186031905213,0.0312125861862735,0.99997988173566,0,29.1871525143122,3.28849758800724,-3.86230011792388
"P31001",0.353231892619078,0.668504226358145,0.99997988173566,0,29.6877173451394,0.462105859398393,-4.85655837208976
"Q9JKB1;P58321",-0.316876460710799,0.620097947667046,0.99997988173566,0,30.5975160172095,-0.537347999555119,-4.83615355466935
"P54227",-0.0861627823776889,0.912033352917466,0.99997988173566,0,31.0444651292882,-0.117780710587661,-4.9136174523538
"Q9Z2U0",0.058798471741523,0.920994801099822,0.99997988173566,0,33.2174306173565,0.10572261727069,-4.91441782366344
"Q9DCJ9",2.02106910817016,0.114533943710367,0.99997988173566,0,30.1274783195302,2.02352048733953,-4.23330564591428
"O08749",0.837643182825907,0.254332136047208,0.99997988173566,0,32.8407527518527,1.33450249550565,-4.52221195940798
"Q99LX0",0.00523843631411103,0.993068818673077,0.99997988173566,0,32.7292331359132,0.00925365919313082,-4.91772066852146
"P10518",0.963713975176308,0.192283053807067,0.99997988173566,0,31.6822637139224,1.57316687799422,-4.41754356568952
"P53026",0.0560565815964982,0.929803608702286,0.99997988173566,0,33.2901900075922,0.093888645380058,-4.91512003987396
"P47877",0.455672503378739,0.797299353314166,0.99997988173566,0,30.4237271379921,0.274876053841955,-4.89552435933499
"P97298",0.87122351997756,0.457778338552103,0.99997988173566,0,33.1485991857981,0.822765719166448,-4.73916352811385
"Q04592",0.319983847807122,0.603235147906581,0.99997988173566,0,29.8503902782953,0.564394235436997,-4.82822311507906
"O09164",0.0644896834554936,0.934092761194215,0.99997988173566,0,33.1866748957278,0.0881325747033814,-4.91543170702891
"Q62179",0.617708862960232,0.352407637367211,0.99997988173566,0,30.0654706222188,1.05424886190597,-4.64476367301595
"Q60675",0.69876024658817,0.452733953349578,0.99997988173566,0,25.9444917375024,0.832775689340979,-4.73530811234717
"P29533",-0.0689078855561279,0.944570539365419,0.99997988173566,0,30.5452891378895,-0.0740862128834597,-4.91610995516051
"Q9R0E2",-0.416862631091379,0.613002010329202,0.99997988173566,0,30.3533413930111,-0.548672078681381,-4.83287003954089
"P54923",-0.0767213039616514,0.921441981877581,0.99997988173566,0,30.1727412354867,-0.105121434151424,-4.91445548839449
"Q9JMH6",0.210410402153495,0.72569270967587,0.99997988173566,0,32.5087827481213,0.377020494504417,-4.87646689739542
"P61979",0.654582423222241,0.295331390012886,0.99997988173566,0,30.5006164055169,1.20671167134604,-4.57860435796276
"P11983",-2.31972185108612,0.0308962312121692,0.99997988173566,0,31.5923932744077,-3.29952880646836,-3.85995509108645
"Q9D1Q6",0.192149613261852,0.767285763816164,0.99997988173566,0,31.1453480801217,0.317189172887158,-4.88829767322241
"Q9CQI6",-0.320885043579434,0.59182949869976,0.99997988173566,0,31.2078684397316,-0.582962085672695,-4.82260589015933
"Q99JI4",-1.00716022554005,0.265327505613638,0.99997988173566,0,30.8976673747792,-1.29837623712143,-4.53818316207314
"P23492",0.507704714437563,0.437937788710727,0.99997988173566,0,32.204457101346,0.862663836412618,-4.72365241885849
"Q7TMK9",1.14706960311318,0.202015996051758,0.99997988173566,0,29.3434261779315,1.53095038838452,-4.43585178321828
"Q6PDN3",0.764993321558759,0.273004263029181,0.99997988173566,0,30.000003259953,1.27400806861188,-4.5489497681744
"Q00915",-0.372196259348506,0.664429146625157,0.99997988173566,0,31.2885933111332,-0.468315355557704,-4.85497050958353
"Q9WUB3",-0.423355076966316,0.530881855001889,0.99997988173566,0,28.7850797892084,-0.686491738944759,-4.78889041256969
"P17742",-0.458541453836906,0.518604814088839,0.99997988173566,0,35.4419490099929,-0.708347731777428,-4.78129271621296
"Q64737",0.888123933015619,0.207322546531114,0.99997988173566,0,28.9787543696361,1.50880602524228,-4.44550229479144
"Q921M7",0.639783102375458,0.431495948818854,0.99997988173566,0,30.4126375170655,0.875933522581709,-4.71841137774534
"P21981",-0.378459176963021,0.549322873734929,0.99997988173566,0,30.358976459263,-0.654335098986364,-4.79977702512291
"P57759",0.0108707750304369,0.985565199625401,0.99997988173566,0,32.0230963581039,0.019272719004001,-4.91763538244093
"Q62348",0.34331219096058,0.603958995076842,0.99997988173566,0,31.7587747399401,0.563223500707323,-4.8285726332403
"P47791",0.0389087399631833,0.947570219574189,0.99997988173566,0,31.8392079728776,0.0700684068510927,-4.91628245247771
"P58389",0.966296938362306,0.432704611120918,0.99997988173566,0,30.7867310309655,0.87343145294747,-4.71940260873662
"Q9JHW2",1.12002672823054,0.129056271107247,0.99997988173566,0,30.5208960129739,1.91812599218382,-4.27425056958119
"Q9QXT0",0.261902650369561,0.742052786212084,0.99997988173566,0,30.3019568793671,0.353304790137124,-4.88137764998093
"P97807",0.694100342423628,0.298906277307354,0.99997988173566,0,31.377678230711,1.19638929989086,-4.58313703672643
"Q64433",0.0503448330597109,0.939547226349054,0.99997988173566,0,32.1874278919793,0.0808178960022926,-4.91579948883806
"Q9ERD7",0.746060180730123,0.697120868598804,0.99997988173566,1,22.690193516527,0.419074106634757,-4.86706526778322
"Q9ER58",0.0704756122686727,0.953301105451255,0.99997988173566,0,30.9727805960024,0.0623962647670237,-4.91658522484077
"O54782",0.492302318563202,0.447890082292698,0.99997988173566,0,29.866431611372,0.84247224159716,-4.73154994657867
"P70699",0.209038353967068,0.725542391121396,0.99997988173566,0,29.0130232652503,0.377239569559697,-4.87642020212891
"P70458",0.387488040907804,0.614995853224902,0.99997988173566,0,29.7855494550697,0.545481965800881,-4.83380046606112
"Q9WV54",0.467364099688145,0.532723660734332,0.99997988173566,0,31.3630966537008,0.683244582629865,-4.79000574687566
"P51655",1.83693735036231,0.164759866995026,0.99997988173566,0,29.7791213264423,1.70579364822143,-4.36096974074976
"Q61112",0.254527613914542,0.679049850404675,0.99997988173566,0,32.3882309771442,0.446133886127273,-4.86056037360758
"O70456",0.546187077145532,0.631079315299954,0.99997988173566,0,30.4994996524367,0.519980109245816,-4.84108413632354
"O09131",-0.0122312505017367,0.990560560093506,0.99997988173566,0,30.8595631702476,-0.0126025699430577,-4.91769882607255
"P50580",1.36480344442203,0.120132544547983,0.99997988173566,0,29.3802699804351,1.9812395657598,-4.24955229158862
"Q99K85",-0.298783756227217,0.719701248934458,0.99997988173566,0,31.0575611576287,-0.385769625766496,-4.87458326889851
"Q9ET01",-0.301483944189693,0.668602898023932,0.99997988173566,0,27.8616801147769,-0.461955769905519,-4.85659653189708
"P17751",-0.643627629696915,0.467352202546555,0.99997988173566,0,32.9953033718069,-0.804006239869089,-4.74632053829768
"Q6ZWX6",0.491937596514836,0.419379242368097,0.99997988173566,0,29.6833474932145,0.90134172319142,-4.7082691362087
"P63242;Q8BGY2",-0.541171769552838,0.38162721630613,0.99997988173566,0,31.534805104016,-0.984681617276884,-4.67412250364242
"Q9D8W5",1.08068339402882,0.13435578506772,0.99997988173566,0,30.2494794092954,1.88285944197558,-4.28827772934327
"Q9WTX6",1.04651706217284,0.440638969088633,0.99997988173566,0,27.7535983134262,0.857147043592902,-4.7258196250362
"P53810",0.337867119232259,0.584548165265151,0.99997988173566,0,29.2802924445831,0.594937924456324,-4.81891030663989
"P40336",0.978822060375814,0.352452809616204,0.99997988173566,0,29.5883941323246,1.05413742126225,-4.64481121859057
"P07724",0.319781865400373,0.807497839371822,0.99997988173566,0,29.5645033478907,0.260639518833614,-4.89773737319826
"Q9D0I9",1.3251757911938,0.0702246349542973,0.99997988173566,0,30.0930632373877,2.47074639147708,-4.07702660607119
"Q7TQI3",0.919283753264435,0.219445008695986,0.99997988173566,0,30.8263472715367,1.46031612110779,-4.46673028734703
"O55234",-0.166939764379862,0.773367788702491,0.99997988173566,0,32.7983786486657,-0.308561299273092,-4.88984923239308
"P30115",2.73780229594386,0.008876784815395,0.99997988173566,0,32.4301779905578,4.83652103612259,-3.63193227291402
"P15532",0.620423991908704,0.467663385021346,0.99997988173566,0,34.1569759176168,0.803401607649022,-4.74654969709057
"Q9QZE7",0.786705082746652,0.279818592562649,0.99997988173566,0,29.9654319848506,1.25292621671935,-4.55825512024559
"Q9CXY6",0.0163037738147681,0.978223108718896,0.99997988173566,0,30.5327816786789,0.0290784438443666,-4.9174939246228
"Q9R0P9",0.39272973231156,0.554494766257717,0.99997988173566,0,33.4950239065001,0.645453636899784,-4.80272028875744
"Q61035",0.394827868087875,0.556182449832485,0.99997988173566,0,31.1053740146478,0.642567939920011,-4.80367052143198
"O35381",1.72072991835816,0.0894455823293296,0.99997988173566,0,31.0106940474177,2.24612995004171,-4.15190690894086
"O55137",0.164123496087573,0.785405681892781,0.99997988173566,0,30.9510333471163,0.29156635506238,-4.8927890439332
"Q91W90",0.26216606013327,0.663544510021368,0.99997988173566,0,32.1091250921822,0.469666172439149,-4.8546227343904
"Q9DAR7",0.165381350644319,0.778966884829215,0.99997988173566,0,30.643649811641,0.300643327954739,-4.89123818445711
"P70296",-0.0380998540408442,0.957617769157103,0.99997988173566,0,34.369041016701,-0.0566204628925863,-4.91679008791674
"Q8K183",0.300359827488992,0.612044339903329,0.99997988173566,0,31.0220656745899,0.550206649288196,-4.83242096037013
"O35855",0.688117418778416,0.343353142281053,0.99997988173566,0,30.5890186566247,1.07685000894963,-4.63509096376162
"P10648",-0.224284891115556,0.735643396080099,0.99997988173566,0,32.2221445142394,-0.362566279522751,-4.87949404720488
"P62897",-0.31318286628851,0.685367775358864,0.99997988173566,0,32.8974047473744,-0.436630014847452,-4.86288481521379
"P47880",0.400821388414664,0.562494840219947,0.99997988173566,0,31.3706751941474,0.63182802929254,-4.80718058390089
"P47878",-0.0188890648209798,0.982001413096871,0.99997988173566,0,31.5446149036911,-0.0240319681747557,-4.91757388793345
"Q9CYK2",0.400888379851913,0.640266942406356,0.99997988173566,0,33.3132144778519,0.505589569280143,-4.84507098599813
"P28653",0.254131275695225,0.793644557702459,0.99997988173566,0,34.8047348954132,0.279994517754669,-4.89470160862208
"Q61508",0.078515865113428,0.965015953019932,0.99997988173566,0,32.5556648663095,0.046726884589349,-4.91709490587564
"P11152",0.325330385247433,0.63281692028092,0.99997988173566,0,31.0775827216319,0.51724888630283,-4.84184773406391
"P06909",-0.30446768993487,0.889720644778951,0.99997988173566,0,29.7160175336251,-0.147901759964308,-4.91124574616345
"P70275",0.446971309144717,0.561998298271186,0.99997988173566,0,29.8869136487567,0.632669829665411,-4.8069069819999
"O70250",0.199888336142257,0.840669851578491,0.99997988173566,0,28.0359318417834,0.214761537838689,-4.9041042720244
"Q9JKF1",1.61076090195125,0.215958756193187,0.99997988173566,0,28.9678563993871,1.4739764720907,-4.46073793837414
"Q5SWU9",3.38679739871517,0.233308736203456,0.99997988173566,0,25.4243946290896,1.40807885019619,-4.48971562707478
"P22892",1.04518927912142,0.514658946387672,0.99997988173566,0,27.7278858098599,0.715452569991869,-4.77878958909793
"Q9WTX5",0.293685403370559,0.680975339765196,0.99997988173566,0,29.0436995770807,0.44323236795065,-4.86127455402191
"P80314",-0.397045514332971,0.67131183590941,0.99997988173566,0,30.1287683454956,-0.457840022801897,-4.85763887915615
"P16675",0.0642784530813879,0.913257563527877,0.99997988173566,0,31.1816453808814,0.116132256618663,-4.91373191540663
"P80316",-0.59405683310672,0.423386646713047,0.99997988173566,0,29.9800355694844,-0.892871798778014,-4.71166528070059
"P51174",0.07836842666259,0.9243364501848,0.99997988173566,0,29.4357934021453,0.101231292277694,-4.91469406110936
"Q9Z1F9",0.185837248899723,0.913336772425763,0.99997988173566,0,28.28851886792,0.116025611975695,-4.91373926547259
"Q01405",0.610459672804943,0.355590929145318,0.99997988173566,0,28.8598202826233,1.04642675875825,-4.64809724470183
"Q91YE6",0.376818337577332,0.606019051801729,0.99997988173566,0,28.5301215284255,0.559896502019007,-4.82956284624912
"O88544",0.656246382232157,0.314571484502288,0.99997988173566,0,30.3574153256083,1.15248369943337,-4.60234806147536
"Q91ZJ5",0.399336968616187,0.548173510090491,0.99997988173566,0,30.4328654777729,0.656316785160653,-4.79911648746037
"Q99MN1",0.520329004580455,0.392210707297192,0.99997988173566,0,30.4112170171991,0.960631577161727,-4.68410340150964
"Q9CWH6",-0.771411958888183,0.505689399706899,0.99997988173566,0,28.6732579592779,-0.731754163592343,-4.77298631077762
"Q01730",0.294915312847715,0.62834483897238,0.99997988173566,0,30.4647095207989,0.52428749968944,-4.83987333450625
"Q9CZY3",0.758260081576027,0.2806548879027,0.99997988173566,0,30.6608818982882,1.25037304041103,-4.55938129335126
"O08553",-0.212659247276817,0.756818631837059,0.99997988173566,0,31.1582864390882,-0.33210612191127,-4.88552219360572
"Q9CY58",0.751977127273333,0.322514987421539,0.99997988173566,0,26.3701956504936,1.13099360995345,-4.61170259810951
"Q99PT1",-0.238767767901879,0.73461962060079,0.99997988173566,0,32.490360064219,-0.364049103649135,-4.8791883905329
"O35643",0.46952034615834,0.530511799216352,0.99997988173566,0,27.5320511184917,0.687145136569854,-4.78866555706397
"O08795",0.731863640890982,0.303074500636475,0.99997988173566,0,30.8509810215571,1.18449980476335,-4.58835089908476
"Q9D8N0",-0.0889540126264758,0.903409028327445,0.99997988173566,0,32.3852430078291,-0.129405424037054,-4.91276500808234
"P28352",0.455798253724684,0.492860809016276,0.99997988173566,0,30.0473619619266,0.755449948289055,-4.76440618846206
"O88958",0.217092333834217,0.756645352207108,0.99997988173566,0,30.7788183479635,0.332353816805951,-4.88547511891643
"Q9D154",-0.311537328292014,0.607783273465524,0.99997988173566,0,31.3809121061289,-0.557052994017387,-4.83040557061389
"Q9R1P1",-0.302948895448351,0.622457605173318,0.99997988173566,0,31.8624607533778,-0.53360018110051,-4.83722839300424
"Q9Z0S1",0.5884571229832,0.358935438056762,0.99997988173566,0,30.4207325349654,1.03827561018294,-4.65156290572235
"Q99JW2",1.00637752737151,0.160618973487908,0.99997988173566,0,28.892878675309,1.72775080506351,-4.35176461367653
"Q9CY64",0.941611961548186,0.188158897070438,0.99997988173566,0,29.6790579459418,1.59172623701548,-4.40953594242641
"Q9CZU6",0.763173206778764,0.314866523798183,0.99997988173566,0,32.3980884892994,1.15167655311623,-4.60270004265095
"O35459",2.99427980552151,0.0065976303533706,0.99997988173566,0,29.8077220354312,5.26700025149148,-3.59276208411506
"Q01768",0.00563501122339475,0.993571604281309,0.99997988173566,0,32.3321068110578,0.00858238030824317,-4.91772424150594
"O55023",-0.357721866849953,0.543081019036524,0.99997988173566,0,32.0030099048097,-0.665132389076587,-4.79616136448348
"P51660",1.28411490625819,0.416575931522175,0.99997988173566,0,28.8271642569295,0.907306905909407,-4.70586845182296
"Q9D0K2",0.37420658601917,0.656702648924476,0.99997988173566,0,30.6827820959304,0.480148256286512,-4.851895710281
"O08807",0.0862830790509576,0.891839799939892,0.99997988173566,0,32.4194216453395,0.145034327447417,-4.9114943402851
"P48759",0.653495118461969,0.354022266651011,0.99997988173566,0,32.2917127683892,1.05027346875183,-4.64645881975955
"Q80UB0",0.00573783055711367,0.994625736900614,0.99997988173566,0,33.454376403261,0.00717500256914818,-4.91773085951519
"Q62165",0.153821890353258,0.811639642854312,0.99997988173566,0,31.990393626332,0.25487653832852,-4.89860150368452
"P10923",0.943045419285424,0.555644471275534,0.99997988173566,0,34.0049162336285,0.643487145489553,-4.80336816083767
"P07141",0.222044865177201,0.779258418309672,0.99997988173566,0,32.4880137811267,0.300231693164294,-4.89130947413607
"P97497",-0.482977200674884,0.550830500335178,0.99997988173566,0,31.7038624879405,-0.651740110100787,-4.80063989022392
"P11672",0.113914110435473,0.955020242966618,0.99997988173566,0,36.017271253909,0.0600957172986579,-4.91666919945166
"P98063",0.411119913713574,0.821019476004971,0.99997988173566,0,28.7591928732471,0.241863427355712,-4.90048509654241
"Q07797",0.528716786945811,0.403622218417703,0.99997988173566,0,31.1338953954147,0.935316981840655,-4.69450184390067
"Q8BFR4",0.66340502464463,0.289914947765259,0.99997988173566,0,30.478073925478,1.22257931308741,-4.57162689273811
"P18406",-0.277334373675589,0.678797516062932,0.99997988173566,0,33.8207694678638,-0.446514460694849,-4.8604664044512
"P21956",-0.0942500529591766,0.879116343784211,0.99997988173566,0,31.2249332049142,-0.162273893323841,-4.90992776806032
"Q8BKG3",0.245643551746062,0.85462384398247,0.99997988173566,0,29.963679343235,0.195635678465851,-4.90640872420072
"Q60972",0.309097001516599,0.626754397962649,0.99997988173566,0,31.6960905330749,0.526798040556246,-4.8391639488782
"P62334",0.112626459723127,0.904488748220356,0.99997988173566,0,28.8935053415465,0.127948913830112,-4.91287615416485
"Q8CDN6",0.783017574360673,0.220126116570831,0.99997988173566,0,30.8439497154819,1.45767299183402,-4.46789073199031
"Q9Z1Z2",0.757851851296948,0.328864425772383,0.99997988173566,0,28.8298306135145,1.11416477396794,-4.61900170016114
"P80317",-0.942334749625527,0.174037199481947,0.99997988173566,0,30.2423198754622,-1.6586485329597,-4.38089786886108
"P17918",0.113465791835729,0.85257152374142,0.99997988173566,0,31.183637784253,0.19844288699918,-4.90608351367562
"Q9CXW3",0.258944672739197,0.720587919476922,0.99997988173566,0,29.5787258594039,0.384472614794735,-4.87486493267821
"Q9QZE5",0.401810050019161,0.597269481572926,0.99997988173566,0,28.8729611486783,0.574077475286467,-4.82531094973792
"Q9D1E6",0.0884427923833896,0.892636784621988,0.99997988173566,0,28.1145400198074,0.143956312830379,-4.91158656133946
"Q920E5",0.273719356841188,0.698576709444712,0.99997988173566,0,31.5461487834612,0.416910359921005,-4.86757022024512
"P05063",1.08086595285668,0.185080908390462,0.99997988173566,0,27.7391044415281,1.60585515854752,-4.40345805782429
"Q91XV3",0.417302751457909,0.691747071557524,0.99997988173566,0,29.325426790906,0.427081483120325,-4.86517689685044
"Q9WTM5",-0.43285983133862,0.688783994018766,0.99997988173566,0,28.6324953181191,-0.431510752491454,-4.86411909339812
"Q9CWS0",0.8503363836357,0.235833052778904,0.99997988173566,0,29.6829619309916,1.39890375311783,-4.49376220884011
"Q05186",0.842696524341542,0.368674952652686,0.99997988173566,0,30.0666669795556,1.0149173043045,-4.66144570778077
"Q9CYR6",0.0752548855066805,0.906078543942456,0.99997988173566,0,29.561374968972,0.125804942750825,-4.9130375001274
"Q9CQI3",1.51892934519771,0.404703727154439,0.99997988173566,0,29.4928939236805,0.932949591812538,-4.69546835170135
"Q9DBG3",0.129891374199622,0.835199892544272,0.99997988173566,0,29.4659529095327,0.222285067867681,-4.90314097732762
"Q9Z0N1",1.08015771434662,0.117950554571071,0.99997988173566,0,29.8951091682771,1.99745504869516,-4.24329262999534
"Q8BGR9",0.72028489020848,0.333114814649532,0.99997988173566,0,29.3750463697806,1.10306524962961,-4.62380192361841
"Q9CXI5",-0.00876332650246908,0.99110701406385,0.99997988173566,0,30.7291147787797,-0.0118729564113542,-4.91770415503627
"Q9D051",1.44635373739586,0.239286663299679,0.99997988173566,0,30.0512326251908,1.38650851021539,-4.49923239586587
"F6ZDS4",0.752240565180235,0.257732299049308,0.99997988173566,0,26.1480112953739,1.32317033095475,-4.52722218816163
"P05132;P68181",1.56931525519869,0.161291930847762,0.99997988173566,0,28.4798459027212,1.72414183747442,-4.35327415813087
"Q9D819",0.754423631616583,0.307437415272632,0.99997988173566,0,29.9655450888637,1.17221853289582,-4.59372798034564
"O09061",0.103959706905217,0.862631256205065,0.99997988173566,0,32.5090012046292,0.184701006612892,-4.90763255846913
"Q61171",0.0327475241868076,0.957725532579873,0.99997988173566,0,33.9598912343181,0.0564763040998617,-4.91679494744549
"P59242",-0.608461296009453,0.44618072063607,0.99997988173566,0,27.6345401912166,-0.845914233659728,-4.73021045847311
"Q9DBF1",0.310575695202125,0.614998396112694,0.99997988173566,0,31.4296503112936,0.545477901365372,-4.83380164878752
"P30681",2.10601027136141,0.0731528000938703,0.99997988173566,0,28.5938348372055,2.43229240733071,-4.08932768188478
"P63158",2.31847946010453,0.130917263049392,0.99997988173566,0,29.4256386109208,1.90556507287776,-4.27922836332843
"P97372",0.168465377131588,0.820475116187406,0.99997988173566,0,30.4324503308736,0.242617236453074,-4.90037855391895
"Q62446",1.54816947049483,0.0804782221376668,0.99997988173566,0,29.1199091258262,2.34331029631386,-4.11861145210943
"P97371",-0.182345509039161,0.769110755749226,0.99997988173566,0,30.9741526554305,-0.314597263500593,-4.88876793755731
"Q9CQ60",0.131641801068511,0.843480706770662,0.99997988173566,0,31.0327162191276,0.210901302364994,-4.90458611102583
"Q91W89",1.74719814170414,0.256645430573145,0.99997988173566,0,26.7143412906914,1.32677665195006,-4.52562773009573
"Q9EQU5",2.81232538836825,0.281189489556883,0.99997988173566,0,30.7196323526634,1.24874474649467,-4.56009941331286
"Q8BP92",0.642753718739409,0.444072984725953,0.99997988173566,0,30.7737115986997,0.850173097423785,-4.72854918054263
"A6H630",0.596674233796159,0.630819296051015,0.99997988173566,0,29.4268756919862,0.520389207356279,-4.84096948281442
"P24472",-0.385138629906962,0.552565594073758,0.99997988173566,0,34.98051241074,-0.648759733218733,-4.80162795178389
"P25785",0.0059131149187549,0.992695672372325,0.99997988173566,0,32.8851280876382,0.00975185746955964,-4.91771784292715
"P01901",0.597025629932607,0.357798878821331,0.99997988173566,0,30.8690802684295,1.04103797669047,-4.65038936564026
"O88531",0.346756809725822,0.581072682202331,0.99997988173566,0,32.0785421418446,0.60068887917172,-4.81711576426449
"Q9WVJ3",0.297999945866869,0.611604967885826,0.99997988173566,0,31.4150700191718,0.550911204126736,-4.83221445119732
"P12804",0.595505450673965,0.51478358531177,0.99997988173566,0,28.480932553317,0.715227535309792,-4.77886911784843
"Q8VC30",0.630115468328167,0.718545334182324,0.99997988173566,0,28.5265263151036,0.387461663629499,-4.87421455415592
"Q9QZF2",0.0592449317332642,0.93719518063629,0.99997988173566,0,29.7920616953249,0.0839714000669901,-4.9156448144483
"Q78PY7",0.313070962068333,0.709544983211317,0.99997988173566,0,27.279539019954,0.400682954947557,-4.87128439571589
"Q9QWR8",1.50000852424589,0.082322449521963,0.99997988173566,0,29.4512009179082,2.32235473817099,-4.12567502018479
"O09172",-0.12073830757442,0.83995760754397,0.99997988173566,0,30.2880524272311,-0.215740312963731,-4.90398076048103
"Q61001",0.357353781278719,0.659053055722783,0.99997988173566,0,25.1739381153044,0.476540316726272,-4.85284000530806
"Q99L47",2.41420681024471,0.0549898744046941,0.99997988173566,0,29.8497917628835,2.70590498212309,-4.00635861019949
"Q05816",0.56089245075179,0.480842325499599,0.99997988173566,0,28.5984433711398,0.77807893253695,-4.75605910880354
"P80313",-0.629646846481731,0.311539149566848,0.99997988173566,0,30.6102615173736,-1.16082042587211,-4.59870985581829
"Q9CYA0",0.259325288385356,0.767717340792939,0.99997988173566,0,29.4962341533714,0.316575999331035,-4.88840924654206
"P46471",1.29143872968051,0.086389439509592,0.99997988173566,0,28.8901546125082,2.27796287232738,-4.14084926135555
"Q9JMA1",0.0657261418852214,0.930071242599759,0.99997988173566,0,29.7609474100347,0.0935293674111702,-4.9151400662376
"Q9CQM9",1.01915616199206,0.476070595671235,0.99997988173566,0,29.9006989103893,0.787184380707901,-4.75265978976545
"P14685",0.112241379850594,0.909657189398969,0.99997988173566,0,29.4924214384198,0.12098146843673,-4.913390645766
"Q64669",0.0197687075818999,0.976457099376856,0.99997988173566,0,29.7065533188423,0.0314375154238842,-4.91745133544659
"A6H5Y3",0.594747906715585,0.679990161380716,0.99997988173566,0,26.1393506510071,0.444716373446863,-4.86090977672209
"Q99KQ4",0.147511541827361,0.814269804472953,0.99997988173566,0,30.0812685312179,0.251222317192197,-4.89913992463684
"Q9CPW4",1.29516842885202,0.257243700610038,0.99997988173566,0,29.8145803890403,1.32478969387155,-4.526506221528
"Q9EST5",3.1257568665957,0.128018073844827,0.99997988173566,0,30.046373248873,1.92521945970799,-4.27144851055897
"P26516",0.564134600949135,0.363750690289245,0.99997988173566,0,29.61607271129,1.02665792539354,-4.65648753581306
"P55302",-0.574853589766264,0.450213580229432,0.99997988173566,0,29.1366816793992,-0.837810554779682,-4.7333595587582
"Q9CZ30",1.06596538484262,0.184166652938416,0.99997988173566,0,28.6016543947536,1.61009902666484,-4.4016356365797
"P00493",-0.461287408670038,0.482013814871186,0.99997988173566,0,32.0182615246403,-0.775854193812499,-4.75688617441686
"Q8C878",1.05710133559751,0.225745716038282,0.99997988173566,0,28.7198218874109,1.43617559833204,-4.47733994605609
"O54724",2.25779151303936,0.0311753029227348,0.99997988173566,0,27.9942593232492,3.28979072844947,-3.86202454827621
"Q9D8Y0",-0.162751641533832,0.805596319673105,0.99997988173566,0,30.9416517272929,-0.263288895814138,-4.89733396708266
"P48428",0.187606574036775,0.77230351703289,0.99997988173566,0,29.9342331741073,0.31006900825208,-4.88958095639197
"P61161",-0.0853279470846869,0.890324437482094,0.99997988173566,0,31.1684694553083,-0.147084613624618,-4.91131707681255
"P28474",0.703834491684521,0.317869030340178,0.99997988173566,0,30.1825071121164,1.14350224695862,-4.60626198580165
"Q8BGF3",1.45944952201284,0.16572070936931,0.99997988173566,0,27.7888893672615,1.70078237077387,-4.36307757217648
"Q8R146",1.160870316393,0.153483283084334,0.99997988173566,0,29.2677971525751,1.76703923509721,-4.33542175449395
"P61089",0.871256737061194,0.366101577817845,0.99997988173566,0,30.494951379848,1.02103543875584,-4.65886434529485
"O35864",0.947731235739095,0.238062892914467,0.99997988173566,0,29.5792813189691,1.390880187211,-4.4973027042021
"O89079",0.865917701738102,0.18578096819321,0.99997988173566,0,29.4364714456822,1.60262029813524,-4.40484818197153
"Q8C0M9",0.478650249640239,0.674945350981124,0.99997988173566,0,28.9304692958743,0.452334003075003,-4.85902100114128
"Q64442",1.50176913637371,0.0892418685751406,0.99997988173566,0,28.7319448375344,2.24821345884281,-4.15117866943376
"P27612",-1.20478143208931,0.25080642587778,0.99997988173566,0,28.6818221749558,-1.34641139174447,-4.5169472223677
"O70251",-0.0929713427153089,0.900987491701252,0.99997988173566,0,30.8412784440063,-0.13267325943549,-4.91251112292231
"Q8R3Q6",1.8481484856701,0.147182736117553,0.99997988173566,0,27.1954151733786,1.80338740135596,-4.32045520173338
"Q9CZC8",0.322294283524811,0.668174145402013,0.99997988173566,0,29.2227609454719,0.462608035717866,-4.85643061947246
"P49722",0.0118342745531758,0.9839367916474,0.99997988173566,0,32.3075128824984,0.021447295940729,-4.91760896105351
"Q8CHP8",0.476471781451109,0.526296153318198,0.99997988173566,0,31.1010488319944,0.694611940283769,-4.78608591387783
"Q99JF8",1.05342665956769,0.143170450486092,0.99997988173566,0,27.6747950629146,1.82741600323165,-4.31064558328277
"P51859",1.09493765054691,0.126704133640194,0.99997988173566,0,30.3759923193011,1.93428745230573,-4.26787602791707
"Q8BVI4",-0.0782785705559685,0.892415678300167,0.99997988173566,0,31.1707760798944,-0.144255363881889,-4.91156104622485
"Q61937",1.14186413445994,0.462541881032795,0.99997988173566,0,30.1881424622345,0.81339338550799,-4.74275051946012
"Q60597",-0.45200783679676,0.79411722242484,0.99997988173566,0,26.3509491092825,-0.279332055696135,-4.89480889832295
"Q61584",-1.5112326618621,0.449611968766172,0.99997988173566,0,24.3209944927953,-0.839015720280386,-4.7328922303692
"Q8BIJ6",0.141400998254298,0.88965368007015,0.99997988173566,0,26.3767244860837,0.14799239462232,-4.91123781051295
"Q9QXD6",-0.955904975246812,0.715245124690648,0.99997988173566,0,27.7389855833794,-0.39229995048168,-4.87315234891521
"Q60963",0.0668108239469458,0.918469408875513,0.99997988173566,0,30.656346713783,0.109118622555817,-4.91420106296269
"P28654",0.268032394930304,0.784580248984007,0.99997988173566,0,32.7465208335384,0.292728327115568,-4.89259299108331
"Q9WTM3",1.41499253281962,0.231202981331601,0.99997988173566,0,28.9981171775746,1.41580890736481,-4.48630823228053
"Q06335",-0.753179119738511,0.318976304689074,0.99997988173566,0,30.3263864431029,-1.14050576996645,-4.60756642674551
"O35684",0.955412108652065,0.31391702549741,0.99997988173566,0,30.0193548572339,1.15427663573617,-4.60156602744861
"Q61554",0.455687831904655,0.763906957897944,0.99997988173566,0,27.7589300665692,0.321994766306414,-4.88741635001064
"Q9CZT5",0.344314115276835,0.593137885219919,0.99997988173566,0,30.6073404627836,0.580820387639862,-4.8232608364415
"Q811B1",0.680404948007762,0.696828373879696,0.99997988173566,0,27.0742973505331,0.419509111726079,-4.86696347681246
"Q99M71",0.18212795709576,0.786971617061554,0.99997988173566,0,30.3627973706902,0.289363295646672,-4.89315875113486
"Q62181",0.178442617897295,0.79258105004859,0.99997988173566,0,28.5766623934981,0.281485627916605,-4.89445924060459
"P62983;P62984;P0CG49;P0CG50",-0.348187052740606,0.556478648192661,0.99997988173566,0,33.432518391172,-0.6420621100193,-4.80383677765026
"Q64191",0.284538139365452,0.682210488299404,0.99997988173566,0,30.4333922131729,0.44137347098953,-4.86173001358863
"Q99K51",0.56383356699235,0.568857150048889,0.99997988173566,0,29.9418461960318,0.621086547229777,-4.81064883421031
"Q60631",0.47277221678958,0.509056439386954,0.99997988173566,0,29.8307138003931,0.725609771880661,-4.77518338784239
"P63330",-1.89999536225361,0.0261317581880775,0.99997988173566,0,28.9508288152729,-3.48397974236265,-3.82261024889031
"Q06138",1.60542881935161,0.210047741826824,0.99997988173566,0,29.6412355627475,1.49765812314206,-4.45037159529721
"P14602",0.255468701105414,0.697325589043647,0.99997988173566,0,28.0796466822691,0.41876969820244,-4.86713644467005
"P63087",-0.794766759462512,0.308006592321965,0.99997988173566,0,28.9815959090066,-1.17062840808818,-4.59442350029449
"Q9D1P4",0.731228399887685,0.341108088478096,0.99997988173566,0,28.2303824979881,1.08253710688234,-4.63264800529814
"P53994",-0.193675880663795,0.760832967826849,0.99997988173566,0,28.842184738177,-0.326374738534765,-4.88660245679446
"P62141",2.17271692513102,0.0162036354988987,0.99997988173566,0,29.2686726924155,4.04512888022431,-3.72806282764213
"Q8BWY3",1.14542104468759,0.289988635674777,0.99997988173566,0,29.3963831264169,1.22236155838228,-4.57172271971263
"P61087",0.290396972178496,0.670524712183256,0.99997988173566,0,29.5499212837495,0.459034961203122,-4.85733706089499
"P53996",0.332787071892142,0.582465409401059,0.99997988173566,0,30.0763702393724,0.598381571855972,-4.81783727929006
"P60335",0.475029764202615,0.494411436996326,0.99997988173566,0,30.4497607571405,0.752561175968515,-4.76546113976812
"Q8CAY6",1.35446739716164,0.112525928623508,0.99997988173566,0,29.961919313904,2.03924285220337,-4.2273267675664
"O08677",0.528392406559769,0.480373131504671,0.99997988173566,0,27.3722025669923,0.778971139286439,-4.75572703579756
"Q9CZD3",1.64081068570788,0.42230535852162,0.99997988173566,0,27.9014677453729,0.89515058489541,-4.71075303414753
"Q00612",-1.20830455358368,0.369723104708202,0.99997988173566,0,29.6156803212604,-1.0124361380146,-4.66249105677569
"P97351",0.725789114968945,0.516672849463793,0.99997988173566,0,27.5465846341553,0.711821392357496,-4.78007090967749
"Q11136",0.760479531046653,0.414028813442081,0.99997988173566,0,30.7213220651124,0.912756122886078,-4.70366914121809
"Q9QZD9",0.235947224521672,0.729825617454858,0.99997988173566,0,29.0554116179739,0.371005702070831,-4.87773945977023
"O35737;P70333",0.679427831096109,0.354258822549411,0.99997988173566,0,27.6264187489071,1.04969240618394,-4.64670642851709
"Q91WQ3",0.372177061266741,0.600181380188795,0.99997988173566,0,29.6209389029109,0.569343261955641,-4.82673945911152
"P97315",0.970393596061892,0.155948261150012,0.99997988173566,0,29.7247743341624,1.75325110968084,-4.34113806006185
"Q8VDW0",0.479502663116361,0.693951824356042,0.99997988173566,0,26.6262642682238,0.423792287131141,-4.86595632818969
"P50516",-0.135228186968162,0.814223320914844,0.99997988173566,0,30.0642664245908,-0.251286863097924,-4.89913047846223
"Q60715",2.18596432312817,0.0274475789718597,0.99997988173566,0,28.3478810183673,3.42926169173525,-3.83332989659262
"P62821",-0.0538501927437049,0.928822552469283,0.99997988173566,0,29.9229126862405,-0.0952057683433198,-4.91504597052762
"Q9Z2N8",0.602398160732768,0.538566808965083,0.99997988173566,0,27.9950700930173,0.672995959764711,-4.7935026158626
"P23591",0.498295884413925,0.572129530812244,0.99997988173566,0,29.1179742882487,0.615593590429153,-4.81240582448187
"P47753",0.379589048944408,0.531037287671785,0.99997988173566,0,30.9636303026314,0.68621739354685,-4.78898478130461
"Q62188",-0.68472105373179,0.398049579360529,0.99997988173566,0,29.2566938243351,-0.947601514664031,-4.6894700350072
"Q6P1B1",-0.0801270123075225,0.911649414385164,0.99997988173566,0,30.4929074901018,-0.118297783093864,-4.91358121977111
"P99029",1.45164687650792,0.309427602585161,0.99997988173566,0,30.4999810735403,1.16667046382516,-4.59615399601677
"Q9DC23",1.28411736876073,0.398888482645542,0.99997988173566,0,27.7871359022623,0.945742871428017,-4.69023310233452
"Q60598",1.24022468788421,0.123162417676597,0.99997988173566,0,27.3933403995657,1.95925132466692,-4.2580969899665
"P16045",-0.432704821381359,0.527417517194761,0.99997988173566,0,33.0643380734712,-0.692621552725225,-4.786775360032
"Q9D2M8",0.760789606534362,0.474398347821049,0.99997988173566,0,27.0791099539483,0.790392157513908,-4.75145682322362
"Q8R164",0.446827953014289,0.496506359186128,0.99997988173566,0,28.4322239358095,0.748669302919245,-4.76687853302229
"P61327;Q9CQL1",0.861491854539881,0.481458742844015,0.99997988173566,0,29.8398291458501,0.776907792311986,-4.756494662384
"Q9JJU8",-0.904390561150455,0.218613393809411,0.99997988173566,0,30.7579451384527,-1.4635545967843,-4.46530888870025
"P47968",0.385065574638761,0.554294124619905,0.99997988173566,0,29.2464530671116,0.645797110866753,-4.80260698681699
"Q9JK81",0.598642951947588,0.403755399169405,0.99997988173566,0,29.1913696634699,0.935025162790456,-4.6946210379746
"Q9D7X8",0.316343766923502,0.762237028029042,0.99997988173566,0,27.8759248543477,0.324373221021389,-4.88697563699835
"P70195",-0.636107995913899,0.593529747864928,0.99997988173566,0,32.0390555443342,-0.580179546808892,-4.82345645641952
"P00375",0.230703461316396,0.714284427147924,0.99997988173566,0,28.9914817064677,0.39371046673431,-4.87284048739407
"Q9DAK9",0.178471173162925,0.822351548733057,0.99997988173566,0,28.8071636056371,0.240019538453695,-4.9007443750707
"Q3TCN2",0.0899795087740098,0.875244661199494,0.99997988173566,0,30.21711493956,0.167531469841885,-4.90941573026739
"Q8BH97",0.0313507074353497,0.965504161144217,0.99997988173566,0,31.0790247271929,0.0460742197872438,-4.91711296607929
"A3KMP2",1.38522938684976,0.394512972907478,0.99997988173566,0,28.8307421745564,0.955474100593231,-4.68623113684345
"Q9WTP6",0.129924120412417,0.831120680854438,0.99997988173566,0,30.7063299270002,0.227905868543747,-4.90240048936064
"P35505",0.46381680536502,0.484402895641456,0.99997988173566,0,28.9043656555204,0.771330064351438,-4.7585637798555
"Q9Z2U1",-0.166597678767111,0.783579334669082,0.99997988173566,0,32.6328543239826,-0.294137978307649,-4.89235417071435
"O35143",0.351687839544688,0.572991031577095,0.99997988173566,0,28.6742380619706,0.614151025973403,-4.81286536707338
"P49312",0.327987584630943,0.66067418763004,0.99997988173566,0,31.6840867028761,0.474056119353,-4.85348674387781
"Q8K4Z3",0.734900677372436,0.323103866841082,0.99997988173566,0,30.7034914371562,1.12942003882247,-4.61238612404894
"Q60668",0.306923963868301,0.658987035373858,0.99997988173566,0,30.9224947846534,0.476641559157121,-4.85281358811865
"Q99LP6",0.0696140803185384,0.9249411919438,0.99997988173566,0,30.2906543873036,0.100418768886791,-4.91474276468676
"P35979",-0.0024335766378461,0.996937131828065,0.99997988173566,0,32.1894776168658,-0.0040891052000792,-4.91774123278542
"P00015",-1.16109749534642,0.316948840973182,0.99997988173566,0,28.2780122376847,-1.14599981183465,-4.60517420698698
"P20108",-0.113671246782497,0.846719068568078,0.99997988173566,0,32.6336490671665,-0.206458784768715,-4.90513018167657
"P97311",1.06052055182274,0.682456978656488,0.99997988173566,2,23.9720142305474,0.441002721743342,-4.86182065752192
"O89017",0.17616245454641,0.821319047485858,0.99997988173566,0,33.7765859224743,0.241448664516854,-4.90054358366853
"P11859",0.53846027278936,0.414173597715467,0.99997988173566,0,31.7806145560879,0.912445624221922,-4.70379461815537
"Q9WUU7",0.0469632418220982,0.940510560568604,0.99997988173566,0,31.6808451718624,0.0795265990602649,-4.91586112527542
"O88668",0.344273084851719,0.581795460351252,0.99997988173566,0,28.8538270728761,0.599491006932515,-4.81749060580331
"Q9Z0L8",-0.160305843988697,0.788673425625066,0.99997988173566,0,30.7804606459158,-0.286971035899017,-4.89355723591575
"Q02853",0.353434715099875,0.609612264155978,0.99997988173566,0,28.6120453621634,0.554110613938882,-4.83127410177146
"O88393",-0.314480209939071,0.654134730611852,0.99997988173566,0,29.5323979277886,-0.484098572424331,-4.85085504040444
"A2A8L5",0.544999156355015,0.607589163138318,0.99997988173566,0,28.1843953390634,0.557365597159362,-4.8303130873019
"B9EKR1",1.81183659348719,0.334025733664902,0.99997988173566,0,27.1333334623178,1.10070332875428,-4.62482187912429
"Q9Z2L6",-0.251744607446113,0.681141110349237,0.99997988173566,0,30.5920642694801,-0.44298277719386,-4.86133580272483
"P30412",-0.425871273746871,0.76266515588416,0.99997988173566,0,32.5712564890701,-0.323763232043417,-4.88708894880447
"Q9Z0J0",-0.35939385175846,0.569297497535226,0.99997988173566,0,32.5600659565293,-0.620346143499684,-4.81088632040014
"Q9JHQ5",-1.30176301414554,0.45959526129643,0.99997988173566,0,27.7049995886683,-0.81918180181596,-4.74053780525026
"P32507",0.500513420381295,0.403997058227993,0.99997988173566,0,29.4304051403744,0.934495860017781,-4.6948371923567
"B2RXS4",-2.30046444112406,0.199934298736933,0.99997988173566,0,29.9508473723862,-1.53980084113947,-4.43200342840038
"Q60648",-0.655156512760214,0.386377734928156,0.99997988173566,0,32.5793398312879,-0.97381605627473,-4.67864355343249
"P29391;P49945",0.876411103707832,0.341348736991611,0.99997988173566,0,30.1209468311539,1.08192588422931,-4.63291072983933
"P60521",-0.309537770772566,0.617392000093842,0.99997988173566,0,28.226670255307,-0.541656719804771,-4.83491053498287
"Q60872",1.81432431559372,0.15741054609067,0.99997988173566,1,23.2653231993858,1.74518110254205,-4.34449342944782
"Q60973",0.971389046963104,0.188643409380187,0.99997988173566,0,28.7809861396965,1.58952408602405,-4.41048468702282
"P09528",-0.0044725717702304,0.994091549786465,0.99997988173566,0,30.5805294533906,-0.00788819601124169,-4.91772765355509
"P70122",0.290704927171652,0.714976961811311,0.99997988173566,0,28.5572406775972,0.392693577865336,-4.87306541840877
"Q61699",-0.92680752545513,0.4029305682776,0.99997988173566,0,26.5065482028752,-0.936833807440052,-4.69388203909797
"P53811",0.72452571609409,0.349890422214199,0.99997988173566,0,27.6627699910941,1.06047921484254,-4.64210315694675
"Q9EPL8",0.595786024439763,0.500821936885907,0.99997988173566,0,28.8633476275198,0.740690957419684,-4.76977012343478
"P63085",0.594043251368917,0.516020431473982,0.99997988173566,0,29.1178717365316,0.712996593770136,-4.77965667901954
"Q9D0R2",2.44591707475399,0.0775667149782774,0.99997988173566,0,28.6346869080928,2.37752797882727,-4.10721470873646
"P62137",-1.26160911488416,0.188009684225809,0.99997988173566,0,27.4641076447689,-1.59240560914777,-4.40924332832595
"Q61576",0.495732576301511,0.421024956569816,0.99997988173566,0,30.1048884107672,0.89785527795271,-4.70966888164724
"Q8BMJ3",1.74864601993329,0.168413095148883,0.99997988173566,0,28.0962632405498,1.68690227059933,-4.36892895522779
"P62869",1.53487366608462,0.16328328772095,0.99997988173566,0,28.0552494930043,1.71355540537593,-4.35771006542447
"P46638;P62492",0.124947440894669,0.852462309748094,0.99997988173566,0,30.6937003324471,0.198592326528543,-4.90606607538475
"Q60739",-0.435601610358491,0.589433122059195,0.99997988173566,0,27.0341788604041,-0.586892748863154,-4.82139914766473
"O08810",0.906347481661898,0.241135664581864,0.99997988173566,0,26.5066804076246,1.37994534871082,-4.50213019258359
"Q9CWJ9",0.118860634537853,0.867552733761483,0.99997988173566,0,29.2438730707683,0.177994103495892,-4.90834930458024
"Q9R0P3",0.474026553873708,0.517850551604875,0.99997988173566,0,30.9794006850004,0.709702757597442,-4.78081656577702
"Q9QZ08",0.784769413206765,0.388225172455737,0.99997988173566,0,27.318246379985,0.969621753344583,-4.68038361752567
"Q9D0I8",1.94185381736788,0.14065820847128,0.99997988173566,0,25.6084649527487,1.84283345010588,-4.30438778553982
"P97494",0.414067171162885,0.666703507370846,0.99997988173566,0,28.8090887371664,0.46484711597654,-4.8558595835912
"Q99KR3",0.28804567908079,0.67220076092362,0.99997988173566,0,28.7175485974172,0.456491474937878,-4.85797869867928
"P47754",0.523041110146483,0.478139102050292,0.99997988173566,0,29.6049478537131,0.783228588848064,-4.75413940446308
"Q9CR00",1.23780197613082,0.120606520182539,0.99997988173566,0,27.9680552025343,1.9777599789228,-4.2509001475337
"Q61166",0.225354302754366,0.69584526230354,0.99997988173566,0,29.5777600312489,0.420971918471824,-4.86662050869131
"Q9D1A2",0.0529325505062206,0.947294858999727,0.99997988173566,0,30.632001316208,0.0704371676209001,-4.91626701957548
"Q9JM76",-0.199243044494218,0.762897298613557,0.99997988173566,0,31.0482026645587,-0.323432540786245,-4.88715029610942
"Q5FWK3",1.20137524250444,0.107393415840245,0.99997988173566,0,29.4776273569893,2.08088209758955,-4.21165831066832
"Q64010",0.260185003378986,0.659649399672584,0.99997988173566,0,29.2307628310744,0.475626083618517,-4.8530783448142
"Q99KB8",-0.0860490675876509,0.909054128018508,0.99997988173566,0,30.2615783812191,-0.121794053835633,-4.91333210880022
"P16858",0.129732831867277,0.847771792726384,0.99997988173566,0,29.6326170228718,0.205015708831046,-4.90530450373126
"P23116",2.13272337225595,0.0240028048514731,0.99997988173566,0,26.5047138235158,3.57987583262769,-3.80451968860203
"Q64674",0.373224231023585,0.549327305118065,0.99997988173566,0,29.9136486744199,0.65432746420424,-4.79977956727563
"Q9Z247",0.494293987386963,0.429134849736966,0.99997988173566,0,30.0186213496267,0.880837946728437,-4.71646443250015
"P61965",1.78564157739258,0.0532884441291746,0.99997988173566,0,27.9679202008055,2.73678227143078,-3.99764783508361
"P14131",1.26352633737159,0.400205491318995,0.99997988173566,0,28.2648560103403,0.942831672582559,-4.69142704768561
"P10639",-0.0755590675774926,0.922924133757886,0.99997988173566,0,31.0196262643744,-0.103129189915434,-4.91457878221307
"P54822",-0.528582627396572,0.457432083786868,0.99997988173566,0,29.5890127328621,-0.823449997781356,-4.73890076874532
"O08585",0.402280073256763,0.669871180590055,0.99997988173566,0,28.8812331172169,0.460027685910189,-4.85708581360416
"Q9R0Q7",1.467922255008,0.184059773596266,0.99997988173566,0,29.6398521967499,1.6105965810515,-4.40142207227269
"P47811",0.650347722895336,0.417195871579726,0.99997988173566,0,28.4475227651562,0.90598484953072,-4.70640113607343
"P70372",-0.258228927912583,0.664544213780433,0.99997988173566,0,29.287826398639,-0.468139725722239,-4.85501566487619
"Q8C0E2",0.967571284690621,0.219738182025561,0.99997988173566,0,27.8593430679979,1.4591774068647,-4.46723019254522
"Q9CZ04",-0.376990613526271,0.554288226515597,0.99997988173566,0,28.9999259898401,-0.645807209008339,-4.8026036550975
"Q9DBR7",-0.108522658461012,0.872660956559497,0.99997988173566,0,27.0269218117987,-0.171043231148663,-4.90906482280369
"P63028",-0.271000364433431,0.661166729191655,0.99997988173566,0,33.0339214250093,-0.473302044456573,-4.8536825035494
"P28063",-0.0663290827776967,0.914815401498888,0.99997988173566,0,29.5846616909446,-0.114035128528686,-4.91387522528253
"P14206",0.627902757030533,0.406699215643174,0.99997988173566,0,30.8828949933724,0.928595567172436,-4.69724317859237
"P83917",0.287790393534783,0.621144719871456,0.99997988173566,0,29.1881115356706,0.53568433667486,-4.83663141031518
"Q8VDK1",-0.140357956454622,0.88847958692641,0.99997988173566,0,27.6328741863509,-0.149581740741752,-4.91109787644107
"P31786",-0.163706665413901,0.807430909107413,0.99997988173566,0,31.0869571630489,-0.260732733954681,-4.89772324546043
"Q9D892",0.732075481515828,0.283623216984582,0.99997988173566,0,30.5891627193012,1.24136939614042,-4.5633511115746
"Q9ERE7",0.326313079778045,0.646429591440003,0.99997988173566,0,30.1262004125709,0.496005901608332,-4.84767571896564
"O35215",-0.274166445169937,0.764889864106269,0.99997988173566,0,31.5083959775645,-0.320595870272553,-4.8876741615928
"P62965",-0.449542583406773,0.635810656867061,0.99997988173566,0,28.0776995818591,-0.512553832734549,-4.84315282485833
"P45878",-0.0998567436121401,0.902647557470022,0.99997988173566,0,29.0094682362799,-0.130432831855678,-4.91268585988243
"O08716",0.717429222974367,0.459443779053023,0.99997988173566,0,30.190352401606,0.819480172661902,-4.74042351690572
"Q6ZWY9;Q64525;Q64478;P10854",10.0977780429645,0.000157230887434609,0.304713459848272,0,26.864228727391,14.3344069043014,-3.37277683724243
"P62317",0.747232462209321,0.325416810004015,0.99997988173566,0,29.3022631136262,1.12326500239601,-4.61505774029253
"P09671",0.3928098708281,0.578845284029819,0.99997988173566,0,32.7744224945116,0.604386633685756,-4.81595516933635
"P32261",2.21753517552365,0.29291152692656,0.99997988173566,1,25.9148389194731,1.21376630100691,-4.5755036176643
"P70696",-6.83355527000615,0.00314138342746833,0.99997988173566,0,27.8899097180218,-6.48067248340765,-3.51454941893908
"Q9Z2C8",-1.69212488548972,0.096112225393637,0.99997988173566,0,27.8607914178223,-2.18074322044118,-4.1750807860336
"P12032",0.745562142956892,0.385155936485758,0.99997988173566,0,34.6733044102212,0.976599487702059,-4.67748721296349
"Q9EQC7",0.417808190056196,0.629427267231104,0.99997988173566,0,29.8468000286852,0.522581081451645,-4.84035396132946
"Q571E4",-0.0825726793457555,0.906955095237069,0.99997988173566,0,29.8611150606823,-0.124623150717578,-4.91312528534456
"Q9CYN9",0.22503109157831,0.719915277885535,0.99997988173566,0,30.0854202842411,0.38545647502685,-4.87465135102602
"P58022",-0.281192856717638,0.734734907857386,0.99997988173566,0,29.9663342641273,-0.363882074467433,-4.87922287660602
"O35598",0.504623750166858,0.427288821680159,0.99997988173566,0,27.9587190031437,0.884687995493945,-4.71493238809717
"Q61245",1.75282313290834,0.608888052610657,0.99997988173566,2,24.7569615174167,0.55527501668367,-4.83093081962199
"Q04999",-0.241117794326519,0.810238877544647,0.99997988173566,0,28.0551052991449,-0.256824407648882,-4.89831148196375
"Q08879",1.60414722279331,0.0706737392388797,0.99997988173566,0,27.6916914314074,2.46473075847615,-4.07893692173986
"Q9Z1Q5",0.0449324741622674,0.961542548591836,0.99997988173566,0,30.4836414158527,0.0513710736236891,-4.91695907279174
"Q61081",1.82091313966043,0.11988561571981,0.99997988173566,0,28.1052971381823,1.98305831518021,-4.24884842871692
"Q8R0P4",-0.365187131474402,0.601012523311879,0.99997988173566,0,28.07743775167,-0.567994689684586,-4.82714472688166
"Q62465",0.0317468011484804,0.96149232323731,0.99997988173566,0,30.3479546573885,0.0514382383919947,-4.91695701419818
"Q8BU30",1.36081839923705,0.130047788092715,0.99997988173566,0,26.4468186273256,1.9114092961066,-4.27690981050082
"P62715",4.07006211705736,0.00754377554954003,0.99997988173566,0,28.2127063138237,5.06902703863832,-3.60983401879635
"Q9D1M0",0.768814088904776,0.528118480693364,0.99997988173566,0,28.553168723653,0.691378920609562,-4.78720512961001
"Q8R180",0.394116726203347,0.647856543194872,0.99997988173566,0,29.3639558611067,0.493794502606804,-4.8482709696383
"Q9D8B3",2.29724746727803,0.0192843392068812,0.99997988173566,0,27.8908494576915,3.83444375128693,-3.76050483794426
"P62880;P29387",0.306024113729827,0.668447084547383,0.99997988173566,0,25.8961304503562,0.462192783485685,-4.85653626713183
"Q61792",1.45248265387609,0.0825984359766258,0.99997988173566,0,28.3799857025552,2.31926456464369,-4.12672203802375
"Q8VEK3",0.593569246230029,0.342801517347546,0.99997988173566,0,28.9856283668206,1.07824424088243,-4.63449237902005
"P80315",-0.364435167407692,0.622101828664748,0.99997988173566,0,29.7830105413474,-0.534164694551227,-4.83706687617536
"Q6NZB0",1.07953460931285,0.238584018493478,0.99997988173566,0,28.7546431778471,1.38901583951145,-4.498125589204
"Q6PDY2",0.300342742601751,0.611447006979148,0.99997988173566,0,27.37791759172,0.55116458014416,-4.83214013492174
"P34022",-0.154234897017564,0.79165006531442,0.99997988173566,0,29.6582929789635,-0.28279156419412,-4.89424597794313
"Q9JKB3",3.35310382439294,0.00982447626777608,0.99997988173566,0,27.7216080761188,4.69577404922142,-3.64650314890553
"P07356",0.719467141794048,0.666149347374403,0.99997988173566,0,28.2330414913051,0.465691556410298,-4.85564362377691
"P62196",0.988042240906511,0.259229118671597,0.99997988173566,0,27.8260602558705,1.31822806598499,-4.52940728547724
"Q61990;P57722",0.628571244853621,0.47459926755975,0.99997988173566,0,28.3214703955297,0.790006279525129,-4.7516016814492
"Q8BJY1",-0.66984251950926,0.289862064489418,0.99997988173566,0,30.2400324183361,-1.22273562061333,-4.57155810552803
"Q9Z2I9",1.24894365337983,0.61765681290936,0.99997988173566,0,26.329758225172,0.541234536977135,-4.83503267503914
"P97470",4.10071842502999,0.136945075397886,0.99997988173566,1,26.4655949598124,1.86617404322574,-4.29496925819128
"Q9EPC1",0.199216809814468,0.805124186141129,0.99997988173566,0,29.3759518859746,0.263947069434877,-4.89723315148249
"P58044",-0.33649581076603,0.644475784436745,0.99997988173566,0,31.0533778711781,-0.499038444004178,-4.84685590301842
"P62874",1.3688783191684,0.0941244230960333,0.99997988173566,0,29.8285900636592,2.19969339512585,-4.16830097575406
"Q99LS3",0.66413565628225,0.285504667246347,0.99997988173566,0,29.8001496302376,1.23570911805787,-4.56584544437208
"Q9ERF3",1.92771939937514,0.205978680378372,0.99997988173566,0,26.546899951725,1.51435862541455,-4.4430796618363
"O35841",0.399075648388322,0.599957554288789,0.99997988173566,0,28.8232949191776,0.569706636099393,-4.82663013371586
"Q9WVQ5",0.418832314210758,0.569844714117939,0.99997988173566,0,29.3301381571923,0.619426590512826,-4.81118098388536
"Q60605",0.168864781608683,0.821831681841213,0.99997988173566,0,31.0288864165399,0.24073903088358,-4.90064342914586
"Q9CZX8",1.44093237953762,0.38765805405645,0.99997988173566,0,27.2216416015109,0.970907464416464,-4.67985053187659
"Q99KC8",0.441319703625679,0.460577402710802,0.99997988173566,0,28.4945010929614,0.817249194920357,-4.74127752586672
"Q9WUM4",0.0578962051881672,0.94985364306932,0.99997988173566,0,29.4885669479175,0.067010917918902,-4.91640730173108
"O54983",2.85757649120203,0.0470557576172935,0.99997988173566,0,27.2413132647626,2.86055252160159,-3.96400542784767
"Q99KV1",-0.0498895834540499,0.943835877855503,0.99997988173566,0,28.6235517703395,-0.0750704524038512,-4.91606623849914
"P62245",0.486235476010711,0.614465670643273,0.99997988173566,0,28.0223930329388,0.546329615170212,-4.83355365461003
"Q9Z204",-0.151109691464095,0.809117171791004,0.99997988173566,0,28.2193846939656,-0.258385091106381,-4.89807759657943
"Q6ZQI3",0.738113080520638,0.241596030335526,0.99997988173566,0,27.6593438300067,1.37831902779962,-4.50284838608437
"Q923D2",0.206709602003729,0.733260050388407,0.99997988173566,0,32.5406362238691,0.366019793072155,-4.8787804330862
"Q3THE2",2.67560925622008,0.147736604201285,0.99997988173566,0,29.0363668722411,1.8001258314142,-4.32179196722331
"Q9D8S4",1.02911102685933,0.178000794434353,0.99997988173566,0,29.3252784049796,1.63930751795416,-4.38913429102491
"Q9CQF3",0.0521173502738901,0.931351242378705,0.99997988173566,0,29.3489668992843,0.0918112739984186,-4.91523477936154
"O88543",0.160189935083598,0.841809495512171,0.99997988173566,0,29.5086269743023,0.213195954469555,-4.9043007065308
"P68037",-0.72794855382177,0.259283864160192,0.99997988173566,0,30.1813761658447,-1.31804783482626,-4.52948696918434
"P99026",-0.620514607933242,0.380032910805479,0.99997988173566,0,32.3970581501452,-0.988354506816786,-4.67258999588543
"Q9JMI7",1.31427490284146,0.301244493575095,0.99997988173566,0,29.5441417590913,1.18970065137557,-4.58607114899473
"Q8BVU5",1.45686461918983,0.0703958360796074,0.99997988173566,0,28.3023387359246,2.46844801951589,-4.07775586052786
"Q9CQU0",1.05996220586761,0.216760596260186,0.99997988173566,0,29.7672841091286,1.47081488200111,-4.46212404044526
"Q9JJV2",-0.314872934894622,0.655013404372523,0.99997988173566,0,30.0231902127062,-0.482745874678932,-4.85121218889912
"O89086",2.86518734826179,0.00836146791555708,0.99997988173566,0,27.9413660802247,4.92099728146374,-3.62363088154488
"P57776",0.253008232932698,0.724498807030868,0.99997988173566,0,29.4830682898302,0.378761100111018,-4.87609522427295
"P32020",0.429252610608321,0.516498885055223,0.99997988173566,0,27.3275329435658,0.71213464780211,-4.77996053753111
"Q8BHG2",-0.789853113596537,0.315128147654555,0.99997988173566,0,29.3101788459354,-1.15096141035857,-4.60301186317611
"Q8BG05",-0.247238618261237,0.778940373603011,0.99997988173566,0,27.7238221815071,-0.300680763952194,-4.89123169652837
"Q91V64",-0.0688769170472388,0.914371610427609,0.99997988173566,0,29.01866303153,-0.114632486144999,-4.91383466736816
"Q9JI75",-1.30581627123311,0.114437218207151,0.99997988173566,0,29.3742131756722,-2.02427083322982,-4.23301953031092
"Q9D0W5",-0.223892270323866,0.743552704351895,0.99997988173566,0,30.0096025375575,-0.351142773187839,-4.88181101347755
"Q9CYR0",0.713173091297705,0.381169488643944,0.99997988173566,0,28.7347819927193,0.985734741285508,-4.67368330606413
"Q9CPU0",-0.0632298093405801,0.913725959404841,0.99997988173566,0,31.9186856703366,-0.115501645472946,-4.9137752807484
"Q6PE15",2.0383943397486,0.194902757552579,0.99997988173566,0,26.2119124416076,1.56159073462018,-4.42255134883971
"Q9WTP7",-0.344791832558751,0.597412410813147,0.99997988173566,0,28.5627597897697,-0.57384475137858,-4.82538138270416
"Q9R0X4;Q32MW3",1.10717915994267,0.110093799306972,0.99997988173566,0,28.0980756640177,2.05870632732426,-4.21997270242257
"Q9CQ19",-1.66956472216193,0.163903191030369,0.99997988173566,0,28.272898808238,-1.71028781208805,-4.35908159105612
"Q91V76",0.0270600893261476,0.962840275012484,0.99997988173566,0,30.1243037358521,0.0496357650766908,-4.91701132919436
"Q91VM5",0.620434468214862,0.349361730209995,0.99997988173566,0,29.0433052602425,1.061792891897,-4.64154159661728
"Q9Z1X4",-0.158682197376909,0.791306181827463,0.99997988173566,0,28.3670915122733,-0.283274095762885,-4.89416694485679
"Q9ESP1",0.128777818327179,0.893136345805033,0.99997988173566,0,28.3945337112888,0.143280704731648,-4.91164401258594
"P16406",0.362347535809932,0.631024325573897,0.99997988173566,0,26.9885338071203,0.520066618137553,-4.84105989743137
"Q3UV17",0.433162867171722,0.643435207010932,0.99997988173566,0,31.7497790119852,0.500655756258275,-4.84641701263639
"P42125",-0.3462994206577,0.604440457113043,0.99997988173566,0,30.4562163786418,-0.562445290680631,-4.82880465604846
"P62960",1.43298880386937,0.127143729635838,0.99997988173566,0,24.9772027151556,1.93124225532818,-4.26907453355374
"Q9QYR9",0.253727435128499,0.921262123692838,0.99997988173566,2,24.0300569636929,0.105363227060242,-4.91444036542243
"Q9QXK3",1.28851787324946,0.533775450096375,0.99997988173566,1,24.8532718490341,0.68139386809926,-4.79063984739761
"Q922D4",0.706972812545766,0.721182266710209,0.99997988173566,1,24.14644791611,0.383603648763358,-4.87505316912041
"Q8K2B3",0.985945298824785,0.602659036197396,0.99997988173566,0,26.6878295455078,0.56532666819023,-4.82794434244432
"Q91VC3",1.23804338103,0.38879013544612,0.99997988173566,0,22.7531430088194,0.968342540105298,-4.6809137360544
"Q99KE1",-0.585939706231135,0.678821459036199,0.99997988173566,0,27.3347044701452,-0.446478346214748,-4.86047532454782
"Q8VIG3",0.609374155642867,0.84137053565066,0.99997988173566,2,24.3547462859325,0.21379889759016,-4.90422521913206
"Q6PDI5",0.0214926627804402,0.993690223202598,0.99997988173566,1,22.9099348243894,0.00842401059167754,-4.91772504524534
"P22907",-2.05371174568956,0.214960353062633,0.99997988173566,0,27.2715842954111,-1.47792979638773,-4.45900541303973
"Q9QXZ0",-1.30938319385425,0.40348152825796,0.99997988173566,0,24.9707893921976,-0.935625343932466,-4.69437587560793
"Q8K4F5",0.210681164709086,0.874656905875867,0.99997988173566,0,27.0004471421379,0.168330116442659,-4.90933655210076
"P60122",-0.865313728979425,0.599209928869716,0.99997988173566,0,28.4026308776242,-0.5709210146627,-4.82626438732832
"P21460",0.203888017412564,0.732198110117116,0.99997988173566,0,34.3288961796902,0.367560270173837,-4.87846015700375
"Q9ESY9",0.254500944745721,0.719662608564918,0.99997988173566,0,30.6172470538467,0.385826166265193,-4.87457097119315
"Q924X6",2.24831708759515,0.0914963367504949,0.99997988173566,0,27.3748789556322,2.22544839661974,-4.15916979110246
"Q9JJH1",0.952235565128826,0.3981402496839,0.99997988173566,0,29.7749992779685,0.947400467701545,-4.68955260482603
"Q62217",2.80630635238325,0.311415759556447,0.99997988173566,1,25.794414567536,1.16116125798735,-4.59856101103874
"P42703",4.11326915752647,0.0562747460663195,0.99997988173566,1,24.5746509321161,2.68331294720439,-4.01281399892552
"Q9QXX0",1.40958607888296,0.375114830585283,0.99997988173566,0,27.0373734016014,0.999769836048506,-4.66781364837551
"Q8C0F9",-1.33257884461597,0.238493329035775,0.99997988173566,0,29.9138060589583,-1.38933999295074,-4.49798250882746
"Q76KF0",1.5003798361788,0.290259996823805,0.99997988173566,0,26.4435802410064,1.22156011441629,-4.57207539307724
"Q8BM88",0.771116531961415,0.316145185941177,0.99997988173566,0,28.5547566424364,1.14818659180361,-4.60422139908944
"P01029",2.6694294101715,0.0565160149450618,0.99997988173566,0,27.7876425714965,2.67913737548781,-4.01401474326001
"O08746",0.549977624116655,0.440943389534963,0.99997988173566,0,27.6025037959171,0.856527033993759,-4.72606275067806
"Q9DC11",1.39204065158131,0.211468487340215,0.99997988173566,0,27.3691609074621,1.49190471246315,-4.45288735520959
"Q9DAW9",2.76086537892232,0.0934067217281509,0.99997988173566,0,26.3415650747551,2.20664590819817,-4.16582657451363
"Q8R3R8",2.65845207908252,0.0845944558485632,0.99997988173566,1,24.2111482436191,2.29725766767223,-4.13421861175741
"Q99J36",1.59837071512182,0.142514210347501,0.99997988173566,0,27.6034269815145,1.83141497979126,-4.30901968112268
"P12265",0.285736456706463,0.735380568063078,0.99997988173566,0,29.5795025391175,0.362946863954701,-4.87941570391147
"Q8VBW6",0.661992890502033,0.600054758852799,0.99997988173566,0,28.4026233199375,0.569548816909179,-4.82667762202461
"Q9CQV6",0.525425082957336,0.422066504898655,0.99997988173566,0,29.302004600697,0.895654616156384,-4.71055111306754
"P46935",0.480844898821165,0.737135958358513,0.99997988173566,0,27.3699721615658,0.360406202504035,-4.8799372960773
"Q9D662",0.899688112060316,0.310599366121971,0.99997988173566,0,27.282854869914,1.16341950819716,-4.59757461071298
"O55013",1.09272642943006,0.287329113850646,0.99997988173566,0,28.2410094456524,1.23025427369107,-4.56824817380156
"P23506",0.844587204145114,0.310188617615142,0.99997988173566,0,29.5881523682792,1.16455778797604,-4.59707728119606
"Q9WVA3",0.185902931299739,0.801554502417886,0.99997988173566,0,27.8518658809353,0.268927949068595,-4.89646248980582
"Q923G2",0.967094341794623,0.499605733493024,0.99997988173566,0,27.9282943394157,0.742934124503456,-4.76895905631771
"Q9QZ88",-0.263680980793237,0.664543186029705,0.99997988173566,0,28.9603107702598,-0.468141294327525,-4.85501526164281
"Q9EQ80",1.46907347852867,0.112549202539451,0.99997988173566,0,28.1148174828785,2.0390588525607,-4.22739654100404
"Q99LD4",1.13206812885643,0.291888374833178,0.99997988173566,0,28.3685387352116,1.21676574362106,-4.57418457954098
"Q3TMX7",-2.31023765884453,0.05910838277726,0.99997988173566,0,27.6062278827329,-2.63553334678077,-4.0266968288503
"Q9QZ73",0.938121527220635,0.169085305610732,0.99997988173566,0,27.4012862770933,1.68347337648837,-4.37037740281939
"Q3UM45",1.28255697191049,0.196419431097763,0.99997988173566,0,28.1202431278699,1.55496202191561,-4.42542326719215
"P17047",0.716504087871146,0.290572720919393,0.99997988173566,0,31.4652501573958,1.22063739192091,-4.57248140173694
"Q8R050;Q149F3",4.15747660772939,0.0018191863774243,0.892801304919811,0,27.6150417759065,7.51982904482882,-3.47172058733952
"P46664",1.62825363475538,0.228474452678846,0.99997988173566,0,28.0655763132391,1.42593077048516,-4.4818493771338
"Q62426",-0.486952911242335,0.52715514872563,0.99997988173566,0,30.1955134235582,-0.693086973788849,-4.78661426084317
"Q9WUK2",2.64290013923406,0.0271310359932254,0.99997988173566,0,26.2771290264779,3.44213482719829,-3.83078137935473
"P50431",-0.33027621882879,0.780367788133088,0.99997988173566,0,26.7407325671953,-0.298665872647107,-4.8915798221879
"Q8BP48",1.04585502213717,0.157563124602955,0.99997988173566,0,27.9946241038785,1.744343664175,-4.34484202733373
"Q99020",0.555819067397452,0.510505876190011,0.99997988173566,0,29.9409287297772,0.72297406215546,-4.77612226828317
"Q8BK64",0.161397560274098,0.792424294879496,0.99997988173566,0,28.8653152098068,0.281705474376597,-4.89442340402465
"Q9WV55",-0.260405371868512,0.691126240413156,0.99997988173566,0,27.1437356796866,-0.428008679272949,-4.86495624160967
"P26883",-0.392807187237792,0.550794502833561,0.99997988173566,0,30.0971235606341,-0.651802012531754,-4.80061933470628
"P55264",-0.93566326343211,0.265227569122721,0.99997988173566,0,27.1810047734659,-1.298697956176,-4.53804096392944
"P21550",2.91606969748139,0.218078455296433,0.99997988173566,1,25.2746988728129,1.46564435712145,-4.46439192702715
"P83940",-0.592678338311089,0.497959890366684,0.99997988173566,0,28.4206024437485,-0.745976285559256,-4.76785668663659
"P62281",2.14941609725406,0.322564638907814,0.99997988173566,1,26.5310677817235,1.13086083166724,-4.61176028211335
"Q9CRC9",0.195087199948269,0.756448247767748,0.99997988173566,0,28.7602110064641,0.332635598388078,-4.88542152692717
"P21300",-1.19762943992549,0.18562927604137,0.99997988173566,0,29.1966911321051,-1.60332016402651,-4.40454735439033
"Q925B0",0.400842629516615,0.718710851381952,0.99997988173566,0,26.0018492842607,0.387219295984972,-4.87426745672239
"Q91V12",0.35382627635758,0.766666428199191,0.99997988173566,0,28.0505296750027,0.318069364290227,-4.88813716481661
"Q9CX80",-0.557333947956276,0.448855830672269,0.99997988173566,0,28.3510402962625,-0.840532279524067,-4.73230365353875
"Q8VDG5",1.91382461624322,0.245641653730678,0.99997988173566,0,26.4649674222414,1.36415802903797,-4.50910391944742
"P56812",-0.434048008611612,0.616911826781881,0.99997988173566,0,29.0823790842278,-0.542422532908001,-4.83468878984055
"Q9WUZ9",1.81566860629983,0.136280046152502,0.99997988173566,0,27.4998975271458,1.87042665078338,-4.29326047938694
"Q61206",0.0917700202504317,0.878284901668368,0.99997988173566,0,30.311442196164,0.163402477946719,-4.90981920204498
"Q8QZS1",0.782831706218892,0.430399349490331,0.99997988173566,0,28.6828201444545,0.878208599813268,-4.7175088774053
"Q8CG72",0.757629870463184,0.244861385095629,0.99997988173566,0,28.8425887223404,1.36687113829345,-4.50790517294899
"Q60692",0.422447438207553,0.546595459521954,0.99997988173566,0,32.0351773202914,0.659042354521586,-4.798205739486
"Q8CJG0",0.140929909862474,0.817587210441521,0.99997988173566,0,27.5113034659612,0.246619166614806,-4.89980762774321
"P14873",-0.446386267150943,0.669185475462694,0.99997988173566,0,27.18715583161,-0.461069863520996,-4.85682155850139
"P47199",1.14400926915515,0.313260276691749,0.99997988173566,0,26.390832141662,1.15607934580377,-4.60077949819162
"P56376",-0.00208155808503729,0.998477776815702,0.99997988173566,0,30.0011028448838,-0.00203225016309795,-4.91774499023096
"Q9R1Z7",1.85664747269319,0.286515207192422,0.99997988173566,0,26.3943275046575,1.23268364469029,-4.56717822826907
"Q7TSV4",-0.254747128316398,0.724702276390059,0.99997988173566,0,29.5976295447742,-0.378464361501208,-4.87615869511487
"Q9DCC4",0.516590881196982,0.408349591894638,0.99997988173566,0,27.3499511013677,0.925008190547231,-4.69870280037539
"P38647",0.269514132858138,0.659580529447379,0.99997988173566,0,27.14322858082,0.475731641934369,-4.85305084532476
"P14869",1.54000146158322,0.063660626269125,0.99997988173566,0,30.0898164737274,2.56406164272085,-4.04805522906588
"P99027",-0.17350480280536,0.855274571438504,0.99997988173566,0,30.272722182922,-0.194746000526063,-4.90651085370005
"P51855",-0.055930212904549,0.93604304489388,0.99997988173566,0,29.6972452630179,-0.085516504934135,-4.91556688049044
"P19536",-0.657534984395107,0.362892042186092,0.99997988173566,0,26.0235703829808,-1.02871953112992,-4.65561494999545
"Q8K3C3",0.129645081242495,0.865025911183346,0.99997988173566,0,27.139485233687,0.181436344234263,-4.90798466985447
"P84089",-1.18228554803239,0.268702061413793,0.99997988173566,0,29.2535507409875,-1.28758132860791,-4.54295376411783
"Q99LJ6",1.00449899905991,0.166148401483566,0.99997988173566,0,27.7222105073339,1.69856162229901,-4.36401247014801
"Q924M7",0.296622229234822,0.639695536615523,0.99997988173566,0,30.4696057417767,0.506480939027129,-4.84482666247264
"O88851",-0.149147662038792,0.824339248617548,0.99997988173566,0,29.4559367770623,-0.23726998728171,-4.90112747996718
"P63323",-0.145318029550334,0.829549738558746,0.99997988173566,0,30.0288771011212,-0.23007286069718,-4.90211026678718
"Q61029;Q61033",1.01706604324961,0.184543292593524,0.99997988173566,0,26.525954404951,1.60834805563517,-4.40238736601566
"Q9D6J6",3.38620535314365,0.00486849330639871,0.99997988173566,0,28.871408431696,5.73901113870726,-3.55756467639666
"Q9JIQ3",0.497195330964756,0.677171275901665,0.99997988173566,0,28.5445565239815,0.448969038911977,-4.85985869791477
"Q9Z0X1",0.243835003404429,0.694168126878565,0.99997988173566,0,29.0960433707873,0.423469889593866,-4.86603244533851
"Q8BHA3",-0.43792636010285,0.480084449448825,0.99997988173566,0,27.930762707179,-0.779520424427968,-4.75552248573071
"Q6PDM2",-0.0918971094426268,0.885574454578272,0.99997988173566,0,26.3787955866471,-0.153516398480816,-4.91074513218817
"P11404",-0.498654378160887,0.406708116735034,0.99997988173566,0,30.31795502648,-0.928576186132391,-4.69725107087133
"P62806",-0.423894038352079,0.649182973393926,0.99997988173566,0,31.2195767575959,-0.491741441814496,-4.84882164783738
"P97350",0.879170824641524,0.5007523627533,0.99997988173566,0,23.7691176469723,0.740819169344666,-4.7697238063114
"Q6A4J8",1.35147646003949,0.411687105176689,0.99997988173566,1,23.8714402839277,0.917790764839886,-4.70163191096508
"Q62148",1.14274041640403,0.448018025691332,0.99997988173566,0,27.8181890205104,0.842215039711925,-4.73164992569214
"Q8K4Z5",0.645458985082542,0.722750048038763,0.99997988173566,0,22.9710106780623,0.381313150418643,-4.87554752424361
"Q9JJ78",1.11613054950844,0.68155307241953,0.99997988173566,1,25.0897004881681,0.442362653568507,-4.86148785143727
"Q9EPK7",0.656124306080667,0.767511609096985,0.99997988173566,2,24.0936373276866,0.316868279487249,-4.88835608798878
"Q9D1G1",0.982639799726502,0.428496422777558,0.99997988173566,0,24.4344105085473,0.882167891619982,-4.71593557156513
"Q9WUD8",-0.871457810045884,0.417344007591309,0.99997988173566,0,26.2453706478884,-0.905669184487271,-4.70652827185457
"Q8BI72",1.24544030237199,0.462831141072455,0.99997988173566,0,24.2529277006458,0.812826732362779,-4.74296667052186
"P12399",1.05506945660434,0.66865675040262,0.99997988173566,0,27.1922844067682,0.461873860265834,-4.85661735278177
"Q9CQ01",0.297494084948448,0.610335605300673,0.99997988173566,0,31.310179808745,0.552948482948427,-4.83161615675044
"Q9ER65",1.38166513773861,0.438728304532831,0.99997988173566,0,26.5563706324129,0.861046452317765,-4.72428851163657
"O08992",1.00283109898423,0.550786344554952,0.99997988173566,0,27.9297320689673,0.651816042156272,-4.8006146757956
"P08905",0.731797601375165,0.429313412293708,0.99997988173566,0,29.6888838494527,0.880466264541039,-4.71661216565807
"P97467",-0.000358914524157492,0.999669709364129,0.99997988173566,0,28.3835964691085,-0.000440955474106011,-4.91774616473268
"Q8R242",1.06098987424376,0.13836812796514,0.99997988173566,0,29.5934275707634,1.8571488074647,-4.29860321366189
"P27090",-0.484222304990265,0.52152217176008,0.99997988173566,0,29.4742102908082,-0.70312028777161,-4.78312408645459
"Q61646",-0.108309992885636,0.882686932075855,0.99997988173566,0,30.6287510403036,-0.157430146530342,-4.91038534500936
"Q9WVG5",0.13239408039998,0.843024234955541,0.99997988173566,0,27.1540319108673,0.21152792232862,-4.90450846915617
"P08226",0.67331324287982,0.524830594900162,0.99997988173566,0,27.744662626896,0.697217909040809,-4.78518126776294
"Q04997",-0.174260559804163,0.906852981837407,0.99997988173566,0,27.6311715848293,-0.124760811744548,-4.91311510180283
"P14901",-0.218200111255721,0.776764613807265,0.99997988173566,0,29.2916232961196,-0.303754882368917,-4.89069636501728
"P29416",0.525678055869058,0.447970993128538,0.99997988173566,0,29.507740276549,0.842309581386212,-4.73161317744493
"A2ASQ1",-0.21159435332436,0.904533845635634,0.99997988173566,0,29.8399436553463,-0.127888086158641,-4.91288076889765
"P35822",0.486866736629427,0.764233677363457,0.99997988173566,0,27.2549193699399,0.32152968586285,-4.88750217744573
"Q9QZZ6",-0.418791679979167,0.679260666859281,0.99997988173566,0,28.8680181164364,-0.445815988657909,-4.86063881462462
"Q8VCF1",-0.235682476670611,0.703747632786382,0.99997988173566,0,28.7598174487986,-0.409243897452197,-4.86934100573177
"Q8VCC9",-0.220965414618682,0.833787415421716,0.99997988173566,0,27.8919819846809,-0.224230343014742,-4.90288671647013
"Q99JR5",-0.129273381407058,0.861177556730129,0.99997988173566,0,27.7002500019811,-0.186684045790217,-4.907415692517
"P61922",1.52763240404195,0.39755418813503,0.99997988173566,0,28.9961852011605,0.9487006569212,-4.68901849062725
"O88322",-1.01227577279631,0.205644681962898,0.99997988173566,0,27.9597460578027,-1.51574439671416,-4.44247532831285
"Q91VU0",-0.0306086743194758,0.982495257276445,0.99997988173566,0,29.3952813954272,-0.0233724275738997,-4.9175832163591
"P97461",-0.35351433805061,0.670377621489973,0.99997988173566,0,27.0805490265187,-0.459258347238646,-4.85728056432468
"Q9ET22",0.67197398655434,0.365259823856444,0.99997988173566,0,28.8316362358662,1.02304493375678,-4.65801536332014
"P36993",2.77560166480428,0.0202955061246089,0.99997988173566,0,25.7907426852481,3.77399743508595,-3.77045540261739
"Q9QYB1",0.323102142145102,0.624278573174442,0.99997988173566,0,29.6618175145297,0.530713944265739,-4.8380520806664
"P84078;P61205;Q8BSL7",-0.621310021730024,0.338671465682988,0.99997988173566,0,29.1828260544726,-1.0887480098994,-4.62997610957611
"P61082",0.273971003545101,0.650209878395654,0.99997988173566,0,26.9214004462766,0.490153670644107,-4.84924623275864
"P42227",0.54256154400599,0.727899380242023,0.99997988173566,0,27.1946013974003,0.373806995075084,-4.87714906130705
"Q8JZV9",-0.0993628963036648,0.894550705098501,0.99997988173566,0,28.5812484077554,-0.141368362369972,-4.91180518909661
"Q8BP47",-0.01292280361963,0.988624208665066,0.99997988173566,0,26.8793219101216,-0.0151880156432718,-4.91767738515432
"Q920A5",0.6530723746504,0.405900710615332,0.99997988173566,0,28.4787067002599,0.930335676580683,-4.69653428777757
"P20065",0.739273343069257,0.660155568749813,0.99997988173566,0,24.7199530220741,0.474850464340373,-4.85328024925792
"O70433",0.994419340428641,0.235861243665277,0.99997988173566,0,27.6203399093307,1.39880184306463,-4.49380716785233
"Q9CX34",0.83113333497692,0.335767365999567,0.99997988173566,0,26.9592688188926,1.09620376970755,-4.62676342850818
"Q6P4T2",1.24840336450056,0.256328301741568,0.99997988173566,0,24.9720580779423,1.32783173398925,-4.52516124863044
"Q8JZK9",1.09566305834551,0.311400437541654,0.99997988173566,0,27.8980742855313,1.16120358977473,-4.59854252377018
"O35405",-0.175571733632894,0.776292665999499,0.99997988173566,0,28.3269112277535,-0.304422158413588,-4.89057949583071
"P63166",0.293335285092862,0.761671922660673,0.99997988173566,0,27.7382088173352,0.325178599148438,-4.88682572912772
"Q9DBH5",0.970097710474318,0.166869441852707,0.99997988173566,0,27.6352761786198,1.69483134694594,-4.3655839690508
"Q61553",-0.333077316059538,0.791185307508351,0.99997988173566,0,28.9195129522135,-0.283443723856056,-4.89413913169491
"Q07813",-0.842375006903263,0.248189484292256,0.99997988173566,0,28.1945712288211,-1.35535785618347,-4.51299281553749
"Q9Z1Q9",0.94330907098741,0.269587666572508,0.99997988173566,0,26.1103415448702,1.28477015943791,-4.54419585135796
"Q61239",1.16615799660172,0.170144371477054,0.99997988173566,0,28.1175826006897,1.67810023904989,-4.37264945698365
"O70591",-0.331496770927386,0.58011926021797,0.99997988173566,0,27.0304476542236,-0.602270518439227,-4.8166199864757
"Q91YR1",0.147975561130947,0.829458575929035,0.99997988173566,0,29.2751728097896,0.230198653392593,-4.90209333860701
"O55135",-0.296915309717196,0.622499636966724,0.99997988173566,0,30.114195240993,-0.533533502060465,-4.8372474620836
"Q569Z6",1.90079835831849,0.0670406422042409,0.99997988173566,0,25.1166935204548,2.51470000883459,-4.06322600576356
"Q8R4N0",1.43456639258141,0.25267148062968,0.99997988173566,0,26.7640590237714,1.34009136655883,-4.51974110938152
"Q9JIW9",-0.0956428893060858,0.884186160604713,0.99997988173566,0,27.2034973994228,-0.155397721378467,-4.9105732932256
"Q60676",-0.826813843694544,0.395365262225587,0.99997988173566,0,28.5213975586207,-0.953571371415688,-4.68701494798426
"P62774",-0.259894632767188,0.785381119942702,0.99997988173566,0,29.4238414578533,-0.291600924231137,-4.89278322179766
"O35593",0.651865576204913,0.32192596692823,0.99997988173566,0,28.7864427466801,1.1325702135116,-4.61101754972008
"Q7TNG5",-0.381554976340045,0.570759104127648,0.99997988173566,0,28.9255882433912,-0.617891367157811,-4.81167222864627
"Q9CWM4",-0.66050159589226,0.392738989503504,0.99997988173566,0,26.9392680848582,-0.959445838947093,-4.68459298841376
"Q810B6",-0.980165524612896,0.255537225213225,0.99997988173566,0,25.6544695195619,-1.33046922294582,-4.52399514609522
"P62075",0.0913079170927544,0.930943815919903,0.99997988173566,0,25.3850013662914,0.0923581093953761,-4.91520482327009
"Q9JJA4",2.45377555866215,0.0767089349495884,0.99997988173566,0,25.6702801449993,2.38788820950489,-4.10379757730236
"Q3V1T4",2.84607262163807,0.175151765903126,0.99997988173566,1,25.6608877845529,1.65316346656162,-4.3832302204329
"O35226",0.292162205631902,0.791408366267559,0.99997988173566,0,28.3095938545728,0.283130703795582,-4.89419044400931
"Q61205",0.135251708346614,0.815391022097092,0.99997988173566,0,29.3315781230362,0.249665813312674,-4.89936701669473
"P97855",0.158090094214711,0.822751375456324,0.99997988173566,0,27.722515206744,0.239466285418841,-4.90082180094772
"P14069",-0.904803231160407,0.473451151698723,0.99997988173566,0,30.9439028783885,-0.792213021447734,-4.75077272878996
"P70349",-0.663505297999768,0.345110299794246,0.99997988173566,0,28.8564820146753,-1.07242225400886,-4.63699051309075
"Q99LD8",-1.63811720792781,0.0501020146287833,0.99997988173566,0,28.2767436671621,-2.79781704164195,-3.9808054461655
"Q9Z2Y8",-1.69543832699843,0.062873053210553,0.99997988173566,0,28.4990112735765,-2.57599702236415,-4.04443872538216
"O70493",2.13846713443071,0.017426911842337,0.99997988173566,0,28.8706504380565,3.95611179602904,-3.74135915565595
"Q60817;P70670",3.10443162651752,0.02133402981723,0.99997988173566,0,28.7352209599868,3.71557312259592,-3.78036219551461
"Q8VD62",0.0172718785680245,0.983714701010399,0.99997988173566,0,27.4472247001589,0.0217438854803108,-4.9176051388372
"O55131",0.519999062813141,0.695591468237597,0.99997988173566,0,28.2948376121991,0.42134972332148,-4.86653176074573
"Q9CR98",1.66176661287035,0.0385131490027523,0.99997988173566,0,25.9681153046938,3.06547665302005,-3.91259983373124
"Q9CWZ3",-0.164050060585352,0.893969853147887,0.99997988173566,0,28.0274369040592,-0.142153648393796,-4.91173926137616
"Q8CIB5",0.418522099117587,0.525563357219374,0.99997988173566,0,27.7138990935758,0.695914294723054,-4.78563408817723
"O54998",0.478471109347738,0.622103679334285,0.99997988173566,0,26.6032386139697,0.534161757563731,-4.83706771684653
"P54775",0.725325591815508,0.422204558827086,0.99997988173566,0,27.8016026633907,0.895363264493514,-4.71066783856607
"P54728",-0.141048520523435,0.813023557912057,0.99997988173566,0,29.1988179477723,-0.252953272551796,-4.89888580344494
"Q99L13",0.475209243533722,0.502663261542984,0.99997988173566,0,27.7867009341356,0.737302603486929,-4.77099238341094
"Q91Z53",1.16060536030697,0.110517758748564,0.99997988173566,0,27.9407715753948,2.05527950801284,-4.22126366352295
"Q8BL66",0.208173261154793,0.803988539717804,0.99997988173566,0,26.7865547360894,0.265530785855284,-4.8969895899314
"Q9CR09",-0.333820370638501,0.56918920609067,0.99997988173566,0,28.8581100460445,-0.620528189533958,-4.81082794770172
"P24270",0.129033894514129,0.89331104553058,0.99997988173566,0,29.3634357378918,0.143044459571189,-4.91166403925223
"P62270",0.969666375055438,0.551176607530114,0.99997988173566,0,27.1728436689105,0.651145077580406,-4.80083740921492
"P59999",-0.436988651076796,0.53037811104189,0.99997988173566,0,31.9414160893522,-0.687381267031696,-4.78858426180038
"P63280",-0.341516305318977,0.577528972604311,0.99997988173566,0,30.3901567327575,-0.606576338313865,-4.8152654265751
"P50543",-0.331160663336258,0.631768811120932,0.99997988173566,0,30.1809067710254,-0.518895793728569,-4.84138767619344
"Q9CQE1",-0.136411025578154,0.896736827465448,0.99997988173566,0,28.6105801125404,-0.138413792796125,-4.91205001420554
"Q9D358",0.118426555488202,0.84163587873681,0.99997988173566,0,28.4183887262524,0.213434418156736,-4.9042708758932
"Q8BFS6",0.732702542591609,0.381502905419041,0.99997988173566,0,28.5037537452952,0.984967518770595,-4.674003287849
"Q3UEB3",-0.149276870222072,0.862498703809591,0.99997988173566,0,26.0859385432666,-0.184881788096099,-4.90761288153037
"Q9CQ45",1.84864243136414,0.219222283905247,0.99997988173566,0,27.7181965955841,1.46118223614231,-4.46635009445836
"Q99KR7",-1.97550599077582,0.0327864566937799,0.99997988173566,0,27.1777957754299,-3.23552235060947,-3.87374435120173
"Q8BGS2",0.0460817562456862,0.957254644052466,0.99997988173566,0,26.5593508289383,0.0571062385726733,-4.91677362165563
"P56380",1.80857800313276,0.269610526074078,0.99997988173566,0,27.5754527640352,1.28469771532296,-4.54422785849396
"Q62189",0.469492946409288,0.44378706058849,0.99997988173566,0,27.9188053296931,0.850752091584802,-4.72832299876754
"Q9DB29",-0.442468133638408,0.561735144122989,0.99997988173566,0,28.589525869973,-0.633116168743744,-4.8067618075593
"P62889",-0.211408494361353,0.830119984129835,0.99997988173566,0,27.7203836700493,-0.229286097414664,-4.90221594174192
"P26350",0.608461896524221,0.373806510898568,0.99997988173566,0,29.5526934868258,1.00282860196382,-4.66653046378503
"P70202",0.417144128629056,0.480551344520425,0.99997988173566,0,29.7821379252349,0.778632174827215,-4.75585322203819
"P32067",-0.199053850002417,0.778537250508257,0.99997988173566,0,26.4702821940829,-0.301250070144083,-4.89113293898557
"Q8VCA8",1.02926806510002,0.34218930486033,0.99997988173566,0,28.0179274412727,1.07979398700636,-4.63382677969703
"P59024",0.349040585232702,0.562491450446971,0.99997988173566,0,26.3284492962481,0.631833774332687,-4.80717871752899
"Q8BGB7",-0.379291585068173,0.570330969451635,0.99997988173566,0,28.4419613439327,-0.61860998015344,-4.81144239493669
"Q9D6N1",0.282318965530268,0.64357919093866,0.99997988173566,0,29.4730634202115,0.500431877935819,-4.84647783557304
"P60670",0.335537306295008,0.627380392512475,0.99997988173566,0,26.1147184524372,0.525809432801586,-4.83944361502347
"Q99KP3",0.786760452386772,0.398850227623881,0.99997988173566,0,27.7669495816193,0.945827555198651,-4.69019834882593
"Q8BGD9",1.74567909010179,0.0831994682579349,0.99997988173566,0,26.2262756736053,2.31257517274991,-4.12899330571505
"P56391",0.333677227155372,0.672664439667548,0.99997988173566,0,25.8092478050692,0.455788441566809,-4.85815551975031
"Q8VCR7",-4.5763992010988,0.0020357261800598,0.892801304919811,0,31.8865645588002,-7.29465468142847,-3.47966957126319
"Q8VBV7",1.28037801967022,0.306602841574102,0.99997988173566,0,27.4140528085187,1.17455509539709,-4.59270567875722
"Q03265",0.0104707748938073,0.990214185855128,0.99997988173566,0,27.3951610095027,0.0130650456704959,-4.91769528373615
"P11930",0.90041267936966,0.356302614621991,0.99997988173566,0,27.6268138542336,1.0446865459999,-4.648837845755
"Q3UGR5",0.506956386832282,0.431439701907743,0.99997988173566,0,29.9855323235185,0.876050100340354,-4.71836516013517
"O35295",0.0100805074854917,0.988043466612141,0.99997988173566,0,28.4598771840387,0.0159634550672867,-4.91767017692525
"P42669",0.625893705148011,0.497933170958329,0.99997988173566,0,28.9807332690234,0.746025736050869,-4.76783874474035
"Q71RI9",2.00315925545609,0.228102643246892,0.99997988173566,0,27.7109108431873,1.42731943745818,-4.48123791318576
"Q99LG2",-0.652644723495475,0.732132154398782,0.99997988173566,2,23.3967560141184,-0.36765598206401,-4.87844021797029
"Q9CQI7",1.07171042779944,0.384880591879979,0.99997988173566,1,22.8468761503494,0.977227817596625,-4.6772260068326
"Q3ULJ0",1.79693540266817,0.0993931338602938,0.99997988173566,0,24.6033142418168,2.1504054286975,-4.18604239290893
"O35969",-0.501297310929674,0.440300842282533,0.99997988173566,0,28.752983220902,-0.857836111069575,-4.72554931538357
"Q9DA79",-0.742226193726605,0.822726223406417,0.99997988173566,1,25.3959543876884,-0.239501086440473,-4.90081693569687
"Q9CZU3",-0.097133225021639,0.957800259114236,0.99997988173566,1,24.5324152352862,-0.0563763407399989,-4.91679830991029
"Q9DBT5",-0.422582158925519,0.7720577178378,0.99997988173566,0,25.4850579366165,-0.310417344296305,-4.88951880246066
"Q9JLV5",-0.056533115723176,0.983958988214438,0.99997988173566,2,24.0726122324628,-0.0214176538060593,-4.91760934017406
"Q3UHX2",3.15183190281918,0.0136676563285926,0.99997988173566,1,23.772092696563,4.2586793375341,-3.69843253987696
"Q8K2V1",1.2839078564659,0.583958751468677,0.99997988173566,2,22.8845267188854,0.595911641084358,-4.81860736663315
"P39061",-2.03133835931105,0.0914517437721951,0.99997988173566,0,27.6244911578644,-2.22589254524456,-4.15901316480981
"Q99KJ8",1.38155955269784,0.376578820873013,0.99997988173566,0,25.9708949106562,0.99635817579004,-4.6692432213596
"O35900",-1.07937544771099,0.672767103696797,0.99997988173566,0,24.0982483459986,-0.455632817874141,-4.85819462978686
"P50429",0.940637357241555,0.316866345482654,0.99997988173566,0,27.2263353703889,1.14622404840569,-4.6050765207884
"P27661",2.18614230096787,0.350038837161187,0.99997988173566,1,25.4083402865828,1.06011075878995,-4.64226062521288
"Q9ER10",0.0521504285662536,0.985806084243981,0.99997988173566,0,30.448803043212,0.0189510515712904,-4.91763905122417
"P33434",-0.341275313922525,0.838229790330824,0.99997988173566,0,30.0534270232473,-0.218115770343586,-4.90367875068375
"Q8QZR4",0.365657765612173,0.633125580325305,0.99997988173566,0,29.1194883255336,0.516764199058246,-4.84198290615075
"P06869",-0.465530664523586,0.900703865492693,0.99997988173566,0,31.4087791905977,-0.133056124718432,-4.91248096854759
"P28798",-0.429019422326641,0.750084585610483,0.99997988173566,0,27.9334149462828,-0.34175063889234,-4.88366555682928
"Q07235",3.23708607413762,0.156159157635091,0.99997988173566,1,26.2875536771239,1.75208225496317,-4.34162360952646
"P01887",-0.185861533307974,0.758850782277709,0.99997988173566,0,34.4628667282617,-0.329203111058847,-4.88607151561851
"P20060",0.865656638726762,0.609053990674409,0.99997988173566,0,28.1391577513817,0.555008140604566,-4.83100954774399
"Q00993",-0.219381389997491,0.763482287782565,0.99997988173566,0,29.8990823845836,-0.322599405436731,-4.88730459714967
"Q61810",-0.0274014677092657,0.962355326825291,0.99997988173566,0,26.0631194328915,-0.0502842113051741,-4.9169920118399
"O35188",0.32047261909892,0.586237666237089,0.99997988173566,0,30.1053923355763,0.592150444565857,-4.81977550018402
"Q07079",0.301023746174463,0.648935638643577,0.99997988173566,0,27.6776486266998,0.492124082703727,-4.84871915746354
"Q8BHN0",-1.19262506712624,0.264671222875391,0.99997988173566,0,25.7286171603522,-1.30049112504921,-4.53724837395676
"P13595",0.110778528956264,0.952842923425608,0.99997988173566,0,28.5889658744535,0.0630094725990302,-4.91656231068051
"Q9DAN8",0.501332714580705,0.633632522927105,0.99997988173566,0,32.1001634224911,0.515968459148938,-4.84220460541558
"Q3UHN9",-0.42803894905211,0.563758220034276,0.99997988173566,0,26.5962003109827,-0.629688484666635,-4.80787480765465
"P82198",0.575912931531187,0.728747900248041,0.99997988173566,0,28.9583690185201,0.372572570619486,-4.87740971759994
"P63037",1.15159166923477,0.128078907069854,0.99997988173566,0,25.754254468436,1.92480208993556,-4.27161319859072
"Q9CR51",0.643429268019471,0.4540474299582,0.99997988173566,0,25.4614088492563,0.830160703638193,-4.73631769225143
"P63001;P60764",-0.842396292137496,0.496989864006715,0.99997988173566,0,28.6642493301297,-0.747772832343935,-4.76720438684006
"Q8R1F1",0.206646386755795,0.783479751472391,0.99997988173566,0,27.5691770661865,0.294278266864775,-4.89233034467145
"Q8BVQ5",0.0766454186915742,0.917249741838303,0.99997988173566,0,26.9478694752624,0.110759323284435,-4.91409390766294
"Q9DB05",1.46976892586682,0.088968065453097,0.99997988173566,0,26.4807421240603,2.25102226818479,-4.15019791626564
"O70318",2.75885072318339,0.0351560280103214,0.99997988173566,0,26.5170187147986,3.16120117634815,-3.89032108300694
"O70492",0.2130459105724,0.711361813303865,0.99997988173566,0,28.1486613172652,0.39800734761622,-4.87188437231221
"Q9EQX4",2.87765213207583,0.0210363981385378,0.99997988173566,1,24.8826255818044,3.73196172795202,-3.77755403254619
"P54823",0.519615355935018,0.433062914935412,0.99997988173566,0,28.2558702206819,0.872690826086202,-4.71969575324799
"Q8K310",1.92679626648812,0.0298918207712498,0.99997988173566,0,27.0887184036781,3.33546215330129,-3.85240582313501
"P62264",1.99455864031557,0.352718646222033,0.99997988173566,0,25.3766023956365,1.05348185740194,-4.6450908810823
"P16110",1.46093501245337,0.120283246613941,0.99997988173566,0,25.7609634403036,1.98013158839902,-4.2499813016794
"Q8BY87",3.21147413184964,0.174222842275919,0.99997988173566,0,26.843394025871,1.65773238002154,-4.38128723989933
"Q8BFY9",-0.174496153583937,0.781991099720327,0.99997988173566,0,28.0435041441083,-0.296376266090318,-4.89197276385796
"Q8BG95",1.54135761837809,0.0578739167680533,0.99997988173566,0,24.2095843868106,2.65601529363146,-4.02070710368199
"Q99JI6;P62835",-1.80166594972822,0.0309360086401881,0.99997988173566,0,27.5344475120721,-3.29813442130524,-3.8602507940162
"Q9WUL7",-0.121667595243593,0.863585602266628,0.99997988173566,0,28.4409061372407,-0.183399643722142,-4.90777365055356
"Q9DBG9",0.256172378870933,0.755748614721882,0.99997988173566,0,27.5976006092314,0.333636058216719,-4.88523091370334
"P48036",1.4294670210364,0.125287646511901,0.99997988173566,0,26.5378902009542,1.94417891483007,-4.26399142195022
"P42225",-1.58170872496059,0.409451553598646,0.99997988173566,0,26.0068002669137,-0.922619699331141,-4.69967325768711
"Q8K354",0.673907178998935,0.440360431683677,0.99997988173566,0,27.9292494752714,0.857714642788425,-4.72559697331621
"Q9DCH4",3.38361332441783,0.145278355148223,0.99997988173566,1,26.1803513253696,1.81470323665105,-4.31582702911876
"Q9CQW1",-0.787489336772677,0.237590157294272,0.99997988173566,0,27.7037962919838,-1.39257493902486,-4.49655474492472
"Q9CX56",0.245408576320142,0.761201383418424,0.99997988173566,0,29.3851607578697,0.325849400050806,-4.88670060969444
"Q9QZQ8",0.00744327932297044,0.994092586115308,0.99997988173566,0,26.9611246046117,0.00788681240343578,-4.9177276600686
"O88685",0.861051917583249,0.203975623240355,0.99997988173566,0,26.9800344828367,1.52270411364142,-4.43944197104151
"Q9CQJ6",-0.538609321730165,0.515287105690699,0.99997988173566,0,27.4126325125516,-0.714318841947027,-4.77919009297659
"Q8VEB4",3.16504697980953,0.102429740808372,0.99997988173566,1,26.2083760465416,2.12330695367241,-4.19594509849326
"Q9CQE8",1.14150304992228,0.417681390473875,0.99997988173566,0,25.4349577022438,0.904950600088403,-4.70681761022021
"P48758",0.0149120276923766,0.984821625687801,0.99997988173566,0,28.4305054733657,0.02026567309282,-4.91762366790063
"Q8BP40",0.760644648120753,0.254936120705005,0.99997988173566,0,28.6920180741517,1.33247869915924,-4.52310671294736
"Q8VCT3",0.730693553189871,0.724911505120299,0.99997988173566,0,27.5148298124392,0.378159265537041,-4.87622390729446
"P63168",0.0956839948505625,0.941441139567986,0.99997988173566,0,26.0123550680657,0.0782793665254175,-4.91591972050877
"Q8BI84",1.31656675124736,0.389431138722397,0.99997988173566,1,23.8652300115101,0.966893093969366,-4.68151407025935
"Q9Z1B5",-1.62972189648998,0.0574472493602979,0.99997988173566,0,27.4421917169961,-2.66321224656543,-4.01861617309474
"Q9EQS3",0.0500968037362175,0.970204696184513,0.99997988173566,0,25.9276368768791,0.0397914815065446,-4.91727384483208
"Q9DCT5",0.731024062405018,0.312263208195076,0.99997988173566,0,26.743856934728,1.15882293971512,-4.59958201713244
"P47941",0.587682063605673,0.564687800159061,0.99997988173566,0,27.3046062704949,0.628116328819566,-4.80838385545867
"P11031",0.111764161598559,0.87582738552521,0.99997988173566,0,28.3603413512593,0.166739790860692,-4.9094938540715
"Q9DBP5",-0.206634721797818,0.728822362017131,0.99997988173566,0,29.8017383607128,-0.372464276726544,-4.8774325477058
"P54726",2.36963949662365,0.183683297699403,0.99997988173566,1,25.7797343450832,1.61235158803608,-4.40066893879178
"P52503",0.446394048179377,0.739065228177021,0.99997988173566,0,24.3718511881733,0.357617132696431,-4.88050608054312
"P47738",-0.128964688974628,0.851435856364916,0.99997988173566,0,28.1352295245012,-0.199997111658465,-4.90590152716514
"P28656",0.459993446747098,0.696474549310886,0.99997988173566,0,29.1665883763523,0.420035455522786,-4.86684019009265
"Q78ZA7",3.53016834259,0.120842715731863,0.99997988173566,0,26.9911282513546,1.97603160048738,-4.25157025978155
"Q8BQ47",0.360527071408572,0.569595314529705,0.99997988173566,0,27.1283021195933,0.619845611937538,-4.81104675100052
"P62814",-1.45492647488782,0.314287781424063,0.99997988173566,0,28.2091885909461,-1.15326049733648,-4.602009270079
"Q6NZJ6",1.05303775210731,0.222939899741439,0.99997988173566,0,27.6322512557604,1.44684068373648,-4.47264972941421
"Q9QXA5",1.2796677570514,0.358116927299555,0.99997988173566,0,26.2426784317052,1.04026418439697,-4.65071819572913
"P49442",-0.0570709866762573,0.930780849760788,0.99997988173566,0,28.335735618564,-0.0925768472906237,-4.91519279114816
"P62488",0.445624679391981,0.506894904708097,0.99997988173566,0,26.2372814434885,0.729550782495419,-4.77377552164834
"Q03958",-0.360120597065954,0.632451594443137,0.99997988173566,0,26.892468131613,-0.517822740123944,-4.8416875632073
"O35344",0.651924152548206,0.473800774755144,0.99997988173566,0,28.5852673461236,0.791540584957463,-4.75102546605326
"Q9D8S9",-1.00724667763368,0.400773807423179,0.99997988173566,0,24.9103403742817,-0.941577952484029,-4.69194075250273
"Q9WU28",1.20238558778647,0.250350541448229,0.99997988173566,0,26.0315454351388,1.34796326781321,-4.51626122969542
"Q9JI46",0.577259035046513,0.438138156776091,0.99997988173566,0,28.5171561788404,0.862253661053279,-4.72381379113904
"Q9CR68",1.31331277156573,0.289693244295535,0.99997988173566,0,28.0640618343331,1.22323478552768,-4.57133842827187
"Q9D6Y7",0.42726131699285,0.47775144093188,0.99997988173566,0,27.3236571341289,0.783968934643357,-4.75386281391347
"Q4VAA2",0.489833390430288,0.56261726003235,0.99997988173566,0,26.7275899230895,0.631620566202122,-4.80724797362384
"P61759",0.380939950944479,0.519835765769501,0.99997988173566,0,27.8374944702022,0.706139440651239,-4.78206743789763
"P60867",2.19041625871668,0.321614710139742,0.99997988173566,0,27.4893225867324,1.13340441616537,-4.61065499872061
"Q9WUP7",1.02244974516052,0.495792651586168,0.99997988173566,0,26.7913278931131,0.749993803356083,-4.76639666104389
"Q8BPG6",2.44155651416025,0.0632460312740373,0.99997988173566,0,26.6510705129762,2.57032334669347,-4.04615538788665
"P70665",0.840753344135162,0.28992947861684,0.99997988173566,0,26.9540287651247,1.22253636888466,-4.57164579128084
"P63276",1.24978522994276,0.236024824441352,0.99997988173566,0,26.3467244914809,1.39821073845682,-4.49406794697994
"P35585",1.15392494434761,0.196344847062848,0.99997988173566,0,27.9264306036506,1.55528675863644,-4.42528250095775
"P62082",0.274874307459404,0.788222220825384,0.99997988173566,0,27.0726743187234,0.287605104424493,-4.89345191928862
"Q8BJW6",0.435744234321823,0.72735300862363,0.99997988173566,0,27.2018604907327,0.37460222035859,-4.87698073624181
"P35564",-1.50562448419299,0.127847100027329,0.99997988173566,0,28.1667930552224,-1.92639365103988,-4.27098531354536
"P31230",0.148395362445652,0.905652283993278,0.99997988173566,0,27.6450625110101,0.126379718122701,-4.91299450918543
"Q9CXW4",-0.457543471640605,0.562678117611281,0.99997988173566,0,28.1292549270262,-0.631517443265585,-4.80728146491569
"Q9QZ23",1.44386879415734,0.114183761269439,0.99997988173566,0,27.3731976469487,2.02624034264191,-4.23226890241911
"Q9D0M5",-0.179771744231474,0.7996946804545,0.99997988173566,0,28.8327995739215,-0.271526263404868,-4.89605506721748
"Q91YP3",3.65589346762116,0.0351671404333577,0.99997988173566,1,25.3574848926499,3.16086673313523,-3.89039708087071
"Q9CR86",1.12652254639371,0.158136993175045,0.99997988173566,0,26.2712950273947,1.74120165956372,-4.34615061566552
"Q8VDQ1",-0.0571473297956095,0.947535786419011,0.99997988173566,0,28.4697046864736,-0.0701145188136836,-4.91628052707361
"P13707",1.62201207781498,0.0752404247316854,0.99997988173566,0,27.5879004721598,2.40593468267344,-4.09788241634722
"Q6P3D0",1.16874436066901,0.377614999614944,0.99997988173566,0,25.8286366983882,0.993950482322327,-4.67025104515268
"Q6P069",0.713524677242342,0.280001953358406,0.99997988173566,0,27.650396337046,1.2523657969541,-4.55850233020444
"Q9D1J3",-0.320707681805324,0.647794550069753,0.99997988173566,0,27.6270229224322,-0.493890516253105,-4.84824517052348
"Q6NSR8",0.428323362734121,0.613802019133396,0.99997988173566,0,28.726883249029,0.547391298771707,-4.83324410008496
"P23198",-0.467315464902433,0.63008368567849,0.99997988173566,0,27.8314743184917,-0.521547125357989,-4.84064457443603
"Q91WK1",0.490434524604708,0.452543334027832,0.99997988173566,0,25.5750606315364,0.833155696022576,-4.73516126139189
"Q6IRU5",-0.379935890315217,0.52285594364523,0.99997988173566,0,29.1302829163735,-0.700737501752194,-4.78395593434022
"Q505B7",-0.506186210967231,0.479727148242902,0.99997988173566,0,28.0689482108538,-0.780200627696365,-4.7552690665884
"P56375",0.42967357263538,0.629078513379109,0.99997988173566,0,26.8731388299438,0.523130687058619,-4.84019929696194
"Q920B9",1.73807088909116,0.253972353467864,0.99997988173566,0,28.895375914487,1.33571027915661,-4.52167798489348
"P55821",-0.826405153463573,0.22736707242759,0.99997988173566,0,28.6840901877257,-1.43007342805868,-4.48002546359488
"Q922V4",0.603847323585832,0.384824765666158,0.99997988173566,0,27.1211369057779,0.977355259184342,-4.67717301964462
"Q9CQR2",-1.12628745800784,0.363631915966599,0.99997988173566,0,28.180492684202,-1.02694284417951,-4.6563669765557
"P56395",0.922520892842764,0.402678497209537,0.99997988173566,0,28.8268239612783,0.93738716265383,-4.69365582130906
"P52760",0.120926958223328,0.84496479197328,0.99997988173566,0,28.3719025546345,0.208864738490704,-4.90483691642438
"Q9CYW4",0.264534272682576,0.788343229650294,0.99997988173566,0,25.8934107665849,0.287435039354599,-4.89348018788907
"P27048;P63163",0.750457759858975,0.234795002844284,0.99997988173566,0,29.0634393810966,1.40266480000311,-4.49210316152544
"Q8C0C7",0.361554806837801,0.724319377152654,0.99997988173566,0,25.1233941775572,0.379022813186798,-4.87603920840068
"P17897",1.44101658981264,0.128034474585774,0.99997988173566,2,22.1120131512123,1.92510691480879,-4.27149291690167
"P21619",-0.160591880922022,0.915937850191159,0.99997988173566,0,23.5100670749573,-0.112524501652587,-4.91397685404601
"Q3TC72",-0.0655820223304699,0.966487718234457,0.99997988173566,1,24.8617750302775,-0.044759418305275,-4.91714857849274
"Q3URD3",-0.637203172950605,0.763259494399619,0.99997988173566,2,23.5044076580581,-0.322916673083224,-4.88724588070966
"Q8R326",-0.391858555299619,0.730844909247374,0.99997988173566,0,23.2351673873412,-0.369524792663934,-4.87804996748035
"Q91YP2",0.0612491677281224,0.934884927261065,0.99997988173566,0,27.2056127815112,0.0870698898376445,-4.91548710472597
"Q9JL35",2.0186010408384,0.0828326091418585,0.99997988173566,0,26.4885676383939,2.31665172267825,-4.12760840899561
"Q9QXV0",-0.348432195810838,0.708797570245522,0.99997988173566,0,25.946541019347,-0.40178465800083,-4.87103632319261
"Q3SXD3",1.63589684031808,0.199123515072978,0.99997988173566,0,26.8711178188179,1.54327360877723,-4.43049481536185
"P97930",-2.60017531162893,0.199115502426275,0.99997988173566,1,25.2752511625924,-1.54330800132638,-4.43047987886919
"Q9CXT8",1.65892371972081,0.368415899894348,0.99997988173566,2,23.8008278360407,1.01553148716713,-4.66118680923825
"O88967",-0.458041077841642,0.846359824394524,0.99997988173566,1,23.8314888663455,-0.206951359275206,-4.90507040847764
"Q99JF5",0.98662078648736,0.680633076240288,0.99997988173566,1,23.4530097884787,0.443747797934093,-4.86114797615117
"O70325;Q91XR9",0.476740652476107,0.791616865564782,0.99997988173566,1,23.6713212792237,0.282838145994113,-4.89423835389922
"P17095",1.79329651757409,0.189926350344164,0.99997988173566,2,22.1503320277147,1.58372125215593,-4.41298651925668
"Q8R3B1",0.963806052218734,0.471699018582718,0.99997988173566,0,24.4465795160044,0.795588786756622,-4.7495020968867
"Q91Z31",0.980626891216739,0.758870293276987,0.99997988173566,2,24.3586076162398,0.329175255253909,-4.88607676520505
"P60898",1.31542330657892,0.241371791269052,0.99997988173566,0,24.0053036168242,1.3791108057094,-4.50249872568051
"Q99MD6",0.449623213348038,0.704254630527592,0.99997988173566,0,25.990529018156,0.408493781946741,-4.86951272481376
"Q9D868",-0.920578774855905,0.51044596961434,0.99997988173566,0,25.3977410993003,-0.723082888262968,-4.77608354554965
"O08756",0.0143080721112611,0.984945075800887,0.99997988173566,0,25.5182814591907,0.0201008185237986,-4.91762565352144
"P99028",1.45555312139361,0.452195028038256,0.99997988173566,0,23.1962413271812,0.83385038850268,-4.73489271073627
"P97450",0.251709555796954,0.901856403451543,0.99997988173566,0,23.8624365386912,0.131500471743467,-4.91260295796737
"O09010",-0.135245872425494,0.828224489022477,0.99997988173566,0,28.0048960004061,-0.231901979542685,-4.90186324502011
"Q61468",-0.320975126876129,0.914462252362862,0.99997988173566,0,28.9643708954166,-0.11451047492004,-4.91384296843095
"Q9QXC1",-0.0239576865209634,0.978733156382005,0.99997988173566,0,28.228344181801,-0.0283971502164278,-4.91750560673485
"P10148",-1.35740814921856,0.0868717952090097,0.99997988173566,0,30.0127672378608,-2.27285499219409,-4.14261364359659
"P47879",-0.0759378778353455,0.967614531895164,0.99997988173566,0,27.9983794070748,-0.0432532331494045,-4.91718810962644
"Q8BX35",0.286694549940235,0.636129007156568,0.99997988173566,0,25.7411379137292,0.512055349297556,-4.84329082605086
"Q99KR8",0.84322552080757,0.191671046001143,0.99997988173566,0,27.5567401749243,1.57589478335589,-4.4163649326053
"Q9R1Q9",0.224538834412118,0.728530369261904,0.99997988173566,0,30.29520295923,0.372888968383831,-4.87734298180015
"O70340",1.02788111188549,0.705448770197919,0.99997988173566,0,27.6339374081034,0.406728115140768,-4.86991583943847
"O35988",-0.089654014424627,0.905151756949776,0.99997988173566,0,32.5316168882751,-0.127054703025977,-4.91294377587706
"Q03401",0.369993522779893,0.901985293250305,0.99997988173566,0,28.026594150149,0.131326525884905,-4.91261651028023
"P04202",-1.48306937289425,0.0959752734943249,0.99997988173566,0,26.2353088627646,-2.1820346731567,-4.17461709801862
"Q91V88",2.85237600528537,0.0104844976190461,0.99997988173566,0,24.4251468023398,4.60719524456359,-3.65617574526703
"Q7TMR0",-0.903163317642406,0.312414815160118,0.99997988173566,0,29.0694524101893,-1.15840524303213,-4.59976436086982
"P70428",4.63699040945511,0.0725486188333803,0.99997988173566,1,26.574075798096,2.4400810645889,-4.08681897018623
"Q6GU68",-0.422399981881366,0.550627219311172,0.99997988173566,0,28.5662511673683,-0.652089715637926,-4.80052378125319
"P15535",0.596414081385862,0.448367151545592,0.99997988173566,0,28.4611478356898,0.841513500522701,-4.73192254619466
"P11214",0.715999780019875,0.750691752758908,0.99997988173566,0,28.233592566249,0.34087947696054,-4.88383525452908
"Q8VE43",0.698087752629518,0.304113938489954,0.99997988173566,0,28.4528305316278,1.18155887852426,-4.58963934319652
"Q62059",2.01776790113834,0.403124038767785,0.99997988173566,0,25.335152639835,0.936409293722835,-4.6940555466923
"Q91XA2",-0.661978250077188,0.292667389327856,0.99997988173566,0,27.932388819898,-1.21448110287169,-4.57518931180418
"Q9EPK6",0.183671823309499,0.754868675083098,0.99997988173566,0,27.8845108428282,0.334894931642486,-4.88499032173213
"Q80VJ3",0.346032462372792,0.637268600375594,0.99997988173566,0,26.9351945837615,0.51027216165228,-4.84378360007634
"Q9D6R2",1.54243573864097,0.438714037164305,0.99997988173566,1,24.7359052179533,0.861075622083665,-4.72427704489861
"Q9DCD6",-0.492787444761982,0.49375302393448,0.99997988173566,0,24.7743881799035,-0.75378693686906,-4.76501380261679
"Q78PG9",-0.243407034344558,0.738906836922839,0.99997988173566,0,26.5742088298964,-0.357845985016148,-4.88045956012423
"Q8R2G4",0.0238618099185284,0.984684633822493,0.99997988173566,0,26.3075588693991,0.0204486120491101,-4.9176214454806
"Q9QUI0;Q62159",-0.155789449997059,0.912924964500139,0.99997988173566,0,27.7870683986332,-0.116580076693611,-4.91370097821598
"P28658",0.52101460053649,0.605307865060116,0.99997988173566,0,27.5159699687838,0.561044255262845,-4.82922175147104
"Q9CQC6",3.11069446399012,0.233766997964617,0.99997988173566,1,26.9760706726093,1.40640586292863,-4.49045330787758
"Q6PGB6",0.779518181266713,0.339444429965312,0.99997988173566,0,26.3761661173846,1.08677335865693,-4.6308260314822
"O89112",1.30321438388616,0.132839445769928,0.99997988173566,0,26.1862811131872,1.89279353343489,-4.28431040523234
"P60766",-0.259816567551686,0.775151408608219,0.99997988173566,0,27.7030734896712,-0.306036443715522,-4.89029577862547
"Q8VE62",1.08905531038148,0.473916261950462,0.99997988173566,0,26.3994569395336,0.791318551386023,-4.75110889120233
"Q80UG5",1.02997370010517,0.457344817504959,0.99997988173566,0,25.533087497122,0.823622521019936,-4.73883450216733
"Q9JLT4",1.52441024730686,0.0693296612876192,0.99997988173566,0,26.1045889617154,2.48286672481182,-4.07319345557272
"Q9DBZ5",0.478669840984422,0.538080276518539,0.99997988173566,0,26.7586456821322,0.673846273868106,-4.79321384369331
"P23780",2.14841768141284,0.0626962208141974,0.99997988173566,0,27.0431022796262,2.57870052794358,-4.04362232854276
"Q9R0E1",0.78076552493813,0.363355054987774,0.99997988173566,0,27.0125409186325,1.02760730543876,-4.6560857767605
"O55057",2.84780155699115,0.0113386889678103,0.99997988173566,0,27.6625418071424,4.50215300358549,-3.66818134841762
"Q9D7X3",0.54561733490622,0.420163899137075,0.99997988173566,0,26.1636149098182,0.89967800891422,-4.70893740033891
"P63073",0.997737972127976,0.315280338104185,0.99997988173566,0,27.3393898982332,1.15054565518303,-4.60319312586782
"Q9JHJ0",0.69774717009207,0.40297268598015,0.99997988173566,0,25.4393819308949,0.936741377867632,-4.69391981982625
"Q9JHI5",-1.43160474095291,0.0860470085097985,0.99997988173566,0,27.5162131376352,-2.28160860484758,-4.1395922589817
"Q9R0N0",1.63596245645935,0.111920246906705,0.99997988173566,0,25.9126564286383,2.044046110719,-4.22550701274634
"Q9CYZ2",-0.817224493264547,0.494113924503409,0.99997988173566,0,25.4187350246758,-0.753114898290971,-4.76525911536056
"Q9WUM3",-0.344343707402784,0.704872164947193,0.99997988173566,0,26.4262210061319,-0.407580498351304,-4.86972142491004
"Q9WU84",0.653297900151183,0.419730642888114,0.99997988173566,0,26.0036926696337,0.900596325215612,-4.70856861059876
"Q99P72",0.173441390686424,0.804794456433543,0.99997988173566,0,27.1713958013171,0.264406809879155,-4.89716258950847
"Q9D6Y9",0.417431870094796,0.55133838141092,0.99997988173566,0,27.7429179358068,0.650867043114752,-4.8009296586794
"P97346",1.85011398708959,0.0465137203236777,0.99997988173566,0,26.613118339126,2.87221221969636,-3.96093931907724
"Q9QYJ0",1.86239784343813,0.15942547221208,0.99997988173566,0,25.2271585947568,1.73419106784546,-4.34907422698844
"Q9DBB8",1.19946112825764,0.177696405300241,0.99997988173566,0,25.6287495305689,1.64077674560946,-4.38850742562259
"P35279;P61294",-0.227385649756255,0.710784597828472,0.99997988173566,0,28.6118376692116,-0.398857027116622,-4.87169422403247
"Q9D0B6",-0.502201032294539,0.411904026467558,0.99997988173566,0,28.084151089331,-0.917323376836365,-4.70182124600556
"Q91VH6",3.94052607144644,0.0023034089394216,0.892801304919811,0,25.389753675006,7.05421460755056,-3.48889767374268
"P26638",0.473172680194469,0.500533062400694,0.99997988173566,0,28.3880787093094,0.741223386052782,-4.76957774885568
"Q64105",0.223542697793319,0.733193086978425,0.99997988173566,0,26.4068698573789,0.366116900686988,-4.87876027941313
"D3Z4S3",-0.565554465180688,0.400950698700812,0.99997988173566,0,25.9837918287438,-0.941188034733922,-4.69210046082126
"P24452",-0.0960201536573725,0.930341695087163,0.99997988173566,0,30.2360694324744,-0.0931663210618006,-4.91516022518924
"Q9EPQ7",0.459095393374716,0.586393101598635,0.99997988173566,0,26.8350784948599,0.591894260723216,-4.81985486396938
"O88587",0.406863198898851,0.519362975973873,0.99997988173566,0,26.6969654870779,0.70698715764493,-4.78177022375795
"Q9JMG1",0.720782669798381,0.456856834487369,0.99997988173566,0,25.1174691388902,0.824587734988417,-4.73846362349615
"Q99K41",0.435286619708502,0.73371847800411,0.99997988173566,0,28.0480030504883,0.36535511241584,-4.87891825162283
"P42208",0.525665395925528,0.544280588831283,0.99997988173566,0,27.6113600366465,0.663050583121861,-4.7968616639417
"Q91WK2",1.39167451957303,0.355849245379514,0.99997988173566,0,25.6178850028707,1.04579476478598,-4.64836625308819
"Q99JT9",-1.56313259371009,0.198339978672257,0.99997988173566,0,27.3137829853837,-1.54664353191085,-4.42903165753806
"Q9CQM5",-1.94233726554818,0.0788773799619829,0.99997988173566,0,28.7941036042267,-2.36194683577219,-4.11238317637643
"Q9R059",0.511360229406603,0.449442043238007,0.99997988173566,0,28.3814875424734,0.839356354941592,-4.73276007837196
"Q8BH58",-0.404117467699572,0.699187480549863,0.99997988173566,0,27.7852749074685,-0.416003298776204,-4.86778122458628
"Q62048",2.17488916805172,0.0808218811133518,0.99997988173566,0,25.5210034094859,2.33936435991196,-4.11993664539159
"Q78JW9",-0.0955343327186545,0.902434482462832,0.99997988173566,0,26.9393157481152,-0.130720352182568,-4.91266359962632
"Q9D7M8",3.2652777351501,0.0955764238076587,0.99997988173566,1,24.1436867570624,2.18580760434016,-4.17326382763149
"P61600",0.361034834722074,0.77298379962481,0.99997988173566,0,26.1526118250823,0.309105181147612,-4.88975259590062
"Q8R081",0.601131255802225,0.346499632795244,0.99997988173566,0,27.1070640097654,1.06893574599162,-4.63848472103123
"Q9CQR6",0.594218105735557,0.404201520040807,0.99997988173566,0,28.0863107523882,0.934048239680938,-4.69501994892495
"P46656",0.0713107742953776,0.933373858921949,0.99997988173566,0,25.8876889940019,0.089097084633603,-4.91538084894704
"O08547",-0.738051687129547,0.318070735580589,0.99997988173566,0,25.0182997151624,-1.14295567758635,-4.60649997276163
"Q91VW3",-0.683630694868857,0.27492814739157,0.99997988173566,0,29.6788794519496,-1.26800511023823,-4.55160048143639
"P16254",1.20191414075075,0.183398501834659,0.99997988173566,0,26.1057720248462,1.61368170665356,-4.40009831100078
"Q8BGC4",2.33997993897214,0.022909330280289,0.99997988173566,0,26.2979682129336,3.63317575419727,-3.79483478430609
"P62313",-1.22103266367005,0.203669003182439,0.99997988173566,0,26.1598596199878,-1.52398901755532,-4.43888227924067
"Q9CPT4",0.3066278511878,0.766696151016688,0.99997988173566,0,29.9048822871856,0.318027115741061,-4.88814487848386
"Q9Z0P5",1.66787638791676,0.26492031764702,0.99997988173566,0,25.4966929301858,1.29968781035174,-4.53760344708406
"P62077",1.61171416558389,0.0811208100275558,0.99997988173566,0,25.0792922074385,2.33594746314073,-4.12108599556724
"Q8QZY1",0.533695312805214,0.512578867071369,0.99997988173566,0,28.0436626314255,0.71921409521633,-4.77745787393135
"P49962",0.405809422615425,0.600723414361274,0.99997988173566,0,26.0441641996098,0.568463647762459,-4.82700388072661
"Q9R0Q6",1.40567807759192,0.361648095007813,0.99997988173566,0,26.2761962371756,1.03171392305747,-4.6543465419354
"Q99J09",0.386570423603291,0.58065402768977,0.99997988173566,0,28.3883405238168,0.601383175540469,-4.81689824993367
"Q91VA6",1.60275627636047,0.250726867858883,0.99997988173566,1,24.7162891369902,1.346682014793,-4.51682759454186
"O54754",0.634975693821348,0.62643917314882,0.99997988173566,0,27.4681171862789,0.527296090809514,-4.83902289759553
"O35955",-1.12292871529171,0.338289938926945,0.99997988173566,0,28.1494866414007,-1.08972418608711,-4.62955579842938
"O88456",0.161180646126748,0.853926339029166,0.99997988173566,0,27.5569331259733,0.196589524671955,-4.90629872682458
"P62878",-0.140146971281143,0.826043694465445,0.99997988173566,0,28.0005173818359,-0.234914024082691,-4.90145238487748
"Q61838",2.44879327086761,0.237996631448827,0.99997988173566,0,27.3977411142642,1.39111753159332,-4.49719795095117
"P61290",-0.58022917522061,0.428982428932952,0.99997988173566,0,27.7556076823172,-0.881155315133856,-4.71633826379453
"Q8C8T8",0.0614500060254694,0.923703600445296,0.99997988173566,0,26.9650862429259,0.102081670817241,-4.91464267146704
"P04117",-0.779167662146244,0.545450075596333,0.99997988173566,0,25.9074243789919,-0.66102410261642,-4.79754190326389
"Q8R0F8",1.94352043304627,0.191002627329344,0.99997988173566,0,26.3189824845548,1.5788844582534,-4.41507384286537
"P61957",0.7595574043184,0.372605524570568,0.99997988173566,0,30.2295961714245,1.00564470304913,-4.6653478535506
"Q9D1D4",-0.385196979092417,0.761065196056139,0.99997988173566,0,26.7511779515399,-0.326043582228101,-4.88666434612256
"P08207",-0.511576120966058,0.425192458233212,0.99997988173566,0,27.0524595754715,-0.88907684421222,-4.71318205718393
"O88545",0.950733504714158,0.167921451614191,0.99997988173566,0,28.2548947467649,1.68941926834442,-4.36786645120592
"Q9D6H2",0.549001856409051,0.572487163960661,0.99997988173566,0,26.4422746950879,0.614994563585137,-4.81259674539492
"Q6ZWM4",-0.93752629124813,0.408985112219726,0.99997988173566,0,26.9290512231063,-0.923630043526036,-4.69926288305203
"Q9Z1D1",0.0481444786140298,0.937951661695786,0.99997988173566,0,26.1746893788579,0.0829570362074957,-4.9156952098072
"Q91ZW2",2.68402422542267,0.25620982869413,0.99997988173566,1,25.9068465568612,1.32822622023757,-4.52498683540504
"Q9Z2V5",0.384198104742353,0.583496989135174,0.99997988173566,0,26.5266305244352,0.596674930906732,-4.81836963670709
"Q91X96",1.40550735304934,0.205434409983448,0.99997988173566,0,25.445006618296,1.51661800542878,-4.44209440796867
"Q9D898",-0.278196053260807,0.771309749045972,0.99997988173566,0,27.2831378917672,-0.311477617651075,-4.88932921904845
"Q9CQP3",-0.142190234499241,0.853441952688649,0.99997988173566,0,25.5950075039285,-0.197252059447913,-4.90622201797222
"Q9D7I5",-0.590024930829072,0.525370761591162,0.99997988173566,0,27.5474747988664,-0.69625680221745,-4.78551516955571
"O70133",-0.0914796116842292,0.907134427022522,0.99997988173566,0,25.862725329506,-0.12438139725248,-4.91314314229408
"Q8JZM7",-0.58925670666013,0.481752760059461,0.99997988173566,0,26.004575507177,-0.776349592827906,-4.75670212521422
"Q9EPB4",0.0472302032119244,0.970388197926131,0.99997988173566,0,26.650212358006,0.0395462549427705,-4.91727964745756
"Q9D1L0",0.549472348011401,0.511801251066299,0.99997988173566,0,29.2256702559508,0.720623202637718,-4.77695785306423
"Q9WVA2",-0.0225913797498278,0.97229033668773,0.99997988173566,0,25.5695946901042,-0.0370044626002387,-4.91733768174267
"Q9JMG7",2.38492006230818,0.246441180563268,0.99997988173566,0,24.8449465472522,1.3613867920869,-4.51032845495707
"P62858",-1.60893859779107,0.112979441323378,0.99997988173566,0,27.6364665332619,-2.03566500690695,-4.22868434252693
"P84104",-0.0356343404220706,0.972886339686411,0.99997988173566,0,25.2641292229294,-0.036208097668178,-4.91735507233581
"Q6PDG5",0.505883710903271,0.54441228673935,0.99997988173566,0,27.1030250173274,0.662822224209685,-4.79693838994443
"P01942",0.445839052891498,0.588117750840697,0.99997988173566,0,27.3892812792872,0.589054742114446,-4.82073280659016
"Q9D8X1",-0.445636974396515,0.553507791435828,0.99997988173566,0,26.3820796864566,-0.647144051327513,-4.8021622629272
"P62320",0.741814524696945,0.281641242142366,0.99997988173566,0,28.8475525235129,1.24737110853771,-4.56070516155779
"P01193",0.397405230621409,0.628123598213507,0.99997988173566,0,28.2871701291094,0.524636499988864,-4.83977488165999
"Q62093",0.00158808711974361,0.997876969587215,0.99997988173566,0,27.1922153562767,0.00283436257626718,-4.9177438252893
"P62309",-1.43565332250308,0.271056506560535,0.99997988173566,0,25.3883669493355,-1.28012730744336,-4.54624697764912
"P01902",0.373364559283052,0.554313060738114,0.99997988173566,0,24.7554667905515,0.645764690852722,-4.80261768303237
"P11352",-0.321061412607863,0.693647941108603,0.99997988173566,0,25.0604306477837,-0.424245312525847,-4.86584928547299
"P30999",-0.203623640929937,0.747365004567574,0.99997988173566,0,25.0586021250008,-0.345656582068511,-4.88289985227423
"P49443",-2.856413860335,0.00912119933394434,0.99997988173566,0,25.2317157476907,-4.79852329347485,-3.63577281412728
"P61967",-1.589649449028,0.263234649334247,0.99997988173566,0,24.9924797579022,-1.30513840143278,-4.53519411910821
"Q03173",1.31675218124599,0.345151633779382,0.99997988173566,0,23.4028883608805,1.0723183443902,-4.63703506521207
"Q3TIV5",-3.47985929615709,0.109040371949867,0.99997988173566,0,25.8414227940514,-2.0672847097106,-4.21674822445967
"Q571I9",-1.08584254949374,0.389851794270504,0.99997988173566,1,24.2724502395608,-0.965943019038117,-4.68190738271643
"Q61545",-0.375997294469759,0.745190908185111,0.99997988173566,0,24.5066222146308,-0.348783707633744,-4.88228112230721
"Q64345",-0.205993952255788,0.911645546987408,0.99997988173566,1,24.3627248935988,-0.118302991745889,-4.91358085398894
"Q6P8X1",-0.651126787996872,0.434349145388086,0.99997988173566,1,23.839943190349,-0.870036276336558,-4.7207454382261
"Q99K70;Q7TT45",0.933709553333383,0.549108021688636,0.99997988173566,0,26.4472322730837,0.654705317048472,-4.7996537289353
"Q8BH69",-1.51737244506524,0.0841974704771153,0.99997988173566,0,27.3632953526453,-2.30158747084551,-4.13273811372689
"Q8K2C9",0.128103011846272,0.942282825453587,0.99997988173566,1,23.8997707621069,0.0771514067817437,-4.91597191846028
"Q99PL5",-0.593652469158333,0.520116327562536,0.99997988173566,0,25.2067557848152,-0.705636657511925,-4.78224360704581
"Q9CR81",0.141592241307795,0.920419283702005,0.99997988173566,2,23.0169561149416,0.106496404647425,-4.91436903171562
"Q9CY52",0.285803783622083,0.687682253159293,0.99997988173566,0,24.1544228640883,0.433160243072825,-4.86372275928827
"Q9CZL5",-1.63370174463332,0.519625776742034,0.99997988173566,0,25.0057394471995,-0.706515883367751,-4.78193548360387
"Q9D7G0",0.459781084958368,0.703037299782745,0.99997988173566,2,23.5529200717047,0.410295319019268,-4.86909984718808
"Q9DAU1",-0.875010036758488,0.459426783553571,0.99997988173566,0,25.5458320453711,-0.819513653156492,-4.74041069108642
"Q9DB16",0.152315526427514,0.948132341856034,0.99997988173566,2,23.2159017317103,0.0693156540164553,-4.91631370521657
"Q9ER00",0.529573886193802,0.635316978945838,0.99997988173566,0,24.1928488887754,0.513327146484943,-4.84293852484888
"Q9R0D8",-0.592281341328585,0.853002625720191,0.99997988173566,2,24.2494852606902,-0.1978530559132,-4.9061522175531
"Q8BJD1",-1.41387171150843,0.545550716151618,0.99997988173566,1,24.1635558831165,-0.660849856472907,-4.79760032646449
"P97300",0.469024460020611,0.699137157514117,0.99997988173566,0,25.462150405921,0.416078018362802,-4.86776385811487
"Q61592",3.6918202845473,0.0490294234506218,0.99997988173566,1,25.2069263178436,2.81938610202004,-3.97497148509167
"Q8BPA8",1.00015087883902,0.501281335306151,0.99997988173566,2,23.5656757038537,0.739844709571313,-4.77007570999127
"Q64520",-1.01263033488097,0.303449343205956,0.99997988173566,0,26.2163558892203,-1.18343815520262,-4.58881607477829
"Q8R1G2",0.273926297079744,0.900628283955037,0.99997988173566,2,22.798705153387,0.133158155883751,-4.9124729181357
"P15105",-0.195359294789255,0.828708586361983,0.99997988173566,0,26.3975075125521,-0.231233713954228,-4.90195371147556
"Q9ET26",1.83902944372357,0.171511535494476,0.99997988173566,0,23.2563397782592,1.67121588122637,-4.37556462023818
"Q9CPT3",0.77749861007138,0.434562102566282,0.99997988173566,0,25.2588678543317,0.869597392793469,-4.72091883395826
"Q8BU85",2.76655786360369,0.175855979100903,0.99997988173566,1,24.175510086142,1.64971671761227,-4.3846972613725
"Q9D6L8",-0.683190473159528,0.743589414605058,0.99997988173566,1,24.0317749026766,-0.35108988325543,-4.88182158474506
"Q61845",1.00277845520955,0.487275770888251,0.99997988173566,0,24.9173462766013,0.765912467104897,-4.7605650815062
"Q9CQE6",3.06775521297666,0.0195017501086666,0.99997988173566,1,23.7649117151583,3.82113016347882,-3.76267087132779
"Q99MR6",-2.54961944770121,0.158615816436077,0.99997988173566,0,24.8596061735466,-1.73858931682782,-4.34723941919931
"Q9D385",-1.19634253199485,0.49656428128671,0.99997988173566,1,23.361607466959,-0.748561874208438,-4.76691759433752
"Q8R5M8",-0.269750310779061,0.798751618642501,0.99997988173566,0,26.6927210458263,-0.27284465550651,-4.89584692631407
"Q9QZH3",-0.108340059353449,0.950332406114006,0.99997988173566,0,24.5527705507983,-0.0663699581649419,-4.91643277097383
"Q9ERR7",0.426957875016601,0.748035819770992,0.99997988173566,0,24.163131037497,0.344692542956628,-4.88308957447493
"Q3V4B5",0.393812649823629,0.545191743491702,0.99997988173566,1,21.8932529846073,0.661471475140705,-4.79739185461677
"Q8BYA0",0.208543525922547,0.810893977318289,0.99997988173566,1,23.2973096499884,0.255913293027644,-4.89844740047587
"Q9R0P4",0.128528290794931,0.95001522113122,0.99997988173566,2,23.3744996418005,0.06679459613784,-4.9164159247868
"Q3B7Z2",0.899757326693875,0.36442135619315,0.99997988173566,1,24.0924418664948,1.02505066014007,-4.65716742057778
"Q5SW19",-0.455173520115477,0.784480856756184,0.99997988173566,1,23.7262470439941,-0.292868275496818,-4.89256932922703
"P07742",0.856487281611809,0.642575995921521,0.99997988173566,2,22.7922592292843,0.501992346149643,-4.8460534288981
"Q60876",-0.531343334062884,0.577038163113544,0.99997988173566,0,24.5244336543721,-0.607393662010866,-4.81500750534016
"Q921H9",0.370659870947618,0.823869021391458,0.99997988173566,2,23.6399147370936,0.237920243185922,-4.90103725856338
"Q9JJ94",-0.344445767980738,0.792450242933636,0.99997988173566,0,24.6619613000412,-0.281669081515065,-4.89442933814215
"P61164;Q8R5C5",-0.986950379943118,0.179454770828496,0.99997988173566,0,26.7877813249191,-1.63232556741703,-4.39211585644908
"P60487",0.677901243450002,0.526475122871039,0.99997988173566,0,24.6477944009679,0.694294068496219,-4.78619610841668
"P62073",-0.124883334222581,0.933629764434984,0.99997988173566,0,23.9399056112492,-0.08875373904532,-4.91539901643796
"Q9DCB8",1.40353656787824,0.356456887707807,0.99997988173566,0,23.6060367684078,1.04430972693957,-4.64899816256968
"Q6PAV2",0.778630261431403,0.71349301407991,0.99997988173566,2,23.1728350923738,0.394873146798921,-4.87258267865003
"Q91WM2",-2.68188661916437,0.165534193469046,0.99997988173566,0,27.432898871181,-1.70175273559151,-4.36266922102769
"Q80Y81",1.66707803204795,0.339854035860997,0.99997988173566,1,24.3312802659129,1.08572861464811,-4.63127554191596
"Q9DAS9",-1.26943638097027,0.181202928034745,0.99997988173566,0,25.8008334635647,-1.62400891883462,-4.39567297465965
"Q61133",0.0458101893538263,0.944521381098418,0.99997988173566,0,27.4448632790009,0.0741520682950779,-4.91610704801392
"P03958",-0.317248099003502,0.736714173557304,0.99997988173566,0,25.4352518528768,-0.361016413442454,-4.87981232238837
"Q3THW5;P0C0S6",-1.37454957561448,0.563943729720447,0.99997988173566,2,22.9999347589372,-0.629374599104189,-4.80797651332724
"Q9DD18",-1.4414132183501,0.432312683871699,0.99997988173566,1,25.3636480479074,-0.874242157533224,-4.71908158779803
"Q3TMH2",2.72210065604963,0.106660677079441,0.99997988173566,1,24.8142639696931,2.08700616539924,-4.20937437663225
"Q9Z0H6",1.50725396450898,0.193720532728934,0.99997988173566,0,25.1531844496944,1.56679478612815,-4.42029888509169
"P09056",-1.4991255748924,0.411752772036721,0.99997988173566,0,29.5850124165225,-0.917649254321349,-4.70168924022806
"Q99KG5",0.160421541526417,0.919728379511867,0.99997988173566,0,27.6823799404833,0.107425435898542,-4.91430998482206
"O09114",-0.880973789250014,0.466447277828479,0.99997988173566,0,27.3776435793077,-0.80576632454566,-4.74565291055872
"P49935",-1.15388749245245,0.617128051215443,0.99997988173566,0,27.851986763612,-0.542077637510078,-4.83478868651344
"P47931",0.747962657347287,0.779979587840163,0.99997988173566,0,28.0162698244677,0.299213695670589,-4.89148538711569
"O88593",0.265466437545225,0.931264489171189,0.99997988173566,0,29.3223775273936,0.0919277086255073,-4.91522841578532
"P04186",0.116199205273552,0.978166032162645,0.99997988173566,0,29.2570689431356,0.0291546846169161,-4.91749260010652
"O54775",0.556198846268115,0.52785700358466,0.99997988173566,0,26.6994307504363,0.691842314060304,-4.78704492272841
"Q00731",0.0874307084288096,0.885095405243477,0.99997988173566,0,28.2645826186607,0.154165496991035,-4.91068607603261
"Q8R2G6",1.18908038368764,0.667333903052598,0.99997988173566,0,27.2809278922527,0.463886985204989,-4.85610473072853
"Q8BSU2",-0.452114038103329,0.764721771619087,0.99997988173566,0,28.136744962295,-0.320835049111489,-4.88763015508687
"Q9JHE3",0.908550766840408,0.35819188361351,0.99997988173566,0,25.1911116328719,1.04008190949633,-4.65079564394663
"Q8CD91",0.137440430998638,0.885163986966153,0.99997988173566,0,28.3027612220205,0.154072565703279,-4.91069454609195
"P97873",0.2577131252457,0.881428193788007,0.99997988173566,0,27.0703958641502,0.159137177975614,-4.91022563691344
"O35657",1.29888559333636,0.0934751249658502,0.99997988173566,0,26.6396913453243,2.20598069300212,-4.16606302248779
"P19788",0.562756964926096,0.469362625248902,0.99997988173566,0,25.0355552496377,0.800105525745853,-4.74779723434436
"Q9WTZ2",1.20163879389586,0.231897464745103,0.99997988173566,0,25.6849856855779,1.41325174903083,-4.48743522369358
"Q8BK62",2.64167886117143,0.406828300789129,0.99997988173566,0,26.0964280888981,0.928314535163207,-4.6973576124898
"Q64685",0.629431307893372,0.700896919072996,0.99997988173566,0,27.3348490665908,0.413466780350422,-4.86836915605719
"Q8BM72",-0.298917952511342,0.63145591867698,0.99997988173566,0,29.3476011994027,-0.519387766030688,-4.84125001794574
"P26618",0.527941054023372,0.48859265441134,0.99997988173566,0,26.3142779177391,0.76343730828514,-4.76147663812977
"P97401",4.40696034091485,0.0083297379773555,0.99997988173566,1,24.74091901558,4.92640579046404,-3.6231102630806
"P45700",0.399112035302403,0.830117328172999,0.99997988173566,0,28.6690896729157,0.229289761409277,-4.90221545041351
"O54990",0.190557228012295,0.961276698680465,0.99997988173566,0,27.7199383980355,0.0517265895622924,-4.91694814576465
"A2AX52",-0.778752497410693,0.610416348400724,0.99997988173566,0,25.8357032719415,-0.552818813806359,-4.83165428824919
"Q9Z1G3",1.41203682577836,0.0789156176501665,0.99997988173566,0,24.627974094136,2.36149669339618,-4.1125330181358
"Q6PHU5",1.75603859695211,0.0353159488255038,0.99997988173566,0,26.2440619050922,3.15640015029442,-3.89141327341037
"Q9Z0Z4",-1.44415315810252,0.0838600065884303,0.99997988173566,0,26.3609772345284,-2.30528628327587,-4.13147553096423
"Q05909",0.503061087166975,0.488902678464161,0.99997988173566,0,25.9289406347367,0.76285534305248,-4.76169071025766
"Q9CXU9;P48024",0.0804581743240599,0.933257443432372,0.99997988173566,0,25.5227827188042,0.0892532823562132,-4.91537256096499
"Q99KN2",2.08534359709878,0.0728287747469687,0.99997988173566,0,25.3029641796316,2.43646032903296,-4.08798411432274
"Q9DB34",1.76434459815849,0.10352620534935,0.99997988173566,0,24.7725652602188,2.11374150287091,-4.19946564757465
"P09055",0.835588083522835,0.730058835724371,0.99997988173566,0,25.5607810641299,0.370666776809131,-4.87781062168697
"O55091",0.81157602983683,0.269608110461156,0.99997988173566,0,26.0351302790224,1.28470537036774,-4.54422447635889
"P85094",2.40698215366423,0.0211569153083575,0.99997988173566,0,25.5846808567897,3.72529229657626,-3.77869405726079
"Q9EPV8",2.28697195260364,0.0309048421405467,0.99997988173566,1,23.4645891622161,3.29922677232583,-3.86001912496024
"P17439",-1.10024521694991,0.147290952574523,0.99997988173566,0,26.6790338973063,-1.80274911074733,-4.32071670968
"P61750",0.977649663315862,0.243879266961115,0.99997988173566,0,24.8055395486566,1.37029830956728,-4.5063910867484
"P51150",-0.385232286280852,0.556309849871172,0.99997988173566,0,27.6548156233814,-0.642350350853788,-4.80374204993418
"Q8BH95",3.24093127785468,0.0741667525885366,0.99997988173566,1,25.1894522836866,2.41938487028299,-4.09350444633266
"Q6ZWZ2",-0.139194037934633,0.905157157127684,0.99997988173566,0,26.884305416143,-0.127047420239635,-4.912944324691
"Q6ZWU9;Q6ZWY3",-0.301469040793658,0.784877523149027,0.99997988173566,0,24.5419640052779,-0.292309794771448,-4.8926636916187
"Q9ES30",-0.32230539882356,0.606790581101048,0.99997988173566,0,26.6443899278526,-0.558652333203542,-4.82993198561784
"Q9QYG0",-0.135672735600738,0.891109627543077,0.99997988173566,0,26.1325666833439,-0.146022155386238,-4.91140924023147
"Q9WTL7",0.718338852946599,0.365110634887769,0.99997988173566,0,26.7063242109183,1.02340151547502,-4.65786465475553
"P62748;P84075",-0.594760470875052,0.375529226324249,0.99997988173566,0,25.2233659748421,-0.998802954217662,-4.6682189746423
"P59325",2.0457329873471,0.174750385225059,0.99997988173566,1,24.7368278152371,1.65513452789355,-4.38239176811773
"O35343",-0.258987738293033,0.693453362501179,0.99997988173566,0,26.5378613032529,-0.424535442791714,-4.86578068032435
"Q3TYX3",3.97006354051302,0.108488697141881,0.99997988173566,1,25.3685295795674,2.07181387102469,-4.21504994004308
"P02798",0.261343387156288,0.715826028827348,0.99997988173566,0,27.2928392333084,0.391447512199404,-4.87334034113962
"Q7TMB8;Q5SQX6",2.71301738037008,0.035039798242991,0.99997988173566,1,24.5013568317898,3.16470677611781,-3.88952524586436
"O70310",-0.240597619152841,0.801173450034044,0.99997988173566,0,25.5479510277903,-0.269460125629536,-4.89637934431489
"P35278",-1.39950203103013,0.0752285079582761,0.99997988173566,0,27.4381783638877,-2.4060827641536,-4.09783407412837
"P54071",0.77339450875136,0.695149635459241,0.99997988173566,2,24.1120480054286,0.42200762018392,-4.86637705331786
"P84091",4.00990088341977,0.0579733180036031,0.99997988173566,1,25.0994179960361,2.65434742680415,-4.02119268712763
"P28667",1.65153767907051,0.165575807711463,0.99997988173566,0,26.428014986678,1.70153613371514,-4.36276036367564
"P70677",1.0341917334753,0.138312531732534,0.99997988173566,0,26.4774987103569,1.85749951885068,-4.29846181364526
"Q9Z172",0.0791320498080025,0.911514302293348,0.99997988173566,0,27.0355586633571,0.118479755863023,-4.91356843112972
"P11438",1.00734632544989,0.219806632229895,0.99997988173566,0,30.0108555825876,1.4589117609268,-4.46734682168828
"Q6P1F6",-0.14537148848705,0.80998731545642,0.99997988173566,0,26.8193365721121,-0.25717435081653,-4.89825915614849
"Q9Z130",1.84148075972733,0.188396269185543,0.99997988173566,0,25.7269593741675,1.59064662482532,-4.41000101999948
"P62192",0.437701145193955,0.460218530060107,0.99997988173566,0,27.0721104856486,0.817954986128963,-4.74100748878006
"P35980",1.51689851740322,0.118462451391404,0.99997988173566,0,24.6070234980828,1.99362145301028,-4.24476929591112
"P62254",1.14651041262292,0.295772306737348,0.99997988173566,0,25.7773328754851,1.20543216871987,-4.57916649016871
"Q8BWR2",-0.170878524572089,0.869556919698135,0.99997988173566,0,26.086964792338,-0.175265709242906,-4.90863348101433
"Q9EST4",0.570222703549137,0.538503782055436,0.99997988173566,0,25.0830945212613,0.673106081192834,-4.79346523185006
"P61924",-0.736643943170351,0.319014176607629,0.99997988173566,0,27.0105324652292,-1.14040345252001,-4.60761095576362
"Q62376",-0.139972125830553,0.901311319065243,0.99997988173566,0,24.8843284754747,-0.132236156568238,-4.91254544425365
"O55060",0.214575204331849,0.736542568816494,0.99997988173566,0,25.5660152795514,0.361264726801312,-4.87976141225252
"Q9D0T1",-0.175176569598287,0.763473188169585,0.99997988173566,0,24.7983168026859,-0.322612362910703,-4.88730220016238
"Q9CWW6",2.08757474387838,0.166464476767197,0.99997988173566,0,24.9781879212897,1.69692431542484,-4.36470206673306
"Q9CQ89",0.755532435736165,0.585273375446113,0.99997988173566,0,25.1383758740065,0.593740761327492,-4.81928225955587
"Q9CQT1",1.36439093557507,0.252452802331285,0.99997988173566,0,25.4423865566627,1.34083001034764,-4.51941456494049
"Q8BY71",1.38067749683781,0.414549943147915,0.99997988173566,1,25.0238970262491,0.911638954309592,-4.70412051537063
"P60229",1.38514276409085,0.300765123533707,0.99997988173566,0,27.2169995140622,1.19106792851458,-4.5854715623057
"Q8BL97",-0.00380375925456036,0.99564134233417,0.99997988173566,0,25.1241451028267,-0.00581907958240033,-4.91773611746697
"Q9WV85",1.45645946323497,0.084814144862515,0.99997988173566,1,23.6336163436819,2.29487144594472,-4.13503570250307
"Q9D142",1.59678388829893,0.22861611613118,0.99997988173566,0,25.1020356127766,1.42540227047874,-4.48208210606561
"Q62084",0.52292776800246,0.569482921080291,0.99997988173566,0,25.3182750192162,0.620034487175735,-4.81098622362812
"O54988",1.81090725196093,0.326098859478436,0.99997988173566,1,24.4314503857888,1.12145767401936,-4.61584160145949
"Q9JHS3",-0.386159861171809,0.732962726252985,0.99997988173566,0,24.1828105432809,-0.366450992459448,-4.87869090545772
"Q9WU63",3.11685673045258,0.156556144123641,0.99997988173566,1,24.8304067527169,1.74988659036696,-4.34253610610735
"P62500",-1.15759149740078,0.145577769363449,0.99997988173566,0,26.3434227983376,-1.81291358683421,-4.31655799200713
"Q99K48",-0.947211126298993,0.190527817301964,0.99997988173566,0,24.5977512162894,-1.58101476370957,-4.41415428623416
"P62743",-0.540612064637462,0.391781451030201,0.99997988173566,0,26.6570428132259,-0.961596061437202,-4.68370499176501
"Q9D1K7",-0.201833084071066,0.805237232514628,0.99997988173566,0,26.5530259090109,-0.263789465298276,-4.89725731415899
"P34884",0.983673046970677,0.31310073740111,0.99997988173566,0,30.969630404637,1.15651779652786,-4.60058816558713
"Q8K157",0.230013863115141,0.727697115209558,0.99997988173566,0,27.341046547826,0.374101351511192,-4.87708679226606
"P25444",2.57464719627921,0.100933397544014,0.99997988173566,1,25.0603449569939,2.13654657972542,-4.19109378116521
"O35658",-0.50093221785976,0.521658228165215,0.99997988173566,0,28.5896368777258,-0.702877019039071,-4.78320909776811
"Q9CQ62",1.11669561003041,0.186425084641471,0.99997988173566,0,26.1544965802383,1.59965513231333,-4.40612315914285
"Q60865",1.57595623797973,0.225193013697169,0.99997988173566,0,26.7073942892473,1.43826584832407,-4.47642036181272
"Q99KP6",-1.09344868385122,0.195864448542726,0.99997988173566,0,28.1945039967719,-1.55738145579513,-4.42437467474723
"P62852",1.60228958721022,0.526205200623504,0.99997988173566,0,26.1739410111889,0.694773513444528,-4.78602988961703
"P11103",1.43105700147717,0.126220640046531,0.99997988173566,0,26.3230366015088,1.93765009186441,-4.266553998253
"Q3UPL0",2.07101499817417,0.162463630483321,0.99997988173566,0,25.3705603233209,1.71789618069375,-4.35588979173027
"P56959",0.895463650304492,0.350694471899394,0.99997988173566,0,26.0852668496624,1.05848475252893,-4.6429553452913
"P61458",1.63277773907446,0.078438034647465,0.99997988173566,0,24.4614454325519,2.36713676257264,-4.11065769706418
"Q9D2G2",1.0507665802063,0.144101499454461,0.99997988173566,0,25.9516825243876,1.82177616688063,-4.31294188181012
"P62311",0.192211584412445,0.859127267512184,0.99997988173566,0,27.7563109994128,0.189482468395672,-4.9071058228989
"Q91YJ3",-0.0699316844198635,0.919273861463281,0.99997988173566,0,25.8580347173522,-0.108036671380403,-4.91427085902439
"P83870",-0.476599507805704,0.424533508392832,0.99997988173566,0,25.9653311447654,-0.890460091273242,-4.71262955012856
"O55142",-0.249478146345248,0.840419946344083,0.99997988173566,0,25.7386779073672,-0.215104931773531,-4.90406100084791
"Q8BMK4",0.202593101322693,0.8068114362859,0.99997988173566,0,24.5719258031418,0.261595618994137,-4.89759223882627
"Q8JZV7",0.41257152243744,0.568391230138627,0.99997988173566,0,26.7709644288569,0.621870372509418,-4.81039719749159
"Q3UFY7",2.22635333408406,0.046802612101016,0.99997988173566,0,25.3122395625412,2.86597825586996,-3.96257646658259
"P97822",4.37155849230137,0.201435793950203,0.99997988173566,1,27.0219681731184,1.53340769254141,-4.43478278467074
"Q5M8N0",1.57178678461735,0.221777193243336,0.99997988173566,0,25.1209473242999,1.45129994781189,-4.47069002223796
"P61971",-0.861764944836705,0.666466794397275,0.99997988173566,0,27.483506236144,-0.465207775805398,-4.85576738755761
"Q61599",-1.62499898668015,0.114603825606239,0.99997988173566,0,26.341491726548,-2.02297881485431,-4.2335122401005
"P57784",0.877378542700543,0.27177964548803,0.99997988173566,0,25.4333699877886,1.2778504822608,-4.54725270313196
"Q99LT0",0.00214685509664861,0.997401079744383,0.99997988173566,0,25.3877233004299,0.00346970464462087,-4.91774263000853
"P62315",0.986594870451009,0.58491576311292,0.99997988173566,0,25.5344034749203,0.594330978364622,-4.81909895160089
"Q80ZM7",2.57493062486193,0.0134804072294169,0.99997988173566,1,23.7197010078508,4.27632677536699,-3.69611884449077
"Q8CCS6",0.665372619930058,0.340354335483722,0.99997988173566,0,28.0721372146263,1.08445409578961,-4.63182375998601
"Q8BTY1",2.41855780056397,0.250536066957749,0.99997988173566,1,26.1939265738696,1.34733138458237,-4.51654054559293
"P15864",0.463739384197085,0.672635352117966,0.99997988173566,0,24.9621939787289,0.45583253644119,-4.85814443614537
"Q9D172",-0.162574608815011,0.894849630679379,0.99997988173566,0,28.1781657523378,-0.140964270737675,-4.91183897400038
"P43275",0.828328676533391,0.541976393844183,0.99997988173566,0,25.5334041136921,0.667052302022312,-4.79551419155914
"P70694;Q91WR5;Q8K023",0.48773942486235,0.531913401575071,0.99997988173566,0,29.8222975204045,0.684672095608244,-4.78951585936674
"Q9D3D9",0.788184092706552,0.35307627020225,0.99997988173566,0,26.8771357244893,1.05260064016022,-4.64546672476644
"P09602",0.607692522163723,0.752164682403373,0.99997988173566,0,25.2402813011786,0.338767429308686,-4.88424503016203
"O09107",0.654071617308989,0.721238841240383,0.99997988173566,1,22.6324138587157,0.383520952184166,-4.8750710632224
"O35309",-1.74941921733342,0.389963585548419,0.99997988173566,1,24.8537053225476,-0.96569068058013,-4.68201182037405
"O35943",0.294576906806606,0.834115588959276,0.99997988173566,0,23.804255810813,0.223778286244019,-4.90294599339561
"P07758;Q00896;Q00897;P22599",-0.98331295049476,0.213361208270534,0.99997988173566,0,25.3018229946059,-1.48430089469574,-4.45621496176247
"P27641",-0.403419423897003,0.730469459918455,0.99997988173566,2,22.9671705009743,-0.370070161212557,-4.87793574754518
"P46460",0.951156452596703,0.459908986134942,0.99997988173566,1,23.7398405511892,0.818564114135982,-4.74077433333137
"P61514",0.263119979467488,0.697828282337962,0.99997988173566,1,22.5538244716054,0.418022417646421,-4.86731098357236
"P62305",-0.51184227597923,0.492559538479369,0.99997988173566,0,26.1183614604353,-0.75601200770157,-4.76420064610361
"P67871",-1.00095792017262,0.564827262927285,0.99997988173566,1,23.7575968316218,-0.627880614647027,-4.80846009868648
"P70444",-2.04585264548216,0.0738988809651273,0.99997988173566,1,23.4523882332423,-2.42277519690744,-4.09240503740884
"P97379",0.0321122846995139,0.983811934580347,0.99997988173566,1,23.1880784299218,0.0216140352294389,-4.91760681870452
"Q00PI9",-1.38590136665299,0.496815211023386,0.99997988173566,1,22.9514956618203,-0.74809658180232,-4.7670867361858
"Q3TGF2",-0.347165630567345,0.759761214192335,0.99997988173566,2,22.1498951827487,-0.32790362157325,-4.88631597772762
"Q3U5Q7",-1.17454871396211,0.561023732490251,0.99997988173566,1,23.9720166261593,-0.63432352274228,-4.80636874316336
"Q3UI43",2.15523692954191,0.0357329043765587,0.99997988173566,1,24.9040665894889,3.14400252420198,-3.89424578184262
"Q4KML4",-1.46231910715153,0.102553897802651,0.99997988173566,0,25.6404820171645,-2.12221810973256,-4.19634518914251
"Q61142",-1.14297740811493,0.114482596529056,0.99997988173566,0,24.5567753299685,-2.02391872486108,-4.23315378366781
"Q61233",-0.140937986655206,0.953858448170127,0.99997988173566,2,23.293114248274,-0.0616503848730061,-4.91661279549642
"Q64487",0.0767588680945375,0.962441023818941,0.99997988173566,2,23.569515904973,0.0501696200462069,-4.91699544374171
"Q6IE21",0.466224116541145,0.44040785089464,0.99997988173566,1,22.014155588394,0.857617992032448,-4.72563489169113
"Q6WVG3",2.55502217163258,0.114707942422627,0.99997988173566,1,24.320842275889,2.02217245399724,-4.23381986138191
"Q80UW8",1.21930371311476,0.101240143925122,0.99997988173566,0,25.1629705094239,2.13381474014977,-4.1920927448945
"Q80W22",-1.45912308581783,0.134001940621866,0.99997988173566,0,26.0239647551153,-1.88516667696885,-4.28735518740717
"Q80Y14",0.527829877518376,0.716341456402974,0.99997988173566,0,23.888527531703,0.390691444050586,-4.87350677770109
"Q8BFQ8",-2.65052946165217,0.126819582930739,0.99997988173566,1,23.9941311732433,-1.93348658901629,-4.26819110791613
"Q8BTV2",-0.652996115779568,0.697733007149384,0.99997988173566,1,22.5434684514928,-0.418164027769376,-4.86727792913993
"Q8C129",0.690798732483129,0.535724107456375,0.99997988173566,1,23.7541667023754,0.677971938749214,-4.79180924119532
"Q8K339",1.66920098304401,0.152997050290676,0.99997988173566,1,22.4623794206602,1.76978695357819,-4.33428512495513
"Q8VDM6",-1.2987144152935,0.223813665343267,0.99997988173566,2,23.8848882890016,-1.44350500192821,-4.47411619002486
"Q8VEH6",0.35086558398777,0.8493463917154,0.99997988173566,1,24.8566664324757,0.202858234144921,-4.90556291732688
"Q91YN9",-0.707903184909472,0.339363368730043,0.99997988173566,0,25.344917105912,-1.08698024973896,-4.63073700122009
"Q99L45",-2.68568832573804,0.109932446283731,0.99997988173566,0,22.9882258047536,-2.06001436567904,-4.21948036679182
"Q9CQ92",1.09965417134684,0.23078527244918,0.99997988173566,1,22.4619714925674,1.41735066413328,-4.4856288471846
"Q9CR70",0.310065743060128,0.715338175877343,0.99997988173566,0,23.2993948931471,0.39216338089481,-4.87318249157188
"Q9CY97",-0.95573085383818,0.516525509393929,0.99997988173566,2,23.0521529726992,-0.712086700668921,-4.77997743320754
"Q9D0A3",-0.871488718563385,0.203073277176168,0.99997988173566,0,24.919241643272,-1.52649111480673,-4.43779268668586
"Q9D1I5",1.57229603251443,0.149402205863354,0.99997988173566,1,22.6825824120464,1.79039609647773,-4.32578706640896
"Q9D967",-0.639076191416846,0.320292978010234,0.99997988173566,0,25.8462039544128,-1.1369551367209,-4.60911119676463
"Q9ESJ0",-0.161873197160996,0.902743555760856,0.99997988173566,2,22.8951960069874,-0.130303297558576,-4.91269587281825
"Q9ESZ8",-0.188408532295823,0.805935563921357,0.99997988173566,0,21.8788303469987,-0.262816062201759,-4.89740624615933
"Q9JHS9",0.594955990539457,0.698887041576908,0.99997988173566,2,23.1655620990743,0.41644943167115,-4.86767749324846
"Q9JKV1",-1.85892323399985,0.464470901670871,0.99997988173566,1,24.4088020214087,-0.809619766800508,-4.74418841323684
"Q9JMD3",0.763773093792251,0.730942494162207,0.99997988173566,2,23.4411287665767,0.369383065027692,-4.87807962565626
"Q9QX60",-0.134112066391981,0.878896614304521,0.99997988173566,0,25.4088281972252,-0.162572125053718,-4.90989915082577
"Q9QZ06",0.341630669350613,0.624140647411507,0.99997988173566,0,24.2219134452073,0.530932375353101,-4.83798986761974
"Q9WV92",-0.985070238531994,0.576018212187926,0.99997988173566,2,24.169838556865,-0.60909363277529,-4.81447023327783
"Q9WVK4",-2.12361802062715,0.328985460681923,0.99997988173566,0,23.9212034996111,-1.11384688836846,-4.61913933525475
"Q9Z0E6",0.639708532471138,0.411838748081529,0.99997988173566,0,25.6916230079305,0.917464006690429,-4.70176428250632
"Q9Z0H3",-0.953149341122116,0.468107357970525,0.99997988173566,0,22.7549587201599,-0.80253950909576,-4.74687627057472
"Q7TMJ8",-1.28630913668583,0.461470909243917,0.99997988173566,1,24.6503809084346,-0.815493838470806,-4.74194857774807
"O89051",-2.85407321427941,0.0475937938454979,0.99997988173566,0,25.9076478467598,-2.84913309587537,-3.96702533945208
"P23927",-2.78814711997132,0.0243352108239614,0.99997988173566,0,24.418592301414,-3.56424715385462,-3.80740893108233
"Q8BMY7",0.00290225871469421,0.998276248103817,0.99997988173566,2,22.6842094686148,0.00230130243897934,-4.91774464227593
"Q9DCV4",-1.34686322093169,0.2721335371233,0.99997988173566,1,24.6116427666461,-1.27673837902159,-4.54774391041612
"P97355",3.65494136041231,0.0405575911712879,0.99997988173566,1,24.5624727284021,3.01188017907407,-3.92554563528075
"Q5I012",0.639768906991668,0.761209829555731,0.99997988173566,1,24.4226223472111,0.32583735765608,-4.88670285796085
"Q921J2",-1.95864731793219,0.185062437549791,0.99997988173566,1,23.7006246807905,-1.60594068169054,-4.40342131740661
"Q8VIN1",0.447090348717668,0.835500336350753,0.99997988173566,2,23.2919191636318,0.22187142893396,-4.90319476805931
"Q9D5V6",1.77359375412425,0.224386068141803,0.99997988173566,1,23.7351406312441,1.44132691457125,-4.47507397919138
"Q99JP4",-0.507048404282217,0.626298060544128,0.99997988173566,1,23.2771169867568,-0.527519096186222,-4.83895970655312
"Q3TUU5",0.75114793792527,0.667494211901515,0.99997988173566,1,23.5523829302357,0.463642906296908,-4.85616698276552
"Q9CQ66",-0.0031123149318241,0.998653961370887,0.99997988173566,0,23.914766536294,-0.00179703392792879,-4.91774525902983
"Q9CX60",0.148912023387043,0.950555995261535,0.99997988173566,2,24.1383164779594,0.0660706325801417,-4.91644458144493
"Q9Z2X2",0.190520180602682,0.915801243072469,0.99997988173566,2,23.3103887431214,0.112708334567471,-4.91396455823318
"Q91VR8",-1.67824468430389,0.103390743129026,0.99997988173566,0,24.2833122179715,-2.11491714093349,-4.19903225454824
"Q9CQG1",0.37759194971814,0.802256902798806,0.99997988173566,2,22.3199701676776,0.267947224712671,-4.89661530814852
"Q91W50",-1.42176406873359,0.444817931503177,0.99997988173566,1,23.6177843502529,-0.84866600267862,-4.72913755114587
"P58242",0.113422497119353,0.897762265112354,0.99997988173566,0,26.1150675933478,0.137028423820834,-4.91216305608859
"Q99NB9",0.0794546745503553,0.938878923849519,0.99997988173566,0,23.1194672489458,0.0817138180955284,-4.91575614414346
"Q9D289",0.638395221356657,0.698833101782239,0.99997988173566,2,22.4279723325241,0.416529539407048,-4.867658856981
"Q9D1K2",-1.49240760316442,0.30055159837445,0.99997988173566,0,23.8212026270921,-1.19167761406154,-4.58520416617493
"P97823",0.2996714506756,0.699265459018489,0.99997988173566,0,25.3951985354185,0.415887521949138,-4.86780812830098
"Q80UM3",-0.190484198651577,0.88889073448162,0.99997988173566,2,22.7497994069678,-0.149025125212336,-4.91114705084564
"Q9CR39",0.0314083938316786,0.98572600740941,0.99997988173566,2,23.3700612607,0.0190579826143192,-4.91763783847003
"Q8CG76",-1.17800848940395,0.26871919539719,0.99997988173566,0,24.3988344239671,-1.28752685514729,-4.54297783378333
"Q9JKX6",0.170554783565783,0.818691367885497,0.99997988173566,0,25.1651152165072,0.245088502423814,-4.90002704864712
"Q8K0G5",-0.946360162031863,0.335769297282106,0.99997988173566,0,25.6423257869769,-1.09619879200492,-4.62676557526682
"Q9CQ71",1.12674519979058,0.396531279343927,0.99997988173566,1,22.7209309529493,0.950973930915817,-4.68808391322692
"Q91VM9",0.350833067738761,0.842400582108523,0.99997988173566,0,25.3222587668656,0.212384206146225,-4.90440201102669
"Q569Z5",-2.48715681938108,0.190608705863013,0.99997988173566,0,24.0588609317544,-1.58065145649207,-4.41431108501499
"O09174",-3.68658097986314,0.0756209285830065,0.99997988173566,0,26.6447828364218,-2.40122042378827,-4.09942307702205
"Q99JX3;Q91X51",0.807804300129887,0.558335144930367,0.99997988173566,1,23.7653237332338,0.638895933462911,-4.80487533666768
"Q8BGD8",0.168925959551278,0.814627404067742,0.99997988173566,0,23.2957169064685,0.250725806549352,-4.89921251085281
"O08997",-2.91022572859149,0.300839528761964,0.99997988173566,1,24.678010664498,-1.19085557259711,-4.58556469266775
"Q80W65",-0.710485912105956,0.843074261314328,0.99997988173566,0,28.6870258503282,-0.211459243808697,-4.90451698967794
"Q03157",1.40987363738525,0.525804320250635,0.99997988173566,1,25.190310134112,0.695485900180612,-4.78578277257542
"Q61477",-1.22561944161609,0.146989595531422,0.99997988173566,0,27.5181107903624,-1.80452785174167,-4.31998807717069
"P21570",-0.91773269260119,0.287524693710712,0.99997988173566,0,25.179468047617,-1.22967148013191,-4.56850481528767
"P28301",0.450387345144886,0.866303174017033,0.99997988173566,0,27.5255977849935,0.179696022824228,-4.90816987229152
"Q8C9W3",-0.563282568251437,0.57353987502073,0.99997988173566,0,26.5843628449721,-0.613232762184859,-4.81315747977985
"Q8K135",-3.3542013569915,0.0863634008982558,0.99997988173566,0,25.3303944078714,-2.27823952197683,-4.14075380831238
"Q61072",-1.64092904625632,0.054689679833517,0.99997988173566,0,29.1416746575249,-2.71127162068865,-4.00483536786152
"Q8BME9",1.34417972433598,0.199761219396346,0.99997988173566,0,26.8575852539036,1.54054096027545,-4.43168184378557
"Q8BNA6",1.28825717623894,0.0796365922473598,0.99997988173566,0,24.8398831090095,2.3530552950012,-4.11534840966698
"O70258",0.128217228137363,0.82369333036543,0.99997988173566,0,25.7991625266126,0.238163230268148,-4.901003484089
"P21614",-1.34119258203983,0.662703621170743,0.99997988173566,0,30.3918565379172,-0.470951132442089,-4.85429113742444
"Q9DBV4",0.451755328181377,0.718942912547974,0.99997988173566,0,26.1302479497344,0.386879533982323,-4.87434156852139
"Q9Z175",1.91629233998548,0.254806999415375,0.99997988173566,1,23.8290756600649,1.33291095512065,-4.52291560448408
"P35456",-0.220598640457598,0.925027963948489,0.99997988173566,0,26.9239139556106,-0.10030218994211,-4.91474972061777
"O70458",0.0910129918638525,0.932615622930779,0.99997988173566,0,25.1015341535525,0.0901144789055259,-4.91532660611197
"Q03146",0.723762093909551,0.322168232557896,0.99997988173566,0,27.7608606164482,1.13192143023096,-4.61129947662928
"Q9Z0J7",-1.41848292566363,0.613014610275888,0.99997988173566,0,26.4331705793785,-0.548651898576414,-4.83287593856606
"Q8BV57",0.898688022069785,0.713873833312484,0.99997988173566,1,23.3398980034046,0.394313597653631,-4.87270683496196
"Q99LJ1",-1.33821637046475,0.35123422880141,0.99997988173566,0,28.3957684028997,-1.05714817615958,-4.64352616987668
"Q63870",-0.590409277581979,0.895883384821862,0.99997988173566,1,24.9754052907417,-0.139567049006885,-4.91195505764322
"P35762",1.12851886801138,0.615945863920352,0.99997988173566,0,27.4806567175587,0.543964242827103,-4.83424163474986
"Q9JMK0",0.406187265916072,0.542738494811279,0.99997988173566,0,29.7064740497524,0.665727423200745,-4.79596092423217
"Q8K479",-0.738348532192158,0.525974571008805,0.99997988173566,0,27.0901226693588,-0.695183306946406,-4.78588775833869
"Q9ES89",0.664752565743121,0.685083412223609,0.99997988173566,0,25.8836542202202,0.437056754054025,-4.86278136237561
"P27106",0.265228148943538,0.788864953605203,0.99997988173566,0,23.778667809237,0.28670192859175,-4.89360186789175
"Q9EP52",-0.151767708949252,0.862315460770461,0.99997988173566,0,26.6254158637439,-0.185131716359509,-4.9075856475309
"Q9D975",-0.246344939243684,0.749267956659911,0.99997988173566,0,25.2128411779485,-0.342922835029391,-4.88343659652833
"P40240",2.03132665457127,0.471017483336683,0.99997988173566,1,24.690909383431,0.796904523304575,-4.74900602806476
"Q9JI18",0.424529059689188,0.743179771409045,0.99997988173566,1,23.437367698305,0.351680140415575,-4.88170352647381
"Q9EQQ9",1.07420527579692,0.195242373689931,0.99997988173566,1,23.7331591325541,1.56010180445598,-4.423196161168
"Q9D1C8",0.988194280081064,0.170277145073722,0.99997988173566,0,25.3947571889357,1.67742910573999,-4.3729334456379
"Q9ET47",0.773646387388076,0.37576874950885,0.99997988173566,1,24.3492605944929,0.998244516586255,-4.66845301312174
"P51569",-0.556212399951766,0.390707805248153,0.99997988173566,0,26.3174975301137,-0.964012393366842,-4.68270615513219
"Q8R0F3",1.0940005442579,0.159012218507113,0.99997988173566,0,25.7039948027625,1.7364329864382,-4.34813871225058
"P35282",-0.776996081208179,0.370791993311125,0.99997988173566,0,25.0616986714511,-1.0099122547858,-4.66355349977892
"Q8R2Y2",-0.619361864166771,0.497262772098328,0.99997988173566,0,26.6049494160523,-0.747267122378437,-4.76738809974171
"P62257",2.08059907643293,0.274436237017961,0.99997988173566,1,24.5363777499833,1.269536114396,-4.55092451162248
"P02802",1.96466926199452,0.0712751237817848,0.99997988173566,0,25.3709995673586,2.45674350470268,-4.08148137451911
"Q9CX00",-0.201057145657003,0.802409375918724,0.99997988173566,0,25.6534653404698,-0.267734376589724,-4.89664840487774
"P52482;Q91W82;P52483",1.28138014065741,0.263978739889295,0.99997988173566,1,23.8366003906389,1.30272821261869,-4.53625952770296
"Q8CFI2",0.732455041314259,0.336912796766386,0.99997988173566,0,25.2313615047949,1.09325609706575,-4.62803425177174
"P70460",1.22859762358557,0.169320133364425,0.99997988173566,0,24.172667360244,1.6822789278603,-4.37088223731931
"P12815",0.844861486449271,0.501712023260877,0.99997988173566,0,25.7408273123634,0.73905187829149,-4.77036181144469
"Q62422",-0.850226206304991,0.40675260185622,0.99997988173566,0,26.8105624049952,-0.928479330593697,-4.69729051097634
"Q91V41",-0.134525930610856,0.818767988655998,0.99997988173566,0,26.3344607938748,-0.244982311467705,-4.90004222280544
"O70400",-1.56908444395973,0.350955049354232,0.99997988173566,0,27.9568044932797,-1.05783926562854,-4.64323104617921
"P82343",-1.34250340983276,0.0981917097255662,0.99997988173566,0,26.6842082347149,-2.16138301806706,-4.18206071949693
"Q91YN5",0.738632388436212,0.266424707384587,0.99997988173566,0,26.0526205597359,1.29485181785742,-4.53974086529319
"O88952",-0.872130628981975,0.382672500318427,0.99997988173566,0,25.0510588116112,-0.982280774837687,-4.67512310079353
"Q61543",-0.443788973037043,0.464469061743156,0.99997988173566,0,25.4817227998915,-0.809623360225416,-4.74418704575584
"P62071",0.0934708017203186,0.873195989550345,0.99997988173566,0,27.9537680977481,0.170315802332199,-4.90913809445693
"P62242",1.51291322075173,0.115079372811507,0.99997988173566,0,23.8557614213215,2.01930237187378,-4.23491550421917
"Q9D820",-0.984541619487142,0.27383395666025,0.99997988173566,0,24.5679775202175,-1.27141424124431,-4.55009521122319
"Q8R0Y6",-0.947714581236288,0.36636173889838,0.99997988173566,0,26.3844313305311,-1.02041518993211,-4.65912627860379
"P07091",-0.406546058702495,0.755840729033555,0.99997988173566,0,24.4565486200544,-0.333504313504063,-4.88525604440822
"Q9R257",2.3511007260928,0.22092773451512,0.99997988173566,1,24.4829169882489,1.45457278668601,-4.46925224437591
"P32921",0.184615031337239,0.79474108400863,0.99997988173566,0,27.2023184336547,0.278457914927277,-4.89495010492071
"Q9CR41",1.16847352975476,0.273716200551336,0.99997988173566,0,23.8835606349875,1.27178191328423,-4.54993285433199
"Q9QUH0",-1.05955189774684,0.349029545216936,0.99997988173566,0,25.5908608936518,-1.06261920912327,-4.64118826548132
"P52795",1.98599227891043,0.0687481661243162,0.99997988173566,0,29.1931143929959,2.49083815742692,-4.07068389818058
"Q3UTJ2",-0.395219856019417,0.68610535311253,0.99997988173566,0,25.4684789326186,-0.435523586917171,-4.86315263883662
"Q8VED9",0.324200054892289,0.58741999912977,0.99997988173566,0,24.7182762080434,0.590202882390667,-4.82037819638768
"Q9CWU9",1.29923637830495,0.421937820468093,0.99997988173566,1,24.975327770047,0.895926265602395,-4.7104422650134
"P67984",1.82077474131881,0.286779341294659,0.99997988173566,0,25.9561119359579,1.23189452881499,-4.56752579538992
"Q8C1B7",-1.33084697191871,0.479001658440956,0.99997988173566,0,28.0624709433285,-0.78158296890321,-4.75475366134373
"Q9R0Y5",-0.903970726093378,0.405527203674967,0.99997988173566,0,27.3727649562004,-0.931150621372813,-4.69620209677432
"P62627",-0.305849197133134,0.643462418649701,0.99997988173566,0,27.5028849931165,-0.500613443044747,-4.84642850992746
"O70209",-0.124708335578313,0.890157898448365,0.99997988173566,0,24.0045340604738,-0.147309987913511,-4.91129744215688
"Q9CQ65",0.893467084205168,0.353798206326049,0.99997988173566,0,26.374478482015,1.05082415837183,-4.64622411552747
"P61358",0.882175640924208,0.647628337882791,0.99997988173566,0,24.9021734035869,0.494147968743706,-4.84817597208781
"P83877",-0.398867213245134,0.672104334181446,0.99997988173566,0,25.653871278476,-0.456637711696513,-4.8579418895093
"Q8K003",-0.000594384008669087,0.99926468810113,0.99997988173566,0,23.2331193220049,-0.000981680447314318,-4.91774593516366
"Q3U0V1",-3.06355998517857,0.00569779266157564,0.99997988173566,0,25.6751695796027,-5.49062557077033,-3.57519123877891
"O54984",1.0721421515708,0.12746130559776,0.99997988173566,0,25.5826634783434,1.92904946583609,-4.26993830665033
"P62301",1.00064656528211,0.361392613779516,0.99997988173566,0,26.440377351701,1.03233004109308,-4.65408540961664
"Q9CQ86",-0.497937428592185,0.637245661348514,0.99997988173566,0,23.8856594221955,-0.510308036831381,-4.84377369985366
"Q99JX4",0.350091039099811,0.68824811460236,0.99997988173566,0,26.0801959280129,0.432312877687901,-4.86392652387031
"Q9D711",-0.105860965587542,0.871707599996665,0.99997988173566,0,26.5233296142128,-0.172339690974284,-4.90893347778814
"P0C7N9",-0.267422318906043,0.715904151718337,0.99997988173566,0,25.4440756942116,-0.391332898264013,-4.87336558990741
"P62702",-0.093588702503988,0.952744129987317,0.99997988173566,0,25.8354325553607,-0.0631416966636236,-4.91655734049352
"Q8C460",-0.582310763597261,0.357118965540338,0.99997988173566,0,25.0519100272125,-1.0426942224443,-4.64968527201304
"Q9JK23",0.348263312553127,0.653219443865602,0.99997988173566,0,26.3261687421706,0.485508751598888,-4.85048183641841
"Q91XC8",0.39002922745506,0.539605704752347,0.99997988173566,0,25.4607842775889,0.671182108734793,-4.79411778422823
"P62751",0.986200689365978,0.632127763267634,0.99997988173566,1,23.8258915757811,0.518331581680907,-4.84154541899522
"P70362",-0.157471207844337,0.845444738876612,0.99997988173566,0,28.072383412023,-0.208206352881552,-4.9049174944343
"P00329",0.287035421897767,0.715872080043961,0.99997988173566,0,26.5013640846541,0.391379949801108,-4.87335522552516
"P53612",1.22601965865395,0.173992996642826,0.99997988173566,0,25.1326305098012,1.6588668267354,-4.38080510409778
"P50295",2.33133147810005,0.019519616590103,0.99997988173566,0,25.0828129797763,3.82004402402921,-3.76284821247247
"Q05BC3",-0.21532592615899,0.85615009787312,0.99997988173566,0,29.3942395219276,-0.193549278415116,-4.90664751717439
"Q8K385",-0.118401656845125,0.842305739943166,0.99997988173566,0,25.8121363013627,-0.212514442637921,-4.90438578290445
"Q9D9A7",0.897313443175871,0.170527167914813,0.99997988173566,0,23.395642095144,1.67616680664761,-4.37346770286388
"Q3UL36",-4.80414485742363,0.00592094861768889,0.99997988173566,0,29.2035792962466,-5.43131015079879,-3.57968603009464
"Q91XE4",-0.591052680446034,0.363910028605002,0.99997988173566,0,25.9655860454457,-1.02627583012377,-4.65664919663567
"P18608",0.48782563454683,0.700201799284459,0.99997988173566,0,24.8134997672052,0.414497833858964,-4.8681305492262
"Q8BV13",-0.574292509035112,0.492530582437514,0.99997988173566,0,26.128266238506,-0.75606604274951,-4.76418088089384
"O08583;Q9JJW6",1.23997247016142,0.134679826939763,0.99997988173566,0,26.7889666402088,1.88075231185007,-4.28912084681045
"P12787",0.686326355969405,0.3152173538315,0.99997988173566,0,24.3176427681345,1.15071769352684,-4.60311812140283
"Q8JZL3",0.476006163753938,0.712485896103795,0.99997988173566,0,25.455376408127,0.396353655737921,-4.87225342479229
"Q3TWW8",-0.233303334315025,0.838953257396451,0.99997988173566,0,24.8545669636889,-0.217120940257268,-4.90380561880779
"P60824",1.72769609909877,0.333858132716352,0.99997988173566,1,23.6189702042577,1.10113745915295,-4.62463444783143
"Q91WE2",1.89126090193053,0.314860230251729,0.99997988173566,0,25.4566192707677,1.15169376318426,-4.60269253816154
"Q8VCX1",-0.796266549163187,0.322367316480532,0.99997988173566,0,29.0183520783603,-1.13138862397142,-4.61153098018847
"O70423",-1.00255339842655,0.270368054525513,0.99997988173566,0,26.8640385256729,-1.28230039079861,-4.54528699356513
"O08529",0.7164023397811,0.676328942362147,0.99997988173566,1,23.8024019771312,0.450241691279237,-4.85954249940912
"O08539",-0.418579110464329,0.491145629069832,0.99997988173566,0,24.5281822089635,-0.758653343067493,-4.76323349003219
"O08912",-1.19345827161924,0.118643538803078,0.99997988173566,0,27.2918449108591,-1.99226964867002,-4.24529047447523
"O35098",1.23255749295435,0.509503856560538,0.99997988173566,1,24.9494579615072,0.72479557727155,-4.77547364710562
"O70139",0.227866217018919,0.72354609887982,0.99997988173566,2,21.6448926755661,0.380151062520628,-4.87579732830095
"O70274;Q63739",-1.29353067223202,0.134360729062835,0.99997988173566,0,22.908044577952,-1.882827251502,-4.28829060537544
"O88653",0.463006142871874,0.84733921408822,0.99997988173566,1,24.0027931574399,0.205608623927456,-4.90523302336582
"O88712;P56546",-0.110438190103831,0.947880782167473,0.99997988173566,2,22.2903547325592,-0.0696525181381187,-4.91629976088889
"O88803",1.76059408467357,0.0790336036436594,0.99997988173566,2,21.8602820920778,2.36010929672855,-4.11299503477351
"P09535",-0.988211276118288,0.450365996725258,0.99997988173566,1,21.9171906540399,-0.837505435245912,-4.73347781946425
"P24547",-1.52583540765343,0.13427132543883,0.99997988173566,1,24.2645534727974,-1.88340955936061,-4.28805770529225
"P47963",0.193591408441572,0.772721340836703,0.99997988173566,2,21.6917077870221,0.309476992065025,-4.88968644203919
"P51807",-0.714574902150736,0.379477845478959,0.99997988173566,1,22.6019211558088,-0.989636390240203,-4.67205463492498
"P53690",-1.50075936570532,0.349002262058945,0.99997988173566,1,23.9099515269211,-1.06268710798236,-4.64115922855856
"P55002",-1.12508341537527,0.240981592704391,0.99997988173566,0,25.4155382218015,-1.38049032321159,-4.50188953984013
"P56873",-0.0823807135267824,0.968260214308716,0.99997988173566,1,24.64019108747,-0.0423902205043882,-4.91721015130056
"P57716",0.900304479622203,0.196793122006477,0.99997988173566,0,23.3070510365315,1.55333689602659,-4.42612783495372
"P57746",-1.77860832743616,0.301204598576024,0.99997988173566,1,23.1856249690496,-1.18981436316315,-4.58602128734598
"P62322",0.946950299535082,0.490162413954639,0.99997988173566,2,21.440781774813,0.760493514884487,-4.76255849215208
"P70186",0.687329935125212,0.780967504654913,0.99997988173566,2,23.2980889936652,0.297819776895603,-4.89172535732662
"P70671",1.29669974203352,0.244478045297032,0.99997988173566,1,23.5081220434672,1.368207206134,-4.50731489140684
"P97310",-0.940337345931754,0.557607703209583,0.99997988173566,2,22.5849656706376,-0.640135685490367,-4.8044691092127
"P97434",1.33113924616686,0.117904482331958,0.99997988173566,1,22.356292047137,1.99780098085554,-4.24315947835534
"Q00724",-0.893437915725806,0.367668897065318,0.99997988173566,1,22.5391796537839,-1.01730467571202,-4.66043905246632
"Q08943",-0.219145450943602,0.842471402595533,0.99997988173566,2,22.1519688101798,-0.212286958943847,-4.90441412225557
"Q3V1L4",1.09473031856761,0.713830142793733,0.99997988173566,2,23.4278205691912,0.394377785873263,-4.87269260036439
"Q4QY64",1.41709244965108,0.135044477007318,0.99997988173566,0,26.355442574209,1.87838768914872,-4.29006765972441
"Q5U5V2",1.37099682394989,0.318046181761064,0.99997988173566,1,24.1096937192016,1.14302219494719,-4.60647101103302
"Q61753",-1.56406122675255,0.15842723803278,0.99997988173566,0,21.608944713302,-1.73961715123021,-4.34681093851629
"Q63810",0.494618038779444,0.615757119176299,0.99997988173566,1,22.6070511858589,0.544265662124374,-4.83415409536978
"Q64327",0.223270518635646,0.797010769868425,0.99997988173566,1,23.9597300626987,0.275279884436556,-4.89545996618967
"Q6P9R2",-0.125353397536698,0.847348517370243,0.99997988173566,0,25.1329612788956,-0.205595871414782,-4.90523456287838
"Q6PEB6",-2.0314412635715,0.024195193986412,0.99997988173566,0,26.0577136672624,-3.57079897134902,-3.8061949515758
"Q78JE5",0.62786877865667,0.491130158001174,0.99997988173566,1,22.570248993415,0.758682276729987,-4.76322288439964
"Q80VJ2",-0.0699048434312476,0.967075259095142,0.99997988173566,2,22.5313948603063,-0.0439740507153482,-4.91716935970725
"Q80WB5",0.737277291514094,0.352371360262942,0.99997988173566,0,24.7825690038069,1.05433836735887,-4.64472548488959
"Q8BG73",-1.09491157477236,0.518010211241787,0.99997988173566,0,23.7518255015844,-0.709415809602726,-4.7809174471851
"Q8BG94",0.265373934795319,0.737909469822231,0.99997988173566,0,23.2317830096398,0.359287559548787,-4.88016590358995
"Q8BHL8",0.481113690652386,0.469957001420329,0.99997988173566,2,23.2306040676727,0.798954803254006,-4.74823209517602
"Q8BRH0",1.27516292506938,0.1726039184546,0.99997988173566,0,26.7291362812309,1.66575659902296,-4.37787956230045
"Q8BWP8",-0.459425897322659,0.570911100896109,0.99997988173566,0,26.1268534731703,-0.617636332287003,-4.81175374978095
"Q8C351",-0.871178176062625,0.344688530708084,0.99997988173566,1,23.5009854393681,-1.07348318335541,-4.63653556187217
"Q8CDG1",-1.74802296794196,0.100493511954051,0.99997988173566,2,22.1655563133829,-2.14048034049886,-4.1896571788354
"Q8CFI0",1.83952100908862,0.165650886777927,0.99997988173566,1,23.6465214138414,1.70114549332989,-4.36292475096886
"Q8CI32",-0.837144453344921,0.657282428663586,0.99997988173566,2,22.6933981468742,-0.479257591535989,-4.85212937070258
"Q8K0C9",0.210457945934812,0.724080177089835,0.99997988173566,0,25.1927108172221,0.379371754837544,-4.87596446887131
"Q8K2I1",-1.43646217950015,0.376260839523406,0.99997988173566,1,24.5446703171969,-0.997098207059981,-4.66893327852121
"Q8K2Q5",-0.499346651028661,0.477127938647098,0.99997988173566,1,22.4317736151466,-0.7851606631849,-4.7534172720368
"Q8QZY9",0.172294023957283,0.926787611133122,0.99997988173566,1,22.6995704057228,0.0979384540598951,-4.91488902846033
"Q8R1B4",0.77776147691949,0.692681856648326,0.99997988173566,1,24.3078445790367,0.42568623436911,-4.86550816098839
"Q8R526",-0.383768402027335,0.553962831056673,0.99997988173566,0,25.8766064183047,-0.646364434238164,-4.80241975094012
"Q8VC60",1.11433766655376,0.219500691234572,0.99997988173566,1,22.0691891140144,1.46009972619501,-4.46682528208062
"Q8VE70",-0.855484641345721,0.469985544678001,0.99997988173566,1,23.6348478339443,-0.798899571751286,-4.74825295844981
"Q8VHC3",-0.370144634990538,0.715643998298205,0.99997988173566,2,23.0468622035694,-0.391714592926104,-4.8732814794714
"Q8VHN8",-3.65173779869549,0.0118060319906191,0.99997988173566,1,23.7485010611281,-4.44867907140556,-3.67452660123431
"Q8VI64",-2.69850071627806,0.230009848361252,0.99997988173566,1,24.3160626464151,-1.42022017537207,-4.48436458008387
"Q91W39",-1.04710496599379,0.304239037572441,0.99997988173566,0,22.2838955354314,-1.1812055672932,-4.58979409759916
"Q91WG0",2.19905853916125,0.359861333760749,0.99997988173566,1,24.8015702671857,1.036031004774,-4.65251575876092
"Q91WU5",-1.86970002924219,0.38207753502162,0.99997988173566,2,22.9937954663201,-0.983646610754711,-4.67455397464404
"Q91WV0",1.24705262850095,0.0992123667061091,0.99997988173566,1,23.5387815653487,2.15204762233336,-4.18544565477461
"Q91ZI0",-1.8462275945935,0.398278630174982,0.99997988173566,1,25.3451967364235,-0.947093706430445,-4.6896785774929
"Q924T3",-2.06490191504593,0.245588845264333,0.99997988173566,2,23.1633890806892,-1.36434138244987,-4.50902290418186
"Q9CQ10",-0.814809448158109,0.269482098569027,0.99997988173566,0,25.6714682890815,-1.28510479258585,-4.5440480032568
"Q9CQ13",-1.68642566824805,0.321487445500057,0.99997988173566,1,23.4675751534708,-1.13374571433432,-4.61050665150373
"Q9CR57",-0.71295682080953,0.602997105824391,0.99997988173566,0,21.9089469528026,-0.564779435771046,-4.82810799321834
"Q9CX86",-3.77839238463629,0.132655026981527,0.99997988173566,0,27.4450548557715,-1.894010123327,-4.28382540321504
"Q9CYD3",-0.440379147321316,0.520604972823487,0.99997988173566,0,24.7452506865182,-0.70476145060521,-4.78255007453881
"Q9D211",-1.77699089995003,0.0480218597499058,0.99997988173566,1,22.0432805104459,-2.84015489823481,-3.96941150866723
"Q9D2Q8",-0.694882457379545,0.614094312850069,0.99997988173566,2,21.8792102025699,-0.546923610180819,-4.83338052164627
"Q9D7I0",-1.00817603930592,0.652320247114977,0.99997988173566,1,22.7326744797702,-0.48689525506345,-4.85011402497737
"Q9D832",-0.95143695523712,0.541643721571648,0.99997988173566,2,21.7814353191824,-0.667631052014149,-4.79531885371795
"Q9D880",-2.72765595248964,0.316069477231667,0.99997988173566,0,24.9588623822259,-1.14839286441696,-4.60413150502288
"Q9D8Z2",-1.51797203450116,0.151526196390941,0.99997988173566,1,23.0949714706645,-1.7781560029226,-4.33082838498657
"Q9DAI2",-1.48839552965605,0.0960092379360157,0.99997988173566,0,24.7442127856393,-2.18171419705693,-4.17473214053723
"Q9DCL9",-0.043470636142113,0.942070357656976,0.99997988173566,2,22.6535412061375,-0.07743612735898,-4.91595881375494
"Q9DCM0",-2.96376212336981,0.0507160105059741,0.99997988173566,1,23.0219159265006,-2.78571082430575,-3.98410675767281
"Q9DCM2",-0.705011668102596,0.522801895000654,0.99997988173566,2,23.1433633786935,-0.70083397345318,-4.78392229119605
"Q9ES97",1.646763320481,0.142515607464312,0.99997988173566,1,23.8365018772649,1.83140644501156,-4.30902314914286
"Q9JIY5",-0.587958019555782,0.76244654811173,0.99997988173566,2,23.1161817877876,-0.3240746821034,-4.88703111822963
"Q9JLV6",-1.62557637822733,0.0844132194523719,0.99997988173566,1,23.5726989881621,-2.29923150365017,-4.13354335603423
"Q9QZA0",1.99339871301431,0.0512049019775634,0.99997988173566,1,23.6776943853498,2.77619274074625,-3.98671591595775
"Q9QZB9",-0.278797235621267,0.701895818789099,0.99997988173566,2,22.4222831902145,-0.411986062622957,-4.86871091802651
"Q9WV98",-1.46258860917664,0.18608713815494,0.99997988173566,0,22.2688053465868,-1.6012095243036,-4.40545470469436
"Q9Z0M5",-0.0144349184110921,0.994309852660544,0.99997988173566,2,23.6007266578045,-0.00759673916897448,-4.91772900039721
"Q9Z0Y1",-1.23563151345172,0.131644083274963,0.99997988173566,0,25.4147857014797,-1.90071203583014,-4.28115702286343
"Q9Z255",0.920338158653462,0.43488586230102,0.99997988173566,1,24.4014896283569,0.868930493652316,-4.72118223243391
"Q9CR75",0.013145702552953,0.985245864731391,0.99997988173566,2,22.3947208637024,0.0196991495801456,-4.91763042361848
"P12850",-3.30386862386721,0.042252913370636,0.99997988173566,0,25.3323311567926,-2.96979194747933,-3.93595576989219
"Q91YQ5",2.06620718570051,0.26905147169085,0.99997988173566,0,23.653217979809,1.2864711267251,-4.54344430986623
"P17125",-1.80650982425705,0.0737756750030088,0.99997988173566,0,24.8236257201252,-2.42433926758812,-4.09189840300037
"Q8K007",-2.24446451662073,0.117667617093939,0.99997988173566,2,23.2380342933821,-1.99958182745218,-4.24247427604256
"Q8BR92",1.89414199735792,0.115749655714349,0.99997988173566,1,22.9928275678503,2.01414877258209,-4.23688571106015
"Q64314",0.308176525867644,0.864232281649336,0.99997988173566,2,23.0012775617482,0.18251804030396,-4.90786868073947
"Q9JMD0",0.613999968302731,0.654855023489937,0.99997988173566,1,22.9499149917325,0.482989620967179,-4.85114789437259
"Q3UD01",-0.559027348073521,0.58059793804484,0.99997988173566,0,23.2998442783814,-0.601476219875648,-4.81686908620921
"Q9CXF4",-0.729170751313403,0.533781373869764,0.99997988173566,0,22.5422346462712,-0.6813834521258,-4.79064341290385
"Q8BGL1",1.96508805320649,0.430945011773802,0.99997988173566,0,26.8940081875544,0.877075937488179,-4.71795833509228
"Q9CRT8",-0.441118565935971,0.746843883386357,0.99997988173566,0,24.7246730906934,-0.346405763658951,-4.88275208119282
"Q9CT10",-1.33158634062524,0.438091557877934,0.99997988173566,0,24.6405094622261,-0.862349040438498,-4.72377627014955
"Q8K5B2",0.957875968081368,0.57834123178408,0.99997988173566,0,24.0258904018852,0.605224738847221,-4.81569138831429
"Q9DCL8",0.502376405739683,0.77028847773933,0.99997988173566,2,23.1524309526131,0.312926000680679,-4.88906927205213
"Q9DB50",0.917206995750536,0.177693646337684,0.99997988173566,1,23.3633741687935,1.64079007464631,-4.38850173949726
"P47955",1.24223515800527,0.529270862938974,0.99997988173566,1,24.430891968719,0.689338627993623,-4.78790966425312
"P05977;P09542",-0.269818062261868,0.743265966828091,0.99997988173566,0,27.1652266263956,-0.351555928578149,-4.88172838521216
"Q9QY93",0.101013584968927,0.883770069575026,0.99997988173566,0,24.705803500772,0.155961713345065,-4.91052137834573
"P56394",0.233783897383069,0.882706828314605,0.99997988173566,1,24.8013828904906,0.157403168958323,-4.91038785544454
"Q3U1U7",0.244957874160268,0.675936856558417,0.99997988173566,0,30.2644588978722,0.450834376897644,-4.8593949836602
"P31240",-0.0296687130640142,0.978836915386977,0.99997988173566,0,25.6792683694334,-0.0282585566796533,-4.91750794931352
"Q03366",-0.78549101643279,0.498468661919438,0.99997988173566,0,26.0213929632444,-0.745035067497183,-4.76819804552273
"P28862",0.97065036705926,0.829458406894561,0.99997988173566,1,27.858305845161,0.2301988866426,-4.90209330720983
"P55292",-0.711367381509005,0.586376284459468,0.99997988173566,0,23.4197572916472,-0.591921976061686,-4.81984627920664
"P97857",-1.24395981901472,0.617681815290688,0.99997988173566,0,25.7977434595848,-0.541194682280662,-4.8350442013817
"Q9DD06",-0.129423265876741,0.948051118995022,0.99997988173566,0,25.686182861159,-0.0694244186445284,-4.9163092103195
"P97821",0.178687802337507,0.953484686389544,0.99997988173566,0,26.6792671124842,0.0621505775234261,-4.91659434291775
"Q61789",0.442528304974819,0.925885309512928,0.99997988173566,2,25.8403908075929,0.0991504301240124,-4.91481801192725
"O88452",1.8454535643734,0.539219117671158,0.99997988173566,0,25.1799080119716,0.671856776394087,-4.79388910211044
"O35664",3.26116905611089,0.240188406888009,0.99997988173566,1,27.065630264573,1.38330142953406,-4.50064829015706
"Q9R098",2.0543065090059,0.63718856881343,0.99997988173566,1,26.4126976121862,0.510397329281015,-4.84374905599826
"Q9R001",0.986838324574006,0.735971707914992,0.99997988173566,1,24.9699574739232,0.362090961739661,-4.87959178740866
"Q8BNJ2",-2.31241603978567,0.369163665388738,0.99997988173566,1,25.2653858588415,-1.01375966026762,-4.66193354793201
"Q925I7",0.178499110993589,0.816750712920823,0.99997988173566,0,26.5228191607389,0.247779256421903,-4.89964046128943
"Q61805",0.494979404712872,0.844116940177714,0.99997988173566,0,27.5602115781511,0.210028086725608,-4.90469393652875
"O89023",-0.349154908624152,0.839202842457121,0.99997988173566,0,27.5555106972512,-0.21677780099626,-4.90384924884443
"P52793",-0.179845051556808,0.931014746815118,0.99997988173566,0,26.5851229486925,-0.0922629056245885,-4.91521005131567
"Q3UZZ4",-0.499719935332891,0.91608989028777,0.99997988173566,0,28.3234767397868,-0.112319906092893,-4.91399051521698
"O89093",0.20781789069121,0.864951907879326,0.99997988173566,0,25.6824147853321,0.181537197585427,-4.90797388385739
"Q9Z126",0.609327435486449,0.801244923234895,0.99997988173566,0,23.6771229285782,0.269360299220838,-4.89639495268859
"Q9Z0F8",-1.33340746826929,0.10887367602632,0.99997988173566,0,24.6333110638166,-2.06865057452984,-4.21623576792405
"Q9WVJ9",-1.92925831006228,0.0977120217322365,0.99997988173566,0,27.9128889180107,-2.16580799721449,-4.18046063003031
"P97464",1.41616236417264,0.141002982300718,0.99997988173566,0,26.7818706986254,1.84070008569197,-4.30525198311672
"Q9WVB4",2.58484361184749,0.252950079860621,0.99997988173566,1,25.2693856829573,1.33915123460341,-4.52015673328459
"P50228",-0.732345582417056,0.848618733318913,0.99997988173566,0,26.3722868046324,-0.203855106282401,-4.90544384486934
"P97333",0.306266945605406,0.891490072612605,0.99997988173566,1,24.788046203762,0.145507440746444,-4.91145365310343
"P56677",0.440736018181182,0.915839358360915,0.99997988173566,1,25.9835844537369,0.112657042145203,-4.91396799096719
"P97430",0.418979595132453,0.906119706582378,0.99997988173566,1,25.1678462094249,0.125749441178562,-4.9130416411796
"Q62393",0.514777600472603,0.600509227429956,0.99997988173566,0,24.9051245196694,0.568811169777436,-4.82689944916029
"Q9R0M4",1.62587055185706,0.486736391595086,0.99997988173566,0,21.6390674043536,0.76692774175647,-4.76019066712457
"P18828",0.152959630277677,0.901223237002734,0.99997988173566,0,26.7604061273094,0.132355046793825,-4.91253612005045
"P10404",1.54962427340726,0.688575041538934,0.99997988173566,1,26.6917073313978,0.43182348110526,-4.86404405193627
"P15379",0.122474757054058,0.973347645650508,0.99997988173566,0,26.8377983810365,0.0355917315030677,-4.91736827274944
"P09803",0.358405232321834,0.948705742452564,0.99997988173566,1,26.6648376685138,0.0685478488208918,-4.91634523643273
"P04925",-0.175799244776331,0.861833290183536,0.99997988173566,0,26.1687624129598,-0.185789425743509,-4.90751380760483
"Q922J3;Q9Z0H8",2.8820416273901,0.35904215591053,0.99997988173566,1,27.0423308746691,1.03801663652186,-4.65167287547106
"Q9JME7",1.00684658809474,0.489772302445812,0.99997988173566,0,23.3779795784026,0.761224423146508,-4.76229011408226
"Q64695",0.603381419129118,0.430389986046416,0.99997988173566,0,26.7564984995138,0.878228046361049,-4.71750115826674
"P13597",0.294780131673057,0.863439604244671,0.99997988173566,0,27.1536979330415,0.183598704053342,-4.90775213162994
"P52800",0.157965063512806,0.879480147220815,0.99997988173566,0,26.5612762286316,0.161780154209849,-4.90997503231794
"Q6PDJ1",0.939428808122387,0.655504494981274,0.99997988173566,0,24.2718674073053,0.481990307990842,-4.85141131895816
"P10810",0.334819327019476,0.939975897886657,0.99997988173566,0,27.6827038024653,0.0802432645082901,-4.91582703923978
"P51885",2.68709216139339,0.530313254067473,0.99997988173566,1,26.3932110715723,0.68749583793679,-4.78854481049941
"Q8BLX7",-4.39648083303898,0.0118425551269754,0.99997988173566,0,27.2309308620248,-4.44460885489118,-3.67501622667865
"Q62470",-0.655830334628533,0.714111331255848,0.99997988173566,0,24.1515286685745,-0.393964710252379,-4.87278416963811
"Q80X19",1.91714529914104,0.482580366127123,0.99997988173566,1,23.2434438127378,0.774779771763682,-4.75728510453027
"Q9JI48",0.542409231234447,0.826949596622763,0.99997988173566,0,25.1126023635466,0.233662502181607,-4.90162371644431
"Q9Z0T9",0.176403263519225,0.904471739446385,0.99997988173566,0,25.4334693187895,0.127971855522875,-4.91287441311502
"Q60870",0.36994505307753,0.799513120797714,0.99997988173566,1,23.705297804297,0.271780036925625,-4.89601507668242
"Q921V5",-1.41403094166451,0.11482840904247,0.99997988173566,0,26.7314208639102,-2.02124047422288,-4.23417551689297
"O35127",-1.34232473841075,0.159512845701671,0.99997988173566,0,23.3090686209375,-1.73371785466514,-4.34927175939177
"Q3TW96",-3.08178065459766,0.156384622216131,0.99997988173566,1,25.8022927694117,-1.75083451962127,-4.34214209144308
"O08759",-2.17871035037048,0.118959210727895,0.99997988173566,0,26.5067503892289,-1.98991859443354,-4.24619749705847
"P81117",-0.96213211851181,0.520800652984212,0.99997988173566,0,27.4805337509535,-0.704411138720936,-4.78267267247182
"Q8CCH2",0.501175091901943,0.424426236959883,0.99997988173566,0,25.2916890684444,0.890685440531219,-4.71253950104267
"O08573",0.827962908528274,0.250229251559921,0.99997988173566,0,24.3995670671536,1.34837661991183,-4.51607851446797
"Q9JHH9",0.816124608035169,0.44463771649884,0.99997988173566,0,24.514753964421,0.849030406471469,-4.72899533678242
"Q9D7E3",-0.237461855105136,0.770477657412316,0.99997988173566,0,24.8582339562575,-0.312657642522407,-4.88911751959173
"P47713",-0.162096225028891,0.871038837780711,0.99997988173566,0,25.4168951347924,-0.173249349122125,-4.90884074139025
"P35293",2.5863496708863,0.024029419804508,0.99997988173566,0,25.4716670394057,3.57861496702187,-3.8047519432459
"Q8CAQ8",-0.80187014407558,0.220625529954149,0.99997988173566,0,22.6712053077134,-1.45574020502848,-4.46873950183823
"Q3U4G3",-0.546885276795686,0.493976160261563,0.99997988173566,0,24.8359560836859,-0.753371387210891,-4.76516550541655
"Q62266",1.30361110355947,0.458086636284127,0.99997988173566,0,25.8432814375168,0.822156799161937,-4.73939725114988
"P63254",0.627512791300342,0.701880158138703,0.99997988173566,0,23.8847427621735,0.412009268774964,-4.86870557010282
"Q9Z0U1",1.30859005222616,0.509841812556763,0.99997988173566,0,25.3245309977727,0.724180928804055,-4.77569263199993
"Q9CQQ8",-0.167343679568274,0.78248182794951,0.99997988173566,0,24.4235608363574,-0.295684492397141,-4.89209093102458
"Q9R111",-1.46850437616968,0.188493509596763,0.99997988173566,0,26.4227500040954,-1.5902047654364,-4.41019139161694
"P26369",0.235197243681247,0.823660792258788,0.99997988173566,0,24.8569554540085,0.238208233562853,-4.90099722514733
"Q8VE47",1.5754263387489,0.0640770962928227,0.99997988173566,0,24.2984828901356,2.55781870129483,-4.04995488059168
"Q9JLJ2",-0.209916488185423,0.926727008993091,0.99997988173566,2,24.3611301778786,-0.0980198494906213,-4.91488428619562
"Q921F2",-0.820290328972094,0.441100708154241,0.99997988173566,0,24.945344227678,-0.856206761376805,-4.72618830500288
"P61961",1.43400983302797,0.208706301045781,0.99997988173566,1,23.5207740463161,1.50312694497848,-4.4479819788099
"Q9D3R6;Q3UMC0",-1.35261440626029,0.352441055534779,0.99997988173566,0,30.1013220820043,-1.05416641753251,-4.64479884762632
"Q91ZF0",2.16964619430007,0.111158004197903,0.99997988173566,1,23.8938404703557,2.05013194386448,-4.22320594547111
"Q61768",0.394829187580923,0.869440597611647,0.99997988173566,1,23.4010569231908,0.175424019413536,-4.90861710927488
"Q9D0J8",0.437329791614069,0.502557184435729,0.99997988173566,0,27.3516228012424,0.7374975502048,-4.7709221556267
"Q9D8U8",2.16026268583124,0.397531356372531,0.99997988173566,1,25.0472716610742,0.948751342777403,-4.6889976629102
"Q91WK5",0.288476578665958,0.792992032341954,0.99997988173566,0,25.9977175731039,0.28090931166914,-4.89455305960302
"Q9D8C4",1.32877695347889,0.216204464952501,0.99997988173566,1,24.1597001168624,1.47300639802553,-4.46116318603348
"P62855",1.83387319060723,0.426482555438179,0.99997988173566,1,24.2272840608206,0.886373844431856,-4.71426053608175
"Q6P8J2",1.44271495825329,0.0753375470702315,0.99997988173566,0,23.5248306954618,2.40472880629295,-4.0982762011055
"P97352",-0.688202758102421,0.364980355959371,0.99997988173566,0,23.6171466841517,-1.02371300510094,-4.65773299000635
"P29595",-2.70869457837674,0.0772202578568353,0.99997988173566,0,26.0004389273984,-2.38169670762496,-4.10583785924373
"Q9JJ59",-0.28821733496097,0.697185794338323,0.99997988173566,0,30.6587237115666,-0.418977560456587,-4.8670878471075
"Q8VDJ3",0.095964253459588,0.86694770002586,0.99997988173566,0,29.6644315977361,0.178818088079876,-4.90826264035338
"Q8VEE0",0.921925566635977,0.563294988599471,0.99997988173566,1,24.6064187177566,0.630472589158378,-4.80762058250212
"Q9ERG0",0.256432529355887,0.773579713865442,0.99997988173566,1,22.3414808716134,0.308261176521846,-4.88990249038784
"Q8CGF7",-0.0213789316464893,0.97696957399788,0.99997988173566,0,22.4494718686265,-0.0307529194070517,-4.91746403644011
"Q9D0E1",-1.49565026470514,0.479717271720386,0.99997988173566,0,25.0785571129207,-0.780219435450316,-4.75526205767665
"Q91UZ5",0.889550989538582,0.291333140100285,0.99997988173566,0,24.3176868193089,1.21839763660218,-4.57346677121455
"P28076",-0.521342782798109,0.589154532169971,0.99997988173566,0,25.3274045038778,-0.587350385149256,-4.82125825426065
"Q6ZPG2",1.23807137266573,0.47910032673905,0.99997988173566,1,25.6337779239524,0.78139487201919,-4.75482382424546
"P97363",-0.501328678081813,0.569080020592784,0.99997988173566,0,29.6076046352759,-0.620711762338318,-4.81076907291021
"O54774",-1.59284737978705,0.325490386857517,0.99997988173566,1,24.3084938476797,-1.12306986715236,-4.61514238655017
"O70475",-0.531154048558835,0.718308175080786,0.99997988173566,1,22.0638199444851,-0.387808984831544,-4.87413869178262
"P00796;P06281",-1.14796649174061,0.52404525270347,0.99997988173566,2,23.9946701158019,-0.698616535710418,-4.78469482524205
"P25119",1.18105106510554,0.553837806024826,0.99997988173566,2,23.0718088072184,0.646578594581356,-4.80234904081388
"P55271",0.423703109023458,0.498178400793763,0.99997988173566,1,21.4693219081139,0.745571956313721,-4.76800336023681
"P62918",-1.07040945969415,0.174925280964213,0.99997988173566,1,22.9610905361224,-1.65427508291594,-4.38275731571384
"Q64374",0.84778089650487,0.509518464823823,0.99997988173566,2,22.836253964389,0.72476900261496,-4.77548311746441
"Q69ZN7",-0.82967305910393,0.5399876151854,0.99997988173566,2,22.5200558653723,-0.67051594027265,-4.79434343220168
"Q6Y685",0.343324456793079,0.792363836994107,0.99997988173566,2,22.1537737876433,0.28179027000915,-4.89440957469411
"Q8BJU0",-0.959632307403323,0.603270010902323,0.99997988173566,1,24.2246331663553,-0.564337828206346,-4.82823996801276
"Q8BTW3",0.00586312816573219,0.997087941761988,0.99997988173566,2,22.5604457880551,0.0038877639566406,-4.91774171208351
"Q8K4Q8",-1.11053073787284,0.617483079375595,0.99997988173566,1,23.5411600132967,-0.54151150222443,-4.83495255574757
"Q8QZZ7",-0.913663461005518,0.581678534529827,0.99997988173566,2,22.9646407776682,-0.59968472294874,-4.8174300251626
"Q8VBV3",1.27448441298683,0.413916392757557,0.99997988173566,2,22.4997732191562,0.912997278707367,-4.70357167350305
"Q91VJ2",0.429177589971064,0.779789826144453,0.99997988173566,2,23.6479609327061,0.299481524914168,-4.89143915937732
"Q9CXA2",-0.625460783876945,0.572252422139198,0.99997988173566,2,23.5917680002483,-0.615387721935508,-4.812471453815
"Q9D0F3",-0.197008085575525,0.929595067978803,0.99997988173566,2,22.8465078799913,-0.0941686058170264,-4.91510438185528
"Q9D0L7",-1.35496774666136,0.139630479193302,0.99997988173566,1,24.4215931686853,-1.84922641967698,-4.30180140104553
"Q9DCS2",-0.716497192384249,0.590068065036583,0.99997988173566,2,21.978037063036,-0.585850265120948,-4.82171979153322
"Q9JHP7",-0.349571446198922,0.807933737912533,0.99997988173566,2,23.1506174580963,-0.260032502507803,-4.89782925581151
"Q9JJN1",0.519805290477733,0.541508228706293,0.99997988173566,2,22.8467774923128,0.667866841206639,-4.79523923773163
"Q9JLQ0",-0.380084751914454,0.56413626818177,0.99997988173566,1,22.2010941364262,-0.6290488954755,-4.80808200994252
"Q9JLZ6",-0.92471382840547,0.771945415885938,0.99997988173566,2,25.1923077132453,-0.31057650914742,-4.88949038100371
"Q9QZJ6",-0.476961607532456,0.829962605664448,0.99997988173566,2,23.4295058080462,-0.229503213644102,-4.90218681423888
"Q9QZM0",0.000489577105740607,0.99976140543727,0.99997988173566,2,23.1748068840368,0.000318536358755136,-4.91774619247964
"Q9R062",-2.23739847893614,0.528220916660943,0.99997988173566,1,23.436693027157,-0.691197427406645,-4.78726785704917
"Q9R069",0.347037393580233,0.852038377569153,0.99997988173566,2,24.1189657780325,0.199172453042888,-4.9059982590791
"Q9R1C7",-0.950496820368726,0.446922255869624,0.99997988173566,2,21.88840187885,-0.844419764257455,-4.73079239461417
"Q9WVH9",-2.44745548158,0.079581667054243,0.99997988173566,1,25.0152052886015,-2.35369531744142,-4.11513458557049
"Q9Z1K5",0.407962525655169,0.68935963854636,0.99997988173566,2,22.6568777687679,0.430649475800857,-4.86432552096878
"Q62000",-2.22424654702628,0.425788650950782,0.99997988173566,1,26.0093314403722,-0.887826864248291,-4.71368098434528
"Q925S4",0.217890796150485,0.933638138190828,0.99997988173566,2,24.2729779113638,0.0887425042917329,-4.91539960972606
"P41245",-0.366927443157506,0.932215406978322,0.99997988173566,2,25.281148938041,-0.0906515321264545,-4.91529772608538
"P14719",2.39380853161415,0.456905470642943,0.99997988173566,2,23.9264785392281,0.824491497446567,-4.73850061277376
"Q9QUN9",0.279731465377159,0.944432554870132,0.99997988173566,2,25.4745141652305,0.074271066348754,-4.91610178839554
"Q61955",-0.0470720271939182,0.982483354465408,0.99997988173566,1,24.6959617971076,-0.0233883239084939,-4.91758299457558
"Q62009",1.1059964000802,0.814895800383577,0.99997988173566,2,26.0910324833863,0.250353200737962,-4.89926689332518
"Q811B3",0.245349848959124,0.836114374590967,0.99997988173566,1,22.3020734504876,0.221026192072524,-4.90330438520198
"Q6W5C0",-0.166055120399348,0.933972207845853,0.99997988173566,2,23.7368335606853,-0.0882943070155531,-4.91542321736613
"Q91YK8",-0.420124026876894,0.827393059871364,0.99997988173566,2,24.506574325732,-0.233050014160102,-4.90170724564496
"A2AVA0",1.04931023662138,0.723247499638343,0.99997988173566,2,24.057156598762,0.380586889592008,-4.87570372187508
"Q01279",-0.980300070594081,0.798392286389851,0.99997988173566,1,26.274667134617,-0.27334715243262,-4.89576734447538
"Q9DAU7",-1.61859962397319,0.701439639680698,0.99997988173566,1,27.6701616939851,-0.412662144101408,-4.86855500544588
"P58686",0.376784143055916,0.89821628084626,0.99997988173566,2,24.4914288695908,0.136415152481371,-4.91221273934508
"O88839",-0.581394546467622,0.757532512182265,0.99997988173566,2,23.1862685636977,-0.331085926391939,-4.88571574388049
"Q61362",0.889051232401898,0.675888042938049,0.99997988173566,2,24.909905777759,0.450908177877863,-4.85937660353014
"Q9D6X6",-2.11512057216878,0.369081488738036,0.99997988173566,1,24.448986517781,-1.01395422269135,-4.66185157112967
"P05017",0.515259365610657,0.589804121033131,0.99997988173566,2,23.1435601823532,0.586283533366383,-4.82158658021201
"Q61330",0.182722691856861,0.969641690215806,0.99997988173566,2,26.4182688755201,0.0405438856588536,-4.91725581762541
"Q03350",-0.716860412396778,0.850631029801049,0.99997988173566,2,25.6130079115729,-0.20109892538009,-4.90577168071336
"Q8K209",-0.304325886336023,0.932467842430388,0.99997988173566,2,25.2654533402526,-0.0903127830252303,-4.91531596216859
"Q9D256",0.972452313230892,0.630384463521027,0.99997988173566,2,22.8063432078335,0.521073574418621,-4.84077752127407
"Q8R366",0.210846721711454,0.950216393243168,0.99997988173566,2,25.7489931071445,0.0665252710558201,-4.91642662183815
"O88338",-0.798589415874343,0.769885855959052,0.99997988173566,2,23.985592107906,-0.313497226049926,-4.88896644513858
"P21765",-0.213644283743243,0.964728422027338,0.99997988173566,2,25.94767075107,-0.0471112842804584,-4.91708415029905
"Q922P8",-1.56943954510375,0.45092652458231,0.99997988173566,1,24.5842634397135,-0.836384039034943,-4.73391226504783
"Q64253",-0.405926372634136,0.779955047982986,0.99997988173566,2,22.7024643008477,-0.299248329688117,-4.89147941140022
"P16056",0.207649336008652,0.963636219384039,0.99997988173566,1,25.8308762150962,0.0485715283289928,-4.91704249064398
"O35902",0.112418558559996,0.97059327425018,0.99997988173566,2,23.7951486087426,0.0392722002442613,-4.9172860898305
"P70412",0.725671605295612,0.858384803837154,0.99997988173566,2,25.9503551939312,0.190496304853216,-4.9069924544538
"Q66K08",2.00903458297475,0.608869018417166,0.99997988173566,2,25.2068067534604,0.555305632077325,-4.8309217862428
"O35054",0.60642427765081,0.644770984164369,0.99997988173566,2,23.684358701984,0.498579911882238,-4.84698012420808
"Q10738",1.37155891271707,0.768258380336976,0.99997988173566,2,25.5702942564393,0.315807509863868,-4.88854879961287
"P50404",0.256834372122129,0.923202434615363,0.99997988173566,2,25.0266575478365,0.102755167413706,-4.91460166848075
"Q8K1M6",-2.09846591769215,0.532998304295713,0.99997988173566,1,25.7225998783558,-0.682761070438681,-4.7901715212978
"P97927",-0.728045592343709,0.705824090457561,0.99997988173566,1,24.2526995733889,-0.406173478448207,-4.87004215150728
"Q61087",-0.564952472064552,0.742900311634866,0.99997988173566,2,22.9276882721303,-0.352082901115833,-4.88162286652006
"Q8BMS2",1.61598106709317,0.541882689719786,0.99997988173566,2,23.9293424206933,0.667215293612796,-4.79545919086967
"O09126",0.244425578675457,0.895250512557163,0.99997988173566,2,23.1991993197188,0.140422398318923,-4.91188412888631
"Q61092",0.806655302561299,0.840437969628046,0.99997988173566,2,25.1585618800156,0.215080164987793,-4.90406412394911
"Q8JZQ5",0.174091290633216,0.965018217144247,0.99997988173566,2,25.0166327555157,0.046723857719901,-4.91709499021895
"Q9CQW9;Q99J93",-1.11598855547067,0.448656777677388,0.99997988173566,2,22.6295765518695,-0.840931855002932,-4.73214848593498
"Q8BZQ2",0.333048052153191,0.882221701154003,0.99997988173566,2,23.7023059455084,0.158061000059389,-4.91032651976558
"Q91Z98",0.757718079633443,0.695806552928481,0.99997988173566,2,23.2530725155633,0.421029537650467,-4.86660697816491
"Q9JJ00",-0.121573505463402,0.965636858481206,0.99997988173566,2,24.0284638107122,-0.0458968265977979,-4.91711783097877
"P12970",-0.252831453145649,0.923197597672777,0.99997988173566,1,23.7796472249121,-0.102761667869955,-4.91460127142498
"O55201",-0.4148866457008,0.818286561141616,0.99997988173566,2,22.7361430186592,-0.245649592628783,-4.89994676753482
"Q8BVE3",-1.44403185083868,0.586118950088017,0.99997988173566,1,24.8051292797682,-0.592346139080419,-4.81971485826872
"Q62523",-0.083538103132922,0.961771422958411,0.99997988173566,2,23.7984065663043,-0.0510650108916751,-4.91696841959899
"Q3TJD7",0.726609767578529,0.564586122274917,0.99997988173566,2,23.3912076590893,0.628288205640818,-4.80832824789413
"P61211",-2.1281384636663,0.157982496990858,0.99997988173566,1,24.6548759409245,-1.74204635023896,-4.34579871249435
"Q6NZN0;Q5SFM8",0.16745142699022,0.782290981564348,0.99997988173566,2,22.2746161537345,0.29595350558782,-4.89204500943499
"Q9WVE8",-0.164406100768393,0.95357452700348,0.99997988173566,2,23.8484949288463,-0.0620303451178245,-4.91659879197699
"Q3U7R1",0.127587249634204,0.943789653416813,0.99997988173566,1,22.8749446367637,0.0751323831694057,-4.91606346853004
"Q8BK67",-0.315988342280843,0.910606061429358,0.99997988173566,1,24.6213954331007,-0.119703127986086,-4.91348195057866
"Q8CJ53",1.71945961898503,0.209694603849622,0.99997988173566,2,22.739592343241,1.49909434047312,-4.44974387363886
"P70336;P70335",-1.50798241739178,0.393650903240335,0.99997988173566,2,23.6425167461993,-0.957402253422109,-4.68543620900871
"P97449",-0.736891536959795,0.653497472337943,0.99997988173566,1,24.510461562899,-0.485080273314364,-4.85059532801215
"Q3UGC7;Q66JS6",-2.00889249075936,0.0714696651991147,0.99997988173566,1,23.4816750387656,-2.45417619921672,-4.08230117355602
"P24288",0.0936016297549462,0.965886626804866,0.99997988173566,2,24.0632350197832,0.0455629348327633,-4.91712693693445
"Q8BP67",-0.938460201624855,0.317206749862653,0.99997988173566,2,22.2577384037786,-1.14529912142846,-4.60547943056993
"P00920",-0.736376461990457,0.856907652799926,0.99997988173566,1,25.1065166103177,-0.19251408497869,-4.90676507447469
"Q6ZWN5",-1.25187138434753,0.580408726104489,0.99997988173566,2,22.8455514607089,-0.601790138348356,-4.81677066733304
"P31725",0.451520413323096,0.801343411722691,0.99997988173566,2,23.2799663371841,0.269222746060424,-4.8964164508862
"Q7TNG8",-0.80855611959812,0.769590622717056,0.99997988173566,2,23.5694736438667,-0.313916172012608,-4.88889091993997
"Q8VHI3",-1.84219560135489,0.241819469392175,0.99997988173566,1,24.7922062852517,-1.37753080053709,-4.50319649021238
"P62307",-3.33346205895258,0.184900751497853,0.99997988173566,1,24.9497184381014,-1.60668969549183,-4.4030995696422
"Q923D4",-1.45221355340789,0.222089461904506,0.99997988173566,1,23.4328859496409,-1.45010000614263,-4.47121727766894
