UniProt Accession Number,Gene names,Intensity 31578,Intensity 31580,Intensity 31579,Intensity 31581,ratio_rep1,ratio_rep2,log2_rep1,log2_rep2,log2FC,complete,regulated
P19137,Lama1,221670000000.0,107470000000.0,119690000000,120100000000,0.5399467677177787,1.1175211686982414,-0.8891109130466827,0.16030215998731392,-0.3644043765296844,True,NO CHANGE
P16546,Sptan1,11001000000.0,8045800000.0,6124400000,7281800000,0.5567130260885375,0.9050436252454697,-0.844994254806526,-0.14394075969881903,-0.4944675072526725,True,NO CHANGE
P02469,Lamb1,142020000000.0,60200000000.0,81201000000,109600000000,0.5717574989438108,1.8205980066445182,-0.8065247123123286,0.8644124062008246,0.02894384694424801,True,NO CHANGE
P02468,Lamc1,131780000000.0,57350000000.0,91938000000,87224000000,0.6976627712854758,1.5209067131647778,-0.5193982443537388,0.6049316661577883,0.04276671090202472,True,NO CHANGE
Q9JHU4,Dync1h1,1933700000.0,655880000.0,855090000,237200000,0.4422040647463412,0.3616515216198085,-1.1772158083979973,-1.4673278731891743,-1.3222718407935858,True,DOWN
Q62261,Sptbn1,3667500000.0,4221700000.0,1507700000,2351600000,0.4110974778459441,0.5570267901556245,-1.2824475741417047,-0.8441813793593723,-1.0633144767505385,True,DOWN
Q05793,Hspg2,12600000000.0,13960000000.0,8894500000,23877000000,0.7059126984126984,1.7103868194842407,-0.5024383212421161,0.7743226405739936,0.13594215966593876,True,NO CHANGE
Q64727,Vcl,31161000000.0,30374000000.0,25489000000,44538000000,0.8179776002053849,1.466319878843748,-0.28986675846249177,0.5521998628721031,0.13116655220480566,True,NO CHANGE
Q80X90,Flnb,2996900000.0,5937000000.0,843850000,3345100000,0.2815742934365511,0.5634327101229577,-1.828412466965017,-0.8276847729879356,-1.3280486199764763,True,DOWN
P19096,Fasn,7212000000.0,5586600000.0,3690400000,5894900000,0.5117027176927343,1.0551856227401282,-0.9666221992540481,0.07749681262966696,-0.44456269331219056,True,NO CHANGE
P01027,C3,24116000000.0,122930000000.0,20733000000,88345000000,0.8597196881738265,0.7186610266005043,-0.21806174949408222,-0.476616644885949,-0.3473391971900156,True,NO CHANGE
P11087,Col1a1,28260000000.0,134990000000.0,20608000000,96745000000,0.7292285916489738,0.716682717238314,-0.45555696710668475,-0.48059353045876557,-0.46807524878272516,True,NO CHANGE
Q8BTM8,Flna,3337500000.0,9931500000.0,3247700000,9942700000,0.9730936329588015,1.0011277249156723,-0.039349464283745125,0.0016260464490117684,-0.018861708917366677,True,NO CHANGE
P02463,Col4a1,13491000000.0,22020000000.0,7696100000,10721000000,0.5704617893410422,0.4868755676657584,-0.8097978397044862,-1.0383749896219703,-0.9240864146632282,True,DOWN
Q9QXS1,Plec,839810000.0,2173400000.0,1154500000,1683000000,1.3747157095057216,0.7743627496089077,0.4591333008975318,-0.36891854083770637,0.045107380029912714,True,NO CHANGE
P10493,Nid1,122840000000.0,87879000000.0,83562000000,169460000000,0.6802507326603712,1.928333276436919,-0.5558614895646834,0.9473544160441885,0.19574646323975253,True,NO CHANGE
P08121,Col3a1,11953000000.0,71312000000.0,9361700000,42633000000,0.7832092361750188,0.5978376710792013,-0.35253031653241534,-0.7421742875889488,-0.5473523020606821,True,NO CHANGE
Q61316,Hspa4,13825000000.0,8795500000.0,6464800000,13901000000,0.46761663652802893,1.5804672844067988,-1.0966018369392494,0.6603511718367978,-0.2181253325512258,True,NO CHANGE
P57780,Actn4,28655000000.0,43536000000.0,20632000000,56018000000,0.7200139591694295,1.2867052554208012,-0.4739032180139537,0.3636816143650028,-0.05511080182447545,True,NO CHANGE
Q01853,Vcp,77878000000.0,65623000000.0,52317000000,54700000000,0.6717815044043247,0.833549212928394,-0.5739360192784563,-0.2626607161294257,-0.418298367703941,True,NO CHANGE
Q01149,Col1a2,14275000000.0,69717000000.0,9016700000,36501000000,0.6316427320490368,0.5235595335427514,-0.6628193188288134,-0.9335745006853607,-0.7981969097570871,True,DOWN
Q3U1J4,Ddb1,17261000000.0,7665900000.0,10895000000,9422600000,0.631191703841029,1.2291576983785335,-0.6638498516812105,0.29767002236107853,-0.18308991466006597,True,NO CHANGE
Q60847,Col12a1,1458000000.0,3840900000.0,9566300000,18537000000,6.5612482853223595,4.82621260642037,2.7139703154107524,2.2708914711840436,2.492430893297398,True,UP
P07901,Hsp90aa1,80575000000.0,57511000000.0,21644000000,22550000000,0.2686192987899473,0.3920989028185912,-1.8963651368518182,-1.350710490014222,-1.62353781343302,True,DOWN
Q7TPR4,Actn1,19059000000.0,30230000000.0,13833000000,31602000000,0.7257988351959704,1.0453853787628185,-0.4623583533888607,0.06403488636004351,-0.1991617335144086,True,NO CHANGE
P08113,Hsp90b1,51398000000.0,30708000000.0,35954000000,31493000000,0.6995213821549476,1.025563371108506,-0.515559938201494,0.03641664087604764,-0.2395716486627232,True,NO CHANGE
Q3UQ28,Pxdn,9752200000.0,15739000000.0,8553400000,21331000000,0.8770738910194623,1.3552957621195756,-0.18922970407966908,0.4386077209383157,0.1246890084293233,True,NO CHANGE
P20029,Hspa5,88100000000.0,62530000000.0,49734000000,56713000000,0.5645175936435868,0.9069726531264993,-0.8249095504403343,-0.1408690433547003,-0.4828892968975173,True,NO CHANGE
P20152,Vim,79586000000.0,91471000000.0,82392000000,103250000000,1.0352574573417435,1.128773053754742,0.049989595010329006,0.17475545321930827,0.11237252411481864,True,NO CHANGE
P11276,Fn1,1769200000.0,15289000000.0,1580900000,13428000000,0.8935677142211169,0.8782785008829878,-0.16235103459718603,-0.1872496060011939,-0.17480032029918996,True,NO CHANGE
O88207,Col5a1,6460400000.0,13185000000.0,3026300000,7132900000,0.46843848678100425,0.5409859689040576,-1.0940684827393417,-0.8863369183122396,-0.9902027005257906,True,DOWN
P11499,Hsp90ab1,47703000000.0,46922000000.0,43070000000,63350000000,0.9028782256881118,1.3501129534120455,-0.14739667533497913,0.43308011135798447,0.14284171801150267,True,NO CHANGE
A2ARV4,Lrp2,1436100000.0,843010000.0,1135100000,347360000,0.7904045679270246,0.41204730667489115,-0.33933681027926743,-1.2791181138203347,-0.809227462049801,True,DOWN
Q68FD5,Cltc,4123200000.0,3160800000.0,3425600000,3720900000,0.8308110205665502,1.177201974183751,-0.26740774147411034,0.23536186681221555,-0.016022937330947395,True,NO CHANGE
Q9JKR6,Hyou1,7976800000.0,2693600000.0,4197300000,1952900000,0.526188446494835,0.72501485001485,-0.9263485232509044,-0.4639175496585871,-0.6951330364547458,True,DOWN
P26041,Msn,25694000000.0,33874000000.0,20441000000,33581000000,0.7955553825795906,0.9913502981637834,-0.32996572763495186,-0.012533164493562165,-0.17124944606425702,True,NO CHANGE
P70398,Usp9x,856490000.0,206520000.0,256270000,212900000,0.2992095646183843,1.0308928917296145,-1.7407718013230424,0.043894446578296525,-0.848438677372373,True,DOWN
P58252,Eef2,22796000000.0,26074000000.0,20634000000,26851000000,0.9051587997894367,1.0297998005676152,-0.14375717609364416,0.042363895853814254,-0.050696640119914954,True,NO CHANGE
Q61147,Cp,15313000000.0,86555000000.0,7946500000,125440000000,0.5189381571214001,1.4492519207440355,-0.9463654748597845,0.5353083976676662,-0.20552853859605913,True,NO CHANGE
Q6ZQ38,Cand1,8627700000.0,5708600000.0,3285300000,6897300000,0.3807851455196634,1.2082296885400974,-1.3929508948736335,0.2728947419298997,-0.5600280764718669,True,NO CHANGE
P63017,Hspa8,57602000000.0,55320000000.0,43543000000,53668000000,0.7559286135898059,0.9701373825018077,-0.4036780954710611,-0.043739031072507165,-0.22370856327178412,True,NO CHANGE
Q64514,Tpp2,4370500000.0,2122400000.0,2764200000,1477300000,0.6324676810433589,0.6960516396532228,-0.6609363345899035,-0.5227337521639561,-0.5918350433769298,True,DOWN
P27546,Map4,4663600000.0,2186500000.0,2286700000,2480300000,0.49032935929324983,1.1343699977132404,-1.0281769468907949,0.18189128119966047,-0.4231428328455672,True,NO CHANGE
Q9WTQ5,Akap12,8015900000.0,2575600000.0,3925300000,3255300000,0.48968924263027236,1.263899673862401,-1.0300615912532283,0.3378819494599226,-0.34608982089665286,True,NO CHANGE
P27773,Pdia3,90794000000.0,93288000000.0,76820000000,78815000000,0.8460911513976694,0.8448567875825401,-0.24111499822590446,-0.24322128527354805,-0.24216814174972626,True,NO CHANGE
P58771,Tpm1,24168000000.0,18189000000.0,16336000000,14735000000,0.6759351208209202,0.8101050085216339,-0.5650433178501394,-0.3038191678106852,-0.4344312428304123,True,NO CHANGE
P09103,P4hb,59146000000.0,65454000000.0,50367000000,56172000000,0.8515706894802691,0.8581904849207077,-0.2318018008853004,-0.22063018941258622,-0.2262159951489433,True,NO CHANGE
P52480,Pkm,30305000000.0,54250000000.0,30012000000,49621000000,0.9903316284441511,0.9146728110599078,-0.014016379193691076,-0.12867232774991605,-0.07134435347180357,True,NO CHANGE
Q8K411,Pitrm1,2958000000.0,945950000.0,1224700000,656610000,0.41402974983096685,0.6941275965960146,-1.2721936595502625,-0.5267272072193764,-0.8994604333848195,True,DOWN
Q6IRU2,Tpm4,8842600000.0,12910000000.0,7496300000,13789000000,0.8477483997919164,1.0680867544539117,-0.238291938862189,0.09502883348359292,-0.07163155268929804,True,NO CHANGE
Q91V92,Acly,5927400000.0,4106200000.0,4573500000,6171400000,0.7715861929345076,1.5029467634309093,-0.37410076741939297,0.5877939077942227,0.10684657018741486,True,NO CHANGE
Q8BKC5,Ipo5,6306700000.0,5492500000.0,4544700000,4048800000,0.7206145844895111,0.7371506599908967,-0.4727002441804353,-0.4399685851892793,-0.4563344146848573,True,NO CHANGE
P17156,Hspa2,4649800000.0,736210000.0,3311500000,1057300000,0.7121811690825411,1.4361391450808871,-0.48968380525546484,0.5221955362034276,0.01625586547398139,True,NO CHANGE
Q11011,Npepps,9532000000.0,7411500000.0,6892300000,8275800000,0.7230696600923207,1.1166160696215341,-0.46779345265064803,0.15913322372098365,-0.1543301144648322,True,NO CHANGE
E9Q557,Dsp,482450000.0,182200000.0,65161000,191660000,0.13506270079801017,1.05192096597146,-2.8882987829431395,0.07302631462609054,-1.4076362341585245,True,DOWN
Q6P5F9,Xpo1,4594500000.0,1765300000.0,2899600000,3013900000,0.6311024050495158,1.7073018750354048,-0.6640539735621271,0.771718169737534,0.05383209808770345,True,NO CHANGE
Q9EPL2,Clstn1,5881400000.0,3990800000.0,3438900000,4518500000,0.5847077226510695,1.132229126992082,-0.774212448744298,0.17916594308633757,-0.2975232528289802,True,NO CHANGE
Q921I1,Tf,9822600000.0,16300000000.0,8639800000,11738000000,0.8795838169120193,0.7201226993865031,-0.18510703398183118,-0.473685351228488,-0.32939619260515957,True,NO CHANGE
Q02819,Nucb1,20940000000.0,20963000000.0,16482000000,20973000000,0.787106017191977,1.0004770309593092,-0.3453701260211585,0.0006880461027440867,-0.17234103995920722,True,NO CHANGE
Q91ZX7,Lrp1,616220000.0,901940000.0,391620000,476500000,0.635519781896076,0.5283056522606825,-0.6539910620266143,-0.920555249742808,-0.7872731558847111,True,DOWN
P06801,Me1,49177000000.0,40095000000.0,42746000000,54773000000,0.8692274843931106,1.3660805586731513,-0.2021943025923297,0.4500425628164048,0.12392413011203755,True,NO CHANGE
P09470,Ace,8033100000.0,7725800000.0,5736600000,6869900000,0.7141203271464316,0.8892153563385021,-0.4857609103368139,-0.16939523163030573,-0.32757807098355984,True,NO CHANGE
Q80YX1,Tnc,783070000.0,4713500000.0,910600000,3044800000,1.162859003665062,0.6459743290548424,0.2176761810375377,-0.6304512613631377,-0.20638754016279998,True,NO CHANGE
P13020,Gsn,12304000000.0,17234000000.0,11320000000,10084000000,0.9200260078023407,0.5851224324010676,-0.1202534502425819,-0.7731895656835217,-0.4467215079630518,True,NO CHANGE
Q8VHY0,Cspg4,1202600000.0,931490000.0,282240000,444340000,0.23469150174621653,0.4770206872859612,-2.0911624925259096,-1.0678762609465287,-1.579519376736219,True,DOWN
P26039,Tln1,466810000.0,363020000.0,185690000,226450000,0.397784966046143,0.6237948322406479,-1.329939343151442,-0.6808564939734247,-1.0053979185624333,True,DOWN
Q02053,Uba1,5035800000.0,3624500000.0,3129100000,2629500000,0.6213709837563048,0.7254793764657194,-0.6864732215773949,-0.46299349216465485,-0.5747333568710249,True,NO CHANGE
Q8BHN3,Ganab,8321400000.0,7655100000.0,4314800000,8801800000,0.5185185185185185,1.149795561129182,-0.9475325801058645,0.2013773662438787,-0.3730776069309929,True,NO CHANGE
Q61598,Gdi2,23816000000.0,21743000000.0,17311000000,14438000000,0.7268642929123278,0.6640298026951202,-0.46024205979049426,-0.5906801014543606,-0.5254610806224274,True,NO CHANGE
P48722,Hspa4l,2337400000.0,442310000.0,1714000000,300240000,0.7332934029263284,0.6787999366959825,-0.4475375346556773,-0.5589416645506817,-0.5032395996031795,True,NO CHANGE
O88844,Idh1,26143000000.0,27113000000.0,17994000000,24912000000,0.6882913208124546,0.9188212296684247,-0.5389087768565476,-0.12214390384031198,-0.33052634034842976,True,NO CHANGE
P35441,Thbs1,4073200000.0,24938000000.0,4013400000,31819000000,0.9853186683688501,1.275924292244767,-0.021337703390995593,0.351542728441826,0.1651025125254152,True,NO CHANGE
Q61292,Lamb2,2372600000.0,1128800000.0,1460100000,1222500000,0.6154008260979517,1.083008504606662,-0.7004017145785659,0.11504457212969432,-0.2926785712244358,True,NO CHANGE
P15626,Gstm2,157020000000.0,106230000000.0,105870000000,138210000000,0.6742453190676347,1.3010449025698956,-0.5686544942683105,0.3796707542132948,-0.09449187002750783,True,NO CHANGE
P08003,Pdia4,10610000000.0,9774800000.0,4191900000,5328200000,0.3950895381715363,0.5450955518271473,-1.3397484501103085,-0.875418947448882,-1.1075836987795953,True,DOWN
Q04857,Col6a1,3972900000.0,30095000000.0,3197600000,12591000000,0.8048528782501447,0.41837514537298554,-0.3132030026127179,-1.2571309476816253,-0.7851669751471716,True,DOWN
Q06890,Clu,348930000000.0,485710000000.0,187450000000,453330000000,0.5372137678044306,0.9333347058944638,-0.8964318160180402,-0.09953355192339997,-0.4979826839707201,True,NO CHANGE
Q07113,Igf2r,334700000.0,208050000.0,311730000,357350000,0.9313713773528532,1.7176159577024754,-0.10257154855218698,0.7804074998906467,0.3389179756692299,True,NO CHANGE
P09411,Pgk1,18997000000.0,30204000000.0,10108000000,20267000000,0.5320840132652525,0.6710038405509204,-0.9102740372214463,-0.5756070710432587,-0.7429405541323525,True,DOWN
P17182,Eno1,40757000000.0,44413000000.0,26323000000,35114000000,0.6458522462399097,0.7906243667394681,-0.6307239423492297,-0.33893567573733024,-0.48482980904328,True,NO CHANGE
P05064,Aldoa,58959000000.0,54767000000.0,32034000000,53571000000,0.5433267185671399,0.978162031880512,-0.8801081003417516,-0.03185462845412354,-0.45598136439793757,True,NO CHANGE
P14733,Lmnb1,3052300000.0,2293500000.0,1279600000,1828400000,0.4192248468368116,0.7972095051231742,-1.2542038690760566,-0.32696918336528824,-0.7905865262206724,True,DOWN
P26043,Rdx,2437300000.0,2445700000.0,2091000000,1449300000,0.8579165469987281,0.5925910782189149,-0.22109077710036712,-0.7548911889834082,-0.4879909830418877,True,NO CHANGE
P40142,Tkt,19486000000.0,22121000000.0,12095000000,33779000000,0.6207020424920455,1.5270105329777135,-0.6880272016051503,0.6107100135573604,-0.03865859402389493,True,NO CHANGE
Q8VHX6,Flnc,195400000.0,682560000.0,155890000,403920000,0.797799385875128,0.5917721518987342,-0.3259020820103537,-0.7568862882894661,-0.5413941851499099,True,NO CHANGE
P48678,Lmna,2275100000.0,4344300000.0,1914000000,3890800000,0.841281701903213,0.8956103399857285,-0.24933912926032878,-0.15905691042170597,-0.20419801984101738,True,NO CHANGE
Q8VDM4,Psmd2,4088700000.0,2873300000.0,2970100000,2285600000,0.7264167094675569,0.7954616642884488,-0.4611307061507148,-0.3301356905078116,-0.3956331983292632,True,NO CHANGE
P26040,Ezr,1687500000.0,1407400000.0,648790000,1921700000,0.38446814814814817,1.3654256075031974,-1.379064014027075,0.4493507138762666,-0.4648566500754041,True,NO CHANGE
Q93092,Taldo1,29678000000.0,30931000000.0,42688000000,66199000000,1.4383718579419098,2.140215317965795,0.5244366995990202,1.0977559473436886,0.8110963234713544,True,UP
Q8K010,Oplah,1281500000.0,612940000.0,797910000,676290000,0.62263753413968,1.103354325056286,-0.6835355462123134,0.14189616437766317,-0.2708196909173251,True,NO CHANGE
P63038,Hspd1,9871300000.0,6317100000.0,7472800000,4619600000,0.7570228845238216,0.7312849250447199,-0.40159118187582177,-0.4514944727595236,-0.4265428273176727,True,NO CHANGE
P70663,Sparcl1,4226800000.0,9360200000.0,2460900000,12932000000,0.582213494842434,1.3815944103758466,-0.7803798155149269,0.4663341511675472,-0.15702283217368984,True,NO CHANGE
Q9R0B9,Plod2,14213000000.0,10877000000.0,16168000000,14175000000,1.1375501301625273,1.3032086053139653,0.1859301241625688,0.3820680353747748,0.2839990797686718,True,NO CHANGE
P27046,Man2a1,2612400000.0,2091500000.0,2313700000,2114200000,0.8856606951462257,1.0108534544585226,-0.17517400015502874,0.015573861879650201,-0.07980006913768926,True,NO CHANGE
P21107,Tpm3,1814300000.0,2586300000.0,2837300000,3790100000,1.5638538279226148,1.46545257704056,0.6451056714775413,0.5513462822714648,0.5982259768745031,True,UP
Q8BHG1,Nrd1,2388000000.0,1778900000.0,121660000,1216100000,0.0509463986599665,0.6836247119006127,-4.294876022167525,-0.548723545895426,-2.4217997840314753,True,DOWN
P62259,Ywhae,32934000000.0,33045000000.0,56646000000,46588000000,1.719985425396247,1.4098350733847784,0.7823963400450221,0.4955264018249655,0.6389613709349938,True,UP
Q99KI0,Aco2,2746600000.0,1299800000.0,2026900000,595970000,0.7379669409451686,0.4585090013848284,-0.4383719062476723,-1.124978038000991,-0.7816749721243317,True,DOWN
Q921M3,Sf3b3,3295300000.0,1979800000.0,2487600000,2923000000,0.7548933329287166,1.4764117587635115,-0.405655290087409,0.5620951329713214,0.07821992144195619,True,NO CHANGE
P14211,Calr,68634000000.0,59059000000.0,86690000000,40301000000,1.2630766092607162,0.6823854111989706,0.33694214541894035,-0.5513412914549009,-0.10719957301798025,True,NO CHANGE
P10649,Gstm1,94505000000.0,83097000000.0,109160000000,111220000000,1.155071160256071,1.3384358039399737,0.2079817342267188,0.42054794394059836,0.3142648390836586,True,NO CHANGE
Q00493,Cpe,84029000000.0,55538000000.0,110470000000,61794000000,1.314665175118114,1.1126435953761389,0.3946954141912295,0.1539915391966843,0.27434347669395687,True,NO CHANGE
O35206,Col15a1,8311700000.0,7842900000.0,5753600000,3743600000,0.6922290265529314,0.4773234390340308,-0.5306786570159379,-1.0669609130166433,-0.7988197850162906,True,DOWN
O88342,Wdr1,14592000000.0,19698000000.0,12850000000,18865000000,0.8806195175438597,0.9577114427860697,-0.18340927519613878,-0.062337055596664866,-0.12287316539640182,True,NO CHANGE
P17710,Hk1,2054600000.0,2490400000.0,2121600000,2704400000,1.0326097537233525,1.0859299710889816,0.04629513054277644,0.1189310703428519,0.08261310044281417,True,NO CHANGE
Q99MD9,Nasp,3074500000.0,634880000.0,1585100000,714300000,0.5155635062611806,1.125094506048387,-0.955777947555805,0.17004619049197728,-0.3928658785319139,True,NO CHANGE
Q6P5E4,Uggt1,2170400000.0,2350300000.0,2353200000,2298300000,1.0842241061555473,0.9778751648725694,0.11666298863143897,-0.03227779179008416,0.04219259842067741,True,NO CHANGE
P37889,Fbln2,3241000000.0,8715300000.0,2665500000,11234000000,0.8224313483492749,1.2889975101258706,-0.2820328385680062,0.3662494769404264,0.04210831918621011,True,NO CHANGE
Q99KK7,Dpp3,5001500000.0,4602700000.0,2662100000,2183200000,0.532260321903429,0.47433028439828795,-0.9097960723525876,-1.076036112288118,-0.9929160923203528,True,DOWN
Q8K0E8,Fgb,7745100000.0,18310000000.0,13514000000,22937000000,1.7448451278873094,1.2527034407427635,0.803098988787591,0.3250449180845717,0.5640719534360814,True,NO CHANGE
Q5SUR0,Pfas,2539400000.0,1873500000.0,2065100000,2307800000,0.8132235961250689,1.2318121163597544,-0.2982760185159042,0.3007822239980889,0.00125310274109236,True,NO CHANGE
P22777,Serpine1,46746000000.0,120370000000.0,42249000000,81329000000,0.9037992555512772,0.6756583866411897,-0.14592572620874353,-0.5656340916769096,-0.3557799089428266,True,NO CHANGE
Q3U962,Col5a2,719270000.0,8091000000.0,376680000,6215900000,0.5236976378828534,0.7682486713632432,-0.9331939973034186,-0.38035472811542187,-0.6567743627094202,True,DOWN
P60710,Actb,2447100000.0,363070000.0,1289700000,2302700000,0.5270319970577418,6.342303137136089,-0.9240375417626143,2.665006834236351,0.8704846462368684,True,UP
P63260,Actg1,108290000000.0,104350000000.0,74256000000,113930000000,0.6857142857142857,1.0918064206995688,-0.5443205162238103,0.12671708642868607,-0.2088017148975621,True,NO CHANGE
P18760,Cfl1,20120000000.0,20040000000.0,11077000000,23143000000,0.5505467196819086,1.1548403193612775,-0.8610630980488073,0.20769338290399467,-0.32668485757240634,True,NO CHANGE
P06151,Ldha,39897000000.0,76510000000.0,45130000000,38558000000,1.13116274406597,0.5039602666318128,0.17780650949227278,-0.9886181020211485,-0.40540579626443785,True,NO CHANGE
Q9DCD0,Pgd,14109000000.0,26149000000.0,9851900000,11016000000,0.6982706074137076,0.42127806034647597,-0.5181418488313214,-1.2471553108493565,-0.882648579840339,True,DOWN
Q9JHR7,Ide,1892800000.0,1106900000.0,1034100000,1579100000,0.5463334742180896,1.426596801879122,-0.8721462742513627,0.5125776444679524,-0.17978431489170515,True,NO CHANGE
O35685,Nudc,3273200000.0,1123200000.0,2273200000,1078100000,0.6944885738726628,0.9598468660968661,-0.525977136537931,-0.05912383816286799,-0.2925504873503995,True,NO CHANGE
Q9EQH2,Erap1,3294700000.0,1692400000.0,2123600000,2092300000,0.6445503384223146,1.236291656818719,-0.6336350595645296,0.3060191333793482,-0.16380796309259069,True,NO CHANGE
P50247,Ahcy,7496800000.0,5585200000.0,3210600000,2848200000,0.4282627254295166,0.5099548807562845,-1.2234319795966635,-0.9715584873889159,-1.0974952334927897,True,DOWN
Q80W21,Gstm7,5766400000.0,4839000000.0,4354500000,5999300000,0.7551505271920089,1.2397809464765448,-0.4051638435783583,0.3100852372659024,-0.047539303156227924,True,NO CHANGE
P05202,Got2,17492000000.0,13299000000.0,11250000000,13273000000,0.6431511548136291,0.9980449657869013,-0.6367702520894459,-0.0028232788675271567,-0.31979676547848657,True,NO CHANGE
Q9D964,Gatm,9875700000.0,5632800000.0,4378500000,3915400000,0.44336097694340654,0.6951072290867775,-1.1734462999815247,-0.5246925459159799,-0.8490694229487523,True,DOWN
Q9R1E6,Enpp2,4423700000.0,1639100000.0,3598700000,3730400000,0.8135045324050003,2.275883106582881,-0.29777771105470774,1.1864264601559267,0.44432437455060947,True,NO CHANGE
O09159,Man2b1,3407100000.0,3348700000.0,2421700000,3752400000,0.71078042910393,1.1205542449308687,-0.49252413668258416,0.1642124899893228,-0.16415582334663067,True,NO CHANGE
P12023,App,12767000000.0,14358000000.0,8948500000,20526000000,0.7009085924649487,1.4295862933556205,-0.512701784454786,0.5155977072294008,0.001447961387307406,True,NO CHANGE
Q8BGQ7,Aars,1459000000.0,351290000.0,909180000,411050000,0.6231528444139822,1.1701158586922487,-0.6823420298191005,0.22665138492439277,-0.2278453224473539,True,NO CHANGE
P40124,Cap1,4579000000.0,6409700000.0,4885900000,4924400000,1.0670233675474994,0.7682730861038738,0.09359177117241052,-0.380308880375142,-0.14335855460136573,True,NO CHANGE
P60843,Eif4a1,17236000000.0,16641000000.0,12834000000,12877000000,0.7446043165467626,0.7738116699717565,-0.42545411522418214,-0.3699456084383277,-0.39769986183125494,True,NO CHANGE
P70168,Kpnb1,5574600000.0,6656000000.0,5660700000,7727600000,1.0154450543536755,1.1609975961538461,0.02211217763891716,0.2153649851057055,0.11873858137231133,True,NO CHANGE
P42932,Cct8,1896300000.0,1348500000.0,2142600000,2470200000,1.1298845119443126,1.8318131256952168,0.17617531904760325,0.8732723329194595,0.5247238259835314,True,NO CHANGE
P68254,Ywhaq,9152600000.0,10319000000.0,8966000000,11568000000,0.9796123505889037,1.1210388603546855,-0.029717131907234445,0.16483628944509623,0.0675595787689309,True,NO CHANGE
Q8C1A5,Thop1,5975500000.0,3698200000.0,5145900000,3073800000,0.8611664295874822,0.8311611054026283,-0.21563601413238417,-0.2667999506977447,-0.24121798241506442,True,NO CHANGE
Q8CG14,C1sa,44294000000.0,32231000000.0,48072000000,27523000000,1.0852937192396261,0.8539294468058701,0.11808554031461523,-0.2278112181892273,-0.05486283893730604,True,NO CHANGE
P08071,Ltf,2229000000.0,77109000000.0,775160000,57047000000,0.34776132794975323,0.7398228481759587,-1.5238305851212703,-0.43474823854394395,-0.9792894118326072,True,DOWN
Q02788,Col6a2,1566300000.0,17259000000.0,1339300000,5250900000,0.855072463768116,0.30424126542673385,-0.22588140741632776,-1.7167122502110428,-0.9712968288136853,True,DOWN
P97798,Neo1,2331800000.0,1400100000.0,4567800000,5488900000,1.9589158589930526,3.920362831226341,0.9700554310815388,1.9709871825515022,1.4705213068165204,True,UP
Q64449,Mrc2,741490000.0,1039900000.0,391970000,379980000,0.528624796018827,0.36540051928070005,-0.9196839963278866,-1.4524494106670116,-1.186066703497449,True,DOWN
P37804,Tagln,9810600000.0,10596000000.0,11115000000,10740000000,1.1329582288545044,1.013590033975085,0.1800946712772576,0.019474244503152802,0.0997844578902052,True,NO CHANGE
P63101,Ywhaz,70749000000.0,86657000000.0,54547000000,61754000000,0.7709932295862839,0.7126256390135823,-0.3752099035994259,-0.4887837048594056,-0.4319968042294158,True,NO CHANGE
P09405,Ncl,4957100000.0,10717000000.0,2839200000,7599500000,0.5727542313045935,0.7091070262200243,-0.8040118832000929,-0.4959247036088214,-0.6499682934044572,True,DOWN
Q8CFX1,H6pd,5683200000.0,5446800000.0,3593900000,3303700000,0.6323726069819819,0.6065396195931556,-0.6611532202764564,-0.721326208612155,-0.6912397144443057,True,DOWN
O88569,Hnrnpa2b1,13825000000.0,12226000000.0,12102000000,11607000000,0.875370705244123,0.9493701946671029,-0.19203399067531407,-0.07495733760047327,-0.13349566413789365,True,NO CHANGE
Q8CG16;Q8CFG9,C1ra;C1rb,12746000000.0,8392200000.0,10894000000,7493900000,0.8546995135728856,0.8929601296441935,-0.22651079357169995,-0.16333233392913116,-0.19492156375041556,True,NO CHANGE
Q8K2I4,Manba,2615400000.0,3248300000.0,1646200000,3555700000,0.6294257092605338,1.0946341163069913,-0.667891987326379,0.13044872663144857,-0.2687216303474652,True,NO CHANGE
Q640N1,Aebp1,548690000.0,4910700000.0,583830000,4044700000,1.0640434489420256,0.8236503960738795,0.089557062768962,-0.27989598912614105,-0.09516946317858953,True,NO CHANGE
Q61207,Psap,15423000000.0,6831400000.0,14787000000,10830000000,0.9587628865979382,1.5853265802031795,-0.060754031079096237,0.6647800688232194,0.30201301887206156,True,NO CHANGE
Q8CG19,Ltbp1,2110200000.0,1812500000.0,1190200000,1835200000,0.5640223675480998,1.0125241379310346,-0.8261757178823504,0.017956301338803608,-0.4041097082717734,True,NO CHANGE
O35887,Calu,17832000000.0,16516000000.0,13356000000,20141000000,0.7489905787348586,1.2194841365948172,-0.41698052319663687,0.2862709912584574,-0.06535476596908973,True,NO CHANGE
P68369,Tuba1a,28114000000.0,19820000000.0,0,46145000,,,,,,False,NO CHANGE
Q3TXS7,Psmd1,1501200000.0,1083200000.0,1203600000,1497800000,0.8017585931254996,1.3827548005908419,-0.31876018355363916,0.467545350751418,0.07439258359888942,True,NO CHANGE
O08638,Myh11,342990000.0,327390000.0,74296000,230260000,0.21661272923408845,0.7033201991508599,-2.2068100695621213,-0.507746443206015,-1.3572782563840682,True,DOWN
Q9QUR6,Prep,2589800000.0,2228700000.0,1902800000,1694200000,0.7347285504672175,0.7601740925203033,-0.444716758174788,-0.39559823731361976,-0.42015749774420386,True,NO CHANGE
P06745,Gpi,31221000000.0,35216000000.0,28283000000,28774000000,0.9058966721117196,0.8170717855520218,-0.14258159112058774,-0.2914652599554109,-0.2170234255379993,True,NO CHANGE
Q60854,Serpinb6,16076000000.0,12568000000.0,9767400000,14638000000,0.6075765115700423,1.1647040101845958,-0.7188619974246293,0.2199633649271254,-0.24944931624875194,True,NO CHANGE
Q9D0F9,Pgm1,8394700000.0,8193000000.0,7429100000,8498200000,0.8849750437776216,1.0372513120956914,-0.1762913229978491,0.05276548218208674,-0.061762920407881186,True,NO CHANGE
Q922R8,Pdia6,22513000000.0,12660000000.0,10498000000,6639100000,0.46630835517256697,0.5244154818325435,-1.1006438152030402,-0.9312178173495578,-1.015930816276299,True,DOWN
Q61425,Hadh,18888000000.0,6421500000.0,5642900000,9128200000,0.2987558238034731,1.42150587868878,-1.7429612583111402,0.5074200653451011,-0.6177705964830196,True,DOWN
P21180,C2,3491400000.0,3803800000.0,3006900000,2723900000,0.861230451967692,0.7160996897839003,-0.21552876269519664,-0.48176765272532635,-0.3486482077102615,True,NO CHANGE
Q04998,Inhba,2401800000.0,3983800000.0,1612000000,3392600000,0.6711632941960196,0.8515989758522015,-0.575264277693365,-0.23175388010635994,-0.40350907889986243,True,NO CHANGE
Q61581,Igfbp7,17171000000.0,41913000000.0,12387000000,37354000000,0.721390716906412,0.8912270655882423,-0.4711472367178728,-0.16613504847847432,-0.31864114259817355,True,NO CHANGE
P68372;Q9D6F9,Tubb4b;Tubb4a,20471000000.0,13645000000.0,14964000000,11585000000,0.7309852962727761,0.8490289483327226,-0.4520857081456226,-0.2361143504093188,-0.3441000292774707,True,NO CHANGE
Q9JII6,Akr1a1,14417000000.0,10247000000.0,10423000000,11946000000,0.7229659429839772,1.1658046257441201,-0.4680004076630982,0.22132603117364313,-0.12333718824472753,True,NO CHANGE
Q8CI94,Pygb,2534500000.0,2144800000.0,1492000000,2359700000,0.5886762675083843,1.100195822454308,-0.7644536283342387,0.13776033005925306,-0.3133466491374928,True,NO CHANGE
P05201,Got1,8360200000.0,5445400000.0,5939200000,4242600000,0.7104136264682663,0.779116318360451,-0.4932688405506201,-0.36008936301325134,-0.4266791017819357,True,NO CHANGE
P29758,Oat,13981000000.0,7805600000.0,9528200000,7217600000,0.6815106215578285,0.9246694680742031,-0.5531919528247529,-0.11299034221900807,-0.33309114752188046,True,NO CHANGE
P17563;Q63836,Selenbp1;Selenbp2,11950000000.0,10454000000.0,10744000000,5757400000,0.8990794979079498,0.5507365601683566,-0.15347940832803086,-0.8605657111619229,-0.5070225597449769,True,NO CHANGE
Q02257,Jup,359810000.0,113090000.0,115480000,154180000,0.32094716656012895,1.3633389335927137,-1.6395922704840937,0.44714426869269547,-0.5962240008956992,True,DOWN
Q8VCM7,Fgg,8821000000.0,13900000000.0,7931400000,25373000000,0.8991497562634622,1.8253956834532374,-0.1533666736687597,0.8682092249136536,0.35742127562244697,True,NO CHANGE
P00342,Ldhc,27312000000.0,7952600000.0,18763000000,10300000000,0.6869874048037493,1.2951739053894324,-0.5416444459076584,0.3731458242425385,-0.08424931083255993,True,NO CHANGE
E9PV24,Fga,5469900000.0,10457000000.0,8362700000,16544000000,1.528857931589243,1.5820981160944823,0.6124543511628497,0.6618390733970428,0.6371467122799463,True,UP
Q9JMB7,Piwil1,1087800000.0,0.0,414180000,0,,,,,,False,NO CHANGE
P07214,Sparc,215720000000.0,205790000000.0,154240000000,168410000000,0.7150009271277582,0.8183585208221974,-0.48398298228059844,-0.28919507214118817,-0.3865890272108933,True,NO CHANGE
Q8BND5,Qsox1,7154600000.0,14467000000.0,8485200000,15171000000,1.1859782517541162,1.0486624732149028,0.2460775542564569,0.0685504009121381,0.1573139775842975,True,NO CHANGE
P10605,Ctsb,17342000000.0,28126000000.0,15517000000,26673000000,0.8947641563833468,0.9483396145914812,-0.16042063067153348,-0.07652429257245905,-0.11847246162199626,True,NO CHANGE
Q6GQT1,A2mp,399910000.0,373080000.0,361970000,161540000,0.9051286539471382,0.43299024337943604,-0.14380522510055938,-1.2075935779877605,-0.67569940154416,True,DOWN
Q9QUR8,Sema7a,5013300000.0,3090700000.0,5594800000,3161200000,1.1159914627091936,1.022810366583622,0.15832599064898217,0.03253868804553391,0.09543233934725805,True,NO CHANGE
Q8K4G1,Ltbp4,395280000.0,753610000.0,339210000,885100000,0.8581511839708561,1.1744801687875692,-0.220696259340842,0.2320223535090098,0.005663047084083897,True,NO CHANGE
Q8VDD5,Myh9,422670000.0,1386500000.0,105890000,1087100000,0.2505264154068186,0.7840605842048323,-1.9969653662483926,-0.35096295948193573,-1.1739641628651643,True,DOWN
P05214,Tuba3a,1517400000.0,100160000.0,778890000,53424000,0.5133056544088572,0.5333865814696486,-0.9621099419899871,-0.906746563756865,-0.934428252873426,True,DOWN
Q62318,Trim28,1214000000.0,219610000.0,918820000,335700000,0.7568533772652388,1.5286189153499385,-0.4019142562096316,0.6122287876926412,0.1051572657415048,True,NO CHANGE
O55029,Copb2,2176200000.0,1363200000.0,1703900000,1412700000,0.7829703152283798,1.0363116197183098,-0.3529704832645701,0.051457887794845544,-0.15075629773486227,True,NO CHANGE
Q9ERK4,Cse1l,1869300000.0,893660000.0,1549700000,855590000,0.8290269084684107,0.9573999060045207,-0.27050916556210525,-0.06280643047039587,-0.16665779801625055,True,NO CHANGE
P28271,Aco1,2416900000.0,1962200000.0,1307700000,2125200000,0.5410650006206297,1.0830700234430741,-0.8861261728501764,0.11512652014689463,-0.3854998263516409,True,NO CHANGE
Q99JY9,Actr3,7362200000.0,7528400000.0,4354000000,4515400000,0.591399309988862,0.5997821582275118,-0.7577955346828074,-0.7374894880183787,-0.747642511350593,True,DOWN
Q9EQK5,Mvp,1242800000.0,945160000.0,75610000,1296600000,0.0608384293530737,1.3718312243429684,-4.038873281843498,0.4561029984340921,-1.7913851417047026,True,DOWN
P24549,Aldh1a1,9159200000.0,9000200000.0,11953000000,5991700000,1.3050266398812123,0.6657296504522122,0.38407925724131914,-0.5869916700476024,-0.10145620640314165,True,NO CHANGE
P99024,Tubb5,4465900000.0,3603600000.0,3616400000,4869300000,0.80978078326877,1.3512321012321011,-0.3043966877482693,0.4342755077769761,0.06493941001435341,True,NO CHANGE
B2RQC6,Cad,201050000.0,107570000.0,100800000,46754000,0.5013678189505099,0.4346379101980106,-0.9960586973004439,-1.202114079435409,-1.0990863883679265,True,DOWN
P10630,Eif4a2,1410100000.0,480930000.0,988110000,328230000,0.7007375363449401,0.6824901752853846,-0.5130539158697031,-0.5511198168681675,-0.5320868663689353,True,NO CHANGE
P10126,Eef1a1,12059000000.0,16595000000.0,11982000000,13795000000,0.9936147275893523,0.8312744802651401,-0.009241537207938431,-0.266603172725027,-0.1379223549664827,True,NO CHANGE
Q8R016,Blmh,6734300000.0,6236900000.0,5413200000,2469400000,0.8038251934128269,0.39593387740704516,-0.3150462999712223,-1.3366685804970249,-0.8258574402341236,True,DOWN
Q00519,Xdh,1262400000.0,1106400000.0,674360000,838040000,0.5341888466413182,0.7574475777295734,-0.904578240709996,-0.4007820504821515,-0.6526801455960738,True,DOWN
Q9JHU9,Isyna1,33628000000.0,25428000000.0,25089000000,28223000000,0.7460746996550494,1.109918200408998,-0.42260800941138454,0.15045335566291074,-0.1360773268742369,True,NO CHANGE
P16125,Ldhb,71360000000.0,35205000000.0,47038000000,33664000000,0.659164798206278,0.9562278085499218,-0.6012888954628219,-0.0645737328393865,-0.3329313141511042,True,NO CHANGE
P24527,Lta4h,6025800000.0,4250100000.0,4909800000,6862200000,0.8147963755849845,1.6145973035928567,-0.2954885320322589,0.6911743874869277,0.19784292772733442,True,NO CHANGE
Q62356,Fstl1,10866000000.0,22155000000.0,8417600000,11265000000,0.7746732928400515,0.5084631008801624,-0.36834009182389715,-0.9757850132505176,-0.6720625525372074,True,DOWN
Q91WP6,Serpina3n,17620000000.0,51400000000.0,22888000000,24894000000,1.298978433598184,0.4843190661478599,0.3773774785154071,-1.0459702963757964,-0.33429640893019463,True,NO CHANGE
Q8BH34,Sema3d,4927400000.0,2889300000.0,5913100000,2552200000,1.2000446482932174,0.8833281417644412,0.26308808306122555,-0.1789786201464949,0.042054731457365324,True,NO CHANGE
O08999,Ltbp2,514300000.0,2967200000.0,492430000,2231600000,0.9574761812171884,0.7520895119978431,-0.06269149679729728,-0.41102371645493374,-0.23685760662611552,True,NO CHANGE
P35951,Ldlr,2671300000.0,2203300000.0,1570400000,2167500000,0.587878561000262,0.9837516452593836,-0.7664099288343262,-0.023633951453445275,-0.39502194014388575,True,NO CHANGE
P15116,Cdh2,4307800000.0,2152000000.0,4890600000,3772800000,1.1352894749059845,1.7531598513011153,0.18306020127313843,0.8099575455357761,0.49650887340445726,True,NO CHANGE
P63005,Pafah1b1,2651600000.0,1747800000.0,1926600000,719640000,0.7265801780057324,0.411740473738414,-0.4608060870790631,-1.280192823561927,-0.8704994553204951,True,DOWN
P68510,Ywhah,6754300000.0,9696400000.0,9990300000,15369000000,1.4791022015604873,1.5850212449981436,0.5647217418151685,0.6645021778082497,0.6146119598117091,True,UP
Q91VI7,Rnh1,8597000000.0,11109000000.0,8115100000,4797300000,0.9439455624054903,0.43183904941938966,-0.08322443351233695,-1.2114343886818948,-0.6473294110971158,True,DOWN
Q9EQH3,Vps35,1715800000.0,774540000.0,1363500000,305330000,0.7946730388157128,0.39420817517494255,-0.33156669650962495,-1.3429703992719428,-0.8372685478907839,True,DOWN
Q60864,Stip1,1559600000.0,1406300000.0,877970000,667980000,0.5629456270838676,0.4749911114271493,-0.8289325106362659,-1.0740275785384201,-0.951480044587343,True,DOWN
P45376,Akr1b1,14212000000.0,10761000000.0,12423000000,7578100000,0.8741204615817619,0.7042189387603383,-0.19409598524018748,-0.5059040683562747,-0.35000002679823106,True,NO CHANGE
Q8JZQ9,Eif3b,1141400000.0,1227100000.0,521480000,1445600000,0.45687751883651656,1.1780620976285552,-1.130120639999176,0.2364155880474575,-0.4468525259758592,True,NO CHANGE
Q04447,Ckb,7166000000.0,8117700000.0,7666800000,10439000000,1.0698855707507675,1.2859553814504108,0.09745650191757033,0.36284058661846946,0.2301485442680199,True,NO CHANGE
Q8CIE6,Copa,1013200000.0,945240000.0,951450000,743540000,0.9390544808527438,0.7866150395666709,-0.09071923415847483,-0.3462703249543256,-0.2184947795564002,True,NO CHANGE
P56399,Usp5,1754200000.0,1103500000.0,1508700000,1386000000,0.8600501653175237,1.256003624830086,-0.21750728257952415,0.3288406278575997,0.05566667263903778,True,NO CHANGE
Q9CPV4,Glod4,5558900000.0,3813200000.0,2353100000,1227200000,0.4233031714907626,0.32182943459561525,-1.2402367971668784,-1.6356318135645693,-1.4379343053657239,True,DOWN
Q91YI0,Asl,4309600000.0,2820900000.0,2191300000,1521200000,0.5084694635232968,0.5392605196922968,-0.9757669602271052,-0.8909456796724693,-0.9333563199497872,True,DOWN
P48774,Gstm5,7846400000.0,3319200000.0,6001000000,5432800000,0.7648093393148451,1.6367799469751747,-0.38682795428189937,0.7108603751123687,0.16201621041523465,True,NO CHANGE
Q6WKZ8,Ubr2,400330000.0,23578000.0,140080000,13840000,0.34991132315839435,0.5869878700483502,-1.5149387438273338,-0.7685974041617534,-1.1417680739945437,True,DOWN
P06797,Ctsl,81052000000.0,59205000000.0,49753000000,72781000000,0.6138404974584217,1.229304957351575,-0.7040642657087182,0.2978428537765913,-0.20311070596606343,True,NO CHANGE
P08122,Col4a2,4158400000.0,10404000000.0,4794400000,7959700000,1.1529434397845326,0.7650615148019992,0.2053217400982297,-0.3863523424652979,-0.09051530118353411,True,NO CHANGE
Q8BPB5,Efemp1,11399000000.0,7982200000.0,10278000000,10754000000,0.9016580401789631,1.3472476259677784,-0.14934770938688238,0.4300150445064455,0.14033366755978155,True,NO CHANGE
Q9WVA4,Tagln2,4313700000.0,7088600000.0,4703600000,8820300000,1.090386443192619,1.2442936546003442,0.12483953029651286,0.315327003185815,0.22008326674116394,True,NO CHANGE
P61982,Ywhag,16167000000.0,18139000000.0,8951300000,13040000000,0.5536772437681697,0.7188929929985115,-0.8528828668197889,-0.4761510529563244,-0.6645169598880567,True,DOWN
P35487,Pdha2,3235100000.0,551460000.0,1459900000,1179800000,0.4512688943154771,2.1394117433721394,-1.1479407569826678,1.0972141650443155,-0.02536329596917619,True,NO CHANGE
P30416,Fkbp4,2603400000.0,1908400000.0,2037800000,822460000,0.7827456403165092,0.4309683504506393,-0.3533845269258674,-1.214346170641403,-0.7838653487836351,True,DOWN
Q9CVB6,Arpc2,5306000000.0,5514400000.0,4697200000,2037400000,0.8852619675838673,0.3694690265486726,-0.17582365278945122,-1.4364746699411355,-0.8061491613652934,True,DOWN
P50396,Gdi1,2298300000.0,1989900000.0,2675400000,1171500000,1.1640777966322935,0.5887230514096186,0.21918747840518962,-0.7643389775080405,-0.27257574955142544,True,NO CHANGE
P35700,Prdx1,47059000000.0,44905000000.0,45851000000,76714000000,0.9743300962621391,1.7083620977619418,-0.037517464715387756,0.7726137953793527,0.3675481653319825,True,NO CHANGE
O08709,Prdx6,21770000000.0,24802000000.0,11081000000,34694000000,0.5090032154340836,1.3988388033223127,-0.9742533248807839,0.4842297215830762,-0.24501180164885383,True,NO CHANGE
Q9CR16,Ppid,2992600000.0,2184800000.0,2370300000,2285200000,0.792053732540266,1.0459538630538265,-0.3363297895321386,0.06481921581866221,-0.1357552868567382,True,NO CHANGE
Q9QUM9,Psma6,9241200000.0,8824800000.0,12912000000,14560000000,1.3972211401116739,1.6498957483455716,0.48256037614741204,0.7223748680489686,0.6024676220981903,True,UP
Q8K1J6,Trnt1,2894100000.0,1581800000.0,1904800000,484150000,0.6581666148370824,0.30607535718801365,-0.6034752465328523,-1.7080411999531862,-1.1557582232430192,True,DOWN
O70435,Psma3,10815000000.0,8460800000.0,11486000000,7097800000,1.062043458159963,0.8389041225416036,0.08684280153668862,-0.2534221588799439,-0.08328967867162765,True,NO CHANGE
Q9R1P0,Psma4,8634800000.0,9079300000.0,6715500000,5428700000,0.7777250196877751,0.5979205445353717,-0.3626679433486521,-0.7419743121710616,-0.5523211277598569,True,NO CHANGE
P29341,Pabpc1,1976500000.0,2226500000.0,1589800000,1828300000,0.8043511257272957,0.8211542780148214,-0.31410267213645393,-0.2842747946664366,-0.29918873340144525,True,NO CHANGE
Q9R1P4,Psma1,11744000000.0,11137000000.0,10127000000,11111000000,0.8623126702997275,0.9976654395259047,-0.2137170166404515,-0.0033719964166964967,-0.108544506528574,True,NO CHANGE
P47962,Rpl5,5934600000.0,4156700000.0,2946300000,3789000000,0.4964614295824487,0.9115404046479179,-1.0102464567140401,-0.13362148876749055,-0.5719339727407653,True,NO CHANGE
P08249,Mdh2,42708000000.0,24002000000.0,29101000000,17896000000,0.6813945864943336,0.745604532955587,-0.5534376092505832,-0.42351746390178563,-0.4884775365761844,True,NO CHANGE
Q8C7R4,Uba6,386700000.0,9344900.0,203980000,8978900,0.5274890095681407,0.9608342518379008,-0.9227870598480528,-0.05764051370653622,-0.4902137867772945,True,NO CHANGE
Q3V1G4,Olfml2b,1920700000.0,329580000.0,2179100000,603020000,1.1345342843754882,1.8296619940530372,0.1821002063228526,0.871577154223423,0.5268386802731377,True,NO CHANGE
Q61398,Pcolce,12650000000.0,13170000000.0,11694000000,9646600000,0.9244268774703557,0.7324677296886865,-0.11336888848998875,-0.44916289472947063,-0.2812658916097297,True,NO CHANGE
Q8BRK9,Man2a2,846040000.0,436070000.0,511480000,302560000,0.6045577041274645,0.6938335588322976,-0.7260480457597173,-0.5273384733607027,-0.6266932595602099,True,DOWN
Q76MZ3,Ppp2r1a,2334700000.0,1703400000.0,2445400000,2124400000,1.0474150854499507,1.2471527533168956,0.06683328853949129,0.3186381796472772,0.19273573409338424,True,NO CHANGE
Q9CZ44,Nsfl1c,2501000000.0,1039600000.0,1594000000,366200000,0.6373450619752099,0.3522508657175837,-0.6498534281904982,-1.5053248426748636,-1.0775891354326808,True,DOWN
P24369,Ppib,14677000000.0,16621000000.0,15716000000,34149000000,1.0707910335899706,2.054569520486132,0.0986769635445936,1.038836147815713,0.5687565556801534,True,NO CHANGE
Q6P5H2,Nes,257760000.0,334720000.0,89088000,59935000,0.34562383612662945,0.17906010994263863,-1.5327253777452028,-2.48148411768471,-2.0071047477149566,True,DOWN
Q9DBJ1,Pgam1,16793000000.0,23278000000.0,15059000000,25959000000,0.8967426904067171,1.1151731248389036,-0.15723401445584187,0.15726769844878472,1.6841996471422815e-05,True,NO CHANGE
Q5XJY5,Arcn1,1200200000.0,1054000000.0,538970000,1343300000,0.4490668221963006,1.2744781783681214,-1.1549979575416662,0.3499066717284073,-0.4025456429066295,True,NO CHANGE
Q9Z1Z0,Uso1,818130000.0,592840000.0,300070000,701150000,0.36677545133414,1.1826968490655152,-1.447031013816154,0.2420803269348854,-0.6024753434406342,True,DOWN
P62908,Rps3,1343700000.0,1181900000.0,350390000,1791300000,0.2607650517228548,1.5156104577375413,-1.9391775653668812,0.5998989996135466,-0.6696392828766673,True,DOWN
P61202,Cops2,1800000000.0,1012600000.0,479400000,453440000,0.2663333333333333,0.4477977483705313,-1.9086950924552666,-1.1590808208791548,-1.5338879566672108,True,DOWN
P26443,Glud1,2556500000.0,2309400000.0,1890500000,1741500000,0.7394875806767064,0.7540919719407638,-0.43540217669970904,-0.4071876040579099,-0.42129489037880946,True,NO CHANGE
Q9Z1N5,Ddx39b,7397500000.0,5865200000.0,5943400000,4485400000,0.803433592429875,0.7647480051831139,-0.3157493115985564,-0.3869436563156302,-0.35134648395709334,True,NO CHANGE
Q9R1P3,Psmb2,4851300000.0,4035400000.0,3936000000,5128500000,0.8113289221445799,1.2708777320711702,-0.30164117656939926,0.34582523898206563,0.022092031206333185,True,NO CHANGE
Q9CPY7,Lap3,3849000000.0,4547600000.0,2903000000,2572600000,0.7542218758118991,0.5657049872460199,-0.4069390991841771,-0.8218782050734585,-0.6144086521288178,True,DOWN
Q8BWT1,Acaa2,4549200000.0,2284000000.0,2883800000,2335400000,0.6339136551481579,1.0225043782837129,-0.6576417494326379,0.03210702068749035,-0.31276736437257374,True,NO CHANGE
P08228,Sod1,14620000000.0,10214000000.0,19430000000,21152000000,1.329001367989056,2.0708831016252205,0.4103425896329071,1.050246117795276,0.7302943537140916,True,UP
P56480,Atp5b,7539500000.0,4927200000.0,8831600000,5106500000,1.171377412295245,1.0363898360123396,0.22820598029779826,0.05156677203309906,0.13988637616544866,True,NO CHANGE
Q7TMM9,Tubb2a,38772000.0,36096000.0,0,57395000,,,,,,False,NO CHANGE
Q60841,Reln,154720000.0,0.0,49562000,0,,,,,,False,NO CHANGE
P29268,Ctgf,5162500000.0,20832000000.0,5238000000,26470000000,1.0146246973365618,1.2706413210445469,0.02094618315642624,0.3455568412171254,0.18325151218677582,True,NO CHANGE
Q810U4,Nrcam,1223900000.0,542470000.0,642330000,665830000,0.524822289402729,1.227404280421037,-0.9300991018217699,0.2956105198178436,-0.31724429100196316,True,NO CHANGE
Q9WU78,Pdcd6ip,733150000.0,2880200000.0,452870000,3645900000,0.6177044261065266,1.26584959377821,-0.6950114266550662,0.34010599623465443,-0.1774527152102059,True,NO CHANGE
Q9DBC7,Prkar1a,1375000000.0,1956100000.0,1386500000,1596700000,1.0083636363636364,0.8162670620111446,0.012015997740094313,-0.29288685199968273,-0.1404354271297942,True,NO CHANGE
Q9ER72,Cars,1051100000.0,535890000.0,428150000,268720000,0.4073351726762439,0.5014461923155872,-1.295711700986189,-0.9958331941381531,-1.145772447562171,True,DOWN
Q922B2,Dars,1672600000.0,1144500000.0,1740500000,654970000,1.0405954800908765,0.5722761031017912,0.05740934598034745,-0.8052167302796089,-0.37390369214963076,True,NO CHANGE
Q8VIJ6,Sfpq,781450000.0,441830000.0,576350000,273520000,0.7375391899673683,0.6190616300387026,-0.43920838427886033,-0.6918450522891456,-0.5655267182840029,True,NO CHANGE
Q9Z2X1,Hnrnpf,4198000000.0,3163300000.0,1680600000,2474900000,0.40033349213911384,0.7823791610027503,-1.320725777383854,-0.3540601508732555,-0.8373929641285548,True,DOWN
Q8BG32,Psmd11,2092800000.0,857910000.0,2156000000,934500000,1.0301987767584098,1.089275098786586,0.04292273214178525,0.12336835583078776,0.0831455439862865,True,NO CHANGE
Q9R0P5,Dstn,4223600000.0,4202100000.0,2479200000,3874300000,0.5869874041102378,0.9219913852597511,-0.7685985493419271,-0.11717482416886489,-0.442886686755396,True,NO CHANGE
Q3THS6,Mat2a,1439600000.0,924960000.0,1005300000,556150000,0.6983189774937483,0.6012692440754195,-0.5180419149991004,-0.7339169307233917,-0.6259794228612461,True,DOWN
P80318,Cct3,1198600000.0,1010100000.0,1949000000,928990000,1.626063741031203,0.9197010197010197,0.7013838115748222,-0.12076315491071077,0.2903103283320557,True,NO CHANGE
Q9JIF7,Copb1,1043200000.0,942530000.0,904990000,959900000,0.8675134202453988,1.018429121619471,-0.20504201884288933,0.026345578294667247,-0.08934822027411105,True,NO CHANGE
Q9CQV8,Ywhab,8454200000.0,6726800000.0,7822600000,12608000000,0.9252915710534408,1.8742938692989237,-0.11202004619880353,0.9063471699351942,0.3971635618681953,True,NO CHANGE
P47757,Capzb,2839600000.0,2625200000.0,2067100000,2242200000,0.7279546414988026,0.8541063538016151,-0.45807953529226086,-0.2275123686612704,-0.3427959519767656,True,NO CHANGE
Q9JIF0,Prmt1,2272000000.0,1803800000.0,1923400000,2650500000,0.8465669014084507,1.469397937687105,-0.2403040107991256,0.5552251549019607,0.15746057205141753,True,NO CHANGE
P45377,Akr1b8,12693000000.0,10733000000.0,9183300000,8800500000,0.7234932640037817,0.8199478244665983,-0.4669485101049009,-0.28639598488611623,-0.37667224749550854,True,NO CHANGE
Q9R1T2,Sae1,1400000000.0,574470000.0,1326800000,687190000,0.9477142857142857,1.1962156422441554,-0.07747590993166897,0.2584774881588997,0.09050078911361537,True,NO CHANGE
Q9Z2W0,Dnpep,8185400000.0,5371900000.0,7492800000,4022600000,0.9153859310479634,0.7488225767419349,-0.12754797616630034,-0.4173041625533627,-0.27242606935983155,True,NO CHANGE
P19324,Serpinh1,7534800000.0,8036900000.0,4650800000,5055400000,0.6172426607209216,0.6290236285134816,-0.6960903176780412,-0.6688138836667974,-0.6824521006724193,True,DOWN
O35660,Gstm6,5010000000.0,1947900000.0,3559400000,3035500000,0.7104590818363273,1.5583448842343035,-0.4931765335709414,0.6400145579897834,0.07341901220942099,True,NO CHANGE
P14152,Mdh1,22569000000.0,21686000000.0,14524000000,11393000000,0.6435375958172714,0.5253619846905838,-0.6359036609483626,-0.9286162843712891,-0.7822599726598258,True,DOWN
Q9CWF2,Tubb2b,0.0,31394000.0,0,143060000,,,,,,False,NO CHANGE
O88968,Tcn2,10720000000.0,5571400000.0,9211600000,3875300000,0.8592910447761194,0.6955702336935061,-0.21878123507395122,-0.5237318997667552,-0.3712565674203532,True,NO CHANGE
P97290,Serping1,6779600000.0,18460000000.0,4508000000,10328000000,0.6649359844238598,0.5594799566630553,-0.5887126405889519,-0.8378416472259458,-0.7132771439074488,True,DOWN
Q08761,Pros1,1815700000.0,4099700000.0,1799800000,2203100000,0.9912430467588258,0.5373807839598019,-0.012689254062416918,-0.8959833615183462,-0.4543363077903816,True,NO CHANGE
P18242,Ctsd,12608000000.0,29305000000.0,8825400000,22649000000,0.6999841370558376,0.7728715236307797,-0.5146058666157408,-0.37169948361650734,-0.4431526751161241,True,NO CHANGE
Q9R118,Htra1,2602400000.0,1734800000.0,3957900000,2728600000,1.5208653550568705,1.5728614249481208,0.6048924343311793,0.6533915694523911,0.6291420018917853,True,UP
Q61696;P17879,Hspa1a;Hspa1b,403220000.0,331790000.0,290000000,488060000,0.7192103566291355,1.4709906868802556,-0.4755142990768332,0.5567881126469897,0.04063690678507825,True,NO CHANGE
P23249,Mov10,301380000.0,28210000.0,188500000,112650000,0.6254562346539253,3.9932647997164126,-0.6770191573495966,1.9975687425372188,0.660274792593811,True,UP
P31254,Uba1y,306920000.0,15722000.0,71351000,0,,,,,,False,NO CHANGE
Q8VI75,Ipo4,689010000.0,454920000.0,553300000,233230000,0.8030362404028969,0.5126835487558252,-0.31646299796699345,-0.9638594903239494,-0.6401612441454714,True,DOWN
Q91YR9,Ptgr1,6257700000.0,5476800000.0,5900300000,3336900000,0.9428863639995525,0.6092791411042945,-0.0848441861004667,-0.7148247448825584,-0.3998344654915126,True,NO CHANGE
P68040,Gnb2l1,3419000000.0,3795500000.0,2087800000,1568600000,0.6106463878326996,0.4132788828876301,-0.7115909066623501,-1.274812445986481,-0.9932016763244156,True,DOWN
Q9WV32,Arpc1b,3277200000.0,2697700000.0,2521100000,2707200000,0.7692847552788966,1.0035215183304296,-0.37841037578147263,0.005071552481055186,-0.18666941165020873,True,NO CHANGE
Q9WVJ2,Psmd13,1996300000.0,1230800000.0,1008100000,1641200000,0.5049842208084957,1.333441663958401,-0.9856897860664741,0.4151547105589902,-0.2852675377537419,True,NO CHANGE
P45591,Cfl2,2524900000.0,1588600000.0,1891200000,1733800000,0.749019763158937,1.0914012337907593,-0.4169243096676418,0.12618157974018396,-0.14537136496372893,True,NO CHANGE
Q8BWZ3,Naa25,842770000.0,3885900000.0,203310000,209640000,0.2412401960202665,0.05394889214853702,-2.051457782311192,-4.212262855793076,-3.131860319052134,True,DOWN
P31001,Des,594620000.0,1606500000.0,636880000,919170000,1.0710705997107397,0.572156862745098,0.09905357859017246,-0.8055173638283294,-0.35323189261907845,True,NO CHANGE
Q9JKB1;P58321,Uchl3;Uchl4,1845100000.0,1148500000.0,1737100000,1892800000,0.9414665871768468,1.648062690465825,-0.08701820065290246,0.7207711220745023,0.31687646071079995,True,NO CHANGE
P54227,Stmn1,2774100000.0,1665600000.0,3443400000,1512100000,1.2412674380880286,0.9078410182516811,0.3118139857628369,-0.13948842100746206,0.08616278237768743,True,NO CHANGE
Q9Z2U0,Psma7,9742400000.0,10664000000.0,8500700000,11265000000,0.8725468057152241,1.056357839459865,-0.1966955715168659,0.07909862803381713,-0.05879847174152438,True,NO CHANGE
Q9DCJ9,Npl,3474200000.0,1607300000.0,1198200000,282890000,0.3448851534166139,0.17600323523922107,-1.535812069751229,-2.506326146589096,-2.0210691081701624,True,DOWN
O08749,Dld,14045000000.0,7529000000.0,6146000000,5387100000,0.4375934496262015,0.7155133483862399,-1.1923369524207983,-0.4829494132310184,-0.8376431828259083,True,DOWN
Q99LX0,Park7,8460800000.0,6013500000.0,6715800000,7521200000,0.7937547276853253,1.2507192150993598,-0.3332348152485993,0.32275794262038454,-0.005238436314107392,True,NO CHANGE
P10518,Alad,5410100000.0,4280800000.0,3216200000,1893100000,0.5944806935176798,0.442230424219772,-0.7502981374287632,-1.1771298129238617,-0.9637139751763124,True,DOWN
P53026,Rpl10a,10164000000.0,11285000000.0,8007000000,13254000000,0.7877804014167651,1.174479397430217,-0.34413456919023216,0.2320214059972324,-0.056056581596499885,True,NO CHANGE
P47877,Igfbp2,657420000.0,4327500000.0,372170000,4064400000,0.5661069027410179,0.9392027729636049,-0.8208535798314147,-0.09049142692605011,-0.45567250337873244,True,NO CHANGE
P97298,Serpinf1,5800700000.0,28591000000.0,4781100000,10367000000,0.824228110400469,0.3625966213143996,-0.2788844271391465,-1.4635626128159651,-0.8712235199775558,True,DOWN
Q04592,Pcsk5,1213000000.0,964250000.0,998320000,751850000,0.8230173124484749,0.7797251750064818,-0.28100531634147835,-0.35896237927276675,-0.3199838478071225,True,NO CHANGE
O09164,Sod3,14718000000.0,6791000000.0,12798000000,7141900000,0.8695474928658785,1.051671329701075,-0.20166326821703054,0.0726839013060361,-0.06448968345549722,True,NO CHANGE
Q62179,Sema4b,1352200000.0,1432600000.0,1141900000,720510000,0.8444756692796923,0.50293871282982,-0.24387223765726077,-0.9915454882631971,-0.617708862960229,True,DOWN
Q60675,Lama2,141330000.0,47891000.0,69595000,36916000,0.4924290667232718,0.7708337683489591,-1.0220121722610551,-0.3755083209152867,-0.6987602465881709,True,DOWN
P29533,Vcam1,1018200000.0,2298900000.0,867070000,2970200000,0.8515714005107051,1.2920092218017312,-0.23180059628811506,0.36961636740037157,0.06890788555612826,True,NO CHANGE
Q9R0E2,Plod1,734730000.0,1918300000.0,1285900000,1953500000,1.7501667279136555,1.0183495803576084,0.8074923655299234,0.026232896652835295,0.4168626310913794,True,NO CHANGE
P54923,Adprh,1514500000.0,917140000.0,1875200000,823850000,1.2381644106965994,0.8982816145844691,0.308202896739513,-0.1547602888162163,0.07672130396164835,True,NO CHANGE
Q9JMH6,Txnrd1,5780200000.0,7475400000.0,6189800000,5214600000,1.0708625999100376,0.6975680231158199,0.09877338284739658,-0.5195941871543917,-0.21041040215349754,True,NO CHANGE
P61979,Hnrnpk,2071900000.0,1753400000.0,1243900000,1178600000,0.6003668130701288,0.6721797650279457,-0.7360838646683252,-0.5730809817761622,-0.6545824232222437,True,DOWN
P11983,Tcp1,2169600000.0,967900000.0,8676100000,6032500000,3.998939896755162,6.232565347659882,1.9996175979010087,2.639826104271225,2.319721851086117,True,UP
Q9D1Q6,Erp44,3263200000.0,1975000000.0,2491400000,1981900000,0.763483696984555,1.003493670886076,-0.3893307440612433,0.005031517537534304,-0.1921496132618545,True,NO CHANGE
Q9CQI6,Cotl1,1987200000.0,2478400000.0,2608300000,2946100000,1.3125503220611916,1.1887104583602324,0.3923727355379308,0.24939735162094057,0.3208850435794357,True,NO CHANGE
Q99JI4,Psmd6,1562400000.0,1274300000.0,4844200000,1660400000,3.1004864311315923,1.3029898767951031,1.632494575734477,0.3818258753456208,1.007160225540049,True,UP
P23492,Pnp,6216600000.0,5601400000.0,3289700000,5236300000,0.5291799375864621,0.9348198664619559,-0.9181697280802545,-0.09723970079487358,-0.507704714437564,True,NO CHANGE
Q7TMK9,Syncrip,699160000.0,1469700000.0,323220000,648190000,0.4622976142799931,0.44103558549363814,-1.1131061774255648,-1.181033028800784,-1.1470696031131744,True,DOWN
Q6PDN3,Mylk,1740000000.0,1126000000.0,957690000,708420000,0.5503965517241379,0.6291474245115453,-0.8614566634121581,-0.6685299797053522,-0.7649933215587552,True,DOWN
Q00915,Rbp1,3733000000.0,1424000000.0,2200000000,4047900000,0.5893383337798017,2.842626404494382,-0.762831984891048,1.5072245035880647,0.37219625934850836,True,NO CHANGE
Q9WUB3,Pygm,328560000.0,485610000.0,427850000,670650000,1.3021974677380084,1.3810465188113918,0.3809482381540535,0.4657619157785787,0.4233550769663161,True,NO CHANGE
P17742,Ppia,49720000000.0,31887000000.0,41548000000,72055000000,0.8356395816572808,2.2596983096559726,-0.25904726487077834,1.1761301725445987,0.4585414538369102,True,NO CHANGE
Q64737,Gart,906770000.0,571220000.0,412380000,366690000,0.45477905091699106,0.6419418087601975,-1.1367622958776533,-0.6394855701535752,-0.8881239330156143,True,DOWN
Q921M7,Fam49b,2675400000.0,1189700000.0,1487900000,881180000,0.5561411377737908,0.7406741195259309,-0.8464770376096076,-0.43308916714130924,-0.6397831023754584,True,DOWN
P21981,Tgm2,1493500000.0,976770000.0,1534900000,1606100000,1.0277201205222632,1.6442970197692395,0.03944742823754918,0.7174709256884867,0.37845917696301795,True,NO CHANGE
P57759,Erp29,4026900000.0,4765700000.0,3735000000,5061300000,0.9275124785815392,1.0620265648278322,-0.10856140327079443,0.08681985320991423,-0.010870775030440101,True,NO CHANGE
Q62348,Tsn,5433800000.0,3082700000.0,3258000000,3194400000,0.599580404137068,1.0362344697829824,-0.7379748618955387,0.05135047997437107,-0.34331219096058385,True,NO CHANGE
P47791,Gsr,4468800000.0,3393400000.0,3964500000,3624200000,0.8871509129967776,1.0680143808569575,-0.1727485530298616,0.0949310731034958,-0.038908739963182906,True,NO CHANGE
P58389,Ppp2r4,4400200000.0,1523600000.0,2877700000,610280000,0.6539930003181673,0.4005513258072985,-0.6126529002348137,-1.3199409764898022,-0.9662969383623079,True,DOWN
Q9JHW2,Nit2,2734300000.0,1886800000.0,1191600000,916470000,0.4357970961489229,0.48572715709137165,-1.1982715115255707,-1.041781944935522,-1.1200267282305463,True,DOWN
Q9QXT0,Cnpy2,2018300000.0,1041000000.0,833440000,1753400000,0.41294158450180846,1.6843419788664746,-1.2759903851801102,0.7521850844409896,-0.2619026503695603,True,NO CHANGE
P97807,Fh,3698900000.0,3405000000.0,2717100000,1770900000,0.7345697369488227,0.5200881057268723,-0.4450286342291862,-0.9431720506180731,-0.6941003424236296,True,DOWN
Q64433,Hspe1,5376500000.0,4607000000.0,6487600000,3560600000,1.2066586069004,0.7728673757325809,0.2710175602693767,-0.3717072263888009,-0.0503448330597121,True,NO CHANGE
Q9ERD7,Tubb3,31123000.0,2468100.0,14965000,0,,,,,,False,NO CHANGE
Q9ER58,Spock2,4954300000.0,941250000.0,3362100000,1257900000,0.6786226106614456,1.336414342629482,-0.5593185956582432,0.4183673711208931,-0.07047561226867502,True,NO CHANGE
O54782,Man2b2,1382800000.0,974590000.0,712660000,955660000,0.5153746022562916,0.9805764475317826,-0.9563066521828936,-0.028297984943517082,-0.49230231856320533,True,NO CHANGE
P70699,Gaa,621900000.0,545490000.0,445000000,570550000,0.7155491236533205,1.0459403472107647,-0.48287728108944844,0.06480057315531587,-0.20903835396706627,True,NO CHANGE
P70458,Serpina5,1544300000.0,725440000.0,1039800000,629640000,0.6733147704461568,0.8679422143802382,-0.5706469814387888,-0.20432910037682087,-0.3874880409078048,True,NO CHANGE
Q9WV54,Asah1,2322200000.0,4542100000.0,1844100000,2992200000,0.7941176470588235,0.6587701723872218,-0.3325753390868709,-0.6021528602894285,-0.46736409968814974,True,NO CHANGE
P51655,Gpc4,2348900000.0,1291000000.0,1147100000,207130000,0.488356251862574,0.16044151820294345,-1.0339941288942238,-2.63988057183039,-1.836937350362307,True,DOWN
Q61112,Sdf4,7332000000.0,5141100000.0,5545800000,4776100000,0.7563829787234042,0.9290035206473323,-0.40281119694558454,-0.10624403088350023,-0.25452761391454237,True,NO CHANGE
O70456,Sfn,1435700000.0,2343600000.0,541230000,2915600000,0.37697987044647213,1.2440689537463732,-1.4074406047684376,0.31506645047737825,-0.5461870771455297,True,NO CHANGE
O09131,Gsto1,1083700000.0,3473100000.0,1154800000,3315000000,1.0656085632555135,0.9544787077826725,0.09167758109972549,-0.06721508009625433,0.012231250501735576,True,NO CHANGE
P50580,Pa2g4,1376800000.0,913400000.0,628960000,301450000,0.4568274259151656,0.3300306546967375,-1.1302788285034717,-1.599328060340587,-1.3648034444220294,True,DOWN
Q99K85,Psat1,1571800000.0,2583300000.0,1528800000,4018900000,0.9726428298765746,1.5557232996554795,-0.0400179735039872,0.637585485958416,0.2987837562272144,True,NO CHANGE
Q9ET01,Pygl,186870000.0,258290000.0,195700000,374600000,1.0472521003906459,1.4503077935653723,0.06660877770658952,0.5363591106727937,0.3014839441896916,True,NO CHANGE
P17751,Tpi1,4500300000.0,10427000000.0,7197900000,15911000000,1.5994267048863409,1.5259422652728494,0.6775548812189315,0.6097003781748986,0.643627629696915,True,UP
Q6ZWX6,Eif2s1,923090000.0,1132400000.0,745950000,708530000,0.8081010519017647,0.625688802543271,-0.3073923836405723,-0.6764828093890994,-0.4919375965148359,True,NO CHANGE
P63242;Q8BGY2,Eif5a;Eif5a2,2360700000.0,2817700000.0,3447700000,4085300000,1.4604566442156988,1.4498704617241012,0.546419530297576,0.5359240088081023,0.5411717695528391,True,NO CHANGE
Q9D8W5,Psmd12,2077300000.0,1658900000.0,1038000000,742140000,0.49968709382371346,0.4473687383205739,-1.0009031390048417,-1.1604636490528026,-1.080683394028822,True,DOWN
Q9WTX6,Cul1,730610000.0,144770000.0,314430000,78845000,0.4303664061537619,0.5446225046625682,-1.2163626275107315,-0.8766714968349346,-1.046517062172833,True,DOWN
P53810,Pitpna,860240000.0,624570000.0,528420000,636510000,0.6142704361573514,1.0191171526009895,-0.7030541444937796,0.02731990602925803,-0.33786711923226076,True,NO CHANGE
P40336,Vps26a,1562800000.0,821750000.0,1115200000,296470000,0.7135909905298182,0.36077882567690905,-0.48683069431525,-1.4708134264363708,-0.9788220603758104,True,DOWN
P07724,Alb,1020900000.0,770700000.0,245770000,2055000000,0.24073856401214613,2.666407162319969,-2.0544608286351678,1.4148970978344346,-0.31978186540036657,True,NO CHANGE
Q9D0I9,Rars,1875700000.0,1752200000.0,736890000,710410000,0.39286133176947274,0.4054388768405433,-1.3479079204982036,-1.302443661889389,-1.3251757911937965,True,DOWN
Q7TQI3,Otub1,3215700000.0,2131900000.0,1774000000,1080500000,0.55166837702522,0.5068248979783292,-0.8581268108391564,-0.9804406956897127,-0.9192837532644346,True,DOWN
O55234,Psmb5,7546100000.0,6585900000.0,7603400000,8238300000,1.0075933263540107,1.2508996492506719,0.01091347173832661,0.32296605702139586,0.16693976437986124,True,NO CHANGE
P30115,Gsta3,15560000000.0,14357000000.0,1880500000,2669800000,0.1208547557840617,0.18595806923451974,-3.048653848833248,-2.426950743054458,-2.737802295943853,True,DOWN
P15532,Nme1,24047000000.0,23456000000.0,9001000000,26515000000,0.3743086455690939,1.1304143929058663,-1.4176997237117102,0.1768517398942964,-0.6204239919087069,True,DOWN
Q9QZE7,Tsnax,1854700000.0,1022200000.0,894730000,711990000,0.48241224995956217,0.6965270984151829,-1.0516615526337683,-0.5217486128595433,-0.7867050827466557,True,DOWN
Q9CXY6,Ilf2,1707700000.0,1429100000.0,1347300000,1770900000,0.7889559056040288,1.2391715065425792,-0.3419834239820455,0.3093758763525096,-0.01630377381476794,True,NO CHANGE
Q9R0P9,Uchl1,17899000000.0,10750000000.0,9379300000,11902000000,0.5240125146656238,1.1071627906976744,-0.9323268277230418,0.14686736309992754,-0.3927297323115571,True,NO CHANGE
Q61035,Hars,2107800000.0,3329100000.0,2421700000,1676200000,1.1489230477274883,0.5034994442942538,0.20028217276231652,-0.9899379089380566,-0.39482786808787,True,NO CHANGE
O35381,Anp32a,3909700000.0,3945900000.0,700020000,2028600000,0.1790469857022278,0.5141032464076637,-2.4815898641320433,-0.9598699725842822,-1.7207299183581628,True,DOWN
O55137,Acot1,2576000000.0,1874300000.0,2083700000,1845600000,0.8088897515527951,0.9846876167102385,-0.30598501241360426,-0.022261979761541963,-0.16412349608757312,True,NO CHANGE
Q91W90,Txndc5,5921200000.0,4346400000.0,4188400000,4272200000,0.7073566169019794,0.982928400515369,-0.4994903554918058,-0.024841764774732225,-0.26216606013326904,True,NO CHANGE
Q9DAR7,Dcps,2012200000.0,1568300000.0,1590400000,1577700000,0.7903786899910545,1.0059937511955621,-0.33938404505317943,0.008621343764540441,-0.1653813506443195,True,NO CHANGE
P70296,Pebp1,30798000000.0,15568000000.0,18384000000,27495000000,0.5969218780440289,1.766122816032888,-0.7443859632856125,0.8205856713672927,0.0380998540408401,True,NO CHANGE
Q8K183,Pdxk,2590000000.0,2260800000.0,2131400000,1811600000,0.822934362934363,0.801309271054494,-0.28115072869415497,-0.31956892628382766,-0.3003598274889913,True,NO CHANGE
O35855,Bcat2,2566300000.0,1637800000.0,1640700000,986850000,0.6393250983906792,0.6025460984247161,-0.6453783631400498,-0.7308564744167778,-0.6881174187784138,True,DOWN
P10648,Gsta2,6216000000.0,3456500000.0,5802600000,5053100000,0.9334942084942085,1.461912339071315,-0.09928702305463544,0.5478568052857471,0.22428489111555583,True,NO CHANGE
P62897,Cycs,11410000000.0,4514900000.0,8870400000,8964900000,0.7774233128834356,1.985625373762431,-0.3632277239261926,0.9895934565032148,0.3131828662885111,True,NO CHANGE
P47880,Igfbp6,3269600000.0,3113100000.0,3361200000,1737300000,1.0280156594078786,0.5580610966560663,0.039862240775003846,-0.8415050176043302,-0.40082138841466314,True,NO CHANGE
P47878,Igfbp3,4892500000.0,1979400000.0,4375700000,2271900000,0.8943689320388349,1.1477720521370112,-0.16105802116509751,0.1988361508070458,0.018889064820974147,True,NO CHANGE
Q9CYK2,Qpct,15496000000.0,9705400000.0,15582000000,5536700000,1.0055498193082086,0.5704762297277804,0.00798456079630994,-0.8097613205001319,-0.400888379851911,True,NO CHANGE
P28653,Bgn,19871000000.0,54053000000.0,16575000000,45560000000,0.8341301393991244,0.8428764360905038,-0.2616556071183037,-0.2466069442721568,-0.25413127569523025,True,NO CHANGE
Q61508,Ecm1,1978200000.0,21273000000.0,2286300000,16508000000,1.1557476493782226,0.7760071452075401,0.20882642834601114,-0.36585815857286375,-0.0785158651134263,True,NO CHANGE
P11152,Lpl,3025500000.0,2126700000.0,2647500000,1548100000,0.8750619732275657,0.7279352988197677,-0.19254290045441877,-0.4581178700404448,-0.3253303852474318,True,NO CHANGE
P06909,Cfh,230840000.0,2728100000.0,222860000,4309700000,0.9654306012822734,1.579744144276236,-0.05075553823278556,0.6596909181025251,0.3044676899348698,True,NO CHANGE
P70275,Sema3e,1074700000.0,1250200000.0,546930000,1322000000,0.5089141155671351,1.0574308110702288,-0.9745058875056727,0.08056326921622717,-0.4469713091447228,True,NO CHANGE
O70250,Pgam2,553040000.0,157300000.0,378610000,174160000,0.6845978591060321,1.1071837253655437,-0.546671314169673,0.14689464188515777,-0.1998883361422576,True,NO CHANGE
Q9JKF1,Iqgap1,411620000.0,2045400000.0,189600000,476060000,0.4606190175404499,0.23274665102180503,-1.1183541180924599,-2.1031676858100354,-1.6107609019512477,True,DOWN
Q5SWU9,Acaca,201500000.0,105260000.0,1465400,132290000,0.007272456575682382,1.2567927037811135,-7.103341507737979,0.32974671030763736,-3.3867973987151707,True,DOWN
P22892,Ap1g1,457790000.0,222750000.0,550210000,43520000,1.2018829594355491,0.19537598204264872,0.26529641180348507,-2.3556749700463073,-1.045189279121411,True,DOWN
Q9WTX5,Skp1,846530000.0,443420000.0,609560000,409850000,0.7200689875137325,0.9242929953542917,-0.4737929616989882,-0.11357784504212645,-0.2936854033705573,True,NO CHANGE
P80314,Cct2,1853700000.0,564630000.0,1803700000,1006200000,0.9730269191347035,1.7820519632325593,-0.03944837665905406,0.8335394053249979,0.3970455143329719,True,NO CHANGE
P16675,Ctsa,2754000000.0,2252200000.0,2618500000,2166800000,0.95079883805374,0.9620815202912708,-0.07278795468561314,-0.05576895147716502,-0.06427845308138908,True,NO CHANGE
P80316,Cct5,910460000.0,816000000.0,1902400000,889830000,2.089493223205852,1.0904779411764707,1.0631530796159743,0.12496058659747118,0.5940568331067227,True,UP
P51174,Acadl,1260800000.0,441630000.0,812990000,614380000,0.6448207487309645,1.3911645495097706,-0.633029927929578,0.4762930746043994,-0.07836842666258931,True,NO CHANGE
Q9Z1F9,Uba2,1133200000.0,107900000.0,736000000,128400000,0.6494881750794211,1.1899907321594068,-0.6226248354337233,0.2509503376342861,-0.1858372488997186,True,NO CHANGE
Q01405,Sec23a,753890000.0,480620000.0,402030000,386650000,0.533274085078725,0.8044817111231326,-0.9070508741922171,-0.31386847141766583,-0.6104596728049414,True,DOWN
Q91YE6,Ipo9,393350000.0,496020000.0,496890000,232890000,1.2632261344858269,0.4695173581710415,0.3371129240807938,-1.0907495992354472,-0.37681833757732675,True,NO CHANGE
O88544,Cops4,2001200000.0,1490200000.0,1234300000,972780000,0.6167799320407755,0.6527848610924708,-0.6971722693494744,-0.6153204951148304,-0.6562463822321525,True,DOWN
Q91ZJ5,Ugp2,1770100000.0,1565400000.0,1660900000,959080000,0.9383085701372804,0.612674076913249,-0.09186565253099328,-0.7068082847013728,-0.39933696861618306,True,NO CHANGE
Q99MN1,Kars,1854300000.0,1577000000.0,1213700000,1171200000,0.6545327077603408,0.7426759670259987,-0.6114628077670833,-0.4291952013938302,-0.5203290045804567,True,NO CHANGE
Q9CWH6,Psma8,764440000.0,140430000.0,712630000,438910000,0.9322248966563759,3.1254717652923163,-0.10125005186348268,1.6440739696398414,0.7714119588881794,True,UP
Q01730,Rsu1,1940200000.0,1388400000.0,1369500000,1306900000,0.7058550664879909,0.9412993373667531,-0.5025561101505837,-0.08727451554484002,-0.29491531284771183,True,NO CHANGE
Q9CZY3,Ube2v1,2327500000.0,2094400000.0,994310000,1713600000,0.42720085929108487,0.8181818181818182,-1.2270135459570732,-0.2895066171949848,-0.758260081576029,True,DOWN
O08553,Dpysl2,1625700000.0,3048600000.0,2257600000,2948000000,1.388694101002645,0.9670012464737913,0.4737288400900788,-0.0484103455364369,0.21265924727682095,True,NO CHANGE
Q9CY58,Serbp1,120320000.0,105310000.0,45834000,97473000,0.3809341755319149,0.9255816161807996,-1.392386369709521,-0.1115678848371437,-0.7519771272733323,True,DOWN
Q99PT1,Arhgdia,6119900000.0,5041100000.0,4594600000,9349200000,0.7507639013709374,1.8545952272321518,-0.413568811480914,0.8911043472846665,0.23876776790187623,True,NO CHANGE
O35643,Ap1b1,264070000.0,197500000.0,112110000,242640000,0.4245465217555951,1.2285569620253165,-1.236005442101661,0.2969647497849809,-0.4695203461583401,True,NO CHANGE
O08795,Prkcsh,2891800000.0,2154200000.0,1157100000,1951900000,0.40013140604467806,0.9060904280011141,-1.321454225597213,-0.14227305618474817,-0.7318636408909807,True,DOWN
Q9D8N0,Eef1g,4741900000.0,6239200000.0,3894500000,8593800000,0.8212952613931125,1.377388126682908,-0.28402712066936375,0.46193514592229556,0.0889540126264659,True,NO CHANGE
P28352,Apex1,1499500000.0,1126100000.0,1192300000,752870000,0.79513171057019,0.66856407068644,-0.3307342377008364,-0.5808622697485352,-0.45579825372468574,True,NO CHANGE
O88958,Gnpda1,2749700000.0,1434700000.0,2010700000,1452100000,0.7312434083718223,1.0121279710043911,-0.4515763800932156,0.017391712424782598,-0.2170923338342165,True,NO CHANGE
Q9D154,Serpinb1a,2144000000.0,2938900000.0,3066100000,3165100000,1.4300839552238807,1.0769675729014256,0.5160998450664351,0.10697481151759193,0.3115373282920135,True,NO CHANGE
Q9R1P1,Psmb3,4218300000.0,2929400000.0,4210300000,4466800000,0.9981035014105208,1.5248173687444528,-0.002738666870650922,0.6086364577673492,0.30294889544834913,True,NO CHANGE
Q9Z0S1,Bpnt1,1796300000.0,1729300000.0,1404500000,978230000,0.781884985804153,0.5656797548140866,-0.35497169018523145,-0.8219425557811754,-0.5884571229832034,True,DOWN
Q99JW2,Acy1,847270000.0,589080000.0,308650000,400710000,0.36428765328643764,0.6802301894479528,-1.456849995893086,-0.5559050588499275,-1.0063775273715068,True,DOWN
Q9CY64,Blvra,1324200000.0,1071700000.0,773760000,497180000,0.5843226098776619,0.46391714099094894,-0.7751629806390091,-1.108060942457363,-0.9416119615481862,True,DOWN
Q9CZU6,Cs,8968400000.0,6062000000.0,6013000000,3138800000,0.67046518888542,0.517782909930716,-0.5767656667488577,-0.9495807468086604,-0.7631732067787591,True,DOWN
O35459,Ech1,3123100000.0,2253300000.0,364630000,303960000,0.11675258557202779,0.13489548661962456,-3.098473595054026,-2.890086015988987,-2.9942798055215065,True,DOWN
Q01768,Nme2,6401500000.0,4584400000.0,3881300000,7502300000,0.6063110208544872,1.6364845999476485,-0.7218700484874656,0.7106000260406689,-0.0056350112233983785,True,NO CHANGE
O55023,Impa1,3673500000.0,3935200000.0,4669600000,5083200000,1.2711582959030896,1.2917259605610896,0.3461436987097423,0.3693000349901644,0.35772186684995333,True,NO CHANGE
P51660,Hsd17b4,1625800000.0,339760000.0,830770000,112110000,0.5109915118710788,0.32996821285613376,-0.9686287682708618,-1.599601044245501,-1.2841149062581814,True,DOWN
Q9D0K2,Oxct1,2419600000.0,1591400000.0,2517100000,910600000,1.040295916680443,0.5722005781073268,0.05699396759940913,-0.8054071396377446,-0.37420658601916773,True,NO CHANGE
O08807,Prdx4,7240700000.0,4837600000.0,6491500000,4787600000,0.8965293410858066,0.9896642963452952,-0.15757729534496673,-0.014988862756961381,-0.08628307905096405,True,NO CHANGE
P48759,Ptx3,7786600000.0,5583700000.0,5435100000,3233100000,0.6980068322502762,0.5790246610670344,-0.5186869369547976,-0.7883032999691401,-0.6534951184619688,True,DOWN
Q80UB0,,19802000000.0,7023600000.0,15127000000,9121400000,0.763912736087264,1.2986787402471667,-0.3885202503495874,0.3770445892353499,-0.005737830557118767,True,NO CHANGE
Q62165,Dag1,3484000000.0,5812500000.0,3698000000,4424500000,1.0614236509758899,0.7612043010752688,0.0860006008053314,-0.3936443815118566,-0.1538218903532626,True,NO CHANGE
P10923,Spp1,13482000000.0,42377000000.0,3770000000,40999000000,0.2796321020620086,0.9674823607145385,-1.8383981017450368,-0.04769273682581371,-0.9430454192854253,True,DOWN
P07141,Csf1,4311800000.0,9815600000.0,4231300000,7352200000,0.9813303028897444,0.7490321528994661,-0.027189284502203162,-0.41690044585220526,-0.2220448651772042,True,NO CHANGE
P97497,Shbg,4108600000.0,2130800000.0,6010000000,2845400000,1.462785377014068,1.3353669983104937,0.548718109714578,0.417236291635195,0.4829772006748865,True,NO CHANGE
P11672,Lcn2,20264000000.0,258300000000.0,19708000000,226790000000,0.9725621792341097,0.8780100658149439,-0.04013760540031719,-0.18769061547062446,-0.11391411043547083,True,NO CHANGE
P98063,Bmp1,216950000.0,1265200000.0,108120000,1435800000,0.49836367826688177,1.1348403414479924,-1.00472916916941,0.18248934174226145,-0.41111991371357426,True,NO CHANGE
Q07797,Lgals3bp,2372700000.0,3375900000.0,1923000000,2001400000,0.8104690858515615,0.5928493142569389,-0.3031709375704917,-0.7542626363211339,-0.5287167869458128,True,NO CHANGE
Q8BFR4,Gns,1895300000.0,1869200000.0,1298300000,1087800000,0.6850102886086635,0.5819601968756687,-0.5458024378897816,-0.7810076113994856,-0.6634050246446336,True,DOWN
P18406,Cyr61,12959000000.0,14658000000.0,12374000000,22548000000,0.9548576279033876,1.5382726156365125,-0.06664245580161529,0.6213112031527992,0.27733437367559194,True,NO CHANGE
P21956,Mfge8,2181200000.0,2705300000.0,2141400000,3140200000,0.9817531633962956,1.160758511070861,-0.026567753349094454,0.2150678592674496,0.09425005295917757,True,NO CHANGE
Q8BKG3,Ptk7,660840000.0,1966900000.0,369100000,2505200000,0.5585315658858423,1.273679393970207,-0.8402892767390635,0.3490021732469411,-0.2456435517460612,True,NO CHANGE
Q60972,Rbbp4,4331800000.0,3462000000.0,3838500000,2545300000,0.8861212429013343,0.735210860774119,-0.17442398689088603,-0.4437700161423124,-0.3090970015165992,True,NO CHANGE
P62334,Psmc6,885430000.0,303650000.0,727420000,316180000,0.8215443343911998,1.0412646138646469,-0.2835896630102774,0.058336743564032074,-0.11262645972312266,True,NO CHANGE
Q8CDN6,Txnl1,2429400000.0,2631000000.0,1509700000,1429900000,0.621429159463242,0.5434815659445078,-0.6863381559283964,-0.8796969927929432,-0.7830175743606698,True,DOWN
Q9Z1Z2,Strap,727740000.0,528990000.0,252150000,533940000,0.34648363426498474,1.0093574547723019,-1.529140884869321,0.013437182275429442,-0.7578518512969459,True,DOWN
P80317,Cct6a,1090300000.0,769970000.0,1879700000,1649200000,1.7240209116756855,2.1419016325311375,0.7857772738399099,1.0988922254111426,0.9423347496255263,True,UP
P17918,Pcna,3057500000.0,2104800000.0,2489700000,2208600000,0.8142927228127556,1.049315849486887,-0.29638058561077674,0.06944900193932804,-0.11346579183572435,True,NO CHANGE
Q9CXW3,Cacybp,983960000.0,781880000.0,501260000,1071900000,0.5094312776942153,1.3709264848825906,-0.9730405550062016,0.4551512095278132,-0.2589446727391942,True,NO CHANGE
Q9QZE5,Copg1,639860000.0,499030000.0,650900000,281050000,1.01725377426312,0.5631925936316454,0.024679633177005514,-0.8282997332153379,-0.4018100500191662,True,NO CHANGE
Q9D1E6,Tbcb,401760000.0,223510000.0,282790000,280900000,0.7038779370768619,1.2567670350319897,-0.5066028291528443,0.32971724438606315,-0.08844279238339056,True,NO CHANGE
Q920E5,Fdps,3317700000.0,3582900000.0,1975200000,4117800000,0.5953522018265666,1.1492924725780793,-0.7481846962134533,0.20074598253107862,-0.2737193568411873,True,NO CHANGE
P05063,Aldoc,244050000.0,435010000.0,117440000,202030000,0.48121286621593934,0.4644261051470081,-1.0552528784378337,-1.1064790272755358,-1.0808659528566849,True,DOWN
Q91XV3,Basp1,1637000000.0,369180000.0,765000000,442980000,0.46731826511912034,1.1999024865919063,-1.0975226688941393,0.2629171659783078,-0.41730275145791573,True,NO CHANGE
Q9WTM5,Ruvbl2,737440000.0,173960000.0,717760000,325690000,0.973313083098286,1.872212002759255,-0.03902414725037647,0.9047438099276117,0.4328598313386176,True,NO CHANGE
Q9CWS0,Ddah1,1199400000.0,1116700000.0,486180000,847520000,0.40535267633816907,0.7589504790901764,-1.3027504264018668,-0.3979223408695324,-0.8503363836356996,True,DOWN
Q05186,Rcn1,1699400000.0,1334500000.0,458970000,1536300000,0.2700776744733435,1.1512176845260398,-1.8885537081238026,0.20316065944072179,-0.8426965243415404,True,DOWN
Q9CYR6,Pgm3,985300000.0,671130000.0,647890000,919530000,0.6575560742920937,1.3701220329891377,-0.6048141667886423,0.4543043957752857,-0.0752548855066783,True,NO CHANGE
Q9CQI3,Gmfb,2143900000.0,763010000.0,110130000,1808600000,0.051369000419795696,2.370349012463795,-4.282958188961846,1.2450994985664157,-1.5189293451977153,True,DOWN
Q9DBG3,Ap2b1,754820000.0,797130000.0,565140000,889230000,0.7487083013168703,1.1155394979488917,-0.41752434444312764,0.15774159604388327,-0.12989137419962218,True,NO CHANGE
Q9Z0N1,Eif2s3x,1479400000.0,1424700000.0,740120000,637070000,0.5002838988779235,0.44716080578367373,-0.9991810734637413,-1.1611343552294862,-1.0801577143466137,True,DOWN
Q8BGR9,Ublcp1,1228100000.0,650330000.0,646840000,454900000,0.5266997801481964,0.6994910276321252,-0.9249472375963146,-0.5156225428206452,-0.72028489020848,True,DOWN
Q9CXI5,Manf,2632700000.0,1196000000.0,1327500000,2400900000,0.5042351958065864,2.0074414715719064,-0.9878312725190321,1.0053579255239669,0.008763326502467361,True,NO CHANGE
Q9D051,Pdhb,3853400000.0,875380000.0,1060600000,428250000,0.2752374526392277,0.48921611185999225,-1.8612512983194005,-1.0314561764723111,-1.4463537373958557,True,DOWN
F6ZDS4,Tpr,112410000.0,82854000.0,51428000,63830000,0.4575037808024197,0.7703912907041301,-1.1281444290374292,-0.37633670132305114,-0.7522405651802402,True,DOWN
P05132;P68181,Prkaca;Prkacb,776320000.0,535730000.0,109010000,433210000,0.14041889942291838,0.8086349467082299,-2.832190969296725,-0.30643954110065874,-1.5693152551986917,True,DOWN
Q9D819,Ppa1,1314300000.0,1410800000.0,1140200000,571440000,0.8675340485429506,0.4050467819676779,-0.20500771391104544,-1.303839549322124,-0.7544236316165847,True,DOWN
O09061,Psmb1,7313200000.0,5489800000.0,6459800000,5380900000,0.8833068971175408,0.9801632117745638,-0.17901331836775222,-0.028906095442690058,-0.10395970690522113,True,NO CHANGE
Q61171,Prdx2,20084000000.0,14220000000.0,14480000000,18848000000,0.7209719179446326,1.3254571026722926,-0.47198502769729644,0.4064899793236831,-0.03274752418680668,True,NO CHANGE
P59242,Cgn,262480000.0,108490000.0,298910000,221450000,1.1387915269734836,2.041201954097152,0.18750366405265823,1.0294189279662505,0.6084612960094543,True,UP
Q9DBF1,Aldh7a1,3259800000.0,3183000000.0,3137500000,2150100000,0.9624823608810357,0.6754948162111216,-0.055167993779621206,-0.5659833966246386,-0.3105756952021299,True,NO CHANGE
P30681,Hmgb2,714550000.0,988880000.0,102940000,370380000,0.1440626968021832,0.3745449397297953,-2.7952312784970412,-1.4167892642257935,-2.1060102713614173,True,DOWN
P63158,Hmgb1,795440000.0,3260800000.0,146350000,712320000,0.18398622146233531,0.2184494602551521,-2.442330366497851,-2.1946285537112167,-2.318479460104534,True,DOWN
P97372,Psme2,1365700000.0,1727900000.0,904310000,2066000000,0.6621585999853555,1.1956710457781121,-0.5947512826769893,0.2578205284138101,-0.1684653771315896,True,NO CHANGE
Q62446,Fkbp3,733280000.0,1357400000.0,274830000,423470000,0.3747954396683395,0.31197141594224254,-1.4158246958067442,-1.6805142451829014,-1.5481694704948228,True,DOWN
P97371,Psme1,2036400000.0,1925500000.0,1812600000,2785400000,0.8901001767825575,1.4465853025188262,-0.16796038081472248,0.5326513988930494,0.18234550903916344,True,NO CHANGE
Q9CQ60,Pgls,2350900000.0,2248800000.0,1537300000,2865300000,0.653919775405164,1.2741462113127,-0.6128144419231137,0.3495308397860916,-0.13164180106851106,True,NO CHANGE
Q91W89,Man2c1,313850000.0,129680000.0,177030000,20400000,0.564059263979608,0.15731030228254164,-0.8260813447496005,-2.6683149386586837,-1.7471981417041422,True,DOWN
Q9EQU5,Set,3779700000.0,5810300000.0,80791000,5509400000,0.021374976850014552,0.9482126568335542,-5.54793333227384,-0.07671744446265154,-2.812325388368246,True,DOWN
Q8BP92,Rcn2,2342500000.0,2246100000.0,875300000,2465900000,0.3736606189967983,1.097858510306754,-1.4201995723028848,0.13469213482406486,-0.64275371873941,True,DOWN
A6H630,Armt1,1488700000.0,529120000.0,1355200000,254170000,0.9103244441458991,0.48036362261868765,-0.1355472742590146,-1.0578011933333034,-0.596674233796159,True,DOWN
P24472,Gsta4,27434000000.0,32073000000.0,30555000000,49116000000,1.1137639425530363,1.5313815358712937,0.15544349210743913,0.6148337677064782,0.3851386299069587,True,NO CHANGE
P25785,Timp2,9387000000.0,6730900000.0,6342700000,9880200000,0.675689783743475,1.4678869096257559,-0.5655670527823211,0.5537408229448156,-0.005913114918752738,True,NO CHANGE
P01901,H2-K1,2272500000.0,2560100000.0,1316500000,1931500000,0.5793179317931794,0.7544627163001445,-0.7875727730354065,-0.4064784868298056,-0.597025629932606,True,DOWN
O88531,Ppt1,6220200000.0,4205200000.0,4347200000,3720600000,0.6988842802482236,0.8847617235803291,-0.516874497845633,-0.17663912160600626,-0.3467568097258196,True,NO CHANGE
Q9WVJ3,Cpq,3375100000.0,2986600000.0,2711900000,2459100000,0.8035021184557495,0.8233777539677225,-0.3156262672762588,-0.28037362445747765,-0.29799994586686823,True,NO CHANGE
P12804,Fgl2,491820000.0,431210000.0,563990000,164700000,1.1467406774836322,0.3819484705827787,0.1975391789674632,-1.3885500803153972,-0.595505450673967,True,DOWN
Q8VC30,Dak,1246500000.0,185640000.0,977450000,98833000,0.7841556357801845,0.5323906485671192,-0.35078807232695064,-0.9094428643293845,-0.6301154683281676,True,DOWN
Q9QZF2,Gpc1,1419900000.0,634140000.0,1103200000,751830000,0.776956123670681,1.185589932822405,-0.3640949659455394,0.24560510247901024,-0.05924493173326459,True,NO CHANGE
Q78PY7,Snd1,260350000.0,126650000.0,96146000,222200000,0.3692951795659689,1.7544413738649822,-1.4371536638132634,0.811011739676591,-0.3130709620683362,True,NO CHANGE
Q9QWR8,Naga,1316600000.0,1157400000.0,616410000,309010000,0.468183199149324,0.26698634871263177,-1.0948549309176794,-1.9051621175740951,-1.5000085242458874,True,DOWN
O09172,Gclm,1140800000.0,1385700000.0,1204300000,1551800000,1.0556626928471249,1.1198672151259292,0.07814893593398684,0.1633276792148603,0.12073830757442357,True,NO CHANGE
Q61001,Lama5,46346000.0,39608000.0,20209000,55348000,0.43604626073447544,1.397394465764492,-1.1974468943076029,0.4827393317501608,-0.357353781278721,True,NO CHANGE
Q99L47,St13,3002500000.0,1662000000.0,224010000,784060000,0.07460782681099085,0.4717569193742479,-3.744529203944373,-1.083884416545044,-2.4142068102447087,True,DOWN
Q05816,Fabp5,568130000.0,428920000.0,213960000,523360000,0.37660394627990074,1.2201809195187914,-1.4088799774402294,0.28709507593664496,-0.5608924507517923,True,NO CHANGE
P80313,Cct7,1250800000.0,1388300000.0,2187200000,1900500000,1.7486408698433002,1.368940430742635,0.8062340236810195,0.45305966928244323,0.6296468464817313,True,UP
Q9CYA0,Creld2,1280400000.0,536070000.0,1048800000,456820000,0.8191190253045924,0.8521648292200645,-0.2878549913238265,-0.2307955854468871,-0.25932528838535684,True,NO CHANGE
P46471,Psmc2,649410000.0,932930000.0,311460000,324670000,0.47960456414283736,0.3480111047988595,-1.0600827067046463,-1.5227947526563619,-1.291438729680504,True,DOWN
Q9JMA1,Usp14,1446800000.0,598760000.0,916250000,863130000,0.6332941664362731,1.4415291602645468,-0.6590523047472377,0.5276000209767984,-0.06572614188521969,True,NO CHANGE
Q9CQM9,Glrx3,1387500000.0,1467500000.0,224420000,2208800000,0.16174414414414415,1.505144804088586,-2.6282146136874034,0.5899022897032923,-1.0191561619920555,True,DOWN
P14685,Psmd3,1190600000.0,517880000.0,1331900000,396230000,1.1186796573156392,0.765100023171391,0.16179696842609637,-0.38627972812728556,-0.1122413798505946,True,NO CHANGE
Q64669,Nqo1,710080000.0,1095900000.0,687060000,1102000000,0.9675811176205498,1.0055662012957387,-0.04754547953914088,0.008008064375345582,-0.019768707581897648,True,NO CHANGE
A6H5Y3,Mtr,156300000.0,52788000.0,173240000,20882000,1.108381317978247,0.39558232931726905,0.1484542991805415,-1.3379501126117048,-0.5947479067155816,True,DOWN
Q99KQ4,Nampt,1080700000.0,1322600000.0,1334500000,872980000,1.234847783843805,0.6600483895357628,0.3043332158763872,-0.5993562995311118,-0.1475115418273623,True,NO CHANGE
Q9CPW4,Arpc5,1601300000.0,1366400000.0,273600000,1327900000,0.17086117529507275,0.9718237704918032,-2.5491034835526234,-0.041233374151410665,-1.295168428852017,True,DOWN
Q9EST5,Anp32b,2659900000.0,4034600000.0,86092000,1636100000,0.03236663032444829,0.4055172755663511,-4.949349014751547,-1.3021647184398533,-3.1257568665957,True,DOWN
P26516,Psmd7,1060400000.0,944070000.0,607790000,753490000,0.5731705016974726,0.798129375999661,-0.8029637318850961,-0.32530547001317206,-0.564134600949134,True,NO CHANGE
P55302,Lrpap1,731840000.0,319570000.0,687650000,754590000,0.9396179492785308,2.3612667021309885,-0.08985382184399325,1.239561001376516,0.5748535897662613,True,NO CHANGE
Q9CZ30,Ola1,765330000.0,453890000.0,370210000,214080000,0.48372597441626486,0.4716561281367732,-1.0477380872763642,-1.084192682408881,-1.0659653848426225,True,DOWN
P00493,Hprt1,3736600000.0,3677700000.0,3967900000,6564700000,1.0619011935984586,1.7850014954999047,0.0866495343745584,0.8359252829655192,0.46128740867003876,True,NO CHANGE
Q8C878,Uba3,808020000.0,503330000.0,470980000,199450000,0.5828816118412911,0.39626090239008205,-0.7787252052069619,-1.3354774659880533,-1.0571013355975076,True,DOWN
O54724,Ptrf,589100000.0,580360000.0,80565000,185530000,0.13675946358852487,0.3196808877248604,-2.870287425673297,-1.6452956004054182,-2.2577915130393578,True,DOWN
Q9D8Y0,Efhd2,2306000000.0,1647700000.0,1700700000,2799600000,0.737510841283608,1.6990957091703587,-0.43926383799855157,0.764767121066223,0.16275164153383573,True,NO CHANGE
P48428,Tbca,1439500000.0,832660000.0,979710000,943260000,0.68059048280653,1.1328273244781784,-0.5551411177011366,0.1799279696275904,-0.1876065740367731,True,NO CHANGE
P61161,Actr2,2219500000.0,2473700000.0,2012900000,3070100000,0.9069159720657806,1.241096333427659,-0.14095920708813153,0.3116151012575023,0.08532794708468538,True,NO CHANGE
P28474,Adh5,1503700000.0,1608400000.0,1280500000,711910000,0.8515661368624061,0.44261999502611293,-0.2318095137585264,-1.1758594696105227,-0.7038344916845245,True,DOWN
Q8BGF3,Wdr92,734710000.0,201280000.0,130710000,149600000,0.1779069292646078,0.7432432432432432,-2.490805391921401,-0.42809365210429023,-1.4594495220128456,True,DOWN
Q8R146,Apeh,1329100000.0,702860000.0,521820000,358090000,0.392611541644722,0.5094755712375153,-1.3488255103949058,-0.9729151223911011,-1.1608703163930034,True,DOWN
P61089,Ube2n,3000400000.0,1396000000.0,665680000,1880400000,0.22186375149980003,1.3469914040114612,-2.1722541182191106,0.42974064409672175,-0.8712567370611944,True,DOWN
O35864,Cops5,1297800000.0,956290000.0,844540000,394990000,0.6507474187085838,0.41304416024427737,-0.6198304109221489,-1.2756320605560414,-0.9477312357390951,True,DOWN
O89079,Cope,932110000.0,1032100000.0,509880000,568050000,0.5470169829741125,0.5503827148532119,-0.8703424705126961,-0.8614929329635088,-0.8659177017381025,True,DOWN
Q8C0M9,Asrgl1,1203000000.0,303180000.0,755990000,248470000,0.6284206151288445,0.8195461442047628,-0.6701975863489538,-0.28710291293152745,-0.4786502496402406,True,NO CHANGE
Q64442,Sord,1093500000.0,514770000.0,241270000,290920000,0.22064014631915865,0.5651455990053811,-2.1802327761885376,-0.8233054965588885,-1.5017691363737131,True,DOWN
P27612,Plaa,356080000.0,225920000.0,338710000,1261900000,0.951218827229836,5.5856055240793205,-0.0721508246289497,2.481713688807569,1.2047814320893095,True,UP
O70251,Eef1b,1692700000.0,2049900000.0,1294200000,3049900000,0.7645773025344125,1.4878286745694913,-0.3872657223463539,0.5732084077769777,0.09297134271531188,True,NO CHANGE
Q8R3Q6,Ccdc58,392900000.0,216440000.0,36619000,179150000,0.09320183252736065,0.8277120680096101,-3.423497868455851,-0.27279910288435294,-1.848148485670102,True,DOWN
Q9CZC8,Scrn1,976010000.0,502830000.0,424100000,740230000,0.4345242364320038,1.4721277568959688,-1.202491446489573,0.5579028794399487,-0.3222942835248122,True,NO CHANGE
P49722,Psma2,5610800000.0,5076900000.0,4687200000,5978400000,0.8353888928495046,1.1775689889499499,-0.25948013302116113,0.23581158391481744,-0.011834274553171847,True,NO CHANGE
Q8CHP8,Pgp,3680500000.0,2005500000.0,2597400000,1468000000,0.7057193316125526,0.7319870356519571,-0.5028335649309162,-0.45010999797129625,-0.47647178145110625,True,NO CHANGE
Q99JF8,Psip1,360130000.0,264570000.0,129240000,171150000,0.35887040790825536,0.646898741353895,-1.4784651300062774,-0.6283881891290991,-1.0534266595676882,True,DOWN
P51859,Hdgf,2175300000.0,1906600000.0,806560000,1127000000,0.37078104169539833,0.5911045840763663,-1.4313606150858933,-0.7585146860079193,-1.0949376505469064,True,DOWN
Q8BVI4,Qdpr,2490300000.0,2222600000.0,2320100000,2659100000,0.9316548207043328,1.1963916134257175,-0.10213256135905564,0.2586897024709939,0.07827857055596912,True,NO CHANGE
Q61937,Npm1,1034600000.0,3191800000.0,267090000,2539100000,0.25815774212255943,0.7955072372955699,-1.9536752298722098,-0.33005303904765465,-1.1418641344599323,True,DOWN
Q60597,Ogdh,261950000.0,20444000.0,212760000,47101000,0.8122160717694217,2.303903345724907,-0.300064519936577,1.204080193530098,0.4520078367967605,True,NO CHANGE
Q61584,Fxr1,59845000.0,2574800.0,20292000,61702000,0.33907594619433534,23.96380301382632,-1.5603196506508137,4.582784974375019,1.5112326618621026,True,UP
Q8BIJ6,Iars2,187130000.0,44750000.0,62742000,109710000,0.33528563031047937,2.4516201117318435,-1.576537441532137,1.2937354450235432,-0.14140099825429686,True,NO CHANGE
Q9QXD6,Fbp1,1106500000.0,23379000.0,1104500000,88130000,0.9981924988703118,3.7696223106206426,-0.0026100324457368445,1.9144199829393593,0.9559049752468113,True,UP
Q60963,Pla2g7,2201100000.0,1362800000.0,1943500000,1406900000,0.8829676071055381,1.0323598473730555,-0.17956758331647893,0.04594593542258787,-0.06681082394694553,True,NO CHANGE
P28654,Dcn,4637000000.0,13484000000.0,4044700000,10661000000,0.8722665516497735,0.7906407594185701,-0.19715902642129446,-0.33890576343931395,-0.2680323949303042,True,NO CHANGE
Q9WTM3,Sema6c,1449700000.0,528790000.0,625990000,172220000,0.43180658067186317,0.3256869456684128,-1.2115428648888722,-1.6184422007503614,-1.4149925328196167,True,DOWN
Q06335,Aplp2,1484800000.0,724280000.0,1564100000,1953300000,1.0534078663793103,2.6968851825260947,0.075064138046739,1.4312941014302876,0.7531791197385133,True,UP
O35684,Serpini1,1617800000.0,1419500000.0,1437200000,424940000,0.8883669180368402,0.2993589292004227,-0.17077242563241085,-1.7400517916717189,-0.9554121086520648,True,DOWN
Q61554,Fbn1,93057000.0,760270000.0,94804000,396770000,1.0187734399346637,0.5218803846002078,0.02683325324650605,-0.938208917055818,-0.45568783190465595,True,NO CHANGE
Q9CZT5,Vasn,2318500000.0,1465200000.0,1594800000,1321600000,0.6878585292214794,0.9019929019929019,-0.5398162162645573,-0.14881201428911411,-0.34431411527683575,True,NO CHANGE
Q811B1,Xylt1,482790000.0,66285000.0,336920000,36983000,0.6978603533627457,0.5579392019310553,-0.5189897227321107,-0.8418201732834207,-0.6804049480077657,True,DOWN
Q99M71,Epdr1,1795000000.0,1205000000.0,1669000000,1006800000,0.9298050139275766,0.8355186721991701,-0.1049998893478149,-0.25925602484370697,-0.18212795709576093,True,NO CHANGE
Q62181,Sema3c,330040000.0,549560000.0,305160000,464110000,0.924615198157799,0.8445119732149355,-0.11307501813799212,-0.24381021765660418,-0.17844261789729815,True,NO CHANGE
P62983;P62984;P0CG49;P0CG50,Rps27a;Uba52;Ubb;Ubc,11116000000.0,9497700000.0,13568000000,12609000000,1.2205829435048579,1.3275845731071734,0.28757033536263726,0.4088037701185696,0.34818705274060346,True,NO CHANGE
Q64191,Aga,2106300000.0,1215800000.0,1059300000,1629500000,0.5029198119925936,1.3402697812140154,-0.9915997069101845,0.4225234281792852,-0.2845381393654497,True,NO CHANGE
Q99K51,Pls3,899090000.0,1748700000.0,452230000,1591100000,0.5029863528678997,0.9098759078172357,-0.9914088378325029,-0.13625829615220494,-0.5638335669923539,True,NO CHANGE
Q60631,Grb2,1324200000.0,955530000.0,587440000,1118400000,0.4436187887026129,1.170449907381244,-1.172607625253261,0.22706319167409988,-0.4727722167895805,True,NO CHANGE
P63330,Ppp2ca,262120000.0,275220000.0,1108200000,906720000,4.227834579581871,3.2945280139524744,2.0799189302008156,1.7200717943064088,1.899995362253612,True,UP
Q06138,Cab39,1851800000.0,1152100000.0,1145000000,201240000,0.6183173128847608,0.17467233747070568,-0.6935806932623451,-2.5172769454408694,-1.6054288193516073,True,DOWN
P14602,Hspb1,381760000.0,251620000.0,213900000,315150000,0.560299664710813,1.2524839043001352,-0.8357294656428215,0.3247920634319952,-0.25546870110541314,True,NO CHANGE
P63087,Ppp1cc,586030000.0,276370000.0,813270000,599340000,1.3877617186833437,2.168614538481022,0.4727598757080084,1.1167736432170097,0.7947667594625091,True,UP
Q9D1P4,Chordc1,600090000.0,274340000.0,224830000,265710000,0.3746604675965272,0.9685426842604068,-1.4163443355584087,-0.046112464216963495,-0.7312283998876861,True,DOWN
P53994,Rab2a,570790000.0,354770000.0,477470000,554730000,0.8365072969042906,1.5636327761648392,-0.2575499698518049,0.6449017311793881,0.1936758806637916,True,NO CHANGE
P62141,Ppp1cb,1403300000.0,1344000000.0,317830000,291910000,0.22648756502529752,0.21719494047619048,-2.142496251542163,-2.202937598719891,-2.172716925131027,True,DOWN
Q8BWY3,Etf1,1492800000.0,739930000.0,245880000,918030000,0.16471061093247588,1.2406984444474478,-2.601994596006718,0.3111525066315399,-1.145421044687589,True,DOWN
P61087,Ube2k,1167000000.0,647400000.0,615710000,820410000,0.5276006855184233,1.2672381835032438,-0.9224816557842821,0.3416877114272895,-0.2903969721784963,True,NO CHANGE
P53996,Cnbp,1144500000.0,1410400000.0,1120000000,908620000,0.9785932721712538,0.6442285876347136,-0.03121873061072022,-0.6343554131735666,-0.3327870718921434,True,NO CHANGE
P60335,Pcbp1,2221100000.0,1345900000.0,1530500000,1011000000,0.6890729818558372,0.7511702206701836,-0.5372713035608879,-0.4127882248443392,-0.47502976420261356,True,NO CHANGE
Q8CAY6,Acat2,1660900000.0,1683700000.0,446370000,958170000,0.26875188151002466,0.5690859416760705,-1.8956532399594779,-0.8132815543638027,-1.3544673971616403,True,DOWN
O08677,Kng1,194140000.0,224210000.0,97136000,215410000,0.5003399608529927,0.9607510815753089,-0.9990194136497904,-0.05776539946974369,-0.528392406559767,True,NO CHANGE
Q9CZD3,Gars,651020000.0,301090000.0,743990000,27093000,1.1428066726060644,0.08998306154306021,0.19258136500223158,-3.4742027364179933,-1.6408106857078808,True,DOWN
Q00612,G6pdx,531030000.0,551520000.0,444320000,3519300000,0.836713556672881,6.38109225413403,-0.25719428465202815,2.67380339181939,1.208304553583681,True,UP
P97351,Rps3a,314340000.0,202200000.0,67637000,343580000,0.21517147038238849,1.6992087042532147,-2.2164412914649474,0.7648630615270583,-0.7257891149689446,True,DOWN
Q11136,Pepd,2032900000.0,2611500000.0,2495400000,741330000,1.2275075015987014,0.28387133831131534,0.2957318412293171,-1.8166909033226235,-0.7604795310466532,True,DOWN
Q9QZD9,Eif3i,721220000.0,508230000.0,683050000,386920000,0.9470757882476915,0.7613088562265116,-0.07844821517666757,-0.3934462338666806,-0.23594722452167408,True,NO CHANGE
O35737;P70333,Hnrnph1;Hnrnph2,250730000.0,274210000.0,115290000,232510000,0.4598173333865114,0.8479267714525364,-1.120867243621559,-0.23798841857065597,-0.6794278310961075,True,DOWN
Q91WQ3,Yars,908020000.0,971680000.0,504820000,1043300000,0.5559569172485187,1.0737073933805368,-0.8469550063273313,0.10260088379383951,-0.37217706126674593,True,NO CHANGE
P97315,Csrp1,1312400000.0,1175300000.0,719390000,558490000,0.5481484303565985,0.4751893133668,-0.8673614886653317,-1.0734257034584573,-0.9703935960618946,True,DOWN
Q8VDW0,Ddx39a,278500000.0,53719000.0,145840000,52770000,0.5236624775583483,0.9823339972821534,-0.9332908610756222,-0.025714465157091925,-0.4795026631163571,True,NO CHANGE
P50516,Atp6v1a,1020800000.0,1124200000.0,1140200000,1214000000,1.1169670846394983,1.0798790250845045,0.15958667236819193,0.1108697015681258,0.13522818696815886,True,NO CHANGE
Q60715,P4ha1,662220000.0,801980000.0,116010000,221100000,0.1751834737700462,0.2756926606648545,-2.5130614126113238,-1.8588672336450118,-2.185964323128168,True,DOWN
P62821,Rab1A,1183800000.0,843140000.0,1096000000,981270000,0.9258320662274033,1.1638280712574425,-0.11117756359682573,0.2188779490842379,0.05385019274370609,True,NO CHANGE
Q9Z2N8,Actl6a,567510000.0,191460000.0,335550000,140480000,0.5912671142358725,0.7337302830878513,-0.7581180570004319,-0.44667826446511,-0.602398160732771,True,DOWN
P23591,Tsta3,1201400000.0,399100000.0,604210000,397720000,0.5029215914766106,0.9965422199949887,-0.9915946022231874,-0.004997166604670089,-0.49829588441392875,True,NO CHANGE
P47753,Capza1,2729900000.0,2089700000.0,1782300000,1891100000,0.6528810579142094,0.9049624347992535,-0.6151079098341666,-0.14407018805465474,-0.3795890489444107,True,NO CHANGE
Q62188,Dpysl3,320380000.0,798910000.0,724400000,912910000,2.2610649853299205,1.1426944211488153,1.177002457222525,0.19243965024105417,0.6847210537317896,True,UP
Q6P1B1,Xpnpep1,1569600000.0,1376100000.0,1043800000,2312400000,0.6650101936799184,1.6804011336385438,-0.5885516395987199,0.7488056642137603,0.08012701230752017,True,NO CHANGE
P99029,Prdx5,2620400000.0,2406800000.0,309030000,2727900000,0.11793237673637613,1.1334136612930032,-3.083968249812624,0.18067449679678768,-1.4516468765079182,True,DOWN
Q9DC23,Dnajc10,562600000.0,232210000.0,457990000,48096000,0.8140597227159616,0.20712286292579993,-0.29679345456600625,-2.271441282955451,-1.2841173687607286,True,DOWN
Q60598,Cttn,283430000.0,259020000.0,82845000,158790000,0.29229439367745125,0.6130414639796155,-1.7745059369418428,-0.7059434388265787,-1.2402246878842107,True,DOWN
P16045,Lgals1,10421000000.0,5735200000.0,11467000000,9495600000,1.1003742443143651,1.6556702468963593,0.1379942770143097,0.7274153657484009,0.4327048213813553,True,NO CHANGE
Q9D2M8,Ube2v2,207720000.0,163980000.0,50573000,234590000,0.24346716734065088,1.4306012928405902,-2.038200863477246,0.5166216504085179,-0.760789606534364,True,DOWN
Q8R164,Bphl,431700000.0,414220000.0,400770000,240160000,0.928353022932592,0.5797885181787455,-0.10725457446360062,-0.7864013315649807,-0.4468279530142907,True,NO CHANGE
P61327;Q9CQL1,Magoh;Magohb,2120900000.0,791010000.0,319400000,1591100000,0.15059644490546467,2.011478995208657,-2.7312403818349855,1.0082566727552278,-0.8614918545398789,True,DOWN
Q9JJU8,Sh3bgrl,1641800000.0,1072900000.0,2010000000,3070300000,1.224266049457912,2.8616832882840897,0.2919171091131007,1.5168640131878093,0.904390561150455,True,UP
P47968,Rpia,571550000.0,926790000.0,605720000,512780000,1.0597847957309072,0.5532860734362692,0.08377133492739594,-0.8539024842049269,-0.38506557463876545,True,NO CHANGE
Q9JK81,Myg1,905700000.0,628320000.0,373410000,664600000,0.41228883736336536,1.0577412783295137,-1.278272693808181,0.080986789912997,-0.598642951947592,True,DOWN
Q9D7X8,Ggct,532610000.0,141840000.0,340590000,143060000,0.6394735359831771,1.0086012408347433,-0.6450434391359358,0.012355905288926737,-0.3163437669235045,True,NO CHANGE
P70195,Psmb7,3900100000.0,3212700000.0,13850000000,2185100000,3.5511909951026897,0.6801444268061132,1.828302955480655,-0.5560869636528561,0.6361079959138993,True,UP
P00375,Dhfr,535660000.0,623980000.0,395690000,613490000,0.7386961878803718,0.9831885637360172,-0.43694696239691444,-0.02445996023587119,-0.23070346131639283,True,NO CHANGE
Q9DAK9,Phpt1,821390000.0,303960000.0,414480000,470340000,0.5046080424646027,1.5473746545598106,-0.98676489465453,0.6298225483286761,-0.17847117316292693,True,NO CHANGE
Q3TCN2,Plbd2,1346600000.0,1231300000.0,1191100000,1228800000,0.8845239863359572,0.9979696255989604,-0.1770268287396047,-0.0029321888084089805,-0.08997950877400684,True,NO CHANGE
Q8BH97,Rcn3,2467000000.0,2131600000.0,1502000000,3352200000,0.6088366436967977,1.5726215049727903,-0.7158729027858514,0.6531714879151503,-0.03135070743535051,True,NO CHANGE
A3KMP2,Ttc38,496980000.0,1198100000.0,1011500000,86273000,2.035293170751338,0.07200817961772807,1.0252366203026262,-3.795695394002139,-1.3852293868497565,True,DOWN
Q9WTP6,Ak2,2126800000.0,1579200000.0,1888800000,1485100000,0.8880947902952793,0.9404128672745694,-0.17121442485419844,-0.08863381597063921,-0.12992412041241883,True,NO CHANGE
P35505,Fah,759290000.0,458540000.0,392430000,466420000,0.5168380987501482,1.0171849784097353,-0.9522156725877545,0.024582061857722225,-0.4638168053650161,True,NO CHANGE
Q9Z2U1,Psma5,7011800000.0,5635800000.0,6109400000,8148700000,0.8713026612282153,1.4458816849426879,-0.19875414528727917,0.531949502821495,0.1665976787671079,True,NO CHANGE
O35143,Atpif1,571930000.0,409390000.0,421970000,340770000,0.7378000804294231,0.8323847675810352,-0.43869814858284484,-0.26467753050654036,-0.3516878395446926,True,NO CHANGE
P49312,Hnrnpa1,3055200000.0,4891200000.0,2159800000,4391100000,0.7069258968316313,0.8977551521099116,-0.5003691017432513,-0.15560606751863051,-0.3279875846309409,True,NO CHANGE
Q8K4Z3,Apoa1bp,2686100000.0,1894300000.0,989940000,1855700000,0.36854175198242806,0.9796230797656126,-1.4401000238279573,-0.029701330916918497,-0.7349006773724379,True,DOWN
Q60668,Hnrnpd,1977300000.0,2591300000.0,1328100000,2521000000,0.6716734941587013,0.9728707598502682,-0.574167997046567,-0.0396799306900397,-0.30692396386830334,True,NO CHANGE
Q99LP6,Grpel1,1780200000.0,1016900000.0,1771700000,927780000,0.9952252555892597,0.9123610974530436,-0.00690499803313488,-0.132323162603942,-0.06961408031853844,True,NO CHANGE
P35979,Rpl12,4388600000.0,5456800000.0,3900500000,6160400000,0.8887800209634051,1.128940038117578,-0.1701017083819828,0.17496886165767545,0.002433576637846324,True,NO CHANGE
P00015,Cyct,329600000.0,143730000.0,1004200000,235920000,3.0467233009708736,1.641410978918806,1.6072584824846456,0.7149365082081918,1.1610974953464188,True,UP
P20108,Prdx3,7267000000.0,5647300000.0,7016900000,6846800000,0.965584147516169,1.2124023869813894,-0.050526104054933775,0.27786859761992017,0.1136712467824932,True,NO CHANGE
P97311,Mcm6,182730000.0,0.0,31147000,0,,,,,,False,NO CHANGE
O89017,Lgmn,22891000000.0,10688000000.0,18583000000,10313000000,0.8118037656720982,0.9649139221556886,-0.3007970626814414,-0.05152784641135697,-0.1761624545463992,True,NO CHANGE
P11859,Agt,3501900000.0,5644500000.0,2943700000,3183100000,0.840600816699506,0.5639294888829834,-0.25050723672277264,-0.8264133088559484,-0.5384602727893606,True,NO CHANGE
Q9WUU7,Ctsz,3387900000.0,3613900000.0,4308500000,2662600000,1.2717317512323267,0.7367663742770968,0.34679439233656156,-0.44072087598076365,-0.04696324182210104,True,NO CHANGE
O88668,Creg1,488960000.0,611080000.0,363470000,510070000,0.7433532395287958,0.8347024939451463,-0.4278801562460508,-0.26066601345737767,-0.34427308485171426,True,NO CHANGE
Q9Z0L8,Ggh,1706400000.0,1783800000.0,2276000000,1670200000,1.3338021565869667,0.9363157304630564,0.41554468685337276,-0.09493299887596843,0.16030584398870218,True,NO CHANGE
Q02853,Mmp11,635430000.0,338450000.0,409310000,321900000,0.6441464834836252,0.9511006057024671,-0.634539290142979,-0.07233014005676722,-0.3534347150998731,True,NO CHANGE
O88393,Tgfbr3,564810000.0,858430000.0,647940000,1157200000,1.147182238274818,1.3480423563948138,0.19809459220056416,0.4308658276775761,0.3144802099390701,True,NO CHANGE
A2A8L5,Ptprf,235360000.0,576800000.0,131120000,486370000,0.5571040108769545,0.8432212205270457,-0.8439813921553712,-0.24601692055466254,-0.5449991563550168,True,NO CHANGE
B9EKR1,Ptprz1,542550000.0,140240000.0,303090000,20366000,0.5586397567044512,0.14522247575584712,-0.8400098453666168,-2.783663341607775,-1.811836593487196,True,DOWN
Q9Z2L6,Minpp1,1638200000.0,1343100000.0,2067600000,1508600000,1.2621169576364302,1.1232223959496688,0.3358456079303783,0.16764360696184294,0.2517446074461106,True,NO CHANGE
P30412,Ppic,3110200000.0,9746800000.0,2677300000,20434000000,0.8608128094656292,2.096482948249682,-0.2162285485738655,1.0679710960676005,0.4258712737468675,True,NO CHANGE
Q9Z0J0,Npc2,6055600000.0,5161400000.0,5868400000,8765600000,0.9690864654204373,1.6982989111481381,-0.045302701003367994,0.7640904045202853,0.35939385175845867,True,NO CHANGE
Q9JHQ5,Lztfl1,523210000.0,37113000.0,624160000,189080000,1.1929435599472487,5.094710748255328,0.2545257884561309,2.3490002398349508,1.3017630141455407,True,UP
P32507,Pvrl2,880800000.0,840740000.0,616880000,599790000,0.7003633060853769,0.7134072364821467,-0.5138245958038109,-0.48720224495878434,-0.5005134203812976,True,NO CHANGE
B2RXS4,Plxnb2,453690000.0,481880000.0,8910000000,595440000,19.638960523705613,1.235660330372707,4.295646665732333,0.30528221651577947,2.3004644411240562,True,UP
Q60648,Gm2a,7582100000.0,3449100000.0,7737700000,8381600000,1.0205220189657218,2.430083210112783,0.02930731055284516,1.281005714967574,0.6551565127602096,True,UP
P29391;P49945,Ftl1;Ftl2,910840000.0,2747900000.0,699700000,1061400000,0.7681919985947038,0.38625859747443503,-0.38046115789661805,-1.3723610495190504,-0.8764111037078341,True,DOWN
P60521,Gabarapl2,342970000.0,232120000.0,349460000,349890000,1.0189229378662856,1.5073668792004136,0.027044943199249438,0.592030598345875,0.3095377707725622,True,NO CHANGE
Q60872,Eif1a,28489000.0,12549000.0,0,11512000,,,,,,False,NO CHANGE
Q60973,Rbbp7,533460000.0,781980000.0,266030000,407880000,0.49868781164473436,0.5215990178776951,-1.0037911521501894,-0.9389869417760266,-0.971389046963108,True,DOWN
P09528,Fth1,1775000000.0,1448000000.0,1382100000,1871200000,0.7786478873239436,1.2922651933701657,-0.360957020841402,0.36990216438185974,0.004472571770228861,True,NO CHANGE
P70122,Sbds,272910000.0,699300000.0,304780000,418480000,1.1167784251218351,0.5984269984269984,0.15934297571608272,-0.7407528300593886,-0.29070492717165297,True,NO CHANGE
Q61699,Hsph1,106140000.0,45046000.0,66319000,260550000,0.6248257019031468,5.7840873773476,-0.6784742956239126,2.5320893465341743,0.9268075254551309,True,UP
P53811,Pitpnb,219560000.0,339780000.0,116510000,234520000,0.530652213517945,0.6902113132026605,-0.9141614583759228,-0.5348899738122649,-0.7245257160940939,True,DOWN
Q9EPL8,Ipo7,534210000.0,674690000.0,224440000,703100000,0.4201344040733045,1.042108227482251,-1.251077164445835,0.05950511556630587,-0.5957860244397646,True,DOWN
P63085,Mapk1,623700000.0,821400000.0,259150000,867620000,0.4155042488375822,1.0562697832968104,-1.2670648651948266,0.07897836245699365,-0.5940432513689164,True,DOWN
Q9D0R2,Tars,966990000.0,978750000.0,418750000,76129000,0.4330448091500429,0.07778186462324393,-1.2074117798803257,-3.684422369627662,-2.445917074753994,True,DOWN
P62137,Ppp1ca,160190000.0,89253000.0,465960000,176390000,2.9087958049815845,1.9762921134303608,1.5404220240146287,0.9827962057536845,1.2616091148841566,True,UP
Q61576,Fkbp10,1200800000.0,1565700000.0,979840000,965080000,0.8159893404397068,0.6163888356645589,-0.29337778900826295,-0.698087363594757,-0.49573257630150996,True,NO CHANGE
Q8BMJ3,Eif1ax,513870000.0,538490000.0,66174000,370300000,0.12877576040632846,0.6876636520641052,-2.957067035849648,-0.5402250040169214,-1.7486460199332847,True,DOWN
P62869,Tceb2,619890000.0,363640000.0,86060000,311960000,0.13883108293406896,0.8578814211857881,-2.8485974853682743,-0.22114984680097574,-1.534873666084625,True,DOWN
P46638;P62492,Rab11b;Rab11a,2497900000.0,1316700000.0,1710300000,1617200000,0.6846951439208936,1.2282220703273334,-0.5464663144802269,0.2965714326908954,-0.12494744089466572,True,NO CHANGE
Q60739,Bag1,164830000.0,84729000.0,231880000,110170000,1.4067827458593702,1.3002631920593894,0.49239954558071014,0.3788036751362767,0.43560161035849343,True,NO CHANGE
O08810,Eftud2,167330000.0,101830000.0,52955000,91594000,0.3164704476184785,0.8994795246980262,-1.6598573094987132,-0.1528376538250888,-0.906347481661901,True,DOWN
Q9CWJ9,Atic,809340000.0,542270000.0,437670000,850430000,0.5407739639706427,1.568277795194276,-0.8869024013934714,0.6491811323177614,-0.118860634537855,True,NO CHANGE
Q9R0P3,Esd,1997500000.0,3116500000.0,1307000000,2468800000,0.6543178973717146,0.7921707043157388,-0.6119363620199059,-0.33611674572751193,-0.4740265538737089,True,NO CHANGE
Q9QZ08,Nagk,380190000.0,126900000.0,158060000,102840000,0.4157394986717168,0.810401891252955,-1.2662482725187216,-0.30329055389481235,-0.784769413206767,True,DOWN
Q9D0I8,Mrto4,175860000.0,57177000.0,51427000,13246000,0.2924314795860343,0.2316665792189167,-1.773829472385868,-2.1098781623498946,-1.9418538173678814,True,DOWN
P97494,Gclc,816830000.0,360840000.0,233380000,711360000,0.2857142857142857,1.9714000665114733,-1.8073549220576042,0.979220579731831,-0.4140671711628866,True,NO CHANGE
Q99KR3,Lactb2,674860000.0,352520000.0,397260000,401700000,0.5886554248288534,1.1395098150459548,-0.764504709317783,0.18841335115620844,-0.28804567908078726,True,NO CHANGE
P47754,Capza2,796350000.0,1203100000.0,946000000,490470000,1.1879198844729077,0.407671847726706,0.24843754138187038,-1.2945197616748405,-0.523041110146485,True,NO CHANGE
Q9CR00,Psmd9,515320000.0,315490000.0,140260000,208400000,0.2721803927656602,0.6605597641763605,-1.8773649526545542,-0.5982389996070926,-1.2378019761308234,True,DOWN
Q61166,Mapre1,881080000.0,851940000.0,750990000,731330000,0.8523516593271894,0.858428997347231,-0.23047932113154815,-0.22022928437719044,-0.2253543027543693,True,NO CHANGE
Q9D1A2,Cndp2,1031400000.0,2784900000.0,1442300000,1850600000,1.3983905371339926,0.6645121907429351,0.48376732731095107,-0.5896324283233826,-0.05293255050621576,True,NO CHANGE
Q9JM76,Arpc3,2200000000.0,1952000000.0,1779600000,3180800000,0.8089090909090909,1.6295081967213114,-0.30595052012359764,0.7044366091120375,0.19924304449421995,True,NO CHANGE
Q5FWK3,Arhgap1,991390000.0,1296300000.0,580080000,418950000,0.5851178648160663,0.3231890766026383,-0.7732008276991025,-1.6295496573097838,-1.2013752425044433,True,DOWN
Q64010,Crk,650070000.0,731200000.0,523750000,632740000,0.8056824649653114,0.8653446389496717,-0.31171673812202927,-0.20865326863594122,-0.26018500337898526,True,NO CHANGE
Q99KB8,Hagh,1925500000.0,810660000.0,1488900000,1181200000,0.7732537003375747,1.4570843510226235,-0.3709862626660715,0.5430843978413751,0.0860490675876518,True,NO CHANGE
P16858,Gapdh,636650000.0,1190600000.0,877800000,721380000,1.3787795492028587,0.6058961867965732,0.46339180515055256,-0.7228574688851165,-0.12973283186728196,True,NO CHANGE
P23116,Eif3a,230090000.0,172800000.0,56117000,36840000,0.24389152070928766,0.21319444444444444,-2.035688493552401,-2.2297582509594953,-2.132723372255948,True,DOWN
Q64674,Srm,991200000.0,1336600000.0,787490000,1002800000,0.7944814366424536,0.7502618584468054,-0.3319145840319432,-0.4145338780152219,-0.37322423102358254,True,NO CHANGE
Q9Z247,Fkbp9,1503800000.0,1108200000.0,861470000,974930000,0.5728620827237665,0.879741923840462,-0.803740244770807,-0.18484773000312504,-0.494293987386966,True,NO CHANGE
P61965,Wdr5,654370000.0,363140000.0,174670000,114450000,0.266928496110763,0.31516770391584514,-1.9054747654165534,-1.6658083893685949,-1.7856415773925742,True,DOWN
P14131,Rps16,480530000.0,519730000.0,63244000,685110000,0.13161301063409153,1.3182036826813923,-2.925625980818181,0.3985733060750018,-1.2635263373715897,True,DOWN
P10639,Txn,1427100000.0,3151200000.0,2960100000,1687000000,2.0742064326256044,0.5353516120842854,1.0525594835941041,-0.9014413484391149,0.07555906757749459,True,NO CHANGE
P54822,Adsl,938800000.0,481580000.0,1055400000,891380000,1.1242011077971878,1.850948959674405,0.16890014166994685,0.8882651131231974,0.5285826273965721,True,NO CHANGE
O08585,Clta,1110300000.0,291000000.0,410950000,450140000,0.3701251913897145,1.546872852233677,-1.433914763474616,0.6293546169610807,-0.4022800732567677,True,NO CHANGE
Q9R0Q7,Ptges3,1459100000.0,1326700000.0,246230000,1027400000,0.16875471180864918,0.7744026531996684,-2.567000310601989,-0.3688441994139989,-1.467922255007994,True,DOWN
P47811,Mapk14,456770000.0,460460000.0,183650000,464890000,0.4020623070692033,1.00962081396864,-1.3145090035967988,0.01381355780612934,-0.6503477228953347,True,DOWN
P70372,Elavl1,680920000.0,527470000.0,696600000,737530000,1.0230276684485695,1.3982406582364875,0.03284516423646061,0.4836126915887081,0.25822892791258434,True,NO CHANGE
Q8C0E2,Vps26b,495950000.0,233790000.0,184170000,164630000,0.371347918136909,0.7041789640275461,-1.4291566046394915,-0.5059859647417513,-0.9675712846906214,True,DOWN
Q9CZ04,Cops7a,433180000.0,512320000.0,495520000,755300000,1.1439124613324716,1.4742738913179263,0.19397665313581225,0.5600045739167264,0.37699061352626934,True,NO CHANGE
Q9DBR7,Ppp1r12a,183370000.0,94587000.0,142920000,141060000,0.7794077548126739,1.4913254464144121,-0.3595498090384438,0.5765951259604735,0.10852265846101483,True,NO CHANGE
P63028,Tpt1,7527200000.0,8515100000.0,8001500000,11663000000,1.0630114783717717,1.3696844429307935,0.08815717513865645,0.45384355372820534,0.2710003644334309,True,NO CHANGE
P28063,Psmb8,930880000.0,665090000.0,712970000,952000000,0.7659096768649021,1.431385226059631,-0.384753828614918,0.5174119941703171,0.06632908277769956,True,NO CHANGE
P14206,Rpsa,2757800000.0,2196900000.0,1084000000,2340500000,0.39306693741388066,1.0653648322636442,-1.347153077436912,0.09134756337585018,-0.6279027570305309,True,DOWN
P83917,Cbx1,699650000.0,652750000.0,534790000,573030000,0.7643678982348318,0.8778705476828801,-0.3876609053081539,-0.18791988176141763,-0.28779039353478575,True,NO CHANGE
Q8VDK1,Nit1,384280000.0,102270000.0,309490000,154260000,0.8053762881232435,1.5083602229392783,-0.31226509778446565,0.5929810106937097,0.140357956454622,True,NO CHANGE
P31786,Dbi,2963900000.0,1567000000.0,2379800000,2448800000,0.8029285738385236,1.5627313337587747,-0.3166564393392405,0.6440697701670489,0.16370666541390422,True,NO CHANGE
Q9D892,Itpa,2640100000.0,1641600000.0,1304800000,1203900000,0.4942237036475891,0.7333698830409356,-1.0167638889257562,-0.4473870741059026,-0.7320754815158295,True,DOWN
Q9ERE7,Mesdc2,1874900000.0,918400000.0,1160800000,943610000,0.6191263534055149,1.027449912891986,-0.6916942253038036,0.03906806574771193,-0.32631307977804586,True,NO CHANGE
O35215,Ddt,5198300000.0,1484400000.0,2856800000,3950000000,0.549564280630206,2.661007814605228,-0.8636398568017933,1.411972747141664,0.2741664451699354,True,NO CHANGE
P62965,Crabp1,437450000.0,134340000.0,458570000,238990000,1.0482798034061036,1.7789935983325889,0.06802384770393952,0.8310613191096008,0.44954258340677017,True,NO CHANGE
P45878,Fkbp2,871080000.0,312840000.0,485410000,644750000,0.5572507691601231,2.0609576780462855,-0.8436013920829459,1.0433148793072262,0.09985674361214014,True,NO CHANGE
O08716,Fabp9,2978300000.0,828710000.0,1175300000,776760000,0.39462109256958666,0.9373122081307091,-1.341460024451133,-0.09339842149759621,-0.7174292229743646,True,DOWN
Q6ZWY9;Q64525;Q64478;P10854,Hist1h2bc;Hist2h2bb;Hist1h2bh;Hist1h2bm,3849700000.0,4248000000.0,5741300,2372100,0.0014913629633477932,0.0005584039548022599,-9.389152865608736,-10.806403220320288,-10.097778042964512,True,DOWN
P62317,Snrpd2,941390000.0,781430000.0,352160000,741380000,0.37408512943625916,0.9487478085049205,-1.4185614776085405,-0.07590344681009886,-0.7472324622093196,True,DOWN
P09671,Sod2,11947000000.0,5931400000.0,6914400000,5945200000,0.5787561730978489,1.0023266008025087,-0.7889724184364624,0.0033526767802636017,-0.3928098708280994,True,NO CHANGE
P32261,Serpinc1,117570000.0,158320000.0,158660000,0,,,,,,False,NO CHANGE
P70696,Hist1h2ba,14820000.0,36597000.0,1246200000,5661300000,84.08906882591093,154.6930076235757,6.393846364147333,7.273264175864957,6.833555270006145,True,UP
Q9Z2C8,Ybx2,215740000.0,85223000.0,583090000,329240000,2.7027440437563732,3.8632763455874586,1.4344248917142532,1.9498248792651849,1.692124885489719,True,UP
P12032,Timp1,25370000000.0,49605000000.0,14064000000,31832000000,0.5543555380370516,0.6417095050902126,-0.8511165438078975,-0.640007742105896,-0.7455621429568967,True,DOWN
Q9EQC7,Fstl3,1402900000.0,887790000.0,1418000000,492170000,1.010763418632832,0.5543765980693632,0.015445356581696917,-0.851061736694094,-0.41780819005619857,True,NO CHANGE
Q571E4,Galns,855580000.0,1049700000.0,696420000,1446000000,0.8139741461932256,1.3775364389825664,-0.2969451231859769,0.4620904818774745,0.0825726793457488,True,NO CHANGE
Q9CYN9,Atp6ap2,982730000.0,1543600000.0,1078600000,1029500000,1.0975547708933278,0.6669473956983675,0.13429293586501612,-0.5843551190216378,-0.22503109157831086,True,NO CHANGE
P58022,Loxl2,587370000.0,1541600000.0,905250000,1477100000,1.541192093569641,0.9581603528801246,0.6240466899959505,-0.06166097656067176,0.2811928567176394,True,NO CHANGE
O35598,Adam10,371730000.0,259720000.0,204330000,234740000,0.5496731498668388,0.9038194979208378,-0.8633540857682542,-0.14589341456545465,-0.5046237501668545,True,NO CHANGE
Q61245,Col11a1,0.0,502580000.0,0,113120000,,,,,,False,NO CHANGE
Q04999,Inhbb,522030000.0,126060000.0,383650000,239610000,0.734919449073808,1.9007615421227986,-0.44434196302019907,0.9265775516732397,0.24111779432652033,True,NO CHANGE
Q08879,Fbln1,538480000.0,265330000.0,116570000,132610000,0.21647972069529045,0.4997927109637056,-2.2076962118413688,-1.000598233745252,-1.6041472227933102,True,DOWN
Q9Z1Q5,Clic1,1127600000.0,2062300000.0,811550000,2692400000,0.7197144377438808,1.305532657712263,-0.4745034952362959,0.38463854691175425,-0.044932474162270836,True,NO CHANGE
Q61081,Cdc37,896050000.0,328770000.0,91119000,259010000,0.10168963785503041,0.7878151899504212,-3.297755418413732,-0.3440708609071313,-1.8209131396604317,True,DOWN
Q8R0P4,Aamdc,301350000.0,206680000.0,429690000,240480000,1.4258835241413639,1.1635378362686277,0.5118561374572986,0.21851812549150415,0.3651871314744014,True,NO CHANGE
Q62465,Vat1,1117000000.0,1709200000.0,1095900000,1667100000,0.9811101163831693,0.9753685934940323,-0.027513026287502695,-0.035980576009466705,-0.0317468011484847,True,NO CHANGE
Q8BU30,Iars,153100000.0,140360000.0,89848000,36259000,0.5868582625734814,0.2583285836420633,-0.7689159877594138,-1.9527208107146827,-1.3608183992370484,True,DOWN
P62715,Ppp2cb,935250000.0,1737900000.0,46437000,124070000,0.04965196471531676,0.07139075896196559,-4.332005383824427,-3.8081188502903087,-4.070062117057368,True,DOWN
Q9D1M0,Sec13,648630000.0,407530000.0,754670000,120650000,1.1634830334705457,0.2960518244055652,0.21845017274895462,-1.7560783505585043,-0.7688140889047748,True,DOWN
Q8R180,Ero1l,828830000.0,756900000.0,1068800000,339880000,1.2895286126226126,0.44904214559386973,0.3668437846283176,-1.1550772370349989,-0.3941167262033406,True,NO CHANGE
Q9D8B3,Chmp4b,698070000.0,436120000.0,125940000,100060000,0.18041170656237912,0.22943226634871136,-2.470635139600436,-2.123859794955635,-2.2972474672780354,True,DOWN
P62880;P29387,Gnb2;Gnb4,79006000.0,61022000.0,80168000,39346000,1.014707743715667,0.6447838484481007,0.021064261985643328,-0.6331124894452954,-0.306024113729826,True,NO CHANGE
Q61792,Lasp1,786770000.0,424470000.0,197220000,226080000,0.2506704627781944,0.5326171460880628,-1.996136085607972,-0.9088292221442186,-1.4524826538760953,True,DOWN
Q8VEK3,Hnrnpu,700110000.0,608980000.0,389440000,480800000,0.5562554455728386,0.7895168971066373,-0.8461805403030348,-0.34095795215702557,-0.5935692462300302,True,DOWN
P80315,Cct4,1008900000.0,657060000.0,1488100000,738300000,1.4749727425909407,1.1236416765592183,0.5606882938017813,0.16818204101360454,0.36443516740769294,True,NO CHANGE
Q6NZB0,Dnajc8,416710000.0,1040300000.0,230830000,420490000,0.5539343908233544,0.40420071133326924,-0.8522129843874032,-1.3068562342383017,-1.0795346093128524,True,DOWN
Q6PDY2,Ado,186180000.0,201200000.0,143160000,172550000,0.7689332903641637,0.8576043737574552,-0.37906965383349106,-0.2216158313700115,-0.3003427426017513,True,NO CHANGE
P34022,Ranbp1,882400000.0,731100000.0,856030000,933280000,0.9701155938349955,1.2765421966899193,-0.04377143344677721,0.35224122748190567,0.15423489701756424,True,NO CHANGE
Q9JKB3,Ybx3,1109200000.0,451280000.0,63172000,75886000,0.05695275874504147,0.16815724162382556,-4.134090463181211,-2.572117185604667,-3.353103824392939,True,DOWN
P07356,Anxa2,214950000.0,762480000.0,70067000,862760000,0.3259688299604559,1.1315182037561642,-1.6171940783188297,0.17825979473073422,-0.7194671417940477,True,DOWN
P62196,Psmc5,393780000.0,285190000.0,273890000,104220000,0.6955406572197674,0.36544058347066866,-0.523793246180294,-1.452291235632725,-0.9880422409065095,True,DOWN
Q61990;P57722,Pcbp2;Pcbp3,601180000.0,289360000.0,418510000,173900000,0.6961475764330151,0.6009814763616257,-0.5225349192454126,-0.7346075704618247,-0.6285712448536187,True,DOWN
Q8BJY1,Psmd5,1078500000.0,937240000.0,1751800000,1460400000,1.624292999536393,1.5581921386197772,0.6998118978251071,0.6398731411934128,0.6698425195092599,True,UP
Q9Z2I9,Sucla2,548800000.0,30807000.0,280150000,10684000,0.5104774052478134,0.34680429772454313,-0.9700809889426222,-1.5278063178170402,-1.2489436533798313,True,DOWN
P97470,Ppp4c,579980000.0,254040000.0,169630000,0,,,,,,False,NO CHANGE
Q9EPC1,Parva,533720000.0,1044100000.0,439020000,963010000,0.8225661395488271,0.9223350253807107,-0.2817964095193113,-0.11663721010962282,-0.19921680981446704,True,NO CHANGE
P58044,Idi1,1558900000.0,2522800000.0,1823200000,3439200000,1.1695426262107897,1.3632471856667194,0.22594444441990344,0.4470471771121591,0.33649581076603124,True,NO CHANGE
P62874,Gnb1,1460300000.0,1607800000.0,804690000,437420000,0.5510443059645278,0.27206120164199527,-0.8597597735037475,-1.8779968648330627,-1.368878319168405,True,DOWN
Q99LS3,Psph,1134100000.0,1221100000.0,769330000,716870000,0.6783616964994269,0.5870690361149783,-0.5598733840523231,-0.7683979285121751,-0.6641356562822491,True,DOWN
Q9ERF3,Wdr61,392730000.0,93118000.0,118650000,21294000,0.30211595752807274,0.22867759187267767,-1.7268257067877226,-2.128613091962558,-1.9277193993751403,True,DOWN
O35841,Api5,477290000.0,623310000.0,628260000,272320000,1.3163066479498837,0.4368933596444787,0.3964956197279486,-1.1946469165045988,-0.3990756483883251,True,NO CHANGE
Q9WVQ5,Apip,896640000.0,679150000.0,400610000,850550000,0.44679023911491794,1.2523742913936537,-1.162330426824245,0.3246657984027244,-0.4188323142107603,True,NO CHANGE
Q60605,Myl6,2776800000.0,1943300000.0,1381800000,3090100000,0.49762316335350043,1.5901301909123655,-1.0068744533146443,0.6691448900972845,-0.1688647816086799,True,NO CHANGE
Q9CZX8,Rps19,224270000.0,296520000.0,24981000,361150000,0.11138805903598341,1.2179616889248617,-3.1663335129538175,0.2844687538785772,-1.44093237953762,True,DOWN
Q99KC8,Vwa5a,461590000.0,420720000.0,342980000,307100000,0.7430403604930783,0.7299391519300247,-0.42848751763389303,-0.45415188961745745,-0.44131970362567524,True,NO CHANGE
Q9WUM4,Coro1c,519920000.0,1136000000.0,434740000,1253800000,0.836167102631174,1.1036971830985915,-0.2581368104200203,0.14234440004367674,-0.057896205188171776,True,NO CHANGE
O54983,Crym,602790000.0,302660000.0,123810000,28050000,0.20539491365152043,0.0926782528249521,-2.2835276393295296,-3.4316253430745434,-2.8575764912020363,True,DOWN
Q99KV1,Dnajb11,584600000.0,282630000.0,373310000,474290000,0.6385733835100924,1.6781304178608074,-0.6470756739528167,0.7468548408609115,0.04988958345404737,True,NO CHANGE
P62245,Rps15a,329170000.0,316310000.0,115570000,459140000,0.3510951787829997,1.4515506939394898,-1.5100659095305964,0.5375949575091779,-0.48623547601070927,True,NO CHANGE
Q9Z204,Hnrnpc,357930000.0,245740000.0,288760000,375590000,0.8067499231693348,1.5284040042321152,-0.3098065595699078,0.6120259424980956,0.1511096914640939,True,NO CHANGE
Q6ZQI3,Mlec,280380000.0,267320000.0,165690000,162590000,0.5909479991440189,0.6082223552296873,-0.7588969097937369,-0.7173292512475352,-0.7381130805206361,True,DOWN
Q923D2,Blvrb,6649800000.0,6773800000.0,4879000000,6932000000,0.7337062768805077,1.023354690129617,-0.4467254673728649,0.0333062633654176,-0.20670960200372365,True,NO CHANGE
Q3THE2,Myl12b,1825400000.0,1061000000.0,58330000,813400000,0.03195464007888682,0.7666352497643732,-4.967830752100178,-0.3833877603399941,-2.675609256220086,True,DOWN
Q9D8S4,Rexo2,1320800000.0,699090000.0,461020000,480910000,0.34904603270745005,0.6879085668511923,-1.5185107811476686,-0.539711272570988,-1.0291110268593284,True,DOWN
Q9CQF3,Nudt21,799830000.0,606080000.0,594660000,758370000,0.7434829901354038,1.251270459345301,-0.4276283591033042,0.3233936585555293,-0.05211735027388745,True,NO CHANGE
O88543,Cops3,912460000.0,714450000.0,439540000,1187800000,0.4817087872345089,1.66253761634824,-1.0537668533705684,0.7333869832033713,-0.16018993508359858,True,NO CHANGE
P68037,Ube2l3,828860000.0,1079900000.0,1595700000,1538800000,1.925174335834761,1.4249467543291046,0.9449890962261915,0.5109080114173522,0.7279485538217718,True,UP
P99026,Psmb4,5866500000.0,3546500000.0,5765100000,8530200000,0.9827154180516492,2.4052446073593683,-0.025154404066250833,1.2661836199327425,0.6205146079332459,True,UP
Q9JMI7,Tex101,2070300000.0,736120000.0,1085300000,227070000,0.524223542481766,0.30846872792479485,-0.9317459494258777,-1.6968038562570373,-1.3142749028414575,True,DOWN
Q8BVU5,Nudt9,697310000.0,431360000.0,205890000,193870000,0.2952632258249559,0.44943898367952523,-1.7599264106934747,-1.153802827686185,-1.4568646191898298,True,DOWN
Q9CQU0,Txndc12,1772800000.0,982000000.0,439910000,910430000,0.248144178700361,0.9271181262729125,-2.010749484534537,-0.10917492720068525,-1.0599622058676113,True,DOWN
Q9JJV2,Pfn2,1284200000.0,745320000.0,1545500000,958250000,1.2034729792867154,1.2856893683250148,0.2672037503818503,0.3625421194073801,0.3148729348946152,True,NO CHANGE
O89086,Rbm3,577110000.0,838740000.0,107860000,84530000,0.18689677877700958,0.10078212556930634,-2.419686390879101,-3.310688305644483,-2.865187348261792,True,DOWN
P57776,Eef1d,826620000.0,811770000.0,466310000,1013300000,0.564116522706927,1.2482599751161043,-0.8259349014683379,0.3199184356029423,-0.2530082329326978,True,NO CHANGE
P32020,Scp2,208580000.0,183130000.0,188550000,111730000,0.9039696998753476,0.6101130344563971,-0.14565367907454027,-0.7128515421421073,-0.4292526106083238,True,NO CHANGE
Q8BHG2,,749930000.0,341740000.0,761100000,1006500000,1.0148947235075274,2.9452215134312634,0.021330082335768913,1.5583761448573064,0.7898531135965376,True,UP
Q8BG05,Hnrnpa3,248860000.0,166350000.0,427610000,136390000,1.7182753355300169,0.8198978058310791,0.7809612316896813,-0.2864839951672119,0.24723861826123472,True,NO CHANGE
Q91V64,Isoc1,411060000.0,686020000.0,597540000,519210000,1.4536564005254706,0.7568438237952246,0.5396863010054309,-0.4019324669109572,0.06887691704723686,True,NO CHANGE
Q9JI75,Nqo2,475380000.0,412010000.0,1540900000,776880000,3.2414068745003997,1.8855853013276376,1.6966201249388155,0.9150124175274168,1.305816271233116,True,UP
Q9D0W5,Ppil1,1387200000.0,721180000.0,1078500000,1265200000,0.7774653979238755,1.7543470423472642,-0.36314962717401855,0.8109341678217507,0.22389227032386605,True,NO CHANGE
Q9CYR0,Ssbp1,549290000.0,595590000.0,217870000,558700000,0.39663929800287645,0.9380614180896254,-1.33410047172006,-0.09224571087534625,-0.7131730912977031,True,DOWN
Q9CPU0,Glo1,4326500000.0,3645800000.0,3853500000,4468300000,0.8906737547671328,1.22560206264743,-0.16703101170406157,0.2934906303852289,0.06322980934058366,True,NO CHANGE
Q6PE15,Abhd10,289720000.0,85661000.0,102310000,14375000,0.35313406047218004,0.16781265686835317,-1.5017121163147487,-2.575076563182448,-2.0383943397485984,True,DOWN
Q9WTP7,Ak3,447090000.0,276890000.0,501050000,398480000,1.1206915833501085,1.439127451334465,0.1643893000956562,0.5251943650218462,0.34479183255875123,True,NO CHANGE
Q9R0X4;Q32MW3,Acot9;Acot10,443660000.0,400840000.0,199670000,191920000,0.45005184150024796,0.47879453148388385,-1.1518368997394117,-1.0625214201459134,-1.1071791599426626,True,DOWN
Q9CQ19,Myl9,262310000.0,126060000.0,286600000,1167600000,1.0926003583546187,9.262256068538791,0.1277658013284338,3.211363642995428,1.669564722161931,True,UP
Q91V76,,1073100000.0,1300600000.0,1200900000,1119400000,1.1190942130276769,0.8606796862986315,0.16233149739231306,-0.21645167604460439,-0.02706008932614566,True,NO CHANGE
Q91VM5,Rbmxl1,728850000.0,645570000.0,358070000,556000000,0.4912807847979694,0.8612543953405518,-1.0253802820528657,-0.2154886543768643,-0.620434468214865,True,DOWN
Q9Z1X4,Ilf3,281320000.0,381700000.0,346940000,385660000,1.233257500355467,1.0103746397694524,0.30247406145990013,0.014890333293914749,0.15868219737690745,True,NO CHANGE
Q9ESP1,Sdf2l1,717610000.0,189710000.0,420500000,270820000,0.5859728822062122,1.4275473090506563,-0.7710941940826181,0.5135385574282658,-0.12877781832717616,True,NO CHANGE
P16406,Enpep,198300000.0,114940000.0,83885000,164420000,0.4230206757438225,1.430485470680355,-1.2411999160241587,0.5165048444042972,-0.36234753580993073,True,NO CHANGE
Q3UV17,Krt76,6393900000.0,2753600000.0,1870500000,5163200000,0.2925444564350396,1.8750726321905868,-1.7732722147901785,0.9069464804467385,-0.43316286717172,True,NO CHANGE
P42125,Eci1,1606700000.0,1062400000.0,1344300000,2052200000,0.8366838862264269,1.931664156626506,-0.25724544453176446,0.9498442858471682,0.34629942065770186,True,NO CHANGE
P62960,Ybx1,64141000.0,45921000.0,12562000,32162000,0.1958497684788201,0.7003767339561421,-2.352180672060309,-0.5137969356784351,-1.4329888038693719,True,DOWN
Q9QYR9,Acot2,0.0,136260000.0,47860000,0,,,,,,False,NO CHANGE
Q9QXK3,Copg2,166910000.0,13445000.0,66251000,0,,,,,,False,NO CHANGE
Q922D4,Ppp6r3,123240000.0,4567500.0,23039000,0,,,,,,False,NO CHANGE
Q8K2B3,Sdha,599370000.0,38617000.0,178700000,33018000,0.29814638703972507,0.8550120413289484,-1.7459072407060392,-0.22598335694352592,-0.9859452988247825,True,DOWN
Q91VC3,Eif4a3,33266000.0,3543600.0,5205900,4069800,0.15649311609451091,1.148493057907213,-2.675828898398742,0.19974213633873097,-1.2380433810300056,True,DOWN
Q99KE1,Me2,418730000.0,45584000.0,294010000,146270000,0.7021469682134072,3.208801333801334,-0.5101550584874501,1.68203447094973,0.5859397062311399,True,UP
Q8VIG3,Rsph1,324510000.0,0.0,49545000,0,,,,,,False,NO CHANGE
Q6PDI5,Ecm29,62197000.0,0.0,27918000,2191800,,,,,,False,NO CHANGE
P22907,Hmbs,275630000.0,22939000.0,314380000,346660000,1.1405870188295903,15.112254239504773,0.1897765184122747,3.9176469729668457,2.05371174568956,True,UP
Q9QXZ0,Macf1,58629000.0,7441100.0,25373000,105610000,0.43277217759129444,14.192794076144656,-1.2083203418901245,3.827086729598629,1.3093831938542522,True,UP
Q8K4F5,Abhd11,398750000.0,52313000.0,189280000,82293000,0.4746833855799373,1.5730889071550094,-1.074962540087168,0.653600210669,-0.21068116470908405,True,NO CHANGE
P60122,Ruvbl1,721870000.0,95751000.0,1218600000,188240000,1.6881155886794021,1.9659324706791574,0.7554136916666954,0.9752137662921637,0.8653137289794295,True,UP
P21460,Cst3,24423000000.0,21960000000.0,17614000000,22952000000,0.7212054211194366,1.0451730418943534,-0.47151785370122745,0.06374181887610353,-0.20388801741256196,True,NO CHANGE
Q9ESY9,Ifi30,1376100000.0,2351700000.0,1160900000,1958900000,0.8436160162778867,0.8329718926733852,-0.24534160954080209,-0.26366027995063923,-0.25450094474572066,True,NO CHANGE
Q924X6,Lrp8,432630000.0,332670000.0,181460000,35134000,0.4194346208076185,0.10561216821474735,-1.253482146170925,-3.243152029019371,-2.248317087595148,True,DOWN
Q9JJH1,Rnase4,1020500000.0,1600200000.0,298480000,1461400000,0.292484076433121,0.9132608423947006,-1.7735700119906639,-0.13090111826698728,-0.9522355651288256,True,DOWN
Q62217,Sema5a,332820000.0,71180000.0,189320000,0,,,,,,False,NO CHANGE
P42703,Lifr,146000000.0,74008000.0,23202000,0,,,,,,False,NO CHANGE
Q9QXX0,Jag1,113070000.0,445760000.0,29179000,244750000,0.25806137790749095,0.5490622756640344,-1.9542138545430867,-0.8649583032228333,-1.40958607888296,True,DOWN
Q8C0F9,Prss35,1333000000.0,304740000.0,2016300000,1277900000,1.512603150787697,4.193410776399554,0.5970335292008475,2.068124160031081,1.332578844615964,True,UP
Q76KF0,Sema6d,287970000.0,81834000.0,129340000,22763000,0.44914400805639476,0.2781606667155461,-1.1547500076080692,-1.8460096647495228,-1.5003798361787961,True,DOWN
Q8BM88,Ctso,705490000.0,376110000.0,382670000,238080000,0.5424173269642376,0.6330063013480098,-0.8825248302661386,-0.6597082336566902,-0.7711165319614144,True,DOWN
P01029,C4b,314990000.0,1084200000.0,156370000,53963000,0.49642845804628716,0.04977218225419664,-1.0103422737272274,-4.328516546615781,-2.669429410171504,True,DOWN
O08746,Matn2,195570000.0,310900000.0,130510000,217350000,0.6673313902950351,0.6990993888710196,-0.5835247271703239,-0.5164305210629786,-0.5499776241166512,True,NO CHANGE
Q9DC11,Plxdc2,410920000.0,191940000.0,202230000,56622000,0.4921395892144456,0.29499843701156614,-1.022860518947592,-1.7612207842150396,-1.3920406515813157,True,DOWN
Q9DAW9,Cnn3,338530000.0,144780000.0,11877000,89824000,0.035084039819218385,0.6204171846940185,-4.83304131053289,-0.6886894473117454,-2.7608653789223174,True,DOWN
Q8R3R8,Gabarapl1,63378000.0,37575000.0,0,20197000,,,,,,False,NO CHANGE
Q99J36,Thumpd1,525740000.0,239500000.0,201350000,68204000,0.38298398447902005,0.284776617954071,-1.3846440317078827,-1.8120973985357471,-1.598370715121815,True,DOWN
P12265,Gusb,747740000.0,1049300000.0,425930000,1239600000,0.5696231310348517,1.1813590012389212,-0.8119203629936851,0.24044744958075207,-0.2857364567064665,True,NO CHANGE
Q8VBW6,Nae1,798340000.0,249560000.0,637200000,124890000,0.7981561740611769,0.500440775765347,-0.3252570307718891,-0.9987287502321779,-0.6619928905020335,True,DOWN
Q9CQV6,Map1lc3b,681550000.0,925200000.0,462260000,658430000,0.6782481109236299,0.7116623432771293,-0.5601149706108237,-0.49073519530385623,-0.5254250829573399,True,NO CHANGE
P46935,Nedd4,146250000.0,287090000.0,47116000,457560000,0.32216068376068374,1.5937859207913894,-1.6341476554811845,0.6724578578388566,-0.48084489882116394,True,NO CHANGE
Q9D662,Sec23b,331500000.0,150060000.0,82625000,172970000,0.24924585218702866,1.1526722644275622,-2.004358598604896,0.20498237448426224,-0.899688112060317,True,DOWN
O55013,Trappc3,617530000.0,347590000.0,116280000,405820000,0.18829854420028178,1.1675249575649471,-2.408906248855311,0.2234533899951829,-1.092726429430064,True,DOWN
P23506,Pcmt1,1660900000.0,704280000.0,491020000,738750000,0.29563489674272986,1.0489436019764866,-1.7581115196313781,0.06893711134114906,-0.8445872041451146,True,DOWN
Q9WVA3,Bub3,263660000.0,253170000.0,148590000,347170000,0.5635667147083365,1.3712920172216296,-0.8273416889589044,0.4555358263594295,-0.18590293129973742,True,NO CHANGE
Q923G2,Polr2h,506880000.0,251610000.0,61015000,546950000,0.12037365845959595,2.1738007233416794,-3.054408375277386,1.1202196916881464,-0.9670943417946198,True,DOWN
Q9QZ88,Vps29,553980000.0,410180000.0,621290000,527140000,1.1215025813206252,1.2851431079038471,0.16543294102532582,0.3619290205611503,0.26368098079323804,True,NO CHANGE
Q9EQ80,Nif3l1,595530000.0,392770000.0,265730000,114850000,0.4462075798028647,0.29241031647019883,-1.164213073794948,-1.7739338832623985,-1.4690734785286734,True,DOWN
Q99LD4,Gps1,499020000.0,527510000.0,489630000,111920000,0.9811831189130696,0.21216659399821805,-0.027405682098557017,-2.236730575614305,-1.1320681288564312,True,DOWN
Q3TMX7,Qsox2,179880000.0,46792000.0,445010000,465250000,2.473927062486102,9.942938963925457,1.306802966708482,3.3136723509805814,2.3102376588445317,True,UP
Q9QZ73,Dcun1d1,266010000.0,226320000.0,145600000,112630000,0.5473478440660126,0.4976581831035702,-0.8694701258260678,-1.0067729286152023,-0.938121527220635,True,DOWN
Q3UM45,Ppp1r7,541160000.0,382680000.0,335410000,104330000,0.6197982112499076,0.2726298735235706,-0.6901295036041042,-1.874984440216867,-1.2825569719104855,True,DOWN
P17047,Lamp2,4432000000.0,3258800000.0,2761100000,1937300000,0.6229918772563177,0.5944826316435498,-0.6827147417800179,-0.7502934339622693,-0.7165040878711436,True,DOWN
Q8R050;Q149F3,Gspt1;Gspt2,991290000.0,760740000.0,50152000,47217000,0.05059266208677582,0.062067197728527486,-4.30492803684527,-4.010025178613499,-4.157476607729384,True,DOWN
P46664,Adss,309850000.0,787340000.0,67583000,377720000,0.21811521704050346,0.47974191581781694,-2.1968376702408987,-1.0596695992698582,-1.6282536347553784,True,DOWN
Q62426,Cstb,1575700000.0,684620000.0,1256800000,1685900000,0.7976137589642699,2.4625339604452106,-0.3262377982175634,1.3001436207022328,0.4869529112423347,True,NO CHANGE
Q9WUK2,Eif4h,208410000.0,198190000.0,19081000,55490000,0.09155510772035891,0.2799838538775922,-3.449215815742513,-1.8365844627255925,-2.6429001392340528,True,DOWN
P50431,Shmt1,254850000.0,39248000.0,115990000,136310000,0.45513046890327646,3.473043212392988,-1.135647923513683,1.7962003611712656,0.3302762188287913,True,NO CHANGE
Q8BP48,Metap1,358880000.0,411460000.0,144410000,239890000,0.40239077128845296,0.5830214358625383,-1.3133308771421834,-0.778379167132158,-1.0458550221371707,True,DOWN
Q99020,Hnrnpab,992400000.0,1573500000.0,524140000,1378700000,0.5281539701733172,0.8761995551318716,-0.9209695220767247,-0.19066861271817367,-0.5558190673974491,True,NO CHANGE
Q8BK64,Ahsa1,614650000.0,435120000.0,510660000,418730000,0.8308142845521842,0.9623322301893731,-0.26740207360678403,-0.05539304694140716,-0.1613975602740956,True,NO CHANGE
Q9WV55,Vapa,169160000.0,108510000.0,136540000,192880000,0.8071648143769212,1.7775320246981845,-0.3090648084885727,0.8298755522255957,0.26040537186851154,True,NO CHANGE
P26883,Fkbp1a,1311300000.0,766170000.0,1291300000,1341200000,0.9847479600396553,1.7505253403291698,-0.022173571668223,0.8077879461438066,0.3928071872377918,True,NO CHANGE
P55264,Adk,175600000.0,68930000.0,205290000,215720000,1.1690774487471527,3.1295517191353546,0.22537050833172928,1.645956018532486,0.9356632634321076,True,UP
P21550,Eno3,277360000.0,44840000.0,74684000,0,,,,,,False,NO CHANGE
P83940,Tceb1,515500000.0,166060000.0,469890000,414310000,0.9115227934044617,2.4949415873780563,-0.13364936235259278,1.3190060389747615,0.5926783383110844,True,UP
P62281,Rps11,219020000.0,190480000.0,0,269700000,,,,,,False,NO CHANGE
Q9CRC9,Gnpda2,467440000.0,506260000.0,337640000,534800000,0.7223173027554338,1.0563741950776282,-0.46929536504481295,0.07912096514827599,-0.19508719994826848,True,NO CHANGE
P21300,Akr1b7,651580000.0,253320000.0,1116500000,777720000,1.7135271186960925,3.0701089531027947,0.7769690244796572,1.6182898553713245,1.1976294399254908,True,UP
Q925B0,Pawr,90029000.0,66215000.0,136260000,25098000,1.5135123126992414,0.3790379823302877,0.5979004118009604,-1.3995856708341796,-0.4008426295166096,True,NO CHANGE
Q91V12,Acot7,747050000.0,132210000.0,360110000,167940000,0.48204270129174753,1.2702518720217835,-1.0527671430106404,0.3451145902954788,-0.3538262763575808,True,NO CHANGE
Q9CX80,Cygb,410440000.0,194090000.0,388980000,443480000,0.9477146476951565,2.284919367303828,-0.07747535889227321,1.1921432548048168,0.5573339479562718,True,NO CHANGE
Q8VDG5,Ppcs,235390000.0,137350000.0,163080000,13963000,0.6928076808700454,0.10165999271933018,-0.5294731701753544,-3.2981760623110765,-1.9138246162432155,True,DOWN
P56812,Pdcd5,810550000.0,295050000.0,499690000,873570000,0.6164826352476713,2.9607524148449413,-0.6978678367473157,1.5659638539705436,0.43404800861161397,True,NO CHANGE
Q9WUZ9,Entpd5,722820000.0,175440000.0,142270000,71929000,0.1968263191389281,0.4099920200638395,-2.3450049476226194,-1.2863322649770392,-1.8156686062998293,True,DOWN
Q61206,Pafah1b2,1172200000.0,1614100000.0,1234000000,1350100000,1.0527213786043337,0.8364413605105012,0.07412365203808378,-0.2576636925389438,-0.09177002025042999,True,NO CHANGE
Q8QZS1,Hibch,558920000.0,571590000.0,656040000,164510000,1.1737636871108565,0.287811193337882,0.23114198106271472,-1.796805393500499,-0.7828317062188922,True,DOWN
Q8CG72,Adprhl2,622440000.0,629420000.0,426250000,321540000,0.6848049611207506,0.5108512598900575,-0.5462349413983345,-0.9690247995280309,-0.7576298704631828,True,DOWN
Q60692,Psmb6,7072200000.0,3670400000.0,4199100000,3441700000,0.5937473487740731,0.9376907149084568,-0.7520789285253182,-0.09281594788978766,-0.4224474382075529,True,NO CHANGE
Q8CJG0,Ago2,216930000.0,186020000.0,217980000,152270000,1.0048402710551791,0.8185678959251693,0.006966189492821383,-0.2888260092177726,-0.14092990986247558,True,NO CHANGE
P14873,Map1b,89058000.0,192420000.0,90236000,352610000,1.0132273349951717,1.8325018189377404,0.018957903925799546,0.8738146303760888,0.44638626715094415,True,NO CHANGE
P47199,Cryz,160550000.0,106570000.0,129270000,27101000,0.8051697290563687,0.25430233649244627,-0.3126351607815933,-1.9753833775287106,-1.144009269155152,True,DOWN
P56376,Acyp1,2108400000.0,546870000.0,1795300000,644100000,0.8514987668374122,1.1777936255417192,-0.2319236543303893,0.23608677050047217,0.0020815580850414295,True,NO CHANGE
Q9R1Z7,Pts,323450000.0,87110000.0,13988000,153570000,0.04324625135260473,1.7629434048903685,-4.5312811064911145,0.817986161104736,-1.8566474726931892,True,DOWN
Q7TSV4,Pgm2,844670000.0,654900000.0,609640000,1291700000,0.7217493222205121,1.9723621927011759,-0.47043024722979765,0.9799245038625964,0.2547471283163994,True,NO CHANGE
Q9DCC4,Pycrl,197230000.0,212250000.0,122920000,166410000,0.6232317598742585,0.7840282685512368,-0.6821593399127097,-0.351022422481255,-0.5165908811969824,True,NO CHANGE
P38647,Hspa9,136840000.0,193540000.0,142300000,128090000,1.0399006138555977,0.6618270125038752,0.05644565264594488,-0.595473918362214,-0.2695141328581345,True,NO CHANGE
P14869,Rplp0,1682700000.0,2256600000.0,835600000,537390000,0.4965828727640102,0.2381414517415581,-1.009893591335833,-2.070109331830618,-1.5400014615832256,True,DOWN
P99027,Rplp2,2164400000.0,689330000.0,934730000,2030200000,0.43186564405839956,2.9451786517342926,-1.2113455436076104,1.5583551492183239,0.17350480280535674,True,NO CHANGE
P51855,Gss,603320000.0,1208200000.0,993590000,792780000,1.6468706490751177,0.6561661976493958,0.7197272452486498,-0.6078668194395428,0.05593021290455352,True,NO CHANGE
P19536,Cox5b,76151000.0,38738000.0,82972000,88462000,1.0895720345103808,2.2835975011616503,0.12376158002011885,1.1913083887700993,0.657534984395109,True,UP
Q8K3C3,Lzic,219220000.0,109080000.0,104810000,190620000,0.4781041875741264,1.7475247524752475,-1.0646030530043733,0.8053128905193856,-0.12964508124249385,True,NO CHANGE
P84089,Erh,863660000.0,209000000.0,1114000000,834470000,1.2898594354259778,3.9926794258373204,0.36721385412662827,1.9973572419381431,1.1822855480323857,True,UP
Q99LJ6,Gpx7,274710000.0,358050000.0,192040000,127250000,0.6990644679844199,0.35539729088116184,-0.5165025872799449,-1.4924954108398751,-1.00449899905991,True,DOWN
Q924M7,Mpi,1430100000.0,1898700000.0,1610900000,1117300000,1.1264247255436683,0.5884552588613262,0.17175090725877176,-0.7649953657284179,-0.29662222923482306,True,NO CHANGE
O88851,Rbbp9,799370000.0,611780000.0,579630000,1037500000,0.7251085229618325,1.6958710647618425,-0.4637311634534084,0.7620264875309845,0.14914766203878801,True,NO CHANGE
P63323,Rps12,1349200000.0,804200000.0,944950000,1404500000,0.7003780017788319,1.7464561054464063,-0.5137943241127403,0.8044303832134001,0.1453180295503299,True,NO CHANGE
Q61029;Q61033,Tmpo,166080000.0,113780000.0,52004000,88718000,0.313126204238921,0.779732817718404,-1.6751838481685668,-0.35894823833066936,-1.0170660432496181,True,DOWN
Q9D6J6,Ndufv2,1998700000.0,1261600000.0,163530000,141050000,0.08181818181818182,0.11180247305009512,-3.6114347120823473,-3.160975994204939,-3.386205353143643,True,DOWN
Q9JIQ3,Diablo,1136600000.0,190370000.0,442290000,245560000,0.3891342600739046,1.2899091243368177,-1.3616600915417818,0.3672694296122613,-0.49719533096476026,True,NO CHANGE
Q9Z0X1,Aifm1,738090000.0,528270000.0,595590000,466890000,0.8069341137259683,0.8838094156397297,-0.30947721281092383,-0.1781927939979353,-0.24383500340442957,True,NO CHANGE
Q8BHA3,Dtd2,255050000.0,189470000.0,276140000,321140000,1.0826896686924132,1.6949385126933023,0.1146197825617496,0.7612329376439488,0.43792636010284924,True,NO CHANGE
Q6PDM2,Srsf1,74930000.0,95345000.0,71484000,113520000,0.9540104097157347,1.190623525093083,-0.0679230865566465,0.25171730544189636,0.09189710944262493,True,NO CHANGE
P11404,Fabp3,1082000000.0,1171900000.0,1629500000,1553400000,1.506007393715342,1.325539721819268,0.5907288529117489,0.40657990341002015,0.49865437816088454,True,NO CHANGE
P62806,Hist1h4a,2049300000.0,2274300000.0,1506400000,5568300000,0.7350802713121554,2.448357736446379,-0.44402629296470664,1.291814369668862,0.4238940383520777,True,NO CHANGE
P97350,Pkp1,49142000.0,7649600.0,6808600,16320000,0.1385495095844695,2.1334448860071116,-2.851526490681573,1.0931848413985257,-0.8791708246415236,True,DOWN
Q6A4J8,Usp7,62895000.0,9555600.0,24592000,0,,,,,,False,NO CHANGE
Q62148,Aldh1a2,649560000.0,190370000.0,451640000,56160000,0.6953014348174149,0.2950044649892315,-0.5242895282225514,-1.7611913045855152,-1.1427404164040333,True,DOWN
Q8K4Z5,Sf3a1,45010000.0,2349200.0,10807000,3998700,0.24010219951121972,1.7021539247403372,-2.058279475119972,0.767361504954889,-0.6454589850825415,True,DOWN
Q9JJ78,Pbk,229640000.0,12035000.0,159480000,0,,,,,,False,NO CHANGE
Q9EPK7,Xpo7,124560000.0,0.0,35517000,0,,,,,,False,NO CHANGE
Q9D1G1,Rab1b,77823000.0,13052000.0,22172000,11732000,0.2849029207303753,0.898866074164879,-1.8114576831180893,-0.15382191633490844,-0.9826397997264988,True,DOWN
Q9WUD8,Faim,117100000.0,29539000.0,153830000,75263000,1.313663535439795,2.54791969938048,0.39359580997443555,1.3493198101173276,0.8714578100458816,True,UP
Q8BI72,Cdkn2aip,88430000.0,10716000.0,5231300,32225000,0.05915752572656338,3.007185516983949,-4.079294477037977,1.5884138722939967,-1.2454403023719902,True,DOWN
P12399,Ctla2a,100650000.0,485490000.0,14320000,790380000,0.14227521112767014,1.6280046962862262,-2.813243774544446,0.7031048613357797,-1.055069456604333,True,DOWN
Q9CQ01,Rnaset2,3078100000.0,2830600000.0,2312800000,2494100000,0.7513725999805074,0.8811206104712782,-0.4123995881610639,-0.18258858173583742,-0.29749408494845064,True,NO CHANGE
Q9ER65,Clstn2,90969000.0,278970000.0,15749000,237330000,0.17312491068385932,0.8507366383482095,-2.530114768020043,-0.23321550745717962,-1.3816651377386113,True,DOWN
O08992,Sdcbp,189330000.0,691890000.0,52254000,624270000,0.2759942956742196,0.9022677015132463,-1.8572896455924695,-0.14837255237597963,-1.0028310989842246,True,DOWN
P08905,Lyz2,784690000.0,1585200000.0,404430000,1115200000,0.5154009863767858,0.7035074438556649,-0.9562327966507618,-0.5073624060995607,-0.7317976013751613,True,DOWN
P97467,Pam,433000000.0,283160000.0,610690000,200870000,1.4103695150115474,0.7093869190563639,0.49607319640645536,-0.49535536735814145,0.0003589145241569558,True,NO CHANGE
Q8R242,Ctbs,1034000000.0,1324000000.0,482460000,651880000,0.4665957446808511,0.4923564954682779,-1.0997549447787685,-1.022224803708753,-1.0609898742437607,True,DOWN
P27090,Tgfb2,843720000.0,471280000.0,1195200000,650980000,1.4165837007538047,1.3813019860804616,0.5024158478119427,0.4660287621685939,0.4842223049902683,True,NO CHANGE
Q61646,Hp,1273500000.0,2007900000.0,1211500000,2452600000,0.9513152728700431,1.2214751730663878,-0.07200455482284833,0.28862454059411374,0.1083099928856327,True,NO CHANGE
Q9WVG5,Lipg,124840000.0,195820000.0,177890000,114380000,1.424943928228132,0.584107854151772,0.5109051501133147,-0.7756933109132887,-0.132394080399987,True,NO CHANGE
P08226,Apoe,275400000.0,292870000.0,81689000,388240000,0.2966194625998548,1.3256393621743436,-1.7533148319731444,0.40668834621350763,-0.6733132428798184,True,DOWN
Q04997,Inha,642320000.0,59623000.0,326910000,149160000,0.508951924274505,2.5017191352330475,-0.9743987094831923,1.3229198290915205,0.1742605598041641,True,NO CHANGE
P14901,Hmox1,416870000.0,890490000.0,541620000,927480000,1.299253964065536,1.0415389280059293,0.37768346072139464,0.05871676179004938,0.218200111255722,True,NO CHANGE
P29416,Hexa,1247500000.0,672410000.0,663870000,609680000,0.5321603206412826,0.9067087045106408,-0.9100671518856954,-0.14128895985241752,-0.5256780558690565,True,NO CHANGE
A2ASQ1,Agrn,277600000.0,2872900000.0,391930000,2728500000,1.4118515850144093,0.949737199345609,0.4975884393049735,-0.07439973265625131,0.21159435332436108,True,NO CHANGE
P35822,Ptprk,109590000.0,328010000.0,38373000,476990000,0.35015056118258964,1.4541934697112893,-1.5139526952157611,0.540219221956912,-0.4868667366294246,True,NO CHANGE
Q9QZZ6,Dpt,226420000.0,793040000.0,375830000,853800000,1.6598798692694992,1.0766165641077372,0.731078832969448,0.10650452698888978,0.4187916799791689,True,NO CHANGE
Q8VCF1,Cant1,370850000.0,473140000.0,417160000,583150000,1.1248752865039773,1.2325104620196983,0.1697650605393588,0.30159989280186955,0.23568247667061418,True,NO CHANGE
Q8VCC9,Spon1,152630000.0,348730000.0,135090000,535230000,0.8850815698093428,1.5347976944914403,-0.17611767366178194,0.6180485028991453,0.22096541461868166,True,NO CHANGE
Q99JR5,Tinagl1,271280000.0,160280000.0,319090000,163010000,1.1762385726924212,1.0170326927876217,0.2341807070557829,0.024366055758332488,0.12927338140705769,True,NO CHANGE
P61922,Abat,1271900000.0,649910000.0,1323700000,75126000,1.0407264722069345,0.11559446692618978,0.05759094371564565,-3.112855751799557,-1.5276324040419558,True,DOWN
O88322,Nid2,126430000.0,267220000.0,410690000,334700000,3.248358775607055,1.2525260085322956,1.6997109844947076,0.3248405610979187,1.0122757727963132,True,UP
Q91VU0,Fam3c,343080000.0,1422700000.0,285570000,1783300000,0.8323714585519413,1.2534617277008504,-0.2647005979923041,0.3259179466312623,0.030608674319479084,True,NO CHANGE
P97461,Rps5,173220000.0,91012000.0,104370000,246580000,0.6025285763768617,2.7093130576187754,-0.7308984286160918,1.4379271047173066,0.3535143380506074,True,NO CHANGE
Q9ET22,Dpp7,794020000.0,457960000.0,295620000,484570000,0.372308002317322,1.0581055113983755,-1.4254314693521317,0.08148349624345198,-0.6719739865543398,True,DOWN
P36993,Ppm1b,233670000.0,98744000.0,17573000,28002000,0.0752043480121539,0.2835817872478328,-3.733040114650628,-1.8181632149579285,-2.7756016648042783,True,DOWN
Q9QYB1,Clic4,726550000.0,1242200000.0,695760000,828840000,0.9576216365012732,0.6672355498309451,-0.06247234598893409,-0.583731938301275,-0.3231021421451046,True,NO CHANGE
P84078;P61205;Q8BSL7,Arf1;Arf3;Arf2,469120000.0,514630000.0,626700000,911560000,1.3359055252387448,1.7712919961914384,0.41781798454181485,0.8248020589182387,0.6213100217300267,True,UP
P61082,Ube2m,156340000.0,124940000.0,103490000,129100000,0.6619547140846872,1.0332959820713943,-0.5951955727192394,0.047253565629039374,-0.2739710035451,True,NO CHANGE
P42227,Stat3,306360000.0,112170000.0,426200000,38005000,1.3911737824781303,0.33881608273156816,0.47630264954179075,-1.5614257375537692,-0.5425615440059892,True,NO CHANGE
Q8JZV9,Bdh2,603890000.0,249320000.0,414850000,416530000,0.6869628574740433,1.6706642066420665,-0.5416959969889602,0.7404217895962965,0.09936289630366812,True,NO CHANGE
Q8BP47,Nars,216130000.0,69881000.0,168300000,91363000,0.7786980058298246,1.3074083084100112,-0.3608641632171143,0.38670977045637184,0.012922803619628775,True,NO CHANGE
Q920A5,Scpep1,335700000.0,655440000.0,223800000,397590000,0.6666666666666666,0.6066001464664957,-0.5849625007211563,-0.7211822485796446,-0.6530723746504005,True,DOWN
P20065,Tmsb4x,76813000.0,16596000.0,70554000,6483800,0.9185163969640555,0.39068450228970836,-0.12262261894259335,-1.3559240671959172,-0.7392733430692553,True,DOWN
O70433,Fhl2,307030000.0,276230000.0,229520000,93096000,0.7475490994365371,0.3370234949136589,-0.41975975545983857,-1.5690789253974426,-0.9944193404286406,True,DOWN
Q9CX34,Sugt1,220850000.0,137150000.0,155530000,61530000,0.7042336427439438,0.44863288370397375,-0.5058739454192182,-1.1563927245346315,-0.8311333349769248,True,DOWN
Q6P4T2,Snrnp200,44487000.0,57843000.0,10203000,44683000,0.2293478993863376,0.772487595733278,-2.124390401153087,-0.37241632784803896,-1.248403364500563,True,DOWN
Q8JZK9,Hmgcs1,418280000.0,319650000.0,81476000,359300000,0.1947881801663957,1.1240419208509307,-2.3600219581893285,0.16869584149830452,-1.095663058345512,True,DOWN
O35405,Pld3,384230000.0,261250000.0,388100000,329920000,1.0100720922364208,1.2628516746411482,0.014458266640648452,0.33668520062513846,0.17557173363289347,True,NO CHANGE
P63166,Sumo1,501210000.0,122560000.0,207160000,197450000,0.41331976616587857,1.6110476501305484,-1.2746697356084757,0.687999165422754,-0.2933352850928609,True,NO CHANGE
Q9DBH5,Lman2,266940000.0,318940000.0,124840000,177710000,0.4676706375964636,0.5571894400200664,-1.0964352419777326,-0.8437601789708958,-0.9700977104743143,True,DOWN
Q61553,Fscn1,201310000.0,1016600000.0,309020000,1050900000,1.5350454522875168,1.0337399173716308,0.6182813740442994,0.04787325807477454,0.33307731605953694,True,NO CHANGE
Q07813,Bax,214340000.0,245550000.0,304900000,554940000,1.4225062984044041,2.2599877825290164,0.5084350403397186,1.1763149734668155,0.842375006903267,True,UP
Q9Z1Q9,Vars,95754000.0,105390000.0,32147000,84896000,0.3357248783340644,0.8055413227061391,-1.5746486453726185,-0.31196949660219403,-0.9433090709874062,True,DOWN
Q61239,Fnta,580380000.0,327950000.0,140870000,268290000,0.2427202867087081,0.818082024698887,-2.0426334000327784,-0.28968259317067213,-1.1661579966017253,True,DOWN
O70591,Pfdn2,138030000.0,108190000.0,158820000,148880000,1.1506194305585742,1.376097606063407,0.2024107383921536,0.460582803462624,0.3314967709273888,True,NO CHANGE
Q91YR1,Twf1,579660000.0,806830000.0,836310000,455510000,1.4427595487009626,0.5645675049266884,0.5288308793147577,-0.8247820015766514,-0.14797556113094684,True,NO CHANGE
O55135,Eif6,1076300000.0,1021500000.0,1112300000,1491800000,1.0334479234414198,1.460401370533529,0.04746569163154203,0.5463649278028536,0.2969153097171978,True,NO CHANGE
Q569Z6,Thrap3,94019000.0,52570000.0,28909000,12261000,0.30748040289728673,0.23323188130112232,-1.7014336309195568,-2.100163085717423,-1.90079835831849,True,DOWN
Q8R4N0,Clybl,224080000.0,156680000.0,167380000,28709000,0.746965369510889,0.18323334184324738,-0.4208867359331268,-2.4482460492296942,-1.4345663925814105,True,DOWN
Q9JIW9,Ralb,192570000.0,116080000.0,137190000,186040000,0.7124162642156099,1.6026878015161958,-0.489207641845695,0.680493420457867,0.095642889306086,True,NO CHANGE
Q60676,Ppp5c,556590000.0,150370000.0,567200000,464250000,1.0190625056145457,3.0873844516858417,0.027242543922298485,1.6263851434667884,0.8268138436945435,True,UP
P62774,Mtpn,1070300000.0,404740000.0,481950000,1288700000,0.45029431000654024,3.1840193704600486,-1.1510598472258404,1.6708491127602194,0.2598946327671895,True,NO CHANGE
O35593,Psmd14,705720000.0,477270000.0,394340000,345990000,0.5587768520092955,0.7249355710604061,-0.8396558382471985,-0.4640753141626345,-0.6518655762049165,True,DOWN
Q7TNG5,Eml2,381610000.0,522950000.0,451180000,750670000,1.1823065433295774,1.4354527201453293,0.24160413974920034,0.521505812930893,0.3815549763400467,True,NO CHANGE
Q9CWM4,Pfdn1,90676000.0,115540000.0,108170000,241980000,1.1929286691075918,2.0943396226415096,0.2545077799976172,1.066495411786907,0.6605015958922621,True,UP
Q810B6,Ankfy1,53773000.0,26297000.0,103910000,52958000,1.9323824224052963,2.013841883104537,0.9503806347072773,1.0099504145185108,0.980165524612894,True,UP
P62075,Timm13,91370000.0,22386000.0,63008000,28603000,0.6895917697274817,1.2777182167426069,-0.5361855389119228,0.35356970472640403,-0.09130791709275937,True,NO CHANGE
Q9JJA4,Wdr12,208430000.0,74946000.0,11554000,45046000,0.05543347886580627,0.6010460865156246,-4.1730986393940155,-0.7344524779302823,-2.453775558662149,True,DOWN
Q3V1T4,Lepre1,144540000.0,140010000.0,96751000,0,,,,,,False,NO CHANGE
O35226,Psmd4,775810000.0,174690000.0,457930000,197390000,0.5902605019270182,1.129944473066575,-0.760576289745187,0.17625187848137305,-0.292162205631907,True,NO CHANGE
Q61205,Pafah1b3,687690000.0,728940000.0,697060000,596190000,1.0136253253646266,0.8178862457815458,0.019524475685990222,-0.2900278923792249,-0.13525170834661732,True,NO CHANGE
P97855,G3bp1,262420000.0,208550000.0,299720000,146660000,1.1421385565124609,0.7032366339007432,0.1917376793066916,-0.5079178677361056,-0.158090094214707,True,NO CHANGE
P14069,S100a6,805100000.0,2830500000.0,1334600000,5985600000,1.6576822754937275,2.1146793852676207,0.7291675149789647,1.0804389473418625,0.9048032311604136,True,UP
P70349,Hint1,511810000.0,291400000.0,681510000,549030000,1.331568355444403,1.884111187371311,0.41312649053081024,0.9138841054687276,0.6635052979997689,True,UP
Q99LD8,Ddah2,146310000.0,232220000.0,576730000,570750000,3.941835828036361,2.457798639221428,1.9788676913966285,1.2973667244589966,1.6381172079278126,True,UP
Q9Z2Y8,Prosc,233850000.0,190020000.0,477620000,975910000,2.042420354928373,5.1358278075992,1.0302798209461383,2.3605968330507228,1.6954383269984306,True,UP
O70493,Snx12,1065400000.0,995620000.0,250340000,218570000,0.23497278017645953,0.21953154818103293,-2.089434453752019,-2.187499815109401,-2.13846713443071,True,DOWN
Q60817;P70670,Naca,1432900000.0,1198500000.0,82279000,282170000,0.05742131342033638,0.23543596161869004,-4.122269859519864,-2.086593393515174,-3.104431626517519,True,DOWN
Q8VD62,Bles03,309670000.0,109440000.0,229510000,144170000,0.7411437982368327,1.3173428362573099,-0.4321746105529479,0.39763085341690413,-0.017271878568021898,True,NO CHANGE
O55131,2018-09-07 00:00:00,159250000.0,976440000.0,153260000,493430000,0.9623861852433281,0.5053357093113761,-0.05531216166679449,-0.9846859639594845,-0.5199990628131395,True,NO CHANGE
Q9CR98,Fam136a,126740000.0,107570000.0,37818000,36010000,0.2983904055546789,0.3347587617365436,-1.7447269469658537,-1.5788062787748558,-1.6617666128703548,True,DOWN
Q9CWZ3,Rbm8a,659420000.0,101310000.0,208880000,401500000,0.31676321615965547,3.963083604777416,-1.6585232813926913,1.9866234025634064,0.16405006058535754,True,NO CHANGE
Q8CIB5,Fermt2,201840000.0,320930000.0,166910000,217250000,0.8269421323820848,0.6769388963325336,-0.2741417186303374,-0.5629024796048279,-0.41852209911758265,True,NO CHANGE
O54998,Fkbp7,151220000.0,95757000.0,44708000,166850000,0.29564872371379447,1.7424313627202188,-1.7580440457427098,0.8011018270472313,-0.47847110934773923,True,NO CHANGE
P54775,Psmc4,522070000.0,173320000.0,147400000,224590000,0.2823376175608635,1.2958112162474036,-1.8245067342437817,0.37385555061276304,-0.7253255918155094,True,DOWN
P54728,Rad23b,624620000.0,551270000.0,743980000,562780000,1.1910921840479012,1.0208790610771492,0.2522850742617568,0.029811966785109306,0.14104852052343303,True,NO CHANGE
Q99L13,Hibadh,385810000.0,193170000.0,187680000,205490000,0.4864570643581037,1.0637780193611845,-1.039615619318112,0.08919713225065938,-0.47520924353372634,True,NO CHANGE
Q91Z53,Grhpr,426340000.0,348050000.0,149290000,198890000,0.3501665337524042,0.5714408849303261,-1.5138868863202413,-0.8073238342936968,-1.160605360306969,True,DOWN
Q8BL66,Eea1,76791000.0,201590000.0,141960000,81711000,1.8486541391569324,0.4053326057840171,0.8864753391845049,-1.3028218614940967,-0.2081732611547959,True,NO CHANGE
Q9CR09,Ufc1,425320000.0,441680000.0,518250000,575790000,1.218494310166463,1.3036361166455352,0.2850995143244519,0.3825412269525573,0.3338203706385046,True,NO CHANGE
P24270,Cat,449480000.0,1160600000.0,1112100000,392250000,2.47419240010679,0.33797173875581593,1.3069576926696431,-1.5650254816978948,-0.12903389451412584,True,NO CHANGE
P62270,Rps18,140550000.0,318970000.0,29930000,390550000,0.2129491284240484,1.224409819105245,-2.2314192697696043,0.2920865196587257,-0.9696663750554393,True,DOWN
P59999,Arpc4,3500000000.0,3589500000.0,3439100000,6695000000,0.9826,1.8651622788689233,-0.025323855798431123,0.8993011579520178,0.43698865107679336,True,NO CHANGE
P63280,Ube2i,1070600000.0,1459700000.0,1475200000,1700800000,1.3779189239678684,1.1651709255326437,0.462491003114344,0.22054160752361404,0.34151630531897903,True,NO CHANGE
P50543,S100a11,902160000.0,1305400000.0,1029000000,1811300000,1.1405959031657356,1.3875440478014403,0.1897877559045203,0.4725335707679875,0.33116066333625394,True,NO CHANGE
Q9CQE1,Nipsnap3b,684130000.0,223400000.0,764280000,241600000,1.1171560960636135,1.081468218442256,0.15983078231454426,0.1129912688417639,0.13641102557815407,True,NO CHANGE
Q9D358,Acp1,356510000.0,391880000.0,300790000,394150000,0.8437070488906342,1.0057925895682351,-0.24518594012359513,0.008332829147209045,-0.11842655548819304,True,NO CHANGE
Q8BFS6,Cpped1,502060000.0,479490000.0,178910000,487270000,0.35635183045851093,1.0162255730046508,-1.4886257598662158,0.023220674682993485,-0.7327025425916112,True,DOWN
Q3UEB3,Puf60,117750000.0,38851000.0,90886000,61907000,0.7718556263269639,1.593446758127204,-0.3735970746747178,0.6721508151188454,0.14927687022206382,True,NO CHANGE
Q9CQ45,Nenf,518900000.0,338400000.0,39062000,346550000,0.07527847369435343,1.0240839243498818,-3.731618812716647,0.034333949988370985,-1.848642431364138,True,DOWN
Q99KR7,Ppif,95030000.0,61676000.0,362890000,249790000,3.818688835104704,4.050035670276931,1.9330773671086985,2.017934614442945,1.9755059907758217,True,UP
Q8BGS2,Bola2,165060000.0,61172000.0,132930000,71257000,0.8053435114503816,1.1648630092199046,-0.3123238128302652,0.22016030033889217,-0.04608175624568653,True,NO CHANGE
P56380,Nudt2,405030000.0,345960000.0,30290000,377000000,0.07478458385798582,1.0897213550699503,-3.741115287092849,0.12395928082732618,-1.8085780031327614,True,DOWN
Q62189,Snrpa,280800000.0,317490000.0,191900000,242320000,0.6834045584045584,0.7632366373744055,-0.5491882241091806,-0.389797668709401,-0.4694929464092908,True,NO CHANGE
Q9DB29,Iah1,520660000.0,230600000.0,550790000,402550000,1.057868858756194,1.7456634865568084,0.08116079139453913,0.8037754758822806,0.44246813363840987,True,NO CHANGE
P62889,Rpl30,201580000.0,209530000.0,114870000,492910000,0.5698481992261137,2.3524554956330834,-0.8113504412080377,1.2341674299307388,0.21140849436135056,True,NO CHANGE
P26350,Ptma,1276800000.0,740520000.0,603650000,673820000,0.4727835213032581,0.9099281585912602,-1.0807483431036797,-0.13617544994476985,-0.6084618965242248,True,DOWN
P70202,Lxn,1049100000.0,1084900000.0,818800000,779620000,0.7804785053855686,0.7186100101391834,-0.3575691943954618,-0.4767190628626577,-0.41714412862905975,True,NO CHANGE
P32067,Ssb,98309000.0,76592000.0,69842000,142070000,0.7104334292892818,1.8548934614581156,-0.49322862590322275,0.8913363259080602,0.19905385000241874,True,NO CHANGE
Q8VCA8,Scrn2,638800000.0,236020000.0,340230000,106380000,0.5326080150281778,0.4507245148716211,-0.9088539555720333,-1.1496821746280088,-1.029268065100021,True,DOWN
P59024,Fkbp14,105540000.0,85696000.0,68623000,81239000,0.6502084517718401,0.947990571321882,-0.6210257857830059,-0.07705538468240254,-0.34904058523270426,True,NO CHANGE
Q8BGB7,Enoph1,389650000.0,262370000.0,514700000,336040000,1.320929038881047,1.2807866753058657,0.40155296620306696,0.35703020393327806,0.3792915850681725,True,NO CHANGE
Q9D6N1,Ca13,977940000.0,690600000.0,672100000,679410000,0.6872609771560627,0.9837966985230234,-0.5410700497702474,-0.02356788129029452,-0.28231896553027097,True,NO CHANGE
P60670,Nploc4,100130000.0,66538000.0,49442000,84630000,0.4937780884849695,1.2719047762181008,-1.0180652769069696,0.3469906643169466,-0.3355373062950115,True,NO CHANGE
Q99KP3,Cryl1,293270000.0,306860000.0,322450000,93771000,1.0994987554131006,0.3055823502574464,0.1368459711229729,-1.7103668758965183,-0.7867604523867727,True,DOWN
Q8BGD9,Eif4b,136800000.0,151080000.0,25632000,71698000,0.18736842105263157,0.47456976436325127,-2.4160502722519124,-1.0753079079516736,-1.7456790901017931,True,DOWN
P56391,Cox6b1,90008000.0,48404000.0,76033000,36080000,0.8447360234645809,0.7453929427320056,-0.24342751933568973,-0.4239269349750615,-0.3336772271553756,True,NO CHANGE
Q8VCR7,Abhd14b,769620000.0,858450000.0,14176000000,26528000000,18.419479743249916,30.90220746694624,4.203160408084626,4.9496379941129875,4.576399201098807,True,UP
Q8VBV7,Cops8,241550000.0,321610000.0,46179000,285120000,0.19117780997723038,0.8865395976493268,-2.387013015573073,-0.17374302376736017,-1.2803780196702166,True,DOWN
Q03265,Atp5a1,312260000.0,100500000.0,197850000,156330000,0.6336066098763851,1.5555223880597016,-0.658340708986663,0.6373991591990519,-0.010470774893805546,True,NO CHANGE
P11930,Nudt19,332630000.0,241040000.0,80348000,286400000,0.241553678261131,1.1881845336873549,-2.0495842732964684,0.24875891455715574,-0.9004126793696563,True,DOWN
Q3UGR5,Hdhd2,1495600000.0,1073700000.0,778470000,1021500000,0.520506820005349,0.9513830678960603,-0.9420110281476153,-0.07190174551695076,-0.5069563868322831,True,NO CHANGE
O35295,Purb,267580000.0,513020000.0,371770000,364120000,1.389378877345093,0.7097579041752758,0.47444006939260336,-0.49460108436358285,-0.010080507485489748,True,NO CHANGE
P42669,Pura,568140000.0,762250000.0,231820000,784470000,0.4080332312458197,1.0291505411610364,-1.2932414412170303,0.04145403092100381,-0.6258937051480132,True,DOWN
Q71RI9,Ccbl2,556320000.0,347790000.0,377850000,31864000,0.679195427092321,0.09161850541993732,-0.5581013493848682,-3.448217161527316,-2.003159255456092,True,DOWN
Q99LG2,Tnpo2,40702000.0,0.0,25087000,0,,,,,,False,NO CHANGE
Q9CQI7,Snrpb2,27066000.0,4419600.0,0,6378300,,,,,,False,NO CHANGE
Q3ULJ0,Gpd1l,78794000.0,28649000.0,19662000,9508500,0.24953676675889028,0.3318964012705505,-2.002675696908661,-1.5911951084276958,-1.7969354026681783,True,DOWN
O35969,Gamt,418970000.0,345090000.0,437710000,661820000,1.04472873952789,1.9178185400909908,0.06312839978042445,0.9394662220789189,0.5012973109296717,True,NO CHANGE
Q9DA79,Dpep3,299910000.0,0.0,426730000,7641300,,,,,,False,NO CHANGE
Q9CZU3,Skiv2l2,71435000.0,7706100.0,77947000,0,,,,,,False,NO CHANGE
Q9DBT5,Ampd2,74943000.0,21958000.0,155030000,19069000,2.068638832179123,0.8684306403133254,1.0486817841503226,-0.20351746629928189,0.42258215892552037,True,NO CHANGE
Q9JLV5,Cul3,128750000.0,0.0,80852000,0,,,,,,False,NO CHANGE
Q3UHX2,Pdap1,69687000.0,26174000.0,0,4433700,,,,,,False,NO CHANGE
Q8K2V1,Ppp4r1,89889000.0,0.0,6483200,0,,,,,,False,NO CHANGE
P39061,Col18a1,135700000.0,77184000.0,216350000,808980000,1.594325718496684,10.481187810945274,0.6729464000030372,3.389730318619069,2.031338359311053,True,UP
Q99KJ8,Dctn2,364080000.0,30955000.0,47111000,35239000,0.1293973851900681,1.1383944435470845,-2.9501196306592345,0.18700052526354954,-1.3815595526978426,True,DOWN
O35900,Lsm2,114620000.0,1331700.0,32588000,20915000,0.28431338335369044,15.705489224299766,-1.8144460829505293,3.9731969783725103,1.0793754477109905,True,UP
P50429,Arsb,397850000.0,118940000.0,113500000,113170000,0.285283398265678,0.9514881452833361,-1.8095323014786664,-0.07174241300444383,-0.9406373572415551,True,DOWN
P27661,H2afx,129630000.0,69620000.0,0,140510000,,,,,,False,NO CHANGE
Q9ER10,Prss22,178740000.0,12459000000.0,310460000,6672700000,1.7369363321024953,0.5355726783851031,0.7965448726185828,-0.9008457297510979,-0.05215042856625757,True,NO CHANGE
P33434,Mmp2,254860000.0,3845300000.0,808230000,1946100000,3.1712705014517772,0.5060983538345513,1.6650609409733943,-0.9825103131283421,0.3412753139225261,True,NO CHANGE
Q8QZR4,Oaf,493210000.0,888630000.0,365890000,721530000,0.7418543825145476,0.8119577326896459,-0.43079206470042614,-0.3005234665239191,-0.3656577656121726,True,NO CHANGE
P06869,Plau,216140000.0,27233000000.0,327860000,34231000000,1.5168872027389655,1.2569676495428341,0.6011138093163704,0.32994751973080505,0.4655306645235877,True,NO CHANGE
P28798,Grn,112930000.0,432150000.0,124140000,712570000,1.0992650314354024,1.648895059585792,0.13653926020945972,0.7214995844438248,0.42901942232664225,True,NO CHANGE
Q07235,Serpine2,251200000.0,251840000.0,0,148290000,,,,,,False,NO CHANGE
P01887,B2m,23140000000.0,21301000000.0,29945000000,21298000000,1.2940795159896283,0.9998591615417116,0.37192626787089694,-0.00020320125495073944,0.18586153330797311,True,NO CHANGE
P20060,Hexb,196030000.0,812320000.0,63967000,749750000,0.32631229913788706,0.9229737049438644,-1.61567472936737,-0.11563854808615757,-0.8656566387267638,True,DOWN
Q00993,Axl,778970000.0,1105300000.0,747760000,1560700000,0.9599342721799299,1.4120148376006514,-0.05899246868522016,0.4977552486802045,0.21938138999749215,True,NO CHANGE
Q61810,Ltbp3,76573000.0,62985000.0,68945000,72662000,0.900382641401016,1.1536397554973405,-0.15138985174042338,0.20619278715894906,0.02740146770926284,True,NO CHANGE
O35188,Cx3cl1,1318500000.0,1263700000.0,956850000,1116700000,0.7257110352673493,0.8836749228456121,-0.4625328868513528,-0.17841235134648814,-0.32047261909892044,True,NO CHANGE
Q07079,Igfbp5,178840000.0,317510000.0,189140000,197790000,1.0575933795571462,0.622941009731977,0.08078505084064702,-0.6828325431895734,-0.3010237461744632,True,NO CHANGE
Q8BHN0,Ppm1l,72094000.0,18761000.0,109330000,64632000,1.5164923572003217,3.4450189222322902,0.6007382271035416,1.7845119071489326,1.192625067126237,True,UP
P13595,Ncam1,133660000.0,1317100000.0,122600000,1231500000,0.9172527308095166,0.9350087313036216,-0.12460880027101746,-0.09694825764150476,-0.11077852895626111,True,NO CHANGE
Q9DAN8,Cst12,10906000000.0,2750900000.0,2644700000,5661500000,0.24249954153676875,2.058053727870879,-2.043946075106176,1.04128064594475,-0.501332714580713,True,NO CHANGE
Q3UHN9,Ndst1,129110000.0,59251000.0,104570000,132420000,0.809929517465727,2.2348989890465982,-0.3041317291456523,1.1602096272498725,0.42803894905211015,True,NO CHANGE
P82198,Tgfbi,183100000.0,2214900000.0,222530000,820200000,1.2153468050245768,0.37031017201679534,0.2813680525108808,-1.433193915573256,-0.5759129315311876,True,NO CHANGE
P63037,Dnaja1,103690000.0,68633000.0,44486000,32413000,0.4290288359533224,0.4722655282444305,-1.220853477258664,-1.0823298612108725,-1.1515916692347683,True,DOWN
Q9CR51,Atp6v1g1,94648000.0,35227000.0,46419000,29438000,0.4904382554306483,0.8356658245096091,-1.027856577588865,-0.2590019584500891,-0.6434292680194771,True,DOWN
P63001;P60764,Rac1;Rac3,172000000.0,586790000.0,271620000,1194600000,1.5791860465116279,2.0358220146900936,0.6591811474921729,1.0256114367828213,0.8423962921374971,True,UP
Q8R1F1,Fam129b,189640000.0,241310000.0,121240000,283430000,0.6393165998734445,1.174547262856906,-0.6453975409420663,0.2321047674304716,-0.20664638675579733,True,NO CHANGE
Q8BVQ5,Ppme1,195360000.0,90463000.0,151260000,105060000,0.7742628992628993,1.161358787570609,-0.36910458140770724,0.21581374402455966,-0.07664541869157379,True,NO CHANGE
Q9DB05,Napa,194310000.0,125010000.0,75100000,42161000,0.3864958056713499,0.3372610191184705,-1.3714753370631836,-1.5680625146704705,-1.469768925866827,True,DOWN
O70318,Epb41l2,396200000.0,157550000.0,59930000,22735000,0.15126198889449774,0.1443033957473818,-2.7248786012064183,-2.792822845160362,-2.7588507231833903,True,DOWN
O70492,Snx3,318510000.0,322250000.0,281880000,271010000,0.8849957615145522,0.8409930178432894,-0.1762575491341897,-0.24983427201060024,-0.21304591057239497,True,NO CHANGE
Q9EQX4,Aif1l,71841000.0,97886000.0,0,19117000,,,,,,False,NO CHANGE
P54823,Ddx6,312700000.0,471000000.0,230450000,310980000,0.7369683402622321,0.6602547770700637,-0.4403254515883917,-0.5989052602816523,-0.519615355935022,True,NO CHANGE
Q8K310,Matr3,229650000.0,337280000.0,79993000,66982000,0.348325713041585,0.19859463946869071,-1.5214911197854364,-2.3321014131908115,-1.926796266488124,True,DOWN
P62264,Rps14,69738000.0,108440000.0,3800400,125310000,0.05449539705755829,1.1555699004057542,-4.19772181167739,0.20860453104623708,-1.9945586403155764,True,DOWN
P16110,Lgals3,126760000.0,70218000.0,23095000,50856000,0.18219469864310509,0.7242587370759634,-2.456447113533197,-0.4654229113735486,-1.4609350124533727,True,DOWN
Q8BY87,Usp47,275300000.0,487840000.0,6649600,235390000,0.024154013803123865,0.4825147589373565,-5.3715932403534365,-1.0513550233458464,-3.2114741318496414,True,DOWN
Q8BFY9,Tnpo1,302070000.0,224510000.0,354340000,243770000,1.1730393617373456,1.0857868246403277,0.23025142430461856,0.11874088286325142,0.174496153583935,True,NO CHANGE
Q8BG95,Ppp1r12b,40161000.0,27278000.0,10274000,12586000,0.2558203231991235,0.46139746315712293,-1.9667972137252228,-1.115918023030965,-1.541357618378094,True,DOWN
Q99JI6;P62835,Rap1b;Rap1a,108120000.0,100260000.0,328140000,401500000,3.03496115427303,4.00458807101536,1.6016780509467519,2.001653848509695,1.8016659497282235,True,UP
Q9WUL7,Arl3,448730000.0,271970000.0,506320000,285320000,1.128339981726205,1.0490862962826781,0.1742018337365764,0.06913335675061043,0.12166759524359341,True,NO CHANGE
Q9DBG9,Tax1bp3,286650000.0,171860000.0,116250000,297100000,0.4055468341182627,1.7287326893983475,-1.3020595628158567,0.7897148050739929,-0.25617237887093186,True,NO CHANGE
P48036,Anxa5,125560000.0,203640000.0,38794000,90850000,0.30896782414781776,0.4461304262423885,-1.6944714909304566,-1.1644625511423414,-1.429467021036399,True,DOWN
P42225,Stat1,99904000.0,15203000.0,414930000,32796000,4.153287155669442,2.157205814641847,2.0542536222415126,1.1091638276796587,1.5817087249605857,True,UP
Q8K354,Cbr3,216520000.0,481340000.0,137000000,298880000,0.6327360059116941,0.6209332280716333,-0.6603243999793905,-0.687489958018474,-0.6739071789989323,True,DOWN
Q9DCH4,Eif3f,203420000.0,296700000.0,0,131760000,,,,,,False,NO CHANGE
Q9CQW1,Ykt6,175930000.0,157380000.0,340140000,242520000,1.9333825953504236,1.540983606557377,0.9511271594306038,0.623851514114751,0.7874893367726774,True,UP
Q9CX56,Psmd8,1257700000.0,463370000.0,728690000,569130000,0.5793830007155919,1.2282409305738395,-0.7874107387966388,0.29659358615634135,-0.24540857632014873,True,NO CHANGE
Q9QZQ8,H2afy,105950000.0,161940000.0,63189000,268740000,0.5964039641340255,1.6595035198221564,-0.7456382480347972,0.7307516893888459,-0.0074432793229756156,True,NO CHANGE
O88685,Psmc3,203020000.0,156770000.0,111010000,86903000,0.54679341936755,0.5543343751993366,-0.8709322146041982,-0.8511716205622936,-0.8610519175832458,True,DOWN
Q9CQJ6,Denr,165630000.0,132670000.0,130150000,356240000,0.7857875988649399,2.685158664355167,-0.34778869522162087,1.4250073386819453,0.5386093217301622,True,NO CHANGE
Q8VEB4,Pla2g15,280610000.0,192170000.0,98507000,0,,,,,,False,NO CHANGE
Q9CQE8,,150690000.0,30124000.0,65407000,14260000,0.43405003649877233,0.4733767096003187,-1.2040667313704514,-1.0789393684741073,-1.1415030499222794,True,DOWN
P48758,Cbr1,240780000.0,549210000.0,276090000,469170000,1.1466483927236482,0.8542633965149943,0.1974230724006534,-0.22724712778540496,-0.014912027692375776,True,NO CHANGE
Q8BP40,Acp6,632940000.0,503420000.0,389420000,285050000,0.6152557904382722,0.5662270072702713,-0.7007417643132017,-0.8205475319283007,-0.7606446481207512,True,DOWN
Q8VCT3,Rnpep,281060000.0,217140000.0,24696000,897410000,0.08786735928271544,4.132863590310399,-3.50852885314798,2.0471417467682382,-0.7306935531898708,True,DOWN
P63168,Dynll1,200260000.0,24446000.0,54928000,78055000,0.2742834315389993,3.192955902806185,-1.8662606180109058,1.6748926283097778,-0.095683994850564,True,NO CHANGE
Q8BI84,Mia3,65140000.0,8928500.0,19471000,0,,,,,,False,NO CHANGE
Q9Z1B5,Mad2l1,137880000.0,77938000.0,334730000,307430000,2.427690745575863,3.944545664502553,1.2795846537846236,1.9798591391953317,1.6297218964899778,True,UP
Q9EQS3,Mycbp,158840000.0,26553000.0,120140000,32751000,0.7563585998489045,1.2334199525477347,-0.4028576969979985,0.3026640895255712,-0.05009680373621364,True,NO CHANGE
Q9DCT5,Sdf2,114800000.0,182610000.0,69536000,109430000,0.6057142857142858,0.599255243414928,-0.7232906572691296,-0.7387574675409159,-0.7310240624050227,True,DOWN
P47941,Crkl,250590000.0,164800000.0,276300000,66179000,1.1025978690290914,0.40157160194174757,0.14090671827381054,-1.3162708454851617,-0.5876820636056755,True,DOWN
P11031,Sub1,529760000.0,242210000.0,338590000,324570000,0.6391384778012685,1.3400355063787621,-0.6457995508935325,0.4222712276964146,-0.11176416159855893,True,NO CHANGE
Q9DBP5,Cmpk1,977590000.0,776380000.0,923890000,1094000000,0.945068996204953,1.4091037893814884,-0.08150843555462034,0.4947778791502598,0.20663472179781972,True,NO CHANGE
P54726,Rad23a,202920000.0,84519000.0,88761000,0,,,,,,False,NO CHANGE
P52503,Ndufs6,31868000.0,20153000.0,54208000,6380800,1.7010166938621816,0.3166178732694884,0.7663972997514453,-1.659185396110205,-0.44639404817937983,True,NO CHANGE
P47738,Aldh2,257710000.0,308420000.0,219950000,432110000,0.8534787163866362,1.4010440308669996,-0.2285729183728507,0.48650229632210695,0.12896468897462812,True,NO CHANGE
P28656,Nap1l1,595960000.0,838090000.0,206570000,1277900000,0.3466172226323914,1.524776575308141,-1.5285847543274333,0.608597860833232,-0.4599934467471007,True,NO CHANGE
Q78ZA7,Nap1l4,422580000.0,486470000.0,7522600,204750000,0.017801599697098776,0.42088926346948424,-5.811849298505948,-1.2484873866740447,-3.530168342589996,True,DOWN
Q8BQ47,Cnpy4,134660000.0,205190000.0,120810000,138750000,0.8971483736818654,0.6762025439836249,-0.15658149182398073,-0.5644726509931679,-0.3605270714085743,True,NO CHANGE
P62814,Atp6v1b2,430210000.0,81652000.0,1069900000,246750000,2.4869249901211035,3.0219712928036055,1.3143629940798376,1.5954899556957964,1.454926474887817,True,UP
Q6NZJ6,Eif4g1,269390000.0,333340000.0,90554000,230340000,0.33614462303723225,0.6910061798764024,-1.5728460224547813,-0.5332294817598325,-1.0530377521073069,True,DOWN
Q9QXA5,Lsm4,150940000.0,101410000.0,17726000,146500000,0.11743739234132768,1.4446307070308648,-3.090036255806833,0.5307007417040255,-1.2796677570514037,True,DOWN
P49442,Inpp1,386350000.0,285530000.0,446360000,267490000,1.155325482075838,0.9368192484152278,0.2082993496724194,-0.09415737631989601,0.05707098667626169,True,NO CHANGE
P62488,Polr2g,119090000.0,71563000.0,77236000,59491000,0.6485515156604249,0.831309475566983,-0.6247069198922665,-0.26654243889170265,-0.4456246793919846,True,NO CHANGE
Q03958,Pfdn6,127120000.0,95117000.0,94037000,211830000,0.7397498426683449,2.2270466898661647,-0.434890610303749,1.1551318044356622,0.3601205970659566,True,NO CHANGE
O35344,Kpna3,507600000.0,502080000.0,589840000,175010000,1.1620173364854216,0.34856994901210964,0.21663159290334372,-1.5204798979997525,-0.6519241525482043,True,DOWN
Q9D8S9,Bola1,46360000.0,10670000.0,26638000,75029000,0.5745901639344262,7.031771321462043,-0.7993947984396256,2.8138881537069813,1.007246677633678,True,UP
Q9WU28,Pfdn5,100960000.0,107240000.0,22639000,90311000,0.22423732171156893,0.8421391271913465,-2.1569016768372156,-0.24786949873572964,-1.2023855877864726,True,DOWN
Q9JI46,Nudt3,584340000.0,376830000.0,227660000,434490000,0.3896019440736557,1.1530132951198153,-1.3599272185491795,0.20540914845615535,-0.5772590350465121,True,NO CHANGE
Q9CR68,Uqcrfs1,745560000.0,262490000.0,85198000,371940000,0.11427383443317775,1.4169682654577318,-3.129432991027891,0.5028074478964153,-1.3133127715657378,True,DOWN
Q9D6Y7,Msra,181880000.0,208600000.0,134410000,156110000,0.7390037387288322,0.7483700862895494,-0.4363464316906299,-0.41817620229507535,-0.42726131699285264,True,NO CHANGE
Q4VAA2,Cdv3,148300000.0,116930000.0,55107000,159570000,0.3715913688469319,1.3646626186607371,-1.4282111030331675,0.448544322172599,-0.48983339043028423,True,NO CHANGE
P61759,Vbp1,263040000.0,284770000.0,198830000,222170000,0.7558926399026764,0.7801734733293535,-0.40374675313798314,-0.3581331487509739,-0.3809399509444785,True,NO CHANGE
P60867,Rps20,434800000.0,372660000.0,14581000,533400000,0.03353495860165594,1.4313315086137497,-4.898190368703783,0.5173578512704259,-2.190416258716678,True,DOWN
Q9WUP7,Uchl5,254590000.0,107630000.0,254200000,26123000,0.9984681252209435,0.24271114001672398,-0.002211722620899655,-2.04268776770014,-1.0224497451605197,True,DOWN
Q8BPG6,Sumf2,289750000.0,208210000.0,21501000,95083000,0.0742053494391717,0.45666874789875606,-3.752332995769914,-1.1307800325505974,-2.441556514160256,True,DOWN
P70665,Siae,257630000.0,117500000.0,112580000,83828000,0.43698327058184216,0.7134297872340426,-1.194350046078209,-0.48715664219211857,-0.8407533441351638,True,DOWN
P63276,Rps17,135870000.0,127470000.0,27648000,110770000,0.2034886288363877,0.8689887816741194,-2.2969799174951615,-0.20259054239036042,-1.249785229942761,True,DOWN
P35585,Ap1m1,411220000.0,352110000.0,279890000,104480000,0.6806332376829921,0.2967254551134589,-0.5550504900587623,-1.7527993986364476,-1.153924944347605,True,DOWN
P62082,Rps7,114500000.0,210530000.0,63383000,259810000,0.5535633187772926,1.2340759036716857,-0.8531797472367669,0.3034311323179607,-0.2748743074594031,True,NO CHANGE
Q8BJW6,Eif2a,79783000.0,404030000.0,73704000,239050000,0.9238058232956896,0.5916639853476227,-0.11433845450975015,-0.757150014133898,-0.4357442343218241,True,NO CHANGE
P35564,Canx,108230000.0,295470000.0,402970000,639830000,3.723274507992239,2.165465191051545,1.896571986514302,1.1146769818716855,1.5056244841929938,True,UP
P31230,Aimp1,154750000.0,315520000.0,77155000,515170000,0.498578352180937,1.6327649594320486,-1.0041078512059904,0.7073171263146858,-0.14839536244565232,True,NO CHANGE
Q9CXW4,Rpl11,272140000.0,230660000.0,215720000,548710000,0.7926802381127361,2.378869331483569,-0.33518908510310685,1.2502760283843128,0.457543471640603,True,NO CHANGE
Q9QZ23,Nfu1,451710000.0,182010000.0,110270000,100740000,0.24411680060215626,0.5534860721938355,-2.034356507218779,-0.8533810810958864,-1.4438687941573325,True,DOWN
Q9D0M5,Dynll2,651570000.0,309740000.0,546220000,474050000,0.8383136117378025,1.530477174404339,-0.25443804015286936,0.6139815286158181,0.17977174423147438,True,NO CHANGE
Q91YP3,Dera,206790000.0,112650000.0,31224000,0,,,,,,False,NO CHANGE
Q9CR86,Carhsp1,157620000.0,90866000.0,68369000,43946000,0.43375840629361756,0.48363524310523187,-1.2050363773103654,-1.0480087154770685,-1.126522546393717,True,DOWN
Q8VDQ1,Ptgr2,450180000.0,295040000.0,217040000,662420000,0.48211826380558886,2.2451870932754883,-1.0525410113414162,1.1668356709326368,0.057147329795610324,True,NO CHANGE
P13707,Gpd1,285430000.0,438880000.0,82257000,160740000,0.28818624531408754,0.366250455705432,-1.794926615345225,-1.449097540284742,-1.6220120778149836,True,DOWN
Q6P3D0,Nudt16,155550000.0,51327000.0,93096000,16968000,0.5984956605593057,0.3305862411596236,-0.7405873080565398,-1.5969014132814656,-1.1687443606690027,True,DOWN
Q6P069,Sri,262920000.0,276800000.0,198670000,136230000,0.7556290886961814,0.49216040462427746,-0.4042498541060867,-1.0227995003785968,-0.7135246772423418,True,DOWN
Q9D1J3,Sarnp,181550000.0,189490000.0,330880000,162180000,1.8225282291379785,0.8558762995408729,0.865941160627365,-0.2245257970167169,0.32070768180532405,True,NO CHANGE
Q6NSR8,Npepl1,610950000.0,434750000.0,648880000,226050000,1.062083640232425,0.5199539965497413,0.08689738440672913,-0.9435441098749692,-0.42832336273412003,True,NO CHANGE
P23198,Cbx3,365920000.0,112760000.0,193220000,408170000,0.5280389156099694,3.6198119900674,-0.9212838371054743,1.8559147669103342,0.4673154649024299,True,NO CHANGE
Q91WK1,Spryd4,75055000.0,46771000.0,43483000,40904000,0.5793484777829592,0.8745590216159586,-0.7874967053292568,-0.19337234388016425,-0.4904345246047105,True,NO CHANGE
Q6IRU5,Cltb,478870000.0,554100000.0,701790000,640240000,1.4655125608202644,1.1554593033748422,0.5514053333331151,0.20846644729732147,0.3799358903152183,True,NO CHANGE
Q505B7,Zbtb8os,234000000.0,238560000.0,235040000,479100000,1.0044444444444445,2.0082997987927564,0.006397771198150691,1.0059746507363088,0.5061862109672297,True,NO CHANGE
P56375,Acyp2,145510000.0,139860000.0,193820000,57876000,1.3320046732183355,0.4138138138138138,0.4135991439835675,-1.272946289254333,-0.42967357263538275,True,NO CHANGE
Q920B9,Supt16h,473250000.0,1757400000.0,106220000,703610000,0.22444796619123086,0.40036986457266416,-2.155547071385605,-1.3205947067967152,-1.73807088909116,True,DOWN
P55821,Stmn2,400270000.0,262070000.0,566450000,582310000,1.4151697604117222,2.221963597512115,0.5009751257172153,1.1518351812099281,0.8264051534635717,True,UP
Q922V4,Plrg1,187950000.0,172300000.0,159330000,87999000,0.8477254588986433,0.5107312826465468,-0.2383309801163978,-0.9693636670552667,-0.6038473235858323,True,DOWN
Q9CQR2,Rps21,266610000.0,159010000.0,1096800000,184190000,4.113874198267132,1.158354820451544,2.040497677112448,0.21207723890322153,1.1262874580078348,True,UP
P56395,Cyb5a,974440000.0,440990000.0,172360000,693960000,0.17688108041541808,1.5736411256491076,-2.4991483524021025,0.6541065667165769,-0.9225208928427628,True,DOWN
P52760,Hrsp12,293570000.0,446970000.0,318370000,348540000,1.0844772967265048,0.7797838781126251,0.1169998508498102,-0.35885376729646773,-0.12092695822332877,True,NO CHANGE
Q9CYW4,Hdhd3,122940000.0,37960000.0,87182000,37096000,0.7091426712217341,0.9772391991570074,-0.4958521848312002,-0.033216360533946096,-0.2645342726825731,True,NO CHANGE
P27048;P63163,Snrpb;Snrpn,728580000.0,726720000.0,438010000,427110000,0.6011831233358039,0.5877229194187582,-0.734123585003496,-0.7667919347144543,-0.7504577598589751,True,DOWN
Q8C0C7,Farsa,87910000.0,19525000.0,37281000,27891000,0.42408144693436467,1.4284763124199744,-1.2375867267874323,0.5144771131118241,-0.3615548068378041,True,NO CHANGE
P17897,Lyz1,0.0,9412500.0,0,1750100,,,,,,False,NO CHANGE
P21619,Lmnb2,5309000.0,24050000.0,4474600,35650000,0.8428329252213222,1.4823284823284824,-0.24668142082979785,0.5678651826738461,0.16059188092202414,True,NO CHANGE
Q3TC72,Fahd2,103100000.0,0.0,19711000,49353000,,,,,,False,NO CHANGE
Q3URD3,Slmap,50814000.0,0.0,32144000,0,,,,,,False,NO CHANGE
Q8R326,Pspc1,17760000.0,4183700.0,6750200,18950000,0.3800788288288288,4.529483471568229,-1.395629428525452,2.1793465391246793,0.39185855529961366,True,NO CHANGE
Q91YP2,Nln,214400000.0,116580000.0,209070000,109820000,0.9751399253731343,0.9420140675930692,-0.03631884509401482,-0.08617949036223639,-0.06124916772812561,True,NO CHANGE
Q9JL35,Hmgn5,369360000.0,97256000.0,47073000,46481000,0.12744476933073423,0.4779242411779222,-2.972055932319459,-1.0651461493573433,-2.0186010408384014,True,DOWN
Q9QXV0,Pcsk1n,98667000.0,33290000.0,106550000,49970000,1.0798950003547285,1.50105136677681,0.11089104402604777,0.5859733475956248,0.3484321958108363,True,NO CHANGE
Q3SXD3,Hddc2,233810000.0,200270000.0,28755000,168600000,0.12298447457337154,0.8418634842962002,-3.0234518920848266,-0.24834178855134237,-1.6358968403180845,True,DOWN
P97930,Dtymk,77344000.0,0.0,89108000,112210000,,,,,,False,NO CHANGE
Q9CXT8,Pmpcb,95952000.0,0.0,0,17073000,,,,,,False,NO CHANGE
O88967,Yme1l1,91645000.0,0.0,34106000,8975100,,,,,,False,NO CHANGE
Q99JF5,Mvd,104790000.0,0.0,20938000,3178200,,,,,,False,NO CHANGE
O70325;Q91XR9,Gpx4,70283000.0,0.0,17078000,7509400,,,,,,False,NO CHANGE
P17095,Hmga1,20457000.0,0.0,3908500,0,,,,,,False,NO CHANGE
Q8R3B1,Plcd1,56788000.0,17955000.0,39601000,6768100,0.6973480312742129,0.376947925368978,-0.5200492412639992,-1.40756286317346,-0.9638060522187296,True,DOWN
Q91Z31,Ptbp2,252090000.0,0.0,101610000,0,,,,,,False,NO CHANGE
P60898,Polr2i,39334000.0,17941000.0,5528600,20608000,0.14055524482635887,1.14865392118611,-2.83079080592328,0.19994419276543532,-1.3154233065789223,True,DOWN
Q99MD6,Txnrd3,99142000.0,61228000.0,140530000,23160000,1.4174618224365052,0.37825831319004377,0.5033098785020672,-1.402556305198142,-0.4496232133480374,True,NO CHANGE
Q9D868,Ppih,91483000.0,11285000.0,90858000,40712000,0.9931681295978487,3.6076207354895877,-0.009890128186196832,1.851047677898,0.9205787748559017,True,UP
O08756,Hsd17b10,71188000.0,32767000.0,60724000,37659000,0.8530089340900152,1.1492965483565782,-0.2293672430274294,0.20075109880490974,-0.014308072111259826,True,NO CHANGE
P99028,Uqcrh,43809000.0,5782700.0,20339000,1655900,0.46426533360724964,0.2863541252356166,-1.106978535068466,-1.804127707718758,-1.4555531213936121,True,DOWN
P97450,Atp5j,84788000.0,3266300.0,28889000,6762600,0.34072038496013585,2.0704160671095737,-1.5533398298683796,1.049920718274473,-0.2517095557969533,True,NO CHANGE
O09010,Lfng,314150000.0,210270000.0,254710000,312820000,0.8107910233964667,1.4877062823988205,-0.30259797866899774,0.5730897235199796,0.1352458724254909,True,NO CHANGE
Q61468,Msln,55347000.0,3968000000.0,118180000,2899800000,2.1352557500858222,0.730796370967742,1.0944088788776165,-0.45245862512535634,0.32097512687613006,True,NO CHANGE
Q9QXC1,Fetub,529290000.0,183760000.0,448850000,224010000,0.848022823027074,1.2190356987374837,-0.2378250020034959,0.2857403750454244,0.023957686520964236,True,NO CHANGE
P10148,Ccl2,525700000.0,871220000.0,1825300000,1647300000,3.4721323949020353,1.8907968136635982,1.795821959829331,0.9189943386078047,1.357408149218568,True,UP
P47879,Igfbp4,66300000.0,1028800000.0,115690000,655040000,1.744947209653092,0.6367029548989114,0.8031833908625898,-0.6513076351918989,0.07593787783534545,True,NO CHANGE
Q8BX35,Eda2r,70712000.0,54265000.0,55612000,46370000,0.7864577440886978,0.8545102736570533,-0.3465588423187351,-0.22683025756174363,-0.28669454994023935,True,NO CHANGE
Q99KR8,Fuca2,261030000.0,267890000.0,148410000,146390000,0.5685553384668429,0.5464556347754675,-0.8146273189514658,-0.8718237226636776,-0.8432255208075716,True,DOWN
Q9R1Q9,Atp6ap1,1763700000.0,1150000000.0,1036500000,1433400000,0.5876849804388501,1.2464347826086957,-0.7668850672826384,0.3178073984583885,-0.22453883441212494,True,NO CHANGE
O70340,Nptx2,584850000.0,151240000.0,1452600000,14646000,2.483713772762247,0.09683946046019572,1.3124989246013008,-3.3682611483722864,-1.0278811118854927,True,DOWN
O35988,Sdc4,8525100000.0,4249100000.0,8469700000,4842900000,0.9935015425039002,1.1397472405921254,-0.009405887491933919,0.1887139163411947,0.08965401442463039,True,NO CHANGE
Q03401,Crisp1,87400000.0,1105500000.0,22614000,2558200000,0.25874141876430207,2.3140660334690186,-1.9504170788898103,1.2104300333300313,-0.3699935227798895,True,NO CHANGE
P04202,Tgfb1,68394000.0,32641000.0,156460000,111500000,2.287627569669854,3.415949266260225,1.1938521976036116,1.772286548184893,1.4830693728942523,True,UP
Q91V88,Npnt,78461000.0,46709000.0,7174300,9794300,0.0914377843769516,0.20968764049754865,-3.4510657436491794,-2.2536862669215516,-2.8523760052853655,True,DOWN
Q7TMR0,Prcp,304510000.0,557280000.0,486410000,1220200000,1.5973531246921284,2.189563594602354,0.6756832826465475,1.1306433526382702,0.9031633176424089,True,UP
P70428,Ext2,445260000.0,557760000.0,117030000,0,,,,,,False,NO CHANGE
Q6GU68,Islr,241020000.0,489090000.0,469810000,450640000,1.949257323043731,0.9213846122390562,0.9629245545128161,-0.11812459075007818,0.42239998188136896,True,NO CHANGE
P15535,B4galt1,324470000.0,636330000.0,405710000,222620000,1.250377538755509,0.3498499206386623,0.32236376772957365,-1.5151919305012975,-0.5964140813858619,True,DOWN
P11214,Plat,130640000.0,1252500000.0,49032000,1236800000,0.3753214941824862,0.9874650698602795,-1.4138011809946738,-0.01819837904508564,-0.7159997800198797,True,DOWN
Q8VE43,Metrnl,532460000.0,411310000.0,354590000,234660000,0.6659467377831199,0.570518586953879,-0.5865212992859347,-0.8096542059731019,-0.6980877526295183,True,DOWN
Q62059,Vcan,22127000.0,327920000.0,4642900,95298000,0.20982961992136304,0.2906135642839717,-2.252709749205636,-1.7828260530710431,-2.0177679011383396,True,DOWN
Q91XA2,Golm1,183920000.0,225460000.0,321510000,322890000,1.7480969986950847,1.4321387385789053,0.8057852395603681,0.5181712605940108,0.6619782500771894,True,UP
Q9EPK6,Sil1,236600000.0,294730000.0,242520000,222900000,1.0250211327134404,0.7562854137685339,0.03565365387374073,-0.40299730049273313,-0.1836718233094962,True,NO CHANGE
Q80VJ3,Dnph1,190290000.0,109990000.0,153230000,84546000,0.8052446266225235,0.7686698790799164,-0.31250096631547597,-0.3795639584301093,-0.3460324623727926,True,NO CHANGE
Q9D6R2,Idh3a,131720000.0,17265000.0,60714000,0,,,,,,False,NO CHANGE
Q9DCD6,Gabarap,33834000.0,17297000.0,39271000,29508000,1.160696340958799,1.7059605711973174,0.2149905865931123,0.77058430293085,0.49278744476198116,True,NO CHANGE
Q78PG9,Ccdc25,128870000.0,65440000.0,86667000,136360000,0.672514937533949,2.0837408312958434,-0.5723617825090779,1.0591758511981975,0.2434070343445598,True,NO CHANGE
Q8R2G4,Art3,184960000.0,37917000.0,153100000,44317000,0.8277465397923875,1.1687897249254953,-0.27273902011352863,0.22501540027647185,-0.02386180991852839,True,NO CHANGE
Q9QUI0;Q62159,Rhoa;Rhoc,303280000.0,158760000.0,77948000,766610000,0.25701661830651545,4.828735197782817,-1.9600664499690545,2.271645349963175,0.15578944999706013,True,NO CHANGE
P28658,Atxn10,217780000.0,242710000.0,333930000,76872000,1.5333363945265865,0.31672366198343704,0.6166742406858317,-1.6587034417588167,-0.5210146005364925,True,NO CHANGE
Q9CQC6,Bzw1,266280000.0,565310000.0,0,348030000,,,,,,False,NO CHANGE
Q6PGB6,Naa50,72500000.0,179620000.0,60419000,73148000,0.8333655172413793,0.4072375013918272,-0.26297868903225635,-1.2960576735011686,-0.7795181812667125,True,DOWN
O89112,Lancl1,167360000.0,85974000.0,62839000,37599000,0.3754720363288719,0.43732989043199105,-1.4132226293633137,-1.1932061384090111,-1.3032143838861625,True,DOWN
P60766,Cdc42,164270000.0,242740000.0,130040000,439590000,0.7916235466001096,1.8109499876410975,-0.33711356934127423,0.8567467044446415,0.25981656755168364,True,NO CHANGE
Q8VE62,Paip1,229710000.0,72563000.0,179920000,20471000,0.7832484436898698,0.282113473808966,-0.3524580969148923,-1.825652523848055,-1.0890553103814737,True,DOWN
Q80UG5,2018-09-09 00:00:00,45795000.0,105120000.0,12317000,93733000,0.2689594933944754,0.8916761796042618,-1.8945391826231843,-0.16540821758716615,-1.0299737001051752,True,DOWN
Q9JLT4,Txnrd2,140800000.0,106370000.0,54988000,32913000,0.39053977272727275,0.3094199492338065,-1.3564586143959003,-1.6923618802178204,-1.5244102473068604,True,DOWN
Q9DBZ5,Eif3k,124310000.0,144510000.0,61505000,150420000,0.49477113667444295,1.0408968237492215,-1.0151667542158043,0.057827072246961965,-0.47866984098442117,True,NO CHANGE
P23780,Glb1,338360000.0,250570000.0,36003000,119810000,0.10640442132639792,0.47814981841401605,-3.2323699958044254,-1.064465367021239,-2.148417681412832,True,DOWN
Q9R0E1,Plod3,106400000.0,295980000.0,115420000,92439000,1.0847744360902256,0.312315021285222,0.11739508528266908,-1.678926135158926,-0.7807655249381285,True,DOWN
O55057,Pde6d,789650000.0,411480000.0,81819000,76627000,0.10361425948204901,0.18622290269271896,-3.2707055332876154,-2.4248975806946915,-2.8478015569911532,True,DOWN
Q9D7X3,Dusp3,88409000.0,93286000.0,81991000,47212000,0.9274055808797746,0.5060995219003923,-0.10872768639430193,-0.9825069834181408,-0.5456173349062213,True,NO CHANGE
P63073,Eif4e,168330000.0,342090000.0,68699000,210210000,0.40812095289015626,0.614487415592388,-1.2929313145664285,-0.7025446296895242,-0.9977379721279764,True,DOWN
Q9JHJ0,Tmod3,60611000.0,55402000.0,21651000,58954000,0.35721238719044396,1.0641132089094256,-1.4851459846735742,0.08965164448942443,-0.6977471700920749,True,DOWN
Q9JHI5,Ivd,148800000.0,91802000.0,387870000,256260000,2.6066532258064514,2.7914424522341563,1.3821986677658047,1.4810108141400038,1.4316047409529042,True,UP
Q9R0N0,Galk1,169650000.0,73096000.0,53206000,24129000,0.31362216327733566,0.33010014227864726,-1.672900578417454,-1.5990243345012407,-1.6359624564593473,True,DOWN
Q9CYZ2,Tpd52l2,84223000.0,13557000.0,55603000,63755000,0.6601878346769885,4.702736593641661,-0.5990515407148017,2.233500527243889,0.8172244932645436,True,UP
Q9WUM3,Coro1b,75874000.0,84415000.0,191180000,53999000,2.5197037193241427,0.6396848901261624,1.3332541036492713,-0.6445666888437012,0.3443437074027851,True,NO CHANGE
Q9WU84,Ccs,96892000.0,73478000.0,84541000,34045000,0.8725281757007802,0.46333596450638287,-0.19672637526998502,-1.1098694250323762,-0.6532979001511806,True,DOWN
Q99P72,Rtn4,124250000.0,207360000.0,109220000,185480000,0.8790342052313883,0.894483024691358,-0.1860087898627471,-0.1608739915100992,-0.17344139068642317,True,NO CHANGE
Q9D6Y9,Gbe1,201980000.0,333620000.0,153770000,245680000,0.7613130012872562,0.736406690246388,-0.3934383789175992,-0.44142536127200066,-0.41743187009479993,True,NO CHANGE
P97346,Nxn,182200000.0,208490000.0,76073000,38417000,0.4175246981339188,0.18426303419828288,-1.2600665540158238,-2.4401614201633413,-1.8501139870895824,True,DOWN
Q9QYJ0,Dnaja2,184210000.0,30450000.0,22260000,19059000,0.12084034525812931,0.6259113300492611,-3.0488258837171514,-0.6759698031591125,-1.8623978434381319,True,DOWN
Q9DBB8,Dhdh,92177000.0,67065000.0,54042000,21689000,0.5862850819618777,0.32340266905241183,-0.7703257470962352,-1.6285965094190509,-1.199461128257643,True,DOWN
P35279;P61294,Rab6a;Rab6b,459000000.0,313170000.0,439700000,448060000,0.9579520697167756,1.4307245266149375,-0.061974621088523106,0.5167459206010433,0.2273856497562601,True,NO CHANGE
Q9D0B6,Pbdc1,215800000.0,264920000.0,322740000,355360000,1.495551436515292,1.3413860788162464,0.580677529935308,0.42372453465377447,0.5022010322945412,True,NO CHANGE
Q91VH6,Memo1,196060000.0,151350000.0,10278000,12247000,0.05242272773640722,0.0809184010571523,-4.253663765726816,-3.6273883771660707,-3.940526071446443,True,DOWN
P26638,Sars,338330000.0,506320000.0,391100000,227300000,1.1559719800195076,0.4489255806604519,0.20910642830846468,-1.1554517886974056,-0.47317268019447045,True,NO CHANGE
Q64105,Spr,98731000.0,93618000.0,61957000,109430000,0.6275333988311675,1.1688991433271378,-0.672235850093544,0.22515045450690502,-0.2235426977933195,True,NO CHANGE
D3Z4S3,Ptrhd1,66831000.0,44522000.0,95805000,68024000,1.433541320644611,1.5278738601141009,0.5195834896708045,0.6115254406905807,0.5655544651806925,True,NO CHANGE
P24452,Capg,642250000.0,2329800000.0,745760000,2292100000,1.1611677695601401,0.9838183535067387,0.21557643286340258,-0.02353612554865629,0.09602015365737315,True,NO CHANGE
Q9EPQ7,Stard5,178500000.0,110380000.0,62616000,166510000,0.35078991596638653,1.50851603551368,-1.5113208191525787,0.5931300324031467,-0.459095393374716,True,NO CHANGE
O88587,Comt,137400000.0,114200000.0,113580000,78595000,0.8266375545851529,0.6882224168126094,-0.274673187280601,-0.5390532105170914,-0.40686319889884626,True,NO CHANGE
Q9JMG1,Edf1,48886000.0,44670000.0,14522000,55363000,0.29705846254551405,1.2393776583837026,-1.7511812065403474,0.3096158669435807,-0.7207826697983833,True,DOWN
Q99K41,Emilin1,155020000.0,671780000.0,115330000,493860000,0.7439685201909431,0.7351513888475394,-0.42668651753960385,-0.44388672187740236,-0.43528661970850313,True,NO CHANGE
P42208,2018-09-02 00:00:00,164820000.0,367220000.0,114300000,255510000,0.6934838005096469,0.6957954359784325,-0.5280659126951718,-0.5232648791558844,-0.5256653959255281,True,NO CHANGE
Q91WK2,Eif3h,177840000.0,39121000.0,12826000,78791000,0.07212100764732343,2.0140333836047137,-3.793436636076559,1.010087596930501,-1.391674519573029,True,DOWN
Q99JT9,Adi1,98093000.0,96017000.0,658820000,124830000,6.716279449094227,1.3000822770967642,2.7476622587792647,0.3786029286409213,1.563132593710093,True,UP
Q9CQM5,Txndc17,423830000.0,133010000.0,764420000,1089300000,1.8036005002005522,8.189609803774152,0.850879815197162,3.033794715899206,1.942337265548184,True,UP
Q9R059,Fhl3,442370000.0,394010000.0,386360000,222040000,0.873386531636413,0.5635389964721708,-0.1953078111829502,-0.8274126476302516,-0.5113602294066009,True,NO CHANGE
Q8BH58,Tiprl,101950000.0,396610000.0,178950000,395660000,1.7552721922511034,0.9976046998310683,0.8116947683997876,-0.0034598330006499396,0.40411746769956886,True,NO CHANGE
Q62048,Pea15,71800000.0,145800000.0,11864000,43275000,0.1652367688022284,0.2968106995884774,-2.5973933411431456,-1.7523849949602983,-2.174889168051722,True,DOWN
Q78JW9,Ubfd1,115300000.0,134430000.0,82562000,214320000,0.7160624457935819,1.59428698951127,-0.4818426885314163,0.6729113539687177,0.0955343327186507,True,NO CHANGE
Q9D7M8,Polr2d,74026000.0,44618000.0,0,22580000,,,,,,False,NO CHANGE
P61600,Naa20,132200000.0,54062000.0,26694000,162310000,0.20192133131618759,3.0022936628315637,-2.3081347673854737,1.5860650979413244,-0.36103483472207465,True,NO CHANGE
Q8R081,Hnrnpl,155430000.0,203940000.0,129680000,106230000,0.8343305668146432,0.5208884966166519,-0.2613089934536951,-0.9409535181507557,-0.6011312558022254,True,DOWN
Q9CQR6,Ppp6c,339580000.0,361060000.0,166300000,323500000,0.4897225985040344,0.8959729684816928,-1.0299633233915209,-0.1584728880795859,-0.5942181057355533,True,DOWN
P46656,Fdx1,101730000.0,39807000.0,84828000,43245000,0.8338543202595105,1.0863667194212072,-0.26213273735321213,0.11951118876245918,-0.07131077429537647,True,NO CHANGE
O08547,Sec22b,29245000.0,23675000.0,31405000,61333000,1.0738587792785093,2.590623020063358,0.10280428025948299,1.3732990939996097,0.7380516871295464,True,UP
Q91VW3,Sh3bgrl3,646340000.0,711560000.0,1041500000,1139200000,1.6113810069003929,1.600989375456743,0.68829765591648,0.6789637338212352,0.6836306948688575,True,UP
P16254,Srp14,152110000.0,78867000.0,32536000,69673000,0.21389783709157847,0.8834239922908187,-2.2250062006641165,-0.1788220808373959,-1.201914140750756,True,DOWN
Q8BGC4,Zadh2,164960000.0,208920000.0,50869000,26430000,0.30837172647914646,0.1265077541642734,-1.6972575992135843,-2.9827022787306876,-2.339979938972136,True,DOWN
P62313,Lsm6,58148000.0,41467000.0,199080000,65818000,3.423677512554172,1.5872380447102514,1.7755468159476113,0.6665185113924982,1.2210326636700548,True,UP
Q9CPT4,Mydgf,1102400000.0,1133700000.0,415170000,1967900000,0.376605587808418,1.7358207638705125,-1.4088736890836855,0.7956179867080878,-0.30662785118779884,True,NO CHANGE
Q9Z0P5,Twf2,103250000.0,68981000.0,80869000,8723200,0.7832348668280872,0.12645801017671532,-0.35248310486873846,-2.9832696709647797,-1.667876387916759,True,DOWN
P62077,Timm8b,62527000.0,61425000.0,30946000,13288000,0.49492219361235945,0.21632885632885632,-1.0147263569932563,-2.2087019741745135,-1.611714165583885,True,DOWN
Q8QZY1,Eif3l,232010000.0,477660000.0,162970000,324490000,0.7024266195422612,0.6793325796591718,-0.5095805758200216,-0.5578100497904104,-0.533695312805216,True,NO CHANGE
P49962,Srp9,124260000.0,51048000.0,67221000,53763000,0.5409705456301304,1.0531852374236013,-0.886378049504689,0.07475920427383753,-0.40580942261542574,True,NO CHANGE
Q9R0Q6,Arpc1a,146700000.0,119280000.0,167620000,14872000,1.1426039536468984,0.12468142186452046,0.1923254270674986,-3.003681582251323,-1.4056780775919122,True,DOWN
Q99J09,Wdr77,503420000.0,320570000.0,399370000,236450000,0.7933137340590362,0.7375924135134292,-0.3340365693624525,-0.4391042778441359,-0.3865704236032942,True,NO CHANGE
Q91VA6,Poldip2,55159000.0,41836000.0,43950000,0,,,,,,False,NO CHANGE
O54754,Aox1,81691000.0,655280000.0,133850000,165840000,1.6384913882802268,0.25308265169088023,0.7123680902636084,-1.9823194779063114,-0.6349756938213516,True,DOWN
O35955,Psmb10,259150000.0,157070000.0,194130000,994540000,0.7491028361952538,6.331826574138919,-0.4167643106692952,2.6626217412527073,1.122928715291706,True,UP
O88456,Capns1,192070000.0,226980000.0,102790000,339200000,0.5351694694642578,1.4944047933738656,-0.9019322799335305,0.5795709876800293,-0.1611806461267506,True,NO CHANGE
P62878,Rbx1,284780000.0,229770000.0,355790000,223350000,1.2493503757286326,0.9720590155372764,0.3211781322211038,-0.04088418965881286,0.14014697128114548,True,NO CHANGE
Q61838,A2m,481630000.0,354430000.0,382230000,14983000,0.7936175072150821,0.04227350957876026,-0.33348424293552603,-4.5641022987996855,-2.448793270867606,True,DOWN
P61290,Psme3,231910000.0,148100000.0,205770000,373100000,0.8872838601181493,2.5192437542201214,-0.1725323690867059,1.3329907195279322,0.5802291752206131,True,NO CHANGE
Q8C8T8,Tsr2,126860000.0,141180000.0,166750000,98636000,1.3144411161910767,0.6986542003116589,0.3944495141264397,-0.5173495261773835,-0.061450006025471904,True,NO CHANGE
P04117,Fabp4,44303000.0,52100000.0,29860000,227660000,0.6739949890526601,4.369673704414588,-0.5691902294383162,2.127525553730813,0.7791676621462484,True,UP
Q8R0F8,Fahd1,324590000.0,83048000.0,98073000,18578000,0.3021442435071937,0.223701955495617,-1.7266906390080992,-2.1603502270844372,-1.943520433046268,True,DOWN
P61957,Sumo2,1787600000.0,1501100000.0,581110000,1611100000,0.3250783172969344,1.0732795949636933,-1.6211407633174157,0.10202595468062291,-0.7595574043183965,True,DOWN
Q9D1D4,Tmed10,222330000.0,43940000.0,69299000,240460000,0.31169432825079835,5.472462448793809,-1.6817961917010893,2.4521901498859253,0.385196979092418,True,NO CHANGE
P08207,S100a10,125030000.0,108690000.0,201670000,136950000,1.6129728865072384,1.260005520287055,0.6897221875138199,0.333430054418297,0.5115761209660584,True,NO CHANGE
O88545,Cops6,502110000.0,394950000.0,259770000,204340000,0.5173567544960268,0.5173819470819091,-0.9507686297352581,-0.9506983796930566,-0.9507335047141574,True,DOWN
Q9D6H2,Hspb11,207320000.0,58676000.0,56580000,100440000,0.2729114412502412,1.7117731270025223,-1.8734952169884465,0.7754915041703482,-0.5490018564090491,True,NO CHANGE
Q6ZWM4,Lsm8,197730000.0,43113000.0,125000000,250160000,0.6321751883882062,5.80242618235799,-0.661603681428777,2.5366562639250407,0.9375262912481319,True,UP
Q9Z1D1,Eif3g,63902000.0,92835000.0,83441000,66506000,1.3057650777753436,0.7163892928313674,0.3848953627230943,-0.481184319951155,-0.048144478614030345,True,NO CHANGE
Q91ZW2,Pofut1,249960000.0,101760000.0,155650000,0,,,,,,False,NO CHANGE
Q9Z2V5,Hdac6,78924000.0,154550000.0,77370000,92554000,0.980310171810856,0.5988612099644128,-0.028689802257850155,-0.7397064072268612,-0.38419810474235566,True,NO CHANGE
Q91X96,Rabif,128550000.0,42998000.0,17211000,45763000,0.13388564760793464,1.06430531652635,-2.9009267812352557,0.08991207513658747,-1.405507353049334,True,DOWN
Q9D898,Arpc5l,251180000.0,87570000.0,114510000,282480000,0.45588820765984556,3.225762247344981,-1.1332480030145626,1.6896401095361764,0.2781960532608069,True,NO CHANGE
Q9CQP3,Chchd5,75391000.0,30875000.0,61442000,46139000,0.8149779151357589,1.4943805668016195,-0.2951671302133668,0.5795475992118552,0.14219023449924417,True,NO CHANGE
Q9D7I5,Lhpp,222910000.0,114680000.0,139670000,414710000,0.626575748059755,3.6162364841297525,-0.6744391643597425,1.8544890260178768,0.5900249308290672,True,UP
O70133,Dhx9,38063000.0,91806000.0,78050000,50825000,2.050547776055487,0.5536130536130536,1.0360093576496965,-0.8530501342812356,0.09147961168423047,True,NO CHANGE
Q8JZM7,Cdc73,89768000.0,33559000.0,98433000,69272000,1.0965266019071385,2.0641854644059716,0.13294081244376332,1.0455726008765016,0.5892567066601324,True,UP
Q9EPB4,Pycard,143250000.0,80011000.0,38344000,279970000,0.2676719022687609,3.4991438677181885,-1.9014623888000293,1.807001982376175,-0.04723020321192717,True,NO CHANGE
Q9D1L0,Chchd2,1284000000.0,449210000.0,495550000,543390000,0.3859423676012461,1.2096569533180472,-1.3735426675588296,0.27459797153603627,-0.5494723480113967,True,NO CHANGE
Q9WVA2,Timm8a1,65543000.0,37248000.0,52291000,48173000,0.7978121233388767,1.2933043384879725,-0.32587904848912613,0.3710618079887864,0.022591379749830137,True,NO CHANGE
Q9JMG7,Hdgfrp3,53515000.0,88635000.0,2666500,65204000,0.04982715126600019,0.7356461894285553,-4.326924095622777,-0.4429160289935761,-2.3849200623081765,True,DOWN
P62858,Rps28,68272000.0,209040000.0,392600000,338220000,5.750527302554488,1.61796785304248,2.5236942520397845,0.6941829435423471,1.6089385977910657,True,UP
P84104,Srsf3,19670000.0,80536000.0,59736000,27862000,3.0369089984748348,0.3459570875136585,1.6026036785362994,-1.531334997692157,0.03563434042207114,True,NO CHANGE
Q6PDG5,Smarcc2,139180000.0,212010000.0,196360000,74526000,1.4108348900704124,0.35152115466251593,0.49654915929270227,-1.5083165810992496,-0.5058837109032737,True,NO CHANGE
P01942,Hba,148400000.0,283640000.0,100350000,226080000,0.6762129380053908,0.7970667042730222,-0.5644504752581861,-0.32722763052480286,-0.4458390528914945,True,NO CHANGE
Q9D8X1,Cutc,79656000.0,70506000.0,154760000,67311000,1.9428542733755148,0.9546847076844523,0.9581776935311227,-0.06690374473808959,0.44563697439651656,True,NO CHANGE
P62320,Snrpd3,751460000.0,519230000.0,314640000,443440000,0.41870492108695073,0.8540338578279375,-1.2559942205492522,-0.22763482884464395,-0.7418145246969481,True,DOWN
P01193,Pomc,345560000.0,408960000.0,476930000,170800000,1.3801655284176408,0.41764475743348983,0.46484130519632394,-1.2596517664391418,-0.3974052306214089,True,NO CHANGE
Q62093,Srsf2,176760000.0,133180000.0,141680000,165790000,0.8015388096854492,1.2448565850728337,-0.31915571900509115,0.31597954476560985,-0.0015880871197406499,True,NO CHANGE
P62309,Snrpg,51136000.0,13945000.0,35815000,145690000,0.7003872027534418,10.44747221226246,-0.5137753713283647,3.385082016334527,1.4356533225030812,True,UP
P01902,H2-K1,27759000.0,37434000.0,21383000,28961000,0.7703087287006016,0.7736549660736229,-0.37649132167960375,-0.37023779688650754,-0.3733645592830557,True,NO CHANGE
P11352,Gpx1,34850000.0,28121000.0,23528000,65005000,0.6751219512195122,2.3116176522883256,-0.5667799667560837,1.2089027919718145,0.3210614126078654,True,NO CHANGE
P30999,Ctnnd1,40450000.0,26216000.0,41512000,33877000,1.0262546353522868,1.2922261214525481,0.03738873833404642,0.36985854352582065,0.20362364092993354,True,NO CHANGE
P49443,Ppm1a,18848000.0,11373000.0,103840000,108270000,5.509337860780985,9.519915589554207,2.46187893905604,3.250948781613951,2.8564138603349956,True,UP
P61967,Ap1s1,54147000.0,6837000.0,45693000,73393000,0.843869466452435,10.734678952757058,-0.24490824129387523,3.4242071393498716,1.5896494490279982,True,UP
Q03173,Enah,46313000.0,6616400.0,11027000,4478200,0.23809729449614578,0.6768333232573605,-2.0703768675557623,-0.5631274949362232,-1.3167521812459928,True,DOWN
Q3TIV5,Zc3h15,40767000.0,7947600.0,747850000,53928000,18.344494321387398,6.785444662539635,4.197275231140118,2.7624433611740633,3.4798592961570907,True,UP
Q571I9,Aldh16a1,35640000.0,0.0,24519000,35550000,,,,,,False,NO CHANGE
Q61545,Ewsr1,51872000.0,8439900.0,27034000,27273000,0.521167489204195,3.231436391426439,-0.940181004509287,1.6921755934488023,0.37599729446975766,True,NO CHANGE
Q64345,Ifit3,96273000.0,0.0,33123000,16207000,,,,,,False,NO CHANGE
Q6P8X1,Snx6,19388000.0,0.0,16003000,22125000,,,,,,False,NO CHANGE
Q99K70;Q7TT45,Rragc;Rragd,222670000.0,71818000.0,209260000,20944000,0.9397763506534333,0.2916260547495057,-0.08961063191988711,-1.7778084747468823,-0.9337095533333847,True,DOWN
Q8BH69,Sephs1,128670000.0,80927000.0,391690000,217860000,3.0441439340949716,2.6920558033783535,1.606036574378843,1.428708315751646,1.5173724450652446,True,UP
Q8K2C9,Hacd3,44078000.0,0.0,4699000,47701000,,,,,,False,NO CHANGE
Q99PL5,Rrbp1,52291000.0,19004000.0,69220000,32693000,1.323745960107858,1.7203220374657966,0.40462628131581574,0.7826786570008376,0.5936524691583267,True,UP
Q9CR81,Tex12,18482000.0,0.0,20456000,0,,,,,,False,NO CHANGE
Q9CY52,Thg1l,26480000.0,16052000.0,22353000,12795000,0.8441465256797583,0.7970969349613756,-0.24443465339098291,-0.32717291385318653,-0.2858037836220847,True,NO CHANGE
Q9CZL5,Pcbd2,38074000.0,9605800.0,470610000,7483200,12.360403424909387,0.779029336442566,3.62765392628644,-0.3602504370198094,1.6337017446333153,True,UP
Q9D7G0,Prps1,36586000.0,0.0,13039000,0,,,,,,False,NO CHANGE
Q9DAU1,Cnpy3,85770000.0,15254000.0,52138000,84406000,0.6078815436632855,5.533368296840173,-0.7181378781585176,2.468157951675497,0.8750100367584897,True,UP
Q9DB16,Cab39l,72592000.0,0.0,18077000,0,,,,,,False,NO CHANGE
Q9ER00,Stx12,13731000.0,38660000.0,31551000,8074500,2.2977933143980773,0.20885928608380755,1.200249033970408,-2.259396806358011,-0.5295738861938016,True,NO CHANGE
Q9R0D8,Wdr54,204860000.0,0.0,91532000,0,,,,,,False,NO CHANGE
Q8BJD1,Itih5,64198000.0,0.0,86892000,10828000,,,,,,False,NO CHANGE
P97300,Nptn,93718000.0,31558000.0,17762000,86908000,0.18952602488316012,2.753913429241397,-2.3995321283277615,1.4614832082865385,-0.4690244600206115,True,NO CHANGE
Q61592,Gas6,121870000.0,159050000.0,34084000,0,,,,,,False,NO CHANGE
Q8BPA8,Dpcd,53162000.0,0.0,14081000,0,,,,,,False,NO CHANGE
Q64520,Guk1,104870000.0,28730000.0,113550000,108010000,1.0827691427481645,3.75948485903237,0.11472567866612933,1.9105349910958151,1.0126303348809722,True,UP
Q8R1G2,Cmbl,49882000.0,0.0,12225000,0,,,,,,False,NO CHANGE
P15105,Glul,97822000.0,69765000.0,51321000,174340000,0.5246365848173212,2.498960796961227,-0.9306096794038283,1.3213282689823371,0.1953592947892544,True,NO CHANGE
Q9ET26,Rnf114,45353000.0,7919700.0,7367700,3808700,0.16245231847948316,0.48091468111165825,-2.6219117612846987,-1.0561471261624347,-1.8390294437235668,True,DOWN
Q9CPT3,Nanp,97414000.0,28365000.0,42232000,22267000,0.4335311146241813,0.7850167459897761,-1.2057925551816053,-0.3492046649611626,-0.777498610071384,True,DOWN
Q8BU85,Msrb3,92255000.0,26481000.0,29745000,0,,,,,,False,NO CHANGE
Q9D6L8,Ppil3,55791000.0,0.0,6987000,67599000,,,,,,False,NO CHANGE
Q61845,Meig1,98093000.0,20510000.0,52645000,9517300,0.5366845748422415,0.4640321794246709,-0.8978536715023112,-1.10770323891679,-1.0027784552095507,True,DOWN
Q9CQE6,Asf1a,56987000.0,29896000.0,7979200,0,,,,,,False,NO CHANGE
Q99MR6,Srrt,16357000.0,9677400.0,269820000,20110000,16.495689918689248,2.0780374894083122,4.044017213587819,1.0552216818145888,2.549619447701204,True,UP
Q9D385,Arl2bp,26757000.0,0.0,30258000,8798000,,,,,,False,NO CHANGE
Q8R5M8,Cadm1,215170000.0,45356000.0,147090000,96436000,0.683599014732537,2.126201605079813,-0.5487777772201607,1.088278398778285,0.2697503107790621,True,NO CHANGE
Q9QZH3,Ppie,91798000.0,6120600.0,48278000,13524000,0.5259155972897013,2.2095872953631996,-0.9270968108490886,1.1437769295559939,0.10834005935345264,True,NO CHANGE
Q9ERR7,2018-09-15 00:00:00,61456000.0,7720000.0,11836000,22178000,0.19259307472012496,2.8727979274611397,-2.376372267337144,1.5224565173039395,-0.4269578750166022,True,NO CHANGE
Q3V4B5,Commd6,4902200.0,4066400.0,2684400,0,,,,,,False,NO CHANGE
Q8BYA0,Tbcd,19867000.0,6180500.0,10830000,0,,,,,,False,NO CHANGE
Q9R0P4,Smap,39319000.0,0.0,37951000,0,,,,,,False,NO CHANGE
Q3B7Z2,Osbp,40668000.0,14679000.0,0,20393000,,,,,,False,NO CHANGE
Q5SW19,Cluh,38430000.0,0.0,35708000,7394000,,,,,,False,NO CHANGE
P07742,Rrm1,44437000.0,0.0,8217900,0,,,,,,False,NO CHANGE
Q60876,Eif4ebp1,32083000.0,12559000.0,17941000,46912000,0.5592058099304927,3.7353292459590732,-0.8385487450567616,1.9012354131825346,0.5313433340628866,True,NO CHANGE
Q921H9,Coa7,49995000.0,0.0,24021000,0,,,,,,False,NO CHANGE
Q9JJ94,Ssna1,66274000.0,8374300.0,38830000,23041000,0.5859009566345776,2.7513941463764136,-0.771271289367454,1.460162825328934,0.34444576798074,True,NO CHANGE
P61164;Q8R5C5,Actr1a;Actr1b,104130000.0,65039000.0,141890000,187500000,1.3626236435225199,2.8828856532234504,0.44638714497470067,1.5275136149115354,0.9869503799431181,True,UP
P60487,Pdxp,46504000.0,23770000.0,42602000,10138000,0.9160932392912438,0.42650399663441313,-0.12643365265968604,-1.2293688342403206,-0.6779012434500034,True,DOWN
P62073,Timm10,46072000.0,5155000.0,31491000,8967400,0.6835171036638306,1.7395538312318137,-0.5489506560139485,0.7987173244591126,0.12488333422258202,True,NO CHANGE
Q9DCB8,Isca2,58545000.0,7366600.0,4321700,14259000,0.07381843026731574,1.9356283767273912,-3.759875130457764,0.952801994701288,-1.4035365678782379,True,DOWN
Q6PAV2,Herc4,69363000.0,0.0,13816000,0,,,,,,False,NO CHANGE
Q91WM2,Cecr5,293950000.0,17404000.0,598190000,352160000,2.0350059533934344,20.234428866927143,1.0250330150903533,4.33874022323839,2.6818866191643718,True,UP
Q80Y81,Elac2,115240000.0,12278000.0,27274000,0,,,,,,False,NO CHANGE
Q9DAS9,Gng12,50878000.0,27860000.0,144310000,57081000,2.8363929399740555,2.048851399856425,1.5040574103217401,1.0348153516187912,1.2694363809702658,True,UP
Q61133,Gstt2,170600000.0,201960000.0,134850000,239780000,0.7904454865181711,1.1872648049118637,-0.3392621250826867,0.24764174637502925,-0.04581018935382873,True,NO CHANGE
P03958,Ada,78464000.0,21056000.0,43261000,59286000,0.5513483890701468,2.815634498480243,-0.8589638698269595,1.49346006783396,0.31724809900350026,True,NO CHANGE
Q3THW5;P0C0S6,H2afv;H2afz,34143000.0,0.0,0,30886000,,,,,,False,NO CHANGE
Q9DD18,Dtd1,90816000.0,0.0,168490000,30045000,,,,,,False,NO CHANGE
Q3TMH2,Scrn3,133770000.0,42929000.0,31353000,0,,,,,,False,NO CHANGE
Q9Z0H6,Cst9,121730000.0,32513000.0,14727000,33257000,0.12098085927873162,1.0228831544305355,-3.0471492821643493,0.032641353146385804,-1.5072539645089817,True,DOWN
P09056,Lif,111650000.0,2055000000.0,956040000,1917600000,8.5628302731751,0.9331386861313868,3.0980877295920735,-0.09983657980727466,1.4991255748923995,True,UP
Q99KG5,Lsr,71368000.0,726510000.0,101680000,408250000,1.4247281694877256,0.5619330773148339,0.510686687037751,-0.8315297700905807,-0.16042154152641486,True,NO CHANGE
O09114,Ptgds,97086000.0,170070000.0,98009000,571370000,1.009507034999897,3.35961662844711,0.013650964482263571,1.7482966140177585,0.880973789250011,True,UP
P49935,Ctsh,27349000.0,964430000.0,146050000,894170000,5.34023181834802,0.9271486784940327,2.4169023703626262,-0.10912738545772896,1.1538874924524487,True,UP
P47931,Fst,100410000.0,1232700000.0,28081000,1562800000,0.27966338014142017,1.2677861604607772,-1.8382367389894327,0.3423114242948606,-0.7479626573472861,True,DOWN
O88593,Pglyrp1,137270000.0,3946100000.0,69133000,5422900000,0.5036278866467546,1.374242923392717,-0.989569925386613,0.4586370502961619,-0.2654664375452256,True,NO CHANGE
P04186,Cfb,45135000.0,9885000000.0,40458000,9387000000,0.8963775340644733,0.9496206373292868,-0.15782160389262037,-0.0745768066544922,-0.11619920527355629,True,NO CHANGE
O54775,Wisp1,182740000.0,95556000.0,55410000,145760000,0.3032176863303053,1.525388254008121,-1.72157418822252,0.6091764956862907,-0.5561988462681147,True,NO CHANGE
Q00731,Vegfa,330420000.0,334370000.0,260580000,375590000,0.7886326493553659,1.123276609743697,-0.34257465569698564,0.16771323883936373,-0.08743070842881095,True,NO CHANGE
Q8R2G6,Ccdc80,54107000.0,1120600000.0,16123000,723370000,0.29798362503927406,0.6455202570051758,-1.746695041796314,-0.6314657255789751,-1.1890803836876445,True,DOWN
Q8BSU2,Cxcl16,96838000.0,657450000.0,151130000,788420000,1.5606476796298974,1.1992090653281617,0.6421448818254689,0.26208319438119027,0.4521140381033296,True,NO CHANGE
Q9JHE3,Asah2,99939000.0,27563000.0,33623000,23250000,0.3364352254875474,0.8435221129775423,-1.5715993281300888,-0.2455022055507206,-0.9085507668404047,True,DOWN
Q8CD91,Smoc2,226200000.0,533140000.0,183270000,543870000,0.810212201591512,1.0201260456915633,-0.3036282830757813,0.02874742107849924,-0.13744043099864103,True,NO CHANGE
P97873,Loxl1,54536000.0,435410000.0,44739000,371310000,0.8203571952471762,0.8527824349463724,-0.28567587832033925,-0.22975037217106448,-0.2577131252457019,True,NO CHANGE
O35657,Neu1,199870000.0,134570000.0,58308000,76201000,0.29172962425576626,0.5662554804191128,-1.7772961999203336,-0.8204749867523933,-1.2988855933363634,True,DOWN
P19788,Mgp,28777000.0,60711000.0,22289000,35926000,0.7745421690933731,0.5917543772957125,-0.3685843077953686,-0.7569296220568176,-0.5627569649260931,True,NO CHANGE
Q9WTZ2,Mbtps1,95685000.0,69950000.0,66236000,19102000,0.692229712076083,0.2730807719799857,-0.5306772282975173,-1.8726003594941993,-1.2016387938958584,True,DOWN
Q8BK62,Olfml3,55689000.0,576860000.0,2487800,331570000,0.044673095225268904,0.5747841764032867,-4.484449972934207,-0.7989077494086338,-2.64167886117142,True,DOWN
Q64685,St6gal1,87683000.0,505570000.0,46703000,396640000,0.5326346041992176,0.7845402219277251,-0.9087819342981637,-0.35008068148857835,-0.629431307893371,True,DOWN
Q8BM72,Hspa13,539500000.0,703140000.0,887310000,647030000,1.6446895273401299,0.9202008134937566,0.717815268069103,-0.11997936304641134,0.29891795251134584,True,NO CHANGE
P26618,Pdgfra,65543000.0,153170000.0,71291000,67735000,1.087698152357994,0.4422210615655807,0.12127824912965753,-1.1771603571764044,-0.5279410540233734,True,NO CHANGE
P97401,Frzb,117360000.0,142110000.0,12124000,0,,,,,,False,NO CHANGE
P45700,Man1a1,176990000.0,1357400000.0,107280000,1287800000,0.6061359398836093,0.9487255046412258,-0.7222867074562695,-0.0759373631485511,-0.39911203530241035,True,NO CHANGE
O54990,Prom1,24157000.0,2308800000.0,13876000,3086300000,0.5744090739744173,1.3367550242550243,-0.7998495552067375,0.4187350991821537,-0.1905572280122919,True,NO CHANGE
A2AX52,Col6a4,26216000.0,79735000.0,25207000,244090000,0.9615120537076595,3.0612654417758827,-0.056623151294875204,1.6141281461162607,0.7787524974106927,True,UP
Q9Z1G3,Atp6v1c1,33386000.0,53582000.0,14292000,17675000,0.4280836278679686,0.32986823933410475,-1.224035434417608,-1.6000382171391063,-1.4120368257783573,True,DOWN
Q6PHU5,Sort1,145750000.0,146390000.0,37278000,50168000,0.25576672384219556,0.3427010041669513,-1.967099518199759,-1.5449776757044553,-1.756038596952107,True,DOWN
Q9Z0Z4,Heph,38129000.0,71598000.0,146320000,138140000,3.83749901649663,1.9293835023324675,1.940166380738031,0.9481399354670198,1.4441531581025253,True,UP
Q05909,Ptprg,94770000.0,61030000.0,39650000,72627000,0.41838134430727025,1.1900213009995084,-1.2571095718766885,0.2509873975427306,-0.503061087166979,True,NO CHANGE
Q9CXU9;P48024,Eif1b;Eif1,69149000.0,35537000.0,25215000,87170000,0.3646473557101332,2.4529363761713143,-1.4554261626608276,1.294509814012706,-0.08045817432406077,True,NO CHANGE
Q99KN2,Ciao1,152850000.0,47576000.0,15156000,26642000,0.09915603532875368,0.5599882293593409,-3.334155602152986,-0.8365315920445777,-2.085343597098782,True,DOWN
Q9DB34,Chmp2a,37697000.0,74026000.0,9225700,26209000,0.24473300262620368,0.3540512792802529,-2.0307194306801497,-1.497969765636824,-1.7643445981584869,True,DOWN
P09055,Itgb1,27220000.0,160610000.0,5378000,255250000,0.1975753122703894,1.5892534711412738,-2.3395254065184843,0.6683492394728201,-0.8355880835228321,True,DOWN
O55091,Impact,87612000.0,94723000.0,37550000,71745000,0.42859425649454413,0.7574190006650972,-1.2223155780095294,-0.40083648166413927,-0.8115760298368343,True,DOWN
P85094,Isoc2a,142290000.0,94387000.0,29071000,16424000,0.20430810316958326,0.17400701367773105,-2.2911816702056464,-2.52278263712282,-2.4069821536642335,True,DOWN
Q9EPV8,Ubl5,16680000.0,39205000.0,5340000,0,,,,,,False,NO CHANGE
P17439,Gba,68115000.0,79055000.0,119470000,207170000,1.7539455332892901,2.620580608437164,0.8106039472846364,1.3898864866151928,1.1002452169499146,True,UP
P61750,Arf4,36177000.0,46805000.0,13464000,32430000,0.372170163363463,0.6928746928746928,-1.4259656947642743,-0.5293336318674535,-0.9776496633158639,True,DOWN
P51150,Rab7a,164800000.0,207460000.0,190610000,305970000,1.156614077669903,1.4748385230887882,0.2099075670308195,0.5605570055308791,0.38523228628084927,True,NO CHANGE
Q8BH95,Echs1,98403000.0,140660000.0,40412000,0,,,,,,False,NO CHANGE
Q6ZWZ2,Ube2r2,112250000.0,124130000.0,51489000,328210000,0.4586993318485523,2.644082816402159,-1.1243792889270092,1.402767364796269,0.13919403793462992,True,NO CHANGE
Q6ZWU9;Q6ZWY3,Rps27;Rps27l,20875000.0,23193000.0,11547000,63682000,0.5531497005988024,2.745742249816755,-0.8542581206041443,1.4571962021914528,0.3014690407936543,True,NO CHANGE
Q9ES30,C1qtnf3,111000000.0,79282000.0,132950000,103480000,1.1977477477477478,1.3052142983274893,0.26032410062019945,0.3842866970269176,0.3223053988235585,True,NO CHANGE
Q9QYG0,Ndrg2,102480000.0,48072000.0,145120000,40972000,1.4160811865729899,0.8523048760193044,0.5019039801868759,-0.2305585089854055,0.13567273560073517,True,NO CHANGE
Q9WTL7,Lypla2,114370000.0,172480000.0,126100000,57790000,1.102561860627787,0.3350533395176252,0.14085960228370947,-1.5775373081769029,-0.7183388529465967,True,DOWN
P62748;P84075,Hpcal1;Hpca,25107000.0,40471000.0,44153000,52488000,1.7585932210140598,1.2969286649699785,0.8144218126032885,0.37509912914681154,0.59476047087505,True,UP
P59325,Eif5,28994000.0,111320000.0,0,32066000,,,,,,False,NO CHANGE
O35343,Kpna4,67455000.0,117600000.0,100240000,113320000,1.4860277221851605,0.9636054421768707,0.5714610299316887,-0.05348555334562825,0.25898773829303023,True,NO CHANGE
Q3TYX3,Smyd5,225100000.0,130650000.0,0,63863000,,,,,,False,NO CHANGE
P02798,Mt2,154710000.0,209450000.0,105120000,214570000,0.6794648051192553,1.0244449749343518,-0.5575292705980439,0.034842496285472736,-0.2613433871562856,True,NO CHANGE
Q7TMB8;Q5SQX6,Cyfip1;Cyfip2,44201000.0,83667000.0,0,16337000,,,,,,False,NO CHANGE
O70310,Nmt1,35144000.0,57959000.0,27925000,101820000,0.7945879808786707,1.7567590883210544,-0.3317211238347219,0.8129163621404071,0.24059761915284258,True,NO CHANGE
P35278,Rab5c,93020000.0,134760000.0,333580000,261530000,3.586110513867985,1.940709409320273,1.8424199487061632,0.9565841133540858,1.3995020310301245,True,UP
P54071,Idh2,0.0,88290000.0,0,40758000,,,,,,False,NO CHANGE
P84091,Ap2m1,121520000.0,171320000.0,0,34884000,,,,,,False,NO CHANGE
P28667,Marcksl1,278620000.0,91918000.0,88875000,29195000,0.31898284401694066,0.3176200526556278,-1.648449261860421,-1.6546260962806063,-1.6515376790705136,True,DOWN
P70677,Casp3,119120000.0,150100000.0,59340000,71841000,0.498153122901276,0.4786209193870753,-1.0053388271018329,-1.063044639848753,-1.0341917334752928,True,DOWN
Q9Z172,Sumo3,185400000.0,107830000.0,101390000,176690000,0.5468716289104638,1.6385977928220348,-0.8707258762557579,0.7124617766397581,-0.07913204980799993,True,NO CHANGE
P11438,Lamp1,2204400000.0,1067300000.0,949710000,613060000,0.43082471420794777,0.5744026983978263,-1.214827082603775,-0.7998655682960041,-1.0073463254498896,True,DOWN
Q6P1F6,Ppp2r2a,122020000.0,103910000.0,145880000,106320000,1.1955417144730371,1.0231931479164662,0.2576644689984817,0.03307850797562563,0.14537148848705367,True,NO CHANGE
Q9Z130,Hnrnpdl,91642000.0,120620000.0,10940000,78671000,0.1193775779664346,0.652221853755596,-3.066396206310854,-0.6165653131438026,-1.8414807597273282,True,DOWN
P62192,Psmc1,162350000.0,166090000.0,119890000,122600000,0.7384662765629812,0.7381540128845806,-0.4373960557473159,-0.43800623464058086,-0.43770114519394837,True,NO CHANGE
P35980,Rpl18,38987000.0,47931000.0,9028500,25273000,0.23157719239746583,0.5272787966034508,-2.1104349228873476,-0.9233621119190953,-1.5168985174032215,True,DOWN
P62254,Ube2g1,133170000.0,54983000.0,20760000,71968000,0.1558909664338815,1.3089136642234873,-2.6813907656883686,0.38836994044251877,-1.1465104126229249,True,DOWN
Q8BWR2,Pithd1,131990000.0,34193000.0,114100000,50127000,0.8644594287446019,1.4660018132366275,-0.21012983873810462,0.5518868878822791,0.17087852457208724,True,NO CHANGE
Q9EST4,Psmg2,60819000.0,30842000.0,50020000,17011000,0.8224403558098621,0.551553076972959,-0.28201703792083427,-0.8584283691774465,-0.5702227035491404,True,NO CHANGE
P61924,Copz1,87880000.0,124830000.0,128730000,236610000,1.464838416021848,1.8954578226387888,0.5507415320462653,0.9225463542944431,0.7366439431703542,True,UP
Q62376,Snrnp70,15397000.0,56531000.0,17809000,59341000,1.1566538936156394,1.0497072402752472,0.2099572303367408,0.06998702132436006,0.13997212583055044,True,NO CHANGE
O55060,Tpmt,67975000.0,42123000.0,49669000,42815000,0.7306951084957705,1.0164280796714384,-0.45265854536906364,0.023508136705363586,-0.21457520433185,True,NO CHANGE
Q9D0T1,Nhp2l1,26186000.0,28792000.0,28693000,33499000,1.0957381807072482,1.1634829119199779,0.13190311716783404,0.21845002202874164,0.17517656959828784,True,NO CHANGE
Q9CWW6,Pin4,44273000.0,104870000.0,5990700,42901000,0.13531271881282045,0.4090874415943549,-2.8856306420786457,-1.289518845678124,-2.0875747438783847,True,DOWN
Q9CQ89,Cuta,108790000.0,21167000.0,13233000,61054000,0.12163801820020223,2.8843955213303727,-3.0393338784703965,1.528269006998063,-0.7555324357361668,True,DOWN
Q9CQT1,Mri1,50104000.0,106830000.0,13429000,60128000,0.268022513172601,0.5628381540765702,-1.8995739065986188,-0.8292079645515259,-1.3643909355750723,True,DOWN
Q8BY71,Hat1,55404000.0,54698000.0,83566000,0,,,,,,False,NO CHANGE
P60229,Eif3e,131730000.0,482560000.0,45014000,206990000,0.34171411219919534,0.42894147877984085,-1.5491382650909706,-1.221147263090736,-1.3851427640908534,True,DOWN
Q8BL97,Srsf7,28722000.0,46439000.0,48167000,27838000,1.6770071722024928,0.5994530459312216,0.7458888590148663,-0.738281340505742,0.003803759254562167,True,NO CHANGE
Q9WV85,Nme3,18907000.0,24585000.0,0,10650000,,,,,,False,NO CHANGE
Q9D142,Nudt14,77079000.0,50895000.0,8154200,52586000,0.10579016333891203,1.0332252677080263,-3.2407226069621085,0.04715483036425428,-1.5967838882989271,True,DOWN
Q62084,Ppp1r14b,44954000.0,55946000.0,18719000,65076000,0.4164034346220581,1.1631930790405034,-1.2639461264138776,0.2180905904089615,-0.522927768002458,True,NO CHANGE
O54988,Slk,31522000.0,56980000.0,51391000,0,,,,,,False,NO CHANGE
Q9JHS3,Lamtor2,36212000.0,7663100.0,14367000,32990000,0.3967469347177731,4.305046260651695,-1.3337090181017657,2.1060287404453955,0.3861598611718149,True,NO CHANGE
Q9WU63,Hebp2,92226000.0,83716000.0,0,52600000,,,,,,False,NO CHANGE
P62500,Tsc22d1,65657000.0,49496000.0,172940000,93518000,2.633991805900361,1.8894052044609666,1.3972508575134472,0.9179321372881083,1.1575914974007777,True,UP
Q99K48,Nono,16053000.0,20827000.0,44248000,28091000,2.7563695259453063,1.3487780285206703,1.4627693123934067,0.4316529402045779,0.9472111262989923,True,UP
P62743,Ap2s1,95727000.0,80420000.0,110550000,147340000,1.1548465950045441,1.832131310619249,0.2077012227885806,0.8735229064863461,0.5406120646374634,True,NO CHANGE
Q9D1K7,,154790000.0,54452000.0,115970000,96145000,0.7492086052070547,1.765683537794755,-0.41656062480687456,0.8202267929489978,0.20183308407106162,True,NO CHANGE
P34884,Mif,4335600000.0,2016700000.0,2502200000,893590000,0.5771288864286374,0.443095155451976,-0.7930345523648227,-1.1743115415765202,-0.9836730469706714,True,DOWN
Q8K157,Galm,178230000.0,190200000.0,117190000,210290000,0.6575211804971105,1.1056256572029444,-0.6048907267090707,0.14486300047878348,-0.23001386311514363,True,NO CHANGE
P25444,Rps2,53265000.0,136910000.0,0,36517000,,,,,,False,NO CHANGE
O35658,C1qbp,286850000.0,402000000.0,314300000,734730000,1.095694613909709,1.827686567164179,0.1318457541467824,0.8700186815727393,0.5009322178597608,True,NO CHANGE
Q9CQ62,Decr1,166370000.0,72721000.0,44333000,58035000,0.266472320730901,0.798050081819557,-1.9079424111267722,-0.325448808934045,-1.1166956100304086,True,DOWN
Q60865,Caprin1,74867000.0,478160000.0,61500000,65489000,0.8214567165773973,0.13696043165467625,-0.28374353483587567,-2.8681689411235776,-1.5759562379797267,True,DOWN
Q99KP6,Prpf19,177250000.0,249480000.0,673940000,298760000,3.802200282087447,1.1975308641975309,1.9268345283999435,0.26006283930250296,1.0934486838512232,True,UP
P62852,Rps25,79676000.0,218420000.0,5231700,360830000,0.06566218183643757,1.6520007325336508,-3.9287935009008197,0.7242143264803794,-1.60228958721022,True,DOWN
P11103,Parp1,116430000.0,163220000.0,81330000,32137000,0.6985313063643391,0.19689376301923783,-0.5176033199477363,-2.344510683006603,-1.4310570014771695,True,DOWN
Q3UPL0,Sec31a,66138000.0,119560000.0,7744100,57835000,0.11709002388944328,0.4837320173971228,-3.0943099319289558,-1.0477200644193725,-2.071014998174164,True,DOWN
P56959,Fus,77597000.0,121510000.0,28793000,94634000,0.37105815946492776,0.7788165583079582,-1.4302827630397537,-0.3606445375692305,-0.895463650304492,True,DOWN
P61458,Pcbd1,27545000.0,60080000.0,11149000,15435000,0.40475585405699765,0.2569074567243675,-1.3048761482497644,-1.9606793298991472,-1.6327777390744558,True,DOWN
Q9D2G2,Dlst,76686000.0,113780000.0,42033000,48369000,0.5481183006024568,0.4251098611355247,-0.8674407906192575,-1.2340923697933313,-1.0507665802062944,True,DOWN
P62311,Lsm3,535620000.0,109640000.0,162790000,276360000,0.30392815802247863,2.5206129149945276,-1.718197752513125,1.3337745836882267,-0.19221158441244912,True,NO CHANGE
Q91YJ3,Thyn1,84543000.0,41683000.0,62710000,61916000,0.741752717552015,1.4854017225247702,-0.43098978758474094,0.5708531564244699,0.06993168441986447,True,NO CHANGE
P83870,Phf5a,55693000.0,55388000.0,75830000,78762000,1.361571472177832,1.422004766375388,0.4452727149194679,0.5079263006919351,0.4765995078057015,True,NO CHANGE
O55142,Rpl35a,44848000.0,58801000.0,22706000,164130000,0.506287905815198,2.791279059879934,-0.9819700732681925,1.4809263659586962,0.24947814634525184,True,NO CHANGE
Q8BMK4,Ckap4,17548000.0,40788000.0,16506000,32745000,0.9406200136767723,0.8028096498970285,-0.0883160659818639,-0.3168701366635185,-0.2025931013226912,True,NO CHANGE
Q8JZV7,Amdhd2,181450000.0,96198000.0,80419000,122510000,0.4432019840176357,1.2735191999833677,-1.17396375518348,0.34882071030860057,-0.4125715224374398,True,NO CHANGE
Q3UFY7,Nt5c3b,52396000.0,155020000.0,20591000,18014000,0.3929880143522406,0.11620436072764805,-1.3474427821446213,-3.1052638860235087,-2.226353334084065,True,DOWN
P97822,Anp32e,537460000.0,715270000.0,0,451310000,,,,,,False,NO CHANGE
Q5M8N0,Cnrip1,60639000.0,65271000.0,8495300,52721000,0.14009630765678854,0.8077247169493343,-2.8355091619268924,-0.30806440730781187,-1.571786784617352,True,DOWN
P61971,Nutf2,647110000.0,29945000.0,548360000,116700000,0.8473984330330238,3.8971447654032394,-0.23888763394290635,1.9624175236163237,0.8617649448367086,True,UP
Q61599,Arhgdib,42428000.0,55250000.0,84780000,263050000,1.9982087300839069,4.761085972850679,0.9987072929042946,2.2512906804559956,1.624998986680145,True,UP
P57784,Snrpa1,62544000.0,60304000.0,22027000,50739000,0.3521840624200563,0.8413869726717962,-1.5055984713167638,-0.24915861408431297,-0.8773785427005384,True,DOWN
Q99LT0,Dpy30,54464000.0,35438000.0,54218000,35493000,0.9954832549941246,1.0015520063208985,-0.006531046284743711,0.0022373360914561243,-0.0021468550966437933,True,NO CHANGE
P62315,Snrpd1,314130000.0,14898000.0,35038000,34018000,0.11153980835959634,2.2833937441267285,-3.164369397538307,1.1911796566363004,-0.9865948704510032,True,DOWN
Q80ZM7,Gtf2a2,31123000.0,36537000.0,7310700,0,,,,,,False,NO CHANGE
Q8CCS6,Pabpn1,327180000.0,386030000.0,296380000,169420000,0.905862216516902,0.43887780742429344,-0.142636464775236,-1.188108775084889,-0.6653726199300626,True,DOWN
Q8BTY1,Ccbl1,212840000.0,148020000.0,173250000,0,,,,,,False,NO CHANGE
P15864,Hist1h1c,21270000.0,69274000.0,15325000,50552000,0.7204983544898919,0.7297398735456304,-0.47293295938252844,-0.45454580901163993,-0.46373938419708416,True,NO CHANGE
Q9D172,D10Jhu81e,447300000.0,184250000.0,132430000,779650000,0.29606528057232284,4.231478968792402,-1.7560127785799522,2.0811619962099703,0.16257460881500907,True,NO CHANGE
P43275,Hist1h1a,31351000.0,133580000.0,16209000,81947000,0.517017001052598,0.6134675849678095,-0.9517163734748066,-0.704940979591975,-0.8283286765333908,True,DOWN
P70694;Q91WR5;Q8K023,Akr1c6;Akr1c21;Akr1c18,1253400000.0,1008200000.0,1248800000,514630000,0.9963299824477422,0.5104443562785161,-0.005304455810355531,-0.9701743939143351,-0.48773942486234534,True,NO CHANGE
Q9D3D9,Atp5d,150580000.0,174240000.0,56717000,155120000,0.37665692655067073,0.8902662993572085,-1.4086770348029898,-0.16769115061011441,-0.7881840927065521,True,DOWN
P09602,Hmgn2,92135000.0,25982000.0,149110000,6913900,1.618386063927932,0.26610345623893467,0.6945558018819014,-1.9099408462093443,-0.6076925221637215,True,DOWN
O09107,Insl3,20087000.0,3311700.0,18764000,0,,,,,,False,NO CHANGE
O35309,Nmi,83414000.0,0.0,86916000,35559000,,,,,,False,NO CHANGE
O35943,Fxn,52067000.0,5054800.0,12719000,13755000,0.24428140664912518,2.7211759120044317,-2.0333840370781098,1.4442302234648916,-0.2945769068066091,True,NO CHANGE
P07758;Q00896;Q00897;P22599,Serpina1a;Serpina1c;Serpina1d;Serpina1b,20166000.0,42913000.0,60205000,56181000,2.985470594069225,1.3091836972479203,1.577958358698925,0.3886675422905938,0.9833129504947594,True,UP
P27641,Xrcc5,13043000.0,0.0,0,18912000,,,,,,False,NO CHANGE
P46460,Nsf,33345000.0,11379000.0,23430000,0,,,,,,False,NO CHANGE
P61514,Rpl37a,8631000.0,5271100.0,0,4569900,,,,,,False,NO CHANGE
P62305,Snrpe,42073000.0,88458000.0,101580000,74489000,2.414375014855133,0.8420832485473332,1.2716497813338004,-0.24796522937534174,0.5118422759792293,True,NO CHANGE
P67871,Csnk2b,40781000.0,0.0,13562000,29682000,,,,,,False,NO CHANGE
P70444,Bid,8861700.0,0.0,14931000,36435000,,,,,,False,NO CHANGE
P97379,G3bp2,5227600.0,17864000.0,0,31251000,,,,,,False,NO CHANGE
Q00PI9,Hnrnpul2,18999000.0,1325100.0,38987000,0,,,,,,False,NO CHANGE
Q3TGF2,Fam107b,8818700.0,0.0,8286900,0,,,,,,False,NO CHANGE
Q3U5Q7,Cmpk2,45436000.0,0.0,64940000,9411400,,,,,,False,NO CHANGE
Q3UI43,Babam1,45959000.0,95535000.0,18129000,0,,,,,,False,NO CHANGE
Q4KML4,Abracl,48015000.0,20679000.0,87931000,85737000,1.8313235447256067,4.146090236471783,0.8728866983637635,2.051751515939287,1.4623191071515254,True,UP
Q60604,Scin,19642000.0,14845000.0,0,0,,,,,,False,NO CHANGE
Q61142,Spin1,18801000.0,14669000.0,32380000,41538000,1.722248816552311,2.8316858681573387,0.7842935866805077,1.501661229549357,1.1429774081149324,True,UP
Q61233,Lcp1,58854000.0,0.0,0,35690000,,,,,,False,NO CHANGE
Q64487,Ptprd,39711000.0,0.0,27127000,0,,,,,,False,NO CHANGE
Q6IE21,Otud6a,4662700.0,5315600.0,3367400,0,,,,,,False,NO CHANGE
Q6WVG3,Kctd12,60802000.0,42445000.0,0,25859000,,,,,,False,NO CHANGE
Q80UW8,Polr2e,68535000.0,47946000.0,26627000,22764000,0.38851681622528633,0.47478413214866727,-1.363951050540657,-1.0746563756888607,-1.2193037131147588,True,DOWN
Q80W22,Thnsl2,41061000.0,41240000.0,194670000,65755000,4.740995104844012,1.594447138700291,2.2451899034585474,0.6730562681771198,1.4591230858178337,True,UP
Q80Y14,Glrx5,60375000.0,5759200.0,9967000,16783000,0.1650848861283644,2.914120016668982,-2.5987200503827723,1.543060295346014,-0.5278298775183792,True,NO CHANGE
Q8BFQ8,Pddc1,21962000.0,0.0,31651000,55387000,,,,,,False,NO CHANGE
Q8BTV2,Cpsf7,16990000.0,1398800.0,15177000,0,,,,,,False,NO CHANGE
Q8C129,Lnpep,21982000.0,14700000.0,25205000,0,,,,,,False,NO CHANGE
Q8CIG8,Prmt5,79637000.0,18136000.0,0,0,,,,,,False,NO CHANGE
Q8K339,Kin,14636000.0,7257000.0,0,6313300,,,,,,False,NO CHANGE
Q8VDM6,Hnrnpul1,19542000.0,0.0,28613000,0,,,,,,False,NO CHANGE
Q8VEH6,Cbwd1,81598000.0,14426000.0,102720000,0,,,,,,False,NO CHANGE
Q91YN9,Bag2,44883000.0,24773000.0,44417000,66790000,0.9896174498139607,2.6960804101239253,-0.015057155468277343,1.4308635252872264,0.7079031849094746,True,UP
Q99L45,Eif2s2,7382100.0,1457600.0,9296500,47912000,1.2593300009482398,32.87047200878156,0.33265638341237136,5.038720268063699,2.685688325738035,True,UP
Q9CQ92,Fis1,13730000.0,5209700.0,0,5066800,,,,,,False,NO CHANGE
Q9CR70,Lage3,17433000.0,7578800.0,6330800,13578000,0.3631503470429645,1.7915765028764448,-1.4613611361237953,0.8412296500035428,-0.31006574306012624,True,NO CHANGE
Q9CY97,Ssu72,20392000.0,0.0,14209000,0,,,,,,False,NO CHANGE
Q9D0A3,Arpin,19760000.0,27845000.0,46955000,39223000,2.3762651821862346,1.4086191416771414,1.2486958444203058,0.49428159270645966,0.8714887185633827,True,UP
Q9D1I5,Mcee,13391000.0,10064000.0,0,7555700,,,,,,False,NO CHANGE
Q9D967,Mdp1,49922000.0,46805000.0,88741000,63859000,1.7775930451504347,1.3643627817540862,0.8299250772927218,0.4482273055409651,0.6390761914168435,True,UP
Q9ESJ0,Xpo4,18577000.0,0.0,14649000,0,,,,,,False,NO CHANGE
Q9ESZ8,Gtf2i,5533000.0,2358800.0,4932100,3436000,0.8913970721127779,1.4566728845175514,-0.16585987261226381,0.5426769372039104,0.1884085322958233,True,NO CHANGE
Q9JHS9,Cwc15,29264000.0,0.0,0,18611000,,,,,,False,NO CHANGE
Q9JI78,Ngly1,0.0,0.0,54721000,20271000,,,,,,False,NO CHANGE
Q9JKV1,Adrm1,26857000.0,5092300.0,313450000,0,,,,,,False,NO CHANGE
Q9JMD3,Stard10,77030000.0,0.0,0,24252000,,,,,,False,NO CHANGE
Q9QX60,Dguok,58221000.0,31059000.0,78648000,27690000,1.3508527850775494,0.8915290254032647,0.43387045940749797,-0.1656463266235353,0.13411206639198134,True,NO CHANGE
Q9QZ06,Tollip,31158000.0,15571000.0,17561000,17205000,0.563611271583542,1.104938668036735,-0.8272276306935521,0.143966291992334,-0.34163066935060904,True,NO CHANGE
Q9WV92,Epb41l3,28327000.0,0.0,95307000,0,,,,,,False,NO CHANGE
Q9WVK4,Ehd1,1568600.0,36916000.0,14743000,74591000,9.39882697947214,2.0205601907032182,3.232480712481931,1.0147553287723654,2.1236180206271484,True,UP
Q9Z0E6,Gbp2,50945000.0,89819000.0,31262000,60299000,0.6136421631170871,0.6713390262639308,-0.7045304816193159,-0.5748865833229571,-0.6397085324711365,True,DOWN
Q9Z0H3,Smarcb1,9348500.0,2768100.0,4297600,22571000,0.45971011392201955,8.15396842599617,-1.1212036881526342,3.0275023703968627,0.9531493411221142,True,UP
Q7TMJ8,Pik3ip1,58836000.0,0.0,83999000,20135000,,,,,,False,NO CHANGE
O89051,Itm2b,42123000.0,13010000.0,95302000,300620000,2.2624694347506114,23.10684089162183,1.1778983019719407,4.530248126586875,2.8540732142794076,True,UP
P23927,Cryab,8193500.0,8885300.0,33928000,102380000,4.140843351437114,11.522402169876088,2.0499246264268174,3.526369613515816,2.788147119971317,True,UP
Q8BMY7,Spink2,20232000.0,0.0,7786200,0,,,,,,False,NO CHANGE
Q9DCV4,Rmdn1,38792000.0,0.0,39209000,42633000,,,,,,False,NO CHANGE
P97355,Sms,112170000.0,68937000.0,0,19519000,,,,,,False,NO CHANGE
Q5I012,Slc38a10,39757000.0,19818000.0,108900000,0,,,,,,False,NO CHANGE
Q921J2,Rheb,19967000.0,0.0,29048000,24871000,,,,,,False,NO CHANGE
Q8VIN1,Pbp2,74116000.0,0.0,14265000,0,,,,,,False,NO CHANGE
Q9D5V6,Syap1,51995000.0,12821000.0,17074000,0,,,,,,False,NO CHANGE
Q99JP4,Cdc26,17240000.0,0.0,8770500,16743000,,,,,,False,NO CHANGE
Q3TUU5,Tex30,35597000.0,7155700.0,33024000,0,,,,,,False,NO CHANGE
Q9CQ66,Tctex1d2,62830000.0,3972100.0,35393000,7081800,0.5633137036447556,1.7828856272500693,-0.8279895266653848,0.8342141565290382,0.0031123149318266763,True,NO CHANGE
Q9CX60,Lbh,90386000.0,0.0,0,75973000,,,,,,False,NO CHANGE
Q9Z2X2,Psmd10,38621000.0,0.0,0,24715000,,,,,,False,NO CHANGE
Q91VR8,Brk1,10948000.0,11898000.0,20717000,64400000,1.8923090975520642,5.412674399058665,0.9201477636684414,2.436341604939338,1.6782446843038896,True,UP
Q9CQG1,Chac2,20337000.0,0.0,0,6263300,,,,,,False,NO CHANGE
Q91W50,Csde1,31145000.0,0.0,42047000,10558000,,,,,,False,NO CHANGE
P58242,Smpdl3b,121560000.0,47010000.0,102910000,47450000,0.8465778216518591,1.009359710699851,-0.24028540095343873,0.013440406714735273,-0.11342249711935173,True,NO CHANGE
Q99NB9,Sf3b1,19030000.0,4610900.0,12500000,6287500,0.6568575932737782,1.3636166475091631,-0.6063474667245725,0.4474381176238692,-0.07945467455035166,True,NO CHANGE
Q9D289,Trappc6b,21999000.0,0.0,0,10084000,,,,,,False,NO CHANGE
Q9D1K2,Atp6v1f,26428000.0,2954400.0,26918000,22962000,1.0185409414257605,7.772136474411048,0.026503972257441437,2.9583112340714006,1.4924076031644211,True,UP
P97823,Lypla1,73736000.0,32506000.0,49923000,31690000,0.6770505587501356,0.9748969421029964,-0.5626645238129439,-0.03667837753825517,-0.2996714506755995,True,NO CHANGE
Q80UM3,Naa15,19073000.0,0.0,0,10993000,,,,,,False,NO CHANGE
Q9CR39,Wdr45b,41010000.0,0.0,22441000,0,,,,,,False,NO CHANGE
Q8CG76,Akr7a2,28019000.0,7717800.0,24143000,45855000,0.8616652985474142,5.941460001554847,-0.21480051083521443,2.5708174896431126,1.178008489403949,True,UP
Q9JKX6,Nudt5,48208000.0,33047000.0,24050000,52294000,0.4988798539661467,1.582412927043302,-1.0032356840496965,0.6621261169181347,-0.1705547835657809,True,NO CHANGE
Q8K0G5,Tssc1,71382000.0,19941000.0,61968000,85297000,0.8681180129444398,4.277468532169901,-0.2040369172904924,2.096757241354216,0.9463601620318618,True,UP
Q9CQ71,Rpa3,28375000.0,3678000.0,5119500,0,,,,,,False,NO CHANGE
Q91VM9,Ppa2,138220000.0,16239000.0,108660000,12701000,0.7861380408045145,0.7821294414680707,-0.3471454321512046,-0.35452070332632074,-0.35083306773876266,True,NO CHANGE
Q569Z5,Ddx46,18369000.0,2965400.0,13656000,125390000,0.7434264249550874,42.284346125311934,-0.42773812544729345,5.402051764209449,2.487156819381078,True,UP
O09174,Amacr,69657000.0,12275000.0,126170000,1123500000,1.8113039608366712,91.5274949083503,0.8570286699737022,6.5161332897525766,3.6865809798631393,True,UP
Q99JX3;Q91X51,Gorasp2;Gorasp1,33553000.0,10607000.0,27880000,0,,,,,,False,NO CHANGE
Q8BGD8,Coa6,11902000.0,10015000.0,14314000,6588800,1.2026550159637035,0.6578931602596105,0.2662228618526229,-0.6040747809551783,-0.1689259595512777,True,NO CHANGE
O08997,Atox1,69060000.0,0.0,253920000,21331000,,,,,,False,NO CHANGE
Q80W65,Pcsk9,32790000.0,3480900000.0,60256000,5072100000,1.8376334248246418,1.4571231578040162,0.8778490033338051,0.5431228208781026,0.7104859121059539,True,UP
Q03157,Aplp1,94701000.0,41128000.0,149420000,0,,,,,,False,NO CHANGE
Q61477,Nbl1,162340000.0,97315000.0,214450000,402880000,1.3209929777011211,4.139957868776653,0.40162279734727196,2.0496160858849213,1.2256194416160966,True,UP
P21570,Ang,27253000.0,28046000.0,31530000,86515000,1.156936850988882,3.0847536190544105,0.21031012006207134,1.6251552651403047,0.9177326926011881,True,UP
P28301,Lox,41159000.0,1239300000.0,31543000,866120000,0.7663694453218008,0.698878399096264,-0.38388805203018594,-0.5168866382595848,-0.4503873451448854,True,NO CHANGE
Q8C9W3,Adamts2,40117000.0,170800000.0,121640000,122990000,3.0321310167759306,0.7200819672131148,1.6003320929447507,-0.47376695644187244,0.5632825682514391,True,NO CHANGE
Q8K135,Kiaa0319l,3817800.0,45592000.0,83284000,218560000,21.814657656241813,4.793823477803123,4.447225928147151,2.2611767858358616,3.3542013569915063,True,UP
Q61072,Adam9,326430000.0,344570000.0,795730000,1374800000,2.437674233373158,3.989900455640363,1.285505339535064,1.9963527529775766,1.6409290462563204,True,UP
Q8BME9,Cbln4,267240000.0,140480000.0,137170000,42460000,0.5132839395300105,0.302249430523918,-0.9621709750419785,-1.7261884736299804,-1.3441797243359794,True,DOWN
Q8BNA6,Fat3,48879000.0,45059000.0,17286000,21360000,0.3536488062358068,0.4740451408153754,-1.4996107034854866,-1.0769036489923984,-1.2882571762389425,True,DOWN
O70258,Sgce,64546000.0,57726000.0,56995000,54728000,0.8830136646732563,0.9480649967085889,-0.1794923310749979,-0.07694212519973354,-0.12821722813736572,True,NO CHANGE
P21614,Gc,86827000.0,9022500000.0,550770000,9130400000,6.3433033503403315,1.011958991410363,2.6652343365846236,0.017150827495025188,1.3411925820398245,True,UP
Q9DBV4,Mxra8,32605000.0,226300000.0,47724000,82651000,1.463701886213771,0.36522757401679184,0.5496217482420259,-1.4531324046047878,-0.4517553281813809,True,NO CHANGE
Q9Z175,Loxl3,42385000.0,19778000.0,26430000,0,,,,,,False,NO CHANGE
P35456,Plaur,40277000.0,345420000.0,23445000,805690000,0.5820939990565335,2.332493775693359,-0.7806759503061818,1.2218732312213831,0.2205986404576007,True,NO CHANGE
O70458,Osmr,28275000.0,48823000.0,15913000,76468000,0.5627939876215738,1.5662290313991356,-0.8293211786705427,0.6472951949428377,-0.09101299186385248,True,NO CHANGE
Q03146,Ddr1,217490000.0,392770000.0,149630000,209320000,0.6879856545128512,0.5329327596303179,-0.5395496119061222,-0.9079745759129697,-0.7237620939095459,True,DOWN
Q9Z0J7,Gdf15,9920500.0,309610000.0,25757000,852050000,2.5963409102363793,2.752010593973063,1.3764798275652415,1.4604860237620252,1.4184829256636333,True,UP
Q8BV57,Ssc5d,3513800.0,59810000.0,0,39115000,,,,,,False,NO CHANGE
Q99LJ1,Fuca1,135750000.0,363390000.0,1523600000,206980000,11.223572744014733,0.5695808910536889,3.4884600898716163,-0.8120273489421144,1.338216370464751,True,UP
Q63870,Col7a1,1144300.0,631570000.0,0,528810000,,,,,,False,NO CHANGE
P35762,Cd81,504520000.0,152000000.0,19925000,805170000,0.039492983429794654,5.297171052631579,-4.662259831933678,2.405222095910906,-1.128518868011386,True,DOWN
Q9JMK0,B4galt5,769930000.0,1321000000.0,694980000,833360000,0.9026534879794267,0.6308554125662377,-0.14775582491628075,-0.6646187069158701,-0.40618726591607546,True,NO CHANGE
Q8K479,C1qtnf5,60305000.0,202890000.0,96206000,353950000,1.595323770831606,1.7445413771008922,0.6738492485485902,0.8028478158357207,0.7383485321921555,True,UP
Q9ES89,Extl2,59221000.0,102600000.0,190340000,12702000,3.2140625791526656,0.12380116959064327,1.6843980191667987,-3.013903150653033,-0.6647525657431173,True,DOWN
P27106,Amh,32591000.0,7637100.0,14487000,11895000,0.4445092203369028,1.5575283811918137,-1.1697147500812197,0.6392584521941436,-0.2652281489435381,True,NO CHANGE
Q9EP52,Twsg1,82358000.0,117140000.0,61320000,194170000,0.744554263095267,1.6575892094929146,-0.42555109867143426,0.7290865165699406,0.15176770894925318,True,NO CHANGE
Q9D975,Srxn1,32417000.0,39329000.0,66760000,26871000,2.059413270814696,0.6832362887436751,1.0422333704886637,-0.5495434920012849,0.2463449392436894,True,NO CHANGE
P40240,Cd9,16908000.0,177340000.0,0,110790000,,,,,,False,NO CHANGE
Q9JI18,Lrp1b,9808000.0,17657000.0,26860000,0,,,,,,False,NO CHANGE
Q9EQQ9,Mgea5,21007000.0,19489000.0,14610000,0,,,,,,False,NO CHANGE
Q9D1C8,Vps28,58480000.0,66014000.0,39490000,24843000,0.6752735978112175,0.3763292634895628,-0.5664559434920887,-1.4099326166700492,-0.988194280081069,True,DOWN
Q9ET47,Espn,33066000.0,23617000.0,27422000,0,,,,,,False,NO CHANGE
P51569,Gla,78645000.0,60479000.0,86092000,119450000,1.0946913344777163,1.975065725293077,0.130524136499034,0.9819006634045013,0.5562123999517676,True,NO CHANGE
Q8R0F3,Sumf1,58049000.0,109870000.0,39347000,35572000,0.6778239073885856,0.3237644488941476,-0.5610175721659536,-1.626983516349838,-1.094000544257896,True,DOWN
P35282,Rab21,15646000.0,45745000.0,46067000,45620000,2.944330819378755,0.9972674609246912,1.5579397789572562,-0.003947616540899972,0.7769960812081781,True,UP
Q8R2Y2,Mcam,50230000.0,135010000.0,87870000,182130000,1.7493529763089788,1.3490111843567143,0.8068214189286936,0.4319023094048452,0.6193618641667694,True,UP
P62257,Ube2h,30334000.0,82559000.0,0,48792000,,,,,,False,NO CHANGE
P02802,Mt1,99695000.0,73725000.0,12589000,38322000,0.12627513917448216,0.519796541200407,-2.9853574630471753,-0.9439810609418551,-1.9646692619945152,True,DOWN
Q9CX00,Ist1,41639000.0,58197000.0,91738000,34906000,2.203174908139004,0.5997903672010585,1.1395840338894525,-0.7374697425754383,0.2010571456570071,True,NO CHANGE
P52482;Q91W82;P52483,Ube2e1;Ube2e2;Ube2e3,41785000.0,13055000.0,16659000,0,,,,,,False,NO CHANGE
Q8CFI2,Cdc34,50038000.0,51521000.0,20668000,45186000,0.41304608497541867,0.8770404301158751,-1.275625337803682,-0.18928474482483967,-0.7324550413142608,True,DOWN
P70460,Vasp,17873000.0,46886000.0,12204000,12504000,0.6828176579197672,0.26668941688350467,-0.5504277274064779,-1.9067675197646554,-1.2285976235855667,True,DOWN
P12815,Pdcd6,34562000.0,163400000.0,23017000,76058000,0.6659626179040565,0.46547123623011016,-0.5864868972875895,-1.1032360756109498,-0.8448614864492696,True,DOWN
Q62422,Ostf1,63368000.0,121270000.0,83013000,300860000,1.3100145183688927,2.480910365300569,0.3895828006655784,1.3108696119444099,0.8502262063049941,True,UP
Q91V41,Rab14,75754000.0,86104000.0,98197000,80043000,1.2962615835467435,0.9296083805630401,0.37435688118953236,-0.10530501996781391,0.1345259306108592,True,NO CHANGE
O70400,Pdlim1,137090000.0,166850000.0,117690000,1711100000,0.8584871252461886,10.25531914893617,-0.22013159663287726,3.3583004845523243,1.5690844439597236,True,UP
P82343,Renbp,50051000.0,91611000.0,163380000,180480000,3.26427044414697,1.970069096505878,1.7067605892538134,0.9782462304117107,1.342503409832762,True,UP
Q91YN5,Uap1,76222000.0,106050000.0,48821000,59468000,0.6405106137335678,0.5607543611504008,-0.6427056176008243,-0.8345591592715987,-0.7386323884362116,True,DOWN
O88952,Lin7c,19173000.0,34436000.0,25251000,87599000,1.3170082929119074,2.5438204204901846,0.3972644299567777,1.3469968280071791,0.8721306289819784,True,UP
Q61543,Glg1,37348000.0,43218000.0,49914000,59827000,1.3364571061368749,1.3843074644823916,0.4184135347327498,0.469164411341328,0.4437889730370389,True,NO CHANGE
P62071,Rras2,238760000.0,302010000.0,246620000,256850000,1.03292008711677,0.8504685275322009,0.04672864299292093,-0.23367024643355283,-0.09347080172031595,True,NO CHANGE
P62242,Rps8,21787000.0,30188000.0,5549000,14553000,0.2546931656492404,0.482078971776865,-1.9731678475494432,-1.052658593954031,-1.512913220751737,True,DOWN
Q9D820,Prorsd1,12621000.0,24770000.0,22852000,53561000,1.810633071864353,2.1623334679047232,0.8564942110940027,1.1125890278802817,0.9845416194871421,True,UP
Q8R0Y6,Aldh1l1,42606000.0,93379000.0,65230000,226910000,1.5310050227667464,2.4299896122254467,0.6144790158937361,1.280950146578848,0.947714581236292,True,UP
P07091,S100a4,7803400.0,51244000.0,16182000,43417000,2.0737114591075687,0.8472601670439466,1.0522151682716363,-0.23912305086664407,0.4065460587024961,True,NO CHANGE
Q61391,Mme,21032000.0,28573000.0,0,0,,,,,,False,NO CHANGE
Q9R257,Hebp1,41465000.0,67648000.0,0,44661000,,,,,,False,NO CHANGE
P32921,Wars,155750000.0,174010000.0,99461000,210960000,0.638593900481541,1.212344118154129,-0.6470293217899694,0.2777992591154909,-0.18461503133723925,True,NO CHANGE
Q9CR41,Hypk,40761000.0,13208000.0,6545000,16281000,0.16057015284217757,1.2326620230163536,-2.638724348659821,0.3017772891502952,-1.1684735297547628,True,DOWN
Q9QUH0,Glrx,16892000.0,72543000.0,105410000,50502000,6.2402320625148,0.6961664116455069,2.6415996812051508,-0.5224958857114679,1.0595518977468414,True,UP
P52795,Efnb1,1070500000.0,1394000000.0,538880000,176470000,0.5033909388136385,0.1265925394548063,-0.9902488470938381,-2.981735710727004,-1.985992278910421,True,DOWN
Q3UTJ2,Sorbs2,20059000.0,81709000.0,59545000,47608000,2.968492945809861,0.58265307371281,1.5697306847564976,-0.7792909727176599,0.39521985601941884,True,NO CHANGE
Q8VED9,Lgalsl,31944000.0,29860000.0,27719000,21954000,0.8677372902579514,0.7352310783657067,-0.20466976582290736,-0.44373034396166017,-0.32420005489228376,True,NO CHANGE
Q9CWU9,Nup37,55943000.0,47864000.0,77553000,0,,,,,,False,NO CHANGE
P67984,Rpl22,89866000.0,166590000.0,9435100,127140000,0.10499076402643936,0.7631910678912299,-3.251665674418051,-0.3898838082195606,-1.820774741318806,True,DOWN
Q8C1B7,2018-09-11 00:00:00,56435000.0,553500000.0,151730000,1302700000,2.6885797820501462,2.3535682023486904,1.426844283389576,1.2348496604478412,1.3308469719187086,True,UP
Q9R0Y5,Ak1,63795000.0,253010000.0,162860000,347020000,2.5528646445646213,1.371566341251334,1.3521170466396,0.4558244055471576,0.9039707260933788,True,UP
P62627,Dynlrb1,214380000.0,136500000.0,252230000,177280000,1.1765556488478404,1.2987545787545787,0.23456955891166453,0.3771288353546111,0.30584919713313785,True,NO CHANGE
O70209,Pdlim3,13921000.0,18662000.0,9458900,32649000,0.6794698656705697,1.7494909441646125,-0.5575185256631441,0.8069351968197641,0.12470833557831001,True,NO CHANGE
Q9CQ65,Mtap,64197000.0,219010000.0,76873000,53001000,1.1974547097216381,0.24200264828090043,0.25997109120519046,-2.0469052596155226,-0.8934670842051661,True,DOWN
P61358,Rpl27,34083000.0,53165000.0,4492800,118720000,0.13181938209664643,2.2330480579328507,-2.9233655819095334,1.1590143000611157,-0.8821756409242089,True,DOWN
P83877,Txnl4a,70796000.0,29860000.0,36320000,101180000,0.5130233346516753,3.388479571332887,-0.9629036471824661,1.7606380736727296,0.39886721324513175,True,NO CHANGE
Q8K003,Tma7,7588800.0,12805000.0,10744000,9052000,1.4157706093189963,0.7069113627489262,0.5015875312352777,-0.5003987632179384,0.0005943840086696239,True,NO CHANGE
Q3U0V1,Khsrp,15897000.0,21600000.0,152460000,157420000,9.590488771466314,7.287962962962963,3.2616043428973813,2.865515627459745,3.0635599851785633,True,UP
O54984,Asna1,79747000.0,66578000.0,38897000,30877000,0.48775502526740816,0.4637718165159662,-1.0357713581042727,-1.1085129450373137,-1.0721421515707932,True,DOWN
P62301,Rps13,84982000.0,195250000.0,33116000,125150000,0.389682521004448,0.6409731113956466,-1.35962887322321,-0.6416642573410097,-1.00064656528211,True,DOWN
Q9CQ86,Mien1,26382000.0,6447600.0,12836000,26428000,0.48654385565916153,4.098889509274769,-1.039358243651996,2.0352331008363636,0.4979374285921838,True,NO CHANGE
Q99JX4,Eif3m,56301000.0,113950000.0,39162000,100830000,0.6955826717109821,0.8848617814831067,-0.523706102076132,-0.17647597612350138,-0.3500910390998167,True,NO CHANGE
Q9D711,Pir,69893000.0,123690000.0,106910000,93645000,1.529623853604796,0.7570943487751637,0.6131769266066495,-0.401454995431574,0.10586096558753774,True,NO CHANGE
P0C7N9,Psmg4,59998000.0,28855000.0,41399000,60586000,0.6900063335444515,2.0996707676312596,-0.5353184904875187,1.0701631282996034,0.26742231890604234,True,NO CHANGE
P62702,Rps4x,24876000.0,135060000.0,21852000,175050000,0.8784370477568741,1.2960906263882719,-0.18698919413257636,0.3741665991405548,0.09358870250398921,True,NO CHANGE
Q8C460,Eri3,27822000.0,29045000.0,36475000,49665000,1.3110128675149162,1.7099328627991048,0.39068184559693375,0.7739396815975786,0.5823107635972562,True,NO CHANGE
Q9JK23,Psmg1,142750000.0,63124000.0,92939000,59827000,0.651061295971979,0.9477694696153602,-0.6191347185750069,-0.07739190653125391,-0.3482633125531304,True,NO CHANGE
Q91XC8,Dap,43024000.0,64956000.0,43628000,37303000,1.0140386760877649,0.5742810517889032,0.020112678708042262,-0.8001711336181598,-0.3900292274550588,True,NO CHANGE
P62751,Rpl23a,7659400.0,57187000.0,0,45415000,,,,,,False,NO CHANGE
P70362,Ufd1l,181100000.0,394400000.0,211540000,420020000,1.1680839315295417,1.0649594320486815,0.22414394138490296,0.0907984743037685,0.15747120784433571,True,NO CHANGE
P00329,Adh1,73562000.0,149680000.0,119960000,61655000,1.6307332590196024,0.41191207910208444,0.7055208180025134,-1.27959166179806,-0.2870354218977733,True,NO CHANGE
P53612,Rabggtb,84418000.0,37496000.0,31921000,18122000,0.37813025658035015,0.48330488585449116,-1.4030448018383785,-1.048994515469509,-1.2260196586539438,True,DOWN
P50295,Nat2,84656000.0,75076000.0,11988000,20932000,0.14160839160839161,0.2788108050508818,-2.8200213338937647,-1.8426416223063382,-2.3313314781000516,True,DOWN
Q05BC3,Eml1,1639600000.0,261540000.0,603890000,957100000,0.3683154427909246,3.6594784736560375,-1.440986206824802,1.8716380591427777,0.21532592615898782,True,NO CHANGE
Q8K385,FRRS1,64828000.0,49323000.0,57524000,65501000,0.8873326340470167,1.3280011353729497,-0.17245306642548225,0.40925638011572923,0.11840165684512349,True,NO CHANGE
Q9D9A7,Ptges3l,15249000.0,14875000.0,8232400,7942100,0.5398649091743721,0.5339226890756302,-0.8893296491788816,-0.9052972371728568,-0.8973134431758691,True,DOWN
Q3UL36,Arglu1,109570000.0,124860000.0,6451700000,1655100000,58.88199324632655,13.255646323882749,5.879754604562137,3.7285351102851214,4.80414485742363,True,UP
Q91XE4,Acy3,46089000.0,61847000.0,69505000,93057000,1.5080604916574454,1.5046323993079698,0.5926942994712132,0.5894110614208595,0.5910526804460363,True,UP
P18608,Hmgn1,76750000.0,15885000.0,47376000,13086000,0.6172768729641693,0.8237960339943343,-0.6960103548547127,-0.2796409142389482,-0.4878256345468305,True,NO CHANGE
Q8BV13,Cops7b,81238000.0,44478000.0,58352000,137280000,0.7182845466407346,3.0864697153648994,-0.4773726175455908,1.6259576356158112,0.5742925090351102,True,NO CHANGE
O08583;Q9JJW6,Alyref;Alyref2,128180000.0,247750000.0,63223000,90037000,0.49323607427055705,0.3634187689202825,-1.019649775544039,-1.4602951647787918,-1.2399724701614154,True,DOWN
P12787,Cox5a,23423000.0,30036000.0,20617000,13178000,0.8802032190581907,0.43874017845252367,-0.18409144695540794,-1.188561264983405,-0.6863263559694065,True,DOWN
Q8JZL3,Thtpa,38963000.0,75562000.0,14509000,104890000,0.37237892359417907,1.388131600539954,-1.425156675284546,0.4731443477766641,-0.4760061637539409,True,NO CHANGE
Q3TWW8,Srsf6,18308000.0,42763000.0,73079000,14804000,3.991642997596679,0.3461871243832285,1.99698269546767,-1.5303760268376287,0.2333033343150206,True,NO CHANGE
P60824,Cirbp,5627900.0,97674000.0,6373800,0,,,,,,False,NO CHANGE
Q91WE2,Fam192a,105860000.0,74303000.0,106680000,5358000,1.0077460797279425,0.0721101436012005,0.011132170916050692,-3.7936539747771034,-1.8912609019305264,True,DOWN
Q8VCX1,Akr1d1,623880000.0,272890000.0,609930000,841800000,0.9776399307559146,3.084759426875298,-0.03262488304592913,1.625157981372309,0.79626654916319,True,UP
O70423,Aoc3,83531000.0,89149000.0,300330000,99532000,3.595431636159031,1.1164679357031486,1.846164978443566,0.15894181840954338,1.0025533984265547,True,UP
O08529,Capn2,6545700.0,53725000.0,0,31105000,,,,,,False,NO CHANGE
O08539,Bin1,18505000.0,23667000.0,29290000,26713000,1.5828154552823561,1.1287024126420755,0.6624930575791463,0.17466516334951596,0.41857911046433116,True,NO CHANGE
O08912,Galnt1,141080000.0,83675000.0,244550000,252480000,1.7334136660051034,3.017388706304153,0.7936159837989002,1.5933005594395666,1.1934582716192335,True,UP
O35098,Dpysl4,34202000.0,72120000.0,96712000,0,,,,,,False,NO CHANGE
O70139,Pkig,4426800.0,0.0,3490400,0,,,,,,False,NO CHANGE
O70274;Q63739,Ptp4a2;Ptp4a1,3805500.0,6640700.0,9018700,16837000,2.369911969517803,2.535425482253377,1.244833471149351,1.3422278733146897,1.2935306722320203,True,UP
O88653,Lamtor3,84796000.0,4593300.0,0,66903000,,,,,,False,NO CHANGE
O88712;P56546,Ctbp1;Ctbp2,16794000.0,0.0,11544000,0,,,,,,False,NO CHANGE
O88803,Lect2,11052000.0,0.0,0,2568400,,,,,,False,NO CHANGE
P09535,Igf2,7790300.0,0.0,5310600,5858700,,,,,,False,NO CHANGE
P24547,Impdh2,21261000.0,0.0,31052000,37666000,,,,,,False,NO CHANGE
P47963,Rpl13,3030900.0,0.0,4105100,0,,,,,,False,NO CHANGE
P51807,Dynlt1,7905100.0,0.0,8805600,7552000,,,,,,False,NO CHANGE
P53690,Mmp14,0.0,27329000.0,13442000,52304000,,,,,,False,NO CHANGE
P55002,Mfap2,44002000.0,20870000.0,41497000,105280000,0.9430707695104767,5.044561571633924,-0.08456205782486194,2.3347288885754063,1.1250834153752722,True,UP
P55937,Golga3,5696000.0,18883000.0,0,0,,,,,,False,NO CHANGE
P56873,Sssca1,32750000.0,19718000.0,161870000,0,,,,,,False,NO CHANGE
P57716,Ncstn,11932000.0,16848000.0,6664100,8659300,0.558506537043245,0.5139660493827161,-0.8403539280468489,-0.9602550311975531,-0.9003044796222011,True,DOWN
P57746,Atp6v1d,19766000.0,0.0,15095000,20688000,,,,,,False,NO CHANGE
P62322,Lsm5,11525000.0,0.0,0,2530600,,,,,,False,NO CHANGE
P70186,Epyc,62983000.0,0.0,0,36717000,,,,,,False,NO CHANGE
P70671,Irf3,22933000.0,15247000.0,15810000,0,,,,,,False,NO CHANGE
P97310,Mcm2,9281800.0,0.0,26663000,0,,,,,,False,NO CHANGE
P97434,Mprip,11735000.0,6181000.0,0,4192800,,,,,,False,NO CHANGE
Q00724,Rbp4,7495800.0,0.0,12842000,5373500,,,,,,False,NO CHANGE
Q08943,Ssrp1,7977800.0,0.0,0,9139300,,,,,,False,NO CHANGE
Q3V1L4,Nt5c2,125350000.0,0.0,41982000,0,,,,,,False,NO CHANGE
Q4QY64,Atad5,112040000.0,175700000.0,83600000,33019000,0.7461620849696537,0.18792828685258964,-0.4224390411062612,-2.4117458581959,-1.4170924496510806,True,DOWN
Q5U5V2,Hykk,14596000.0,58071000.0,0,24545000,,,,,,False,NO CHANGE
Q60866,Pter,30424000.0,0.0,0,0,,,,,,False,NO CHANGE
Q61753,Phgdh,2838000.0,1219100.0,3143500,9622700,1.107646229739253,7.893281929292101,0.14749717371790727,2.9806252797871844,1.5640612267525458,True,UP
Q63810,Ppp3r1,11331000.0,0.0,2987200,9697100,,,,,,False,NO CHANGE
Q64327,Mea1,25559000.0,12158000.0,0,23925000,,,,,,False,NO CHANGE
Q6P9R2,Oxsr1,29687000.0,41807000.0,30639000,48196000,1.0320679085121434,1.152821297868778,0.04553790104261246,0.2051688940307787,0.12535339753669558,True,NO CHANGE
Q6PEB6,Mob4,34497000.0,34594000.0,117020000,170440000,3.392179030060585,4.926865930508181,1.7622123134638017,2.300670213679193,2.0314412635714976,True,UP
Q78JE5,Fbxo22,5726800.0,10465000.0,0,8539200,,,,,,False,NO CHANGE
Q80VJ2,Sra1,12617000.0,0.0,21442000,0,,,,,,False,NO CHANGE
Q80WB5,Wdyhv1,57675000.0,24074000.0,22569000,22138000,0.3913133940182055,0.9195812910193569,-1.3536036027091376,-0.12095098031904992,-0.7372772915140937,True,DOWN
Q8BG73,Sh3bgrl2,33887000.0,2756700.0,10982000,38810000,0.32407707970608196,14.078427104871768,-1.6255911049741956,3.815414254518903,1.0949115747723537,True,UP
Q8BG94,Commd7,14814000.0,7873000.0,6145800,13136000,0.41486431753746456,1.668487234853296,-1.2692885184816858,0.7385406488910476,-0.26537393479531907,True,NO CHANGE
Q8BHL8,Psmf1,14218000.0,0.0,6974200,0,,,,,,False,NO CHANGE
Q8BRH0,Tmtc3,210490000.0,142290000.0,43638000,117170000,0.20731626205520454,0.8234591327570455,-2.270094807835997,-0.2802310423027642,-1.2751629250693806,True,DOWN
Q8BWP8,B4gat1,57708000.0,67670000.0,52373000,140970000,0.9075518125736466,2.0831978720260085,-0.13994808526738672,1.0587998799127045,0.4594258973226589,True,NO CHANGE
Q8C351,Layn,14887000.0,0.0,12290000,20975000,,,,,,False,NO CHANGE
Q8CDG1,Piwil2,1805000.0,0.0,13991000,0,,,,,,False,NO CHANGE
Q8CFI0,Nedd4l,34943000.0,17661000.0,16165000,0,,,,,,False,NO CHANGE
Q8CI32,Bag5,15881000.0,0.0,0,28352000,,,,,,False,NO CHANGE
Q8K0C9,Gmds,43597000.0,39032000.0,31254000,40669000,0.7168841892790788,1.0419399467103916,-0.4801880206570515,0.05927212878742746,-0.21045794593481204,True,NO CHANGE
Q8K2I1,Fntb,53997000.0,0.0,46638000,34757000,,,,,,False,NO CHANGE
Q8K2Q5,Chchd7,6491300.0,0.0,5951700,7602400,,,,,,False,NO CHANGE
Q8QZY9,Sf3b4,1650900.0,31670000.0,0,12655000,,,,,,False,NO CHANGE
Q8R1B4,Eif3c,10243000.0,72191000.0,0,63369000,,,,,,False,NO CHANGE
Q8R526,Pkd1l1,68007000.0,42775000.0,64080000,77281000,0.942255944241034,1.8066861484511982,-0.08580910369763867,0.8533459077523045,0.38376840202733287,True,NO CHANGE
Q8VC60,Glb1l,9570200.0,4380300.0,0,4266100,,,,,,False,NO CHANGE
Q8VE70,Pdcd10,23786000.0,0.0,18354000,16726000,,,,,,False,NO CHANGE
Q8VHC3,Selm,15284000.0,0.0,13230000,0,,,,,,False,NO CHANGE
Q8VHN8,Nudt16l1,5505300.0,0.0,83098000,30041000,,,,,,False,NO CHANGE
Q8VI64,Mgarp,46798000.0,0.0,72228000,39206000,,,,,,False,NO CHANGE
Q91W39,Ncoa5,4159400.0,3033900.0,3766200,14307000,0.905467134682887,4.715712449322654,-0.14326581758878176,2.2374757495763533,1.0471049659937859,True,UP
Q91WG0,Ces2c,75365000.0,52101000.0,99228000,0,,,,,,False,NO CHANGE
Q91WU5,As3mt,16800000.0,0.0,50298000,0,,,,,,False,NO CHANGE
Q91WV0,Dr1,22547000.0,15634000.0,7049800,0,,,,,,False,NO CHANGE
Q91ZI0,Celsr3,128990000.0,0.0,133770000,48836000,,,,,,False,NO CHANGE
Q924T3,Xrcc4,11991000.0,0.0,51326000,0,,,,,,False,NO CHANGE
Q9CQ10,Chmp3,31838000.0,50996000.0,89345000,56231000,2.8062378290093597,1.102655110204722,1.488637282725618,0.14098161359059555,0.8148094481581067,True,UP
Q9CQ13,Coprs,22815000.0,0.0,33364000,12980000,,,,,,False,NO CHANGE
Q9CR57,Rpl14,4020800.0,2352700.0,1718400,14791000,0.42737763629128533,6.2868193989883965,-1.2264166778952428,2.6523303195143013,0.7129568208095293,True,UP
Q9CX86,Hnrnpa0,317990000.0,7651500.0,712140000,643300000,2.2395043869304065,84.07501797033261,1.1631794922693164,6.393605277003264,3.77839238463629,True,UP
Q9CYD3,Crtap,19986000.0,29163000.0,25513000,42066000,1.2765435805063545,1.4424441929842609,0.35224279141299364,0.5285155032296376,0.4403791473213156,True,NO CHANGE
Q9D211,Cdkn2aipnl,1712700.0,3182500.0,7562400,0,,,,,,False,NO CHANGE
Q9D2Q8,S100a14,4529300.0,0.0,0,13932000,,,,,,False,NO CHANGE
Q9D7I0,Shisa5,2932100.0,8236900.0,0,64159000,,,,,,False,NO CHANGE
Q9D832,Dnajb4,3804900.0,0.0,0,17021000,,,,,,False,NO CHANGE
Q9D880,Timm50,14526000.0,11053000.0,8929400,788890000,0.614718435908027,71.37338279200218,-0.7020023415654734,6.157314246544756,2.7276559524896413,True,UP
Q9D8Z2,Triap1,2913800.0,9619300.0,19368000,0,,,,,,False,NO CHANGE
Q9DAI2,Ift22,11954000.0,23547000.0,37325000,59368000,3.1223858122804082,2.5212553616171913,1.6426488124836607,1.3341422468284434,1.488395529656052,True,UP
Q9DCL9,Paics,0.0,7661000.0,0,6813200,,,,,,False,NO CHANGE
Q9DCM0,Ethe1,7229000.0,0.0,18990000,29801000,,,,,,False,NO CHANGE
Q9DCM2,Gstk1,11429000.0,0.0,23594000,0,,,,,,False,NO CHANGE
Q9ES97,Rtn3,32623000.0,21538000.0,16538000,0,,,,,,False,NO CHANGE
Q9JIY5,Htra2,20289000.0,0.0,42880000,0,,,,,,False,NO CHANGE
Q9JLV6,Pnkp,8381900.0,0.0,33249000,14446000,,,,,,False,NO CHANGE
Q9QZA0,Ca5b,30187000.0,23749000.0,0,10535000,,,,,,False,NO CHANGE
Q9QZB9,Dctn5,6198000.0,0.0,8802800,0,,,,,,False,NO CHANGE
Q9WV98,Timm9,4429700.0,2091700.0,15478000,4547000,3.494141815472831,2.1738298991251135,1.8049381635859194,1.1202390547673637,1.4625886091766416,True,UP
Q9Z0M5,Lipa,25556000.0,0.0,64804000,0,,,,,,False,NO CHANGE
Q9Z0Y1,Dctn3,26425000.0,32155000.0,96897000,48627000,3.666868495742668,1.5122686984916809,1.8745485278598255,0.5967144990436145,1.23563151345172,True,UP
Q9Z255,Ube2a,34703000.0,26782000.0,38730000,0,,,,,,False,NO CHANGE
Q9CR75,Tnfrsf12a,7975700.0,0.0,6252700,0,,,,,,False,NO CHANGE
P12850,Cxcl1,15777000.0,11455000.0,52246000,337360000,3.311529441592191,29.450894805761678,1.727497684759953,4.880239562974459,3.303868623867206,True,UP
Q91YQ5,Rpn1,106870000.0,6820100.0,3852700,10787000,0.03605034153644615,1.5816483629272298,-4.793843262330732,0.6614288909297101,-2.066207185700511,True,DOWN
P17125,Tgfb3,26257000.0,9599600.0,54831000,56247000,2.0882431351639563,5.859306637776574,1.0622896953725283,2.550729953141568,1.806509824257048,True,UP
Q8K007,Sulf1,7505000.0,0.0,48670000,0,,,,,,False,NO CHANGE
Q8BR92,Palm2,33026000.0,7841500.0,0,5366400,,,,,,False,NO CHANGE
Q64314,Cd34,37632000.0,0.0,15000000,0,,,,,,False,NO CHANGE
Q9JMD0,Znf207,12688000.0,7918900.0,0,19549000,,,,,,False,NO CHANGE
Q3UD01,Atxn7l3b,17677000.0,4094600.0,13769000,11410000,0.7789217627425468,2.7865969813901237,-0.3604496679762568,1.4785043641233042,0.5590273480735237,True,NO CHANGE
Q9CXF4,Tbc1d15,11512000.0,1954900.0,9134500,6770100,0.7934763724808895,3.46314389482838,-0.33374083063239557,1.7920823332591966,0.7291707513134005,True,UP
Q8BGL1,Ppm1n,711940000.0,85293000.0,391260000,10181000,0.5495687838862825,0.1193650123691276,-0.8636280350753451,-3.066548071337633,-1.9650880532064892,True,DOWN
Q9CRT8,Xpot,31040000.0,18240000.0,95988000,10872000,3.0923969072164947,0.5960526315789474,1.6287255001566476,-0.7464883682847127,0.4411185659359675,True,NO CHANGE
Q9CT10,Ranbp3,64412000.0,4219400.0,58422000,29467000,0.9070049059181519,6.983694364127601,-0.14081774068852912,2.803990421939007,1.331586340625239,True,UP
Q8K5B2,Mcfd2,63942000.0,8863200.0,4270400,35173000,0.0667855243814707,3.96843126635978,-3.9043207542336757,1.9885688180709415,-0.9578759680813671,True,DOWN
Q9DCL8,Ppp1r2,32299000.0,0.0,0,21448000,,,,,,False,NO CHANGE
Q9DB50,Ap1s2,17173000.0,12806000.0,0,7413000,,,,,,False,NO CHANGE
P47955,Rplp1,108810000.0,11121000.0,0,49758000,,,,,,False,NO CHANGE
P05977;P09542,Myl1;Myl3,190790000.0,98473000.0,108670000,251310000,0.569579118402432,2.5520701105886894,-0.8120318389086798,1.3516679634324176,0.2698180622618689,True,NO CHANGE
Q9QY93,Dctpp1,34266000.0,23438000.0,19592000,35636000,0.5717620965388431,1.52043689734619,-0.8065131114135256,0.6044859414756728,-0.10101358496892637,True,NO CHANGE
P56394,Cox17,58793000.0,17099000.0,88969000,0,,,,,,False,NO CHANGE
Q3U1U7,Ahrr,1538900000.0,1281000000.0,1201300000,1168500000,0.7806225225810643,0.9121779859484778,-0.3573030067617191,-0.13261274155882116,-0.24495787416027015,True,NO CHANGE
P31240,Pdgfb,22787000.0,124120000.0,43439000,67844000,1.9063062272348268,0.5466000644537544,0.9307798910351598,-0.871442464907131,0.029668713064014418,True,NO CHANGE
Q03366,Ccl7,27796000.0,96828000.0,47992000,166620000,1.726579363937257,1.7207832445160491,0.7879166506275345,0.7830653822380401,0.7854910164327873,True,UP
P28862,Mmp3,30876000.0,3757900000.0,0,4575600000,,,,,,False,NO CHANGE
P55292,Dsc2,4063900.0,18924000.0,7088800,29085000,1.7443342601934102,1.5369372225745086,0.8026765248143581,0.6200582382036446,0.7113673815090014,True,UP
P97857,Adamts1,7026400.0,204450000.0,22938000,351320000,3.2645451440282365,1.7183663487405234,1.7068819920262817,0.7810376460031576,1.2439598190147196,True,UP
Q9DD06,Rarres2,12266000.0,217250000.0,21464000,148550000,1.749877710745149,0.6837744533947065,0.8072541036198299,-0.5484075718663481,0.12942326587674086,True,NO CHANGE
P97821,Ctsc,18979000.0,688710000.0,12749000,800300000,0.6717424521839929,1.1620275587692934,-0.5740198889323587,0.2166442842573521,-0.17868780233750328,True,NO CHANGE
Q61789,Lama3,0.0,1933300000.0,0,792070000,,,,,,False,NO CHANGE
O88452,Stc2,19835000.0,261770000.0,2065600,194640000,0.10413914797075877,0.743553501165145,-3.2634155866128145,-0.42749154213397367,-1.845453564373394,True,DOWN
O35664,Ifnar2,394630000.0,479350000.0,0,419810000,,,,,,False,NO CHANGE
Q9R098,Hgfac,32854000.0,1008900000.0,0,1408900000,,,,,,False,NO CHANGE
Q9R001,Adamts5,5448900.0,392800000.0,0,100970000,,,,,,False,NO CHANGE
Q8BNJ2,Adamts4,0.0,109940000.0,27869000,289910000,,,,,,False,NO CHANGE
Q925I7,Pdgfd,84677000.0,124250000.0,138920000,59133000,1.6405871724317111,0.4759195171026157,0.7142122533465275,-1.0712104753337042,-0.17849911099358834,True,NO CHANGE
Q61805,Lbp,45135000.0,1222900000.0,37377000,743520000,0.8281156530408774,0.607997383269278,-0.2720958290747479,-0.7178629803510013,-0.4949794047128746,True,NO CHANGE
O89023,Tpp1,53717000.0,568660000.0,92055000,538430000,1.713703296907869,0.946839939506911,0.7771173491627653,-0.07880753191446782,0.3491549086241488,True,NO CHANGE
P52793,Efna1,29711000.0,301150000.0,26376000,435280000,0.8877520110396823,1.4453926614643866,-0.17177137147587698,0.5314614745894956,0.1798450515568093,True,NO CHANGE
Q3UZZ4,Olfm4,13573000.0,5879300000.0,19425000,8213000000,1.4311500773594636,1.396935009269811,0.5171749680180382,0.48226490264774,0.4997199353328891,True,NO CHANGE
O89093,Ccl20,21703000.0,154310000.0,47905000,52410000,2.207298530157121,0.3396409824379496,1.1422817627626682,-1.557917544145083,-0.20781789069120737,True,NO CHANGE
Q9Z126,Pf4,5336100.0,51434000.0,1784000,66104000,0.33432656809280187,1.2852198934556909,-1.580670088024448,0.3620152170515536,-0.6093274354864472,True,DOWN
Q9Z0F8,Adam17,18871000.0,14241000.0,56850000,30019000,3.0125589528906787,2.1079278140580016,1.5909894737777326,1.0758254627608494,1.3334074682692911,True,UP
Q9WVJ9,Efemp2,67948000.0,246770000.0,384780000,632100000,5.662859833990699,2.5614945090570167,2.5015308209593257,1.356985799165226,1.9292583100622758,True,UP
P97464,Ext1,158710000.0,223870000.0,42493000,117400000,0.2677399029676769,0.5244114888104704,-1.9010959259365992,-0.9312288024086844,-1.4161623641726417,True,DOWN
Q9WVB4,Slit3,38392000.0,255600000.0,0,76180000,,,,,,False,NO CHANGE
P50228,Cxcl5,6494600.0,699340000.0,8919200,1405500000,1.3733255319804145,2.009752051934681,0.45767364129524835,1.00701752353887,0.7323455824170593,True,UP
P97333,Nrp1,13039000.0,79587000.0,0,150730000,,,,,,False,NO CHANGE
P56677,St14,5661000.0,1055500000.0,0,848760000,,,,,,False,NO CHANGE
P97430,Slpi,3017700.0,629510000.0,0,186730000,,,,,,False,NO CHANGE
Q62393,Tpd52,18717000.0,75354000.0,29891000,23114000,1.5969973820590906,0.3067388592510019,0.6753619477563697,-1.7049171487015713,-0.5147776004726008,True,NO CHANGE
Q9R0M4,Podxl,1267400.0,25974000.0,508730,6793500,0.40139655988638157,0.26155001155001156,-1.3168998425518668,-1.9348412611622425,-1.6258705518570546,True,DOWN
P18828,Sdc1,46523000.0,308850000.0,79638000,145950000,1.7117984652752403,0.4725594949004371,0.7755128592957838,-1.0814321198511427,-0.15295963027767945,True,NO CHANGE
P10404,,19939000.0,1725000000.0,0,871840000,,,,,,False,NO CHANGE
P15379,Cd44,16406000.0,954620000.0,8564500,1543100000,0.5220346214799464,1.616454714965117,-0.9377826049866473,0.6928330908785423,-0.12247475705405253,True,NO CHANGE
P09803,Cdh1,3347600.0,4335000000.0,0,3277000000,,,,,,False,NO CHANGE
P04925,Prnp,42200000.0,119380000.0,46239000,139020000,1.0957109004739336,1.164516669458871,0.13186719841648617,0.21973129113617484,0.17579924477633052,True,NO CHANGE
Q922J3;Q9Z0H8,Clip1;Clip2,175420000.0,802800000.0,0,639690000,,,,,,False,NO CHANGE
Q9JME7,Trappc2l,6190900.0,38573000.0,16037000,3687500,2.5904149638986254,0.09559795712026548,1.3731832247092566,-3.3868764008987484,-1.006846588094746,True,DOWN
Q64695,Procr,99454000.0,196350000.0,72100000,117340000,0.7249582721660265,0.597606315253374,-0.4640301373758553,-0.7427327008823944,-0.6033814191291249,True,DOWN
P13597,Icam1,69842000.0,391540000.0,41056000,442630000,0.5878411271154892,1.1304847525157071,-0.7665017971265512,0.17694153378044522,-0.294780131673053,True,NO CHANGE
P52800,Efnb2,58924000.0,185670000.0,54282000,161910000,0.921220555291562,0.8720310227823558,-0.11838149239061348,-0.1975486346350025,-0.15796506351280798,True,NO CHANGE
Q6PDJ1,Cachd1,6815300.0,115460000.0,4670300,45812000,0.6852669728405206,0.3967781049714187,-0.5452619384111367,-1.3335956778336413,-0.9394288081223889,True,DOWN
P10810,Cd14,11003000.0,5320200000.0,14808000,2485200000,1.345814777787876,0.4671252960415022,0.4284798679315054,-1.0981185219704583,-0.3348193270194765,True,NO CHANGE
P51885,Lum,21871000.0,2287300000.0,0,663200000,,,,,,False,NO CHANGE
Q8BLX7,Col16a1,15593000.0,75553000.0,609770000,856960000,39.10536779324055,11.342501290484826,5.2892947473603655,3.503666918717607,4.396480833038986,True,UP
Q62470,Itga3,8590900.0,25657000.0,5609100,97544000,0.652911802023071,3.8018474490392484,-0.6150399750571278,1.9267006443141876,0.6558303346285299,True,UP
Q80X19,Col14a1,3605500.0,103300000.0,0,26247000,,,,,,False,NO CHANGE
Q9JI48,Plac8,20470000.0,93639000.0,3850500,234690000,0.18810454323400097,2.5063274917502323,-2.4103934006141987,1.3255749381452968,-0.542409231234451,True,NO CHANGE
Q9Z0T9,Itgb6,28662000.0,80960000.0,13941000,130340000,0.4863931337659619,1.6099308300395256,-1.0398052319605409,0.6869987049220876,-0.17640326351922664,True,NO CHANGE
Q60870,Reep5,6713000.0,36013000.0,0,28914000,,,,,,False,NO CHANGE
Q921V5,Mgat2,46681000.0,99796000.0,225920000,146430000,4.839656391251259,1.4672932782877068,2.27490462183144,0.5531572614975674,1.4140309416645036,True,UP
O35127,Grcc10,4099400.0,10391000.0,12503000,21904000,3.049958530516661,2.1079780579347513,1.6087896268641497,1.0758598499573508,1.3423247384107504,True,UP
Q3TW96,Uap1l1,0.0,102030000.0,186690000,155280000,,,,,,False,NO CHANGE
O08759,Ube3a,17743000.0,113180000.0,199030000,206820000,11.217381502564391,1.8273546562996996,3.4876640387353026,0.8697566620056582,2.1787103503704803,True,UP
P81117,Nucb2,53778000.0,334730000.0,116690000,585500000,2.1698464055933653,1.74917097362053,1.1175929238995754,0.8066713131240468,0.9621321185118111,True,UP
Q8CCH2,Nhlrc3,49682000.0,48060000.0,29165000,40868000,0.5870335332716075,0.8503537245110279,-0.7684851777481784,-0.23386500605570384,-0.5011750919019411,True,NO CHANGE
O08573,Lgals9,36968000.0,23519000.0,13796000,19999000,0.37318762172689895,0.8503337726944172,-1.4220269607056808,-0.23389885635086918,-0.827962908528275,True,DOWN
Q9JHH9,Copz2,19317000.0,52371000.0,9984800,32684000,0.5168918569135994,0.6240858490385901,-0.9520656205640836,-0.6801835955062612,-0.8161246080351724,True,DOWN
Q9D7E3,Ovca2,17437000.0,44998000.0,26472000,41195000,1.5181510580948558,0.9154851326725633,0.6023153480140981,-0.12739163780382975,0.23746185510513418,True,NO CHANGE
P47713,Pla2g4a,20115000.0,89162000.0,46671000,48111000,2.32020879940343,0.539590857091586,1.2142546416930187,-0.89006219163524,0.16209622502888932,True,NO CHANGE
P35293,Rab18,71241000.0,182520000.0,19604000,18389000,0.27517861905363483,0.10075060267367959,-1.8615597156308166,-3.311139626141779,-2.586349670886298,True,DOWN
Q8CAQ8,Immt,4614300.0,5545400.0,9636700,8070200,2.088442450642568,1.45529628160277,1.0624273889799958,0.5413128991711715,0.8018701440755837,True,UP
Q3U4G3,Xxylt1,15394000.0,39880000.0,36599000,35801000,2.3774847343120697,0.8977181544633902,1.2494360776566151,-0.1556655240652393,0.5468852767956879,True,NO CHANGE
Q62266,Sprr1a,40725000.0,219670000.0,11804000,124380000,0.2898465316144874,0.5662129557973323,-1.7866388728682352,-0.8205833342506991,-1.303611103559467,True,DOWN
P63254,Crip1,6552400.0,56565000.0,5235900,29659000,0.7990812526707771,0.5243348360293467,-0.32358588727200077,-0.9314396953286883,-0.6275127913003445,True,DOWN
Q9Z0U1,Tjp2,14511000.0,301380000.0,13139000,54250000,0.9054510371442354,0.1800053089123366,-0.1432914662785405,-2.4738886381737815,-1.3085900522261609,True,DOWN
Q9CQQ8,Lsm7,21340000.0,21129000.0,28531000,19930000,1.3369728209934395,0.9432533484783946,0.4189701375206194,-0.08428277838407411,0.16734367956827265,True,NO CHANGE
Q9R111,Gda,27821000.0,105110000.0,110580000,202520000,3.974695373998059,1.926743411663971,1.990844294544626,0.9461644577947284,1.4685043761696772,True,UP
P26369,U2af2,18916000.0,57458000.0,15640000,50158000,0.8268132797631634,0.8729506770162554,-0.2743665342630898,-0.19602795309940335,-0.2351972436812466,True,NO CHANGE
Q8VE47,Uba5,40994000.0,30951000.0,9208100,15514000,0.22462067619651657,0.5012439016509967,-2.1544373618360897,-0.9964153156617194,-1.5754263387489045,True,DOWN
Q9JLJ2,Aldh9a1,0.0,81279000.0,0,98217000,,,,,,False,NO CHANGE
Q921F2,Tardbp,12896000.0,45836000.0,66568000,27686000,5.161910669975186,0.6040230386595689,2.3679051749268587,-0.7273245169826654,0.8202903289720966,True,UP
P61961,Ufm1,25373000.0,15425000.0,15114000,0,,,,,,False,NO CHANGE
Q9D3R6;Q3UMC0,Katnal2;Spata5,2225800000.0,233420000.0,1677200000,2020200000,0.7535268218168748,8.654785365435695,-0.4082692293635368,3.1134980418841023,1.3526144062602827,True,UP
Q91ZF0,Dnajc24,24327000.0,44933000.0,0,16869000,,,,,,False,NO CHANGE
Q9CPP0,Npm3,0.0,40432000.0,0,0,,,,,,False,NO CHANGE
Q61768,Kif5b,3654300.0,44146000.0,53743000,0,,,,,,False,NO CHANGE
Q9D0J8,Ptms,245510000.0,161770000.0,128610000,168420000,0.5238483157508859,1.0411077455646907,-0.9327789659365802,0.0581193827084456,-0.43732979161406726,True,NO CHANGE
Q9D8U8,Snx5,28002000.0,191900000.0,0,111760000,,,,,,False,NO CHANGE
Q91WK5,Gcsh,130280000.0,42087000.0,32111000,114470000,0.24647681915873504,2.7198422315679425,-2.020476125595812,1.4435229682638917,-0.2884765786659601,True,NO CHANGE
Q9D8C4,Ifi35,15799000.0,55842000.0,0,16171000,,,,,,False,NO CHANGE
P62855,Rps26,22497000.0,61123000.0,0,67706000,,,,,,False,NO CHANGE
Q6P8J2,Sat2,21947000.0,18042000.0,5731100,9350200,0.2611336401330478,0.5182463141558585,-1.9371397723307096,-0.9482901441758733,-1.4427149582532914,True,DOWN
P97352,S100a13,8077600.0,12720000.0,22566000,11821000,2.7936515796771317,0.9293238993710692,1.4821521010564538,-0.10574658485160957,0.6882027581024222,True,UP
P29595,Nedd8,10072000.0,68440000.0,204040000,144380000,20.258141382049246,2.10958503798948,4.3404299125652885,1.0769592441882025,2.7086945783767455,True,UP
Q9JJ59,Abcb9,1085700000.0,2167300000.0,1476500000,2376400000,1.3599521046329557,1.096479490610437,0.4435558429276216,0.1328788269943261,0.28821733496097385,True,NO CHANGE
Q8VDJ3,Hdlbp,870010000.0,889470000.0,789950000,857590000,0.9079780692175952,0.9641584314254557,-0.13927064298033015,-0.05265786393884418,-0.09596425345958717,True,NO CHANGE
Q8VEE0,Rpe,29857000.0,41402000.0,0,68774000,,,,,,False,NO CHANGE
Q9ERG0,Lima1,4155000.0,8119600.0,0,8173600,,,,,,False,NO CHANGE
Q8CGF7,Tcerg1,3940700.0,8202000.0,4601400,7235600,1.1676605679194052,0.8821750792489637,0.22362095217296682,-0.18086308887998537,0.021378931646490726,True,NO CHANGE
Q9D0E1,Hnrnpm,9566900.0,46536000.0,294970000,12002000,30.832349036783075,0.25790785628330753,4.946372903716723,-1.9550723743064289,1.495650264705147,True,UP
Q91UZ5,Impa2,17731000.0,45683000.0,14013000,16842000,0.7903107551745531,0.36867105925617843,-0.33950805324875566,-1.4395939258284118,-0.8895509895385838,True,DOWN
P28076,Psmb9,19460000.0,63465000.0,35530000,71608000,1.8257965056526209,1.1283069408335302,0.8685259785501107,0.17415958704611254,0.5213427827981116,True,NO CHANGE
Q6ZPG2,Wdr90,46139000.0,138580000.0,129220000,0,,,,,,False,NO CHANGE
P97363,Sptlc2,432810000.0,1092300000.0,678310000,1396500000,1.5672234929876852,1.2784949189783026,0.6482109291619831,0.35444642700164103,0.501328678081812,True,NO CHANGE
O54774,Ap3d1,0.0,15581000.0,10375000,125510000,,,,,,False,NO CHANGE
O70475,Ugdh,0.0,2704200.0,1609800,17253000,,,,,,False,NO CHANGE
P00796;P06281,Ren2;Ren1,0.0,34209000.0,0,68667000,,,,,,False,NO CHANGE
P25119,Tnfrsf1b,0.0,27769000.0,0,26906000,,,,,,False,NO CHANGE
P55271,Cdkn2b,0.0,3751300.0,2156000,2914900,,,,,,False,NO CHANGE
P62918,Rpl8,0.0,7472400.0,14632000,9569200,,,,,,False,NO CHANGE
Q64374,Rgn,0.0,12325000.0,0,14995000,,,,,,False,NO CHANGE
Q69ZN7,Myof,0.0,6068900.0,0,22707000,,,,,,False,NO CHANGE
Q6Y685,Tacc1,0.0,10407000.0,0,9339400,,,,,,False,NO CHANGE
Q8BIW1,Prune,0.0,0.0,37090000,0,,,,,,False,NO CHANGE
Q8BJU0,Sgta,0.0,65649000.0,36039000,20739000,,,,,,False,NO CHANGE
Q8BTW3,Exosc6,0.0,16421000.0,0,16121000,,,,,,False,NO CHANGE
Q8BXC6,Commd2,0.0,0.0,7140100,0,,,,,,False,NO CHANGE
Q8K4Q8,Colec12,0.0,15340000.0,2906600,110690000,,,,,,False,NO CHANGE
Q8QZZ7,Tprkb,0.0,7613900.0,43865000,0,,,,,,False,NO CHANGE
Q8VBV3,Exosc2,0.0,13978000.0,0,12405000,,,,,,False,NO CHANGE
Q91VJ2,Prkcdbp,0.0,23777000.0,0,38019000,,,,,,False,NO CHANGE
Q9CXA2,L3hypdh,0.0,12919000.0,0,35077000,,,,,,False,NO CHANGE
Q9D0F3,Lman1,0.0,23449000.0,0,38048000,,,,,,False,NO CHANGE
Q9D0L7,Armc10,0.0,18275000.0,23887000,54074000,,,,,,False,NO CHANGE
Q9DCS2,,0.0,2443700.0,0,14838000,,,,,,False,NO CHANGE
Q9JHP7,Kdelc1,0.0,20847000.0,22390000,0,,,,,,False,NO CHANGE
Q9JJN1,Fgf21,0.0,8116000.0,0,10788000,,,,,,False,NO CHANGE
Q9JLQ0,Cd2ap,0.0,3635200.0,6903600,4382600,,,,,,False,NO CHANGE
Q9JLZ6,Hic2,0.0,82006000.0,0,731060000,,,,,,False,NO CHANGE
Q9QZJ6,Mfap5,0.0,23651000.0,0,74842000,,,,,,False,NO CHANGE
Q9QZM0,Ubqln2,0.0,32660000.0,0,18115000,,,,,,False,NO CHANGE
Q9R062,Gyg1,0.0,18494000.0,1458800,416700000,,,,,,False,NO CHANGE
Q9R069,Bcam,0.0,60538000.0,0,53187000,,,,,,False,NO CHANGE
Q9R1C7,Prpf40a,0.0,3072200.0,0,14038000,,,,,,False,NO CHANGE
Q9WVH9,Fbln5,0.0,34360000.0,85676000,73207000,,,,,,False,NO CHANGE
Q9Z1K5,Arih1,0.0,13787000.0,0,9208400,,,,,,False,NO CHANGE
Q62000,Ogn,0.0,194390000.0,32095000,664210000,,,,,,False,NO CHANGE
Q925S4,Il24,0.0,63889000.0,0,147830000,,,,,,False,NO CHANGE
P41245,Mmp9,0.0,414970000.0,0,954620000,,,,,,False,NO CHANGE
P14719,Il1rl1,0.0,424920000.0,0,25071000,,,,,,False,NO CHANGE
Q9QUN9,Dkk3,0.0,747930000.0,0,480670000,,,,,,False,NO CHANGE
Q61955,Klk8,0.0,105990000.0,7659800,99633000,,,,,,False,NO CHANGE
Q62009,Postn,0.0,3521400000.0,0,535610000,,,,,,False,NO CHANGE
Q811B3,Adamts12,0.0,8734900.0,2060600,10948000,,,,,,False,NO CHANGE
Q6W5C0,Cxcl3,0.0,29479000.0,0,70006000,,,,,,False,NO CHANGE
Q91YK8,Lypd3,0.0,72492000.0,0,82687000,,,,,,False,NO CHANGE
A2AVA0,Svep1,0.0,106690000.0,0,108280000,,,,,,False,NO CHANGE
Q01279,Egfr,0.0,822470000.0,12804000,1015500000,,,,,,False,NO CHANGE
Q9DAU7,Wfdc2,0.0,2556800000.0,40506000,3458000000,,,,,,False,NO CHANGE
P58686,,0.0,157910000.0,0,144400000,,,,,,False,NO CHANGE
O88839,Adam15,0.0,21103000.0,0,42058000,,,,,,False,NO CHANGE
Q61362,Chi3l1,0.0,187840000.0,0,69524000,,,,,,False,NO CHANGE
Q9D6X6,Prss23,0.0,77781000.0,48682000,46677000,,,,,,False,NO CHANGE
P05017,Igf1,0.0,20263000.0,0,10514000,,,,,,False,NO CHANGE
Q61330,Cntn2,0.0,1940600000.0,0,1918700000,,,,,,False,NO CHANGE
Q03350,Thbs2,0.0,399750000.0,0,824460000,,,,,,False,NO CHANGE
Q8K209,Gpr56,0.0,451730000.0,0,335950000,,,,,,False,NO CHANGE
Q9D256,Spink12,0.0,30357000.0,0,20287000,,,,,,False,NO CHANGE
Q8R366,Igsf8,0.0,375430000.0,0,590000000,,,,,,False,NO CHANGE
O88338,Cdh16,0.0,42022000.0,0,177820000,,,,,,False,NO CHANGE
P21765,Gpx5,0.0,1105300000.0,0,1808400000,,,,,,False,NO CHANGE
Q922P8,Tmem132a,0.0,83576000.0,43151000,43517000,,,,,,False,NO CHANGE
Q64253,Ly6e,0.0,11376000.0,0,21758000,,,,,,False,NO CHANGE
P16056,Met,0.0,1082900000.0,2793200,1104400000,,,,,,False,NO CHANGE
O35902,Dsg3,0.0,114210000.0,0,87453000,,,,,,False,NO CHANGE
P70412,Cuzd1,0.0,988930000.0,0,747220000,,,,,,False,NO CHANGE
Q66K08,Cilp,0.0,1450300000.0,0,124710000,,,,,,False,NO CHANGE
O35054,Cldn4,0.0,33480000.0,0,24215000,,,,,,False,NO CHANGE
Q10738,Mmp7,0.0,986160000.0,0,877020000,,,,,,False,NO CHANGE
P50404,Sftpd,0.0,173270000.0,0,189980000,,,,,,False,NO CHANGE
Q8K1M6,Dnm1l,0.0,353060000.0,28221000,465240000,,,,,,False,NO CHANGE
P97927,Lama4,0.0,45513000.0,7267300,91069000,,,,,,False,NO CHANGE
Q61087,Lamb3,0.0,13019000.0,0,35520000,,,,,,False,NO CHANGE
Q8BMS2,Spon2,0.0,202090000.0,0,29029000,,,,,,False,NO CHANGE
O09126,Sema4d,0.0,37451000.0,0,23574000,,,,,,False,NO CHANGE
Q61092,Lamc2,0.0,555790000.0,0,408280000,,,,,,False,NO CHANGE
Q8JZQ5,Aoc1,0.0,312970000.0,0,552530000,,,,,,False,NO CHANGE
Q9CQW9;Q99J93,Ifitm3;Ifitm2,0.0,14197000.0,0,10996000,,,,,,False,NO CHANGE
Q8BZQ2,Crispld2,0.0,38614000.0,0,69806000,,,,,,False,NO CHANGE
Q91Z98,Chil4,0.0,39463000.0,0,26649000,,,,,,False,NO CHANGE
Q9JJ00,Plscr1,0.0,110580000.0,0,92071000,,,,,,False,NO CHANGE
P12970,Rpl7a,0.0,76311000.0,3398100,72719000,,,,,,False,NO CHANGE
O55201,Supt5h,0.0,13061000.0,0,31121000,,,,,,False,NO CHANGE
Q8BVE3,Atp6v1h,0.0,176380000.0,61221000,38192000,,,,,,False,NO CHANGE
Q62523,Zyx,0.0,47303000.0,0,36658000,,,,,,False,NO CHANGE
Q3TJD7,Pdlim7,0.0,23787000.0,0,19976000,,,,,,False,NO CHANGE
P61211,Arl1,0.0,36563000.0,51169000,59613000,,,,,,False,NO CHANGE
Q6NZN0;Q5SFM8,Rbm26;Rbm27,0.0,5600200.0,0,5699400,,,,,,False,NO CHANGE
Q9WVE8,Pacsin2,0.0,108100000.0,0,71421000,,,,,,False,NO CHANGE
Q3U7R1,Esyt1,0.0,35301000.0,4440100,12198000,,,,,,False,NO CHANGE
Q8BK67,Rcc2,0.0,211690000.0,8871700,93470000,,,,,,False,NO CHANGE
Q8CJ53,Trip10,0.0,28386000.0,0,6812300,,,,,,False,NO CHANGE
P70336;P70335,Rock2;Rock1,0.0,23710000.0,0,54591000,,,,,,False,NO CHANGE
P97449,Anpep,0.0,65348000.0,53908000,17658000,,,,,,False,NO CHANGE
Q3UGC7;Q66JS6,Eif3j1;Eif3j2,0.0,9600000.0,16765000,32939000,,,,,,False,NO CHANGE
P24288,Bcat1,0.0,68249000.0,0,68354000,,,,,,False,NO CHANGE
Q8BP67,Rpl24,0.0,5576200.0,0,10567000,,,,,,False,NO CHANGE
P00920,Ca2,0.0,318180000.0,2966700,732870000,,,,,,False,NO CHANGE
Q6ZWN5,Rps9,0.0,6341800.0,0,80330000,,,,,,False,NO CHANGE
P31725,S100a9,0.0,39747000.0,0,22789000,,,,,,False,NO CHANGE
Q7TNG8,Ldhd,0.0,54763000.0,0,89648000,,,,,,False,NO CHANGE
Q8VHI3,Pofut2,0.0,45375000.0,89602000,33778000,,,,,,False,NO CHANGE
P62307,Snrpf,0.0,69899000.0,136330000,77644000,,,,,,False,NO CHANGE
Q923D4,Sf3b5,0.0,14564000.0,25884000,13556000,,,,,,False,NO CHANGE
P62717,Rpl18a,0.0,123710000.0,0,0,,,,,,False,NO CHANGE
