id,gene,Intensity 31578,Intensity 31580,Intensity 31579,Intensity 31581,limma_log2FC,p_value,adj_p_value,significant,regulated
P19137,Lama1,221670000000.0,107470000000.0,119690000000,120100000000,-0.364404,0.455805381989136,0.998030532995944,False,NO CHANGE
P16546,Sptan1,11001000000.0,8045800000.0,6124400000,7281800000,-0.494468,0.261782917519562,0.998030532995944,False,NO CHANGE
P02469,Lamb1,142020000000.0,60200000000.0,81201000000,109600000000,0.028944,0.957534156494419,0.998809768174366,False,NO CHANGE
P02468,Lamc1,131780000000.0,57350000000.0,91938000000,87224000000,0.042767,0.934029750842205,0.998030532995944,False,NO CHANGE
Q9JHU4,Dync1h1,1933700000.0,655880000.0,855090000,237200000,-1.322272,0.202907676805264,0.998030532995944,False,DOWN
Q62261,Sptbn1,3667500000.0,4221700000.0,1507700000,2351600000,-1.063314,0.05797798455035,0.998030532995944,False,DOWN
Q05793,Hspg2,12600000000.0,13960000000.0,8894500000,23877000000,0.135942,0.818975733005015,0.998030532995944,False,NO CHANGE
Q64727,Vcl,31161000000.0,30374000000.0,25489000000,44538000000,0.131167,0.765427177720022,0.998030532995944,False,NO CHANGE
Q80X90,Flnb,2996900000.0,5937000000.0,843850000,3345100000,-1.328049,0.151638040120885,0.998030532995944,False,DOWN
P19096,Fasn,7212000000.0,5586600000.0,3690400000,5894900000,-0.444563,0.354140071498217,0.998030532995944,False,NO CHANGE
P01027,C3,24116000000.0,122930000000.0,20733000000,88345000000,-0.347339,0.755692719735819,0.998030532995944,False,NO CHANGE
P11087,Col1a1,28260000000.0,134990000000.0,20608000000,96745000000,-0.468075,0.678568588085421,0.998030532995944,False,NO CHANGE
Q8BTM8,Flna,3337500000.0,9931500000.0,3247700000,9942700000,-0.018862,0.981839051383278,0.999971162684518,False,NO CHANGE
P02463,Col4a1,13491000000.0,22020000000.0,7696100000,10721000000,-0.924086,0.0871311151272984,0.998030532995944,False,DOWN
Q9QXS1,Plec,839810000.0,2173400000.0,1154500000,1683000000,0.045107,0.945425605177107,0.998030532995944,False,NO CHANGE
P10493,Nid1,122840000000.0,87879000000.0,83562000000,169460000000,0.195746,0.695636259686091,0.998030532995944,False,NO CHANGE
P08121,Col3a1,11953000000.0,71312000000.0,9361700000,42633000000,-0.547352,0.648914883509146,0.998030532995944,False,NO CHANGE
Q61316,Hspa4,13825000000.0,8795500000.0,6464800000,13901000000,-0.218125,0.698661599133812,0.998030532995944,False,NO CHANGE
P57780,Actn4,28655000000.0,43536000000.0,20632000000,56018000000,-0.055111,0.928895602290617,0.998030532995944,False,NO CHANGE
Q01853,Vcp,77878000000.0,65623000000.0,52317000000,54700000000,-0.418298,0.264553847926178,0.998030532995944,False,NO CHANGE
Q01149,Col1a2,14275000000.0,69717000000.0,9016700000,36501000000,-0.798197,0.473927071311739,0.998030532995944,False,DOWN
Q3U1J4,Ddb1,17261000000.0,7665900000.0,10895000000,9422600000,-0.18309,0.734158400665913,0.998030532995944,False,NO CHANGE
Q60847,Col12a1,1458000000.0,3840900000.0,9566300000,18537000000,2.492431,0.0107335101985308,0.998030532995944,False,UP
P07901,Hsp90aa1,80575000000.0,57511000000.0,21644000000,22550000000,-1.623538,0.0061310158320477,0.991606616994774,False,DOWN
Q7TPR4,Actn1,19059000000.0,30230000000.0,13833000000,31602000000,-0.199162,0.728276354649192,0.998030532995944,False,NO CHANGE
P08113,Hsp90b1,51398000000.0,30708000000.0,35954000000,31493000000,-0.239572,0.582233817466241,0.998030532995944,False,NO CHANGE
Q3UQ28,Pxdn,9752200000.0,15739000000.0,8553400000,21331000000,0.124689,0.83779933597855,0.998030532995944,False,NO CHANGE
P20029,Hspa5,88100000000.0,62530000000.0,49734000000,56713000000,-0.482889,0.240158246624688,0.998030532995944,False,NO CHANGE
P20152,Vim,79586000000.0,91471000000.0,82392000000,103250000000,0.112373,0.755124960901589,0.998030532995944,False,NO CHANGE
P11276,Fn1,1769200000.0,15289000000.0,1580900000,13428000000,-0.1748,0.908593384052957,0.998030532995944,False,NO CHANGE
O88207,Col5a1,6460400000.0,13185000000.0,3026300000,7132900000,-0.990203,0.167673629855356,0.998030532995944,False,DOWN
P11499,Hsp90ab1,47703000000.0,46922000000.0,43070000000,63350000000,0.142842,0.715251953521559,0.998030532995944,False,NO CHANGE
A2ARV4,Lrp2,1436100000.0,843010000.0,1135100000,347360000,-0.809227,0.333688876579511,0.998030532995944,False,DOWN
Q68FD5,Cltc,4123200000.0,3160800000.0,3425600000,3720900000,-0.016023,0.969192582306594,0.999971162684518,False,NO CHANGE
Q9JKR6,Hyou1,7976800000.0,2693600000.0,4197300000,1952900000,-0.695133,0.36705791267537,0.998030532995944,False,DOWN
P26041,Msn,25694000000.0,33874000000.0,20441000000,33581000000,-0.171249,0.700661796837383,0.998030532995944,False,NO CHANGE
P70398,Usp9x,856490000.0,206520000.0,256270000,212900000,-0.848439,0.384634539125894,0.998030532995944,False,DOWN
P58252,Eef2,22796000000.0,26074000000.0,20634000000,26851000000,-0.050697,0.894172382223791,0.998030532995944,False,NO CHANGE
Q61147,Cp,15313000000.0,86555000000.0,7946500000,125440000000,-0.205529,0.898936352489976,0.998030532995944,False,NO CHANGE
Q6ZQ38,Cand1,8627700000.0,5708600000.0,3285300000,6897300000,-0.560028,0.334986693888351,0.998030532995944,False,NO CHANGE
P63017,Hspa8,57602000000.0,55320000000.0,43543000000,53668000000,-0.223709,0.539475654177953,0.998030532995944,False,NO CHANGE
Q64514,Tpp2,4370500000.0,2122400000.0,2764200000,1477300000,-0.591835,0.352160717724793,0.998030532995944,False,DOWN
P27546,Map4,4663600000.0,2186500000.0,2286700000,2480300000,-0.423143,0.447001573963828,0.998030532995944,False,NO CHANGE
Q9WTQ5,Akap12,8015900000.0,2575600000.0,3925300000,3255300000,-0.34609,0.608977953038627,0.998030532995944,False,NO CHANGE
P27773,Pdia3,90794000000.0,93288000000.0,76820000000,78815000000,-0.242168,0.483938474530429,0.998030532995944,False,NO CHANGE
P58771,Tpm1,24168000000.0,18189000000.0,16336000000,14735000000,-0.434431,0.28959896547158,0.998030532995944,False,NO CHANGE
P09103,P4hb,59146000000.0,65454000000.0,50367000000,56172000000,-0.226216,0.52559640648331,0.998030532995944,False,NO CHANGE
P52480,Pkm,30305000000.0,54250000000.0,30012000000,49621000000,-0.071344,0.886950428991159,0.998030532995944,False,NO CHANGE
Q8K411,Pitrm1,2958000000.0,945950000.0,1224700000,656610000,-0.89946,0.271071932539024,0.998030532995944,False,DOWN
Q6IRU2,Tpm4,8842600000.0,12910000000.0,7496300000,13789000000,-0.071632,0.886465632984169,0.998030532995944,False,NO CHANGE
Q91V92,Acly,5927400000.0,4106200000.0,4573500000,6171400000,0.106847,0.810716071806753,0.998030532995944,False,NO CHANGE
Q8BKC5,Ipo5,6306700000.0,5492500000.0,4544700000,4048800000,-0.456334,0.277322376769304,0.998030532995944,False,NO CHANGE
P17156,Hspa2,4649800000.0,736210000.0,3311500000,1057300000,0.016256,0.988306755413488,0.999971162684518,False,NO CHANGE
Q11011,Npepps,9532000000.0,7411500000.0,6892300000,8275800000,-0.15433,0.704245916377996,0.998030532995944,False,NO CHANGE
E9Q557,Dsp,482450000.0,182200000.0,65161000,191660000,-1.407636,0.200542756404113,0.998030532995944,False,DOWN
Q6P5F9,Xpo1,4594500000.0,1765300000.0,2899600000,3013900000,0.053832,0.928923230198218,0.998030532995944,False,NO CHANGE
Q9EPL2,Clstn1,5881400000.0,3990800000.0,3438900000,4518500000,-0.297523,0.515959437748881,0.998030532995944,False,NO CHANGE
Q921I1,Tf,9822600000.0,16300000000.0,8639800000,11738000000,-0.329396,0.487152542041534,0.998030532995944,False,NO CHANGE
Q02819,Nucb1,20940000000.0,20963000000.0,16482000000,20973000000,-0.172341,0.649602276914976,0.998030532995944,False,NO CHANGE
Q91ZX7,Lrp1,616220000.0,901940000.0,391620000,476500000,-0.787273,0.224661802508469,0.998030532995944,False,DOWN
P06801,Me1,49177000000.0,40095000000.0,42746000000,54773000000,0.123924,0.743363856964372,0.998030532995944,False,NO CHANGE
P09470,Ace,8033100000.0,7725800000.0,5736600000,6869900000,-0.327578,0.415400421348157,0.998030532995944,False,NO CHANGE
Q80YX1,Tnc,783070000.0,4713500000.0,910600000,3044800000,-0.206388,0.852419760843849,0.998030532995944,False,NO CHANGE
P13020,Gsn,12304000000.0,17234000000.0,11320000000,10084000000,-0.446722,0.295845799012278,0.998030532995944,False,NO CHANGE
Q8VHY0,Cspg4,1202600000.0,931490000.0,282240000,444340000,-1.579519,0.0394649123961129,0.998030532995944,False,DOWN
P26039,Tln1,466810000.0,363020000.0,185690000,226450000,-1.005398,0.179508174595939,0.998030532995944,False,DOWN
Q02053,Uba1,5035800000.0,3624500000.0,3129100000,2629500000,-0.574733,0.219280824141227,0.998030532995944,False,NO CHANGE
Q8BHN3,Ganab,8321400000.0,7655100000.0,4314800000,8801800000,-0.373078,0.474077891276405,0.998030532995944,False,NO CHANGE
Q61598,Gdi2,23816000000.0,21743000000.0,17311000000,14438000000,-0.525461,0.195415459751877,0.998030532995944,False,NO CHANGE
P48722,Hspa4l,2337400000.0,442310000.0,1714000000,300240000,-0.50324,0.68783615342552,0.998030532995944,False,NO CHANGE
O88844,Idh1,26143000000.0,27113000000.0,17994000000,24912000000,-0.330526,0.409464520123724,0.998030532995944,False,NO CHANGE
P35441,Thbs1,4073200000.0,24938000000.0,4013400000,31819000000,0.165103,0.905058022229308,0.998030532995944,False,NO CHANGE
Q61292,Lamb2,2372600000.0,1128800000.0,1460100000,1222500000,-0.292679,0.612622659749618,0.998030532995944,False,NO CHANGE
P15626,Gstm2,157020000000.0,106230000000.0,105870000000,138210000000,-0.094492,0.813465783815388,0.998030532995944,False,NO CHANGE
P08003,Pdia4,10610000000.0,9774800000.0,4191900000,5328200000,-1.107584,0.0314465855655979,0.998030532995944,False,DOWN
Q04857,Col6a1,3972900000.0,30095000000.0,3197600000,12591000000,-0.785167,0.536030723791079,0.998030532995944,False,DOWN
Q06890,Clu,348930000000.0,485710000000.0,187450000000,453330000000,-0.497983,0.381046276310297,0.998030532995944,False,NO CHANGE
Q07113,Igf2r,334700000.0,208050000.0,311730000,357350000,0.338918,0.632124733623854,0.998030532995944,False,NO CHANGE
P09411,Pgk1,18997000000.0,30204000000.0,10108000000,20267000000,-0.742941,0.201092451480291,0.998030532995944,False,DOWN
P17182,Eno1,40757000000.0,44413000000.0,26323000000,35114000000,-0.48483,0.23208092143094,0.998030532995944,False,NO CHANGE
P05064,Aldoa,58959000000.0,54767000000.0,32034000000,53571000000,-0.455981,0.306733344604106,0.998030532995944,False,NO CHANGE
P14733,Lmnb1,3052300000.0,2293500000.0,1279600000,1828400000,-0.790587,0.137009127522194,0.998030532995944,False,DOWN
P26043,Rdx,2437300000.0,2445700000.0,2091000000,1449300000,-0.487991,0.307505773683547,0.998030532995944,False,NO CHANGE
P40142,Tkt,19486000000.0,22121000000.0,12095000000,33779000000,-0.038659,0.948951021153497,0.998030532995944,False,NO CHANGE
Q8VHX6,Flnc,195400000.0,682560000.0,155890000,403920000,-0.541394,0.589722565242784,0.998030532995944,False,NO CHANGE
P48678,Lmna,2275100000.0,4344300000.0,1914000000,3890800000,-0.204198,0.736790508918527,0.998030532995944,False,NO CHANGE
Q8VDM4,Psmd2,4088700000.0,2873300000.0,2970100000,2285600000,-0.395633,0.397730778739508,0.998030532995944,False,NO CHANGE
P26040,Ezr,1687500000.0,1407400000.0,648790000,1921700000,-0.464857,0.509606707506663,0.998030532995944,False,NO CHANGE
Q93092,Taldo1,29678000000.0,30931000000.0,42688000000,66199000000,0.811096,0.0871055226771848,0.998030532995944,False,UP
Q8K010,Oplah,1281500000.0,612940000.0,797910000,676290000,-0.27082,0.668432993644312,0.998030532995944,False,NO CHANGE
P63038,Hspd1,9871300000.0,6317100000.0,7472800000,4619600000,-0.426543,0.400661419257042,0.998030532995944,False,NO CHANGE
P70663,Sparcl1,4226800000.0,9360200000.0,2460900000,12932000000,-0.157023,0.868342381595725,0.998030532995944,False,NO CHANGE
Q9R0B9,Plod2,14213000000.0,10877000000.0,16168000000,14175000000,0.283999,0.479028846132401,0.998030532995944,False,NO CHANGE
P27046,Man2a1,2612400000.0,2091500000.0,2313700000,2114200000,-0.0798,0.852393320053987,0.998030532995944,False,NO CHANGE
P21107,Tpm3,1814300000.0,2586300000.0,2837300000,3790100000,0.598226,0.227715014120773,0.998030532995944,False,UP
Q8BHG1,Nrd1,2388000000.0,1778900000.0,121660000,1216100000,-2.4218,0.086214856596476,0.998030532995944,False,DOWN
P62259,Ywhae,32934000000.0,33045000000.0,56646000000,46588000000,0.638961,0.118327670066759,0.998030532995944,False,UP
Q99KI0,Aco2,2746600000.0,1299800000.0,2026900000,595970000,-0.781675,0.355454573645377,0.998030532995944,False,DOWN
Q921M3,Sf3b3,3295300000.0,1979800000.0,2487600000,2923000000,0.07822,0.870033893907042,0.998030532995944,False,NO CHANGE
P14211,Calr,68634000000.0,59059000000.0,86690000000,40301000000,-0.1072,0.830983691123025,0.998030532995944,False,NO CHANGE
P10649,Gstm1,94505000000.0,83097000000.0,109160000000,111220000000,0.314265,0.375512914611477,0.998030532995944,False,NO CHANGE
Q00493,Cpe,84029000000.0,55538000000.0,110470000000,61794000000,0.274343,0.57128061350303,0.998030532995944,False,NO CHANGE
O35206,Col15a1,8311700000.0,7842900000.0,5753600000,3743600000,-0.79882,0.108392575688826,0.998030532995944,False,DOWN
O88342,Wdr1,14592000000.0,19698000000.0,12850000000,18865000000,-0.122873,0.774935631172085,0.998030532995944,False,NO CHANGE
P17710,Hk1,2054600000.0,2490400000.0,2121600000,2704400000,0.082613,0.850236536397768,0.998030532995944,False,NO CHANGE
Q99MD9,Nasp,3074500000.0,634880000.0,1585100000,714300000,-0.392866,0.682289234881831,0.998030532995944,False,NO CHANGE
Q6P5E4,Uggt1,2170400000.0,2350300000.0,2353200000,2298300000,0.042193,0.918942446345585,0.998030532995944,False,NO CHANGE
P37889,Fbln2,3241000000.0,8715300000.0,2665500000,11234000000,0.042108,0.962953602007446,0.999824267041861,False,NO CHANGE
Q99KK7,Dpp3,5001500000.0,4602700000.0,2662100000,2183200000,-0.992916,0.0495281830943651,0.998030532995944,False,DOWN
Q8K0E8,Fgb,7745100000.0,18310000000.0,13514000000,22937000000,0.564072,0.36651410716289,0.998030532995944,False,NO CHANGE
Q5SUR0,Pfas,2539400000.0,1873500000.0,2065100000,2307800000,0.001253,0.997739029502716,0.999971162684518,False,NO CHANGE
P22777,Serpine1,46746000000.0,120370000000.0,42249000000,81329000000,-0.35578,0.583668617910846,0.998030532995944,False,NO CHANGE
Q3U962,Col5a2,719270000.0,8091000000.0,376680000,6215900000,-0.656774,0.723522873147304,0.998030532995944,False,DOWN
P60710,Actb,2447100000.0,363070000.0,1289700000,2302700000,0.870485,0.420273163107679,0.998030532995944,False,UP
P63260,Actg1,108290000000.0,104350000000.0,74256000000,113930000000,-0.208802,0.598612850526147,0.998030532995944,False,NO CHANGE
P18760,Cfl1,20120000000.0,20040000000.0,11077000000,23143000000,-0.326685,0.521986008751437,0.998030532995944,False,NO CHANGE
P06151,Ldha,39897000000.0,76510000000.0,45130000000,38558000000,-0.405406,0.402522522052662,0.998030532995944,False,NO CHANGE
Q9DCD0,Pgd,14109000000.0,26149000000.0,9851900000,11016000000,-0.882649,0.103106915218487,0.998030532995944,False,DOWN
Q9JHR7,Ide,1892800000.0,1106900000.0,1034100000,1579100000,-0.179784,0.746775722750973,0.998030532995944,False,NO CHANGE
O35685,Nudc,3273200000.0,1123200000.0,2273200000,1078100000,-0.29255,0.698379491221815,0.998030532995944,False,NO CHANGE
Q9EQH2,Erap1,3294700000.0,1692400000.0,2123600000,2092300000,-0.163808,0.753628696909978,0.998030532995944,False,NO CHANGE
P50247,Ahcy,7496800000.0,5585200000.0,3210600000,2848200000,-1.097495,0.037993506300675,0.998030532995944,False,DOWN
Q80W21,Gstm7,5766400000.0,4839000000.0,4354500000,5999300000,-0.047539,0.910205251371248,0.998030532995944,False,NO CHANGE
P05202,Got2,17492000000.0,13299000000.0,11250000000,13273000000,-0.319797,0.432811232961002,0.998030532995944,False,NO CHANGE
Q9D964,Gatm,9875700000.0,5632800000.0,4378500000,3915400000,-0.849069,0.113616014542707,0.998030532995944,False,DOWN
Q9R1E6,Enpp2,4423700000.0,1639100000.0,3598700000,3730400000,0.444324,0.480846370777782,0.998030532995944,False,NO CHANGE
O09159,Man2b1,3407100000.0,3348700000.0,2421700000,3752400000,-0.164156,0.715913156030521,0.998030532995944,False,NO CHANGE
P12023,App,12767000000.0,14358000000.0,8948500000,20526000000,0.001448,0.9978500894675,0.999971162684518,False,NO CHANGE
Q8BGQ7,Aars,1459000000.0,351290000.0,909180000,411050000,-0.227845,0.808976082964415,0.998030532995944,False,NO CHANGE
P40124,Cap1,4579000000.0,6409700000.0,4885900000,4924400000,-0.143359,0.731996740732758,0.998030532995944,False,NO CHANGE
P60843,Eif4a1,17236000000.0,16641000000.0,12834000000,12877000000,-0.3977,0.301425145031647,0.998030532995944,False,NO CHANGE
P70168,Kpnb1,5574600000.0,6656000000.0,5660700000,7727600000,0.118739,0.776367561824894,0.998030532995944,False,NO CHANGE
P42932,Cct8,1896300000.0,1348500000.0,2142600000,2470200000,0.524724,0.280624166366587,0.998030532995944,False,NO CHANGE
P68254,Ywhaq,9152600000.0,10319000000.0,8966000000,11568000000,0.06756,0.864206262642717,0.998030532995944,False,NO CHANGE
Q8C1A5,Thop1,5975500000.0,3698200000.0,5145900000,3073800000,-0.241218,0.640512123219945,0.998030532995944,False,NO CHANGE
Q8CG14,C1sa,44294000000.0,32231000000.0,48072000000,27523000000,-0.054863,0.905261149873435,0.998030532995944,False,NO CHANGE
P08071,Ltf,2229000000.0,77109000000.0,775160000,57047000000,-0.979289,0.721357905407766,0.998030532995944,False,DOWN
Q02788,Col6a2,1566300000.0,17259000000.0,1339300000,5250900000,-0.971297,0.497057150055496,0.998030532995944,False,DOWN
P97798,Neo1,2331800000.0,1400100000.0,4567800000,5488900000,1.470521,0.0215246451115313,0.998030532995944,False,UP
Q64449,Mrc2,741490000.0,1039900000.0,391970000,379980000,-1.186067,0.0840487717888899,0.998030532995944,False,DOWN
P37804,Tagln,9810600000.0,10596000000.0,11115000000,10740000000,0.099784,0.789505674365865,0.998030532995944,False,NO CHANGE
P63101,Ywhaz,70749000000.0,86657000000.0,54547000000,61754000000,-0.431997,0.259060051346745,0.998030532995944,False,NO CHANGE
P09405,Ncl,4957100000.0,10717000000.0,2839200000,7599500000,-0.649968,0.374235961435563,0.998030532995944,False,DOWN
Q8CFX1,H6pd,5683200000.0,5446800000.0,3593900000,3303700000,-0.69124,0.120751869043319,0.998030532995944,False,DOWN
O88569,Hnrnpa2b1,13825000000.0,12226000000.0,12102000000,11607000000,-0.133496,0.721408237601936,0.998030532995944,False,NO CHANGE
Q8CG16;Q8CFG9,C1ra;C1rb,12746000000.0,8392200000.0,10894000000,7493900000,-0.194922,0.672061008639818,0.998030532995944,False,NO CHANGE
Q8K2I4,Manba,2615400000.0,3248300000.0,1646200000,3555700000,-0.268722,0.63120118711506,0.998030532995944,False,NO CHANGE
Q640N1,Aebp1,548690000.0,4910700000.0,583830000,4044700000,-0.095169,0.948801916953696,0.998030532995944,False,NO CHANGE
Q61207,Psap,15423000000.0,6831400000.0,14787000000,10830000000,0.302013,0.589621102174143,0.998030532995944,False,NO CHANGE
Q8CG19,Ltbp1,2110200000.0,1812500000.0,1190200000,1835200000,-0.40411,0.418299468708392,0.998030532995944,False,NO CHANGE
O35887,Calu,17832000000.0,16516000000.0,13356000000,20141000000,-0.065355,0.873760158816215,0.998030532995944,False,NO CHANGE
P68369,Tuba1a,28114000000.0,19820000000.0,0,46145000,-10.547831,0.0001796840691462,0.116075908668446,False,NO CHANGE
Q3TXS7,Psmd1,1501200000.0,1083200000.0,1203600000,1497800000,0.074393,0.879677054089209,0.998030532995944,False,NO CHANGE
O08638,Myh11,342990000.0,327390000.0,74296000,230260000,-1.357278,0.169630016921475,0.998030532995944,False,DOWN
Q9QUR6,Prep,2589800000.0,2228700000.0,1902800000,1694200000,-0.420157,0.348013426868826,0.998030532995944,False,NO CHANGE
P06745,Gpi,31221000000.0,35216000000.0,28283000000,28774000000,-0.217023,0.548803342404904,0.998030532995944,False,NO CHANGE
Q60854,Serpinb6,16076000000.0,12568000000.0,9767400000,14638000000,-0.249449,0.566994065094959,0.998030532995944,False,NO CHANGE
Q9D0F9,Pgm1,8394700000.0,8193000000.0,7429100000,8498200000,-0.061763,0.871436858645105,0.998030532995944,False,NO CHANGE
Q922R8,Pdia6,22513000000.0,12660000000.0,10498000000,6639100000,-1.015931,0.0866487548441074,0.998030532995944,False,DOWN
Q61425,Hadh,18888000000.0,6421500000.0,5642900000,9128200000,-0.617771,0.3761162673658,0.998030532995944,False,DOWN
P21180,C2,3491400000.0,3803800000.0,3006900000,2723900000,-0.348648,0.403237439846744,0.998030532995944,False,NO CHANGE
Q04998,Inhba,2401800000.0,3983800000.0,1612000000,3392600000,-0.403509,0.501087520911995,0.998030532995944,False,NO CHANGE
Q61581,Igfbp7,17171000000.0,41913000000.0,12387000000,37354000000,-0.318641,0.67615033150617,0.998030532995944,False,NO CHANGE
P68372;Q9D6F9,Tubb4b;Tubb4a,20471000000.0,13645000000.0,14964000000,11585000000,-0.3441,0.435680902117367,0.998030532995944,False,NO CHANGE
Q9JII6,Akr1a1,14417000000.0,10247000000.0,10423000000,11946000000,-0.123337,0.762839325408294,0.998030532995944,False,NO CHANGE
Q8CI94,Pygb,2534500000.0,2144800000.0,1492000000,2359700000,-0.313347,0.519819433882172,0.998030532995944,False,NO CHANGE
P05201,Got1,8360200000.0,5445400000.0,5939200000,4242600000,-0.426679,0.374024800541353,0.998030532995944,False,NO CHANGE
P29758,Oat,13981000000.0,7805600000.0,9528200000,7217600000,-0.333091,0.49893406195813,0.998030532995944,False,NO CHANGE
P17563;Q63836,Selenbp1;Selenbp2,11950000000.0,10454000000.0,10744000000,5757400000,-0.507023,0.315237942062673,0.998030532995944,False,NO CHANGE
Q02257,Jup,359810000.0,113090000.0,115480000,154180000,-0.596224,0.53524209840564,0.998030532995944,False,DOWN
Q8VCM7,Fgg,8821000000.0,13900000000.0,7931400000,25373000000,0.357421,0.610566191343159,0.998030532995944,False,NO CHANGE
P00342,Ldhc,27312000000.0,7952600000.0,18763000000,10300000000,-0.084249,0.909514669074686,0.998030532995944,False,NO CHANGE
E9PV24,Fga,5469900000.0,10457000000.0,8362700000,16544000000,0.637147,0.298439388862732,0.998030532995944,False,UP
Q9JMB7,Piwil1,1087800000.0,0.0,414180000,0,0.102051,0.978747892753847,0.999971162684518,False,NO CHANGE
P07214,Sparc,215720000000.0,205790000000.0,154240000000,168410000000,-0.386589,0.271717757849941,0.998030532995944,False,NO CHANGE
Q8BND5,Qsox1,7154600000.0,14467000000.0,8485200000,15171000000,0.157314,0.782196105955905,0.998030532995944,False,NO CHANGE
P10605,Ctsb,17342000000.0,28126000000.0,15517000000,26673000000,-0.118472,0.810912508434995,0.998030532995944,False,NO CHANGE
Q6GQT1,A2mp,399910000.0,373080000.0,361970000,161540000,-0.675699,0.391044351743723,0.998030532995944,False,DOWN
Q9QUR8,Sema7a,5013300000.0,3090700000.0,5594800000,3161200000,0.095432,0.85612981607811,0.998030532995944,False,NO CHANGE
Q8K4G1,Ltbp4,395280000.0,753610000.0,339210000,885100000,0.005663,0.994261669150242,0.999971162684518,False,NO CHANGE
Q8VDD5,Myh9,422670000.0,1386500000.0,105890000,1087100000,-1.173964,0.405130359802925,0.998030532995944,False,DOWN
P05214,Tuba3a,1517400000.0,100160000.0,778890000,53424000,-0.934428,0.638422176005888,0.998030532995944,False,DOWN
Q62318,Trim28,1214000000.0,219610000.0,918820000,335700000,0.105157,0.923526794784508,0.998030532995944,False,NO CHANGE
O55029,Copb2,2176200000.0,1363200000.0,1703900000,1412700000,-0.150756,0.761733763756877,0.998030532995944,False,NO CHANGE
Q9ERK4,Cse1l,1869300000.0,893660000.0,1549700000,855590000,-0.166658,0.795958576941943,0.998030532995944,False,NO CHANGE
P28271,Aco1,2416900000.0,1962200000.0,1307700000,2125200000,-0.3855,0.446210437793622,0.998030532995944,False,NO CHANGE
Q99JY9,Actr3,7362200000.0,7528400000.0,4354000000,4515400000,-0.747643,0.0940410079441522,0.998030532995944,False,DOWN
Q9EQK5,Mvp,1242800000.0,945160000.0,75610000,1296600000,-1.791385,0.253160729323542,0.998030532995944,False,DOWN
P24549,Aldh1a1,9159200000.0,9000200000.0,11953000000,5991700000,-0.101456,0.838120648443979,0.998030532995944,False,NO CHANGE
P99024,Tubb5,4465900000.0,3603600000.0,3616400000,4869300000,0.064939,0.87910865072159,0.998030532995944,False,NO CHANGE
B2RQC6,Cad,201050000.0,107570000.0,100800000,46754000,-1.099086,0.283396326880541,0.998030532995944,False,DOWN
P10630,Eif4a2,1410100000.0,480930000.0,988110000,328230000,-0.532087,0.562410352107011,0.998030532995944,False,NO CHANGE
P10126,Eef1a1,12059000000.0,16595000000.0,11982000000,13795000000,-0.137922,0.732022467745281,0.998030532995944,False,NO CHANGE
Q8R016,Blmh,6734300000.0,6236900000.0,5413200000,2469400000,-0.825857,0.164464492863852,0.998030532995944,False,DOWN
Q00519,Xdh,1262400000.0,1106400000.0,674360000,838040000,-0.65268,0.234296508328178,0.998030532995944,False,DOWN
Q9JHU9,Isyna1,33628000000.0,25428000000.0,25089000000,28223000000,-0.136077,0.721934828563666,0.998030532995944,False,NO CHANGE
P16125,Ldhb,71360000000.0,35205000000.0,47038000000,33664000000,-0.332931,0.518436560139567,0.998030532995944,False,NO CHANGE
P24527,Lta4h,6025800000.0,4250100000.0,4909800000,6862200000,0.197843,0.660668185440215,0.998030532995944,False,NO CHANGE
Q62356,Fstl1,10866000000.0,22155000000.0,8417600000,11265000000,-0.672063,0.227802923097056,0.998030532995944,False,DOWN
Q91WP6,Serpina3n,17620000000.0,51400000000.0,22888000000,24894000000,-0.334296,0.592947543486499,0.998030532995944,False,NO CHANGE
Q8BH34,Sema3d,4927400000.0,2889300000.0,5913100000,2552200000,0.042055,0.945098670992593,0.998030532995944,False,NO CHANGE
O08999,Ltbp2,514300000.0,2967200000.0,492430000,2231600000,-0.236858,0.842009927473106,0.998030532995944,False,NO CHANGE
P35951,Ldlr,2671300000.0,2203300000.0,1570400000,2167500000,-0.395022,0.400547438882283,0.998030532995944,False,NO CHANGE
P15116,Cdh2,4307800000.0,2152000000.0,4890600000,3772800000,0.496509,0.365668919760043,0.998030532995944,False,NO CHANGE
P63005,Pafah1b1,2651600000.0,1747800000.0,1926600000,719640000,-0.870499,0.226750405595053,0.998030532995944,False,DOWN
P68510,Ywhah,6754300000.0,9696400000.0,9990300000,15369000000,0.614612,0.21451179965064,0.998030532995944,False,UP
Q91VI7,Rnh1,8597000000.0,11109000000.0,8115100000,4797300000,-0.647329,0.203053553226822,0.998030532995944,False,DOWN
Q9EQH3,Vps35,1715800000.0,774540000.0,1363500000,305330000,-0.837269,0.393597416049195,0.998030532995944,False,DOWN
Q60864,Stip1,1559600000.0,1406300000.0,877970000,667980000,-0.95148,0.0994232632212,0.998030532995944,False,DOWN
P45376,Akr1b1,14212000000.0,10761000000.0,12423000000,7578100000,-0.35,0.45579768230958,0.998030532995944,False,NO CHANGE
Q8JZQ9,Eif3b,1141400000.0,1227100000.0,521480000,1445600000,-0.446853,0.5219592680856,0.998030532995944,False,NO CHANGE
Q04447,Ckb,7166000000.0,8117700000.0,7666800000,10439000000,0.230149,0.577659310796839,0.998030532995944,False,NO CHANGE
Q8CIE6,Copa,1013200000.0,945240000.0,951450000,743540000,-0.218495,0.673627538321344,0.998030532995944,False,NO CHANGE
P56399,Usp5,1754200000.0,1103500000.0,1508700000,1386000000,0.055667,0.911203836473693,0.998030532995944,False,NO CHANGE
Q9CPV4,Glod4,5558900000.0,3813200000.0,2353100000,1227200000,-1.437934,0.0359869012770324,0.998030532995944,False,DOWN
Q91YI0,Asl,4309600000.0,2820900000.0,2191300000,1521200000,-0.933356,0.0976476814763563,0.998030532995944,False,DOWN
P48774,Gstm5,7846400000.0,3319200000.0,6001000000,5432800000,0.162016,0.773192745200194,0.998030532995944,False,NO CHANGE
Q6WKZ8,Ubr2,400330000.0,23578000.0,140080000,13840000,-1.141768,0.567679179088487,0.998030532995944,False,DOWN
P06797,Ctsl,81052000000.0,59205000000.0,49753000000,72781000000,-0.203111,0.62621599148766,0.998030532995944,False,NO CHANGE
P08122,Col4a2,4158400000.0,10404000000.0,4794400000,7959700000,-0.090515,0.884550401440328,0.998030532995944,False,NO CHANGE
Q8BPB5,Efemp1,11399000000.0,7982200000.0,10278000000,10754000000,0.140334,0.732460407236412,0.998030532995944,False,NO CHANGE
Q9WVA4,Tagln2,4313700000.0,7088600000.0,4703600000,8820300000,0.220083,0.684252342380714,0.998030532995944,False,NO CHANGE
P61982,Ywhag,16167000000.0,18139000000.0,8951300000,13040000000,-0.664517,0.147099650302679,0.998030532995944,False,DOWN
P35487,Pdha2,3235100000.0,551460000.0,1459900000,1179800000,-0.025363,0.978768759293361,0.999971162684518,False,NO CHANGE
P30416,Fkbp4,2603400000.0,1908400000.0,2037800000,822460000,-0.783865,0.242909304981354,0.998030532995944,False,DOWN
Q9CVB6,Arpc2,5306000000.0,5514400000.0,4697200000,2037400000,-0.806149,0.185342207156416,0.998030532995944,False,DOWN
P50396,Gdi1,2298300000.0,1989900000.0,2675400000,1171500000,-0.272576,0.640754898867876,0.998030532995944,False,NO CHANGE
P35700,Prdx1,47059000000.0,44905000000.0,45851000000,76714000000,0.367548,0.399826395363228,0.998030532995944,False,NO CHANGE
O08709,Prdx6,21770000000.0,24802000000.0,11081000000,34694000000,-0.245012,0.707109166705279,0.998030532995944,False,NO CHANGE
Q9CR16,Ppid,2992600000.0,2184800000.0,2370300000,2285200000,-0.135755,0.756510688490726,0.998030532995944,False,NO CHANGE
Q9QUM9,Psma6,9241200000.0,8824800000.0,12912000000,14560000000,0.602468,0.14988142159786,0.998030532995944,False,UP
Q8K1J6,Trnt1,2894100000.0,1581800000.0,1904800000,484150000,-1.155758,0.203514121401901,0.998030532995944,False,DOWN
O70435,Psma3,10815000000.0,8460800000.0,11486000000,7097800000,-0.08329,0.853831088747618,0.998030532995944,False,NO CHANGE
Q9R1P0,Psma4,8634800000.0,9079300000.0,6715500000,5428700000,-0.552321,0.196967210018354,0.998030532995944,False,NO CHANGE
P29341,Pabpc1,1976500000.0,2226500000.0,1589800000,1828300000,-0.299189,0.499370866260876,0.998030532995944,False,NO CHANGE
Q9R1P4,Psma1,11744000000.0,11137000000.0,10127000000,11111000000,-0.108545,0.771901318655261,0.998030532995944,False,NO CHANGE
P47962,Rpl5,5934600000.0,4156700000.0,2946300000,3789000000,-0.571934,0.229642629938806,0.998030532995944,False,NO CHANGE
P08249,Mdh2,42708000000.0,24002000000.0,29101000000,17896000000,-0.488478,0.350883900178578,0.998030532995944,False,NO CHANGE
Q8C7R4,Uba6,386700000.0,9344900.0,203980000,8978900,-0.490214,0.845221832188594,0.998030532995944,False,NO CHANGE
Q3V1G4,Olfml2b,1920700000.0,329580000.0,2179100000,603020000,0.526839,0.647077366864846,0.998030532995944,False,NO CHANGE
Q61398,Pcolce,12650000000.0,13170000000.0,11694000000,9646600000,-0.281266,0.470868188015583,0.998030532995944,False,NO CHANGE
Q8BRK9,Man2a2,846040000.0,436070000.0,511480000,302560000,-0.626693,0.394330361657219,0.998030532995944,False,DOWN
Q76MZ3,Ppp2r1a,2334700000.0,1703400000.0,2445400000,2124400000,0.192736,0.669291882657994,0.998030532995944,False,NO CHANGE
Q9CZ44,Nsfl1c,2501000000.0,1039600000.0,1594000000,366200000,-1.077589,0.278710826128638,0.998030532995944,False,DOWN
P24369,Ppib,14677000000.0,16621000000.0,15716000000,34149000000,0.568757,0.297129510360144,0.998030532995944,False,NO CHANGE
Q6P5H2,Nes,257760000.0,334720000.0,89088000,59935000,-2.007105,0.046214897392181,0.998030532995944,False,DOWN
Q9DBJ1,Pgam1,16793000000.0,23278000000.0,15059000000,25959000000,1.7e-05,0.999971162684518,0.999971162684518,False,NO CHANGE
Q5XJY5,Arcn1,1200200000.0,1054000000.0,538970000,1343300000,-0.402546,0.546099093931195,0.998030532995944,False,NO CHANGE
Q9Z1Z0,Uso1,818130000.0,592840000.0,300070000,701150000,-0.602475,0.41160138219427,0.998030532995944,False,DOWN
P62908,Rps3,1343700000.0,1181900000.0,350390000,1791300000,-0.669639,0.474252073639801,0.998030532995944,False,DOWN
P61202,Cops2,1800000000.0,1012600000.0,479400000,453440000,-1.533888,0.0387752548210552,0.998030532995944,False,DOWN
P26443,Glud1,2556500000.0,2309400000.0,1890500000,1741500000,-0.421295,0.341043607388287,0.998030532995944,False,NO CHANGE
Q9Z1N5,Ddx39b,7397500000.0,5865200000.0,5943400000,4485400000,-0.351346,0.418009092733424,0.998030532995944,False,NO CHANGE
Q9R1P3,Psmb2,4851300000.0,4035400000.0,3936000000,5128500000,0.022092,0.957712294448104,0.998809768174366,False,NO CHANGE
Q9CPY7,Lap3,3849000000.0,4547600000.0,2903000000,2572600000,-0.614409,0.172415518091504,0.998030532995944,False,DOWN
Q8BWT1,Acaa2,4549200000.0,2284000000.0,2883800000,2335400000,-0.312767,0.558806755524088,0.998030532995944,False,NO CHANGE
P08228,Sod1,14620000000.0,10214000000.0,19430000000,21152000000,0.730294,0.11252455877629,0.998030532995944,False,UP
P56480,Atp5b,7539500000.0,4927200000.0,8831600000,5106500000,0.139886,0.78102363446613,0.998030532995944,False,NO CHANGE
Q7TMM9,Tubb2a,38772000.0,36096000.0,0,57395000,-1.227965,0.494561444220311,0.998030532995944,False,NO CHANGE
Q60841,Reln,154720000.0,0.0,49562000,0,0.063473,0.978662158223476,0.999971162684518,False,NO CHANGE
P29268,Ctgf,5162500000.0,20832000000.0,5238000000,26470000000,0.183252,0.86774084779286,0.998030532995944,False,NO CHANGE
Q810U4,Nrcam,1223900000.0,542470000.0,642330000,665830000,-0.317244,0.631482599529309,0.998030532995944,False,NO CHANGE
Q9WU78,Pdcd6ip,733150000.0,2880200000.0,452870000,3645900000,-0.177453,0.890572058668018,0.998030532995944,False,NO CHANGE
Q9DBC7,Prkar1a,1375000000.0,1956100000.0,1386500000,1596700000,-0.140435,0.767681263872857,0.998030532995944,False,NO CHANGE
Q9ER72,Cars,1051100000.0,535890000.0,428150000,268720000,-1.145772,0.143290643091962,0.998030532995944,False,DOWN
Q922B2,Dars,1672600000.0,1144500000.0,1740500000,654970000,-0.373904,0.586255109976411,0.998030532995944,False,NO CHANGE
Q8VIJ6,Sfpq,781450000.0,441830000.0,576350000,273520000,-0.565527,0.454920535912806,0.998030532995944,False,NO CHANGE
Q9Z2X1,Hnrnpf,4198000000.0,3163300000.0,1680600000,2474900000,-0.837393,0.11412835277353,0.998030532995944,False,DOWN
Q8BG32,Psmd11,2092800000.0,857910000.0,2156000000,934500000,0.083146,0.909361663083017,0.998030532995944,False,NO CHANGE
Q9R0P5,Dstn,4223600000.0,4202100000.0,2479200000,3874300000,-0.442887,0.343658755037737,0.998030532995944,False,NO CHANGE
Q3THS6,Mat2a,1439600000.0,924960000.0,1005300000,556150000,-0.625979,0.326414672518473,0.998030532995944,False,DOWN
P80318,Cct3,1198600000.0,1010100000.0,1949000000,928990000,0.29031,0.624062820890086,0.998030532995944,False,NO CHANGE
Q9JIF7,Copb1,1043200000.0,942530000.0,904990000,959900000,-0.089348,0.857016589744104,0.998030532995944,False,NO CHANGE
Q9CQV8,Ywhab,8454200000.0,6726800000.0,7822600000,12608000000,0.397164,0.395152904305944,0.998030532995944,False,NO CHANGE
P47757,Capzb,2839600000.0,2625200000.0,2067100000,2242200000,-0.342796,0.422493541330863,0.998030532995944,False,NO CHANGE
Q9JIF0,Prmt1,2272000000.0,1803800000.0,1923400000,2650500000,0.157461,0.731375686185002,0.998030532995944,False,NO CHANGE
P45377,Akr1b8,12693000000.0,10733000000.0,9183300000,8800500000,-0.376672,0.34414814415375,0.998030532995944,False,NO CHANGE
Q9R1T2,Sae1,1400000000.0,574470000.0,1326800000,687190000,0.090501,0.900049926179257,0.998030532995944,False,NO CHANGE
Q9Z2W0,Dnpep,8185400000.0,5371900000.0,7492800000,4022600000,-0.272426,0.605486779041304,0.998030532995944,False,NO CHANGE
P19324,Serpinh1,7534800000.0,8036900000.0,4650800000,5055400000,-0.682452,0.119627521846761,0.998030532995944,False,DOWN
O35660,Gstm6,5010000000.0,1947900000.0,3559400000,3035500000,0.073419,0.902831283422828,0.998030532995944,False,NO CHANGE
P14152,Mdh1,22569000000.0,21686000000.0,14524000000,11393000000,-0.78226,0.0805743721075472,0.998030532995944,False,DOWN
Q9CWF2,Tubb2b,0.0,31394000.0,0,143060000,1.417122,0.556308276992143,0.998030532995944,False,NO CHANGE
O88968,Tcn2,10720000000.0,5571400000.0,9211600000,3875300000,-0.371257,0.566130307991291,0.998030532995944,False,NO CHANGE
P97290,Serping1,6779600000.0,18460000000.0,4508000000,10328000000,-0.713277,0.34285823013792,0.998030532995944,False,DOWN
Q08761,Pros1,1815700000.0,4099700000.0,1799800000,2203100000,-0.454336,0.440105613268,0.998030532995944,False,NO CHANGE
P18242,Ctsd,12608000000.0,29305000000.0,8825400000,22649000000,-0.443153,0.532685143276578,0.998030532995944,False,NO CHANGE
Q9R118,Htra1,2602400000.0,1734800000.0,3957900000,2728600000,0.629142,0.226530033204425,0.998030532995944,False,UP
Q61696;P17879,Hspa1a;Hspa1b,403220000.0,331790000.0,290000000,488060000,0.040637,0.952232089439651,0.998030532995944,False,NO CHANGE
P23249,Mov10,301380000.0,28210000.0,188500000,112650000,0.660275,0.641594088665843,0.998030532995944,False,UP
P31254,Uba1y,306920000.0,15722000.0,71351000,0,-1.213858,0.539251533767048,0.998030532995944,False,NO CHANGE
Q8VI75,Ipo4,689010000.0,454920000.0,553300000,233230000,-0.640161,0.409662169719492,0.998030532995944,False,DOWN
Q91YR9,Ptgr1,6257700000.0,5476800000.0,5900300000,3336900000,-0.399834,0.414724219093049,0.998030532995944,False,NO CHANGE
P68040,Gnb2l1,3419000000.0,3795500000.0,2087800000,1568600000,-0.993202,0.0587997643367468,0.998030532995944,False,DOWN
Q9WV32,Arpc1b,3277200000.0,2697700000.0,2521100000,2707200000,-0.186669,0.656035468112374,0.998030532995944,False,NO CHANGE
Q9WVJ2,Psmd13,1996300000.0,1230800000.0,1008100000,1641200000,-0.285268,0.609747782021881,0.998030532995944,False,NO CHANGE
P45591,Cfl2,2524900000.0,1588600000.0,1891200000,1733800000,-0.145371,0.762063051880971,0.998030532995944,False,NO CHANGE
Q8BWZ3,Naa25,842770000.0,3885900000.0,203310000,209640000,-3.13186,0.0143267089312232,0.998030532995944,False,DOWN
P31001,Des,594620000.0,1606500000.0,636880000,919170000,-0.353232,0.623373332787387,0.998030532995944,False,NO CHANGE
Q9JKB1;P58321,Uchl3;Uchl4,1845100000.0,1148500000.0,1737100000,1892800000,0.316876,0.526917920406115,0.998030532995944,False,NO CHANGE
P54227,Stmn1,2774100000.0,1665600000.0,3443400000,1512100000,0.086163,0.888822271037835,0.998030532995944,False,NO CHANGE
Q9Z2U0,Psma7,9742400000.0,10664000000.0,8500700000,11265000000,-0.058798,0.882282575218967,0.998030532995944,False,NO CHANGE
Q9DCJ9,Npl,3474200000.0,1607300000.0,1198200000,282890000,-2.021069,0.0633724776515574,0.998030532995944,False,DOWN
O08749,Dld,14045000000.0,7529000000.0,6146000000,5387100000,-0.837643,0.12551984046015,0.998030532995944,False,DOWN
Q99LX0,Park7,8460800000.0,6013500000.0,6715800000,7521200000,-0.005238,0.989915032384395,0.999971162684518,False,NO CHANGE
P10518,Alad,5410100000.0,4280800000.0,3216200000,1893100000,-0.963714,0.0870768308436982,0.998030532995944,False,DOWN
P53026,Rpl10a,10164000000.0,11285000000.0,8007000000,13254000000,-0.056057,0.899275129496378,0.998030532995944,False,NO CHANGE
P47877,Igfbp2,657420000.0,4327500000.0,372170000,4064400000,-0.455673,0.768400345029471,0.998030532995944,False,NO CHANGE
P97298,Serpinf1,5800700000.0,28591000000.0,4781100000,10367000000,-0.871224,0.361370238424551,0.998030532995944,False,DOWN
Q04592,Pcsk5,1213000000.0,964250000.0,998320000,751850000,-0.319984,0.546191376151694,0.998030532995944,False,NO CHANGE
O09164,Sod3,14718000000.0,6791000000.0,12798000000,7141900000,-0.06449,0.912745215819843,0.998030532995944,False,NO CHANGE
Q62179,Sema4b,1352200000.0,1432600000.0,1141900000,720510000,-0.617709,0.266210227421916,0.998030532995944,False,DOWN
Q60675,Lama2,141330000.0,47891000.0,69595000,36916000,-0.69876,0.54038393968681,0.998030532995944,False,DOWN
P29533,Vcam1,1018200000.0,2298900000.0,867070000,2970200000,0.068908,0.933131314656668,0.998030532995944,False,NO CHANGE
Q9R0E2,Plod1,734730000.0,1918300000.0,1285900000,1953500000,0.416863,0.540092381029906,0.998030532995944,False,NO CHANGE
P54923,Adprh,1514500000.0,917140000.0,1875200000,823850000,0.076721,0.905841469460706,0.998030532995944,False,NO CHANGE
Q9JMH6,Txnrd1,5780200000.0,7475400000.0,6189800000,5214600000,-0.21041,0.611053549826323,0.998030532995944,False,NO CHANGE
P61979,Hnrnpk,2071900000.0,1753400000.0,1243900000,1178600000,-0.654582,0.184107456197916,0.998030532995944,False,DOWN
P11983,Tcp1,2169600000.0,967900000.0,8676100000,6032500000,2.319722,0.0076404389811627,0.991606616994774,False,UP
Q9D1Q6,Erp44,3263200000.0,1975000000.0,2491400000,1981900000,-0.19215,0.694815409790016,0.998030532995944,False,NO CHANGE
Q9CQI6,Cotl1,1987200000.0,2478400000.0,2608300000,2946100000,0.320885,0.463424659590682,0.998030532995944,False,NO CHANGE
Q99JI4,Psmd6,1562400000.0,1274300000.0,4844200000,1660400000,1.00716,0.169801401093286,0.998030532995944,False,UP
P23492,Pnp,6216600000.0,5601400000.0,3289700000,5236300000,-0.507705,0.284166610860079,0.998030532995944,False,NO CHANGE
Q7TMK9,Syncrip,699160000.0,1469700000.0,323220000,648190000,-1.14707,0.153940964164986,0.998030532995944,False,DOWN
Q6PDN3,Mylk,1740000000.0,1126000000.0,957690000,708420000,-0.764993,0.194479332101542,0.998030532995944,False,DOWN
Q00915,Rbp1,3733000000.0,1424000000.0,2200000000,4047900000,0.372196,0.585919410283566,0.998030532995944,False,NO CHANGE
Q9WUB3,Pygm,328560000.0,485610000.0,427850000,670650000,0.423355,0.527717471089639,0.998030532995944,False,NO CHANGE
P17742,Ppia,49720000000.0,31887000000.0,41548000000,72055000000,0.458541,0.359873263531005,0.998030532995944,False,NO CHANGE
Q64737,Gart,906770000.0,571220000.0,412380000,366690000,-0.888124,0.189134626081278,0.998030532995944,False,DOWN
Q921M7,Fam49b,2675400000.0,1189700000.0,1487900000,881180000,-0.639783,0.338293003162663,0.998030532995944,False,DOWN
P21981,Tgm2,1493500000.0,976770000.0,1534900000,1606100000,0.378459,0.455565098133746,0.998030532995944,False,NO CHANGE
P57759,Erp29,4026900000.0,4765700000.0,3735000000,5061300000,-0.010871,0.979423883467337,0.999971162684518,False,NO CHANGE
Q62348,Tsn,5433800000.0,3082700000.0,3258000000,3194400000,-0.343312,0.481559350882449,0.998030532995944,False,NO CHANGE
P47791,Gsr,4468800000.0,3393400000.0,3964500000,3624200000,-0.038909,0.925291419641157,0.998030532995944,False,NO CHANGE
P58389,Ppp2r4,4400200000.0,1523600000.0,2877700000,610280000,-0.966297,0.347064424196097,0.998030532995944,False,DOWN
Q9JHW2,Nit2,2734300000.0,1886800000.0,1191600000,916470000,-1.120027,0.0595348729416467,0.998030532995944,False,DOWN
Q9QXT0,Cnpy2,2018300000.0,1041000000.0,833440000,1753400000,-0.261903,0.690341131591437,0.998030532995944,False,NO CHANGE
P97807,Fh,3698900000.0,3405000000.0,2717100000,1770900000,-0.6941,0.166286904459792,0.998030532995944,False,DOWN
Q64433,Hspe1,5376500000.0,4607000000.0,6487600000,3560600000,-0.050345,0.917125130654996,0.998030532995944,False,NO CHANGE
Q9ERD7,Tubb3,31123000.0,2468100.0,14965000,0,-0.74606,0.714498782269347,0.998030532995944,False,NO CHANGE
Q9ER58,Spock2,4954300000.0,941250000.0,3362100000,1257900000,-0.070476,0.943773692806897,0.998030532995944,False,NO CHANGE
O54782,Man2b2,1382800000.0,974590000.0,712660000,955660000,-0.492302,0.376936577355857,0.998030532995944,False,NO CHANGE
P70699,Gaa,621900000.0,545490000.0,445000000,570550000,-0.209038,0.723046848792745,0.998030532995944,False,NO CHANGE
P70458,Serpina5,1544300000.0,725440000.0,1039800000,629640000,-0.387488,0.561101404334813,0.998030532995944,False,NO CHANGE
Q9WV54,Asah1,2322200000.0,4542100000.0,1844100000,2992200000,-0.467364,0.420466150612247,0.998030532995944,False,NO CHANGE
P51655,Gpc4,2348900000.0,1291000000.0,1147100000,207130000,-1.836937,0.106452610672826,0.998030532995944,False,DOWN
Q61112,Sdf4,7332000000.0,5141100000.0,5545800000,4776100000,-0.254528,0.555324729536188,0.998030532995944,False,NO CHANGE
O70456,Sfn,1435700000.0,2343600000.0,541230000,2915600000,-0.546187,0.565986482353998,0.998030532995944,False,NO CHANGE
O09131,Gsto1,1083700000.0,3473100000.0,1154800000,3315000000,0.012231,0.988531804718906,0.999971162684518,False,NO CHANGE
P50580,Pa2g4,1376800000.0,913400000.0,628960000,301450000,-1.364803,0.0823938678673343,0.998030532995944,False,DOWN
Q99K85,Psat1,1571800000.0,2583300000.0,1528800000,4018900000,0.298784,0.653077379718568,0.998030532995944,False,NO CHANGE
Q9ET01,Pygl,186870000.0,258290000.0,195700000,374600000,0.301484,0.69801919166797,0.998030532995944,False,NO CHANGE
P17751,Tpi1,4500300000.0,10427000000.0,7197900000,15911000000,0.643628,0.351707546792549,0.998030532995944,False,UP
Q6ZWX6,Eif2s1,923090000.0,1132400000.0,745950000,708530000,-0.491938,0.361730691500089,0.998030532995944,False,NO CHANGE
P63242;Q8BGY2,Eif5a;Eif5a2,2360700000.0,2817700000.0,3447700000,4085300000,0.541172,0.22768816119928,0.998030532995944,False,NO CHANGE
Q9D8W5,Psmd12,2077300000.0,1658900000.0,1038000000,742140000,-1.080683,0.0689482367554256,0.998030532995944,False,DOWN
Q9WTX6,Cul1,730610000.0,144770000.0,314430000,78845000,-1.046517,0.40950768915972,0.998030532995944,False,DOWN
P53810,Pitpna,860240000.0,624570000.0,528420000,636510000,-0.337867,0.561826789199006,0.998030532995944,False,NO CHANGE
P40336,Vps26a,1562800000.0,821750000.0,1115200000,296470000,-0.978822,0.285953770331846,0.998030532995944,False,DOWN
P07724,Alb,1020900000.0,770700000.0,245770000,2055000000,-0.319782,0.778623154709969,0.998030532995944,False,NO CHANGE
Q9D0I9,Rars,1875700000.0,1752200000.0,736890000,710410000,-1.325176,0.030547356238204,0.998030532995944,False,DOWN
Q7TQI3,Otub1,3215700000.0,2131900000.0,1774000000,1080500000,-0.919284,0.121082436160992,0.998030532995944,False,DOWN
O55234,Psmb5,7546100000.0,6585900000.0,7603400000,8238300000,0.16694,0.667277799870475,0.998030532995944,False,NO CHANGE
P30115,Gsta3,15560000000.0,14357000000.0,1880500000,2669800000,-2.737802,0.0008687296555713,0.391217842820053,False,DOWN
P15532,Nme1,24047000000.0,23456000000.0,9001000000,26515000000,-0.620424,0.34161381162048,0.998030532995944,False,DOWN
Q9QZE7,Tsnax,1854700000.0,1022200000.0,894730000,711990000,-0.786705,0.203105145882058,0.998030532995944,False,DOWN
Q9CXY6,Ilf2,1707700000.0,1429100000.0,1347300000,1770900000,-0.016304,0.972018805426494,0.999971162684518,False,NO CHANGE
Q9R0P9,Uchl1,17899000000.0,10750000000.0,9379300000,11902000000,-0.39273,0.403209241970708,0.998030532995944,False,NO CHANGE
Q61035,Hars,2107800000.0,3329100000.0,2421700000,1676200000,-0.394828,0.440438994110032,0.998030532995944,False,NO CHANGE
O35381,Anp32a,3909700000.0,3945900000.0,700020000,2028600000,-1.72073,0.0376771336022564,0.998030532995944,False,DOWN
O55137,Acot1,2576000000.0,1874300000.0,2083700000,1845600000,-0.164123,0.715709895959922,0.998030532995944,False,NO CHANGE
Q91W90,Txndc5,5921200000.0,4346400000.0,4188400000,4272200000,-0.262166,0.534545359139619,0.998030532995944,False,NO CHANGE
Q9DAR7,Dcps,2012200000.0,1568300000.0,1590400000,1577700000,-0.165381,0.713896239775795,0.998030532995944,False,NO CHANGE
P70296,Pebp1,30798000000.0,15568000000.0,18384000000,27495000000,0.0381,0.941057158809706,0.998030532995944,False,NO CHANGE
Q8K183,Pdxk,2590000000.0,2260800000.0,2131400000,1811600000,-0.30036,0.492580614172778,0.998030532995944,False,NO CHANGE
O35855,Bcat2,2566300000.0,1637800000.0,1640700000,986850000,-0.688117,0.236807830554754,0.998030532995944,False,DOWN
P10648,Gsta2,6216000000.0,3456500000.0,5802600000,5053100000,0.224285,0.642989482254557,0.998030532995944,False,NO CHANGE
P62897,Cycs,11410000000.0,4514900000.0,8870400000,8964900000,0.313183,0.592106265864702,0.998030532995944,False,NO CHANGE
P47880,Igfbp6,3269600000.0,3113100000.0,3361200000,1737300000,-0.400821,0.445495029831213,0.998030532995944,False,NO CHANGE
P47878,Igfbp3,4892500000.0,1979400000.0,4375700000,2271900000,0.018889,0.977152027957725,0.999971162684518,False,NO CHANGE
Q9CYK2,Qpct,15496000000.0,9705400000.0,15582000000,5536700000,-0.400888,0.545059375455317,0.998030532995944,False,NO CHANGE
P28653,Bgn,19871000000.0,54053000000.0,16575000000,45560000000,-0.254131,0.738095502881182,0.998030532995944,False,NO CHANGE
Q61508,Ecm1,1978200000.0,21273000000.0,2286300000,16508000000,-0.078516,0.959471100768769,0.998824497432,False,NO CHANGE
P11152,Lpl,3025500000.0,2126700000.0,2647500000,1548100000,-0.32533,0.533347039687929,0.998030532995944,False,NO CHANGE
P06909,Cfh,230840000.0,2728100000.0,222860000,4309700000,0.304468,0.87513047778518,0.998030532995944,False,NO CHANGE
P70275,Sema3e,1074700000.0,1250200000.0,546930000,1322000000,-0.446971,0.498376602990452,0.998030532995944,False,NO CHANGE
O70250,Pgam2,553040000.0,157300000.0,378610000,174160000,-0.199888,0.836520514608276,0.998030532995944,False,NO CHANGE
Q9JKF1,Iqgap1,411620000.0,2045400000.0,189600000,476060000,-1.610761,0.164002247415354,0.998030532995944,False,DOWN
Q5SWU9,Acaca,201500000.0,105260000.0,1465400,132290000,-3.386797,0.19573005029915,0.998030532995944,False,DOWN
P22892,Ap1g1,457790000.0,222750000.0,550210000,43520000,-1.045189,0.47601849144991,0.998030532995944,False,DOWN
Q9WTX5,Skp1,846530000.0,443420000.0,609560000,409850000,-0.293685,0.66458809554101,0.998030532995944,False,NO CHANGE
P80314,Cct2,1853700000.0,564630000.0,1803700000,1006200000,0.397046,0.614739755399295,0.998030532995944,False,NO CHANGE
P16675,Ctsa,2754000000.0,2252200000.0,2618500000,2166800000,-0.064278,0.881189643676064,0.998030532995944,False,NO CHANGE
P80316,Cct5,910460000.0,816000000.0,1902400000,889830000,0.594057,0.345110443300979,0.998030532995944,False,UP
P51174,Acadl,1260800000.0,441630000.0,812990000,614380000,-0.078368,0.915266849032296,0.998030532995944,False,NO CHANGE
Q9Z1F9,Uba2,1133200000.0,107900000.0,736000000,128400000,-0.185837,0.90282375923775,0.998030532995944,False,NO CHANGE
Q01405,Sec23a,753890000.0,480620000.0,402030000,386650000,-0.61046,0.349998246612446,0.998030532995944,False,DOWN
Q91YE6,Ipo9,393350000.0,496020000.0,496890000,232890000,-0.376818,0.607187854695989,0.998030532995944,False,NO CHANGE
O88544,Cops4,2001200000.0,1490200000.0,1234300000,972780000,-0.656246,0.212099740670496,0.998030532995944,False,DOWN
Q91ZJ5,Ugp2,1770100000.0,1565400000.0,1660900000,959080000,-0.399337,0.453853636188925,0.998030532995944,False,NO CHANGE
Q99MN1,Kars,1854300000.0,1577000000.0,1213700000,1171200000,-0.520329,0.280361549405943,0.998030532995944,False,NO CHANGE
Q9CWH6,Psma8,764440000.0,140430000.0,712630000,438910000,0.771412,0.464879306336348,0.998030532995944,False,UP
Q01730,Rsu1,1940200000.0,1388400000.0,1369500000,1306900000,-0.294915,0.538821280911509,0.998030532995944,False,NO CHANGE
Q9CZY3,Ube2v1,2327500000.0,2094400000.0,994310000,1713600000,-0.75826,0.173378182703056,0.998030532995944,False,DOWN
O08553,Dpysl2,1625700000.0,3048600000.0,2257600000,2948000000,0.212659,0.685746421186733,0.998030532995944,False,NO CHANGE
Q9CY58,Serbp1,120320000.0,105310000.0,45834000,97473000,-0.751977,0.441314704112388,0.998030532995944,False,DOWN
Q99PT1,Arhgdia,6119900000.0,5041100000.0,4594600000,9349200000,0.238768,0.646803838483039,0.998030532995944,False,NO CHANGE
O35643,Ap1b1,264070000.0,197500000.0,112110000,242640000,-0.46952,0.576056885906376,0.998030532995944,False,NO CHANGE
O08795,Prkcsh,2891800000.0,2154200000.0,1157100000,1951900000,-0.731864,0.188997354894359,0.998030532995944,False,DOWN
Q9D8N0,Eef1g,4741900000.0,6239200000.0,3894500000,8593800000,0.088954,0.871587602699111,0.998030532995944,False,NO CHANGE
P28352,Apex1,1499500000.0,1126100000.0,1192300000,752870000,-0.455798,0.413335623982626,0.998030532995944,False,NO CHANGE
O88958,Gnpda1,2749700000.0,1434700000.0,2010700000,1452100000,-0.217092,0.693278966379834,0.998030532995944,False,NO CHANGE
Q9D154,Serpinb1a,2144000000.0,2938900000.0,3066100000,3165100000,0.311537,0.48005665524293,0.998030532995944,False,NO CHANGE
Q9R1P1,Psmb3,4218300000.0,2929400000.0,4210300000,4466800000,0.302949,0.490143615262679,0.998030532995944,False,NO CHANGE
Q9Z0S1,Bpnt1,1796300000.0,1729300000.0,1404500000,978230000,-0.588457,0.250567384617096,0.998030532995944,False,DOWN
Q99JW2,Acy1,847270000.0,589080000.0,308650000,400710000,-1.006378,0.147173901268547,0.998030532995944,False,DOWN
Q9CY64,Blvra,1324200000.0,1071700000.0,773760000,497180000,-0.941612,0.134251988574803,0.998030532995944,False,DOWN
Q9CZU6,Cs,8968400000.0,6062000000.0,6013000000,3138800000,-0.763173,0.1847207511536,0.998030532995944,False,DOWN
O35459,Ech1,3123100000.0,2253300000.0,364630000,303960000,-2.99428,0.001659200579286,0.412694954384437,False,DOWN
Q01768,Nme2,6401500000.0,4584400000.0,3881300000,7502300000,-0.005635,0.991316551294511,0.999971162684518,False,NO CHANGE
O55023,Impa1,3673500000.0,3935200000.0,4669600000,5083200000,0.357722,0.381140166139875,0.998030532995944,False,NO CHANGE
P51660,Hsd17b4,1625800000.0,339760000.0,830770000,112110000,-1.284115,0.357092190815074,0.998030532995944,False,DOWN
Q9D0K2,Oxct1,2419600000.0,1591400000.0,2517100000,910600000,-0.374207,0.584051450766205,0.998030532995944,False,NO CHANGE
O08807,Prdx4,7240700000.0,4837600000.0,6491500000,4787600000,-0.086283,0.8483788094527,0.998030532995944,False,NO CHANGE
P48759,Ptx3,7786600000.0,5583700000.0,5435100000,3233100000,-0.653495,0.211893267209257,0.998030532995944,False,DOWN
Q80UB0,,19802000000.0,7023600000.0,15127000000,9121400000,-0.005738,0.993016228324619,0.999971162684518,False,NO CHANGE
Q62165,Dag1,3484000000.0,5812500000.0,3698000000,4424500000,-0.153822,0.742325870084458,0.998030532995944,False,NO CHANGE
P10923,Spp1,13482000000.0,42377000000.0,3770000000,40999000000,-0.943045,0.490491248503396,0.998030532995944,False,DOWN
P07141,Csf1,4311800000.0,9815600000.0,4231300000,7352200000,-0.222045,0.714360480095572,0.998030532995944,False,NO CHANGE
P97497,Shbg,4108600000.0,2130800000.0,6010000000,2845400000,0.482977,0.444261984372465,0.998030532995944,False,NO CHANGE
P11672,Lcn2,20264000000.0,258300000000.0,19708000000,226790000000,-0.113914,0.947910556970929,0.998030532995944,False,NO CHANGE
P98063,Bmp1,216950000.0,1265200000.0,108120000,1435800000,-0.41112,0.798176872154388,0.998030532995944,False,NO CHANGE
Q07797,Lgals3bp,2372700000.0,3375900000.0,1923000000,2001400000,-0.528717,0.264749186784049,0.998030532995944,False,NO CHANGE
Q8BFR4,Gns,1895300000.0,1869200000.0,1298300000,1087800000,-0.663405,0.180433812409597,0.998030532995944,False,DOWN
P18406,Cyr61,12959000000.0,14658000000.0,12374000000,22548000000,0.277334,0.556557021987013,0.998030532995944,False,NO CHANGE
P21956,Mfge8,2181200000.0,2705300000.0,2141400000,3140200000,0.09425,0.837062065283313,0.998030532995944,False,NO CHANGE
Q8BKG3,Ptk7,660840000.0,1966900000.0,369100000,2505200000,-0.245644,0.83019970110122,0.998030532995944,False,NO CHANGE
Q60972,Rbbp4,4331800000.0,3462000000.0,3838500000,2545300000,-0.309097,0.504097140422933,0.998030532995944,False,NO CHANGE
P62334,Psmc6,885430000.0,303650000.0,727420000,316180000,-0.112626,0.8963945648226,0.998030532995944,False,NO CHANGE
Q8CDN6,Txnl1,2429400000.0,2631000000.0,1509700000,1429900000,-0.783018,0.109053603604933,0.998030532995944,False,DOWN
Q9Z1Z2,Strap,727740000.0,528990000.0,252150000,533940000,-0.757852,0.307734629330803,0.998030532995944,False,DOWN
P80317,Cct6a,1090300000.0,769970000.0,1879700000,1649200000,0.942335,0.0978482381546133,0.998030532995944,False,UP
P17918,Pcna,3057500000.0,2104800000.0,2489700000,2208600000,-0.113466,0.801143079638117,0.998030532995944,False,NO CHANGE
Q9CXW3,Cacybp,983960000.0,781880000.0,501260000,1071900000,-0.258945,0.687061393894625,0.998030532995944,False,NO CHANGE
Q9QZE5,Copg1,639860000.0,499030000.0,650900000,281050000,-0.40181,0.580495645431084,0.998030532995944,False,NO CHANGE
Q9D1E6,Tbcb,401760000.0,223510000.0,282790000,280900000,-0.088443,0.902049197716764,0.998030532995944,False,NO CHANGE
Q920E5,Fdps,3317700000.0,3582900000.0,1975200000,4117800000,-0.273719,0.609508222072053,0.998030532995944,False,NO CHANGE
P05063,Aldoc,244050000.0,435010000.0,117440000,202030000,-1.080866,0.212622597926322,0.998030532995944,False,DOWN
Q91XV3,Basp1,1637000000.0,369180000.0,765000000,442980000,-0.417303,0.654081089827571,0.998030532995944,False,NO CHANGE
Q9WTM5,Ruvbl2,737440000.0,173960000.0,717760000,325690000,0.43286,0.66354082424185,0.998030532995944,False,NO CHANGE
Q9CWS0,Ddah1,1199400000.0,1116700000.0,486180000,847520000,-0.850336,0.176967568427237,0.998030532995944,False,DOWN
Q05186,Rcn1,1699400000.0,1334500000.0,458970000,1536300000,-0.842697,0.288320121265095,0.998030532995944,False,DOWN
Q9CYR6,Pgm3,985300000.0,671130000.0,647890000,919530000,-0.075255,0.895579730878095,0.998030532995944,False,NO CHANGE
Q9CQI3,Gmfb,2143900000.0,763010000.0,110130000,1808600000,-1.518929,0.346856375309326,0.998030532995944,False,DOWN
Q9DBG3,Ap2b1,754820000.0,797130000.0,565140000,889230000,-0.129891,0.820004480317893,0.998030532995944,False,NO CHANGE
Q9Z0N1,Eif2s3x,1479400000.0,1424700000.0,740120000,637070000,-1.080158,0.0678557860578695,0.998030532995944,False,DOWN
Q8BGR9,Ublcp1,1228100000.0,650330000.0,646840000,454900000,-0.720285,0.286194951508471,0.998030532995944,False,DOWN
Q9CXI5,Manf,2632700000.0,1196000000.0,1327500000,2400900000,0.008763,0.98892503356446,0.999971162684518,False,NO CHANGE
Q9D051,Pdhb,3853400000.0,875380000.0,1060600000,428250000,-1.446354,0.167022097714481,0.998030532995944,False,DOWN
F6ZDS4,Tpr,112410000.0,82854000.0,51428000,63830000,-0.752241,0.433324407150912,0.998030532995944,False,DOWN
P05132;P68181,Prkaca;Prkacb,776320000.0,535730000.0,109010000,433210000,-1.569315,0.130643895867326,0.998030532995944,False,DOWN
Q9D819,Ppa1,1314300000.0,1410800000.0,1140200000,571440000,-0.754424,0.22948864467288,0.998030532995944,False,DOWN
O09061,Psmb1,7313200000.0,5489800000.0,6459800000,5380900000,-0.10396,0.802162259394979,0.998030532995944,False,NO CHANGE
Q61171,Prdx2,20084000000.0,14220000000.0,14480000000,18848000000,-0.032748,0.937070455012675,0.998030532995944,False,NO CHANGE
P59242,Cgn,262480000.0,108490000.0,298910000,221450000,0.608461,0.480954790839801,0.998030532995944,False,UP
Q9DBF1,Aldh7a1,3259800000.0,3183000000.0,3137500000,2150100000,-0.310576,0.490489740842232,0.998030532995944,False,NO CHANGE
P30681,Hmgb2,714550000.0,988880000.0,102940000,370380000,-2.10601,0.0507893573809855,0.998030532995944,False,DOWN
P63158,Hmgb1,795440000.0,3260800000.0,146350000,712320000,-2.318479,0.0820502956212292,0.998030532995944,False,DOWN
P97372,Psme2,1365700000.0,1727900000.0,904310000,2066000000,-0.168465,0.780104914823972,0.998030532995944,False,NO CHANGE
Q62446,Fkbp3,733280000.0,1357400000.0,274830000,423470000,-1.548169,0.0562063995113584,0.998030532995944,False,DOWN
P97371,Psme1,2036400000.0,1925500000.0,1812600000,2785400000,0.182346,0.696705711658789,0.998030532995944,False,NO CHANGE
Q9CQ60,Pgls,2350900000.0,2248800000.0,1537300000,2865300000,-0.131642,0.796304099435023,0.998030532995944,False,NO CHANGE
Q91W89,Man2c1,313850000.0,129680000.0,177030000,20400000,-1.747198,0.237888544010379,0.998030532995944,False,DOWN
Q9EQU5,Set,3779700000.0,5810300000.0,80791000,5509400000,-2.812325,0.21928393659407,0.998030532995944,False,DOWN
Q8BP92,Rcn2,2342500000.0,2246100000.0,875300000,2465900000,-0.642754,0.343665083431174,0.998030532995944,False,DOWN
A6H630,Armt1,1488700000.0,529120000.0,1355200000,254170000,-0.596674,0.58205111647915,0.998030532995944,False,DOWN
P24472,Gsta4,27434000000.0,32073000000.0,30555000000,49116000000,0.385139,0.379684379496454,0.998030532995944,False,NO CHANGE
P25785,Timp2,9387000000.0,6730900000.0,6342700000,9880200000,-0.005913,0.989690560854751,0.999971162684518,False,NO CHANGE
P01901,H2-K1,2272500000.0,2560100000.0,1316500000,1931500000,-0.597026,0.231123041449316,0.998030532995944,False,DOWN
O88531,Ppt1,6220200000.0,4205200000.0,4347200000,3720600000,-0.346757,0.440162061765156,0.998030532995944,False,NO CHANGE
Q9WVJ3,Cpq,3375100000.0,2986600000.0,2711900000,2459100000,-0.298,0.477630188918933,0.998030532995944,False,NO CHANGE
P12804,Fgl2,491820000.0,431210000.0,563990000,164700000,-0.595505,0.496044723488189,0.998030532995944,False,DOWN
Q8VC30,Dak,1246500000.0,185640000.0,977450000,98833000,-0.630115,0.683535273238638,0.998030532995944,False,DOWN
Q9QZF2,Gpc1,1419900000.0,634140000.0,1103200000,751830000,-0.059245,0.927425955887831,0.998030532995944,False,NO CHANGE
Q78PY7,Snd1,260350000.0,126650000.0,96146000,222200000,-0.313071,0.734982859260481,0.998030532995944,False,NO CHANGE
Q9QWR8,Naga,1316600000.0,1157400000.0,616410000,309010000,-1.500009,0.0512528972268415,0.998030532995944,False,DOWN
O09172,Gclm,1140800000.0,1385700000.0,1204300000,1551800000,0.120738,0.801524143507427,0.998030532995944,False,NO CHANGE
Q61001,Lama5,46346000.0,39608000.0,20209000,55348000,-0.357354,0.772776637809385,0.998030532995944,False,NO CHANGE
Q99L47,St13,3002500000.0,1662000000.0,224010000,784060000,-2.414207,0.0255133189772107,0.998030532995944,False,DOWN
Q05816,Fabp5,568130000.0,428920000.0,213960000,523360000,-0.560892,0.469675409058592,0.998030532995944,False,NO CHANGE
P80313,Cct7,1250800000.0,1388300000.0,2187200000,1900500000,0.629647,0.193185465866492,0.998030532995944,False,UP
Q9CYA0,Creld2,1280400000.0,536070000.0,1048800000,456820000,-0.259325,0.73830955729484,0.998030532995944,False,NO CHANGE
P46471,Psmc2,649410000.0,932930000.0,311460000,324670000,-1.291439,0.0744433384866289,0.998030532995944,False,DOWN
Q9JMA1,Usp14,1446800000.0,598760000.0,916250000,863130000,-0.065726,0.919479606342441,0.998030532995944,False,NO CHANGE
Q9CQM9,Glrx3,1387500000.0,1467500000.0,224420000,2208800000,-1.019156,0.405339607441136,0.998030532995944,False,DOWN
P14685,Psmd3,1190600000.0,517880000.0,1331900000,396230000,-0.112241,0.897230651260717,0.998030532995944,False,NO CHANGE
Q64669,Nqo1,710080000.0,1095900000.0,687060000,1102000000,-0.019769,0.973168771978008,0.999971162684518,False,NO CHANGE
A6H5Y3,Mtr,156300000.0,52788000.0,173240000,20882000,-0.594748,0.683186940082674,0.998030532995944,False,DOWN
Q99KQ4,Nampt,1080700000.0,1322600000.0,1334500000,872980000,-0.147512,0.777623768438575,0.998030532995944,False,NO CHANGE
Q9CPW4,Arpc5,1601300000.0,1366400000.0,273600000,1327900000,-1.295168,0.187665457782652,0.998030532995944,False,DOWN
Q9EST5,Anp32b,2659900000.0,4034600000.0,86092000,1636100000,-3.125757,0.083353945289183,0.998030532995944,False,DOWN
P26516,Psmd7,1060400000.0,944070000.0,607790000,753490000,-0.564135,0.309592179458533,0.998030532995944,False,NO CHANGE
P55302,Lrpap1,731840000.0,319570000.0,687650000,754590000,0.574854,0.416136172809268,0.998030532995944,False,NO CHANGE
Q9CZ30,Ola1,765330000.0,453890000.0,370210000,214080000,-1.065965,0.173102683037743,0.998030532995944,False,DOWN
P00493,Hprt1,3736600000.0,3677700000.0,3967900000,6564700000,0.461287,0.334667790909867,0.998030532995944,False,NO CHANGE
Q8C878,Uba3,808020000.0,503330000.0,470980000,199450000,-1.057101,0.20090631281793,0.998030532995944,False,DOWN
O54724,Ptrf,589100000.0,580360000.0,80565000,185530000,-2.257792,0.0278269157464377,0.998030532995944,False,DOWN
Q9D8Y0,Efhd2,2306000000.0,1647700000.0,1700700000,2799600000,0.162752,0.748512776397741,0.998030532995944,False,NO CHANGE
P48428,Tbca,1439500000.0,832660000.0,979710000,943260000,-0.187607,0.733685473131754,0.998030532995944,False,NO CHANGE
P61161,Actr2,2219500000.0,2473700000.0,2012900000,3070100000,0.085328,0.852564943213825,0.998030532995944,False,NO CHANGE
P28474,Adh5,1503700000.0,1608400000.0,1280500000,711910000,-0.703834,0.22764277646146,0.998030532995944,False,DOWN
Q8BGF3,Wdr92,734710000.0,201280000.0,130710000,149600000,-1.45945,0.158506501257078,0.998030532995944,False,DOWN
Q8R146,Apeh,1329100000.0,702860000.0,521820000,358090000,-1.16087,0.11682633152593,0.998030532995944,False,DOWN
P61089,Ube2n,3000400000.0,1396000000.0,665680000,1880400000,-0.871257,0.275538463236236,0.998030532995944,False,DOWN
O35864,Cops5,1297800000.0,956290000.0,844540000,394990000,-0.947731,0.181399262038663,0.998030532995944,False,DOWN
O89079,Cope,932110000.0,1032100000.0,509880000,568050000,-0.865918,0.148019608697853,0.998030532995944,False,DOWN
Q8C0M9,Asrgl1,1203000000.0,303180000.0,755990000,248470000,-0.47865,0.640950252671788,0.998030532995944,False,NO CHANGE
Q64442,Sord,1093500000.0,514770000.0,241270000,290920000,-1.501769,0.0728392956523823,0.998030532995944,False,DOWN
P27612,Plaa,356080000.0,225920000.0,338710000,1261900000,1.204781,0.213184448147248,0.998030532995944,False,UP
O70251,Eef1b,1692700000.0,2049900000.0,1294200000,3049900000,0.092971,0.875163398234994,0.998030532995944,False,NO CHANGE
Q8R3Q6,Ccdc58,392900000.0,216440000.0,36619000,179150000,-1.848148,0.138335802269841,0.998030532995944,False,DOWN
Q9CZC8,Scrn1,976010000.0,502830000.0,424100000,740230000,-0.322294,0.64173177485432,0.998030532995944,False,NO CHANGE
P49722,Psma2,5610800000.0,5076900000.0,4687200000,5978400000,-0.011834,0.976608982677339,0.999971162684518,False,NO CHANGE
Q8CHP8,Pgp,3680500000.0,2005500000.0,2597400000,1468000000,-0.476472,0.418404965026724,0.998030532995944,False,NO CHANGE
Q99JF8,Psip1,360130000.0,264570000.0,129240000,171150000,-1.053427,0.193257590196366,0.998030532995944,False,DOWN
P51859,Hdgf,2175300000.0,1906600000.0,806560000,1127000000,-1.094938,0.0601807752909082,0.998030532995944,False,DOWN
Q8BVI4,Qdpr,2490300000.0,2222600000.0,2320100000,2659100000,0.078279,0.851801810433087,0.998030532995944,False,NO CHANGE
Q61937,Npm1,1034600000.0,3191800000.0,267090000,2539100000,-1.141864,0.399172888890013,0.998030532995944,False,DOWN
Q60597,Ogdh,261950000.0,20444000.0,212760000,47101000,0.452008,0.784610623872532,0.998030532995944,False,NO CHANGE
Q61584,Fxr1,59845000.0,2574800.0,20292000,61702000,1.511233,0.471930751424733,0.998030532995944,False,UP
Q8BIJ6,Iars2,187130000.0,44750000.0,62742000,109710000,-0.141401,0.900857228607824,0.998030532995944,False,NO CHANGE
Q9QXD6,Fbp1,1106500000.0,23379000.0,1104500000,88130000,0.955905,0.68587080731358,0.998030532995944,False,UP
Q60963,Pla2g7,2201100000.0,1362800000.0,1943500000,1406900000,-0.066811,0.895899786905205,0.998030532995944,False,NO CHANGE
P28654,Dcn,4637000000.0,13484000000.0,4044700000,10661000000,-0.268032,0.731530182667283,0.998030532995944,False,NO CHANGE
Q9WTM3,Sema6c,1449700000.0,528790000.0,625990000,172220000,-1.414993,0.180594789329275,0.998030532995944,False,DOWN
Q06335,Aplp2,1484800000.0,724280000.0,1564100000,1953300000,0.753179,0.224962529703247,0.998030532995944,False,UP
O35684,Serpini1,1617800000.0,1419500000.0,1437200000,424940000,-0.955412,0.235797163997096,0.998030532995944,False,DOWN
Q61554,Fbn1,93057000.0,760270000.0,94804000,396770000,-0.455688,0.743900967178776,0.998030532995944,False,NO CHANGE
Q9CZT5,Vasn,2318500000.0,1465200000.0,1594800000,1321600000,-0.344314,0.495516129059817,0.998030532995944,False,NO CHANGE
Q811B1,Xylt1,482790000.0,66285000.0,336920000,36983000,-0.680405,0.673743398962032,0.998030532995944,False,DOWN
Q99M71,Epdr1,1795000000.0,1205000000.0,1669000000,1006800000,-0.182128,0.738288671984728,0.998030532995944,False,NO CHANGE
Q62181,Sema3c,330040000.0,549560000.0,305160000,464110000,-0.178443,0.796232309055985,0.998030532995944,False,NO CHANGE
P62983;P62984;P0CG49;P0CG50,Rps27a;Uba52;Ubb;Ubc,11116000000.0,9497700000.0,13568000000,12609000000,0.348187,0.375892492705548,0.998030532995944,False,NO CHANGE
Q64191,Aga,2106300000.0,1215800000.0,1059300000,1629500000,-0.284538,0.611647120758158,0.998030532995944,False,NO CHANGE
Q99K51,Pls3,899090000.0,1748700000.0,452230000,1591100000,-0.563834,0.504549331057525,0.998030532995944,False,NO CHANGE
Q60631,Grb2,1324200000.0,955530000.0,587440000,1118400000,-0.472772,0.443747945493446,0.998030532995944,False,NO CHANGE
P63330,Ppp2ca,262120000.0,275220000.0,1108200000,906720000,1.899995,0.0181031494418273,0.998030532995944,False,UP
Q06138,Cab39,1851800000.0,1152100000.0,1145000000,201240000,-1.605429,0.147452396814007,0.998030532995944,False,DOWN
P14602,Hspb1,381760000.0,251620000.0,213900000,315150000,-0.255469,0.723916099426183,0.998030532995944,False,NO CHANGE
P63087,Ppp1cc,586030000.0,276370000.0,813270000,599340000,0.794767,0.278701225054693,0.998030532995944,False,UP
Q9D1P4,Chordc1,600090000.0,274340000.0,224830000,265710000,-0.731228,0.352626184512247,0.998030532995944,False,DOWN
P53994,Rab2a,570790000.0,354770000.0,477470000,554730000,0.193676,0.760798045814195,0.998030532995944,False,NO CHANGE
P62141,Ppp1cb,1403300000.0,1344000000.0,317830000,291910000,-2.172717,0.0081866387367989,0.991606616994774,False,DOWN
Q8BWY3,Etf1,1492800000.0,739930000.0,245880000,918030000,-1.145421,0.229342126956826,0.998030532995944,False,DOWN
P61087,Ube2k,1167000000.0,647400000.0,615710000,820410000,-0.290397,0.634599786783068,0.998030532995944,False,NO CHANGE
P53996,Cnbp,1144500000.0,1410400000.0,1120000000,908620000,-0.332787,0.508033256263767,0.998030532995944,False,NO CHANGE
P60335,Pcbp1,2221100000.0,1345900000.0,1530500000,1011000000,-0.47503,0.396145020725381,0.998030532995944,False,NO CHANGE
Q8CAY6,Acat2,1660900000.0,1683700000.0,446370000,958170000,-1.354467,0.0624653746403826,0.998030532995944,False,DOWN
O08677,Kng1,194140000.0,224210000.0,97136000,215410000,-0.528392,0.536974909863709,0.998030532995944,False,NO CHANGE
Q9CZD3,Gars,651020000.0,301090000.0,743990000,27093000,-1.640811,0.366701860156675,0.998030532995944,False,DOWN
Q00612,G6pdx,531030000.0,551520000.0,444320000,3519300000,1.208305,0.299710696719965,0.998030532995944,False,UP
P97351,Rps3a,314340000.0,202200000.0,67637000,343580000,-0.725789,0.509555023072311,0.998030532995944,False,DOWN
Q11136,Pepd,2032900000.0,2611500000.0,2495400000,741330000,-0.76048,0.318653298729343,0.998030532995944,False,DOWN
Q9QZD9,Eif3i,721220000.0,508230000.0,683050000,386920000,-0.235947,0.717574524068764,0.998030532995944,False,NO CHANGE
O35737;P70333,Hnrnph1;Hnrnph2,250730000.0,274210000.0,115290000,232510000,-0.679428,0.40783085576549,0.998030532995944,False,DOWN
Q91WQ3,Yars,908020000.0,971680000.0,504820000,1043300000,-0.372177,0.553463025299838,0.998030532995944,False,NO CHANGE
P97315,Csrp1,1312400000.0,1175300000.0,719390000,558490000,-0.970394,0.105170886483743,0.998030532995944,False,DOWN
Q8VDW0,Ddx39a,278500000.0,53719000.0,145840000,52770000,-0.479503,0.700455999069346,0.998030532995944,False,NO CHANGE
P50516,Atp6v1a,1020800000.0,1124200000.0,1140200000,1214000000,0.135228,0.776951723940392,0.998030532995944,False,NO CHANGE
Q60715,P4ha1,662220000.0,801980000.0,116010000,221100000,-2.185964,0.0223262609719228,0.998030532995944,False,DOWN
P62821,Rab1A,1183800000.0,843140000.0,1096000000,981270000,0.05385,0.916411175035457,0.998030532995944,False,NO CHANGE
Q9Z2N8,Actl6a,567510000.0,191460000.0,335550000,140480000,-0.602398,0.530764300643159,0.998030532995944,False,DOWN
P23591,Tsta3,1201400000.0,399100000.0,604210000,397720000,-0.498296,0.535676276535111,0.998030532995944,False,NO CHANGE
P47753,Capza1,2729900000.0,2089700000.0,1782300000,1891100000,-0.379589,0.402342291777181,0.998030532995944,False,NO CHANGE
Q62188,Dpysl3,320380000.0,798910000.0,724400000,912910000,0.684721,0.353019182957797,0.998030532995944,False,UP
Q6P1B1,Xpnpep1,1569600000.0,1376100000.0,1043800000,2312400000,0.080127,0.890545777566918,0.998030532995944,False,NO CHANGE
P99029,Prdx5,2620400000.0,2406800000.0,309030000,2727900000,-1.451647,0.228610804558656,0.998030532995944,False,DOWN
Q9DC23,Dnajc10,562600000.0,232210000.0,457990000,48096000,-1.284117,0.35826650855431,0.998030532995944,False,DOWN
Q60598,Cttn,283430000.0,259020000.0,82845000,158790000,-1.240225,0.165612019451932,0.998030532995944,False,DOWN
P16045,Lgals1,10421000000.0,5735200000.0,11467000000,9495600000,0.432705,0.382387796814917,0.998030532995944,False,NO CHANGE
Q9D2M8,Ube2v2,207720000.0,163980000.0,50573000,234590000,-0.76079,0.487962865581643,0.998030532995944,False,DOWN
Q8R164,Bphl,431700000.0,414220000.0,400770000,240160000,-0.446828,0.516776813099412,0.998030532995944,False,NO CHANGE
P61327;Q9CQL1,Magoh;Magohb,2120900000.0,791010000.0,319400000,1591100000,-0.861492,0.412142536409482,0.998030532995944,False,DOWN
Q9JJU8,Sh3bgrl,1641800000.0,1072900000.0,2010000000,3070300000,0.904391,0.120758882512342,0.998030532995944,False,UP
P47968,Rpia,571550000.0,926790000.0,605720000,512780000,-0.385066,0.528759039016769,0.998030532995944,False,NO CHANGE
Q9JK81,Myg1,905700000.0,628320000.0,373410000,664600000,-0.598643,0.369990061224248,0.998030532995944,False,DOWN
Q9D7X8,Ggct,532610000.0,141840000.0,340590000,143060000,-0.316344,0.756386986228266,0.998030532995944,False,NO CHANGE
P70195,Psmb7,3900100000.0,3212700000.0,13850000000,2185100000,0.636108,0.515121064263818,0.998030532995944,False,UP
P00375,Dhfr,535660000.0,623980000.0,395690000,613490000,-0.230703,0.708803429708479,0.998030532995944,False,NO CHANGE
Q9DAK9,Phpt1,821390000.0,303960000.0,414480000,470340000,-0.178471,0.813993902213159,0.998030532995944,False,NO CHANGE
Q3TCN2,Plbd2,1346600000.0,1231300000.0,1191100000,1228800000,-0.08998,0.845923569448596,0.998030532995944,False,NO CHANGE
Q8BH97,Rcn3,2467000000.0,2131600000.0,1502000000,3352200000,-0.031351,0.9556688479798,0.998429233091565,False,NO CHANGE
A3KMP2,Ttc38,496980000.0,1198100000.0,1011500000,86273000,-1.385229,0.333637318476216,0.998030532995944,False,DOWN
Q9WTP6,Ak2,2126800000.0,1579200000.0,1888800000,1485100000,-0.129924,0.780949640170708,0.998030532995944,False,NO CHANGE
P35505,Fah,759290000.0,458540000.0,392430000,466420000,-0.463817,0.475974731095683,0.998030532995944,False,NO CHANGE
Q9Z2U1,Psma5,7011800000.0,5635800000.0,6109400000,8148700000,0.166598,0.691232071790672,0.998030532995944,False,NO CHANGE
O35143,Atpif1,571930000.0,409390000.0,421970000,340770000,-0.351688,0.584426597688201,0.998030532995944,False,NO CHANGE
P49312,Hnrnpa1,3055200000.0,4891200000.0,2159800000,4391100000,-0.327988,0.566565950212072,0.998030532995944,False,NO CHANGE
Q8K4Z3,Apoa1bp,2686100000.0,1894300000.0,989940000,1855700000,-0.734901,0.215406554388253,0.998030532995944,False,DOWN
Q60668,Hnrnpd,1977300000.0,2591300000.0,1328100000,2521000000,-0.306924,0.570343952974707,0.998030532995944,False,NO CHANGE
Q99LP6,Grpel1,1780200000.0,1016900000.0,1771700000,927780000,-0.069614,0.908747287854999,0.998030532995944,False,NO CHANGE
P35979,Rpl12,4388600000.0,5456800000.0,3900500000,6160400000,0.002434,0.995717714313922,0.999971162684518,False,NO CHANGE
P00015,Cyct,329600000.0,143730000.0,1004200000,235920000,1.161097,0.282677605287105,0.998030532995944,False,UP
P20108,Prdx3,7267000000.0,5647300000.0,7016900000,6846800000,0.113671,0.77605553862161,0.998030532995944,False,NO CHANGE
P97311,Mcm6,182730000.0,0.0,31147000,0,-1.060521,0.676631097254868,0.998030532995944,False,NO CHANGE
O89017,Lgmn,22891000000.0,10688000000.0,18583000000,10313000000,-0.176162,0.762654663493234,0.998030532995944,False,NO CHANGE
P11859,Agt,3501900000.0,5644500000.0,2943700000,3183100000,-0.53846,0.266742647635686,0.998030532995944,False,NO CHANGE
Q9WUU7,Ctsz,3387900000.0,3613900000.0,4308500000,2662600000,-0.046963,0.918078764784334,0.998030532995944,False,NO CHANGE
O88668,Creg1,488960000.0,611080000.0,363470000,510070000,-0.344273,0.582942074713248,0.998030532995944,False,NO CHANGE
Q9Z0L8,Ggh,1706400000.0,1783800000.0,2276000000,1670200000,0.160306,0.723446772946324,0.998030532995944,False,NO CHANGE
Q02853,Mmp11,635430000.0,338450000.0,409310000,321900000,-0.353435,0.612499156695868,0.998030532995944,False,NO CHANGE
O88393,Tgfbr3,564810000.0,858430000.0,647940000,1157200000,0.31448,0.616701853249199,0.998030532995944,False,NO CHANGE
A2A8L5,Ptprf,235360000.0,576800000.0,131120000,486370000,-0.544999,0.589108784031745,0.998030532995944,False,NO CHANGE
B9EKR1,Ptprz1,542550000.0,140240000.0,303090000,20366000,-1.811837,0.291321335066964,0.998030532995944,False,DOWN
Q9Z2L6,Minpp1,1638200000.0,1343100000.0,2067600000,1508600000,0.251745,0.596966967266508,0.998030532995944,False,NO CHANGE
P30412,Ppic,3110200000.0,9746800000.0,2677300000,20434000000,0.425871,0.722547932469661,0.998030532995944,False,NO CHANGE
Q9Z0J0,Npc2,6055600000.0,5161400000.0,5868400000,8765600000,0.359394,0.420866263337521,0.998030532995944,False,NO CHANGE
Q9JHQ5,Lztfl1,523210000.0,37113000.0,624160000,189080000,1.301763,0.414107389939034,0.998030532995944,False,UP
P32507,Pvrl2,880800000.0,840740000.0,616880000,599790000,-0.500513,0.366862921544288,0.998030532995944,False,NO CHANGE
B2RXS4,Plxnb2,453690000.0,481880000.0,8910000000,595440000,2.300464,0.144658756156304,0.998030532995944,False,UP
Q60648,Gm2a,7582100000.0,3449100000.0,7737700000,8381600000,0.655157,0.251270320230213,0.998030532995944,False,UP
P29391;P49945,Ftl1;Ftl2,910840000.0,2747900000.0,699700000,1061400000,-0.876411,0.259177064363371,0.998030532995944,False,DOWN
P60521,Gabarapl2,342970000.0,232120000.0,349460000,349890000,0.309538,0.650652260065979,0.998030532995944,False,NO CHANGE
Q60872,Eif1a,28489000.0,12549000.0,0,11512000,-1.814324,0.272807846048058,0.998030532995944,False,NO CHANGE
Q60973,Rbbp7,533460000.0,781980000.0,266030000,407880000,-0.971389,0.177082907856965,0.998030532995944,False,DOWN
P09528,Fth1,1775000000.0,1448000000.0,1382100000,1871200000,0.004473,0.992382856372447,0.999971162684518,False,NO CHANGE
P70122,Sbds,272910000.0,699300000.0,304780000,418480000,-0.290705,0.709078555051479,0.998030532995944,False,NO CHANGE
Q61699,Hsph1,106140000.0,45046000.0,66319000,260550000,0.926808,0.432580496043568,0.998030532995944,False,UP
P53811,Pitpnb,219560000.0,339780000.0,116510000,234520000,-0.724526,0.391211344994328,0.998030532995944,False,DOWN
Q9EPL8,Ipo7,534210000.0,674690000.0,224440000,703100000,-0.595786,0.470077809397255,0.998030532995944,False,DOWN
P63085,Mapk1,623700000.0,821400000.0,259150000,867620000,-0.594043,0.47461893906222,0.998030532995944,False,DOWN
Q9D0R2,Tars,966990000.0,978750000.0,418750000,76129000,-2.445917,0.0497230074948902,0.998030532995944,False,DOWN
P62137,Ppp1ca,160190000.0,89253000.0,465960000,176390000,1.261609,0.203473105851537,0.998030532995944,False,UP
Q61576,Fkbp10,1200800000.0,1565700000.0,979840000,965080000,-0.495733,0.331170046948557,0.998030532995944,False,NO CHANGE
Q8BMJ3,Eif1ax,513870000.0,538490000.0,66174000,370300000,-1.748646,0.138462162573661,0.998030532995944,False,DOWN
P62869,Tceb2,619890000.0,363640000.0,86060000,311960000,-1.534874,0.144330576205937,0.998030532995944,False,DOWN
P46638;P62492,Rab11b;Rab11a,2497900000.0,1316700000.0,1710300000,1617200000,-0.124947,0.812580906700805,0.998030532995944,False,NO CHANGE
Q60739,Bag1,164830000.0,84729000.0,231880000,110170000,0.435602,0.63835626297747,0.998030532995944,False,NO CHANGE
O08810,Eftud2,167330000.0,101830000.0,52955000,91594000,-0.906347,0.348403146611636,0.998030532995944,False,DOWN
Q9CWJ9,Atic,809340000.0,542270000.0,437670000,850430000,-0.118861,0.857056659972866,0.998030532995944,False,NO CHANGE
Q9R0P3,Esd,1997500000.0,3116500000.0,1307000000,2468800000,-0.474027,0.40918420454573,0.998030532995944,False,NO CHANGE
Q9QZ08,Nagk,380190000.0,126900000.0,158060000,102840000,-0.784769,0.417834576775844,0.998030532995944,False,DOWN
Q9D0I8,Mrto4,175860000.0,57177000.0,51427000,13246000,-1.941854,0.180774355539115,0.998030532995944,False,DOWN
P97494,Gclc,816830000.0,360840000.0,233380000,711360000,-0.414067,0.641302588373472,0.998030532995944,False,NO CHANGE
Q99KR3,Lactb2,674860000.0,352520000.0,397260000,401700000,-0.288046,0.671912104926614,0.998030532995944,False,NO CHANGE
P47754,Capza2,796350000.0,1203100000.0,946000000,490470000,-0.523041,0.42247035991799,0.998030532995944,False,NO CHANGE
Q9CR00,Psmd9,515320000.0,315490000.0,140260000,208400000,-1.237802,0.138101735280851,0.998030532995944,False,DOWN
Q61166,Mapre1,881080000.0,851940000.0,750990000,731330000,-0.225354,0.665947883544811,0.998030532995944,False,NO CHANGE
Q9D1A2,Cndp2,1031400000.0,2784900000.0,1442300000,1850600000,-0.052933,0.934882174043092,0.998030532995944,False,NO CHANGE
Q9JM76,Arpc3,2200000000.0,1952000000.0,1779600000,3180800000,0.199243,0.692300915770573,0.998030532995944,False,NO CHANGE
Q5FWK3,Arhgap1,991390000.0,1296300000.0,580080000,418950000,-1.201375,0.0732273890010296,0.998030532995944,False,DOWN
Q64010,Crk,650070000.0,731200000.0,523750000,632740000,-0.260185,0.645677454923961,0.998030532995944,False,NO CHANGE
Q99KB8,Hagh,1925500000.0,810660000.0,1488900000,1181200000,0.086049,0.889935845280277,0.998030532995944,False,NO CHANGE
P16858,Gapdh,636650000.0,1190600000.0,877800000,721380000,-0.129733,0.828441562364011,0.998030532995944,False,NO CHANGE
P23116,Eif3a,230090000.0,172800000.0,56117000,36840000,-2.132723,0.0514895249397251,0.998030532995944,False,DOWN
Q64674,Srm,991200000.0,1336600000.0,787490000,1002800000,-0.373224,0.482601204135746,0.998030532995944,False,NO CHANGE
Q9Z247,Fkbp9,1503800000.0,1108200000.0,861470000,974930000,-0.494294,0.346236673541121,0.998030532995944,False,NO CHANGE
P61965,Wdr5,654370000.0,363140000.0,174670000,114450000,-1.785642,0.0551962738633041,0.998030532995944,False,DOWN
P14131,Rps16,480530000.0,519730000.0,63244000,685110000,-1.263526,0.351229471399324,0.998030532995944,False,DOWN
P10639,Txn,1427100000.0,3151200000.0,2960100000,1687000000,0.075559,0.902678586274826,0.998030532995944,False,NO CHANGE
P54822,Adsl,938800000.0,481580000.0,1055400000,891380000,0.528583,0.402724042749127,0.998030532995944,False,NO CHANGE
O08585,Clta,1110300000.0,291000000.0,410950000,450140000,-0.40228,0.643721359575354,0.998030532995944,False,NO CHANGE
Q9R0Q7,Ptges3,1459100000.0,1326700000.0,246230000,1027400000,-1.467922,0.126015403436545,0.998030532995944,False,DOWN
P47811,Mapk14,456770000.0,460460000.0,183650000,464890000,-0.650348,0.411863233581966,0.998030532995944,False,DOWN
P70372,Elavl1,680920000.0,527470000.0,696600000,737530000,0.258229,0.647189027015797,0.998030532995944,False,NO CHANGE
Q8C0E2,Vps26b,495950000.0,233790000.0,184170000,164630000,-0.967571,0.247240984104629,0.998030532995944,False,DOWN
Q9CZ04,Cops7a,433180000.0,512320000.0,495520000,755300000,0.376991,0.544820345750159,0.998030532995944,False,NO CHANGE
Q9DBR7,Ppp1r12a,183370000.0,94587000.0,142920000,141060000,0.108523,0.898119045430886,0.998030532995944,False,NO CHANGE
P63028,Tpt1,7527200000.0,8515100000.0,8001500000,11663000000,0.271,0.52555329158467,0.998030532995944,False,NO CHANGE
P28063,Psmb8,930880000.0,665090000.0,712970000,952000000,0.066329,0.905185073662303,0.998030532995944,False,NO CHANGE
P14206,Rpsa,2757800000.0,2196900000.0,1084000000,2340500000,-0.627903,0.294776163537524,0.998030532995944,False,DOWN
P83917,Cbx1,699650000.0,652750000.0,534790000,573030000,-0.28779,0.609515242544223,0.998030532995944,False,NO CHANGE
Q8VDK1,Nit1,384280000.0,102270000.0,309490000,154260000,0.140358,0.889040367463977,0.998030532995944,False,NO CHANGE
P31786,Dbi,2963900000.0,1567000000.0,2379800000,2448800000,0.163707,0.749668774534116,0.998030532995944,False,NO CHANGE
Q9D892,Itpa,2640100000.0,1641600000.0,1304800000,1203900000,-0.732075,0.176418814516266,0.998030532995944,False,DOWN
Q9ERE7,Mesdc2,1874900000.0,918400000.0,1160800000,943610000,-0.326313,0.58196119259664,0.998030532995944,False,NO CHANGE
O35215,Ddt,5198300000.0,1484400000.0,2856800000,3950000000,0.274166,0.708589180827069,0.998030532995944,False,NO CHANGE
P62965,Crabp1,437450000.0,134340000.0,458570000,238990000,0.449543,0.629470616391972,0.998030532995944,False,NO CHANGE
P45878,Fkbp2,871080000.0,312840000.0,485410000,644750000,0.099857,0.895430398130326,0.998030532995944,False,NO CHANGE
O08716,Fabp9,2978300000.0,828710000.0,1175300000,776760000,-0.717429,0.379255757350649,0.998030532995944,False,DOWN
Q6ZWY9;Q64525;Q64478;P10854,Hist1h2bc;Hist2h2bb;Hist1h2bh;Hist1h2bm,3849700000.0,4248000000.0,5741300,2372100,-10.097778,6.52892401415971e-05,0.116075908668446,False,DOWN
P62317,Snrpd2,941390000.0,781430000.0,352160000,741380000,-0.747232,0.281279881159039,0.998030532995944,False,DOWN
P09671,Sod2,11947000000.0,5931400000.0,6914400000,5945200000,-0.39281,0.451305139760458,0.998030532995944,False,NO CHANGE
P32261,Serpinc1,117570000.0,158320000.0,158660000,0,-2.217535,0.264359726409555,0.998030532995944,False,NO CHANGE
P70696,Hist1h2ba,14820000.0,36597000.0,1246200000,5661300000,6.833555,0.001009333959804,0.391217842820053,False,UP
Q9Z2C8,Ybx2,215740000.0,85223000.0,583090000,329240000,1.692125,0.092246246681748,0.998030532995944,False,UP
P12032,Timp1,25370000000.0,49605000000.0,14064000000,31832000000,-0.745562,0.253649251176821,0.998030532995944,False,DOWN
Q9EQC7,Fstl3,1402900000.0,887790000.0,1418000000,492170000,-0.417808,0.574416015174156,0.998030532995944,False,NO CHANGE
Q571E4,Galns,855580000.0,1049700000.0,696420000,1446000000,0.082573,0.891766121207807,0.998030532995944,False,NO CHANGE
Q9CYN9,Atp6ap2,982730000.0,1543600000.0,1078600000,1029500000,-0.225031,0.666230085318315,0.998030532995944,False,NO CHANGE
P58022,Loxl2,587370000.0,1541600000.0,905250000,1477100000,0.281193,0.690364554815154,0.998030532995944,False,NO CHANGE
O35598,Adam10,371730000.0,259720000.0,204330000,234740000,-0.504624,0.484730516366703,0.998030532995944,False,NO CHANGE
Q61245,Col11a1,0.0,502580000.0,0,113120000,-1.752823,0.577425644836632,0.998030532995944,False,NO CHANGE
Q04999,Inhbb,522030000.0,126060000.0,383650000,239610000,0.241118,0.804616292759796,0.998030532995944,False,NO CHANGE
Q08879,Fbln1,538480000.0,265330000.0,116570000,132610000,-1.604147,0.0837088823629886,0.998030532995944,False,DOWN
Q9Z1Q5,Clic1,1127600000.0,2062300000.0,811550000,2692400000,-0.044932,0.953512839617809,0.998030532995944,False,NO CHANGE
Q61081,Cdc37,896050000.0,328770000.0,91119000,259010000,-1.820913,0.0988854222249944,0.998030532995944,False,DOWN
Q8R0P4,Aamdc,301350000.0,206680000.0,429690000,240480000,0.365187,0.62700359153822,0.998030532995944,False,NO CHANGE
Q62465,Vat1,1117000000.0,1709200000.0,1095900000,1667100000,-0.031747,0.95232720360647,0.998030532995944,False,NO CHANGE
Q8BU30,Iars,153100000.0,140360000.0,89848000,36259000,-1.360818,0.196744925999373,0.998030532995944,False,DOWN
P62715,Ppp2cb,935250000.0,1737900000.0,46437000,124070000,-4.070062,0.0036655863948577,0.71039064332343,False,DOWN
Q9D1M0,Sec13,648630000.0,407530000.0,754670000,120650000,-0.768814,0.488676300020068,0.998030532995944,False,DOWN
Q8R180,Ero1l,828830000.0,756900000.0,1068800000,339880000,-0.394117,0.609927399484598,0.998030532995944,False,NO CHANGE
Q9D8B3,Chmp4b,698070000.0,436120000.0,125940000,100060000,-2.297247,0.0204278157794288,0.998030532995944,False,DOWN
P62880;P29387,Gnb2;Gnb4,79006000.0,61022000.0,80168000,39346000,-0.306024,0.766206516024842,0.998030532995944,False,NO CHANGE
Q61792,Lasp1,786770000.0,424470000.0,197220000,226080000,-1.452483,0.0798378736729716,0.998030532995944,False,DOWN
Q8VEK3,Hnrnpu,700110000.0,608980000.0,389440000,480800000,-0.593569,0.334796760898478,0.998030532995944,False,DOWN
P80315,Cct4,1008900000.0,657060000.0,1488100000,738300000,0.364435,0.569413849382258,0.998030532995944,False,NO CHANGE
Q6NZB0,Dnajc8,416710000.0,1040300000.0,230830000,420490000,-1.079535,0.208183981341192,0.998030532995944,False,DOWN
Q6PDY2,Ado,186180000.0,201200000.0,143160000,172550000,-0.300343,0.692352605723734,0.998030532995944,False,NO CHANGE
P34022,Ranbp1,882400000.0,731100000.0,856030000,933280000,0.154235,0.766982703269689,0.998030532995944,False,NO CHANGE
Q9JKB3,Ybx3,1109200000.0,451280000.0,63172000,75886000,-3.353104,0.0075307067900916,0.991606616994774,False,DOWN
P07356,Anxa2,214950000.0,762480000.0,70067000,862760000,-0.719467,0.629616191823128,0.998030532995944,False,DOWN
P62196,Psmc5,393780000.0,285190000.0,273890000,104220000,-0.988042,0.272495697691865,0.998030532995944,False,DOWN
Q61990;P57722,Pcbp2;Pcbp3,601180000.0,289360000.0,418510000,173900000,-0.628571,0.464981643999364,0.998030532995944,False,DOWN
Q8BJY1,Psmd5,1078500000.0,937240000.0,1751800000,1460400000,0.669843,0.193745852758106,0.998030532995944,False,UP
Q9Z2I9,Sucla2,548800000.0,30807000.0,280150000,10684000,-1.248944,0.581514224628695,0.998030532995944,False,DOWN
P97470,Ppp4c,579980000.0,254040000.0,169630000,0,-4.100718,0.0970526022928273,0.998030532995944,False,NO CHANGE
Q9EPC1,Parva,533720000.0,1044100000.0,439020000,963010000,-0.199217,0.783857273478927,0.998030532995944,False,NO CHANGE
P58044,Idi1,1558900000.0,2522800000.0,1823200000,3439200000,0.336496,0.554095158477633,0.998030532995944,False,NO CHANGE
P62874,Gnb1,1460300000.0,1607800000.0,804690000,437420000,-1.368878,0.0521710156503978,0.998030532995944,False,DOWN
Q99LS3,Psph,1134100000.0,1221100000.0,769330000,716870000,-0.664136,0.218720391925667,0.998030532995944,False,DOWN
Q9ERF3,Wdr61,392730000.0,93118000.0,118650000,21294000,-1.927719,0.193285493202432,0.998030532995944,False,DOWN
O35841,Api5,477290000.0,623310000.0,628260000,272320000,-0.399076,0.5852871628724,0.998030532995944,False,NO CHANGE
Q9WVQ5,Apip,896640000.0,679150000.0,400610000,850550000,-0.418832,0.533525492331027,0.998030532995944,False,NO CHANGE
Q60605,Myl6,2776800000.0,1943300000.0,1381800000,3090100000,-0.168865,0.774254279052705,0.998030532995944,False,NO CHANGE
Q9CZX8,Rps19,224270000.0,296520000.0,24981000,361150000,-1.440932,0.351446065546352,0.998030532995944,False,DOWN
Q99KC8,Vwa5a,461590000.0,420720000.0,342980000,307100000,-0.44132,0.492105066670511,0.998030532995944,False,NO CHANGE
Q9WUM4,Coro1c,519920000.0,1136000000.0,434740000,1253800000,-0.057896,0.943162611796493,0.998030532995944,False,NO CHANGE
O54983,Crym,602790000.0,302660000.0,123810000,28050000,-2.857576,0.0380804849665715,0.998030532995944,False,DOWN
Q99KV1,Dnajb11,584600000.0,282630000.0,373310000,474290000,0.04989,0.943853926911362,0.998030532995944,False,NO CHANGE
P62245,Rps15a,329170000.0,316310000.0,115570000,459140000,-0.486235,0.608063336019493,0.998030532995944,False,NO CHANGE
Q9Z204,Hnrnpc,357930000.0,245740000.0,288760000,375590000,0.15111,0.826186573609339,0.998030532995944,False,NO CHANGE
Q6ZQI3,Mlec,280380000.0,267320000.0,165690000,162590000,-0.738113,0.326655948121609,0.998030532995944,False,DOWN
Q923D2,Blvrb,6649800000.0,6773800000.0,4879000000,6932000000,-0.20671,0.623102192793284,0.998030532995944,False,NO CHANGE
Q3THE2,Myl12b,1825400000.0,1061000000.0,58330000,813400000,-2.675609,0.0969908800914052,0.998030532995944,False,DOWN
Q9D8S4,Rexo2,1320800000.0,699090000.0,461020000,480910000,-1.029111,0.139225721984107,0.998030532995944,False,DOWN
Q9CQF3,Nudt21,799830000.0,606080000.0,594660000,758370000,-0.052117,0.926641603286776,0.998030532995944,False,NO CHANGE
O88543,Cops3,912460000.0,714450000.0,439540000,1187800000,-0.16019,0.822224058532601,0.998030532995944,False,NO CHANGE
P68037,Ube2l3,828860000.0,1079900000.0,1595700000,1538800000,0.727949,0.170082280639898,0.998030532995944,False,UP
P99026,Psmb4,5866500000.0,3546500000.0,5765100000,8530200000,0.620515,0.236564832352871,0.998030532995944,False,UP
Q9JMI7,Tex101,2070300000.0,736120000.0,1085300000,227070000,-1.314275,0.233976501792824,0.998030532995944,False,DOWN
Q8BVU5,Nudt9,697310000.0,431360000.0,205890000,193870000,-1.456865,0.0732555607465752,0.998030532995944,False,DOWN
Q9CQU0,Txndc12,1772800000.0,982000000.0,439910000,910430000,-1.059962,0.153588722296525,0.998030532995944,False,DOWN
Q9JJV2,Pfn2,1284200000.0,745320000.0,1545500000,958250000,0.314873,0.595929433859112,0.998030532995944,False,NO CHANGE
O89086,Rbm3,577110000.0,838740000.0,107860000,84530000,-2.865187,0.007778334432972,0.991606616994774,False,DOWN
P57776,Eef1d,826620000.0,811770000.0,466310000,1013300000,-0.253008,0.6949502924252,0.998030532995944,False,NO CHANGE
P32020,Scp2,208580000.0,183130000.0,188550000,111730000,-0.429253,0.594415259465694,0.998030532995944,False,NO CHANGE
Q8BHG2,,749930000.0,341740000.0,761100000,1006500000,0.789853,0.268827034767643,0.998030532995944,False,UP
Q8BG05,Hnrnpa3,248860000.0,166350000.0,427610000,136390000,0.247239,0.786282968479086,0.998030532995944,False,NO CHANGE
Q91V64,Isoc1,411060000.0,686020000.0,597540000,519210000,0.068877,0.911973213973972,0.998030532995944,False,NO CHANGE
Q9JI75,Nqo2,475380000.0,412010000.0,1540900000,776880000,1.305816,0.0794524583032385,0.998030532995944,False,UP
Q9D0W5,Ppil1,1387200000.0,721180000.0,1078500000,1265200000,0.223892,0.697996253851677,0.998030532995944,False,NO CHANGE
Q9CYR0,Ssbp1,549290000.0,595590000.0,217870000,558700000,-0.713173,0.360275221978647,0.998030532995944,False,DOWN
Q9CPU0,Glo1,4326500000.0,3645800000.0,3853500000,4468300000,0.06323,0.875940516975082,0.998030532995944,False,NO CHANGE
Q6PE15,Abhd10,289720000.0,85661000.0,102310000,14375000,-2.038394,0.188261959005481,0.998030532995944,False,DOWN
Q9WTP7,Ak3,447090000.0,276890000.0,501050000,398480000,0.344792,0.608936318424218,0.998030532995944,False,NO CHANGE
Q9R0X4;Q32MW3,Acot9;Acot10,443660000.0,400840000.0,199670000,191920000,-1.107179,0.139919155775458,0.998030532995944,False,DOWN
Q9CQ19,Myl9,262310000.0,126060000.0,286600000,1167600000,1.669565,0.133839753537976,0.998030532995944,False,UP
Q91V76,,1073100000.0,1300600000.0,1200900000,1119400000,-0.02706,0.954772243640083,0.998030532995944,False,NO CHANGE
Q91VM5,Rbmxl1,728850000.0,645570000.0,358070000,556000000,-0.620434,0.331062018775801,0.998030532995944,False,DOWN
Q9Z1X4,Ilf3,281320000.0,381700000.0,346940000,385660000,0.158682,0.808851735335836,0.998030532995944,False,NO CHANGE
Q9ESP1,Sdf2l1,717610000.0,189710000.0,420500000,270820000,-0.128778,0.888069670264159,0.998030532995944,False,NO CHANGE
P16406,Enpep,198300000.0,114940000.0,83885000,164420000,-0.362348,0.686690882239584,0.998030532995944,False,NO CHANGE
Q3UV17,Krt76,6393900000.0,2753600000.0,1870500000,5163200000,-0.433163,0.56245001557614,0.998030532995944,False,NO CHANGE
P42125,Eci1,1606700000.0,1062400000.0,1344300000,2052200000,0.346299,0.517501782040576,0.998030532995944,False,NO CHANGE
P62960,Ybx1,64141000.0,45921000.0,12562000,32162000,-1.432989,0.288824288038923,0.998030532995944,False,DOWN
Q9QYR9,Acot2,0.0,136260000.0,47860000,0,-0.253727,0.919894111883735,0.998030532995944,False,NO CHANGE
Q9QXK3,Copg2,166910000.0,13445000.0,66251000,0,-1.288518,0.538010882016511,0.998030532995944,False,NO CHANGE
Q922D4,Ppp6r3,123240000.0,4567500.0,23039000,0,-0.706973,0.736012285053284,0.998030532995944,False,NO CHANGE
Q8K2B3,Sdha,599370000.0,38617000.0,178700000,33018000,-0.985945,0.574459823618873,0.998030532995944,False,DOWN
Q91VC3,Eif4a3,33266000.0,3543600.0,5205900,4069800,-1.238043,0.473765718837463,0.998030532995944,False,DOWN
Q99KE1,Me2,418730000.0,45584000.0,294010000,146270000,0.58594,0.662026559190065,0.998030532995944,False,UP
Q8VIG3,Rsph1,324510000.0,0.0,49545000,0,-0.609374,0.832184898485302,0.998030532995944,False,NO CHANGE
Q6PDI5,Ecm29,62197000.0,0.0,27918000,2191800,-0.021493,0.993473034145848,0.999971162684518,False,NO CHANGE
P22907,Hmbs,275630000.0,22939000.0,314380000,346660000,2.053712,0.181131252063108,0.998030532995944,False,UP
Q9QXZ0,Macf1,58629000.0,7441100.0,25373000,105610000,1.309383,0.44743673218947,0.998030532995944,False,UP
Q8K4F5,Abhd11,398750000.0,52313000.0,189280000,82293000,-0.210681,0.87148148372533,0.998030532995944,False,NO CHANGE
P60122,Ruvbl1,721870000.0,95751000.0,1218600000,188240000,0.865314,0.555262074344877,0.998030532995944,False,UP
P21460,Cst3,24423000000.0,21960000000.0,17614000000,22952000000,-0.203888,0.597569470311485,0.998030532995944,False,NO CHANGE
Q9ESY9,Ifi30,1376100000.0,2351700000.0,1160900000,1958900000,-0.254501,0.652241430591488,0.998030532995944,False,NO CHANGE
Q924X6,Lrp8,432630000.0,332670000.0,181460000,35134000,-2.248317,0.0791672965908048,0.998030532995944,False,DOWN
Q9JJH1,Rnase4,1020500000.0,1600200000.0,298480000,1461400000,-0.952236,0.326647643711496,0.998030532995944,False,DOWN
Q62217,Sema5a,332820000.0,71180000.0,189320000,0,-2.806306,0.266403416330927,0.998030532995944,False,NO CHANGE
P42703,Lifr,146000000.0,74008000.0,23202000,0,-4.113269,0.0626575783940521,0.998030532995944,False,NO CHANGE
Q9QXX0,Jag1,113070000.0,445760000.0,29179000,244750000,-1.409586,0.345875700922724,0.998030532995944,False,DOWN
Q8C0F9,Prss35,1333000000.0,304740000.0,2016300000,1277900000,1.332579,0.168458545453177,0.998030532995944,False,UP
Q76KF0,Sema6d,287970000.0,81834000.0,129340000,22763000,-1.50038,0.287510965244237,0.998030532995944,False,DOWN
Q8BM88,Ctso,705490000.0,376110000.0,382670000,238080000,-0.771117,0.31032420977642,0.998030532995944,False,DOWN
P01029,C4b,314990000.0,1084200000.0,156370000,53963000,-2.669429,0.0414199541117508,0.998030532995944,False,DOWN
O08746,Matn2,195570000.0,310900000.0,130510000,217350000,-0.549978,0.497187937071811,0.998030532995944,False,NO CHANGE
Q9DC11,Plxdc2,410920000.0,191940000.0,202230000,56622000,-1.392041,0.210730506388476,0.998030532995944,False,DOWN
Q9DAW9,Cnn3,338530000.0,144780000.0,11877000,89824000,-2.760865,0.0838920767815517,0.998030532995944,False,DOWN
Q8R3R8,Gabarapl1,63378000.0,37575000.0,0,20197000,-2.658452,0.143529861598199,0.998030532995944,False,NO CHANGE
Q99J36,Thumpd1,525740000.0,239500000.0,201350000,68204000,-1.598371,0.138108393676705,0.998030532995944,False,DOWN
P12265,Gusb,747740000.0,1049300000.0,425930000,1239600000,-0.285736,0.700799656131249,0.998030532995944,False,NO CHANGE
Q8VBW6,Nae1,798340000.0,249560000.0,637200000,124890000,-0.661993,0.566228444584183,0.998030532995944,False,DOWN
Q9CQV6,Map1lc3b,681550000.0,925200000.0,462260000,658430000,-0.525425,0.388495986399523,0.998030532995944,False,NO CHANGE
P46935,Nedd4,146250000.0,287090000.0,47116000,457560000,-0.480845,0.722049023884184,0.998030532995944,False,NO CHANGE
Q9D662,Sec23b,331500000.0,150060000.0,82625000,172970000,-0.899688,0.347214287199155,0.998030532995944,False,DOWN
O55013,Trappc3,617530000.0,347590000.0,116280000,405820000,-1.092726,0.264600475456317,0.998030532995944,False,DOWN
P23506,Pcmt1,1660900000.0,704280000.0,491020000,738750000,-0.844587,0.248876562438282,0.998030532995944,False,DOWN
Q9WVA3,Bub3,263660000.0,253170000.0,148590000,347170000,-0.185903,0.81663017370668,0.998030532995944,False,NO CHANGE
Q923G2,Polr2h,506880000.0,251610000.0,61015000,546950000,-0.967094,0.462953852473555,0.998030532995944,False,DOWN
Q9QZ88,Vps29,553980000.0,410180000.0,621290000,527140000,0.263681,0.662565207413879,0.998030532995944,False,NO CHANGE
Q9EQ80,Nif3l1,595530000.0,392770000.0,265730000,114850000,-1.469073,0.108584706852876,0.998030532995944,False,DOWN
Q99LD4,Gps1,499020000.0,527510000.0,489630000,111920000,-1.132068,0.261100854390019,0.998030532995944,False,DOWN
Q3TMX7,Qsox2,179880000.0,46792000.0,445010000,465250000,2.310238,0.0511762618474426,0.998030532995944,False,UP
Q9QZ73,Dcun1d1,266010000.0,226320000.0,145600000,112630000,-0.938122,0.248791473362878,0.998030532995944,False,DOWN
Q3UM45,Ppp1r7,541160000.0,382680000.0,335410000,104330000,-1.282557,0.183035962740117,0.998030532995944,False,DOWN
P17047,Lamp2,4432000000.0,3258800000.0,2761100000,1937300000,-0.716504,0.159154183658005,0.998030532995944,False,DOWN
Q8R050;Q149F3,Gspt1;Gspt2,991290000.0,760740000.0,50152000,47217000,-4.157477,0.0016764905441033,0.412694954384437,False,DOWN
P46664,Adss,309850000.0,787340000.0,67583000,377720000,-1.628254,0.191532044885365,0.998030532995944,False,DOWN
Q62426,Cstb,1575700000.0,684620000.0,1256800000,1685900000,0.486953,0.447068323909981,0.998030532995944,False,NO CHANGE
Q9WUK2,Eif4h,208410000.0,198190000.0,19081000,55490000,-2.6429,0.0406856601410345,0.998030532995944,False,DOWN
P50431,Shmt1,254850000.0,39248000.0,115990000,136310000,0.330276,0.785196376064062,0.998030532995944,False,NO CHANGE
Q8BP48,Metap1,358880000.0,411460000.0,144410000,239890000,-1.045855,0.186046091977744,0.998030532995944,False,DOWN
Q99020,Hnrnpab,992400000.0,1573500000.0,524140000,1378700000,-0.555819,0.440274168506805,0.998030532995944,False,NO CHANGE
Q8BK64,Ahsa1,614650000.0,435120000.0,510660000,418730000,-0.161398,0.793709441112756,0.998030532995944,False,NO CHANGE
Q9WV55,Vapa,169160000.0,108510000.0,136540000,192880000,0.260405,0.751482587986743,0.998030532995944,False,NO CHANGE
P26883,Fkbp1a,1311300000.0,766170000.0,1291300000,1341200000,0.392807,0.473603430944391,0.998030532995944,False,NO CHANGE
P55264,Adk,175600000.0,68930000.0,205290000,215720000,0.935663,0.317097031003648,0.998030532995944,False,UP
P21550,Eno3,277360000.0,44840000.0,74684000,0,-2.91607,0.197684530498925,0.998030532995944,False,NO CHANGE
P83940,Tceb1,515500000.0,166060000.0,469890000,414310000,0.592678,0.485191312234097,0.998030532995944,False,UP
P62281,Rps11,219020000.0,190480000.0,0,269700000,-2.149416,0.279866181300716,0.998030532995944,False,NO CHANGE
Q9CRC9,Gnpda2,467440000.0,506260000.0,337640000,534800000,-0.195087,0.759945139201833,0.998030532995944,False,NO CHANGE
P21300,Akr1b7,651580000.0,253320000.0,1116500000,777720000,1.197629,0.143620883257846,0.998030532995944,False,UP
Q925B0,Pawr,90029000.0,66215000.0,136260000,25098000,-0.400843,0.747796643697453,0.998030532995944,False,NO CHANGE
Q91V12,Acot7,747050000.0,132210000.0,360110000,167940000,-0.353826,0.752043490683688,0.998030532995944,False,NO CHANGE
Q9CX80,Cygb,410440000.0,194090000.0,388980000,443480000,0.557334,0.458968650851227,0.998030532995944,False,NO CHANGE
Q8VDG5,Ppcs,235390000.0,137350000.0,163080000,13963000,-1.913825,0.226502721126977,0.998030532995944,False,DOWN
P56812,Pdcd5,810550000.0,295050000.0,499690000,873570000,0.434048,0.585267326238855,0.998030532995944,False,NO CHANGE
Q9WUZ9,Entpd5,722820000.0,175440000.0,142270000,71929000,-1.815669,0.124756430463676,0.998030532995944,False,DOWN
Q61206,Pafah1b2,1172200000.0,1614100000.0,1234000000,1350100000,-0.09177,0.848384338268743,0.998030532995944,False,NO CHANGE
Q8QZS1,Hibch,558920000.0,571590000.0,656040000,164510000,-0.782832,0.395995912143204,0.998030532995944,False,DOWN
Q8CG72,Adprhl2,622440000.0,629420000.0,426250000,321540000,-0.75763,0.242607994484835,0.998030532995944,False,DOWN
Q60692,Psmb6,7072200000.0,3670400000.0,4199100000,3441700000,-0.422447,0.418710961411025,0.998030532995944,False,NO CHANGE
Q8CJG0,Ago2,216930000.0,186020000.0,217980000,152270000,-0.14093,0.852047125351698,0.998030532995944,False,NO CHANGE
P14873,Map1b,89058000.0,192420000.0,90236000,352610000,0.446386,0.677806296893516,0.998030532995944,False,NO CHANGE
P47199,Cryz,160550000.0,106570000.0,129270000,27101000,-1.144009,0.345361035870798,0.998030532995944,False,DOWN
P56376,Acyp1,2108400000.0,546870000.0,1795300000,644100000,0.002082,0.998212681088461,0.999971162684518,False,NO CHANGE
Q9R1Z7,Pts,323450000.0,87110000.0,13988000,153570000,-1.856647,0.263234201180039,0.998030532995944,False,DOWN
Q7TSV4,Pgm2,844670000.0,654900000.0,609640000,1291700000,0.254747,0.690972102493939,0.998030532995944,False,NO CHANGE
Q9DCC4,Pycrl,197230000.0,212250000.0,122920000,166410000,-0.516591,0.508884311356339,0.998030532995944,False,NO CHANGE
P38647,Hspa9,136840000.0,193540000.0,142300000,128090000,-0.269514,0.73535266531097,0.998030532995944,False,NO CHANGE
P14869,Rplp0,1682700000.0,2256600000.0,835600000,537390000,-1.540001,0.0276092137768453,0.998030532995944,False,DOWN
P99027,Rplp2,2164400000.0,689330000.0,934730000,2030200000,0.173505,0.827441556729613,0.998030532995944,False,NO CHANGE
P51855,Gss,603320000.0,1208200000.0,993590000,792780000,0.05593,0.927086107919009,0.998030532995944,False,NO CHANGE
P19536,Cox5b,76151000.0,38738000.0,82972000,88462000,0.657535,0.515382903589791,0.998030532995944,False,UP
Q8K3C3,Lzic,219220000.0,109080000.0,104810000,190620000,-0.129645,0.883922578979388,0.998030532995944,False,NO CHANGE
P84089,Erh,863660000.0,209000000.0,1114000000,834470000,1.182286,0.213085186102621,0.998030532995944,False,UP
Q99LJ6,Gpx7,274710000.0,358050000.0,192040000,127250000,-1.004499,0.213895984729169,0.998030532995944,False,DOWN
Q924M7,Mpi,1430100000.0,1898700000.0,1610900000,1117300000,-0.296622,0.55478706266926,0.998030532995944,False,NO CHANGE
O88851,Rbbp9,799370000.0,611780000.0,579630000,1037500000,0.149148,0.806850291183093,0.998030532995944,False,NO CHANGE
P63323,Rps12,1349200000.0,804200000.0,944950000,1404500000,0.145318,0.797892108892377,0.998030532995944,False,NO CHANGE
Q61029;Q61033,Tmpo,166080000.0,113780000.0,52004000,88718000,-1.017066,0.289963008896855,0.998030532995944,False,DOWN
Q9D6J6,Ndufv2,1998700000.0,1261600000.0,163530000,141050000,-3.386205,0.0021372089398181,0.460212325040831,False,DOWN
Q9JIQ3,Diablo,1136600000.0,190370000.0,442290000,245560000,-0.497195,0.648605347331703,0.998030532995944,False,NO CHANGE
Q9Z0X1,Aifm1,738090000.0,528270000.0,595590000,466890000,-0.243835,0.684757241276505,0.998030532995944,False,NO CHANGE
Q8BHA3,Dtd2,255050000.0,189470000.0,276140000,321140000,0.437926,0.54029347978311,0.998030532995944,False,NO CHANGE
Q6PDM2,Srsf1,74930000.0,95345000.0,71484000,113520000,0.091897,0.91939797931602,0.998030532995944,False,NO CHANGE
P11404,Fabp3,1082000000.0,1171900000.0,1629500000,1553400000,0.498654,0.300125522172044,0.998030532995944,False,NO CHANGE
P62806,Hist1h4a,2049300000.0,2274300000.0,1506400000,5568300000,0.423894,0.573026164519274,0.998030532995944,False,NO CHANGE
P97350,Pkp1,49142000.0,7649600.0,6808600,16320000,-0.879171,0.598426506000928,0.998030532995944,False,DOWN
Q6A4J8,Usp7,62895000.0,9555600.0,24592000,0,-1.351476,0.471813582164714,0.998030532995944,False,NO CHANGE
Q62148,Aldh1a2,649560000.0,190370000.0,451640000,56160000,-1.14274,0.408644436022036,0.998030532995944,False,DOWN
Q8K4Z5,Sf3a1,45010000.0,2349200.0,10807000,3998700,-0.645459,0.74431958518462,0.998030532995944,False,DOWN
Q9JJ78,Pbk,229640000.0,12035000.0,159480000,0,-1.116131,0.662257439150924,0.998030532995944,False,NO CHANGE
Q9EPK7,Xpo7,124560000.0,0.0,35517000,0,-0.656124,0.772285830935104,0.998030532995944,False,NO CHANGE
Q9D1G1,Rab1b,77823000.0,13052000.0,22172000,11732000,-0.98264,0.540096952273824,0.998030532995944,False,DOWN
Q9WUD8,Faim,117100000.0,29539000.0,153830000,75263000,0.871458,0.463444569832211,0.998030532995944,False,UP
Q8BI72,Cdkn2aip,88430000.0,10716000.0,5231300,32225000,-1.24544,0.51235401754538,0.998030532995944,False,DOWN
P12399,Ctla2a,100650000.0,485490000.0,14320000,790380000,-1.055069,0.639062555100351,0.998030532995944,False,DOWN
Q9CQ01,Rnaset2,3078100000.0,2830600000.0,2312800000,2494100000,-0.297494,0.478360157295024,0.998030532995944,False,NO CHANGE
Q9ER65,Clstn2,90969000.0,278970000.0,15749000,237330000,-1.381665,0.410477025006642,0.998030532995944,False,DOWN
O08992,Sdcbp,189330000.0,691890000.0,52254000,624270000,-1.002831,0.508770017349409,0.998030532995944,False,DOWN
P08905,Lyz2,784690000.0,1585200000.0,404430000,1115200000,-0.731798,0.363057198609934,0.998030532995944,False,DOWN
P97467,Pam,433000000.0,283160000.0,610690000,200870000,0.000359,0.999661533637712,0.999971162684518,False,NO CHANGE
Q8R242,Ctbs,1034000000.0,1324000000.0,482460000,651880000,-1.06099,0.095381482917597,0.998030532995944,False,DOWN
P27090,Tgfb2,843720000.0,471280000.0,1195200000,650980000,0.484222,0.474257908658328,0.998030532995944,False,NO CHANGE
Q61646,Hp,1273500000.0,2007900000.0,1211500000,2452600000,0.10831,0.853633846672417,0.998030532995944,False,NO CHANGE
Q9WVG5,Lipg,124840000.0,195820000.0,177890000,114380000,-0.132394,0.873099740592954,0.998030532995944,False,NO CHANGE
P08226,Apoe,275400000.0,292870000.0,81689000,388240000,-0.673313,0.517411922538228,0.998030532995944,False,DOWN
Q04997,Inha,642320000.0,59623000.0,326910000,149160000,0.174261,0.899524898811204,0.998030532995944,False,NO CHANGE
P14901,Hmox1,416870000.0,890490000.0,541620000,927480000,0.2182,0.755816696535055,0.998030532995944,False,NO CHANGE
P29416,Hexa,1247500000.0,672410000.0,663870000,609680000,-0.525678,0.398744465919265,0.998030532995944,False,NO CHANGE
A2ASQ1,Agrn,277600000.0,2872900000.0,391930000,2728500000,0.211594,0.891573226446956,0.998030532995944,False,NO CHANGE
P35822,Ptprk,109590000.0,328010000.0,38373000,476990000,-0.486867,0.746862550874941,0.998030532995944,False,NO CHANGE
Q9QZZ6,Dpt,226420000.0,793040000.0,375830000,853800000,0.418792,0.651099510741561,0.998030532995944,False,NO CHANGE
Q8VCF1,Cant1,370850000.0,473140000.0,417160000,583150000,0.235682,0.709152185995241,0.998030532995944,False,NO CHANGE
Q8VCC9,Spon1,152630000.0,348730000.0,135090000,535230000,0.220965,0.829156504162877,0.998030532995944,False,NO CHANGE
Q99JR5,Tinagl1,271280000.0,160280000.0,319090000,163010000,0.129273,0.874227461263722,0.998030532995944,False,NO CHANGE
P61922,Abat,1271900000.0,649910000.0,1323700000,75126000,-1.527632,0.335820181281236,0.998030532995944,False,DOWN
O88322,Nid2,126430000.0,267220000.0,410690000,334700000,1.012276,0.225378610728552,0.998030532995944,False,UP
Q91VU0,Fam3c,343080000.0,1422700000.0,285570000,1783300000,0.030609,0.979894758606871,0.999971162684518,False,NO CHANGE
P97461,Rps5,173220000.0,91012000.0,104370000,246580000,0.353514,0.706048277051992,0.998030532995944,False,NO CHANGE
Q9ET22,Dpp7,794020000.0,457960000.0,295620000,484570000,-0.671974,0.348499566122467,0.998030532995944,False,DOWN
P36993,Ppm1b,233670000.0,98744000.0,17573000,28002000,-2.775602,0.0421346955335876,0.998030532995944,False,DOWN
Q9QYB1,Clic4,726550000.0,1242200000.0,695760000,828840000,-0.323102,0.579400449273347,0.998030532995944,False,NO CHANGE
P84078;P61205;Q8BSL7,Arf1;Arf3;Arf2,469120000.0,514630000.0,626700000,911560000,0.62131,0.312961329919534,0.998030532995944,False,UP
P61082,Ube2m,156340000.0,124940000.0,103490000,129100000,-0.273971,0.737834501626033,0.998030532995944,False,NO CHANGE
P42227,Stat3,306360000.0,112170000.0,426200000,38005000,-0.542562,0.710513587247257,0.998030532995944,False,NO CHANGE
Q8JZV9,Bdh2,603890000.0,249320000.0,414850000,416530000,0.099363,0.893552469079949,0.998030532995944,False,NO CHANGE
Q8BP47,Nars,216130000.0,69881000.0,168300000,91363000,0.012923,0.989756212704317,0.999971162684518,False,NO CHANGE
Q920A5,Scpep1,335700000.0,655440000.0,223800000,397590000,-0.653072,0.40136955644843,0.998030532995944,False,DOWN
P20065,Tmsb4x,76813000.0,16596000.0,70554000,6483800,-0.739273,0.687449652957053,0.998030532995944,False,DOWN
O70433,Fhl2,307030000.0,276230000.0,229520000,93096000,-0.994419,0.265758108757208,0.998030532995944,False,DOWN
Q9CX34,Sugt1,220850000.0,137150000.0,155530000,61530000,-0.831133,0.392227202065018,0.998030532995944,False,DOWN
Q6P4T2,Snrnp200,44487000.0,57843000.0,10203000,44683000,-1.248403,0.384194085042319,0.998030532995944,False,DOWN
Q8JZK9,Hmgcs1,418280000.0,319650000.0,81476000,359300000,-1.095663,0.29523844822441,0.998030532995944,False,DOWN
O35405,Pld3,384230000.0,261250000.0,388100000,329920000,0.175572,0.793955611304294,0.998030532995944,False,NO CHANGE
P63166,Sumo1,501210000.0,122560000.0,207160000,197450000,-0.293335,0.762995750393153,0.998030532995944,False,NO CHANGE
Q9DBH5,Lman2,266940000.0,318940000.0,124840000,177710000,-0.970098,0.226142364573852,0.998030532995944,False,DOWN
Q61553,Fscn1,201310000.0,1016600000.0,309020000,1050900000,0.333077,0.766664031100862,0.998030532995944,False,NO CHANGE
Q07813,Bax,214340000.0,245550000.0,304900000,554940000,0.842375,0.269655725864909,0.998030532995944,False,UP
Q9Z1Q9,Vars,95754000.0,105390000.0,32147000,84896000,-0.943309,0.378321309708506,0.998030532995944,False,DOWN
Q61239,Fnta,580380000.0,327950000.0,140870000,268290000,-1.166158,0.173941057350231,0.998030532995944,False,DOWN
O70591,Pfdn2,138030000.0,108190000.0,158820000,148880000,0.331497,0.6797753560763,0.998030532995944,False,NO CHANGE
Q91YR1,Twf1,579660000.0,806830000.0,836310000,455510000,-0.147976,0.816300036040319,0.998030532995944,False,NO CHANGE
O55135,Eif6,1076300000.0,1021500000.0,1112300000,1491800000,0.296915,0.550905153623619,0.998030532995944,False,NO CHANGE
Q569Z6,Thrap3,94019000.0,52570000.0,28909000,12261000,-1.900798,0.1691054681785,0.998030532995944,False,DOWN
Q8R4N0,Clybl,224080000.0,156680000.0,167380000,28709000,-1.434566,0.255718591205787,0.998030532995944,False,DOWN
Q9JIW9,Ralb,192570000.0,116080000.0,137190000,186040000,0.095643,0.906758432197687,0.998030532995944,False,NO CHANGE
Q60676,Ppp5c,556590000.0,150370000.0,567200000,464250000,0.826814,0.36751497032405,0.998030532995944,False,UP
P62774,Mtpn,1070300000.0,404740000.0,481950000,1288700000,0.259895,0.75816899173342,0.998030532995944,False,NO CHANGE
O35593,Psmd14,705720000.0,477270000.0,394340000,345990000,-0.651866,0.321757698097388,0.998030532995944,False,DOWN
Q7TNG5,Eml2,381610000.0,522950000.0,451180000,750670000,0.381555,0.560802334017417,0.998030532995944,False,NO CHANGE
Q9CWM4,Pfdn1,90676000.0,115540000.0,108170000,241980000,0.660502,0.470558274005773,0.998030532995944,False,UP
Q810B6,Ankfy1,53773000.0,26297000.0,103910000,52958000,0.980166,0.396998100781602,0.998030532995944,False,UP
P62075,Timm13,91370000.0,22386000.0,63008000,28603000,-0.091308,0.944893411783479,0.998030532995944,False,NO CHANGE
Q9JJA4,Wdr12,208430000.0,74946000.0,11554000,45046000,-2.453776,0.100316632658423,0.998030532995944,False,DOWN
Q3V1T4,Lepre1,144540000.0,140010000.0,96751000,0,-2.846073,0.15677452863219,0.998030532995944,False,NO CHANGE
O35226,Psmd4,775810000.0,174690000.0,457930000,197390000,-0.292162,0.777561595003899,0.998030532995944,False,NO CHANGE
Q61205,Pafah1b3,687690000.0,728940000.0,697060000,596190000,-0.135252,0.804913705571613,0.998030532995944,False,NO CHANGE
P97855,G3bp1,262420000.0,208550000.0,299720000,146660000,-0.15809,0.841857991150355,0.998030532995944,False,NO CHANGE
P14069,S100a6,805100000.0,2830500000.0,1334600000,5985600000,0.904803,0.389622158000321,0.998030532995944,False,UP
P70349,Hint1,511810000.0,291400000.0,681510000,549030000,0.663505,0.332680394692,0.998030532995944,False,UP
Q99LD8,Ddah2,146310000.0,232220000.0,576730000,570750000,1.638117,0.0513225505614774,0.998030532995944,False,UP
Q9Z2Y8,Prosc,233850000.0,190020000.0,477620000,975910000,1.695438,0.053447001617205,0.998030532995944,False,UP
O70493,Snx12,1065400000.0,995620000.0,250340000,218570000,-2.138467,0.0117590911096107,0.998030532995944,False,DOWN
Q60817;P70670,Naca,1432900000.0,1198500000.0,82279000,282170000,-3.104432,0.010784427783157,0.998030532995944,False,DOWN
Q8VD62,Bles03,309670000.0,109440000.0,229510000,144170000,-0.017272,0.984902992003039,0.999971162684518,False,NO CHANGE
O55131,2018-09-07 00:00:00,159250000.0,976440000.0,153260000,493430000,-0.519999,0.668252162896857,0.998030532995944,False,NO CHANGE
Q9CR98,Fam136a,126740000.0,107570000.0,37818000,36010000,-1.661767,0.123835312357966,0.998030532995944,False,DOWN
Q9CWZ3,Rbm8a,659420000.0,101310000.0,208880000,401500000,0.16405,0.886710529278405,0.998030532995944,False,NO CHANGE
Q8CIB5,Fermt2,201840000.0,320930000.0,166910000,217250000,-0.418522,0.583608131669382,0.998030532995944,False,NO CHANGE
O54998,Fkbp7,151220000.0,95757000.0,44708000,166850000,-0.478471,0.656950145594974,0.998030532995944,False,NO CHANGE
P54775,Psmc4,522070000.0,173320000.0,147400000,224590000,-0.725326,0.431306658949807,0.998030532995944,False,DOWN
P54728,Rad23b,624620000.0,551270000.0,743980000,562780000,0.141049,0.80558315449987,0.998030532995944,False,NO CHANGE
Q99L13,Hibadh,385810000.0,193170000.0,187680000,205490000,-0.475209,0.54646593618588,0.998030532995944,False,NO CHANGE
Q91Z53,Grhpr,426340000.0,348050000.0,149290000,198890000,-1.160605,0.141340493974302,0.998030532995944,False,DOWN
Q8BL66,Eea1,76791000.0,201590000.0,141960000,81711000,-0.208173,0.830480099482076,0.998030532995944,False,NO CHANGE
Q9CR09,Ufc1,425320000.0,441680000.0,518250000,575790000,0.33382,0.577030715678469,0.998030532995944,False,NO CHANGE
P24270,Cat,449480000.0,1160600000.0,1112100000,392250000,-0.129034,0.879925890765044,0.998030532995944,False,NO CHANGE
P62270,Rps18,140550000.0,318970000.0,29930000,390550000,-0.969666,0.522497016648994,0.998030532995944,False,DOWN
P59999,Arpc4,3500000000.0,3589500000.0,3439100000,6695000000,0.436989,0.400138581449273,0.998030532995944,False,NO CHANGE
P63280,Ube2i,1070600000.0,1459700000.0,1475200000,1700800000,0.341516,0.48399584851467,0.998030532995944,False,NO CHANGE
P50543,S100a11,902160000.0,1305400000.0,1029000000,1811300000,0.331161,0.562167960200825,0.998030532995944,False,NO CHANGE
Q9CQE1,Nipsnap3b,684130000.0,223400000.0,764280000,241600000,0.136411,0.88846801469926,0.998030532995944,False,NO CHANGE
Q9D358,Acp1,356510000.0,391880000.0,300790000,394150000,-0.118427,0.854572263117594,0.998030532995944,False,NO CHANGE
Q8BFS6,Cpped1,502060000.0,479490000.0,178910000,487270000,-0.732703,0.36854073898768,0.998030532995944,False,DOWN
Q3UEB3,Puf60,117750000.0,38851000.0,90886000,61907000,0.149277,0.889791429639953,0.998030532995944,False,NO CHANGE
Q9CQ45,Nenf,518900000.0,338400000.0,39062000,346550000,-1.848642,0.183320511438858,0.998030532995944,False,DOWN
Q99KR7,Ppif,95030000.0,61676000.0,362890000,249790000,1.975506,0.0501997970505741,0.998030532995944,False,UP
Q8BGS2,Bola2,165060000.0,61172000.0,132930000,71257000,-0.046082,0.963627127869806,0.999824267041861,False,NO CHANGE
P56380,Nudt2,405030000.0,345960000.0,30290000,377000000,-1.808578,0.229014661449546,0.998030532995944,False,DOWN
Q62189,Snrpa,280800000.0,317490000.0,191900000,242320000,-0.469493,0.509646000097866,0.998030532995944,False,NO CHANGE
Q9DB29,Iah1,520660000.0,230600000.0,550790000,402550000,0.442468,0.556053844468336,0.998030532995944,False,NO CHANGE
P62889,Rpl30,201580000.0,209530000.0,114870000,492910000,0.211408,0.83048811732963,0.998030532995944,False,NO CHANGE
P26350,Ptma,1276800000.0,740520000.0,603650000,673820000,-0.608462,0.320364378811302,0.998030532995944,False,DOWN
P70202,Lxn,1049100000.0,1084900000.0,818800000,779620000,-0.417144,0.418505364474086,0.998030532995944,False,NO CHANGE
P32067,Ssb,98309000.0,76592000.0,69842000,142070000,0.199054,0.830909403772545,0.998030532995944,False,NO CHANGE
Q8VCA8,Scrn2,638800000.0,236020000.0,340230000,106380000,-1.029268,0.321727291892269,0.998030532995944,False,DOWN
P59024,Fkbp14,105540000.0,85696000.0,68623000,81239000,-0.349041,0.69753278253743,0.998030532995944,False,NO CHANGE
Q8BGB7,Enoph1,389650000.0,262370000.0,514700000,336040000,0.379292,0.585816066162787,0.998030532995944,False,NO CHANGE
Q9D6N1,Ca13,977940000.0,690600000.0,672100000,679410000,-0.282319,0.613444785604593,0.998030532995944,False,NO CHANGE
P60670,Nploc4,100130000.0,66538000.0,49442000,84630000,-0.335537,0.73154617811627,0.998030532995944,False,NO CHANGE
Q99KP3,Cryl1,293270000.0,306860000.0,322450000,93771000,-0.78676,0.405402180990746,0.998030532995944,False,DOWN
Q8BGD9,Eif4b,136800000.0,151080000.0,25632000,71698000,-1.745679,0.131045506360374,0.998030532995944,False,DOWN
P56391,Cox6b1,90008000.0,48404000.0,76033000,36080000,-0.333677,0.758482815631465,0.998030532995944,False,NO CHANGE
Q8VCR7,Abhd14b,769620000.0,858450000.0,14176000000,26528000000,4.576399,0.0001583546204124,0.116075908668446,False,UP
Q8VBV7,Cops8,241550000.0,321610000.0,46179000,285120000,-1.280378,0.29049663065757,0.998030532995944,False,DOWN
Q03265,Atp5a1,312260000.0,100500000.0,197850000,156330000,-0.010471,0.990946245137278,0.999971162684518,False,NO CHANGE
P11930,Nudt19,332630000.0,241040000.0,80348000,286400000,-0.900413,0.362709967310507,0.998030532995944,False,DOWN
Q3UGR5,Hdhd2,1495600000.0,1073700000.0,778470000,1021500000,-0.506956,0.351452605994304,0.998030532995944,False,NO CHANGE
O35295,Purb,267580000.0,513020000.0,371770000,364120000,-0.010081,0.988467295154595,0.999971162684518,False,NO CHANGE
P42669,Pura,568140000.0,762250000.0,231820000,784470000,-0.625894,0.459998570699402,0.998030532995944,False,DOWN
Q71RI9,Ccbl2,556320000.0,347790000.0,377850000,31864000,-2.003159,0.186292161595323,0.998030532995944,False,DOWN
Q99LG2,Tnpo2,40702000.0,0.0,25087000,0,0.652645,0.749691514926374,0.998030532995944,False,NO CHANGE
Q9CQI7,Snrpb2,27066000.0,4419600.0,0,6378300,-1.07171,0.50599704714882,0.998030532995944,False,NO CHANGE
Q3ULJ0,Gpd1l,78794000.0,28649000.0,19662000,9508500,-1.796935,0.23229950329678,0.998030532995944,False,DOWN
O35969,Gamt,418970000.0,345090000.0,437710000,661820000,0.501297,0.443621725571174,0.998030532995944,False,NO CHANGE
Q9DA79,Dpep3,299910000.0,0.0,426730000,7641300,0.742226,0.809068282016166,0.998030532995944,False,NO CHANGE
Q9CZU3,Skiv2l2,71435000.0,7706100.0,77947000,0,0.097133,0.960605573144401,0.998874496667107,False,NO CHANGE
Q9DBT5,Ampd2,74943000.0,21958000.0,155030000,19069000,0.422582,0.786643146502781,0.998030532995944,False,NO CHANGE
Q9JLV5,Cul3,128750000.0,0.0,80852000,0,0.056533,0.98333933764329,0.999971162684518,False,NO CHANGE
Q3UHX2,Pdap1,69687000.0,26174000.0,0,4433700,-3.151832,0.0642821197830779,0.998030532995944,False,NO CHANGE
Q8K2V1,Ppp4r1,89889000.0,0.0,6483200,0,-1.283908,0.584606428772041,0.998030532995944,False,NO CHANGE
P39061,Col18a1,135700000.0,77184000.0,216350000,808980000,2.031338,0.0810977200349935,0.998030532995944,False,UP
Q99KJ8,Dctn2,364080000.0,30955000.0,47111000,35239000,-1.38156,0.377535705349414,0.998030532995944,False,DOWN
O35900,Lsm2,114620000.0,1331700.0,32588000,20915000,1.079375,0.667646217388166,0.998030532995944,False,UP
P50429,Arsb,397850000.0,118940000.0,113500000,113170000,-0.940637,0.346073065367786,0.998030532995944,False,DOWN
P27661,H2afx,129630000.0,69620000.0,0,140510000,-2.186142,0.325338729446574,0.998030532995944,False,NO CHANGE
Q9ER10,Prss22,178740000.0,12459000000.0,310460000,6672700000,-0.05215,0.983854651197083,0.999971162684518,False,NO CHANGE
P33434,Mmp2,254860000.0,3845300000.0,808230000,1946100000,0.341275,0.815691438937165,0.998030532995944,False,NO CHANGE
Q8QZR4,Oaf,493210000.0,888630000.0,365890000,721530000,-0.365658,0.607461875394042,0.998030532995944,False,NO CHANGE
P06869,Plau,216140000.0,27233000000.0,327860000,34231000000,0.465531,0.887160575892558,0.998030532995944,False,NO CHANGE
P28798,Grn,112930000.0,432150000.0,124140000,712570000,0.429019,0.73121746467793,0.998030532995944,False,NO CHANGE
Q07235,Serpine2,251200000.0,251840000.0,0,148290000,-3.237086,0.122583372859703,0.998030532995944,False,NO CHANGE
P01887,B2m,23140000000.0,21301000000.0,29945000000,21298000000,0.185862,0.638538466015466,0.998030532995944,False,NO CHANGE
P20060,Hexb,196030000.0,812320000.0,63967000,749750000,-0.865657,0.568205429169782,0.998030532995944,False,DOWN
Q00993,Axl,778970000.0,1105300000.0,747760000,1560700000,0.219381,0.724935781192904,0.998030532995944,False,NO CHANGE
Q61810,Ltbp3,76573000.0,62985000.0,68945000,72662000,0.027401,0.976568593155253,0.999971162684518,False,NO CHANGE
O35188,Cx3cl1,1318500000.0,1263700000.0,956850000,1116700000,-0.320473,0.509470217530329,0.998030532995944,False,NO CHANGE
Q07079,Igfbp5,178840000.0,317510000.0,189140000,197790000,-0.301024,0.695264080633796,0.998030532995944,False,NO CHANGE
Q8BHN0,Ppm1l,72094000.0,18761000.0,109330000,64632000,1.192625,0.34551958580661,0.998030532995944,False,UP
P13595,Ncam1,133660000.0,1317100000.0,122600000,1231500000,-0.110779,0.946838795828857,0.998030532995944,False,NO CHANGE
Q9DAN8,Cst12,10906000000.0,2750900000.0,2644700000,5661500000,-0.501333,0.555679712099658,0.998030532995944,False,NO CHANGE
Q3UHN9,Ndst1,129110000.0,59251000.0,104570000,132420000,0.428039,0.64707768195904,0.998030532995944,False,NO CHANGE
P82198,Tgfbi,183100000.0,2214900000.0,222530000,820200000,-0.575913,0.69231279035776,0.998030532995944,False,NO CHANGE
P63037,Dnaja1,103690000.0,68633000.0,44486000,32413000,-1.151592,0.287834311441082,0.998030532995944,False,DOWN
Q9CR51,Atp6v1g1,94648000.0,35227000.0,46419000,29438000,-0.643429,0.590715667503553,0.998030532995944,False,DOWN
P63001;P60764,Rac1;Rac3,172000000.0,586790000.0,271620000,1194600000,0.842396,0.452657195296216,0.998030532995944,False,UP
Q8R1F1,Fam129b,189640000.0,241310000.0,121240000,283430000,-0.206646,0.805247313619265,0.998030532995944,False,NO CHANGE
Q8BVQ5,Ppme1,195360000.0,90463000.0,151260000,105060000,-0.076645,0.93155140263384,0.998030532995944,False,NO CHANGE
Q9DB05,Napa,194310000.0,125010000.0,75100000,42161000,-1.469769,0.153965019016478,0.998030532995944,False,DOWN
O70318,Epb41l2,396200000.0,157550000.0,59930000,22735000,-2.758851,0.0397590004738404,0.998030532995944,False,DOWN
O70492,Snx3,318510000.0,322250000.0,281880000,271010000,-0.213046,0.7479855934025,0.998030532995944,False,NO CHANGE
Q9EQX4,Aif1l,71841000.0,97886000.0,0,19117000,-2.877652,0.0671278958154781,0.998030532995944,False,NO CHANGE
P54823,Ddx6,312700000.0,471000000.0,230450000,310980000,-0.519615,0.464296806321425,0.998030532995944,False,NO CHANGE
Q8K310,Matr3,229650000.0,337280000.0,79993000,66982000,-1.926796,0.0521632295179736,0.998030532995944,False,DOWN
P62264,Rps14,69738000.0,108440000.0,3800400,125310000,-1.994559,0.337329147735891,0.998030532995944,False,DOWN
P16110,Lgals3,126760000.0,70218000.0,23095000,50856000,-1.460935,0.217614540487503,0.998030532995944,False,DOWN
Q8BY87,Usp47,275300000.0,487840000.0,6649600,235390000,-3.211474,0.13143147506618,0.998030532995944,False,DOWN
Q8BFY9,Tnpo1,302070000.0,224510000.0,354340000,243770000,0.174496,0.80575852891102,0.998030532995944,False,NO CHANGE
Q8BG95,Ppp1r12b,40161000.0,27278000.0,10274000,12586000,-1.541358,0.278676126436027,0.998030532995944,False,DOWN
Q99JI6;P62835,Rap1b;Rap1a,108120000.0,100260000.0,328140000,401500000,1.801666,0.048525385780167,0.998030532995944,False,UP
Q9WUL7,Arl3,448730000.0,271970000.0,506320000,285320000,0.121668,0.866617129624384,0.998030532995944,False,NO CHANGE
Q9DBG9,Tax1bp3,286650000.0,171860000.0,116250000,297100000,-0.256172,0.771828128472855,0.998030532995944,False,NO CHANGE
P48036,Anxa5,125560000.0,203640000.0,38794000,90850000,-1.429467,0.179459760144817,0.998030532995944,False,DOWN
P42225,Stat1,99904000.0,15203000.0,414930000,32796000,1.581709,0.387123047325054,0.998030532995944,False,UP
Q8K354,Cbr3,216520000.0,481340000.0,137000000,298880000,-0.673907,0.448209482786061,0.998030532995944,False,DOWN
Q9DCH4,Eif3f,203420000.0,296700000.0,0,131760000,-3.383613,0.11340137373764,0.998030532995944,False,NO CHANGE
Q9CQW1,Ykt6,175930000.0,157380000.0,340140000,242520000,0.787489,0.306887956678761,0.998030532995944,False,UP
Q9CX56,Psmd8,1257700000.0,463370000.0,728690000,569130000,-0.245409,0.735231982756612,0.998030532995944,False,NO CHANGE
Q9QZQ8,H2afy,105950000.0,161940000.0,63189000,268740000,-0.007443,0.994428115300048,0.999971162684518,False,NO CHANGE
O88685,Psmc3,203020000.0,156770000.0,111010000,86903000,-0.861052,0.314109109967952,0.998030532995944,False,DOWN
Q9CQJ6,Denr,165630000.0,132670000.0,130150000,356240000,0.538609,0.551238388770378,0.998030532995944,False,NO CHANGE
Q8VEB4,Pla2g15,280610000.0,192170000.0,98507000,0,-3.165047,0.0842742149469737,0.998030532995944,False,NO CHANGE
Q9CQE8,,150690000.0,30124000.0,65407000,14260000,-1.141503,0.457555161873392,0.998030532995944,False,DOWN
P48758,Cbr1,240780000.0,549210000.0,276090000,469170000,-0.014912,0.984753986477348,0.999971162684518,False,NO CHANGE
Q8BP40,Acp6,632940000.0,503420000.0,389420000,285050000,-0.760645,0.259220645121239,0.998030532995944,False,DOWN
Q8VCT3,Rnpep,281060000.0,217140000.0,24696000,897410000,-0.730694,0.694482391472815,0.998030532995944,False,DOWN
P63168,Dynll1,200260000.0,24446000.0,54928000,78055000,-0.095684,0.944457739956089,0.998030532995944,False,NO CHANGE
Q8BI84,Mia3,65140000.0,8928500.0,19471000,0,-1.316567,0.465653393727042,0.998030532995944,False,NO CHANGE
Q9Z1B5,Mad2l1,137880000.0,77938000.0,334730000,307430000,1.629722,0.0801842785393362,0.998030532995944,False,UP
Q9EQS3,Mycbp,158840000.0,26553000.0,120140000,32751000,-0.050097,0.971688558258102,0.999971162684518,False,NO CHANGE
Q9DCT5,Sdf2,114800000.0,182610000.0,69536000,109430000,-0.731024,0.420635612017101,0.998030532995944,False,DOWN
P47941,Crkl,250590000.0,164800000.0,276300000,66179000,-0.587682,0.574727242289166,0.998030532995944,False,DOWN
P11031,Sub1,529760000.0,242210000.0,338590000,324570000,-0.111764,0.879411771066365,0.998030532995944,False,NO CHANGE
Q9DBP5,Cmpk1,977590000.0,776380000.0,923890000,1094000000,0.206635,0.689807633238837,0.998030532995944,False,NO CHANGE
P54726,Rad23a,202920000.0,84519000.0,88761000,0,-2.369639,0.176871858717797,0.998030532995944,False,NO CHANGE
P52503,Ndufs6,31868000.0,20153000.0,54208000,6380800,-0.446394,0.78887457476129,0.998030532995944,False,NO CHANGE
P47738,Aldh2,257710000.0,308420000.0,219950000,432110000,0.128965,0.861482337751777,0.998030532995944,False,NO CHANGE
P28656,Nap1l1,595960000.0,838090000.0,206570000,1277900000,-0.459993,0.659721544033767,0.998030532995944,False,NO CHANGE
Q78ZA7,Nap1l4,422580000.0,486470000.0,7522600,204750000,-3.530168,0.0853796011451441,0.998030532995944,False,DOWN
Q8BQ47,Cnpy4,134660000.0,205190000.0,120810000,138750000,-0.360527,0.656905815510386,0.998030532995944,False,NO CHANGE
P62814,Atp6v1b2,430210000.0,81652000.0,1069900000,246750000,1.454926,0.26788501611455,0.998030532995944,False,UP
Q6NZJ6,Eif4g1,269390000.0,333340000.0,90554000,230340000,-1.053038,0.247255590306002,0.998030532995944,False,DOWN
Q9QXA5,Lsm4,150940000.0,101410000.0,17726000,146500000,-1.279668,0.364437225876999,0.998030532995944,False,DOWN
P49442,Inpp1,386350000.0,285530000.0,446360000,267490000,0.057071,0.934842701531718,0.998030532995944,False,NO CHANGE
P62488,Polr2g,119090000.0,71563000.0,77236000,59491000,-0.445625,0.638105808585303,0.998030532995944,False,NO CHANGE
Q03958,Pfdn6,127120000.0,95117000.0,94037000,211830000,0.360121,0.691538327365835,0.998030532995944,False,NO CHANGE
O35344,Kpna3,507600000.0,502080000.0,589840000,175010000,-0.651924,0.450628458909193,0.998030532995944,False,DOWN
Q9D8S9,Bola1,46360000.0,10670000.0,26638000,75029000,1.007247,0.502426641056426,0.998030532995944,False,UP
Q9WU28,Pfdn5,100960000.0,107240000.0,22639000,90311000,-1.202386,0.316752650463223,0.998030532995944,False,DOWN
Q9JI46,Nudt3,584340000.0,376830000.0,227660000,434490000,-0.577259,0.438129890569535,0.998030532995944,False,NO CHANGE
Q9CR68,Uqcrfs1,745560000.0,262490000.0,85198000,371940000,-1.313313,0.256640233921238,0.998030532995944,False,DOWN
Q9D6Y7,Msra,181880000.0,208600000.0,134410000,156110000,-0.427261,0.579710536576042,0.998030532995944,False,NO CHANGE
Q4VAA2,Cdv3,148300000.0,116930000.0,55107000,159570000,-0.489833,0.618433009525115,0.998030532995944,False,NO CHANGE
P61759,Vbp1,263040000.0,284770000.0,198830000,222170000,-0.38094,0.590394390894017,0.998030532995944,False,NO CHANGE
P60867,Rps20,434800000.0,372660000.0,14581000,533400000,-2.190416,0.266728145343072,0.998030532995944,False,DOWN
Q9WUP7,Uchl5,254590000.0,107630000.0,254200000,26123000,-1.02245,0.478680401789617,0.998030532995944,False,DOWN
Q8BPG6,Sumf2,289750000.0,208210000.0,21501000,95083000,-2.441557,0.0655041642592459,0.998030532995944,False,DOWN
P70665,Siae,257630000.0,117500000.0,112580000,83828000,-0.840753,0.364948842687616,0.998030532995944,False,DOWN
P63276,Rps17,135870000.0,127470000.0,27648000,110770000,-1.249785,0.283197031241262,0.998030532995944,False,DOWN
P35585,Ap1m1,411220000.0,352110000.0,279890000,104480000,-1.153925,0.202249551306826,0.998030532995944,False,DOWN
P62082,Rps7,114500000.0,210530000.0,63383000,259810000,-0.274874,0.79701346267615,0.998030532995944,False,NO CHANGE
Q8BJW6,Eif2a,79783000.0,404030000.0,73704000,239050000,-0.435744,0.721746943402106,0.998030532995944,False,NO CHANGE
P35564,Canx,108230000.0,295470000.0,402970000,639830000,1.505624,0.116156562294316,0.998030532995944,False,UP
P31230,Aimp1,154750000.0,315520000.0,77155000,515170000,-0.148395,0.901076387958108,0.998030532995944,False,NO CHANGE
Q9CXW4,Rpl11,272140000.0,230660000.0,215720000,548710000,0.457543,0.572682760388897,0.998030532995944,False,NO CHANGE
Q9QZ23,Nfu1,451710000.0,182010000.0,110270000,100740000,-1.443869,0.13721630742016,0.998030532995944,False,DOWN
Q9D0M5,Dynll2,651570000.0,309740000.0,546220000,474050000,0.179772,0.794652885119098,0.998030532995944,False,NO CHANGE
Q91YP3,Dera,206790000.0,112650000.0,31224000,0,-3.655893,0.0426728550142919,0.998030532995944,False,NO CHANGE
Q9CR86,Carhsp1,157620000.0,90866000.0,68369000,43946000,-1.126523,0.267372397041072,0.998030532995944,False,DOWN
Q8VDQ1,Ptgr2,450180000.0,295040000.0,217040000,662420000,0.057147,0.94579644226026,0.998030532995944,False,NO CHANGE
P13707,Gpd1,285430000.0,438880000.0,82257000,160740000,-1.622012,0.0889361398605838,0.998030532995944,False,DOWN
Q6P3D0,Nudt16,155550000.0,51327000.0,93096000,16968000,-1.168744,0.408833653216107,0.998030532995944,False,DOWN
Q6P069,Sri,262920000.0,276800000.0,198670000,136230000,-0.713525,0.35528958241563,0.998030532995944,False,DOWN
Q9D1J3,Sarnp,181550000.0,189490000.0,330880000,162180000,0.320708,0.688411092738625,0.998030532995944,False,NO CHANGE
Q6NSR8,Npepl1,610950000.0,434750000.0,648880000,226050000,-0.428323,0.595254072936549,0.998030532995944,False,NO CHANGE
P23198,Cbx3,365920000.0,112760000.0,193220000,408170000,0.467315,0.629010754200767,0.998030532995944,False,NO CHANGE
Q91WK1,Spryd4,75055000.0,46771000.0,43483000,40904000,-0.490435,0.646280733508719,0.998030532995944,False,NO CHANGE
Q6IRU5,Cltb,478870000.0,554100000.0,701790000,640240000,0.379936,0.511163384183556,0.998030532995944,False,NO CHANGE
Q505B7,Zbtb8os,234000000.0,238560000.0,235040000,479100000,0.506186,0.508026089400962,0.998030532995944,False,NO CHANGE
P56375,Acyp2,145510000.0,139860000.0,193820000,57876000,-0.429674,0.666237406876179,0.998030532995944,False,NO CHANGE
Q920B9,Supt16h,473250000.0,1757400000.0,106220000,703610000,-1.738071,0.19613487347201,0.998030532995944,False,DOWN
P55821,Stmn2,400270000.0,262070000.0,566450000,582310000,0.826405,0.229104450511236,0.998030532995944,False,UP
Q922V4,Plrg1,187950000.0,172300000.0,159330000,87999000,-0.603847,0.476723634583234,0.998030532995944,False,DOWN
Q9CQR2,Rps21,266610000.0,159010000.0,1096800000,184190000,1.126287,0.327180835420998,0.998030532995944,False,UP
P56395,Cyb5a,974440000.0,440990000.0,172360000,693960000,-0.922521,0.356753204546495,0.998030532995944,False,DOWN
P52760,Hrsp12,293570000.0,446970000.0,318370000,348540000,-0.120927,0.856371122787256,0.998030532995944,False,NO CHANGE
Q9CYW4,Hdhd3,122940000.0,37960000.0,87182000,37096000,-0.264534,0.822974521894927,0.998030532995944,False,NO CHANGE
P27048;P63163,Snrpb;Snrpn,728580000.0,726720000.0,438010000,427110000,-0.750458,0.221060344752353,0.998030532995944,False,DOWN
Q8C0C7,Farsa,87910000.0,19525000.0,37281000,27891000,-0.361555,0.790410372557229,0.998030532995944,False,NO CHANGE
P17897,Lyz1,0.0,9412500.0,0,1750100,-1.441017,0.315465791213305,0.998030532995944,False,NO CHANGE
P21619,Lmnb2,5309000.0,24050000.0,4474600,35650000,0.160592,0.92870272355296,0.998030532995944,False,NO CHANGE
Q3TC72,Fahd2,103100000.0,0.0,19711000,49353000,0.065582,0.96986005060105,0.999971162684518,False,NO CHANGE
Q3URD3,Slmap,50814000.0,0.0,32144000,0,0.637203,0.771330530019514,0.998030532995944,False,NO CHANGE
Q8R326,Pspc1,17760000.0,4183700.0,6750200,18950000,0.391859,0.802659321141199,0.998030532995944,False,NO CHANGE
Q91YP2,Nln,214400000.0,116580000.0,209070000,109820000,-0.061249,0.944079291867402,0.998030532995944,False,NO CHANGE
Q9JL35,Hmgn5,369360000.0,97256000.0,47073000,46481000,-2.018601,0.100848281972217,0.998030532995944,False,DOWN
Q9QXV0,Pcsk1n,98667000.0,33290000.0,106550000,49970000,0.348432,0.760286209440633,0.998030532995944,False,NO CHANGE
Q3SXD3,Hddc2,233810000.0,200270000.0,28755000,168600000,-1.635897,0.197366245549527,0.998030532995944,False,DOWN
P97930,Dtymk,77344000.0,0.0,89108000,112210000,2.600175,0.194667308097304,0.998030532995944,False,NO CHANGE
Q9CXT8,Pmpcb,95952000.0,0.0,0,17073000,-1.658924,0.408990601594743,0.998030532995944,False,NO CHANGE
O88967,Yme1l1,91645000.0,0.0,34106000,8975100,0.458041,0.847002132000001,0.998030532995944,False,NO CHANGE
Q99JF5,Mvd,104790000.0,0.0,20938000,3178200,-0.986621,0.680400214832871,0.998030532995944,False,NO CHANGE
O70325;Q91XR9,Gpx4,70283000.0,0.0,17078000,7509400,-0.476741,0.809707091365712,0.998030532995944,False,NO CHANGE
P17095,Hmga1,20457000.0,0.0,3908500,0,-1.793297,0.282245202254843,0.998030532995944,False,NO CHANGE
Q8R3B1,Plcd1,56788000.0,17955000.0,39601000,6768100,-0.963806,0.561245241075803,0.998030532995944,False,DOWN
Q91Z31,Ptbp2,252090000.0,0.0,101610000,0,-0.980627,0.743146219116035,0.998030532995944,False,NO CHANGE
P60898,Polr2i,39334000.0,17941000.0,5528600,20608000,-1.315423,0.402141514368899,0.998030532995944,False,DOWN
Q99MD6,Txnrd3,99142000.0,61228000.0,140530000,23160000,-0.449623,0.72859197899303,0.998030532995944,False,NO CHANGE
Q9D868,Ppih,91483000.0,11285000.0,90858000,40712000,0.920579,0.549037104870678,0.998030532995944,False,UP
O08756,Hsd17b10,71188000.0,32767000.0,60724000,37659000,-0.014308,0.98990949424749,0.999971162684518,False,NO CHANGE
P99028,Uqcrh,43809000.0,5782700.0,20339000,1655900,-1.455553,0.480587136840221,0.998030532995944,False,DOWN
P97450,Atp5j,84788000.0,3266300.0,28889000,6762600,-0.25171,0.906499303733201,0.998030532995944,False,NO CHANGE
O09010,Lfng,314150000.0,210270000.0,254710000,312820000,0.135246,0.848712843287541,0.998030532995944,False,NO CHANGE
Q61468,Msln,55347000.0,3968000000.0,118180000,2899800000,0.320975,0.903674024084615,0.998030532995944,False,NO CHANGE
Q9QXC1,Fetub,529290000.0,183760000.0,448850000,224010000,0.023958,0.978328822777373,0.999971162684518,False,NO CHANGE
P10148,Ccl2,525700000.0,871220000.0,1825300000,1647300000,1.357408,0.0431713223723153,0.998030532995944,False,UP
P47879,Igfbp4,66300000.0,1028800000.0,115690000,655040000,0.075938,0.963710903423218,0.999824267041861,False,NO CHANGE
Q8BX35,Eda2r,70712000.0,54265000.0,55612000,46370000,-0.286695,0.776306511605435,0.998030532995944,False,NO CHANGE
Q99KR8,Fuca2,261030000.0,267890000.0,148410000,146390000,-0.843226,0.275916481709628,0.998030532995944,False,DOWN
Q9R1Q9,Atp6ap1,1763700000.0,1150000000.0,1036500000,1433400000,-0.224539,0.668546205079975,0.998030532995944,False,NO CHANGE
O70340,Nptx2,584850000.0,151240000.0,1452600000,14646000,-1.027881,0.675152601427395,0.998030532995944,False,DOWN
O35988,Sdc4,8525100000.0,4249100000.0,8469700000,4842900000,0.089654,0.874548255190849,0.998030532995944,False,NO CHANGE
Q03401,Crisp1,87400000.0,1105500000.0,22614000,2558200000,-0.369994,0.890529273837538,0.998030532995944,False,NO CHANGE
P04202,Tgfb1,68394000.0,32641000.0,156460000,111500000,1.483069,0.169588626552134,0.998030532995944,False,UP
Q91V88,Npnt,78461000.0,46709000.0,7174300,9794300,-2.852376,0.0720592848025879,0.998030532995944,False,DOWN
Q7TMR0,Prcp,304510000.0,557280000.0,486410000,1220200000,0.903163,0.269516933767216,0.998030532995944,False,UP
P70428,Ext2,445260000.0,557760000.0,117030000,0,-4.63699,0.0462653037159911,0.998030532995944,False,NO CHANGE
Q6GU68,Islr,241020000.0,489090000.0,469810000,450640000,0.4224,0.553681168411001,0.998030532995944,False,NO CHANGE
P15535,B4galt1,324470000.0,636330000.0,405710000,222620000,-0.596414,0.444632695831719,0.998030532995944,False,DOWN
P11214,Plat,130640000.0,1252500000.0,49032000,1236800000,-0.716,0.724221317238141,0.998030532995944,False,DOWN
Q8VE43,Metrnl,532460000.0,411310000.0,354590000,234660000,-0.698088,0.321076384107081,0.998030532995944,False,DOWN
Q62059,Vcan,22127000.0,327920000.0,4642900,95298000,-2.017768,0.37796531168787,0.998030532995944,False,DOWN
Q91XA2,Golm1,183920000.0,225460000.0,321510000,322890000,0.661978,0.358796270564046,0.998030532995944,False,UP
Q9EPK6,Sil1,236600000.0,294730000.0,242520000,222900000,-0.183672,0.793031247505777,0.998030532995944,False,NO CHANGE
Q80VJ3,Dnph1,190290000.0,109990000.0,153230000,84546000,-0.346032,0.697893894322438,0.998030532995944,False,NO CHANGE
Q9D6R2,Idh3a,131720000.0,17265000.0,60714000,0,-1.542436,0.452142581810736,0.998030532995944,False,NO CHANGE
Q9DCD6,Gabarap,33834000.0,17297000.0,39271000,29508000,0.492787,0.701603054630673,0.998030532995944,False,NO CHANGE
Q78PG9,Ccdc25,128870000.0,65440000.0,86667000,136360000,0.243407,0.793743752639274,0.998030532995944,False,NO CHANGE
Q8R2G4,Art3,184960000.0,37917000.0,153100000,44317000,-0.023862,0.98531075533044,0.999971162684518,False,NO CHANGE
Q9QUI0;Q62159,Rhoa;Rhoc,303280000.0,158760000.0,77948000,766610000,0.155789,0.906018541821922,0.998030532995944,False,NO CHANGE
P28658,Atxn10,217780000.0,242710000.0,333930000,76872000,-0.521015,0.609837162919489,0.998030532995944,False,NO CHANGE
Q9CQC6,Bzw1,266280000.0,565310000.0,0,348030000,-3.110694,0.185042852292447,0.998030532995944,False,NO CHANGE
Q6PGB6,Naa50,72500000.0,179620000.0,60419000,73148000,-0.779518,0.439472995956283,0.998030532995944,False,DOWN
O89112,Lancl1,167360000.0,85974000.0,62839000,37599000,-1.303214,0.223286004366244,0.998030532995944,False,DOWN
P60766,Cdc42,164270000.0,242740000.0,130040000,439590000,0.259817,0.780917049077339,0.998030532995944,False,NO CHANGE
Q8VE62,Paip1,229710000.0,72563000.0,179920000,20471000,-1.089055,0.464666877324239,0.998030532995944,False,DOWN
Q80UG5,2018-09-09 00:00:00,45795000.0,105120000.0,12317000,93733000,-1.029974,0.493396840522013,0.998030532995944,False,DOWN
Q9JLT4,Txnrd2,140800000.0,106370000.0,54988000,32913000,-1.52441,0.154841557937925,0.998030532995944,False,DOWN
Q9DBZ5,Eif3k,124310000.0,144510000.0,61505000,150420000,-0.47867,0.609643345928631,0.998030532995944,False,NO CHANGE
P23780,Glb1,338360000.0,250570000.0,36003000,119810000,-2.148418,0.067614954658255,0.998030532995944,False,DOWN
Q9R0E1,Plod3,106400000.0,295980000.0,115420000,92439000,-0.780766,0.417538660264113,0.998030532995944,False,DOWN
O55057,Pde6d,789650000.0,411480000.0,81819000,76627000,-2.847802,0.0113351938291289,0.998030532995944,False,DOWN
Q9D7X3,Dusp3,88409000.0,93286000.0,81991000,47212000,-0.545617,0.570868123255917,0.998030532995944,False,NO CHANGE
P63073,Eif4e,168330000.0,342090000.0,68699000,210210000,-0.997738,0.330879597525028,0.998030532995944,False,DOWN
Q9JHJ0,Tmod3,60611000.0,55402000.0,21651000,58954000,-0.697747,0.557157083071515,0.998030532995944,False,DOWN
Q9JHI5,Ivd,148800000.0,91802000.0,387870000,256260000,1.431605,0.113664762673299,0.998030532995944,False,UP
Q9R0N0,Galk1,169650000.0,73096000.0,53206000,24129000,-1.635962,0.177640292543881,0.998030532995944,False,DOWN
Q9CYZ2,Tpd52l2,84223000.0,13557000.0,55603000,63755000,0.817224,0.559513481576941,0.998030532995944,False,UP
Q9WUM3,Coro1b,75874000.0,84415000.0,191180000,53999000,0.344344,0.744831893855619,0.998030532995944,False,NO CHANGE
Q9WU84,Ccs,96892000.0,73478000.0,84541000,34045000,-0.653298,0.538203505781157,0.998030532995944,False,DOWN
Q99P72,Rtn4,124250000.0,207360000.0,109220000,185480000,-0.173441,0.837753195019097,0.998030532995944,False,NO CHANGE
Q9D6Y9,Gbe1,201980000.0,333620000.0,153770000,245680000,-0.417432,0.59585375237674,0.998030532995944,False,NO CHANGE
P97346,Nxn,182200000.0,208490000.0,76073000,38417000,-1.850114,0.0819376861741318,0.998030532995944,False,DOWN
Q9QYJ0,Dnaja2,184210000.0,30450000.0,22260000,19059000,-1.862398,0.221774586012945,0.998030532995944,False,DOWN
Q9DBB8,Dhdh,92177000.0,67065000.0,54042000,21689000,-1.199461,0.309266567255758,0.998030532995944,False,DOWN
P35279;P61294,Rab6a;Rab6b,459000000.0,313170000.0,439700000,448060000,0.227386,0.722901763213756,0.998030532995944,False,NO CHANGE
Q9D0B6,Pbdc1,215800000.0,264920000.0,322740000,355360000,0.502201,0.469066506195594,0.998030532995944,False,NO CHANGE
Q91VH6,Memo1,196060000.0,151350000.0,10278000,12247000,-3.940526,0.0119051014139439,0.998030532995944,False,DOWN
P26638,Sars,338330000.0,506320000.0,391100000,227300000,-0.473173,0.514117734726326,0.998030532995944,False,NO CHANGE
Q64105,Spr,98731000.0,93618000.0,61957000,109430000,-0.223543,0.806561085449949,0.998030532995944,False,NO CHANGE
D3Z4S3,Ptrhd1,66831000.0,44522000.0,95805000,68024000,0.565554,0.568834151604268,0.998030532995944,False,NO CHANGE
P24452,Capg,642250000.0,2329800000.0,745760000,2292100000,0.09602,0.91741245398565,0.998030532995944,False,NO CHANGE
Q9EPQ7,Stard5,178500000.0,110380000.0,62616000,166510000,-0.459095,0.636202765867022,0.998030532995944,False,NO CHANGE
O88587,Comt,137400000.0,114200000.0,113580000,78595000,-0.406863,0.636481580816042,0.998030532995944,False,NO CHANGE
Q9JMG1,Edf1,48886000.0,44670000.0,14522000,55363000,-0.720783,0.588254030997403,0.998030532995944,False,DOWN
Q99K41,Emilin1,155020000.0,671780000.0,115330000,493860000,-0.435287,0.714199155877288,0.998030532995944,False,NO CHANGE
P42208,2018-09-02 00:00:00,164820000.0,367220000.0,114300000,255510000,-0.525665,0.564475815093506,0.998030532995944,False,NO CHANGE
Q91WK2,Eif3h,177840000.0,39121000.0,12826000,78791000,-1.391675,0.376704719463767,0.998030532995944,False,DOWN
Q99JT9,Adi1,98093000.0,96017000.0,658820000,124830000,1.563133,0.189730046652512,0.998030532995944,False,UP
Q9CQM5,Txndc17,423830000.0,133010000.0,764420000,1089300000,1.942337,0.0543124438384345,0.998030532995944,False,UP
Q9R059,Fhl3,442370000.0,394010000.0,386360000,222040000,-0.51136,0.469722147075577,0.998030532995944,False,NO CHANGE
Q8BH58,Tiprl,101950000.0,396610000.0,178950000,395660000,0.404117,0.693955438280683,0.998030532995944,False,NO CHANGE
Q62048,Pea15,71800000.0,145800000.0,11864000,43275000,-2.174889,0.126824917780702,0.998030532995944,False,DOWN
Q78JW9,Ubfd1,115300000.0,134430000.0,82562000,214320000,0.095534,0.917189896654078,0.998030532995944,False,NO CHANGE
Q9D7M8,Polr2d,74026000.0,44618000.0,0,22580000,-3.265278,0.119256666975422,0.998030532995944,False,NO CHANGE
P61600,Naa20,132200000.0,54062000.0,26694000,162310000,-0.361035,0.784489847464988,0.998030532995944,False,NO CHANGE
Q8R081,Hnrnpl,155430000.0,203940000.0,129680000,106230000,-0.601131,0.461945310409605,0.998030532995944,False,DOWN
Q9CQR6,Ppp6c,339580000.0,361060000.0,166300000,323500000,-0.594218,0.434648188797974,0.998030532995944,False,DOWN
P46656,Fdx1,101730000.0,39807000.0,84828000,43245000,-0.071311,0.948560660116005,0.998030532995944,False,NO CHANGE
O08547,Sec22b,29245000.0,23675000.0,31405000,61333000,0.738052,0.552210046253812,0.998030532995944,False,UP
Q91VW3,Sh3bgrl3,646340000.0,711560000.0,1041500000,1139200000,0.683631,0.217243142441568,0.998030532995944,False,UP
P16254,Srp14,152110000.0,78867000.0,32536000,69673000,-1.201914,0.275566672188914,0.998030532995944,False,DOWN
Q8BGC4,Zadh2,164960000.0,208920000.0,50869000,26430000,-2.33998,0.0468663718196525,0.998030532995944,False,DOWN
P62313,Lsm6,58148000.0,41467000.0,199080000,65818000,1.221033,0.279477320711683,0.998030532995944,False,UP
Q9CPT4,Mydgf,1102400000.0,1133700000.0,415170000,1967900000,-0.306628,0.728779115097366,0.998030532995944,False,NO CHANGE
Q9Z0P5,Twf2,103250000.0,68981000.0,80869000,8723200,-1.667876,0.29339521617915,0.998030532995944,False,DOWN
P62077,Timm8b,62527000.0,61425000.0,30946000,13288000,-1.611714,0.224197908607584,0.998030532995944,False,DOWN
Q8QZY1,Eif3l,232010000.0,477660000.0,162970000,324490000,-0.533695,0.523411634226748,0.998030532995944,False,NO CHANGE
P49962,Srp9,124260000.0,51048000.0,67221000,53763000,-0.405809,0.694993901183855,0.998030532995944,False,NO CHANGE
Q9R0Q6,Arpc1a,146700000.0,119280000.0,167620000,14872000,-1.405678,0.354062241426218,0.998030532995944,False,DOWN
Q99J09,Wdr77,503420000.0,320570000.0,399370000,236450000,-0.38657,0.593000206826109,0.998030532995944,False,NO CHANGE
Q91VA6,Poldip2,55159000.0,41836000.0,43950000,0,-1.602756,0.333100535158884,0.998030532995944,False,NO CHANGE
O54754,Aox1,81691000.0,655280000.0,133850000,165840000,-0.634976,0.610429158294131,0.998030532995944,False,DOWN
O35955,Psmb10,259150000.0,157070000.0,194130000,994540000,1.122929,0.30677465576415,0.998030532995944,False,UP
O88456,Capns1,192070000.0,226980000.0,102790000,339200000,-0.161181,0.861368929465661,0.998030532995944,False,NO CHANGE
P62878,Rbx1,284780000.0,229770000.0,355790000,223350000,0.140147,0.845403682712681,0.998030532995944,False,NO CHANGE
Q61838,A2m,481630000.0,354430000.0,382230000,14983000,-2.448793,0.189553343897098,0.998030532995944,False,DOWN
P61290,Psme3,231910000.0,148100000.0,205770000,373100000,0.580229,0.472537435326553,0.998030532995944,False,NO CHANGE
Q8C8T8,Tsr2,126860000.0,141180000.0,166750000,98636000,-0.06145,0.94127239821186,0.998030532995944,False,NO CHANGE
P04117,Fabp4,44303000.0,52100000.0,29860000,227660000,0.779168,0.571850619246724,0.998030532995944,False,UP
Q8R0F8,Fahd1,324590000.0,83048000.0,98073000,18578000,-1.94352,0.187481845905709,0.998030532995944,False,DOWN
P61957,Sumo2,1787600000.0,1501100000.0,581110000,1611100000,-0.759557,0.285279387082698,0.998030532995944,False,DOWN
Q9D1D4,Tmed10,222330000.0,43940000.0,69299000,240460000,0.385197,0.761756436571206,0.998030532995944,False,NO CHANGE
P08207,S100a10,125030000.0,108690000.0,201670000,136950000,0.511576,0.534966916806026,0.998030532995944,False,NO CHANGE
O88545,Cops6,502110000.0,394950000.0,259770000,204340000,-0.950734,0.193186299174066,0.998030532995944,False,DOWN
Q9D6H2,Hspb11,207320000.0,58676000.0,56580000,100440000,-0.549002,0.616736818231256,0.998030532995944,False,NO CHANGE
Q6ZWM4,Lsm8,197730000.0,43113000.0,125000000,250160000,0.937526,0.419401392324606,0.998030532995944,False,UP
Q9Z1D1,Eif3g,63902000.0,92835000.0,83441000,66506000,-0.048144,0.958760020165423,0.998824497432,False,NO CHANGE
Q91ZW2,Pofut1,249960000.0,101760000.0,155650000,0,-2.684024,0.220179008840384,0.998030532995944,False,NO CHANGE
Q9Z2V5,Hdac6,78924000.0,154550000.0,77370000,92554000,-0.384198,0.676426585081799,0.998030532995944,False,NO CHANGE
Q91X96,Rabif,128550000.0,42998000.0,17211000,45763000,-1.405507,0.296254145958224,0.998030532995944,False,DOWN
Q9D898,Arpc5l,251180000.0,87570000.0,114510000,282480000,0.278196,0.781763501222412,0.998030532995944,False,NO CHANGE
Q9CQP3,Chchd5,75391000.0,30875000.0,61442000,46139000,0.14219,0.898934727205633,0.998030532995944,False,NO CHANGE
Q9D7I5,Lhpp,222910000.0,114680000.0,139670000,414710000,0.590025,0.539530002243267,0.998030532995944,False,UP
O70133,Dhx9,38063000.0,91806000.0,78050000,50825000,0.09148,0.931995296443639,0.998030532995944,False,NO CHANGE
Q8JZM7,Cdc73,89768000.0,33559000.0,98433000,69272000,0.589257,0.584236937290144,0.998030532995944,False,UP
Q9EPB4,Pycard,143250000.0,80011000.0,38344000,279970000,-0.04723,0.97063673456752,0.999971162684518,False,NO CHANGE
Q9D1L0,Chchd2,1284000000.0,449210000.0,495550000,543390000,-0.549472,0.470472942201143,0.998030532995944,False,NO CHANGE
Q9WVA2,Timm8a1,65543000.0,37248000.0,52291000,48173000,0.022591,0.983131827897307,0.999971162684518,False,NO CHANGE
Q9JMG7,Hdgfrp3,53515000.0,88635000.0,2666500,65204000,-2.38492,0.253141057610363,0.998030532995944,False,DOWN
P62858,Rps28,68272000.0,209040000.0,392600000,338220000,1.608939,0.115140591896092,0.998030532995944,False,UP
P84104,Srsf3,19670000.0,80536000.0,59736000,27862000,0.035634,0.978842801762818,0.999971162684518,False,NO CHANGE
Q6PDG5,Smarcc2,139180000.0,212010000.0,196360000,74526000,-0.505884,0.589614712360205,0.998030532995944,False,NO CHANGE
P01942,Hba,148400000.0,283640000.0,100350000,226080000,-0.445839,0.621453876911795,0.998030532995944,False,NO CHANGE
Q9D8X1,Cutc,79656000.0,70506000.0,154760000,67311000,0.445637,0.645772052201638,0.998030532995944,False,NO CHANGE
P62320,Snrpd3,751460000.0,519230000.0,314640000,443440000,-0.741815,0.272218307048604,0.998030532995944,False,DOWN
P01193,Pomc,345560000.0,408960000.0,476930000,170800000,-0.397405,0.62762489885294,0.998030532995944,False,NO CHANGE
Q62093,Srsf2,176760000.0,133180000.0,141680000,165790000,-0.001588,0.998382620077763,0.999971162684518,False,NO CHANGE
P62309,Snrpg,51136000.0,13945000.0,35815000,145690000,1.435653,0.331290857064962,0.998030532995944,False,UP
P01902,H2-K1,27759000.0,37434000.0,21383000,28961000,-0.373365,0.766187005715505,0.998030532995944,False,NO CHANGE
P11352,Gpx1,34850000.0,28121000.0,23528000,65005000,0.321061,0.799804538079392,0.998030532995944,False,NO CHANGE
P30999,Ctnnd1,40450000.0,26216000.0,41512000,33877000,0.203624,0.863817668472824,0.998030532995944,False,NO CHANGE
P49443,Ppm1a,18848000.0,11373000.0,103840000,108270000,2.856414,0.0457708849697137,0.998030532995944,False,UP
P61967,Ap1s1,54147000.0,6837000.0,45693000,73393000,1.589649,0.328129094389836,0.998030532995944,False,UP
Q03173,Enah,46313000.0,6616400.0,11027000,4478200,-1.316752,0.443252549210011,0.998030532995944,False,DOWN
Q3TIV5,Zc3h15,40767000.0,7947600.0,747850000,53928000,3.479859,0.0895538596227754,0.998030532995944,False,UP
Q571I9,Aldh16a1,35640000.0,0.0,24519000,35550000,1.085843,0.506182230722313,0.998030532995944,False,NO CHANGE
Q61545,Ewsr1,51872000.0,8439900.0,27034000,27273000,0.375997,0.807784622614111,0.998030532995944,False,NO CHANGE
Q64345,Ifit3,96273000.0,0.0,33123000,16207000,0.205994,0.91789436515492,0.998030532995944,False,NO CHANGE
Q6P8X1,Snx6,19388000.0,0.0,16003000,22125000,0.651127,0.64888583639704,0.998030532995944,False,NO CHANGE
Q99K70;Q7TT45,Rragc;Rragd,222670000.0,71818000.0,209260000,20944000,-0.93371,0.53728703874667,0.998030532995944,False,DOWN
Q8BH69,Sephs1,128670000.0,80927000.0,391690000,217860000,1.517372,0.110244823482078,0.998030532995944,False,UP
Q8K2C9,Hacd3,44078000.0,0.0,4699000,47701000,-0.128103,0.947828972803667,0.998030532995944,False,NO CHANGE
Q99PL5,Rrbp1,52291000.0,19004000.0,69220000,32693000,0.593652,0.64471440843974,0.998030532995944,False,UP
Q9CR81,Tex12,18482000.0,0.0,20456000,0,-0.141592,0.934464221647512,0.998030532995944,False,NO CHANGE
Q9CY52,Thg1l,26480000.0,16052000.0,22353000,12795000,-0.285804,0.835171294314931,0.998030532995944,False,NO CHANGE
Q9CZL5,Pcbd2,38074000.0,9605800.0,470610000,7483200,1.633702,0.500178020937695,0.998030532995944,False,UP
Q9D7G0,Prps1,36586000.0,0.0,13039000,0,-0.459781,0.775214557292991,0.998030532995944,False,NO CHANGE
Q9DAU1,Cnpy3,85770000.0,15254000.0,52138000,84406000,0.87501,0.522444776609856,0.998030532995944,False,UP
Q9DB16,Cab39l,72592000.0,0.0,18077000,0,-0.152316,0.948347986546723,0.998030532995944,False,NO CHANGE
Q9ER00,Stx12,13731000.0,38660000.0,31551000,8074500,-0.529574,0.73377958703782,0.998030532995944,False,NO CHANGE
Q9R0D8,Wdr54,204860000.0,0.0,91532000,0,0.592281,0.84347842262638,0.998030532995944,False,NO CHANGE
Q8BJD1,Itih5,64198000.0,0.0,86892000,10828000,1.413872,0.547743946891425,0.998030532995944,False,NO CHANGE
P97300,Nptn,93718000.0,31558000.0,17762000,86908000,-0.469024,0.738188576231867,0.998030532995944,False,NO CHANGE
Q61592,Gas6,121870000.0,159050000.0,34084000,0,-3.69182,0.0548564263847188,0.998030532995944,False,NO CHANGE
Q8BPA8,Dpcd,53162000.0,0.0,14081000,0,-1.000151,0.573105183858736,0.998030532995944,False,NO CHANGE
Q64520,Guk1,104870000.0,28730000.0,113550000,108010000,1.01263,0.371974895618643,0.998030532995944,False,UP
Q8R1G2,Cmbl,49882000.0,0.0,12225000,0,-0.273926,0.902545166594147,0.998030532995944,False,NO CHANGE
P15105,Glul,97822000.0,69765000.0,51321000,174340000,0.195359,0.853454565618418,0.998030532995944,False,NO CHANGE
Q9ET26,Rnf114,45353000.0,7919700.0,7367700,3808700,-1.839029,0.276358971406365,0.998030532995944,False,DOWN
Q9CPT3,Nanp,97414000.0,28365000.0,42232000,22267000,-0.777499,0.554431866744825,0.998030532995944,False,DOWN
Q8BU85,Msrb3,92255000.0,26481000.0,29745000,0,-2.766558,0.197360888086718,0.998030532995944,False,NO CHANGE
Q9D6L8,Ppil3,55791000.0,0.0,6987000,67599000,0.68319,0.753454548341772,0.998030532995944,False,NO CHANGE
Q61845,Meig1,98093000.0,20510000.0,52645000,9517300,-1.002778,0.543588691252125,0.998030532995944,False,DOWN
Q9CQE6,Asf1a,56987000.0,29896000.0,7979200,0,-3.067755,0.0736818262952366,0.998030532995944,False,NO CHANGE
Q99MR6,Srrt,16357000.0,9677400.0,269820000,20110000,2.549619,0.182167572820011,0.998030532995944,False,UP
Q9D385,Arl2bp,26757000.0,0.0,30258000,8798000,1.196343,0.538790358672748,0.998030532995944,False,NO CHANGE
Q8R5M8,Cadm1,215170000.0,45356000.0,147090000,96436000,0.26975,0.81086478458866,0.998030532995944,False,NO CHANGE
Q9QZH3,Ppie,91798000.0,6120600.0,48278000,13524000,0.10834,0.954497247866589,0.998030532995944,False,NO CHANGE
Q9ERR7,2018-09-15 00:00:00,61456000.0,7720000.0,11836000,22178000,-0.426958,0.798980658572994,0.998030532995944,False,NO CHANGE
Q3V4B5,Commd6,4902200.0,4066400.0,2684400,0,-0.393813,0.759659258004207,0.998030532995944,False,NO CHANGE
Q8BYA0,Tbcd,19867000.0,6180500.0,10830000,0,-0.208544,0.884691309635615,0.998030532995944,False,NO CHANGE
Q9R0P4,Smap,39319000.0,0.0,37951000,0,-0.128528,0.952213244381939,0.998030532995944,False,NO CHANGE
Q3B7Z2,Osbp,40668000.0,14679000.0,0,20393000,-0.899757,0.548670577439946,0.998030532995944,False,NO CHANGE
Q5SW19,Cluh,38430000.0,0.0,35708000,7394000,0.455174,0.809505209470991,0.998030532995944,False,NO CHANGE
P07742,Rrm1,44437000.0,0.0,8217900,0,-0.856487,0.66739736842118,0.998030532995944,False,NO CHANGE
Q60876,Eif4ebp1,32083000.0,12559000.0,17941000,46912000,0.531343,0.71153217919639,0.998030532995944,False,NO CHANGE
Q921H9,Coa7,49995000.0,0.0,24021000,0,-0.37066,0.844349501129642,0.998030532995944,False,NO CHANGE
Q9JJ94,Ssna1,66274000.0,8374300.0,38830000,23041000,0.344446,0.830485015944543,0.998030532995944,False,NO CHANGE
P61164;Q8R5C5,Actr1a;Actr1b,104130000.0,65039000.0,141890000,187500000,0.98695,0.278904489695731,0.998030532995944,False,UP
P60487,Pdxp,46504000.0,23770000.0,42602000,10138000,-0.677901,0.646135998959619,0.998030532995944,False,DOWN
P62073,Timm10,46072000.0,5155000.0,31491000,8967400,0.124883,0.944222189138493,0.998030532995944,False,NO CHANGE
Q9DCB8,Isca2,58545000.0,7366600.0,4321700,14259000,-1.403537,0.435035824307011,0.998030532995944,False,DOWN
Q6PAV2,Herc4,69363000.0,0.0,13816000,0,-0.77863,0.722373481901458,0.998030532995944,False,NO CHANGE
Q91WM2,Cecr5,293950000.0,17404000.0,598190000,352160000,2.681887,0.125654494893855,0.998030532995944,False,UP
Q80Y81,Elac2,115240000.0,12278000.0,27274000,0,-1.667078,0.387411019797874,0.998030532995944,False,NO CHANGE
Q9DAS9,Gng12,50878000.0,27860000.0,144310000,57081000,1.269436,0.282199860544777,0.998030532995944,False,UP
Q61133,Gstt2,170600000.0,201960000.0,134850000,239780000,-0.04581,0.953834106842047,0.998030532995944,False,NO CHANGE
P03958,Ada,78464000.0,21056000.0,43261000,59286000,0.317248,0.799251684298095,0.998030532995944,False,NO CHANGE
Q3THW5;P0C0S6,H2afv;H2afz,34143000.0,0.0,0,30886000,1.37455,0.563300235034912,0.998030532995944,False,NO CHANGE
Q9DD18,Dtd1,90816000.0,0.0,168490000,30045000,1.441413,0.435593020260672,0.998030532995944,False,NO CHANGE
Q3TMH2,Scrn3,133770000.0,42929000.0,31353000,0,-2.722101,0.13874686640185,0.998030532995944,False,NO CHANGE
Q9Z0H6,Cst9,121730000.0,32513000.0,14727000,33257000,-1.507254,0.293708936211972,0.998030532995944,False,DOWN
P09056,Lif,111650000.0,2055000000.0,956040000,1917600000,1.499126,0.353268118902206,0.998030532995944,False,UP
Q99KG5,Lsr,71368000.0,726510000.0,101680000,408250000,-0.160422,0.912441570829989,0.998030532995944,False,NO CHANGE
O09114,Ptgds,97086000.0,170070000.0,98009000,571370000,0.880974,0.455646019634332,0.998030532995944,False,UP
P49935,Ctsh,27349000.0,964430000.0,146050000,894170000,1.153887,0.58088581503744,0.998030532995944,False,UP
P47931,Fst,100410000.0,1232700000.0,28081000,1562800000,-0.747963,0.755714826126427,0.998030532995944,False,DOWN
O88593,Pglyrp1,137270000.0,3946100000.0,69133000,5422900000,-0.265466,0.922364572975968,0.998030532995944,False,NO CHANGE
P04186,Cfb,45135000.0,9885000000.0,40458000,9387000000,-0.116199,0.975312953993235,0.999971162684518,False,NO CHANGE
O54775,Wisp1,182740000.0,95556000.0,55410000,145760000,-0.556199,0.581411677009014,0.998030532995944,False,NO CHANGE
Q00731,Vegfa,330420000.0,334370000.0,260580000,375590000,-0.087431,0.896158007874463,0.998030532995944,False,NO CHANGE
Q8R2G6,Ccdc80,54107000.0,1120600000.0,16123000,723370000,-1.18908,0.635022966292128,0.998030532995944,False,DOWN
Q8BSU2,Cxcl16,96838000.0,657450000.0,151130000,788420000,0.452114,0.741126634856706,0.998030532995944,False,NO CHANGE
Q9JHE3,Asah2,99939000.0,27563000.0,33623000,23250000,-0.908551,0.493507887612203,0.998030532995944,False,DOWN
Q8CD91,Smoc2,226200000.0,533140000.0,183270000,543870000,-0.13744,0.880764129577502,0.998030532995944,False,NO CHANGE
P97873,Loxl1,54536000.0,435410000.0,44739000,371310000,-0.257713,0.872154398957578,0.998030532995944,False,NO CHANGE
O35657,Neu1,199870000.0,134570000.0,58308000,76201000,-1.298886,0.174255059992389,0.998030532995944,False,DOWN
P19788,Mgp,28777000.0,60711000.0,22289000,35926000,-0.562757,0.653692203395064,0.998030532995944,False,NO CHANGE
Q9WTZ2,Mbtps1,95685000.0,69950000.0,66236000,19102000,-1.201639,0.330134403691318,0.998030532995944,False,DOWN
Q8BK62,Olfml3,55689000.0,576860000.0,2487800,331570000,-2.641679,0.36456161098114,0.998030532995944,False,DOWN
Q64685,St6gal1,87683000.0,505570000.0,46703000,396640000,-0.629431,0.677980783230832,0.998030532995944,False,DOWN
Q8BM72,Hspa13,539500000.0,703140000.0,887310000,647030000,0.298918,0.606612292707466,0.998030532995944,False,NO CHANGE
P26618,Pdgfra,65543000.0,153170000.0,71291000,67735000,-0.527941,0.592094637192803,0.998030532995944,False,NO CHANGE
P97401,Frzb,117360000.0,142110000.0,12124000,0,-4.40696,0.0202781544968762,0.998030532995944,False,NO CHANGE
P45700,Man1a1,176990000.0,1357400000.0,107280000,1287800000,-0.399112,0.808583458546952,0.998030532995944,False,NO CHANGE
O54990,Prom1,24157000.0,2308800000.0,13876000,3086300000,-0.190557,0.956579652330456,0.998809768174366,False,NO CHANGE
A2AX52,Col6a4,26216000.0,79735000.0,25207000,244090000,0.778752,0.616951222756918,0.998030532995944,False,UP
Q9Z1G3,Atp6v1c1,33386000.0,53582000.0,14292000,17675000,-1.412037,0.298769916653071,0.998030532995944,False,DOWN
Q6PHU5,Sort1,145750000.0,146390000.0,37278000,50168000,-1.756039,0.0959227110906337,0.998030532995944,False,DOWN
Q9Z0Z4,Heph,38129000.0,71598000.0,146320000,138140000,1.444153,0.160669831767804,0.998030532995944,False,UP
Q05909,Ptprg,94770000.0,61030000.0,39650000,72627000,-0.503061,0.625144228315964,0.998030532995944,False,NO CHANGE
Q9CXU9;P48024,Eif1b;Eif1,69149000.0,35537000.0,25215000,87170000,-0.080458,0.948187606616403,0.998030532995944,False,NO CHANGE
Q99KN2,Ciao1,152850000.0,47576000.0,15156000,26642000,-2.085344,0.140868877504776,0.998030532995944,False,DOWN
Q9DB34,Chmp2a,37697000.0,74026000.0,9225700,26209000,-1.764345,0.230227046201688,0.998030532995944,False,DOWN
P09055,Itgb1,27220000.0,160610000.0,5378000,255250000,-0.835588,0.712455171925147,0.998030532995944,False,DOWN
O55091,Impact,87612000.0,94723000.0,37550000,71745000,-0.811576,0.424467996030751,0.998030532995944,False,DOWN
P85094,Isoc2a,142290000.0,94387000.0,29071000,16424000,-2.406982,0.065160052810142,0.998030532995944,False,DOWN
Q9EPV8,Ubl5,16680000.0,39205000.0,5340000,0,-2.286972,0.1418936534154,0.998030532995944,False,NO CHANGE
P17439,Gba,68115000.0,79055000.0,119470000,207170000,1.100245,0.241501030044062,0.998030532995944,False,UP
P61750,Arf4,36177000.0,46805000.0,13464000,32430000,-0.97765,0.463356521697031,0.998030532995944,False,DOWN
P51150,Rab7a,164800000.0,207460000.0,190610000,305970000,0.385232,0.615434244944635,0.998030532995944,False,NO CHANGE
Q8BH95,Echs1,98403000.0,140660000.0,40412000,0,-3.240931,0.0839230435823425,0.998030532995944,False,NO CHANGE
Q6ZWZ2,Ube2r2,112250000.0,124130000.0,51489000,328210000,0.139194,0.906709776035944,0.998030532995944,False,NO CHANGE
Q6ZWU9;Q6ZWY3,Rps27;Rps27l,20875000.0,23193000.0,11547000,63682000,0.301469,0.841926656250762,0.998030532995944,False,NO CHANGE
Q9ES30,C1qtnf3,111000000.0,79282000.0,132950000,103480000,0.322305,0.709325691954704,0.998030532995944,False,NO CHANGE
Q9QYG0,Ndrg2,102480000.0,48072000.0,145120000,40972000,0.135673,0.906021150137106,0.998030532995944,False,NO CHANGE
Q9WTL7,Lypla2,114370000.0,172480000.0,126100000,57790000,-0.718339,0.451231019072877,0.998030532995944,False,DOWN
P62748;P84075,Hpcal1;Hpca,25107000.0,40471000.0,44153000,52488000,0.59476,0.609274888007422,0.998030532995944,False,UP
P59325,Eif5,28994000.0,111320000.0,0,32066000,-2.045733,0.236006643698366,0.998030532995944,False,NO CHANGE
O35343,Kpna4,67455000.0,117600000.0,100240000,113320000,0.258988,0.772287080888495,0.998030532995944,False,NO CHANGE
Q3TYX3,Smyd5,225100000.0,130650000.0,0,63863000,-3.970064,0.0897446143760395,0.998030532995944,False,NO CHANGE
P02798,Mt2,154710000.0,209450000.0,105120000,214570000,-0.261343,0.75689303480517,0.998030532995944,False,NO CHANGE
Q7TMB8;Q5SQX6,Cyfip1;Cyfip2,44201000.0,83667000.0,0,16337000,-2.713017,0.0996638050415601,0.998030532995944,False,NO CHANGE
O70310,Nmt1,35144000.0,57959000.0,27925000,101820000,0.240598,0.844892177862605,0.998030532995944,False,NO CHANGE
P35278,Rab5c,93020000.0,134760000.0,333580000,261530000,1.399502,0.11239821778912,0.998030532995944,False,UP
P54071,Idh2,0.0,88290000.0,0,40758000,-0.773395,0.711778652862024,0.998030532995944,False,NO CHANGE
P84091,Ap2m1,121520000.0,171320000.0,0,34884000,-4.009901,0.057565046136062,0.998030532995944,False,NO CHANGE
P28667,Marcksl1,278620000.0,91918000.0,88875000,29195000,-1.651538,0.186612453412092,0.998030532995944,False,DOWN
P70677,Casp3,119120000.0,150100000.0,59340000,71841000,-1.034192,0.265957379249809,0.998030532995944,False,DOWN
Q9Z172,Sumo3,185400000.0,107830000.0,101390000,176690000,-0.079132,0.927314033169008,0.998030532995944,False,NO CHANGE
P11438,Lamp1,2204400000.0,1067300000.0,949710000,613060000,-1.007346,0.147688279301863,0.998030532995944,False,DOWN
Q6P1F6,Ppp2r2a,122020000.0,103910000.0,145880000,106320000,0.145371,0.861144813990868,0.998030532995944,False,NO CHANGE
Q9Z130,Hnrnpdl,91642000.0,120620000.0,10940000,78671000,-1.841481,0.21501615343591,0.998030532995944,False,DOWN
P62192,Psmc1,162350000.0,166090000.0,119890000,122600000,-0.437701,0.581888254085542,0.998030532995944,False,NO CHANGE
P35980,Rpl18,38987000.0,47931000.0,9028500,25273000,-1.516899,0.292043144074204,0.998030532995944,False,DOWN
P62254,Ube2g1,133170000.0,54983000.0,20760000,71968000,-1.14651,0.36766464930018,0.998030532995944,False,DOWN
Q8BWR2,Pithd1,131990000.0,34193000.0,114100000,50127000,0.170879,0.885558451174115,0.998030532995944,False,NO CHANGE
Q9EST4,Psmg2,60819000.0,30842000.0,50020000,17011000,-0.570223,0.665018146146073,0.998030532995944,False,NO CHANGE
P61924,Copz1,87880000.0,124830000.0,128730000,236610000,0.736644,0.406553649886918,0.998030532995944,False,UP
Q62376,Snrnp70,15397000.0,56531000.0,17809000,59341000,0.139972,0.923902920170933,0.998030532995944,False,NO CHANGE
O55060,Tpmt,67975000.0,42123000.0,49669000,42815000,-0.214575,0.840150176797138,0.998030532995944,False,NO CHANGE
Q9D0T1,Nhp2l1,26186000.0,28792000.0,28693000,33499000,0.175177,0.886576949361298,0.998030532995944,False,NO CHANGE
Q9CWW6,Pin4,44273000.0,104870000.0,5990700,42901000,-2.087575,0.216309936549906,0.998030532995944,False,DOWN
Q9CQ89,Cuta,108790000.0,21167000.0,13233000,61054000,-0.755532,0.631259783896843,0.998030532995944,False,DOWN
Q9CQT1,Mri1,50104000.0,106830000.0,13429000,60128000,-1.364391,0.328380152222516,0.998030532995944,False,DOWN
Q8BY71,Hat1,55404000.0,54698000.0,83566000,0,-1.380677,0.443048616231767,0.998030532995944,False,NO CHANGE
P60229,Eif3e,131730000.0,482560000.0,45014000,206990000,-1.385143,0.283257566462453,0.998030532995944,False,DOWN
Q8BL97,Srsf7,28722000.0,46439000.0,48167000,27838000,0.003804,0.997466135148235,0.999971162684518,False,NO CHANGE
Q9WV85,Nme3,18907000.0,24585000.0,0,10650000,-1.456459,0.312258380354826,0.998030532995944,False,NO CHANGE
Q9D142,Nudt14,77079000.0,50895000.0,8154200,52586000,-1.596784,0.301953688758272,0.998030532995944,False,DOWN
Q62084,Ppp1r14b,44954000.0,55946000.0,18719000,65076000,-0.522928,0.67819577476229,0.998030532995944,False,NO CHANGE
O54988,Slk,31522000.0,56980000.0,51391000,0,-1.810907,0.361886288980644,0.998030532995944,False,NO CHANGE
Q9JHS3,Lamtor2,36212000.0,7663100.0,14367000,32990000,0.38616,0.805175529499303,0.998030532995944,False,NO CHANGE
Q9WU63,Hebp2,92226000.0,83716000.0,0,52600000,-3.116857,0.155925130090147,0.998030532995944,False,NO CHANGE
P62500,Tsc22d1,65657000.0,49496000.0,172940000,93518000,1.157591,0.248981854776244,0.998030532995944,False,UP
Q99K48,Nono,16053000.0,20827000.0,44248000,28091000,0.947211,0.474675722872898,0.998030532995944,False,UP
P62743,Ap2s1,95727000.0,80420000.0,110550000,147340000,0.540612,0.532507990246101,0.998030532995944,False,NO CHANGE
Q9D1K7,,154790000.0,54452000.0,115970000,96145000,0.201833,0.837791001632221,0.998030532995944,False,NO CHANGE
P34884,Mif,4335600000.0,2016700000.0,2502200000,893590000,-0.983673,0.216588888907587,0.998030532995944,False,DOWN
Q8K157,Galm,178230000.0,190200000.0,117190000,210290000,-0.230014,0.774787629194633,0.998030532995944,False,NO CHANGE
P25444,Rps2,53265000.0,136910000.0,0,36517000,-2.574647,0.134623241979383,0.998030532995944,False,NO CHANGE
O35658,C1qbp,286850000.0,402000000.0,314300000,734730000,0.500932,0.513124791278037,0.998030532995944,False,NO CHANGE
Q9CQ62,Decr1,166370000.0,72721000.0,44333000,58035000,-1.116696,0.292110744543729,0.998030532995944,False,DOWN
Q60865,Caprin1,74867000.0,478160000.0,61500000,65489000,-1.575956,0.225603096196111,0.998030532995944,False,DOWN
Q99KP6,Prpf19,177250000.0,249480000.0,673940000,298760000,1.093449,0.196820990452273,0.998030532995944,False,UP
P62852,Rps25,79676000.0,218420000.0,5231700,360830000,-1.60229,0.48555450646963,0.998030532995944,False,DOWN
P11103,Parp1,116430000.0,163220000.0,81330000,32137000,-1.431057,0.190746671027364,0.998030532995944,False,DOWN
Q3UPL0,Sec31a,66138000.0,119560000.0,7744100,57835000,-2.071015,0.196378183678137,0.998030532995944,False,DOWN
P56959,Fus,77597000.0,121510000.0,28793000,94634000,-0.895464,0.431066311168252,0.998030532995944,False,DOWN
P61458,Pcbd1,27545000.0,60080000.0,11149000,15435000,-1.632778,0.258605884958514,0.998030532995944,False,DOWN
Q9D2G2,Dlst,76686000.0,113780000.0,42033000,48369000,-1.050767,0.305475463065881,0.998030532995944,False,DOWN
P62311,Lsm3,535620000.0,109640000.0,162790000,276360000,-0.192212,0.855714904840219,0.998030532995944,False,NO CHANGE
Q91YJ3,Thyn1,84543000.0,41683000.0,62710000,61916000,0.069932,0.945569084417717,0.998030532995944,False,NO CHANGE
P83870,Phf5a,55693000.0,55388000.0,75830000,78762000,0.4766,0.619345500035427,0.998030532995944,False,NO CHANGE
O55142,Rpl35a,44848000.0,58801000.0,22706000,164130000,0.249478,0.855477868115009,0.998030532995944,False,NO CHANGE
Q8BMK4,Ckap4,17548000.0,40788000.0,16506000,32745000,-0.202593,0.882535995772106,0.998030532995944,False,NO CHANGE
Q8JZV7,Amdhd2,181450000.0,96198000.0,80419000,122510000,-0.412572,0.647988901657672,0.998030532995944,False,NO CHANGE
Q3UFY7,Nt5c3b,52396000.0,155020000.0,20591000,18014000,-2.226353,0.110338681826114,0.998030532995944,False,DOWN
P97822,Anp32e,537460000.0,715270000.0,0,451310000,-4.371558,0.156112071419084,0.998030532995944,False,NO CHANGE
Q5M8N0,Cnrip1,60639000.0,65271000.0,8495300,52721000,-1.571787,0.300590933312582,0.998030532995944,False,DOWN
P61971,Nutf2,647110000.0,29945000.0,548360000,116700000,0.861765,0.631897368598101,0.998030532995944,False,UP
Q61599,Arhgdib,42428000.0,55250000.0,84780000,263050000,1.624999,0.158751034591868,0.998030532995944,False,UP
P57784,Snrpa1,62544000.0,60304000.0,22027000,50739000,-0.877379,0.454321819545477,0.998030532995944,False,DOWN
Q99LT0,Dpy30,54464000.0,35438000.0,54218000,35493000,-0.002147,0.99846640419629,0.999971162684518,False,NO CHANGE
P62315,Snrpd1,314130000.0,14898000.0,35038000,34018000,-0.986595,0.583892590229596,0.998030532995944,False,DOWN
Q80ZM7,Gtf2a2,31123000.0,36537000.0,7310700,0,-2.574931,0.100646426767726,0.998030532995944,False,NO CHANGE
Q8CCS6,Pabpn1,327180000.0,386030000.0,296380000,169420000,-0.665373,0.376432614146228,0.998030532995944,False,DOWN
Q8BTY1,Ccbl1,212840000.0,148020000.0,173250000,0,-2.418558,0.217170331282156,0.998030532995944,False,NO CHANGE
P15864,Hist1h1c,21270000.0,69274000.0,15325000,50552000,-0.463739,0.746229576896206,0.998030532995944,False,NO CHANGE
Q9D172,D10Jhu81e,447300000.0,184250000.0,132430000,779650000,0.162575,0.886723641816268,0.998030532995944,False,NO CHANGE
P43275,Hist1h1a,31351000.0,133580000.0,16209000,81947000,-0.828329,0.576960902531588,0.998030532995944,False,DOWN
P70694;Q91WR5;Q8K023,Akr1c6;Akr1c21;Akr1c18,1253400000.0,1008200000.0,1248800000,514630000,-0.487739,0.468364884672765,0.998030532995944,False,NO CHANGE
Q9D3D9,Atp5d,150580000.0,174240000.0,56717000,155120000,-0.788184,0.416474157425563,0.998030532995944,False,DOWN
P09602,Hmgn2,92135000.0,25982000.0,149110000,6913900,-0.607693,0.753051615095479,0.998030532995944,False,DOWN
O09107,Insl3,20087000.0,3311700.0,18764000,0,-0.654072,0.741226211386136,0.998030532995944,False,NO CHANGE
O35309,Nmi,83414000.0,0.0,86916000,35559000,1.749419,0.397392016243914,0.998030532995944,False,NO CHANGE
O35943,Fxn,52067000.0,5054800.0,12719000,13755000,-0.294577,0.864647471744177,0.998030532995944,False,NO CHANGE
P07758;Q00896;Q00897;P22599,Serpina1a;Serpina1c;Serpina1d;Serpina1b,20166000.0,42913000.0,60205000,56181000,0.983313,0.41271361958974,0.998030532995944,False,UP
P27641,Xrcc5,13043000.0,0.0,0,18912000,0.403419,0.798363583595108,0.998030532995944,False,NO CHANGE
P46460,Nsf,33345000.0,11379000.0,23430000,0,-0.951156,0.566292430460711,0.998030532995944,False,NO CHANGE
P61514,Rpl37a,8631000.0,5271100.0,0,4569900,-0.26312,0.84385715189446,0.998030532995944,False,NO CHANGE
P62305,Snrpe,42073000.0,88458000.0,101580000,74489000,0.511842,0.611133020023898,0.998030532995944,False,NO CHANGE
P67871,Csnk2b,40781000.0,0.0,13562000,29682000,1.000958,0.60539309995408,0.998030532995944,False,NO CHANGE
P70444,Bid,8861700.0,0.0,14931000,36435000,2.045853,0.197875923557608,0.998030532995944,False,NO CHANGE
P97379,G3bp2,5227600.0,17864000.0,0,31251000,-0.032112,0.98598379817791,0.999971162684518,False,NO CHANGE
Q00PI9,Hnrnpul2,18999000.0,1325100.0,38987000,0,1.385901,0.515473646080821,0.998030532995944,False,NO CHANGE
Q3TGF2,Fam107b,8818700.0,0.0,8286900,0,0.347166,0.820372547402162,0.998030532995944,False,NO CHANGE
Q3U5Q7,Cmpk2,45436000.0,0.0,64940000,9411400,1.174549,0.581100462460381,0.998030532995944,False,NO CHANGE
Q3UI43,Babam1,45959000.0,95535000.0,18129000,0,-2.155237,0.131188480576869,0.998030532995944,False,NO CHANGE
Q4KML4,Abracl,48015000.0,20679000.0,87931000,85737000,1.462319,0.216954757712705,0.998030532995944,False,UP
Q61142,Spin1,18801000.0,14669000.0,32380000,41538000,1.142977,0.391825465665746,0.998030532995944,False,UP
Q61233,Lcp1,58854000.0,0.0,0,35690000,0.140938,0.953588317428709,0.998030532995944,False,NO CHANGE
Q64487,Ptprd,39711000.0,0.0,27127000,0,-0.076759,0.967157153176977,0.999971162684518,False,NO CHANGE
Q6IE21,Otud6a,4662700.0,5315600.0,3367400,0,-0.466224,0.715579514096687,0.998030532995944,False,NO CHANGE
Q6WVG3,Kctd12,60802000.0,42445000.0,0,25859000,-2.555022,0.168519531180645,0.998030532995944,False,NO CHANGE
Q80UW8,Polr2e,68535000.0,47946000.0,26627000,22764000,-1.219304,0.315883925995989,0.998030532995944,False,DOWN
Q80W22,Thnsl2,41061000.0,41240000.0,194670000,65755000,1.459123,0.208445957322474,0.998030532995944,False,UP
Q80Y14,Glrx5,60375000.0,5759200.0,9967000,16783000,-0.52783,0.763753196415978,0.998030532995944,False,NO CHANGE
Q8BFQ8,Pddc1,21962000.0,0.0,31651000,55387000,2.650529,0.172910056801637,0.998030532995944,False,NO CHANGE
Q8BTV2,Cpsf7,16990000.0,1398800.0,15177000,0,0.652996,0.727847756727684,0.998030532995944,False,NO CHANGE
Q8C129,Lnpep,21982000.0,14700000.0,25205000,0,-0.690799,0.658796973824031,0.998030532995944,False,NO CHANGE
Q8K339,Kin,14636000.0,7257000.0,0,6313300,-1.669201,0.286906268971403,0.998030532995944,False,NO CHANGE
Q8VDM6,Hnrnpul1,19542000.0,0.0,28613000,0,1.298714,0.399977209930802,0.998030532995944,False,NO CHANGE
Q8VEH6,Cbwd1,81598000.0,14426000.0,102720000,0,-0.350866,0.855865153236433,0.998030532995944,False,NO CHANGE
Q91YN9,Bag2,44883000.0,24773000.0,44417000,66790000,0.707903,0.543452016839817,0.998030532995944,False,UP
Q99L45,Eif2s2,7382100.0,1457600.0,9296500,47912000,2.685688,0.157135708036634,0.998030532995944,False,UP
Q9CQ92,Fis1,13730000.0,5209700.0,0,5066800,-1.099654,0.443768949761813,0.998030532995944,False,NO CHANGE
Q9CR70,Lage3,17433000.0,7578800.0,6330800,13578000,-0.310066,0.828180026351749,0.998030532995944,False,NO CHANGE
Q9CY97,Ssu72,20392000.0,0.0,14209000,0,0.955731,0.586526884569534,0.998030532995944,False,NO CHANGE
Q9D0A3,Arpin,19760000.0,27845000.0,46955000,39223000,0.871489,0.482930427119645,0.998030532995944,False,UP
Q9D1I5,Mcee,13391000.0,10064000.0,0,7555700,-1.572296,0.305277826979668,0.998030532995944,False,NO CHANGE
Q9D967,Mdp1,49922000.0,46805000.0,88741000,63859000,0.639076,0.524787628102191,0.998030532995944,False,UP
Q9ESJ0,Xpo4,18577000.0,0.0,14649000,0,0.161873,0.922505159239318,0.998030532995944,False,NO CHANGE
Q9ESZ8,Gtf2i,5533000.0,2358800.0,4932100,3436000,0.188409,0.887532059600391,0.998030532995944,False,NO CHANGE
Q9JHS9,Cwc15,29264000.0,0.0,0,18611000,-0.594956,0.74092260553959,0.998030532995944,False,NO CHANGE
Q9JKV1,Adrm1,26857000.0,5092300.0,313450000,0,1.858923,0.455042943701255,0.998030532995944,False,NO CHANGE
Q9JMD3,Stard10,77030000.0,0.0,0,24252000,-0.763773,0.736194946285593,0.998030532995944,False,NO CHANGE
Q9QX60,Dguok,58221000.0,31059000.0,78648000,27690000,0.134112,0.912389033917098,0.998030532995944,False,NO CHANGE
Q9QZ06,Tollip,31158000.0,15571000.0,17561000,17205000,-0.341631,0.802265349041104,0.998030532995944,False,NO CHANGE
Q9WV92,Epb41l3,28327000.0,0.0,95307000,0,0.98507,0.612926917396631,0.998030532995944,False,NO CHANGE
Q9WVK4,Ehd1,1568600.0,36916000.0,14743000,74591000,2.123618,0.34314146041949,0.998030532995944,False,UP
Q9Z0E6,Gbp2,50945000.0,89819000.0,31262000,60299000,-0.639709,0.562280308459161,0.998030532995944,False,DOWN
Q9Z0H3,Smarcb1,9348500.0,2768100.0,4297600,22571000,0.953149,0.564524618224557,0.998030532995944,False,UP
Q7TMJ8,Pik3ip1,58836000.0,0.0,83999000,20135000,1.286309,0.496538920204337,0.998030532995944,False,NO CHANGE
O89051,Itm2b,42123000.0,13010000.0,95302000,300620000,2.854073,0.0574992512973638,0.998030532995944,False,UP
P23927,Cryab,8193500.0,8885300.0,33928000,102380000,2.788147,0.0887361117103431,0.998030532995944,False,UP
Q8BMY7,Spink2,20232000.0,0.0,7786200,0,-0.002902,0.998612665346181,0.999971162684518,False,NO CHANGE
Q9DCV4,Rmdn1,38792000.0,0.0,39209000,42633000,1.346863,0.391308506041037,0.998030532995944,False,NO CHANGE
P97355,Sms,112170000.0,68937000.0,0,19519000,-3.654941,0.0618104311036098,0.998030532995944,False,NO CHANGE
Q5I012,Slc38a10,39757000.0,19818000.0,108900000,0,-0.639769,0.767839866953737,0.998030532995944,False,NO CHANGE
Q921J2,Rheb,19967000.0,0.0,29048000,24871000,1.958647,0.270012200566558,0.998030532995944,False,NO CHANGE
Q8VIN1,Pbp2,74116000.0,0.0,14265000,0,-0.44709,0.840130493644838,0.998030532995944,False,NO CHANGE
Q9D5V6,Syap1,51995000.0,12821000.0,17074000,0,-1.773594,0.314561312365927,0.998030532995944,False,NO CHANGE
Q99JP4,Cdc26,17240000.0,0.0,8770500,16743000,0.507048,0.738406613665985,0.998030532995944,False,NO CHANGE
Q3TUU5,Tex30,35597000.0,7155700.0,33024000,0,-0.751148,0.69881818351529,0.998030532995944,False,NO CHANGE
Q9CQ66,Tctex1d2,62830000.0,3972100.0,35393000,7081800,0.003112,0.998763499074514,0.999971162684518,False,NO CHANGE
Q9CX60,Lbh,90386000.0,0.0,0,75973000,-0.148912,0.95048535646246,0.998030532995944,False,NO CHANGE
Q9Z2X2,Psmd10,38621000.0,0.0,0,24715000,-0.19052,0.923087559202934,0.998030532995944,False,NO CHANGE
Q91VR8,Brk1,10948000.0,11898000.0,20717000,64400000,1.678245,0.268079080801897,0.998030532995944,False,UP
Q9CQG1,Chac2,20337000.0,0.0,0,6263300,-0.377592,0.829819421135187,0.998030532995944,False,NO CHANGE
Q91W50,Csde1,31145000.0,0.0,42047000,10558000,1.421764,0.481099666486973,0.998030532995944,False,NO CHANGE
P58242,Smpdl3b,121560000.0,47010000.0,102910000,47450000,-0.113422,0.91675348817307,0.998030532995944,False,NO CHANGE
Q99NB9,Sf3b1,19030000.0,4610900.0,12500000,6287500,-0.079455,0.958094612505751,0.998809768174366,False,NO CHANGE
Q9D289,Trappc6b,21999000.0,0.0,0,10084000,-0.638395,0.730345161353966,0.998030532995944,False,NO CHANGE
Q9D1K2,Atp6v1f,26428000.0,2954400.0,26918000,22962000,1.492408,0.394126197470078,0.998030532995944,False,UP
P97823,Lypla1,73736000.0,32506000.0,49923000,31690000,-0.299671,0.797667291698733,0.998030532995944,False,NO CHANGE
Q80UM3,Naa15,19073000.0,0.0,0,10993000,0.190484,0.909885658708432,0.998030532995944,False,NO CHANGE
Q9CR39,Wdr45b,41010000.0,0.0,22441000,0,-0.031408,0.987104797587993,0.999971162684518,False,NO CHANGE
Q8CG76,Akr7a2,28019000.0,7717800.0,24143000,45855000,1.178008,0.436381744257696,0.998030532995944,False,UP
Q9JKX6,Nudt5,48208000.0,33047000.0,24050000,52294000,-0.170555,0.887804901705974,0.998030532995944,False,NO CHANGE
Q8K0G5,Tssc1,71382000.0,19941000.0,61968000,85297000,0.94636,0.440842678650514,0.998030532995944,False,UP
Q9CQ71,Rpa3,28375000.0,3678000.0,5119500,0,-1.126745,0.497996184913935,0.998030532995944,False,NO CHANGE
Q91VM9,Ppa2,138220000.0,16239000.0,108660000,12701000,-0.350833,0.845710208630802,0.998030532995944,False,NO CHANGE
Q569Z5,Ddx46,18369000.0,2965400.0,13656000,125390000,2.487157,0.224983709422228,0.998030532995944,False,UP
O09174,Amacr,69657000.0,12275000.0,126170000,1123500000,3.686581,0.053822853328481,0.998030532995944,False,UP
Q99JX3;Q91X51,Gorasp2;Gorasp1,33553000.0,10607000.0,27880000,0,-0.807804,0.637129377299231,0.998030532995944,False,NO CHANGE
Q8BGD8,Coa6,11902000.0,10015000.0,14314000,6588800,-0.168926,0.902235918039232,0.998030532995944,False,NO CHANGE
O08997,Atox1,69060000.0,0.0,253920000,21331000,2.910226,0.276197771017489,0.998030532995944,False,NO CHANGE
Q80W65,Pcsk9,32790000.0,3480900000.0,60256000,5072100000,0.710486,0.823516457801283,0.998030532995944,False,UP
Q03157,Aplp1,94701000.0,41128000.0,149420000,0,-1.409874,0.514009444124704,0.998030532995944,False,NO CHANGE
Q61477,Nbl1,162340000.0,97315000.0,214450000,402880000,1.225619,0.177660648915692,0.998030532995944,False,UP
P21570,Ang,27253000.0,28046000.0,31530000,86515000,0.917733,0.467721123023635,0.998030532995944,False,UP
P28301,Lox,41159000.0,1239300000.0,31543000,866120000,-0.450387,0.852232457029842,0.998030532995944,False,NO CHANGE
Q8C9W3,Adamts2,40117000.0,170800000.0,121640000,122990000,0.563283,0.608361078038652,0.998030532995944,False,NO CHANGE
Q8K135,Kiaa0319l,3817800.0,45592000.0,83284000,218560000,3.354201,0.0860405971086013,0.998030532995944,False,UP
Q61072,Adam9,326430000.0,344570000.0,795730000,1374800000,1.640929,0.0366386036433954,0.998030532995944,False,UP
Q8BME9,Cbln4,267240000.0,140480000.0,137170000,42460000,-1.34418,0.225009999169704,0.998030532995944,False,DOWN
Q8BNA6,Fat3,48879000.0,45059000.0,17286000,21360000,-1.288257,0.316383036217496,0.998030532995944,False,DOWN
O70258,Sgce,64546000.0,57726000.0,56995000,54728000,-0.128217,0.896264739907075,0.998030532995944,False,NO CHANGE
P21614,Gc,86827000.0,9022500000.0,550770000,9130400000,1.341193,0.620032664982399,0.998030532995944,False,UP
Q9DBV4,Mxra8,32605000.0,226300000.0,47724000,82651000,-0.451755,0.73326273376853,0.998030532995944,False,NO CHANGE
Q9Z175,Loxl3,42385000.0,19778000.0,26430000,0,-1.916292,0.314207038127276,0.998030532995944,False,NO CHANGE
P35456,Plaur,40277000.0,345420000.0,23445000,805690000,0.220599,0.917221125487335,0.998030532995944,False,NO CHANGE
O70458,Osmr,28275000.0,48823000.0,15913000,76468000,-0.091013,0.947931523167546,0.998030532995944,False,NO CHANGE
Q03146,Ddr1,217490000.0,392770000.0,149630000,209320000,-0.723762,0.36916832195106,0.998030532995944,False,DOWN
Q9Z0J7,Gdf15,9920500.0,309610000.0,25757000,852050000,1.418483,0.581140757516971,0.998030532995944,False,UP
Q8BV57,Ssc5d,3513800.0,59810000.0,0,39115000,-0.898688,0.711910422197103,0.998030532995944,False,NO CHANGE
Q99LJ1,Fuca1,135750000.0,363390000.0,1523600000,206980000,1.338216,0.301401450615687,0.998030532995944,False,UP
Q63870,Col7a1,1144300.0,631570000.0,0,528810000,0.590409,0.886079294866023,0.998030532995944,False,NO CHANGE
P35762,Cd81,504520000.0,152000000.0,19925000,805170000,-1.128519,0.576731395168012,0.998030532995944,False,DOWN
Q9JMK0,B4galt5,769930000.0,1321000000.0,694980000,833360000,-0.406187,0.488013604823595,0.998030532995944,False,NO CHANGE
Q8K479,C1qtnf5,60305000.0,202890000.0,96206000,353950000,0.738349,0.527536138975499,0.998030532995944,False,UP
Q9ES89,Extl2,59221000.0,102600000.0,190340000,12702000,-0.664753,0.68367192158972,0.998030532995944,False,DOWN
P27106,Amh,32591000.0,7637100.0,14487000,11895000,-0.265228,0.859776894039619,0.998030532995944,False,NO CHANGE
Q9EP52,Twsg1,82358000.0,117140000.0,61320000,194170000,0.151768,0.880888303157378,0.998030532995944,False,NO CHANGE
Q9D975,Srxn1,32417000.0,39329000.0,66760000,26871000,0.246345,0.838677839303009,0.998030532995944,False,NO CHANGE
P40240,Cd9,16908000.0,177340000.0,0,110790000,-2.031327,0.447411461279752,0.998030532995944,False,NO CHANGE
Q9JI18,Lrp1b,9808000.0,17657000.0,26860000,0,-0.424529,0.797980963857979,0.998030532995944,False,NO CHANGE
Q9EQQ9,Mgea5,21007000.0,19489000.0,14610000,0,-1.074205,0.452589479928012,0.998030532995944,False,NO CHANGE
Q9D1C8,Vps28,58480000.0,66014000.0,39490000,24843000,-0.988194,0.388496478705272,0.998030532995944,False,DOWN
Q9ET47,Espn,33066000.0,23617000.0,27422000,0,-0.773646,0.587176771020081,0.998030532995944,False,NO CHANGE
P51569,Gla,78645000.0,60479000.0,86092000,119450000,0.556212,0.546786532780329,0.998030532995944,False,NO CHANGE
Q8R0F3,Sumf1,58049000.0,109870000.0,39347000,35572000,-1.094001,0.321349295438376,0.998030532995944,False,DOWN
P35282,Rab21,15646000.0,45745000.0,46067000,45620000,0.776996,0.547620574953134,0.998030532995944,False,UP
Q8R2Y2,Mcam,50230000.0,135010000.0,87870000,182130000,0.619362,0.551185008602337,0.998030532995944,False,UP
P62257,Ube2h,30334000.0,82559000.0,0,48792000,-2.080599,0.302029010758347,0.998030532995944,False,NO CHANGE
P02802,Mt1,99695000.0,73725000.0,12589000,38322000,-1.964669,0.147904577744769,0.998030532995944,False,DOWN
Q9CX00,Ist1,41639000.0,58197000.0,91738000,34906000,0.201057,0.858056657974249,0.998030532995944,False,NO CHANGE
P52482;Q91W82;P52483,Ube2e1;Ube2e2;Ube2e3,41785000.0,13055000.0,16659000,0,-1.28138,0.418428764351432,0.998030532995944,False,NO CHANGE
Q8CFI2,Cdc34,50038000.0,51521000.0,20668000,45186000,-0.732455,0.542571092833768,0.998030532995944,False,DOWN
P70460,Vasp,17873000.0,46886000.0,12204000,12504000,-1.228598,0.397697804338536,0.998030532995944,False,DOWN
P12815,Pdcd6,34562000.0,163400000.0,23017000,76058000,-0.844861,0.541029953821006,0.998030532995944,False,DOWN
Q62422,Ostf1,63368000.0,121270000.0,83013000,300860000,0.850226,0.43696542213965,0.998030532995944,False,UP
Q91V41,Rab14,75754000.0,86104000.0,98197000,80043000,0.134526,0.879774358422251,0.998030532995944,False,NO CHANGE
O70400,Pdlim1,137090000.0,166850000.0,117690000,1711100000,1.569084,0.301286077039339,0.998030532995944,False,UP
P82343,Renbp,50051000.0,91611000.0,163380000,180480000,1.342503,0.167863408704925,0.998030532995944,False,UP
Q91YN5,Uap1,76222000.0,106050000.0,48821000,59468000,-0.738632,0.449397784908272,0.998030532995944,False,DOWN
O88952,Lin7c,19173000.0,34436000.0,25251000,87599000,0.872131,0.521942566102041,0.998030532995944,False,UP
Q61543,Glg1,37348000.0,43218000.0,49914000,59827000,0.443789,0.678741200924276,0.998030532995944,False,NO CHANGE
P62071,Rras2,238760000.0,302010000.0,246620000,256850000,-0.093471,0.892347505343058,0.998030532995944,False,NO CHANGE
P62242,Rps8,21787000.0,30188000.0,5549000,14553000,-1.512913,0.311288263128741,0.998030532995944,False,DOWN
Q9D820,Prorsd1,12621000.0,24770000.0,22852000,53561000,0.984542,0.483780599562526,0.998030532995944,False,UP
Q8R0Y6,Aldh1l1,42606000.0,93379000.0,65230000,226910000,0.947715,0.411853527551427,0.998030532995944,False,UP
P07091,S100a4,7803400.0,51244000.0,16182000,43417000,0.406546,0.80401563666347,0.998030532995944,False,NO CHANGE
Q9R257,Hebp1,41465000.0,67648000.0,0,44661000,-2.351101,0.248017866421809,0.998030532995944,False,NO CHANGE
P32921,Wars,155750000.0,174010000.0,99461000,210960000,-0.184615,0.827783541500334,0.998030532995944,False,NO CHANGE
Q9CR41,Hypk,40761000.0,13208000.0,6545000,16281000,-1.168474,0.448595645661171,0.998030532995944,False,DOWN
Q9QUH0,Glrx,16892000.0,72543000.0,105410000,50502000,1.059552,0.42489185394926,0.998030532995944,False,UP
P52795,Efnb1,1070500000.0,1394000000.0,538880000,176470000,-1.985992,0.041486326205183,0.998030532995944,False,DOWN
Q3UTJ2,Sorbs2,20059000.0,81709000.0,59545000,47608000,0.39522,0.753694233034402,0.998030532995944,False,NO CHANGE
Q8VED9,Lgalsl,31944000.0,29860000.0,27719000,21954000,-0.3242,0.795487597696111,0.998030532995944,False,NO CHANGE
Q9CWU9,Nup37,55943000.0,47864000.0,77553000,0,-1.299236,0.459541567994477,0.998030532995944,False,NO CHANGE
P67984,Rpl22,89866000.0,166590000.0,9435100,127140000,-1.820775,0.277609733554183,0.998030532995944,False,DOWN
Q8C1B7,2018-09-11 00:00:00,56435000.0,553500000.0,151730000,1302700000,1.330847,0.426752697473706,0.998030532995944,False,UP
Q9R0Y5,Ak1,63795000.0,253010000.0,162860000,347020000,0.903971,0.406997512291965,0.998030532995944,False,UP
P62627,Dynlrb1,214380000.0,136500000.0,252230000,177280000,0.305849,0.697445618652156,0.998030532995944,False,NO CHANGE
O70209,Pdlim3,13921000.0,18662000.0,9458900,32649000,0.124708,0.931902879346658,0.998030532995944,False,NO CHANGE
Q9CQ65,Mtap,64197000.0,219010000.0,76873000,53001000,-0.893467,0.416664229002843,0.998030532995944,False,DOWN
P61358,Rpl27,34083000.0,53165000.0,4492800,118720000,-0.882176,0.656620739140277,0.998030532995944,False,DOWN
P83877,Txnl4a,70796000.0,29860000.0,36320000,101180000,0.398867,0.739739096446269,0.998030532995944,False,NO CHANGE
Q8K003,Tma7,7588800.0,12805000.0,10744000,9052000,0.000594,0.999647630467964,0.999971162684518,False,NO CHANGE
Q3U0V1,Khsrp,15897000.0,21600000.0,152460000,157420000,3.06356,0.024094320427863,0.998030532995944,False,UP
O54984,Asna1,79747000.0,66578000.0,38897000,30877000,-1.072142,0.32728349353843,0.998030532995944,False,DOWN
P62301,Rps13,84982000.0,195250000.0,33116000,125150000,-1.000647,0.396582179078724,0.998030532995944,False,DOWN
Q9CQ86,Mien1,26382000.0,6447600.0,12836000,26428000,0.497937,0.745520483258345,0.998030532995944,False,NO CHANGE
Q99JX4,Eif3m,56301000.0,113950000.0,39162000,100830000,-0.350091,0.746833264936439,0.998030532995944,False,NO CHANGE
Q9D711,Pir,69893000.0,123690000.0,106910000,93645000,0.105861,0.905966266564986,0.998030532995944,False,NO CHANGE
P0C7N9,Psmg4,59998000.0,28855000.0,41399000,60586000,0.267422,0.814148703552543,0.998030532995944,False,NO CHANGE
P62702,Rps4x,24876000.0,135060000.0,21852000,175050000,0.093589,0.953166645705867,0.998030532995944,False,NO CHANGE
Q8C460,Eri3,27822000.0,29045000.0,36475000,49665000,0.582311,0.624416905727022,0.998030532995944,False,NO CHANGE
Q9JK23,Psmg1,142750000.0,63124000.0,92939000,59827000,-0.348263,0.725190112146137,0.998030532995944,False,NO CHANGE
Q91XC8,Dap,43024000.0,64956000.0,43628000,37303000,-0.390029,0.72020667209151,0.998030532995944,False,NO CHANGE
P62751,Rpl23a,7659400.0,57187000.0,0,45415000,-0.986201,0.647421992749371,0.998030532995944,False,NO CHANGE
P70362,Ufd1l,181100000.0,394400000.0,211540000,420020000,0.157471,0.849251403714629,0.998030532995944,False,NO CHANGE
P00329,Adh1,73562000.0,149680000.0,119960000,61655000,-0.287035,0.768354621949809,0.998030532995944,False,NO CHANGE
P53612,Rabggtb,84418000.0,37496000.0,31921000,18122000,-1.22602,0.34430077427504,0.998030532995944,False,DOWN
P50295,Nat2,84656000.0,75076000.0,11988000,20932000,-2.331331,0.0928034351433322,0.998030532995944,False,DOWN
Q05BC3,Eml1,1639600000.0,261540000.0,603890000,957100000,0.215326,0.836046575069202,0.998030532995944,False,NO CHANGE
Q8K385,FRRS1,64828000.0,49323000.0,57524000,65501000,0.118402,0.904728113741268,0.998030532995944,False,NO CHANGE
Q9D9A7,Ptges3l,15249000.0,14875000.0,8232400,7942100,-0.897313,0.508007390597186,0.998030532995944,False,DOWN
Q3UL36,Arglu1,109570000.0,124860000.0,6451700000,1655100000,4.804145,0.0017035911429698,0.412694954384437,False,UP
Q91XE4,Acy3,46089000.0,61847000.0,69505000,93057000,0.591053,0.548520933537415,0.998030532995944,False,UP
P18608,Hmgn1,76750000.0,15885000.0,47376000,13086000,-0.487826,0.754291059319121,0.998030532995944,False,NO CHANGE
Q8BV13,Cops7b,81238000.0,44478000.0,58352000,137280000,0.574293,0.586667775352854,0.998030532995944,False,NO CHANGE
O08583;Q9JJW6,Alyref;Alyref2,128180000.0,247750000.0,63223000,90037000,-1.239972,0.201364930199841,0.998030532995944,False,DOWN
P12787,Cox5a,23423000.0,30036000.0,20617000,13178000,-0.686326,0.611331276260672,0.998030532995944,False,DOWN
Q8JZL3,Thtpa,38963000.0,75562000.0,14509000,104890000,-0.476006,0.743507141834849,0.998030532995944,False,NO CHANGE
Q3TWW8,Srsf6,18308000.0,42763000.0,73079000,14804000,0.233303,0.874891213169038,0.998030532995944,False,NO CHANGE
P60824,Cirbp,5627900.0,97674000.0,6373800,0,-1.727696,0.380497852673947,0.998030532995944,False,NO CHANGE
Q91WE2,Fam192a,105860000.0,74303000.0,106680000,5358000,-1.891261,0.311803906614343,0.998030532995944,False,DOWN
Q8VCX1,Akr1d1,623880000.0,272890000.0,609930000,841800000,0.796267,0.288636164995844,0.998030532995944,False,UP
O70423,Aoc3,83531000.0,89149000.0,300330000,99532000,1.002553,0.321723586975081,0.998030532995944,False,UP
O08529,Capn2,6545700.0,53725000.0,0,31105000,-0.716402,0.709411843488197,0.998030532995944,False,NO CHANGE
O08539,Bin1,18505000.0,23667000.0,29290000,26713000,0.418579,0.745857832562885,0.998030532995944,False,NO CHANGE
O08912,Galnt1,141080000.0,83675000.0,244550000,252480000,1.193458,0.174479952262687,0.998030532995944,False,UP
O35098,Dpysl4,34202000.0,72120000.0,96712000,0,-1.232557,0.523952252568323,0.998030532995944,False,NO CHANGE
O70139,Pkig,4426800.0,0.0,3490400,0,-0.227866,0.857030976710534,0.998030532995944,False,NO CHANGE
O70274;Q63739,Ptp4a2;Ptp4a1,3805500.0,6640700.0,9018700,16837000,1.293531,0.365694430672316,0.998030532995944,False,UP
O88653,Lamtor3,84796000.0,4593300.0,0,66903000,-0.463006,0.847238899307907,0.998030532995944,False,NO CHANGE
O88712;P56546,Ctbp1;Ctbp2,16794000.0,0.0,11544000,0,0.110438,0.952980262798738,0.998030532995944,False,NO CHANGE
O88803,Lect2,11052000.0,0.0,0,2568400,-1.760594,0.225466509116344,0.998030532995944,False,NO CHANGE
P09535,Igf2,7790300.0,0.0,5310600,5858700,0.988211,0.540761537073728,0.998030532995944,False,NO CHANGE
P24547,Impdh2,21261000.0,0.0,31052000,37666000,1.525835,0.312025068781145,0.998030532995944,False,NO CHANGE
P47963,Rpl13,3030900.0,0.0,4105100,0,-0.193591,0.879661198263612,0.998030532995944,False,NO CHANGE
P51807,Dynlt1,7905100.0,0.0,8805600,7552000,0.714575,0.607929749106064,0.998030532995944,False,NO CHANGE
P53690,Mmp14,0.0,27329000.0,13442000,52304000,1.500759,0.417471985833379,0.998030532995944,False,NO CHANGE
P55002,Mfap2,44002000.0,20870000.0,41497000,105280000,1.125083,0.373012289078126,0.998030532995944,False,UP
P56873,Sssca1,32750000.0,19718000.0,161870000,0,0.082381,0.968981042329828,0.999971162684518,False,NO CHANGE
P57716,Ncstn,11932000.0,16848000.0,6664100,8659300,-0.900304,0.510748153081733,0.998030532995944,False,DOWN
P57746,Atp6v1d,19766000.0,0.0,15095000,20688000,1.778608,0.354101378873713,0.998030532995944,False,NO CHANGE
P62322,Lsm5,11525000.0,0.0,0,2530600,-0.94695,0.559533308534069,0.998030532995944,False,NO CHANGE
P70186,Epyc,62983000.0,0.0,0,36717000,-0.68733,0.778921765932836,0.998030532995944,False,NO CHANGE
P70671,Irf3,22933000.0,15247000.0,15810000,0,-1.2967,0.406620481316542,0.998030532995944,False,NO CHANGE
P97310,Mcm2,9281800.0,0.0,26663000,0,0.940337,0.606850171809654,0.998030532995944,False,NO CHANGE
P97434,Mprip,11735000.0,6181000.0,0,4192800,-1.331139,0.343104934647349,0.998030532995944,False,NO CHANGE
Q00724,Rbp4,7495800.0,0.0,12842000,5373500,0.893438,0.544208348469496,0.998030532995944,False,NO CHANGE
Q08943,Ssrp1,7977800.0,0.0,0,9139300,0.219145,0.884715860042262,0.998030532995944,False,NO CHANGE
Q3V1L4,Nt5c2,125350000.0,0.0,41982000,0,-1.09473,0.699769862257216,0.998030532995944,False,NO CHANGE
Q4QY64,Atad5,112040000.0,175700000.0,83600000,33019000,-1.417092,0.196393593089658,0.998030532995944,False,DOWN
Q5U5V2,Hykk,14596000.0,58071000.0,0,24545000,-1.370997,0.421815071174652,0.998030532995944,False,NO CHANGE
Q61753,Phgdh,2838000.0,1219100.0,3143500,9622700,1.564061,0.292313058983147,0.998030532995944,False,UP
Q63810,Ppp3r1,11331000.0,0.0,2987200,9697100,-0.494618,0.736859481982317,0.998030532995944,False,NO CHANGE
Q64327,Mea1,25559000.0,12158000.0,0,23925000,-0.223271,0.877189500178294,0.998030532995944,False,NO CHANGE
Q6P9R2,Oxsr1,29687000.0,41807000.0,30639000,48196000,0.125353,0.915170178606448,0.998030532995944,False,NO CHANGE
Q6PEB6,Mob4,34497000.0,34594000.0,117020000,170440000,2.031441,0.0721206384782163,0.998030532995944,False,UP
Q78JE5,Fbxo22,5726800.0,10465000.0,0,8539200,-0.627869,0.661824236674416,0.998030532995944,False,NO CHANGE
Q80VJ2,Sra1,12617000.0,0.0,21442000,0,0.069905,0.970402695594604,0.999971162684518,False,NO CHANGE
Q80WB5,Wdyhv1,57675000.0,24074000.0,22569000,22138000,-0.737277,0.575299460825537,0.998030532995944,False,DOWN
Q8BG73,Sh3bgrl2,33887000.0,2756700.0,10982000,38810000,1.094912,0.566071340344048,0.998030532995944,False,UP
Q8BG94,Commd7,14814000.0,7873000.0,6145800,13136000,-0.265374,0.849949712933619,0.998030532995944,False,NO CHANGE
Q8BHL8,Psmf1,14218000.0,0.0,6974200,0,-0.481114,0.722248325876254,0.998030532995944,False,NO CHANGE
Q8BRH0,Tmtc3,210490000.0,142290000.0,43638000,117170000,-1.275163,0.221929178921557,0.998030532995944,False,DOWN
Q8BWP8,B4gat1,57708000.0,67670000.0,52373000,140970000,0.459426,0.659078457342062,0.998030532995944,False,NO CHANGE
Q8C351,Layn,14887000.0,0.0,12290000,20975000,0.871178,0.552298704167846,0.998030532995944,False,NO CHANGE
Q8CDG1,Piwil2,1805000.0,0.0,13991000,0,1.748023,0.244223587681052,0.998030532995944,False,NO CHANGE
Q8CFI0,Nedd4l,34943000.0,17661000.0,16165000,0,-1.839521,0.275123193999855,0.998030532995944,False,NO CHANGE
Q8CI32,Bag5,15881000.0,0.0,0,28352000,0.837144,0.678397431600875,0.998030532995944,False,NO CHANGE
Q8K0C9,Gmds,43597000.0,39032000.0,31254000,40669000,-0.210458,0.853575121477296,0.998030532995944,False,NO CHANGE
Q8K2I1,Fntb,53997000.0,0.0,46638000,34757000,1.436462,0.431014981528745,0.998030532995944,False,NO CHANGE
Q8K2Q5,Chchd7,6491300.0,0.0,5951700,7602400,0.499347,0.709403483972282,0.998030532995944,False,NO CHANGE
Q8QZY9,Sf3b4,1650900.0,31670000.0,0,12655000,-0.172294,0.93171753398637,0.998030532995944,False,NO CHANGE
Q8R1B4,Eif3c,10243000.0,72191000.0,0,63369000,-0.777761,0.708415506258556,0.998030532995944,False,NO CHANGE
Q8R526,Pkd1l1,68007000.0,42775000.0,64080000,77281000,0.383768,0.701311682502387,0.998030532995944,False,NO CHANGE
Q8VC60,Glb1l,9570200.0,4380300.0,0,4266100,-1.114338,0.429525689836528,0.998030532995944,False,NO CHANGE
Q8VE70,Pdcd10,23786000.0,0.0,18354000,16726000,0.855485,0.592809800498762,0.998030532995944,False,NO CHANGE
Q8VHC3,Selm,15284000.0,0.0,13230000,0,0.370145,0.80513242470892,0.998030532995944,False,NO CHANGE
Q8VHN8,Nudt16l1,5505300.0,0.0,83098000,30041000,3.651738,0.0440151388108496,0.998030532995944,False,NO CHANGE
Q8VI64,Mgarp,46798000.0,0.0,72228000,39206000,2.698501,0.237037356207441,0.998030532995944,False,NO CHANGE
Q91W39,Ncoa5,4159400.0,3033900.0,3766200,14307000,1.047105,0.478117198305603,0.998030532995944,False,UP
Q91WG0,Ces2c,75365000.0,52101000.0,99228000,0,-2.199059,0.34834302262227,0.998030532995944,False,NO CHANGE
Q91WU5,As3mt,16800000.0,0.0,50298000,0,1.8697,0.396054932049408,0.998030532995944,False,NO CHANGE
Q91WV0,Dr1,22547000.0,15634000.0,7049800,0,-1.247053,0.373233490192538,0.998030532995944,False,NO CHANGE
Q91ZI0,Celsr3,128990000.0,0.0,133770000,48836000,1.846228,0.382158754115005,0.998030532995944,False,NO CHANGE
Q924T3,Xrcc4,11991000.0,0.0,51326000,0,2.064902,0.291781436368522,0.998030532995944,False,NO CHANGE
Q9CQ10,Chmp3,31838000.0,50996000.0,89345000,56231000,0.814809,0.453964580772611,0.998030532995944,False,UP
Q9CQ13,Coprs,22815000.0,0.0,33364000,12980000,1.686426,0.377484343437142,0.998030532995944,False,NO CHANGE
Q9CR57,Rpl14,4020800.0,2352700.0,1718400,14791000,0.712957,0.666011918911191,0.998030532995944,False,UP
Q9CX86,Hnrnpa0,317990000.0,7651500.0,712140000,643300000,3.778392,0.0909618285075806,0.998030532995944,False,UP
Q9CYD3,Crtap,19986000.0,29163000.0,25513000,42066000,0.440379,0.730464473788836,0.998030532995944,False,NO CHANGE
Q9D211,Cdkn2aipnl,1712700.0,3182500.0,7562400,0,1.776991,0.210139044071643,0.998030532995944,False,NO CHANGE
Q9D2Q8,S100a14,4529300.0,0.0,0,13932000,0.694882,0.674493087589579,0.998030532995944,False,NO CHANGE
Q9D7I0,Shisa5,2932100.0,8236900.0,0,64159000,1.008176,0.656609904919266,0.998030532995944,False,NO CHANGE
Q9D832,Dnajb4,3804900.0,0.0,0,17021000,0.951437,0.589424297966031,0.998030532995944,False,NO CHANGE
Q9D880,Timm50,14526000.0,11053000.0,8929400,788890000,2.727656,0.288887271342204,0.998030532995944,False,UP
Q9D8Z2,Triap1,2913800.0,9619300.0,19368000,0,1.517972,0.320597581646298,0.998030532995944,False,NO CHANGE
Q9DAI2,Ift22,11954000.0,23547000.0,37325000,59368000,1.488396,0.280041910511041,0.998030532995944,False,UP
Q9DCL9,Paics,0.0,7661000.0,0,6813200,0.043471,0.97356778073658,0.999971162684518,False,NO CHANGE
Q9DCM0,Ethe1,7229000.0,0.0,18990000,29801000,2.963762,0.100876021956834,0.998030532995944,False,NO CHANGE
Q9DCM2,Gstk1,11429000.0,0.0,23594000,0,0.705012,0.648664294007825,0.998030532995944,False,NO CHANGE
Q9ES97,Rtn3,32623000.0,21538000.0,16538000,0,-1.646763,0.295713624397496,0.998030532995944,False,NO CHANGE
Q9JIY5,Htra2,20289000.0,0.0,42880000,0,0.587958,0.776135572354318,0.998030532995944,False,NO CHANGE
Q9JLV6,Pnkp,8381900.0,0.0,33249000,14446000,1.625576,0.273763773446501,0.998030532995944,False,NO CHANGE
Q9QZA0,Ca5b,30187000.0,23749000.0,0,10535000,-1.993399,0.193439705929003,0.998030532995944,False,NO CHANGE
Q9QZB9,Dctn5,6198000.0,0.0,8802800,0,0.278797,0.836318486875185,0.998030532995944,False,NO CHANGE
Q9WV98,Timm9,4429700.0,2091700.0,15478000,4547000,1.462589,0.337019107138687,0.998030532995944,False,UP
Q9Z0M5,Lipa,25556000.0,0.0,64804000,0,0.014435,0.994590940323404,0.999971162684518,False,NO CHANGE
Q9Z0Y1,Dctn3,26425000.0,32155000.0,96897000,48627000,1.235632,0.299625735027423,0.998030532995944,False,UP
Q9Z255,Ube2a,34703000.0,26782000.0,38730000,0,-0.920338,0.558350718971985,0.998030532995944,False,NO CHANGE
Q9CR75,Tnfrsf12a,7975700.0,0.0,6252700,0,-0.013146,0.992179322921571,0.999971162684518,False,NO CHANGE
P12850,Cxcl1,15777000.0,11455000.0,52246000,337360000,3.303869,0.0557493403360171,0.998030532995944,False,UP
Q91YQ5,Rpn1,106870000.0,6820100.0,3852700,10787000,-2.066207,0.307918035740513,0.998030532995944,False,DOWN
P17125,Tgfb3,26257000.0,9599600.0,54831000,56247000,1.80651,0.20472872153873,0.998030532995944,False,UP
Q8K007,Sulf1,7505000.0,0.0,48670000,0,2.244465,0.198781193216668,0.998030532995944,False,NO CHANGE
Q8BR92,Palm2,33026000.0,7841500.0,0,5366400,-1.894142,0.238451340070614,0.998030532995944,False,NO CHANGE
Q64314,Cd34,37632000.0,0.0,15000000,0,-0.308177,0.875575013518542,0.998030532995944,False,NO CHANGE
Q9JMD0,Znf207,12688000.0,7918900.0,0,19549000,-0.614,0.717062358601361,0.998030532995944,False,NO CHANGE
Q3UD01,Atxn7l3b,17677000.0,4094600.0,13769000,11410000,0.559027,0.710134769105043,0.998030532995944,False,NO CHANGE
Q9CXF4,Tbc1d15,11512000.0,1954900.0,9134500,6770100,0.729171,0.641650718638931,0.998030532995944,False,UP
Q8BGL1,Ppm1n,711940000.0,85293000.0,391260000,10181000,-1.965088,0.38267732501761,0.998030532995944,False,DOWN
Q9CRT8,Xpot,31040000.0,18240000.0,95988000,10872000,0.441119,0.78717750398592,0.998030532995944,False,NO CHANGE
Q9CT10,Ranbp3,64412000.0,4219400.0,58422000,29467000,1.331586,0.477212915284582,0.998030532995944,False,UP
Q8K5B2,Mcfd2,63942000.0,8863200.0,4270400,35173000,-0.957876,0.619013999429989,0.998030532995944,False,DOWN
Q9DCL8,Ppp1r2,32299000.0,0.0,0,21448000,-0.502376,0.793226939518563,0.998030532995944,False,NO CHANGE
Q9DB50,Ap1s2,17173000.0,12806000.0,0,7413000,-0.917207,0.501349092359397,0.998030532995944,False,NO CHANGE
P47955,Rplp1,108810000.0,11121000.0,0,49758000,-1.242235,0.549345757927914,0.998030532995944,False,NO CHANGE
P05977;P09542,Myl1;Myl3,190790000.0,98473000.0,108670000,251310000,0.269818,0.770458807854525,0.998030532995944,False,NO CHANGE
Q9QY93,Dctpp1,34266000.0,23438000.0,19592000,35636000,-0.101014,0.937490497344276,0.998030532995944,False,NO CHANGE
P56394,Cox17,58793000.0,17099000.0,88969000,0,-0.233784,0.894375583734843,0.998030532995944,False,NO CHANGE
Q3U1U7,Ahrr,1538900000.0,1281000000.0,1201300000,1168500000,-0.244958,0.603183882087929,0.998030532995944,False,NO CHANGE
P31240,Pdgfb,22787000.0,124120000.0,43439000,67844000,0.029669,0.981822034737205,0.999971162684518,False,NO CHANGE
Q03366,Ccl7,27796000.0,96828000.0,47992000,166620000,0.785491,0.538029202061825,0.998030532995944,False,UP
P28862,Mmp3,30876000.0,3757900000.0,0,4575600000,-0.97065,0.808576007437362,0.998030532995944,False,NO CHANGE
P55292,Dsc2,4063900.0,18924000.0,7088800,29085000,0.711367,0.669230633540043,0.998030532995944,False,UP
P97857,Adamts1,7026400.0,204450000.0,22938000,351320000,1.24396,0.588395955914155,0.998030532995944,False,UP
Q9DD06,Rarres2,12266000.0,217250000.0,21464000,148550000,0.129423,0.946136984917445,0.998030532995944,False,NO CHANGE
P97821,Ctsc,18979000.0,688710000.0,12749000,800300000,-0.178688,0.948776228503456,0.998030532995944,False,NO CHANGE
Q61789,Lama3,0.0,1933300000.0,0,792070000,-0.442528,0.917647913502716,0.998030532995944,False,NO CHANGE
O88452,Stc2,19835000.0,261770000.0,2065600,194640000,-1.845454,0.505445154925624,0.998030532995944,False,DOWN
O35664,Ifnar2,394630000.0,479350000.0,0,419810000,-3.261169,0.196148657257578,0.998030532995944,False,NO CHANGE
Q9R098,Hgfac,32854000.0,1008900000.0,0,1408900000,-2.054307,0.599221576439944,0.998030532995944,False,NO CHANGE
Q9R001,Adamts5,5448900.0,392800000.0,0,100970000,-0.986838,0.717710876355426,0.998030532995944,False,NO CHANGE
Q8BNJ2,Adamts4,0.0,109940000.0,27869000,289910000,2.312416,0.339903696489462,0.998030532995944,False,NO CHANGE
Q925I7,Pdgfd,84677000.0,124250000.0,138920000,59133000,-0.178499,0.852631557426899,0.998030532995944,False,NO CHANGE
Q61805,Lbp,45135000.0,1222900000.0,37377000,743520000,-0.494979,0.8281787845406,0.998030532995944,False,NO CHANGE
O89023,Tpp1,53717000.0,568660000.0,92055000,538430000,0.349155,0.82392733787649,0.998030532995944,False,NO CHANGE
P52793,Efna1,29711000.0,301150000.0,26376000,435280000,0.179845,0.924900835863938,0.998030532995944,False,NO CHANGE
Q3UZZ4,Olfm4,13573000.0,5879300000.0,19425000,8213000000,0.49972,0.905433605402028,0.998030532995944,False,NO CHANGE
O89093,Ccl20,21703000.0,154310000.0,47905000,52410000,-0.207818,0.879268272450971,0.998030532995944,False,NO CHANGE
Q9Z126,Pf4,5336100.0,51434000.0,1784000,66104000,-0.609327,0.800766399135439,0.998030532995944,False,DOWN
Q9Z0F8,Adam17,18871000.0,14241000.0,56850000,30019000,1.333407,0.329694642890242,0.998030532995944,False,UP
Q9WVJ9,Efemp2,67948000.0,246770000.0,384780000,632100000,1.929258,0.0831359677338647,0.998030532995944,False,UP
P97464,Ext1,158710000.0,223870000.0,42493000,117400000,-1.416162,0.180673646806633,0.998030532995944,False,DOWN
Q9WVB4,Slit3,38392000.0,255600000.0,0,76180000,-2.584844,0.236159228525058,0.998030532995944,False,NO CHANGE
P50228,Cxcl5,6494600.0,699340000.0,8919200,1405500000,0.732346,0.832375607803743,0.998030532995944,False,UP
P97333,Nrp1,13039000.0,79587000.0,0,150730000,-0.306267,0.890667394452338,0.998030532995944,False,NO CHANGE
P56677,St14,5661000.0,1055500000.0,0,848760000,-0.440736,0.906822673339851,0.998030532995944,False,NO CHANGE
P97430,Slpi,3017700.0,629510000.0,0,186730000,-0.41898,0.898760557205342,0.998030532995944,False,NO CHANGE
Q62393,Tpd52,18717000.0,75354000.0,29891000,23114000,-0.514778,0.709586668764202,0.998030532995944,False,NO CHANGE
Q9R0M4,Podxl,1267400.0,25974000.0,508730,6793500,-1.625871,0.480354932066889,0.998030532995944,False,DOWN
P18828,Sdc1,46523000.0,308850000.0,79638000,145950000,-0.15296,0.902193646758949,0.998030532995944,False,NO CHANGE
P10404,,19939000.0,1725000000.0,0,871840000,-1.549624,0.655656441789062,0.998030532995944,False,NO CHANGE
P15379,Cd44,16406000.0,954620000.0,8564500,1543100000,-0.122475,0.970362679885237,0.999971162684518,False,NO CHANGE
P09803,Cdh1,3347600.0,4335000000.0,0,3277000000,-0.358405,0.942430904284413,0.998030532995944,False,NO CHANGE
P04925,Prnp,42200000.0,119380000.0,46239000,139020000,0.175799,0.879150726895619,0.998030532995944,False,NO CHANGE
Q922J3;Q9Z0H8,Clip1;Clip2,175420000.0,802800000.0,0,639690000,-2.882042,0.309845595239315,0.998030532995944,False,NO CHANGE
Q9JME7,Trappc2l,6190900.0,38573000.0,16037000,3687500,-1.006847,0.565947644271255,0.998030532995944,False,DOWN
Q64695,Procr,99454000.0,196350000.0,72100000,117340000,-0.603381,0.516728768458816,0.998030532995944,False,DOWN
P13597,Icam1,69842000.0,391540000.0,41056000,442630000,-0.29478,0.852532472573891,0.998030532995944,False,NO CHANGE
P52800,Efnb2,58924000.0,185670000.0,54282000,161910000,-0.157965,0.888728942441751,0.998030532995944,False,NO CHANGE
Q6PDJ1,Cachd1,6815300.0,115460000.0,4670300,45812000,-0.939429,0.666421451865372,0.998030532995944,False,DOWN
P10810,Cd14,11003000.0,5320200000.0,14808000,2485200000,-0.334819,0.932576220918931,0.998030532995944,False,NO CHANGE
P51885,Lum,21871000.0,2287300000.0,0,663200000,-2.687092,0.48475197060858,0.998030532995944,False,NO CHANGE
Q8BLX7,Col16a1,15593000.0,75553000.0,609770000,856960000,4.396481,0.0072553314757734,0.991606616994774,False,UP
Q62470,Itga3,8590900.0,25657000.0,5609100,97544000,0.65583,0.738799831286,0.998030532995944,False,UP
Q80X19,Col14a1,3605500.0,103300000.0,0,26247000,-1.917145,0.46811560336717,0.998030532995944,False,NO CHANGE
Q9JI48,Plac8,20470000.0,93639000.0,3850500,234690000,-0.542409,0.818758742449472,0.998030532995944,False,NO CHANGE
Q9Z0T9,Itgb6,28662000.0,80960000.0,13941000,130340000,-0.176403,0.910973056955628,0.998030532995944,False,NO CHANGE
Q60870,Reep5,6713000.0,36013000.0,0,28914000,-0.369945,0.833274539517169,0.998030532995944,False,NO CHANGE
Q921V5,Mgat2,46681000.0,99796000.0,225920000,146430000,1.414031,0.16614079142474,0.998030532995944,False,UP
O35127,Grcc10,4099400.0,10391000.0,12503000,21904000,1.342325,0.364683572721639,0.998030532995944,False,UP
Q3TW96,Uap1l1,0.0,102030000.0,186690000,155280000,3.081781,0.133327447848466,0.998030532995944,False,NO CHANGE
O08759,Ube3a,17743000.0,113180000.0,199030000,206820000,2.17871,0.118024731417466,0.998030532995944,False,UP
P81117,Nucb2,53778000.0,334730000.0,116690000,585500000,0.962132,0.490894915879082,0.998030532995944,False,UP
Q8CCH2,Nhlrc3,49682000.0,48060000.0,29165000,40868000,-0.501175,0.656845648317917,0.998030532995944,False,NO CHANGE
O08573,Lgals9,36968000.0,23519000.0,13796000,19999000,-0.827963,0.54120080727181,0.998030532995944,False,DOWN
Q9JHH9,Copz2,19317000.0,52371000.0,9984800,32684000,-0.816125,0.585601363060654,0.998030532995944,False,DOWN
Q9D7E3,Ovca2,17437000.0,44998000.0,26472000,41195000,0.237462,0.856016869378832,0.998030532995944,False,NO CHANGE
P47713,Pla2g4a,20115000.0,89162000.0,46671000,48111000,0.162096,0.899410792452282,0.998030532995944,False,NO CHANGE
P35293,Rab18,71241000.0,182520000.0,19604000,18389000,-2.58635,0.0626946582884223,0.998030532995944,False,DOWN
Q8CAQ8,Immt,4614300.0,5545400.0,9636700,8070200,0.80187,0.547746448284103,0.998030532995944,False,UP
Q3U4G3,Xxylt1,15394000.0,39880000.0,36599000,35801000,0.546885,0.675662569667983,0.998030532995944,False,NO CHANGE
Q62266,Sprr1a,40725000.0,219670000.0,11804000,124380000,-1.303611,0.449632841626926,0.998030532995944,False,DOWN
P63254,Crip1,6552400.0,56565000.0,5235900,29659000,-0.627513,0.737590513787456,0.998030532995944,False,DOWN
Q9Z0U1,Tjp2,14511000.0,301380000.0,13139000,54250000,-1.30859,0.505323728782139,0.998030532995944,False,DOWN
Q9CQQ8,Lsm7,21340000.0,21129000.0,28531000,19930000,0.167344,0.898271922644142,0.998030532995944,False,NO CHANGE
Q9R111,Gda,27821000.0,105110000.0,110580000,202520000,1.468504,0.220543339149246,0.998030532995944,False,UP
P26369,U2af2,18916000.0,57458000.0,15640000,50158000,-0.235197,0.869354257639024,0.998030532995944,False,NO CHANGE
Q8VE47,Uba5,40994000.0,30951000.0,9208100,15514000,-1.575426,0.271124430558988,0.998030532995944,False,DOWN
Q9JLJ2,Aldh9a1,0.0,81279000.0,0,98217000,0.209916,0.927266722022916,0.998030532995944,False,NO CHANGE
Q921F2,Tardbp,12896000.0,45836000.0,66568000,27686000,0.82029,0.563110079677576,0.998030532995944,False,UP
P61961,Ufm1,25373000.0,15425000.0,15114000,0,-1.43401,0.363409794686651,0.998030532995944,False,NO CHANGE
Q9D3R6;Q3UMC0,Katnal2;Spata5,2225800000.0,233420000.0,1677200000,2020200000,1.352614,0.275063455716191,0.998030532995944,False,UP
Q91ZF0,Dnajc24,24327000.0,44933000.0,0,16869000,-2.169646,0.205074433118575,0.998030532995944,False,NO CHANGE
Q61768,Kif5b,3654300.0,44146000.0,53743000,0,-0.394829,0.869226382495582,0.998030532995944,False,NO CHANGE
Q9D0J8,Ptms,245510000.0,161770000.0,128610000,168420000,-0.43733,0.583640236403967,0.998030532995944,False,NO CHANGE
Q9D8U8,Snx5,28002000.0,191900000.0,0,111760000,-2.160263,0.37433365496304,0.998030532995944,False,NO CHANGE
Q91WK5,Gcsh,130280000.0,42087000.0,32111000,114470000,-0.288477,0.815788221275501,0.998030532995944,False,NO CHANGE
Q9D8C4,Ifi35,15799000.0,55842000.0,0,16171000,-1.328777,0.388250843209597,0.998030532995944,False,NO CHANGE
P62855,Rps26,22497000.0,61123000.0,0,67706000,-1.833873,0.43048946945531,0.998030532995944,False,NO CHANGE
Q6P8J2,Sat2,21947000.0,18042000.0,5731100,9350200,-1.442715,0.311542025435532,0.998030532995944,False,DOWN
P97352,S100a13,8077600.0,12720000.0,22566000,11821000,0.688203,0.622426215646263,0.998030532995944,False,UP
P29595,Nedd8,10072000.0,68440000.0,204040000,144380000,2.708695,0.0807557342373422,0.998030532995944,False,UP
Q9JJ59,Abcb9,1085700000.0,2167300000.0,1476500000,2376400000,0.288217,0.626451355688252,0.998030532995944,False,NO CHANGE
Q8VDJ3,Hdlbp,870010000.0,889470000.0,789950000,857590000,-0.095964,0.85098247780383,0.998030532995944,False,NO CHANGE
Q8VEE0,Rpe,29857000.0,41402000.0,0,68774000,-0.921926,0.607890128399801,0.998030532995944,False,NO CHANGE
Q9ERG0,Lima1,4155000.0,8119600.0,0,8173600,-0.256433,0.856246561212272,0.998030532995944,False,NO CHANGE
Q8CGF7,Tcerg1,3940700.0,8202000.0,4601400,7235600,0.021379,0.987417176848217,0.999971162684518,False,NO CHANGE
Q9D0E1,Hnrnpm,9566900.0,46536000.0,294970000,12002000,1.49565,0.475566387551265,0.998030532995944,False,UP
Q91UZ5,Impa2,17731000.0,45683000.0,14013000,16842000,-0.889551,0.52979801983651,0.998030532995944,False,DOWN
P28076,Psmb9,19460000.0,63465000.0,35530000,71608000,0.521343,0.684547027160318,0.998030532995944,False,NO CHANGE
Q6ZPG2,Wdr90,46139000.0,138580000.0,129220000,0,-1.238071,0.478170727539159,0.998030532995944,False,NO CHANGE
P97363,Sptlc2,432810000.0,1092300000.0,678310000,1396500000,0.501329,0.515632848819426,0.998030532995944,False,NO CHANGE
O54774,Ap3d1,0.0,15581000.0,10375000,125510000,1.592847,0.388728195391146,0.998030532995944,False,NO CHANGE
O70475,Ugdh,0.0,2704200.0,1609800,17253000,0.531154,0.757859240156771,0.998030532995944,False,NO CHANGE
P00796;P06281,Ren2;Ren1,0.0,34209000.0,0,68667000,1.147966,0.561867766562839,0.998030532995944,False,NO CHANGE
P25119,Tnfrsf1b,0.0,27769000.0,0,26906000,-1.181051,0.574160637441708,0.998030532995944,False,NO CHANGE
P55271,Cdkn2b,0.0,3751300.0,2156000,2914900,-0.423703,0.733093463789797,0.998030532995944,False,NO CHANGE
P62918,Rpl8,0.0,7472400.0,14632000,9569200,1.070409,0.443656763606459,0.998030532995944,False,NO CHANGE
Q64374,Rgn,0.0,12325000.0,0,14995000,-0.847781,0.605212979194039,0.998030532995944,False,NO CHANGE
Q69ZN7,Myof,0.0,6068900.0,0,22707000,0.829673,0.619375918296657,0.998030532995944,False,NO CHANGE
Q6Y685,Tacc1,0.0,10407000.0,0,9339400,-0.343324,0.832672698211374,0.998030532995944,False,NO CHANGE
Q8BJU0,Sgta,0.0,65649000.0,36039000,20739000,0.959632,0.631655471055845,0.998030532995944,False,NO CHANGE
Q8BTW3,Exosc6,0.0,16421000.0,0,16121000,-0.005863,0.997441067437071,0.999971162684518,False,NO CHANGE
Q8K4Q8,Colec12,0.0,15340000.0,2906600,110690000,1.110531,0.624721210161063,0.998030532995944,False,NO CHANGE
Q8QZZ7,Tprkb,0.0,7613900.0,43865000,0,0.913663,0.625601471868344,0.998030532995944,False,NO CHANGE
Q8VBV3,Exosc2,0.0,13978000.0,0,12405000,-1.274484,0.478265757653333,0.998030532995944,False,NO CHANGE
Q91VJ2,Prkcdbp,0.0,23777000.0,0,38019000,-0.429178,0.812070617103457,0.998030532995944,False,NO CHANGE
Q9CXA2,L3hypdh,0.0,12919000.0,0,35077000,0.625461,0.688100361111234,0.998030532995944,False,NO CHANGE
Q9D0F3,Lman1,0.0,23449000.0,0,38048000,0.197008,0.930656785160722,0.998030532995944,False,NO CHANGE
Q9D0L7,Armc10,0.0,18275000.0,23887000,54074000,1.354968,0.347140143743253,0.998030532995944,False,NO CHANGE
Q9DCS2,,0.0,2443700.0,0,14838000,0.716497,0.660460474267635,0.998030532995944,False,NO CHANGE
Q9JHP7,Kdelc1,0.0,20847000.0,22390000,0,0.349571,0.840532366515478,0.998030532995944,False,NO CHANGE
Q9JJN1,Fgf21,0.0,8116000.0,0,10788000,-0.519805,0.713853080742894,0.998030532995944,False,NO CHANGE
Q9JLQ0,Cd2ap,0.0,3635200.0,6903600,4382600,0.380085,0.771879264339797,0.998030532995944,False,NO CHANGE
Q9JLZ6,Hic2,0.0,82006000.0,0,731060000,0.924714,0.752076240504206,0.998030532995944,False,NO CHANGE
Q9QZJ6,Mfap5,0.0,23651000.0,0,74842000,0.476962,0.833346454739503,0.998030532995944,False,NO CHANGE
Q9QZM0,Ubqln2,0.0,32660000.0,0,18115000,-0.00049,0.999790279907882,0.999971162684518,False,NO CHANGE
Q9R062,Gyg1,0.0,18494000.0,1458800,416700000,2.237398,0.495143351537676,0.998030532995944,False,NO CHANGE
Q9R069,Bcam,0.0,60538000.0,0,53187000,-0.347037,0.86329326146175,0.998030532995944,False,NO CHANGE
Q9R1C7,Prpf40a,0.0,3072200.0,0,14038000,0.950497,0.547184514264632,0.998030532995944,False,NO CHANGE
Q9WVH9,Fbln5,0.0,34360000.0,85676000,73207000,2.447455,0.130131353511151,0.998030532995944,False,NO CHANGE
Q9Z1K5,Arih1,0.0,13787000.0,0,9208400,-0.407963,0.784403014677829,0.998030532995944,False,NO CHANGE
Q62000,Ogn,0.0,194390000.0,32095000,664210000,2.224247,0.379854967191701,0.998030532995944,False,NO CHANGE
Q925S4,Il24,0.0,63889000.0,0,147830000,-0.217891,0.931992596040385,0.998030532995944,False,NO CHANGE
P41245,Mmp9,0.0,414970000.0,0,954620000,0.366927,0.925633721965882,0.998030532995944,False,NO CHANGE
P14719,Il1rl1,0.0,424920000.0,0,25071000,-2.393809,0.428477445353404,0.998030532995944,False,NO CHANGE
Q9QUN9,Dkk3,0.0,747930000.0,0,480670000,-0.279731,0.939081087162467,0.998030532995944,False,NO CHANGE
Q61955,Klk8,0.0,105990000.0,7659800,99633000,0.047072,0.982652965154332,0.999971162684518,False,NO CHANGE
Q62009,Postn,0.0,3521400000.0,0,535610000,-1.105996,0.794241426474598,0.998030532995944,False,NO CHANGE
Q811B3,Adamts12,0.0,8734900.0,2060600,10948000,-0.24535,0.875378095701445,0.998030532995944,False,NO CHANGE
Q6W5C0,Cxcl3,0.0,29479000.0,0,70006000,0.166055,0.937472924420259,0.998030532995944,False,NO CHANGE
Q91YK8,Lypd3,0.0,72492000.0,0,82687000,0.420124,0.836234130506539,0.998030532995944,False,NO CHANGE
A2AVA0,Svep1,0.0,106690000.0,0,108280000,-1.04931,0.710165208076969,0.998030532995944,False,NO CHANGE
Q01279,Egfr,0.0,822470000.0,12804000,1015500000,0.9803,0.777247550402344,0.998030532995944,False,NO CHANGE
Q9DAU7,Wfdc2,0.0,2556800000.0,40506000,3458000000,1.6186,0.666949802489577,0.998030532995944,False,NO CHANGE
P58686,,0.0,157910000.0,0,144400000,-0.376784,0.892549284910088,0.998030532995944,False,NO CHANGE
O88839,Adam15,0.0,21103000.0,0,42058000,0.581395,0.774172054141194,0.998030532995944,False,NO CHANGE
Q61362,Chi3l1,0.0,187840000.0,0,69524000,-0.889051,0.675745140999593,0.998030532995944,False,NO CHANGE
Q9D6X6,Prss23,0.0,77781000.0,48682000,46677000,2.115121,0.367550256555871,0.998030532995944,False,NO CHANGE
P05017,Igf1,0.0,20263000.0,0,10514000,-0.515259,0.726561676887507,0.998030532995944,False,NO CHANGE
Q61330,Cntn2,0.0,1940600000.0,0,1918700000,-0.182723,0.966077013415329,0.999971162684518,False,NO CHANGE
Q03350,Thbs2,0.0,399750000.0,0,824460000,0.71686,0.836509211929364,0.998030532995944,False,NO CHANGE
Q8K209,Gpr56,0.0,451730000.0,0,335950000,0.304326,0.926911416173066,0.998030532995944,False,NO CHANGE
Q9D256,Spink12,0.0,30357000.0,0,20287000,-0.972452,0.645615311745009,0.998030532995944,False,NO CHANGE
Q8R366,Igsf8,0.0,375430000.0,0,590000000,-0.210847,0.945735927690835,0.998030532995944,False,NO CHANGE
O88338,Cdh16,0.0,42022000.0,0,177820000,0.798589,0.762817315264027,0.998030532995944,False,NO CHANGE
P21765,Gpx5,0.0,1105300000.0,0,1808400000,0.213644,0.96073377801212,0.998874496667107,False,NO CHANGE
Q922P8,Tmem132a,0.0,83576000.0,43151000,43517000,1.56944,0.46212100046899,0.998030532995944,False,NO CHANGE
Q64253,Ly6e,0.0,11376000.0,0,21758000,0.405926,0.815093091705454,0.998030532995944,False,NO CHANGE
P16056,Met,0.0,1082900000.0,2793200,1104400000,-0.207649,0.959654909297411,0.998824497432,False,NO CHANGE
O35902,Dsg3,0.0,114210000.0,0,87453000,-0.112419,0.968983418001444,0.999971162684518,False,NO CHANGE
P70412,Cuzd1,0.0,988930000.0,0,747220000,-0.725672,0.843574409164711,0.998030532995944,False,NO CHANGE
Q66K08,Cilp,0.0,1450300000.0,0,124710000,-2.009035,0.577474324867521,0.998030532995944,False,NO CHANGE
O35054,Cldn4,0.0,33480000.0,0,24215000,-0.606424,0.717081608460425,0.998030532995944,False,NO CHANGE
Q10738,Mmp7,0.0,986160000.0,0,877020000,-1.371559,0.744327440610396,0.998030532995944,False,NO CHANGE
P50404,Sftpd,0.0,173270000.0,0,189980000,-0.256834,0.918771749659341,0.998030532995944,False,NO CHANGE
Q8K1M6,Dnm1l,0.0,353060000.0,28221000,465240000,2.098466,0.497175676769434,0.998030532995944,False,NO CHANGE
P97927,Lama4,0.0,45513000.0,7267300,91069000,0.728046,0.723333758327126,0.998030532995944,False,NO CHANGE
Q61087,Lamb3,0.0,13019000.0,0,35520000,0.564952,0.767795688516474,0.998030532995944,False,NO CHANGE
Q8BMS2,Spon2,0.0,202090000.0,0,29029000,-1.615981,0.532095873318909,0.998030532995944,False,NO CHANGE
O09126,Sema4d,0.0,37451000.0,0,23574000,-0.244426,0.903128205558183,0.998030532995944,False,NO CHANGE
Q61092,Lamc2,0.0,555790000.0,0,408280000,-0.806655,0.826397648754865,0.998030532995944,False,NO CHANGE
Q8JZQ5,Aoc1,0.0,312970000.0,0,552530000,-0.174091,0.962031176106057,0.99968708809305,False,NO CHANGE
Q9CQW9;Q99J93,Ifitm3;Ifitm2,0.0,14197000.0,0,10996000,1.115989,0.522880336452124,0.998030532995944,False,NO CHANGE
Q8BZQ2,Crispld2,0.0,38614000.0,0,69806000,-0.333048,0.884320791430606,0.998030532995944,False,NO CHANGE
Q91Z98,Chil4,0.0,39463000.0,0,26649000,-0.757718,0.71366563105665,0.998030532995944,False,NO CHANGE
Q9JJ00,Plscr1,0.0,110580000.0,0,92071000,0.121574,0.964290501519673,0.999890311367108,False,NO CHANGE
P12970,Rpl7a,0.0,76311000.0,3398100,72719000,0.252831,0.921493252862066,0.998030532995944,False,NO CHANGE
O55201,Supt5h,0.0,13061000.0,0,31121000,0.414887,0.832754172115104,0.998030532995944,False,NO CHANGE
Q8BVE3,Atp6v1h,0.0,176380000.0,61221000,38192000,1.444032,0.568728191151171,0.998030532995944,False,NO CHANGE
Q62523,Zyx,0.0,47303000.0,0,36658000,0.083538,0.965652765984031,0.999971162684518,False,NO CHANGE
Q3TJD7,Pdlim7,0.0,23787000.0,0,19976000,-0.72661,0.657414093630327,0.998030532995944,False,NO CHANGE
P61211,Arl1,0.0,36563000.0,51169000,59613000,2.128138,0.221120704172917,0.998030532995944,False,NO CHANGE
Q6NZN0;Q5SFM8,Rbm26;Rbm27,0.0,5600200.0,0,5699400,-0.167451,0.897217696171955,0.998030532995944,False,NO CHANGE
Q9WVE8,Pacsin2,0.0,108100000.0,0,71421000,0.164406,0.951765811190261,0.998030532995944,False,NO CHANGE
Q3U7R1,Esyt1,0.0,35301000.0,4440100,12198000,-0.127587,0.94837118027501,0.998030532995944,False,NO CHANGE
Q8BK67,Rcc2,0.0,211690000.0,8871700,93470000,0.315988,0.906030160615645,0.998030532995944,False,NO CHANGE
Q8CJ53,Trip10,0.0,28386000.0,0,6812300,-1.71946,0.309278917147783,0.998030532995944,False,NO CHANGE
P70336;P70335,Rock2;Rock1,0.0,23710000.0,0,54591000,1.507982,0.440811109337941,0.998030532995944,False,NO CHANGE
P97449,Anpep,0.0,65348000.0,53908000,17658000,0.736892,0.688659032741359,0.998030532995944,False,NO CHANGE
Q3UGC7;Q66JS6,Eif3j1;Eif3j2,0.0,9600000.0,16765000,32939000,2.008892,0.201703960566039,0.998030532995944,False,NO CHANGE
P24288,Bcat1,0.0,68249000.0,0,68354000,-0.093602,0.966751979386091,0.999971162684518,False,NO CHANGE
Q8BP67,Rpl24,0.0,5576200.0,0,10567000,0.93846,0.512996805871882,0.998030532995944,False,NO CHANGE
P00920,Ca2,0.0,318180000.0,2966700,732870000,0.736376,0.84422378386068,0.998030532995944,False,NO CHANGE
Q6ZWN5,Rps9,0.0,6341800.0,0,80330000,1.251871,0.584541329542548,0.998030532995944,False,NO CHANGE
P31725,S100a9,0.0,39747000.0,0,22789000,-0.45152,0.818526352874211,0.998030532995944,False,NO CHANGE
Q7TNG8,Ldhd,0.0,54763000.0,0,89648000,0.808556,0.761842829950901,0.998030532995944,False,NO CHANGE
Q8VHI3,Pofut2,0.0,45375000.0,89602000,33778000,1.842196,0.294856549011454,0.998030532995944,False,NO CHANGE
P62307,Snrpf,0.0,69899000.0,136330000,77644000,3.333462,0.167859444433868,0.998030532995944,False,NO CHANGE
Q923D4,Sf3b5,0.0,14564000.0,25884000,13556000,1.452214,0.364754720569891,0.998030532995944,False,NO CHANGE
