id,gene,Intensity 31578,Intensity 31580,Intensity 31579,Intensity 31581,limma_log2FC,p_value,adj_p_value,significant,regulated,n_imputed,AveExpr,t,B
P19137,Lama1,221670000000.0,107470000000.0,119690000000,120100000000,0.364404,0.606733359343949,0.99997988173566,False,NO CHANGE,0,36.9851806182202,0.558744574523312,-4.82990463978233
P16546,Sptan1,11001000000.0,8045800000.0,6124400000,7281800000,0.494468,0.432407801124973,0.99997988173566,False,NO CHANGE,0,32.8840184219171,0.874045351295772,-4.71915953204049
P02469,Lamb1,142020000000.0,60200000000.0,81201000000,109600000000,-0.028944,0.969523991812418,0.99997988173566,False,NO CHANGE,0,36.4426457192351,-0.0407011820492259,-4.91725200626475
P02468,Lamc1,131780000000.0,57350000000.0,91938000000,87224000000,-0.042767,0.95334757147971,0.99997988173566,False,NO CHANGE,0,36.3605908108272,-0.06233407861423,-4.91658753611674
Q9JHU4,Dync1h1,1933700000.0,655880000.0,855090000,237200000,1.322272,0.264629459564551,0.99997988173566,False,UP,0,29.4076508217588,1.30062588110039,-4.53718880983836
Q62261,Sptbn1,3667500000.0,4221700000.0,1507700000,2351600000,1.063314,0.145503082522705,0.99997988173566,False,UP,0,31.3420061297444,1.81335963193348,-4.31637577436902
Q05793,Hspg2,12600000000.0,13960000000.0,8894500000,23877000000,-0.135942,0.863404797868837,0.99997988173566,False,NO CHANGE,0,33.694613366343,-0.183646161982604,-4.90774699795179
Q64727,Vcl,31161000000.0,30374000000.0,25489000000,44538000000,-0.131167,0.839822597162429,0.99997988173566,False,NO CHANGE,0,34.9061534469982,-0.215925874883073,-4.90395728337712
Q80X90,Flnb,2996900000.0,5937000000.0,843850000,3345100000,1.328049,0.238605516857936,0.99997988173566,False,UP,0,31.3099310730892,1.38893901540221,-4.4981594994867
P19096,Fasn,7212000000.0,5586600000.0,3690400000,5894900000,0.444563,0.501627752745234,0.99997988173566,False,NO CHANGE,0,32.3412564693,0.739206967264141,-4.77030586089849
P01027,C3,24116000000.0,122930000000.0,20733000000,88345000000,0.347339,0.794308004440992,0.99997988173566,False,NO CHANGE,0,35.4904892329098,0.279064708392335,-4.89485212914435
P11087,Col1a1,28260000000.0,134990000000.0,20608000000,96745000000,0.468075,0.728160324786215,0.99997988173566,False,NO CHANGE,0,35.6120143732712,0.373427300286213,-4.87722931833068
Q8BTM8,Flna,3337500000.0,9931500000.0,3247700000,9942700000,0.018862,0.985387623736564,0.99997988173566,False,NO CHANGE,0,32.4133117334576,0.0195098481578572,-4.91763263833341
P02463,Col4a1,13491000000.0,22020000000.0,7696100000,10721000000,0.924086,0.209240658609999,0.99997988173566,False,UP,0,33.5426436209135,1.50094417308841,-4.44893554489737
Q9QXS1,Plec,839810000.0,2173400000.0,1154500000,1683000000,-0.045107,0.95504671949263,0.99997988173566,False,NO CHANGE,0,30.3539508388612,-0.0600602896057232,-4.91667046804274
P10493,Nid1,122840000000.0,87879000000.0,83562000000,169460000000,-0.195746,0.784938500665261,0.99997988173566,False,NO CHANGE,0,36.6942676631602,-0.292223952293802,-4.89267818086628
P08121,Col3a1,11953000000.0,71312000000.0,9361700000,42633000000,0.547352,0.700244372714838,0.99997988173566,False,NO CHANGE,0,34.4913636086783,0.414434670548916,-4.86814518139159
Q61316,Hspa4,13825000000.0,8795500000.0,6464800000,13901000000,0.218125,0.772584648022809,0.99997988173566,False,NO CHANGE,0,33.2512767720224,0.309670658009739,-4.88965195513843
P57780,Actn4,28655000000.0,43536000000.0,20632000000,56018000000,0.055111,0.946659180368201,0.99997988173566,False,NO CHANGE,0,35.0122234269384,0.071288509536881,-4.91623108211928
Q01853,Vcp,77878000000.0,65623000000.0,52317000000,54700000000,0.418298,0.48460900670703,0.99997988173566,False,NO CHANGE,0,35.8478404567969,0.770940564135332,-4.75870794199684
Q01149,Col1a2,14275000000.0,69717000000.0,9016700000,36501000000,0.798197,0.547494746139831,0.99997988173566,False,UP,0,34.4776831118032,0.65748845243598,-4.79872529518983
Q3U1J4,Ddb1,17261000000.0,7665900000.0,10895000000,9422600000,0.18309,0.802218603904981,0.99997988173566,False,NO CHANGE,0,33.3297575574763,0.268000691226259,-4.89660699048979
Q60847,Col12a1,1458000000.0,3840900000.0,9566300000,18537000000,-2.492431,0.0377054055354214,0.99997988173566,False,DOWN,0,32.3862858619564,-3.08758349718938,-3.90735983690897
P07901,Hsp90aa1,80575000000.0,57511000000.0,21644000000,22550000000,1.623538,0.0459378283408207,0.99997988173566,False,UP,0,35.174597145547,2.8847755252864,-3.95765511949308
Q7TPR4,Actn1,19059000000.0,30230000000.0,13833000000,31602000000,0.199162,0.797110359519242,0.99997988173566,False,NO CHANGE,0,34.3829267840855,0.275140516949472,-4.89548219921224
P08113,Hsp90b1,51398000000.0,30708000000.0,35954000000,31493000000,0.239572,0.710955833079525,0.99997988173566,False,NO CHANGE,0,35.0896585123144,0.39860492718164,-4.87175067828173
Q3UQ28,Pxdn,9752200000.0,15739000000.0,8553400000,21331000000,-0.124689,0.876869380640145,0.99997988173566,False,NO CHANGE,0,33.5906972023361,-0.165324478928825,-4.90963261630056
P20029,Hspa5,88100000000.0,62530000000.0,49734000000,56713000000,0.482889,0.443600878662345,0.99997988173566,False,NO CHANGE,0,35.8696815686222,0.851129271042869,-4.7281756127521
P20152,Vim,79586000000.0,91471000000.0,82392000000,103250000000,-0.112373,0.848837124006147,0.99997988173566,False,NO CHANGE,0,36.3683817566467,-0.203555890629227,-4.90547964435143
P11276,Fn1,1769200000.0,15289000000.0,1580900000,13428000000,0.1748,0.921054497849365,0.99997988173566,False,NO CHANGE,0,32.1887123390296,0.105642359097014,-4.91442286423496
O88207,Col5a1,6460400000.0,13185000000.0,3026300000,7132900000,0.990203,0.277185446409843,0.99997988173566,False,UP,0,32.6084760833263,1.26101327560186,-4.55468683837782
P11499,Hsp90ab1,47703000000.0,46922000000.0,43070000000,63350000000,-0.142842,0.814942334709293,0.99997988173566,False,NO CHANGE,0,35.5328740613408,-0.250288603028063,-4.89927631364433
A2ARV4,Lrp2,1436100000.0,843010000.0,1135100000,347360000,0.809227,0.399434086068645,0.99997988173566,False,UP,0,29.6306280539064,0.944535842245014,-4.69072831667938
Q68FD5,Cltc,4123200000.0,3160800000.0,3425600000,3720900000,0.016023,0.978331256370006,0.99997988173566,False,NO CHANGE,0,31.74136848219,0.0289339847558588,-4.91749642477753
Q9JKR6,Hyou1,7976800000.0,2693600000.0,4197300000,1952900000,0.695133,0.469353476044606,0.99997988173566,False,UP,0,31.7624592019453,0.800123247696242,-4.74779053442872
P26041,Msn,25694000000.0,33874000000.0,20441000000,33581000000,0.171249,0.793048043941344,0.99997988173566,False,NO CHANGE,0,34.6944611564353,0.280830776072807,-4.89456583049099
P70398,Usp9x,856490000.0,206520000.0,256270000,212900000,0.848439,0.40618647317209,0.99997988173566,False,UP,0,28.2235643730865,0.929712607570712,-4.69678818119008
P58252,Eef2,22796000000.0,26074000000.0,20634000000,26851000000,0.050697,0.931839270402584,0.99997988173566,False,NO CHANGE,0,34.4796289392173,0.0911563028796066,-4.91527042660796
Q61147,Cp,15313000000.0,86555000000.0,7946500000,125440000000,0.205529,0.912893035806442,0.99997988173566,False,NO CHANGE,0,34.9807037363461,0.116623067863049,-4.9136980020171
Q6ZQ38,Cand1,8627700000.0,5708600000.0,3285300000,6897300000,0.560028,0.464071297813618,0.99997988173566,False,NO CHANGE,0,32.4283953102579,0.810400467240819,-4.7438912383578
P63017,Hspa8,57602000000.0,55320000000.0,43543000000,53668000000,0.223709,0.703429024595665,0.99997988173566,False,NO CHANGE,0,35.6043866976698,0.409715427877451,-4.86923292036881
Q64514,Tpp2,4370500000.0,2122400000.0,2764200000,1477300000,0.591835,0.462379255214055,0.99997988173566,False,UP,0,31.2081827918203,0.813712088605137,-4.74262891319264
P27546,Map4,4663600000.0,2186500000.0,2286700000,2480300000,0.423143,0.559034398683347,0.99997988173566,False,NO CHANGE,0,31.3608151382502,0.63770527253862,-4.80526495382351
Q9WTQ5,Akap12,8015900000.0,2575600000.0,3925300000,3255300000,0.34609,0.687565725570547,0.99997988173566,False,NO CHANGE,0,31.9081944764464,0.433334786890215,-4.86368074441649
P27773,Pdia3,90794000000.0,93288000000.0,76820000000,78815000000,0.242168,0.67485289814545,0.99997988173566,False,NO CHANGE,0,36.3003411158017,0.452473897382637,-4.85898606008492
P58771,Tpm1,24168000000.0,18189000000.0,16336000000,14735000000,0.434431,0.479937947102309,0.99997988173566,False,NO CHANGE,0,34.070147486184,0.779799277201195,-4.75541861079166
P09103,P4hb,59146000000.0,65454000000.0,50367000000,56172000000,0.226216,0.697403627433488,0.99997988173566,False,NO CHANGE,0,35.7435539331829,0.418653671534673,-4.86716356224441
P52480,Pkm,30305000000.0,54250000000.0,30012000000,49621000000,0.071344,0.919933387043413,0.99997988173566,False,NO CHANGE,0,35.2031982621895,0.107149758400762,-4.91432755922859
Q8K411,Pitrm1,2958000000.0,945950000.0,1224700000,656610000,0.89946,0.354381883227855,0.99997988173566,False,UP,0,30.1898515806531,1.04939026412278,-4.64683516416349
Q6IRU2,Tpm4,8842600000.0,12910000000.0,7496300000,13789000000,0.071632,0.91769449022112,0.99997988173566,False,NO CHANGE,0,33.2789809400576,0.11016100313965,-4.91413316787544
Q91V92,Acly,5927400000.0,4106200000.0,4573500000,6171400000,-0.106847,0.864822679892004,0.99997988173566,False,NO CHANGE,0,32.2533777974566,-0.181713317877611,-4.90795503425515
Q8BKC5,Ipo5,6306700000.0,5492500000.0,4544700000,4048800000,0.456334,0.448820347030715,0.99997988173566,False,NO CHANGE,0,32.2263597829988,0.840603498307996,-4.73227599988254
P17156,Hspa2,4649800000.0,736210000.0,3311500000,1057300000,-0.016256,0.990172298243124,0.99997988173566,False,NO CHANGE,0,30.7931597440721,-0.0131209738637063,-4.9176948467029
Q11011,Npepps,9532000000.0,7411500000.0,6892300000,8275800000,0.15433,0.796219592185126,0.99997988173566,False,NO CHANGE,0,32.8914600507712,0.276387306494793,-4.89528292445683
E9Q557,Dsp,482450000.0,182200000.0,65161000,191660000,1.407636,0.202418009738913,0.99997988173566,False,UP,0,27.4395578378682,1.5292520058832,-4.43659085627008
Q6P5F9,Xpo1,4594500000.0,1765300000.0,2899600000,3013900000,-0.053832,0.94465463911078,0.99997988173566,False,NO CHANGE,0,31.4341795268322,-0.0739735486708265,-4.91611492268887
Q9EPL2,Clstn1,5881400000.0,3990800000.0,3438900000,4518500000,0.297523,0.640055479995791,0.99997988173566,False,NO CHANGE,0,32.0250100238773,0.505919386809698,-4.84498062403446
Q921I1,Tf,9822600000.0,16300000000.0,8639800000,11738000000,0.329396,0.621623806521009,0.99997988173566,False,NO CHANGE,0,33.3941072624883,0.534923489893249,-4.83684955934086
Q02819,Nucb1,20940000000.0,20963000000.0,16482000000,20973000000,0.172341,0.76962811096582,0.99997988173566,False,NO CHANGE,0,34.2001637473834,0.313862971180941,-4.88890051585486
Q91ZX7,Lrp1,616220000.0,901940000.0,391620000,476500000,0.787273,0.246702648649025,0.99997988173566,False,UP,0,29.0800266666767,1.36048244855183,-4.51072808216813
P06801,Me1,49177000000.0,40095000000.0,42746000000,54773000000,-0.123924,0.835891239193327,0.99997988173566,False,NO CHANGE,0,35.4319460467135,-0.22133332006926,-4.90326460092895
P09470,Ace,8033100000.0,7725800000.0,5736600000,6869900000,0.327578,0.579680660166213,0.99997988173566,False,NO CHANGE,0,32.7113844017948,0.602998697020189,-4.81639140953095
Q80YX1,Tnc,783070000.0,4713500000.0,910600000,3044800000,0.206388,0.875712880817983,0.99997988173566,False,NO CHANGE,0,30.7361650396648,0.166895344632253,-4.90947853242536
P13020,Gsn,12304000000.0,17234000000.0,11320000000,10084000000,0.446722,0.474629350439105,0.99997988173566,False,NO CHANGE,0,33.5381126935946,0.789948514576496,-4.75162336288082
Q8VHY0,Cspg4,1202600000.0,931490000.0,282240000,444340000,1.579519,0.0588756988056886,0.99997988173566,False,UP,0,29.1894776906049,2.63935593278396,-4.02557455244063
P26039,Tln1,466810000.0,363020000.0,185690000,226450000,1.005398,0.148425242837632,0.99997988173566,False,UP,0,28.1141680498872,1.79608889660598,-4.32344823201993
Q02053,Uba1,5035800000.0,3624500000.0,3129100000,2629500000,0.574733,0.370120828744624,0.99997988173566,False,NO CHANGE,0,31.7049876633641,1.01149627405081,-4.66288680476279
Q8BHN3,Ganab,8321400000.0,7655100000.0,4314800000,8801800000,0.373078,0.597531843615184,0.99997988173566,False,NO CHANGE,0,32.7074377971065,0.573650313040469,-4.82544021204281
Q61598,Gdi2,23816000000.0,21743000000.0,17311000000,14438000000,0.525461,0.3906529773197,0.99997988173566,False,NO CHANGE,0,34.142791477198,0.964135941639781,-4.6826550574473
P48722,Hspa4l,2337400000.0,442310000.0,1714000000,300240000,0.50324,0.729048423442852,0.99997988173566,False,NO CHANGE,0,29.6697502587381,0.37213553545408,-4.87750181529609
O88844,Idh1,26143000000.0,27113000000.0,17994000000,24912000000,0.330526,0.587947866560854,0.99997988173566,False,NO CHANGE,0,34.4667225078329,0.589334201710843,-4.82064654133508
P35441,Thbs1,4073200000.0,24938000000.0,4013400000,31819000000,-0.165103,0.918611029918684,0.99997988173566,False,NO CHANGE,0,33.3131223685682,-0.10892813731429,-4.9142134010403
Q61292,Lamb2,2372600000.0,1128800000.0,1460100000,1222500000,0.292679,0.68266216889071,0.99997988173566,False,NO CHANGE,0,30.4616429624123,0.44069414781639,-4.86189605066352
P15626,Gstm2,157020000000.0,106230000000.0,105870000000,138210000000,0.094492,0.880239015143543,0.99997988173566,False,NO CHANGE,0,36.8630328986384,0.160750407849656,-4.91007315295503
P08003,Pdia4,10610000000.0,9774800000.0,4191900000,5328200000,1.107584,0.116079511132716,0.99997988173566,False,UP,0,32.6917709721969,2.01162467548258,-4.23785199533441
Q04857,Col6a1,3972900000.0,30095000000.0,3197600000,12591000000,0.785167,0.597640222912732,0.99997988173566,False,UP,0,32.9555915624678,0.573473891701524,-4.82549357702988
Q06890,Clu,348930000000.0,485710000000.0,187450000000,453330000000,0.497983,0.529450563451422,0.99997988173566,False,NO CHANGE,0,38.3337341173349,0.689020757780564,-4.78801930380039
Q07113,Igf2r,334700000.0,208050000.0,311730000,357350000,-0.338918,0.598558614958407,0.99997988173566,False,NO CHANGE,0,28.1447831666371,-0.571979748863081,-4.82594503330848
P09411,Pgk1,18997000000.0,30204000000.0,10108000000,20267000000,0.742941,0.341464165758519,0.99997988173566,False,UP,0,34.1080662862822,1.08163284552379,-4.63303667382432
P17182,Eno1,40757000000.0,44413000000.0,26323000000,35114000000,0.48483,0.434057533702701,0.99997988173566,False,NO CHANGE,0,35.0658809885689,0.870637545141309,-4.72050781686151
P05064,Aldoa,58959000000.0,54767000000.0,32034000000,53571000000,0.455981,0.489184686289645,0.99997988173566,False,NO CHANGE,0,35.4977997219066,0.762326213948852,-4.76188526240415
P14733,Lmnb1,3052300000.0,2293500000.0,1279600000,1828400000,0.790587,0.248989236393819,0.99997988173566,False,UP,0,30.905783427907,1.35261392723488,-4.51420557255609
P26043,Rdx,2437300000.0,2445700000.0,2091000000,1449300000,0.487991,0.439112499630717,0.99997988173566,False,NO CHANGE,0,30.9411230057728,0.860261252504071,-4.72459710327278
P40142,Tkt,19486000000.0,22121000000.0,12095000000,33779000000,0.038659,0.961687680095786,0.99997988173566,False,NO CHANGE,0,34.2538789400198,0.0511769955142661,-4.91696500618235
Q8VHX6,Flnc,195400000.0,682560000.0,155890000,403920000,0.541394,0.607420593496238,0.99997988173566,False,NO CHANGE,0,28.1734208355727,0.557637119947921,-4.83023272501732
P48678,Lmna,2275100000.0,4344300000.0,1914000000,3890800000,0.204198,0.793474514759015,0.99997988173566,False,NO CHANGE,0,31.4477806902766,0.280232877990439,-4.89466294631048
Q8VDM4,Psmd2,4088700000.0,2873300000.0,2970100000,2285600000,0.395633,0.533920933902536,0.99997988173566,False,NO CHANGE,0,31.4767116767438,0.681138082940852,-4.79072739498823
P26040,Ezr,1687500000.0,1407400000.0,648790000,1921700000,0.464857,0.58383677931395,0.99997988173566,False,NO CHANGE,0,30.2888844890945,0.596113221331081,-4.81854460555371
Q93092,Taldo1,29678000000.0,30931000000.0,42688000000,66199000000,-0.811096,0.236695823002402,0.99997988173566,False,DOWN,0,35.2240527849012,-1.39579033365326,-4.49513585539152
Q8K010,Oplah,1281500000.0,612940000.0,797910000,676290000,0.27082,0.703730094745885,0.99997988173566,False,NO CHANGE,0,29.5877686289236,0.409269850368619,-4.86933505956948
P63038,Hspd1,9871300000.0,6317100000.0,7472800000,4619600000,0.426543,0.537981100126299,0.99997988173566,False,NO CHANGE,0,32.6653326918894,0.674019671972396,-4.79315492624137
P70663,Sparcl1,4226800000.0,9360200000.0,2460900000,12932000000,0.157023,0.892442221116155,0.99997988173566,False,NO CHANGE,0,32.4718940409528,0.1442194633027,-4.91156411202339
Q9R0B9,Plod2,14213000000.0,10877000000.0,16168000000,14175000000,-0.283999,0.637230073999749,0.99997988173566,False,NO CHANGE,0,33.6755263899882,-0.510332414894406,-4.84376697208894
P27046,Man2a1,2612400000.0,2091500000.0,2313700000,2114200000,0.0798,0.891598707654442,0.99997988173566,False,NO CHANGE,0,31.0824097250883,0.145360474239647,-4.91146630600405
P21107,Tpm3,1814300000.0,2586300000.0,2837300000,3790100000,-0.598226,0.365144079297865,0.99997988173566,False,DOWN,0,31.311617172944,-1.02332156762508,-4.65789844607494
Q8BHG1,Nrd1,2388000000.0,1778900000.0,121660000,1216100000,2.4218,0.139817787741073,0.99997988173566,False,UP,0,29.7298470865134,1.84805749007831,-4.3022739382816
P62259,Ywhae,32934000000.0,33045000000.0,56646000000,46588000000,-0.638961,0.306811958896268,0.99997988173566,False,DOWN,0,35.2607665047942,-1.17396906905013,-4.59296211137726
Q99KI0,Aco2,2746600000.0,1299800000.0,2026900000,595970000,0.781675,0.440954541498672,0.99997988173566,False,UP,0,30.424483604168,0.856504327528051,-4.72607165292348
Q921M3,Sf3b3,3295300000.0,1979800000.0,2487600000,2923000000,-0.07822,0.902959047387424,0.99997988173566,False,NO CHANGE,0,31.2893450689778,-0.130012536117079,-4.91271831277739
P14211,Calr,68634000000.0,59059000000.0,86690000000,40301000000,0.1072,0.880668849308786,0.99997988173566,False,NO CHANGE,0,35.8362213454983,0.160167238451309,-4.91012844863363
P10649,Gstm1,94505000000.0,83097000000.0,109160000000,111220000000,-0.314265,0.591804186782526,0.99997988173566,False,NO CHANGE,0,36.5240068952091,-0.583003549191639,-4.82259319239661
Q00493,Cpe,84029000000.0,55538000000.0,110470000000,61794000000,-0.274343,0.694709115195323,0.99997988173566,False,NO CHANGE,0,36.1286339571584,-0.422663781103614,-4.86622254582073
O35206,Col15a1,8311700000.0,7842900000.0,5753600000,3743600000,0.79882,0.241688952806652,0.99997988173566,False,UP,0,32.5112083557777,1.37799113673626,-4.50299319091933
O88342,Wdr1,14592000000.0,19698000000.0,12850000000,18865000000,0.122873,0.845638613152975,0.99997988173566,False,NO CHANGE,0,33.9194577613554,0.207940430182642,-4.90494997026982
P17710,Hk1,2054600000.0,2490400000.0,2121600000,2704400000,-0.082613,0.889644301778487,0.99997988173566,False,NO CHANGE,0,31.1162769201777,-0.148005087970566,-4.9112366987467
Q99MD9,Nasp,3074500000.0,634880000.0,1585100000,714300000,0.392866,0.729223464912292,0.99997988173566,False,NO CHANGE,0,30.1833737361045,0.37188102151519,-4.87755540517047
Q6P5E4,Uggt1,2170400000.0,2350300000.0,2353200000,2298300000,-0.042193,0.941177057049473,0.99997988173566,False,NO CHANGE,0,31.0938520889981,-0.0786332943251963,-4.91590318658128
P37889,Fbln2,3241000000.0,8715300000.0,2665500000,11234000000,-0.042108,0.969881263375239,0.99997988173566,False,NO CHANGE,0,32.3284016868953,-0.040223715333195,-4.91726352995907
Q99KK7,Dpp3,5001500000.0,4602700000.0,2662100000,2183200000,0.992916,0.144766489622676,0.99997988173566,False,UP,0,31.6633154330782,1.81777195447196,-4.31457452688569
Q8K0E8,Fgb,7745100000.0,18310000000.0,13514000000,22937000000,-0.564072,0.492717700446353,0.99997988173566,False,NO CHANGE,0,33.7533107068817,-0.755716903346513,-4.76430857581356
Q5SUR0,Pfas,2539400000.0,1873500000.0,2065100000,2307800000,-0.001253,0.99832479040838,0.99997988173566,False,NO CHANGE,0,31.0230912255082,-0.0022364956873066,-4.91774473003817
P22777,Serpine1,46746000000.0,120370000000.0,42249000000,81329000000,0.35578,0.679461179700706,0.99997988173566,False,NO CHANGE,0,35.9485144380298,0.445513678301005,-4.86071336535904
Q3U962,Col5a2,719270000.0,8091000000.0,376680000,6215900000,0.656774,0.757402598557307,0.99997988173566,False,UP,0,30.8394273523638,0.331271552619077,-4.88568056770878
P60710,Actb,2447100000.0,363070000.0,1289700000,2302700000,-0.870485,0.495124244260553,0.99997988173566,False,DOWN,0,30.2472915221476,-0.751235546390123,-4.76594442659655
P63260,Actg1,108290000000.0,104350000000.0,74256000000,113930000000,0.208802,0.73694356226934,0.99997988173566,False,NO CHANGE,0,36.5249734985397,0.360684528467099,-4.87988031742416
P18760,Cfl1,20120000000.0,20040000000.0,11077000000,23143000000,0.326685,0.645145361885578,0.99997988173566,False,NO CHANGE,0,34.0616949269257,0.497998570917931,-4.8471374815998
P06151,Ldha,39897000000.0,76510000000.0,45130000000,38558000000,0.405406,0.559569168487336,0.99997988173566,False,NO CHANGE,0,35.4825423468042,0.636795381591489,-4.8055623480983
Q9DCD0,Pgd,14109000000.0,26149000000.0,9851900000,11016000000,0.882649,0.232131275946689,0.99997988173566,False,UP,0,33.7196424156857,1.41239255854857,-4.48781393120596
Q9JHR7,Ide,1892800000.0,1106900000.0,1034100000,1579100000,0.179784,0.793127643179063,0.99997988173566,False,NO CHANGE,0,30.3409841316743,0.28071917118558,-4.89458397309458
O35685,Nudc,3273200000.0,1123200000.0,2273200000,1078100000,0.29255,0.750909157266501,0.99997988173566,False,NO CHANGE,0,30.6902359092085,0.340567622214776,-4.88389590618997
Q9EQH2,Erap1,3294700000.0,1692400000.0,2123600000,2092300000,0.163808,0.809607547694083,0.99997988173566,False,NO CHANGE,0,31.0550577209128,0.257702712098368,-4.89818002394087
P50247,Ahcy,7496800000.0,5585200000.0,3210600000,2848200000,1.097495,0.122783645669292,0.99997988173566,False,UP,0,32.0425471659198,1.96196750691916,-4.25703797050503
Q80W21,Gstm7,5766400000.0,4839000000.0,4354500000,5999300000,0.047539,0.937294331318655,0.99997988173566,False,NO CHANGE,0,32.2747731301475,0.0838384429885267,-4.91565145467548
P05202,Got2,17492000000.0,13299000000.0,11250000000,13273000000,0.319797,0.598952575252811,0.99997988173566,False,NO CHANGE,0,33.6683890770687,0.57133926354254,-4.82613828164623
Q9D964,Gatm,9875700000.0,5632800000.0,4378500000,3915400000,0.849069,0.238325492342307,0.99997988173566,False,UP,0,32.3716857721308,1.3899402195693,-4.49771757683009
Q9R1E6,Enpp2,4423700000.0,1639100000.0,3598700000,3730400000,-0.444324,0.581461600714372,0.99997988173566,False,NO CHANGE,0,31.5485937537354,-0.600044195043955,-4.81731756940127
O09159,Man2b1,3407100000.0,3348700000.0,2421700000,3752400000,0.164156,0.791695506317874,0.99997988173566,False,NO CHANGE,0,31.5713476557861,0.282727808197968,-4.89425641097701
P12023,App,12767000000.0,14358000000.0,8948500000,20526000000,-0.001448,0.998422800889185,0.99997988173566,False,NO CHANGE,0,33.65714211053,-0.0021056461279258,-4.91774489959632
Q8BGQ7,Aars,1459000000.0,351290000.0,909180000,411050000,0.227845,0.830516340189787,0.99997988173566,False,NO CHANGE,0,29.3012873412734,0.228739351688463,-4.90228917391809
P40124,Cap1,4579000000.0,6409700000.0,4885900000,4924400000,0.143359,0.811577645243236,0.99997988173566,False,NO CHANGE,0,32.2633182764089,0.254962725344098,-4.89858871549607
P60843,Eif4a1,17236000000.0,16641000000.0,12834000000,12877000000,0.3977,0.499502759307735,0.99997988173566,False,NO CHANGE,0,33.780514585387,0.743124239093606,-4.76889024671787
P70168,Kpnb1,5574600000.0,6656000000.0,5660700000,7727600000,-0.118739,0.844249496147534,0.99997988173566,False,NO CHANGE,0,32.5634840061957,-0.209846181769938,-4.90471634394074
P42932,Cct8,1896300000.0,1348500000.0,2142600000,2470200000,-0.524724,0.408712459410426,0.99997988173566,False,NO CHANGE,0,30.8369861381199,-0.924221078670622,-4.69902272941999
P68254,Ywhaq,9152600000.0,10319000000.0,8966000000,11568000000,-0.06756,0.908974116605953,0.99997988173566,False,NO CHANGE,0,33.2118390904406,-0.12190187147481,-4.91332431273351
Q8C1A5,Thop1,5975500000.0,3698200000.0,5145900000,3073800000,0.241218,0.728325011084543,0.99997988173566,False,NO CHANGE,0,32.0096852047711,0.373187702387253,-4.87727992518061
Q8CG14,C1sa,44294000000.0,32231000000.0,48072000000,27523000000,0.054863,0.934765112408736,0.99997988173566,False,NO CHANGE,0,35.1096296478362,0.0872306126236765,-4.91547876913411
P08071,Ltf,2229000000.0,77109000000.0,775160000,57047000000,0.979289,0.754610843674276,0.99997988173566,False,UP,0,33.1203201329591,0.335263917190225,-4.884919645279
Q02788,Col6a2,1566300000.0,17259000000.0,1339300000,5250900000,0.971297,0.55839308466103,0.99997988173566,False,UP,0,31.7900232073109,0.638797236927216,-4.8049076524571
P97798,Neo1,2331800000.0,1400100000.0,4567800000,5488900000,-1.470521,0.0728047946969036,0.99997988173566,False,DOWN,0,31.4861004704396,-2.43676962430579,-4.08788451001417
Q64449,Mrc2,741490000.0,1039900000.0,391970000,379980000,1.186067,0.104249890002822,0.99997988173566,False,UP,0,29.1167914733579,2.10748971077133,-4.20177363608764
P37804,Tagln,9810600000.0,10596000000.0,11115000000,10740000000,-0.099784,0.861717233006919,0.99997988173566,False,NO CHANGE,0,33.2971396907726,-0.185947749561838,-4.90749647726443
P63101,Ywhaz,70749000000.0,86657000000.0,54547000000,61754000000,0.431997,0.476024649895964,0.99997988173566,False,NO CHANGE,0,35.9722955711643,0.78727239853546,-4.75262681908283
P09405,Ncl,4957100000.0,10717000000.0,2839200000,7599500000,0.649968,0.481943420528963,0.99997988173566,False,UP,0,32.4380314910875,0.775987759484049,-4.7568365592443
Q8CFX1,H6pd,5683200000.0,5446800000.0,3593900000,3303700000,0.69124,0.268865530528388,0.99997988173566,False,UP,0,32.0277891872192,1.28706175433125,-4.54318334167459
O88569,Hnrnpa2b1,13825000000.0,12226000000.0,12102000000,11607000000,0.133496,0.816838326234393,0.99997988173566,False,NO CHANGE,0,33.5311490931424,0.24765773131578,-4.89965800785197
Q8CG16;Q8CFG9,C1ra;C1rb,12746000000.0,8392200000.0,10894000000,7493900000,0.194922,0.764893112999246,0.99997988173566,False,NO CHANGE,0,33.1704029325525,0.320591247643019,-4.88767501181229
Q8K2I4,Manba,2615400000.0,3248300000.0,1646200000,3555700000,0.268722,0.71144188456208,0.99997988173566,False,NO CHANGE,0,31.3063502836863,0.397889507574992,-4.87191071533124
Q640N1,Aebp1,548690000.0,4910700000.0,583830000,4044700000,0.095169,0.955459472492065,0.99997988173566,False,NO CHANGE,0,30.564764060963,0.0595080055268858,-4.91669014771195
Q61207,Psap,15423000000.0,6831400000.0,14787000000,10830000000,-0.302013,0.688247929129024,0.99997988173566,False,NO CHANGE,0,33.4079557543322,-0.432313155369289,-4.86392645715291
Q8CG19,Ltbp1,2110200000.0,1812500000.0,1190200000,1835200000,0.40411,0.528351162868106,0.99997988173566,False,NO CHANGE,0,30.6629783678127,0.690966697572749,-4.78734758583875
O35887,Calu,17832000000.0,16516000000.0,13356000000,20141000000,0.065355,0.915329245704118,0.99997988173566,False,NO CHANGE,0,33.9657699885576,0.113343540629836,-4.91392191899666
P68369,Tuba1a,28114000000.0,19820000000.0,0,46145000,10.547831,0.0011577358389241,0.892801304919811,False,NO CHANGE,1,29.1844881502345,8.48901892025453,-3.44371769330387
Q3TXS7,Psmd1,1501200000.0,1083200000.0,1203600000,1497800000,-0.074393,0.902911024157832,0.99997988173566,False,NO CHANGE,0,30.2852570654672,-0.130077332355742,-4.91271331631238
O08638,Myh11,342990000.0,327390000.0,74296000,230260000,1.357278,0.163080565048302,0.99997988173566,False,UP,0,27.6413740162229,1.71462683811366,-4.35726058637337
Q9QUR6,Prep,2589800000.0,2228700000.0,1902800000,1694200000,0.420157,0.483668629562698,0.99997988173566,False,NO CHANGE,0,30.9517956653694,0.772718687814661,-4.75804947285231
P06745,Gpi,31221000000.0,35216000000.0,28283000000,28774000000,0.217023,0.707976563494004,0.99997988173566,False,NO CHANGE,0,34.8401431348653,0.402995517971294,-4.87076298146804
Q60854,Serpinb6,16076000000.0,12568000000.0,9767400000,14638000000,0.249449,0.693624809490105,0.99997988173566,False,NO CHANGE,0,33.6018880748763,0.424279801136177,-4.86584113230843
Q9D0F9,Pgm1,8394700000.0,8193000000.0,7429100000,8498200000,0.061763,0.914480471992188,0.99997988173566,False,NO CHANGE,0,32.9184066855597,0.114485950113225,-4.91384463592586
Q922R8,Pdia6,22513000000.0,12660000000.0,10498000000,6639100000,1.015931,0.197689742550246,0.99997988173566,False,UP,0,33.4668334020508,1.54945057271455,-4.42781348493287
Q61425,Hadh,18888000000.0,6421500000.0,5642900000,9128200000,0.617771,0.489213931781804,0.99997988173566,False,UP,0,33.049621744656,0.762271354209811,-4.76190542882449
P21180,C2,3491400000.0,3803800000.0,3006900000,2723900000,0.348648,0.553752009524185,0.99997988173566,False,NO CHANGE,0,31.5886522724577,0.646725578278175,-4.80230050115035
Q04998,Inhba,2401800000.0,3983800000.0,1612000000,3392600000,0.403509,0.599809345446717,0.99997988173566,False,NO CHANGE,0,31.3247289358851,0.569947296378764,-4.82655769891245
Q61581,Igfbp7,17171000000.0,41913000000.0,12387000000,37354000000,0.318641,0.743244667987236,0.99997988173566,False,NO CHANGE,0,34.483646302464,0.351586620641107,-4.88172224349468
P68372;Q9D6F9,Tubb4b;Tubb4a,20471000000.0,13645000000.0,14964000000,11585000000,0.3441,0.591211054895886,0.99997988173566,False,NO CHANGE,0,33.7882079211144,0.583975491833053,-4.82229535050377
Q9JII6,Akr1a1,14417000000.0,10247000000.0,10423000000,11946000000,0.123337,0.838782545756362,0.99997988173566,False,NO CHANGE,0,33.4390986469872,0.217355659528472,-4.90377573603292
Q8CI94,Pygb,2534500000.0,2144800000.0,1492000000,2359700000,0.313347,0.624623116842262,0.99997988173566,False,NO CHANGE,0,30.9619516735978,0.530168424816638,-4.83820736558482
P05201,Got1,8360200000.0,5445400000.0,5939200000,4242600000,0.426679,0.519765819396181,0.99997988173566,False,NO CHANGE,0,32.4383010452378,0.706264819599707,-4.78202349393974
P29758,Oat,13981000000.0,7805600000.0,9528200000,7217600000,0.333091,0.625514024151648,0.99997988173566,False,NO CHANGE,0,33.1157598714099,0.528758698022072,-4.8386080643991
P17563;Q63836,Selenbp1;Selenbp2,11950000000.0,10454000000.0,10744000000,5757400000,0.507023,0.465553507100931,0.99997988173566,False,NO CHANGE,0,33.1263025103094,0.807507357053097,-4.74499171191412
Q02257,Jup,359810000.0,113090000.0,115480000,154180000,0.596224,0.50578208881258,0.99997988173566,False,UP,0,27.2896660824588,0.731584610408697,-4.77304709456731
Q8VCM7,Fgg,8821000000.0,13900000000.0,7931400000,25373000000,-0.357421,0.691730044190316,0.99997988173566,False,NO CHANGE,0,33.5450410894041,-0.427106907200741,-4.86517085190527
P00342,Ldhc,27312000000.0,7952600000.0,18763000000,10300000000,0.084249,0.92895984061297,0.99997988173566,False,NO CHANGE,0,33.7366730317795,0.0950214389345552,-4.91505639808771
E9PV24,Fga,5469900000.0,10457000000.0,8362700000,16544000000,-0.637147,0.428362867740053,0.99997988173566,False,DOWN,0,33.1348819953021,-0.882446314739225,-4.71582480638124
Q9JMB7,Piwil1,1087800000.0,0.0,414180000,0,-0.102051,0.980687717591284,0.99997988173566,False,NO CHANGE,2,25.5146469154421,-0.025786504491159,-4.91754780893277
P07214,Sparc,215720000000.0,205790000000.0,154240000000,168410000000,0.386589,0.51244010115525,0.99997988173566,False,NO CHANGE,0,37.4230809390005,0.719465434934022,-4.7773687318521
Q8BND5,Qsox1,7154600000.0,14467000000.0,8485200000,15171000000,-0.157314,0.836261978757196,0.99997988173566,False,NO CHANGE,0,33.3227923373588,-0.220823040970623,-4.90333067146261
P10605,Ctsb,17342000000.0,28126000000.0,15517000000,26673000000,0.118472,0.864995778997118,0.99997988173566,False,NO CHANGE,0,34.3031320585715,0.181477408771521,-4.90798027881666
Q6GQT1,A2mp,399910000.0,373080000.0,361970000,161540000,0.675699,0.376764049668654,0.99997988173566,False,UP,0,28.1871552481293,0.995927348486431,-4.66942362391874
Q9QUR8,Sema7a,5013300000.0,3090700000.0,5594800000,3161200000,-0.095432,0.892070884504587,0.99997988173566,False,NO CHANGE,0,31.921916120659,-0.14472173706104,-4.91152115117415
Q8K4G1,Ltbp4,395280000.0,753610000.0,339210000,885100000,-0.005663,0.99470236235709,0.99997988173566,False,NO CHANGE,0,29.026602817523,-0.0070727002761535,-4.91773129449071
Q8VDD5,Myh9,422670000.0,1386500000.0,105890000,1087100000,1.173964,0.464421767003878,0.99997988173566,False,UP,0,28.9248963919586,0.809715731894502,-4.74415189248653
P05214,Tuba3a,1517400000.0,100160000.0,778890000,53424000,0.934428,0.670991685477067,0.99997988173566,False,UP,0,28.0711286352149,0.458325951480591,-4.85751622304902
Q62318,Trim28,1214000000.0,219610000.0,918820000,335700000,-0.105157,0.931875390101977,0.99997988173566,False,NO CHANGE,0,28.9963235248815,-0.091107829417915,-4.91527305473168
O55029,Copb2,2176200000.0,1363200000.0,1703900000,1412700000,0.150756,0.812597634749888,0.99997988173566,False,NO CHANGE,0,30.606378901028,0.253545066489319,-4.89879854168396
Q9ERK4,Cse1l,1869300000.0,893660000.0,1549700000,855590000,0.166658,0.829522482202882,0.99997988173566,False,NO CHANGE,0,30.1841719944439,0.230110470487441,-4.90210520649097
P28271,Aco1,2416900000.0,1962200000.0,1307700000,2125200000,0.3855,0.556364466735651,0.99997988173566,False,NO CHANGE,0,30.8274178808867,0.642257080198626,-4.80377270576189
Q99JY9,Actr3,7362200000.0,7528400000.0,4354000000,4515400000,0.747643,0.236460839119725,0.99997988173566,False,UP,0,32.4197717112041,1.39663718014042,-4.49476220098384
Q9EQK5,Mvp,1242800000.0,945160000.0,75610000,1296600000,1.791385,0.317670988704353,0.99997988173566,False,UP,0,29.1177725962187,1.14403920187424,-4.60602816285298
P24549,Aldh1a1,9159200000.0,9000200000.0,11953000000,5991700000,0.101456,0.882344596021089,0.99997988173566,False,NO CHANGE,0,33.0292140778991,0.157894346900856,-4.91034208210828
P99024,Tubb5,4465900000.0,3603600000.0,3616400000,4869300000,-0.064939,0.914490200439812,0.99997988173566,False,NO CHANGE,0,31.9340174727751,-0.114472855024873,-4.9138455261446
B2RQC6,Cad,201050000.0,107570000.0,100800000,46754000,1.099086,0.21285680993224,0.99997988173566,False,UP,0,26.5822966246919,1.48632053145608,-4.4553308247899
P10630,Eif4a2,1410100000.0,480930000.0,988110000,328230000,0.532087,0.60851169955837,0.99997988173566,False,NO CHANGE,0,29.3511575738033,0.555880471157841,-4.83075210258446
P10126,Eef1a1,12059000000.0,16595000000.0,11982000000,13795000000,0.137922,0.819180310929052,0.99997988173566,False,NO CHANGE,0,33.6507492240103,0.244410920628817,-4.90012376401553
Q8R016,Blmh,6734300000.0,6236900000.0,5413200000,2469400000,0.825857,0.287642244917645,0.99997988173566,False,UP,0,32.1806026935495,1.22932138014121,-4.56865898062709
Q00519,Xdh,1262400000.0,1106400000.0,674360000,838040000,0.65268,0.302817946417464,0.99997988173566,False,UP,0,29.8120338672207,1.18522714350227,-4.58803216844246
Q9JHU9,Isyna1,33628000000.0,25428000000.0,25089000000,28223000000,0.136077,0.819333734152127,0.99997988173566,False,NO CHANGE,0,34.6992827713153,0.244198333919537,-4.90015405516284
P16125,Ldhb,71360000000.0,35205000000.0,47038000000,33664000000,0.332931,0.645684589289278,0.99997988173566,False,NO CHANGE,0,35.3782632707183,0.497161597159018,-4.84736377033063
P24527,Lta4h,6025800000.0,4250100000.0,4909800000,6862200000,-0.197843,0.754614494119794,0.99997988173566,False,NO CHANGE,0,32.3355991060549,-0.335258692606287,-4.88492064650622
Q62356,Fstl1,10866000000.0,22155000000.0,8417600000,11265000000,0.672063,0.371103070537954,0.99997988173566,False,UP,0,33.5169763120779,1.00917893488737,-4.66386202294752
Q91WP6,Serpina3n,17620000000.0,51400000000.0,22888000000,24894000000,0.334296,0.686920850779987,0.99997988173566,False,NO CHANGE,0,34.6416238862473,0.434301015208271,-4.8634478981355
Q8BH34,Sema3d,4927400000.0,2889300000.0,5913100000,2552200000,-0.042055,0.957528525422995,0.99997988173566,False,NO CHANGE,0,31.8341535203286,-0.0567398483855045,-4.91678605413035
O08999,Ltbp2,514300000.0,2967200000.0,492430000,2231600000,0.236858,0.86520697363126,0.99997988173566,False,NO CHANGE,0,30.0838161665515,0.181189597980578,-4.90801103407984
P35951,Ldlr,2671300000.0,2203300000.0,1570400000,2167500000,0.395022,0.526364129873276,0.99997988173566,False,NO CHANGE,0,30.9784458597401,0.694491196380998,-4.78612777529628
P15116,Cdh2,4307800000.0,2152000000.0,4890600000,3772800000,-0.496509,0.492856279888405,0.99997988173566,False,NO CHANGE,0,31.7519219650566,-0.755458396030765,-4.76440309984741
P63005,Pafah1b1,2651600000.0,1747800000.0,1926600000,719640000,0.870499,0.321618468602893,0.99997988173566,False,UP,0,30.5683047589703,1.13339433862019,-4.61065937883954
P68510,Ywhah,6754300000.0,9696400000.0,9990300000,15369000000,-0.614612,0.370642511081108,0.99997988173566,False,DOWN,0,33.2212865711085,-1.01026483016738,-4.66340513622324
Q91VI7,Rnh1,8597000000.0,11109000000.0,8115100000,4797300000,0.647329,0.352372532075392,0.99997988173566,False,UP,0,32.8624333267048,1.05433547605073,-4.64472671850153
Q9EQH3,Vps35,1715800000.0,774540000.0,1363500000,305330000,0.837269,0.460483562427234,0.99997988173566,False,UP,0,29.6838651043992,0.817433707493554,-4.74120694324438
Q60864,Stip1,1559600000.0,1406300000.0,877970000,667980000,0.95148,0.163522998604034,0.99997988173566,False,UP,0,29.9881530572374,1.71229030040313,-4.35824094480909
P45376,Akr1b1,14212000000.0,10761000000.0,12423000000,7578100000,0.35,0.597197585445288,0.99997988173566,False,NO CHANGE,0,33.35074180793,0.574194553450588,-4.82527550828791
Q8JZQ9,Eif3b,1141400000.0,1227100000.0,521480000,1445600000,0.446853,0.584404481953869,0.99997988173566,False,NO CHANGE,0,29.9169552366957,0.595175230629179,-4.81883651054633
Q04447,Ckb,7166000000.0,8117700000.0,7666800000,10439000000,-0.230149,0.703421850906112,0.99997988173566,False,NO CHANGE,0,32.9435466600835,-0.409726045981593,-4.86923048520864
Q8CIE6,Copa,1013200000.0,945240000.0,951450000,743540000,0.218495,0.712318323944457,0.99997988173566,False,NO CHANGE,0,29.7569412486236,0.396600096064153,-4.87219851286484
P56399,Usp5,1754200000.0,1103500000.0,1508700000,1386000000,-0.055667,0.929152572340362,0.99997988173566,False,NO CHANGE,0,30.4016361260296,-0.0947626752278272,-4.91507100255636
Q9CPV4,Glod4,5558900000.0,3813200000.0,2353100000,1227200000,1.437934,0.096551162068399,0.99997988173566,False,UP,0,31.3812865167788,2.17661790110365,-4.17656356565389
Q91YI0,Asl,4309600000.0,2820900000.0,2191300000,1521200000,0.933356,0.200801122249779,0.99997988173566,False,UP,0,31.232529441033,1.5361040335554,-4.43361024999886
P48774,Gstm5,7846400000.0,3319200000.0,6001000000,5432800000,-0.162016,0.82775237951667,0.99997988173566,False,NO CHANGE,0,32.3297941824256,-0.232553820227418,-4.90177476098533
Q6WKZ8,Ubr2,400330000.0,23578000.0,140080000,13840000,1.141768,0.592037368249749,0.99997988173566,False,UP,0,25.9628922145819,0.582621617788308,-4.82271012910557
P06797,Ctsl,81052000000.0,59205000000.0,49753000000,72781000000,0.203111,0.749241653561217,0.99997988173566,False,NO CHANGE,0,35.9100089985807,0.342960600258545,-4.88342920812623
P08122,Col4a2,4158400000.0,10404000000.0,4794400000,7959700000,0.090515,0.91107045200659,0.99997988173566,False,NO CHANGE,0,32.5696426724963,0.119077580507671,-4.91352628049036
Q8BPB5,Efemp1,11399000000.0,7982200000.0,10278000000,10754000000,-0.140334,0.81663518270746,0.99997988173566,False,NO CHANGE,0,33.2213305820846,-0.247939510916016,-4.8996173101942
Q9WVA4,Tagln2,4313700000.0,7088600000.0,4703600000,8820300000,-0.220083,0.761319253983349,0.99997988173566,False,NO CHANGE,0,32.4746077721239,-0.325681346924216,-4.88673197762953
P61982,Ywhag,16167000000.0,18139000000.0,8951300000,13040000000,0.664517,0.311219263180913,0.99997988173566,False,UP,0,33.663095926473,1.16170428717339,-4.59832384836893
P35487,Pdha2,3235100000.0,551460000.0,1459900000,1179800000,0.025363,0.982128918079392,0.99997988173566,False,NO CHANGE,0,30.3022404346065,0.0238616810080036,-4.91757632129196
P30416,Fkbp4,2603400000.0,1908400000.0,2037800000,822460000,0.783865,0.343578293331689,0.99997988173566,False,UP,0,30.6618004713061,1.07628152191709,-4.63533497102608
Q9CVB6,Arpc2,5306000000.0,5514400000.0,4697200000,2037400000,0.806149,0.306950890646552,0.99997988173566,False,UP,0,31.9296925713012,1.17357993628326,-4.59313237570731
P50396,Gdi1,2298300000.0,1989900000.0,2675400000,1171500000,0.272576,0.712442354960974,0.99997988173566,False,NO CHANGE,0,30.8576965086053,0.396417686811096,-4.87223916025765
P35700,Prdx1,47059000000.0,44905000000.0,45851000000,76714000000,-0.367548,0.572418468900519,0.99997988173566,False,NO CHANGE,0,35.6037284096489,-0.615109606536898,-4.81256008957056
O08709,Prdx6,21770000000.0,24802000000.0,11081000000,34694000000,0.245012,0.77443024879455,0.99997988173566,False,NO CHANGE,0,34.3131739829599,0.307057013600241,-4.89011569049841
Q9CR16,Ppid,2992600000.0,2184800000.0,2370300000,2285200000,0.135755,0.820375195160887,0.99997988173566,False,NO CHANGE,0,31.1839255485277,0.24275562185701,-4.90035896027351
Q9QUM9,Psma6,9241200000.0,8824800000.0,12912000000,14560000000,-0.602468,0.327470199168275,0.99997988173566,False,DOWN,0,33.373408557457,-1.1178343284998,-4.61741223104765
Q8K1J6,Trnt1,2894100000.0,1581800000.0,1904800000,484150000,1.155758,0.28708922072973,0.99997988173566,False,UP,0,30.4168147282552,1.23096962999567,-4.56793313888439
O70435,Psma3,10815000000.0,8460800000.0,11486000000,7097800000,0.08329,0.89695602391864,0.99997988173566,False,NO CHANGE,0,33.1135859357232,0.138117630031904,-4.91207427433626
Q9R1P0,Psma4,8634800000.0,9079300000.0,6715500000,5428700000,0.552321,0.370556477392307,0.99997988173566,False,NO CHANGE,0,32.7675642073847,1.01046780973584,-4.66331971438591
P29341,Pabpc1,1976500000.0,2226500000.0,1589800000,1828300000,0.299189,0.611665239684997,0.99997988173566,False,NO CHANGE,0,30.8166212707547,0.55081453645607,-4.83224279723415
Q9R1P4,Psma1,11744000000.0,11137000000.0,10127000000,11111000000,0.108545,0.850066905356929,0.99997988173566,False,NO CHANGE,0,33.3586509636758,0.20187139682056,-4.90568023446012
P47962,Rpl5,5934600000.0,4156700000.0,2946300000,3789000000,0.571934,0.381128094475544,0.99997988173566,False,NO CHANGE,0,31.9236805787046,0.985830033787605,-4.67364355640359
P08249,Mdh2,42708000000.0,24002000000.0,29101000000,17896000000,0.488478,0.501829451422949,0.99997988173566,False,NO CHANGE,0,34.653872662632,0.73883579961572,-4.77043975277622
Q8C7R4,Uba6,386700000.0,9344900.0,203980000,8978900,0.490214,0.85772611046899,0.99997988173566,False,NO CHANGE,0,25.5960867659026,0.191395956573136,-4.90689136191642
Q3V1G4,Olfml2b,1920700000.0,329580000.0,2179100000,603020000,-0.526839,0.694378577786588,0.99997988173566,False,NO CHANGE,0,29.8309385943515,-0.42315626455248,-4.86610644321267
Q61398,Pcolce,12650000000.0,13170000000.0,11694000000,9646600000,0.281266,0.633186100213045,0.99997988173566,False,NO CHANGE,0,33.4468443683258,0.516669181727048,-4.84200939314273
Q8BRK9,Man2a2,846040000.0,436070000.0,511480000,302560000,0.626693,0.416100960126858,0.99997988173566,False,UP,0,28.8647209373314,0.908320922652311,-4.70545964422347
Q76MZ3,Ppp2r1a,2334700000.0,1703400000.0,2445400000,2124400000,-0.192736,0.74996815541012,0.99997988173566,False,NO CHANGE,0,30.989547939012,-0.34191772876563,-4.88363296349627
Q9CZ44,Nsfl1c,2501000000.0,1039600000.0,1594000000,366200000,1.077589,0.356629810837731,0.99997988173566,False,UP,0,30.0478250844907,1.04388752728924,-4.64917776518251
P24369,Ppib,14677000000.0,16621000000.0,15716000000,34149000000,-0.568757,0.44531696971879,0.99997988173566,False,NO CHANGE,0,34.1469413735224,-0.847657545369455,-4.72953095410635
Q6P5H2,Nes,257760000.0,334720000.0,89088000,59935000,2.007105,0.0278690678670195,0.99997988173566,False,UP,0,27.1263639631687,3.41239276124959,-3.83669452674057
Q9DBJ1,Pgam1,16793000000.0,23278000000.0,15059000000,25959000000,-1.7e-05,0.99997988173566,0.99997988173566,False,NO CHANGE,0,34.2027029172971,-2.68589462353877e-05,-4.91774622254473
Q5XJY5,Arcn1,1200200000.0,1054000000.0,538970000,1343300000,0.402546,0.604409875873626,0.99997988173566,False,NO CHANGE,0,29.8656548835065,0.562494708824953,-4.82878992939764
Q9Z1Z0,Uso1,818130000.0,592840000.0,300070000,701150000,0.602475,0.445256200228895,0.99997988173566,False,UP,0,29.0741735355366,0.847780299563156,-4.72948308009116
P62908,Rps3,1343700000.0,1181900000.0,350390000,1791300000,0.669639,0.540068345145591,0.99997988173566,False,UP,0,29.8961927360287,0.670375165459602,-4.79439109665036
P61202,Cops2,1800000000.0,1012600000.0,479400000,453440000,1.533888,0.0677002460136474,0.99997988173566,False,UP,0,29.5634395236103,2.50540060306634,-4.06612282234475
P26443,Glud1,2556500000.0,2309400000.0,1890500000,1741500000,0.421295,0.479046941836676,0.99997988173566,False,NO CHANGE,0,30.9675494603006,0.781496638910312,-4.75478586491369
Q9Z1N5,Ddx39b,7397500000.0,5865200000.0,5943400000,4485400000,0.351346,0.569678464298722,0.99997988173566,False,NO CHANGE,0,32.4412886598057,0.619705896462616,-4.8110915159428
Q9R1P3,Psmb2,4851300000.0,4035400000.0,3936000000,5128500000,-0.022092,0.970464750958976,0.99997988173566,False,NO CHANGE,0,32.0539404104679,-0.0394439525070608,-4.91728205757817
Q9CPY7,Lap3,3849000000.0,4547600000.0,2903000000,2572600000,0.614409,0.324108716223933,0.99997988173566,False,UP,0,31.6549430447675,1.12674103428953,-4.61354935074823
Q8BWT1,Acaa2,4549200000.0,2284000000.0,2883800000,2335400000,0.312767,0.656599529189769,0.99997988173566,False,NO CHANGE,0,31.4295569283215,0.480306717377635,-4.85185410130098
P08228,Sod1,14620000000.0,10214000000.0,19430000000,21152000000,-0.730294,0.268998252228852,0.99997988173566,False,DOWN,0,33.8736737634573,-1.28664013374512,-4.54336963481453
P56480,Atp5b,7539500000.0,4927200000.0,8831600000,5106500000,-0.139886,0.838724376054005,0.99997988173566,False,NO CHANGE,0,32.5749144841538,-0.217435643114938,-4.90376554598884
Q7TMM9,Tubb2a,38772000.0,36096000.0,0,57395000,1.227965,0.437961064093867,0.99997988173566,False,NO CHANGE,1,24.5429411105454,0.862616181296613,-4.72367116942938
Q60841,Reln,154720000.0,0.0,49562000,0,-0.063473,0.978788719655345,0.99997988173566,False,NO CHANGE,2,24.4064712053837,-0.028322932856874,-4.91750686261904
P29268,Ctgf,5162500000.0,20832000000.0,5238000000,26470000000,-0.183252,0.888467651688673,0.99997988173566,False,NO CHANGE,0,33.3633782725975,-0.14959789964479,-4.91109644618591
Q810U4,Nrcam,1223900000.0,542470000.0,642330000,665830000,0.317244,0.66557084698886,0.99997988173566,False,NO CHANGE,0,29.4432811815185,0.466573508835324,-4.85541771965338
Q9WU78,Pdcd6ip,733150000.0,2880200000.0,452870000,3645900000,0.177453,0.90487758691524,0.99997988173566,False,NO CHANGE,0,30.3478011461419,0.12742446521994,-4.91291587062614
Q9DBC7,Prkar1a,1375000000.0,1956100000.0,1386500000,1596700000,0.140435,0.817620730451392,0.99997988173566,False,NO CHANGE,0,30.54084101265,0.246572688221669,-4.89981430960067
Q9ER72,Cars,1051100000.0,535890000.0,428150000,268720000,1.145772,0.169473789086312,0.99997988173566,False,UP,0,28.9104209959559,1.68149830546031,-4.371212243181
Q922B2,Dars,1672600000.0,1144500000.0,1740500000,654970000,0.373904,0.64917139050418,0.99997988173566,False,NO CHANGE,0,30.1788059733989,0.491759359301789,-4.84881685009831
Q8VIJ6,Sfpq,781450000.0,441830000.0,576350000,273520000,0.565527,0.47763613770014,0.99997988173566,False,NO CHANGE,0,28.8474838737066,0.784189227934973,-4.75378048402955
Q9Z2X1,Hnrnpf,4198000000.0,3163300000.0,1680600000,2474900000,0.837393,0.229737455451534,0.99997988173566,False,UP,0,31.3442226473266,1.42123048835139,-4.4839195136633
Q8BG32,Psmd11,2092800000.0,857910000.0,2156000000,934500000,-0.083146,0.924804304805213,0.99997988173566,False,NO CHANGE,0,30.3610919555799,-0.100602681425702,-4.91473177485424
Q9R0P5,Dstn,4223600000.0,4202100000.0,2479200000,3874300000,0.442887,0.490094540853333,0.99997988173566,False,NO CHANGE,0,31.7507013628654,0.760620649179437,-4.7625118215181
Q3THS6,Mat2a,1439600000.0,924960000.0,1005300000,556150000,0.625979,0.39549093109089,0.99997988173566,False,UP,0,29.7909285875333,0.953291114067695,-4.68713034377897
P80318,Cct3,1198600000.0,1010100000.0,1949000000,928990000,-0.29031,0.684594198158868,0.99997988173566,False,NO CHANGE,0,30.1804322211625,-0.437791132818805,-4.8626031268354
Q9JIF7,Copb1,1043200000.0,942530000.0,904990000,959900000,0.089348,0.876378828629016,0.99997988173566,False,NO CHANGE,0,29.8404918532354,0.165990729946596,-4.90956743888269
Q9CQV8,Ywhab,8454200000.0,6726800000.0,7822600000,12608000000,-0.397164,0.54518262808565,0.99997988173566,False,NO CHANGE,0,33.0107289385683,-0.661487263683712,-4.79738655786614
P47757,Capzb,2839600000.0,2625200000.0,2067100000,2242200000,0.342796,0.559369470252464,0.99997988173566,False,NO CHANGE,0,31.1750124065719,0.637135090522584,-4.80545135079042
Q9JIF0,Prmt1,2272000000.0,1803800000.0,1923400000,2650500000,-0.157461,0.797118986225773,0.99997988173566,False,NO CHANGE,0,30.9935842502876,-0.275128444896296,-4.89548412454413
P45377,Akr1b8,12693000000.0,10733000000.0,9183300000,8800500000,0.376672,0.526276694794169,0.99997988173566,False,NO CHANGE,0,33.2539880622545,0.694646505727264,-4.78607392929626
Q9R1T2,Sae1,1400000000.0,574470000.0,1326800000,687190000,-0.090501,0.913583555137796,0.99997988173566,False,NO CHANGE,0,29.7854683918588,-0.115693361216372,-4.91376212172041
Q9Z2W0,Dnpep,8185400000.0,5371900000.0,7492800000,4022600000,0.272426,0.701498916140514,0.99997988173566,False,NO CHANGE,0,32.4903825033084,0.412574280443381,-4.86857528047612
P19324,Serpinh1,7534800000.0,8036900000.0,4650800000,5055400000,0.682452,0.274480385179215,0.99997988173566,False,UP,0,32.5162309782861,1.26939860111409,-4.55098522864815
O35660,Gstm6,5010000000.0,1947900000.0,3559400000,3035500000,-0.073419,0.924615991927267,0.99997988173566,False,NO CHANGE,0,31.5774274694007,-0.100855693163032,-4.91471662334449
P14152,Mdh1,22569000000.0,21686000000.0,14524000000,11393000000,0.78226,0.229240411726439,0.99997988173566,False,UP,0,33.9737041962921,1.4230771398756,-4.48310610774891
Q9CWF2,Tubb2b,0.0,31394000.0,0,143060000,-1.417122,0.556603157930546,0.99997988173566,False,NO CHANGE,2,23.913632515563,-0.641849535407482,-4.80390661915153
O88968,Tcn2,10720000000.0,5571400000.0,9211600000,3875300000,0.371257,0.657018548326643,0.99997988173566,False,NO CHANGE,0,32.6618610197924,0.479662911805803,-4.85202308202825
P97290,Serping1,6779600000.0,18460000000.0,4508000000,10328000000,0.713277,0.453208100723566,0.99997988173566,False,UP,0,33.0244796840176,0.831831014783119,-4.73567302159858
Q08761,Pros1,1815700000.0,4099700000.0,1799800000,2203100000,0.454336,0.545760467629727,0.99997988173566,False,NO CHANGE,0,31.1182067976305,0.660486771644842,-4.79772203152209
P18242,Ctsd,12608000000.0,29305000000.0,8825400000,22649000000,0.443153,0.627563312228445,0.99997988173566,False,NO CHANGE,0,33.9404477499373,0.525520668896297,-4.83952522415088
Q9R118,Htra1,2602400000.0,1734800000.0,3957900000,2728600000,-0.629142,0.358559432255391,0.99997988173566,False,DOWN,0,31.2992298928348,-1.03918861523739,-4.65117514107503
Q61696;P17879,Hspa1a;Hspa1b,403220000.0,331790000.0,290000000,488060000,-0.040637,0.949882876459036,0.99997988173566,False,NO CHANGE,0,28.4666620145376,-0.0669717797718724,-4.91640886392128
P23249,Mov10,301380000.0,28210000.0,188500000,112650000,-0.660275,0.653025772974537,0.99997988173566,False,DOWN,0,26.7884932813356,-0.485807286176829,-4.85040271430232
P31254,Uba1y,306920000.0,15722000.0,71351000,0,1.213858,0.54886886554242,0.99997988173566,False,NO CHANGE,1,25.4428555445312,0.6551175336892,-4.79951638872817
Q8VI75,Ipo4,689010000.0,454920000.0,553300000,233230000,0.640161,0.429920037210555,0.99997988173566,False,UP,0,28.7404130290712,0.879204511413011,-4.71711345271134
Q91YR9,Ptgr1,6257700000.0,5476800000.0,5900300000,3336900000,0.399834,0.551205015237417,0.99997988173566,False,NO CHANGE,0,32.2469184680132,0.65109625023421,-4.80085361170056
P68040,Gnb2l1,3419000000.0,3795500000.0,2087800000,1568600000,0.993202,0.150885076591092,0.99997988173566,False,UP,0,31.2496842029688,1.78183117170724,-4.32931290096366
Q9WV32,Arpc1b,3277200000.0,2697700000.0,2521100000,2707200000,0.186669,0.749739104821667,0.99997988173566,False,NO CHANGE,0,31.3761149686744,0.342246474992325,-4.88356879434206
Q9WVJ2,Psmd13,1996300000.0,1230800000.0,1008100000,1641200000,0.285268,0.67994068909579,0.99997988173566,False,NO CHANGE,0,30.4031815306581,0.444790925961434,-4.86089142385384
P45591,Cfl2,2524900000.0,1588600000.0,1891200000,1733800000,0.145371,0.816987452185435,0.99997988173566,False,NO CHANGE,0,30.8266582508574,0.24745089475559,-4.89968785336024
Q8BWZ3,Naa25,842770000.0,3885900000.0,203310000,209640000,3.13186,0.0312125861862735,0.99997988173566,False,UP,0,29.1871525143122,3.28849758800724,-3.86230011792388
P31001,Des,594620000.0,1606500000.0,636880000,919170000,0.353232,0.668504226358145,0.99997988173566,False,NO CHANGE,0,29.6877173451394,0.462105859398393,-4.85655837208976
Q9JKB1;P58321,Uchl3;Uchl4,1845100000.0,1148500000.0,1737100000,1892800000,-0.316876,0.620097947667046,0.99997988173566,False,NO CHANGE,0,30.5975160172095,-0.537347999555119,-4.83615355466935
P54227,Stmn1,2774100000.0,1665600000.0,3443400000,1512100000,-0.086163,0.912033352917466,0.99997988173566,False,NO CHANGE,0,31.0444651292882,-0.117780710587661,-4.9136174523538
Q9Z2U0,Psma7,9742400000.0,10664000000.0,8500700000,11265000000,0.058798,0.920994801099822,0.99997988173566,False,NO CHANGE,0,33.2174306173565,0.10572261727069,-4.91441782366344
Q9DCJ9,Npl,3474200000.0,1607300000.0,1198200000,282890000,2.021069,0.114533943710367,0.99997988173566,False,UP,0,30.1274783195302,2.02352048733953,-4.23330564591428
O08749,Dld,14045000000.0,7529000000.0,6146000000,5387100000,0.837643,0.254332136047208,0.99997988173566,False,UP,0,32.8407527518527,1.33450249550565,-4.52221195940798
Q99LX0,Park7,8460800000.0,6013500000.0,6715800000,7521200000,0.005238,0.993068818673077,0.99997988173566,False,NO CHANGE,0,32.7292331359132,0.0092536591931308,-4.91772066852146
P10518,Alad,5410100000.0,4280800000.0,3216200000,1893100000,0.963714,0.192283053807067,0.99997988173566,False,UP,0,31.6822637139224,1.57316687799422,-4.41754356568952
P53026,Rpl10a,10164000000.0,11285000000.0,8007000000,13254000000,0.056057,0.929803608702286,0.99997988173566,False,NO CHANGE,0,33.2901900075922,0.093888645380058,-4.91512003987396
P47877,Igfbp2,657420000.0,4327500000.0,372170000,4064400000,0.455673,0.797299353314166,0.99997988173566,False,NO CHANGE,0,30.4237271379921,0.274876053841955,-4.89552435933499
P97298,Serpinf1,5800700000.0,28591000000.0,4781100000,10367000000,0.871224,0.457778338552103,0.99997988173566,False,UP,0,33.1485991857981,0.822765719166448,-4.73916352811385
Q04592,Pcsk5,1213000000.0,964250000.0,998320000,751850000,0.319984,0.603235147906581,0.99997988173566,False,NO CHANGE,0,29.8503902782953,0.564394235436997,-4.82822311507906
O09164,Sod3,14718000000.0,6791000000.0,12798000000,7141900000,0.06449,0.934092761194215,0.99997988173566,False,NO CHANGE,0,33.1866748957278,0.0881325747033814,-4.91543170702891
Q62179,Sema4b,1352200000.0,1432600000.0,1141900000,720510000,0.617709,0.352407637367211,0.99997988173566,False,UP,0,30.0654706222188,1.05424886190597,-4.64476367301595
Q60675,Lama2,141330000.0,47891000.0,69595000,36916000,0.69876,0.452733953349578,0.99997988173566,False,UP,0,25.9444917375024,0.832775689340979,-4.73530811234717
P29533,Vcam1,1018200000.0,2298900000.0,867070000,2970200000,-0.068908,0.944570539365419,0.99997988173566,False,NO CHANGE,0,30.5452891378895,-0.0740862128834597,-4.91610995516051
Q9R0E2,Plod1,734730000.0,1918300000.0,1285900000,1953500000,-0.416863,0.613002010329202,0.99997988173566,False,NO CHANGE,0,30.3533413930111,-0.548672078681381,-4.83287003954089
P54923,Adprh,1514500000.0,917140000.0,1875200000,823850000,-0.076721,0.921441981877581,0.99997988173566,False,NO CHANGE,0,30.1727412354867,-0.105121434151424,-4.91445548839449
Q9JMH6,Txnrd1,5780200000.0,7475400000.0,6189800000,5214600000,0.21041,0.72569270967587,0.99997988173566,False,NO CHANGE,0,32.5087827481213,0.377020494504417,-4.87646689739542
P61979,Hnrnpk,2071900000.0,1753400000.0,1243900000,1178600000,0.654582,0.295331390012886,0.99997988173566,False,UP,0,30.5006164055169,1.20671167134604,-4.57860435796276
P11983,Tcp1,2169600000.0,967900000.0,8676100000,6032500000,-2.319722,0.0308962312121692,0.99997988173566,False,DOWN,0,31.5923932744077,-3.29952880646836,-3.85995509108645
Q9D1Q6,Erp44,3263200000.0,1975000000.0,2491400000,1981900000,0.19215,0.767285763816164,0.99997988173566,False,NO CHANGE,0,31.1453480801217,0.317189172887158,-4.88829767322241
Q9CQI6,Cotl1,1987200000.0,2478400000.0,2608300000,2946100000,-0.320885,0.59182949869976,0.99997988173566,False,NO CHANGE,0,31.2078684397316,-0.582962085672695,-4.82260589015933
Q99JI4,Psmd6,1562400000.0,1274300000.0,4844200000,1660400000,-1.00716,0.265327505613638,0.99997988173566,False,DOWN,0,30.8976673747792,-1.29837623712143,-4.53818316207314
P23492,Pnp,6216600000.0,5601400000.0,3289700000,5236300000,0.507705,0.437937788710727,0.99997988173566,False,NO CHANGE,0,32.204457101346,0.862663836412618,-4.72365241885849
Q7TMK9,Syncrip,699160000.0,1469700000.0,323220000,648190000,1.14707,0.202015996051758,0.99997988173566,False,UP,0,29.3434261779315,1.53095038838452,-4.43585178321828
Q6PDN3,Mylk,1740000000.0,1126000000.0,957690000,708420000,0.764993,0.273004263029181,0.99997988173566,False,UP,0,30.000003259953,1.27400806861188,-4.5489497681744
Q00915,Rbp1,3733000000.0,1424000000.0,2200000000,4047900000,-0.372196,0.664429146625157,0.99997988173566,False,NO CHANGE,0,31.2885933111332,-0.468315355557704,-4.85497050958353
Q9WUB3,Pygm,328560000.0,485610000.0,427850000,670650000,-0.423355,0.530881855001889,0.99997988173566,False,NO CHANGE,0,28.7850797892084,-0.686491738944759,-4.78889041256969
P17742,Ppia,49720000000.0,31887000000.0,41548000000,72055000000,-0.458541,0.518604814088839,0.99997988173566,False,NO CHANGE,0,35.4419490099929,-0.708347731777428,-4.78129271621296
Q64737,Gart,906770000.0,571220000.0,412380000,366690000,0.888124,0.207322546531114,0.99997988173566,False,UP,0,28.9787543696361,1.50880602524228,-4.44550229479144
Q921M7,Fam49b,2675400000.0,1189700000.0,1487900000,881180000,0.639783,0.431495948818854,0.99997988173566,False,UP,0,30.4126375170655,0.875933522581709,-4.71841137774534
P21981,Tgm2,1493500000.0,976770000.0,1534900000,1606100000,-0.378459,0.549322873734929,0.99997988173566,False,NO CHANGE,0,30.358976459263,-0.654335098986364,-4.79977702512291
P57759,Erp29,4026900000.0,4765700000.0,3735000000,5061300000,0.010871,0.985565199625401,0.99997988173566,False,NO CHANGE,0,32.0230963581039,0.019272719004001,-4.91763538244093
Q62348,Tsn,5433800000.0,3082700000.0,3258000000,3194400000,0.343312,0.603958995076842,0.99997988173566,False,NO CHANGE,0,31.7587747399401,0.563223500707323,-4.8285726332403
P47791,Gsr,4468800000.0,3393400000.0,3964500000,3624200000,0.038909,0.947570219574189,0.99997988173566,False,NO CHANGE,0,31.8392079728776,0.0700684068510927,-4.91628245247771
P58389,Ppp2r4,4400200000.0,1523600000.0,2877700000,610280000,0.966297,0.432704611120918,0.99997988173566,False,UP,0,30.7867310309655,0.87343145294747,-4.71940260873662
Q9JHW2,Nit2,2734300000.0,1886800000.0,1191600000,916470000,1.120027,0.129056271107247,0.99997988173566,False,UP,0,30.5208960129739,1.91812599218382,-4.27425056958119
Q9QXT0,Cnpy2,2018300000.0,1041000000.0,833440000,1753400000,0.261903,0.742052786212084,0.99997988173566,False,NO CHANGE,0,30.3019568793671,0.353304790137124,-4.88137764998093
P97807,Fh,3698900000.0,3405000000.0,2717100000,1770900000,0.6941,0.298906277307354,0.99997988173566,False,UP,0,31.377678230711,1.19638929989086,-4.58313703672643
Q64433,Hspe1,5376500000.0,4607000000.0,6487600000,3560600000,0.050345,0.939547226349054,0.99997988173566,False,NO CHANGE,0,32.1874278919793,0.0808178960022926,-4.91579948883806
Q9ERD7,Tubb3,31123000.0,2468100.0,14965000,0,0.74606,0.697120868598804,0.99997988173566,False,NO CHANGE,1,22.690193516527,0.419074106634757,-4.86706526778322
Q9ER58,Spock2,4954300000.0,941250000.0,3362100000,1257900000,0.070476,0.953301105451255,0.99997988173566,False,NO CHANGE,0,30.9727805960024,0.0623962647670237,-4.91658522484077
O54782,Man2b2,1382800000.0,974590000.0,712660000,955660000,0.492302,0.447890082292698,0.99997988173566,False,NO CHANGE,0,29.866431611372,0.84247224159716,-4.73154994657867
P70699,Gaa,621900000.0,545490000.0,445000000,570550000,0.209038,0.725542391121396,0.99997988173566,False,NO CHANGE,0,29.0130232652503,0.377239569559697,-4.87642020212891
P70458,Serpina5,1544300000.0,725440000.0,1039800000,629640000,0.387488,0.614995853224902,0.99997988173566,False,NO CHANGE,0,29.7855494550697,0.545481965800881,-4.83380046606112
Q9WV54,Asah1,2322200000.0,4542100000.0,1844100000,2992200000,0.467364,0.532723660734332,0.99997988173566,False,NO CHANGE,0,31.3630966537008,0.683244582629865,-4.79000574687566
P51655,Gpc4,2348900000.0,1291000000.0,1147100000,207130000,1.836937,0.164759866995026,0.99997988173566,False,UP,0,29.7791213264423,1.70579364822143,-4.36096974074976
Q61112,Sdf4,7332000000.0,5141100000.0,5545800000,4776100000,0.254528,0.679049850404675,0.99997988173566,False,NO CHANGE,0,32.3882309771442,0.446133886127273,-4.86056037360758
O70456,Sfn,1435700000.0,2343600000.0,541230000,2915600000,0.546187,0.631079315299954,0.99997988173566,False,NO CHANGE,0,30.4994996524367,0.519980109245816,-4.84108413632354
O09131,Gsto1,1083700000.0,3473100000.0,1154800000,3315000000,-0.012231,0.990560560093506,0.99997988173566,False,NO CHANGE,0,30.8595631702476,-0.0126025699430577,-4.91769882607255
P50580,Pa2g4,1376800000.0,913400000.0,628960000,301450000,1.364803,0.120132544547983,0.99997988173566,False,UP,0,29.3802699804351,1.9812395657598,-4.24955229158862
Q99K85,Psat1,1571800000.0,2583300000.0,1528800000,4018900000,-0.298784,0.719701248934458,0.99997988173566,False,NO CHANGE,0,31.0575611576287,-0.385769625766496,-4.87458326889851
Q9ET01,Pygl,186870000.0,258290000.0,195700000,374600000,-0.301484,0.668602898023932,0.99997988173566,False,NO CHANGE,0,27.8616801147769,-0.461955769905519,-4.85659653189708
P17751,Tpi1,4500300000.0,10427000000.0,7197900000,15911000000,-0.643628,0.467352202546555,0.99997988173566,False,DOWN,0,32.9953033718069,-0.804006239869089,-4.74632053829768
Q6ZWX6,Eif2s1,923090000.0,1132400000.0,745950000,708530000,0.491938,0.419379242368097,0.99997988173566,False,NO CHANGE,0,29.6833474932145,0.90134172319142,-4.7082691362087
P63242;Q8BGY2,Eif5a;Eif5a2,2360700000.0,2817700000.0,3447700000,4085300000,-0.541172,0.38162721630613,0.99997988173566,False,NO CHANGE,0,31.534805104016,-0.984681617276884,-4.67412250364242
Q9D8W5,Psmd12,2077300000.0,1658900000.0,1038000000,742140000,1.080683,0.13435578506772,0.99997988173566,False,UP,0,30.2494794092954,1.88285944197558,-4.28827772934327
Q9WTX6,Cul1,730610000.0,144770000.0,314430000,78845000,1.046517,0.440638969088633,0.99997988173566,False,UP,0,27.7535983134262,0.857147043592902,-4.7258196250362
P53810,Pitpna,860240000.0,624570000.0,528420000,636510000,0.337867,0.584548165265151,0.99997988173566,False,NO CHANGE,0,29.2802924445831,0.594937924456324,-4.81891030663989
P40336,Vps26a,1562800000.0,821750000.0,1115200000,296470000,0.978822,0.352452809616204,0.99997988173566,False,UP,0,29.5883941323246,1.05413742126225,-4.64481121859057
P07724,Alb,1020900000.0,770700000.0,245770000,2055000000,0.319782,0.807497839371822,0.99997988173566,False,NO CHANGE,0,29.5645033478907,0.260639518833614,-4.89773737319826
Q9D0I9,Rars,1875700000.0,1752200000.0,736890000,710410000,1.325176,0.0702246349542973,0.99997988173566,False,UP,0,30.0930632373877,2.47074639147708,-4.07702660607119
Q7TQI3,Otub1,3215700000.0,2131900000.0,1774000000,1080500000,0.919284,0.219445008695986,0.99997988173566,False,UP,0,30.8263472715367,1.46031612110779,-4.46673028734703
O55234,Psmb5,7546100000.0,6585900000.0,7603400000,8238300000,-0.16694,0.773367788702491,0.99997988173566,False,NO CHANGE,0,32.7983786486657,-0.308561299273092,-4.88984923239308
P30115,Gsta3,15560000000.0,14357000000.0,1880500000,2669800000,2.737802,0.008876784815395,0.99997988173566,False,UP,0,32.4301779905578,4.83652103612259,-3.63193227291402
P15532,Nme1,24047000000.0,23456000000.0,9001000000,26515000000,0.620424,0.467663385021346,0.99997988173566,False,UP,0,34.1569759176168,0.803401607649022,-4.74654969709057
Q9QZE7,Tsnax,1854700000.0,1022200000.0,894730000,711990000,0.786705,0.279818592562649,0.99997988173566,False,UP,0,29.9654319848506,1.25292621671935,-4.55825512024559
Q9CXY6,Ilf2,1707700000.0,1429100000.0,1347300000,1770900000,0.016304,0.978223108718896,0.99997988173566,False,NO CHANGE,0,30.5327816786789,0.0290784438443666,-4.9174939246228
Q9R0P9,Uchl1,17899000000.0,10750000000.0,9379300000,11902000000,0.39273,0.554494766257717,0.99997988173566,False,NO CHANGE,0,33.4950239065001,0.645453636899784,-4.80272028875744
Q61035,Hars,2107800000.0,3329100000.0,2421700000,1676200000,0.394828,0.556182449832485,0.99997988173566,False,NO CHANGE,0,31.1053740146478,0.642567939920011,-4.80367052143198
O35381,Anp32a,3909700000.0,3945900000.0,700020000,2028600000,1.72073,0.0894455823293296,0.99997988173566,False,UP,0,31.0106940474177,2.24612995004171,-4.15190690894086
O55137,Acot1,2576000000.0,1874300000.0,2083700000,1845600000,0.164123,0.785405681892781,0.99997988173566,False,NO CHANGE,0,30.9510333471163,0.29156635506238,-4.8927890439332
Q91W90,Txndc5,5921200000.0,4346400000.0,4188400000,4272200000,0.262166,0.663544510021368,0.99997988173566,False,NO CHANGE,0,32.1091250921822,0.469666172439149,-4.8546227343904
Q9DAR7,Dcps,2012200000.0,1568300000.0,1590400000,1577700000,0.165381,0.778966884829215,0.99997988173566,False,NO CHANGE,0,30.643649811641,0.300643327954739,-4.89123818445711
P70296,Pebp1,30798000000.0,15568000000.0,18384000000,27495000000,-0.0381,0.957617769157103,0.99997988173566,False,NO CHANGE,0,34.369041016701,-0.0566204628925863,-4.91679008791674
Q8K183,Pdxk,2590000000.0,2260800000.0,2131400000,1811600000,0.30036,0.612044339903329,0.99997988173566,False,NO CHANGE,0,31.0220656745899,0.550206649288196,-4.83242096037013
O35855,Bcat2,2566300000.0,1637800000.0,1640700000,986850000,0.688117,0.343353142281053,0.99997988173566,False,UP,0,30.5890186566247,1.07685000894963,-4.63509096376162
P10648,Gsta2,6216000000.0,3456500000.0,5802600000,5053100000,-0.224285,0.735643396080099,0.99997988173566,False,NO CHANGE,0,32.2221445142394,-0.362566279522751,-4.87949404720488
P62897,Cycs,11410000000.0,4514900000.0,8870400000,8964900000,-0.313183,0.685367775358864,0.99997988173566,False,NO CHANGE,0,32.8974047473744,-0.436630014847452,-4.86288481521379
P47880,Igfbp6,3269600000.0,3113100000.0,3361200000,1737300000,0.400821,0.562494840219947,0.99997988173566,False,NO CHANGE,0,31.3706751941474,0.63182802929254,-4.80718058390089
P47878,Igfbp3,4892500000.0,1979400000.0,4375700000,2271900000,-0.018889,0.982001413096871,0.99997988173566,False,NO CHANGE,0,31.5446149036911,-0.0240319681747557,-4.91757388793345
Q9CYK2,Qpct,15496000000.0,9705400000.0,15582000000,5536700000,0.400888,0.640266942406356,0.99997988173566,False,NO CHANGE,0,33.3132144778519,0.505589569280143,-4.84507098599813
P28653,Bgn,19871000000.0,54053000000.0,16575000000,45560000000,0.254131,0.793644557702459,0.99997988173566,False,NO CHANGE,0,34.8047348954132,0.279994517754669,-4.89470160862208
Q61508,Ecm1,1978200000.0,21273000000.0,2286300000,16508000000,0.078516,0.965015953019932,0.99997988173566,False,NO CHANGE,0,32.5556648663095,0.046726884589349,-4.91709490587564
P11152,Lpl,3025500000.0,2126700000.0,2647500000,1548100000,0.32533,0.63281692028092,0.99997988173566,False,NO CHANGE,0,31.0775827216319,0.51724888630283,-4.84184773406391
P06909,Cfh,230840000.0,2728100000.0,222860000,4309700000,-0.304468,0.889720644778951,0.99997988173566,False,NO CHANGE,0,29.7160175336251,-0.147901759964308,-4.91124574616345
P70275,Sema3e,1074700000.0,1250200000.0,546930000,1322000000,0.446971,0.561998298271186,0.99997988173566,False,NO CHANGE,0,29.8869136487567,0.632669829665411,-4.8069069819999
O70250,Pgam2,553040000.0,157300000.0,378610000,174160000,0.199888,0.840669851578491,0.99997988173566,False,NO CHANGE,0,28.0359318417834,0.214761537838689,-4.9041042720244
Q9JKF1,Iqgap1,411620000.0,2045400000.0,189600000,476060000,1.610761,0.215958756193187,0.99997988173566,False,UP,0,28.9678563993871,1.4739764720907,-4.46073793837414
Q5SWU9,Acaca,201500000.0,105260000.0,1465400,132290000,3.386797,0.233308736203456,0.99997988173566,False,UP,0,25.4243946290896,1.40807885019619,-4.48971562707478
P22892,Ap1g1,457790000.0,222750000.0,550210000,43520000,1.045189,0.514658946387672,0.99997988173566,False,UP,0,27.7278858098599,0.715452569991869,-4.77878958909793
Q9WTX5,Skp1,846530000.0,443420000.0,609560000,409850000,0.293685,0.680975339765196,0.99997988173566,False,NO CHANGE,0,29.0436995770807,0.44323236795065,-4.86127455402191
P80314,Cct2,1853700000.0,564630000.0,1803700000,1006200000,-0.397046,0.67131183590941,0.99997988173566,False,NO CHANGE,0,30.1287683454956,-0.457840022801897,-4.85763887915615
P16675,Ctsa,2754000000.0,2252200000.0,2618500000,2166800000,0.064278,0.913257563527877,0.99997988173566,False,NO CHANGE,0,31.1816453808814,0.116132256618663,-4.91373191540663
P80316,Cct5,910460000.0,816000000.0,1902400000,889830000,-0.594057,0.423386646713047,0.99997988173566,False,DOWN,0,29.9800355694844,-0.892871798778014,-4.71166528070059
P51174,Acadl,1260800000.0,441630000.0,812990000,614380000,0.078368,0.9243364501848,0.99997988173566,False,NO CHANGE,0,29.4357934021453,0.101231292277694,-4.91469406110936
Q9Z1F9,Uba2,1133200000.0,107900000.0,736000000,128400000,0.185837,0.913336772425763,0.99997988173566,False,NO CHANGE,0,28.28851886792,0.116025611975695,-4.91373926547259
Q01405,Sec23a,753890000.0,480620000.0,402030000,386650000,0.61046,0.355590929145318,0.99997988173566,False,UP,0,28.8598202826233,1.04642675875825,-4.64809724470183
Q91YE6,Ipo9,393350000.0,496020000.0,496890000,232890000,0.376818,0.606019051801729,0.99997988173566,False,NO CHANGE,0,28.5301215284255,0.559896502019007,-4.82956284624912
O88544,Cops4,2001200000.0,1490200000.0,1234300000,972780000,0.656246,0.314571484502288,0.99997988173566,False,UP,0,30.3574153256083,1.15248369943337,-4.60234806147536
Q91ZJ5,Ugp2,1770100000.0,1565400000.0,1660900000,959080000,0.399337,0.548173510090491,0.99997988173566,False,NO CHANGE,0,30.4328654777729,0.656316785160653,-4.79911648746037
Q99MN1,Kars,1854300000.0,1577000000.0,1213700000,1171200000,0.520329,0.392210707297192,0.99997988173566,False,NO CHANGE,0,30.4112170171991,0.960631577161727,-4.68410340150964
Q9CWH6,Psma8,764440000.0,140430000.0,712630000,438910000,-0.771412,0.505689399706899,0.99997988173566,False,DOWN,0,28.6732579592779,-0.731754163592343,-4.77298631077762
Q01730,Rsu1,1940200000.0,1388400000.0,1369500000,1306900000,0.294915,0.62834483897238,0.99997988173566,False,NO CHANGE,0,30.4647095207989,0.52428749968944,-4.83987333450625
Q9CZY3,Ube2v1,2327500000.0,2094400000.0,994310000,1713600000,0.75826,0.2806548879027,0.99997988173566,False,UP,0,30.6608818982882,1.25037304041103,-4.55938129335126
O08553,Dpysl2,1625700000.0,3048600000.0,2257600000,2948000000,-0.212659,0.756818631837059,0.99997988173566,False,NO CHANGE,0,31.1582864390882,-0.33210612191127,-4.88552219360572
Q9CY58,Serbp1,120320000.0,105310000.0,45834000,97473000,0.751977,0.322514987421539,0.99997988173566,False,UP,0,26.3701956504936,1.13099360995345,-4.61170259810951
Q99PT1,Arhgdia,6119900000.0,5041100000.0,4594600000,9349200000,-0.238768,0.73461962060079,0.99997988173566,False,NO CHANGE,0,32.490360064219,-0.364049103649135,-4.8791883905329
O35643,Ap1b1,264070000.0,197500000.0,112110000,242640000,0.46952,0.530511799216352,0.99997988173566,False,NO CHANGE,0,27.5320511184917,0.687145136569854,-4.78866555706397
O08795,Prkcsh,2891800000.0,2154200000.0,1157100000,1951900000,0.731864,0.303074500636475,0.99997988173566,False,UP,0,30.8509810215571,1.18449980476335,-4.58835089908476
Q9D8N0,Eef1g,4741900000.0,6239200000.0,3894500000,8593800000,-0.088954,0.903409028327445,0.99997988173566,False,NO CHANGE,0,32.3852430078291,-0.129405424037054,-4.91276500808234
P28352,Apex1,1499500000.0,1126100000.0,1192300000,752870000,0.455798,0.492860809016276,0.99997988173566,False,NO CHANGE,0,30.0473619619266,0.755449948289055,-4.76440618846206
O88958,Gnpda1,2749700000.0,1434700000.0,2010700000,1452100000,0.217092,0.756645352207108,0.99997988173566,False,NO CHANGE,0,30.7788183479635,0.332353816805951,-4.88547511891643
Q9D154,Serpinb1a,2144000000.0,2938900000.0,3066100000,3165100000,-0.311537,0.607783273465524,0.99997988173566,False,NO CHANGE,0,31.3809121061289,-0.557052994017387,-4.83040557061389
Q9R1P1,Psmb3,4218300000.0,2929400000.0,4210300000,4466800000,-0.302949,0.622457605173318,0.99997988173566,False,NO CHANGE,0,31.8624607533778,-0.53360018110051,-4.83722839300424
Q9Z0S1,Bpnt1,1796300000.0,1729300000.0,1404500000,978230000,0.588457,0.358935438056762,0.99997988173566,False,UP,0,30.4207325349654,1.03827561018294,-4.65156290572235
Q99JW2,Acy1,847270000.0,589080000.0,308650000,400710000,1.006378,0.160618973487908,0.99997988173566,False,UP,0,28.892878675309,1.72775080506351,-4.35176461367653
Q9CY64,Blvra,1324200000.0,1071700000.0,773760000,497180000,0.941612,0.188158897070438,0.99997988173566,False,UP,0,29.6790579459418,1.59172623701548,-4.40953594242641
Q9CZU6,Cs,8968400000.0,6062000000.0,6013000000,3138800000,0.763173,0.314866523798183,0.99997988173566,False,UP,0,32.3980884892994,1.15167655311623,-4.60270004265095
O35459,Ech1,3123100000.0,2253300000.0,364630000,303960000,2.99428,0.0065976303533706,0.99997988173566,False,UP,0,29.8077220354312,5.26700025149148,-3.59276208411506
Q01768,Nme2,6401500000.0,4584400000.0,3881300000,7502300000,0.005635,0.993571604281309,0.99997988173566,False,NO CHANGE,0,32.3321068110578,0.0085823803082431,-4.91772424150594
O55023,Impa1,3673500000.0,3935200000.0,4669600000,5083200000,-0.357722,0.543081019036524,0.99997988173566,False,NO CHANGE,0,32.0030099048097,-0.665132389076587,-4.79616136448348
P51660,Hsd17b4,1625800000.0,339760000.0,830770000,112110000,1.284115,0.416575931522175,0.99997988173566,False,UP,0,28.8271642569295,0.907306905909407,-4.70586845182296
Q9D0K2,Oxct1,2419600000.0,1591400000.0,2517100000,910600000,0.374207,0.656702648924476,0.99997988173566,False,NO CHANGE,0,30.6827820959304,0.480148256286512,-4.851895710281
O08807,Prdx4,7240700000.0,4837600000.0,6491500000,4787600000,0.086283,0.891839799939892,0.99997988173566,False,NO CHANGE,0,32.4194216453395,0.145034327447417,-4.9114943402851
P48759,Ptx3,7786600000.0,5583700000.0,5435100000,3233100000,0.653495,0.354022266651011,0.99997988173566,False,UP,0,32.2917127683892,1.05027346875183,-4.64645881975955
Q80UB0,,19802000000.0,7023600000.0,15127000000,9121400000,0.005738,0.994625736900614,0.99997988173566,False,NO CHANGE,0,33.454376403261,0.0071750025691481,-4.91773085951519
Q62165,Dag1,3484000000.0,5812500000.0,3698000000,4424500000,0.153822,0.811639642854312,0.99997988173566,False,NO CHANGE,0,31.990393626332,0.25487653832852,-4.89860150368452
P10923,Spp1,13482000000.0,42377000000.0,3770000000,40999000000,0.943045,0.555644471275534,0.99997988173566,False,UP,0,34.0049162336285,0.643487145489553,-4.80336816083767
P07141,Csf1,4311800000.0,9815600000.0,4231300000,7352200000,0.222045,0.779258418309672,0.99997988173566,False,NO CHANGE,0,32.4880137811267,0.300231693164294,-4.89130947413607
P97497,Shbg,4108600000.0,2130800000.0,6010000000,2845400000,-0.482977,0.550830500335178,0.99997988173566,False,NO CHANGE,0,31.7038624879405,-0.651740110100787,-4.80063989022392
P11672,Lcn2,20264000000.0,258300000000.0,19708000000,226790000000,0.113914,0.955020242966618,0.99997988173566,False,NO CHANGE,0,36.017271253909,0.0600957172986579,-4.91666919945166
P98063,Bmp1,216950000.0,1265200000.0,108120000,1435800000,0.41112,0.821019476004971,0.99997988173566,False,NO CHANGE,0,28.7591928732471,0.241863427355712,-4.90048509654241
Q07797,Lgals3bp,2372700000.0,3375900000.0,1923000000,2001400000,0.528717,0.403622218417703,0.99997988173566,False,NO CHANGE,0,31.1338953954147,0.935316981840655,-4.69450184390067
Q8BFR4,Gns,1895300000.0,1869200000.0,1298300000,1087800000,0.663405,0.289914947765259,0.99997988173566,False,UP,0,30.478073925478,1.22257931308741,-4.57162689273811
P18406,Cyr61,12959000000.0,14658000000.0,12374000000,22548000000,-0.277334,0.678797516062932,0.99997988173566,False,NO CHANGE,0,33.8207694678638,-0.446514460694849,-4.8604664044512
P21956,Mfge8,2181200000.0,2705300000.0,2141400000,3140200000,-0.09425,0.879116343784211,0.99997988173566,False,NO CHANGE,0,31.2249332049142,-0.162273893323841,-4.90992776806032
Q8BKG3,Ptk7,660840000.0,1966900000.0,369100000,2505200000,0.245644,0.85462384398247,0.99997988173566,False,NO CHANGE,0,29.963679343235,0.195635678465851,-4.90640872420072
Q60972,Rbbp4,4331800000.0,3462000000.0,3838500000,2545300000,0.309097,0.626754397962649,0.99997988173566,False,NO CHANGE,0,31.6960905330749,0.526798040556246,-4.8391639488782
P62334,Psmc6,885430000.0,303650000.0,727420000,316180000,0.112626,0.904488748220356,0.99997988173566,False,NO CHANGE,0,28.8935053415465,0.127948913830112,-4.91287615416485
Q8CDN6,Txnl1,2429400000.0,2631000000.0,1509700000,1429900000,0.783018,0.220126116570831,0.99997988173566,False,UP,0,30.8439497154819,1.45767299183402,-4.46789073199031
Q9Z1Z2,Strap,727740000.0,528990000.0,252150000,533940000,0.757852,0.328864425772383,0.99997988173566,False,UP,0,28.8298306135145,1.11416477396794,-4.61900170016114
P80317,Cct6a,1090300000.0,769970000.0,1879700000,1649200000,-0.942335,0.174037199481947,0.99997988173566,False,DOWN,0,30.2423198754622,-1.6586485329597,-4.38089786886108
P17918,Pcna,3057500000.0,2104800000.0,2489700000,2208600000,0.113466,0.85257152374142,0.99997988173566,False,NO CHANGE,0,31.183637784253,0.19844288699918,-4.90608351367562
Q9CXW3,Cacybp,983960000.0,781880000.0,501260000,1071900000,0.258945,0.720587919476922,0.99997988173566,False,NO CHANGE,0,29.5787258594039,0.384472614794735,-4.87486493267821
Q9QZE5,Copg1,639860000.0,499030000.0,650900000,281050000,0.40181,0.597269481572926,0.99997988173566,False,NO CHANGE,0,28.8729611486783,0.574077475286467,-4.82531094973792
Q9D1E6,Tbcb,401760000.0,223510000.0,282790000,280900000,0.088443,0.892636784621988,0.99997988173566,False,NO CHANGE,0,28.1145400198074,0.143956312830379,-4.91158656133946
Q920E5,Fdps,3317700000.0,3582900000.0,1975200000,4117800000,0.273719,0.698576709444712,0.99997988173566,False,NO CHANGE,0,31.5461487834612,0.416910359921005,-4.86757022024512
P05063,Aldoc,244050000.0,435010000.0,117440000,202030000,1.080866,0.185080908390462,0.99997988173566,False,UP,0,27.7391044415281,1.60585515854752,-4.40345805782429
Q91XV3,Basp1,1637000000.0,369180000.0,765000000,442980000,0.417303,0.691747071557524,0.99997988173566,False,NO CHANGE,0,29.325426790906,0.427081483120325,-4.86517689685044
Q9WTM5,Ruvbl2,737440000.0,173960000.0,717760000,325690000,-0.43286,0.688783994018766,0.99997988173566,False,NO CHANGE,0,28.6324953181191,-0.431510752491454,-4.86411909339812
Q9CWS0,Ddah1,1199400000.0,1116700000.0,486180000,847520000,0.850336,0.235833052778904,0.99997988173566,False,UP,0,29.6829619309916,1.39890375311783,-4.49376220884011
Q05186,Rcn1,1699400000.0,1334500000.0,458970000,1536300000,0.842697,0.368674952652686,0.99997988173566,False,UP,0,30.0666669795556,1.0149173043045,-4.66144570778077
Q9CYR6,Pgm3,985300000.0,671130000.0,647890000,919530000,0.075255,0.906078543942456,0.99997988173566,False,NO CHANGE,0,29.561374968972,0.125804942750825,-4.9130375001274
Q9CQI3,Gmfb,2143900000.0,763010000.0,110130000,1808600000,1.518929,0.404703727154439,0.99997988173566,False,UP,0,29.4928939236805,0.932949591812538,-4.69546835170135
Q9DBG3,Ap2b1,754820000.0,797130000.0,565140000,889230000,0.129891,0.835199892544272,0.99997988173566,False,NO CHANGE,0,29.4659529095327,0.222285067867681,-4.90314097732762
Q9Z0N1,Eif2s3x,1479400000.0,1424700000.0,740120000,637070000,1.080158,0.117950554571071,0.99997988173566,False,UP,0,29.8951091682771,1.99745504869516,-4.24329262999534
Q8BGR9,Ublcp1,1228100000.0,650330000.0,646840000,454900000,0.720285,0.333114814649532,0.99997988173566,False,UP,0,29.3750463697806,1.10306524962961,-4.62380192361841
Q9CXI5,Manf,2632700000.0,1196000000.0,1327500000,2400900000,-0.008763,0.99110701406385,0.99997988173566,False,NO CHANGE,0,30.7291147787797,-0.0118729564113542,-4.91770415503627
Q9D051,Pdhb,3853400000.0,875380000.0,1060600000,428250000,1.446354,0.239286663299679,0.99997988173566,False,UP,0,30.0512326251908,1.38650851021539,-4.49923239586587
F6ZDS4,Tpr,112410000.0,82854000.0,51428000,63830000,0.752241,0.257732299049308,0.99997988173566,False,UP,0,26.1480112953739,1.32317033095475,-4.52722218816163
P05132;P68181,Prkaca;Prkacb,776320000.0,535730000.0,109010000,433210000,1.569315,0.161291930847762,0.99997988173566,False,UP,0,28.4798459027212,1.72414183747442,-4.35327415813087
Q9D819,Ppa1,1314300000.0,1410800000.0,1140200000,571440000,0.754424,0.307437415272632,0.99997988173566,False,UP,0,29.9655450888637,1.17221853289582,-4.59372798034564
O09061,Psmb1,7313200000.0,5489800000.0,6459800000,5380900000,0.10396,0.862631256205065,0.99997988173566,False,NO CHANGE,0,32.5090012046292,0.184701006612892,-4.90763255846913
Q61171,Prdx2,20084000000.0,14220000000.0,14480000000,18848000000,0.032748,0.957725532579873,0.99997988173566,False,NO CHANGE,0,33.9598912343181,0.0564763040998617,-4.91679494744549
P59242,Cgn,262480000.0,108490000.0,298910000,221450000,-0.608461,0.44618072063607,0.99997988173566,False,DOWN,0,27.6345401912166,-0.845914233659728,-4.73021045847311
Q9DBF1,Aldh7a1,3259800000.0,3183000000.0,3137500000,2150100000,0.310576,0.614998396112694,0.99997988173566,False,NO CHANGE,0,31.4296503112936,0.545477901365372,-4.83380164878752
P30681,Hmgb2,714550000.0,988880000.0,102940000,370380000,2.10601,0.0731528000938703,0.99997988173566,False,UP,0,28.5938348372055,2.43229240733071,-4.08932768188478
P63158,Hmgb1,795440000.0,3260800000.0,146350000,712320000,2.318479,0.130917263049392,0.99997988173566,False,UP,0,29.4256386109208,1.90556507287776,-4.27922836332843
P97372,Psme2,1365700000.0,1727900000.0,904310000,2066000000,0.168465,0.820475116187406,0.99997988173566,False,NO CHANGE,0,30.4324503308736,0.242617236453074,-4.90037855391895
Q62446,Fkbp3,733280000.0,1357400000.0,274830000,423470000,1.548169,0.0804782221376668,0.99997988173566,False,UP,0,29.1199091258262,2.34331029631386,-4.11861145210943
P97371,Psme1,2036400000.0,1925500000.0,1812600000,2785400000,-0.182346,0.769110755749226,0.99997988173566,False,NO CHANGE,0,30.9741526554305,-0.314597263500593,-4.88876793755731
Q9CQ60,Pgls,2350900000.0,2248800000.0,1537300000,2865300000,0.131642,0.843480706770662,0.99997988173566,False,NO CHANGE,0,31.0327162191276,0.210901302364994,-4.90458611102583
Q91W89,Man2c1,313850000.0,129680000.0,177030000,20400000,1.747198,0.256645430573145,0.99997988173566,False,UP,0,26.7143412906914,1.32677665195006,-4.52562773009573
Q9EQU5,Set,3779700000.0,5810300000.0,80791000,5509400000,2.812325,0.281189489556883,0.99997988173566,False,UP,0,30.7196323526634,1.24874474649467,-4.56009941331286
Q8BP92,Rcn2,2342500000.0,2246100000.0,875300000,2465900000,0.642754,0.444072984725953,0.99997988173566,False,UP,0,30.7737115986997,0.850173097423785,-4.72854918054263
A6H630,Armt1,1488700000.0,529120000.0,1355200000,254170000,0.596674,0.630819296051015,0.99997988173566,False,UP,0,29.4268756919862,0.520389207356279,-4.84096948281442
P24472,Gsta4,27434000000.0,32073000000.0,30555000000,49116000000,-0.385139,0.552565594073758,0.99997988173566,False,NO CHANGE,0,34.98051241074,-0.648759733218733,-4.80162795178389
P25785,Timp2,9387000000.0,6730900000.0,6342700000,9880200000,0.005913,0.992695672372325,0.99997988173566,False,NO CHANGE,0,32.8851280876382,0.0097518574695596,-4.91771784292715
P01901,H2-K1,2272500000.0,2560100000.0,1316500000,1931500000,0.597026,0.357798878821331,0.99997988173566,False,UP,0,30.8690802684295,1.04103797669047,-4.65038936564026
O88531,Ppt1,6220200000.0,4205200000.0,4347200000,3720600000,0.346757,0.581072682202331,0.99997988173566,False,NO CHANGE,0,32.0785421418446,0.60068887917172,-4.81711576426449
Q9WVJ3,Cpq,3375100000.0,2986600000.0,2711900000,2459100000,0.298,0.611604967885826,0.99997988173566,False,NO CHANGE,0,31.4150700191718,0.550911204126736,-4.83221445119732
P12804,Fgl2,491820000.0,431210000.0,563990000,164700000,0.595505,0.51478358531177,0.99997988173566,False,UP,0,28.480932553317,0.715227535309792,-4.77886911784843
Q8VC30,Dak,1246500000.0,185640000.0,977450000,98833000,0.630115,0.718545334182324,0.99997988173566,False,UP,0,28.5265263151036,0.387461663629499,-4.87421455415592
Q9QZF2,Gpc1,1419900000.0,634140000.0,1103200000,751830000,0.059245,0.93719518063629,0.99997988173566,False,NO CHANGE,0,29.7920616953249,0.0839714000669901,-4.9156448144483
Q78PY7,Snd1,260350000.0,126650000.0,96146000,222200000,0.313071,0.709544983211317,0.99997988173566,False,NO CHANGE,0,27.279539019954,0.400682954947557,-4.87128439571589
Q9QWR8,Naga,1316600000.0,1157400000.0,616410000,309010000,1.500009,0.082322449521963,0.99997988173566,False,UP,0,29.4512009179082,2.32235473817099,-4.12567502018479
O09172,Gclm,1140800000.0,1385700000.0,1204300000,1551800000,-0.120738,0.83995760754397,0.99997988173566,False,NO CHANGE,0,30.2880524272311,-0.215740312963731,-4.90398076048103
Q61001,Lama5,46346000.0,39608000.0,20209000,55348000,0.357354,0.659053055722783,0.99997988173566,False,NO CHANGE,0,25.1739381153044,0.476540316726272,-4.85284000530806
Q99L47,St13,3002500000.0,1662000000.0,224010000,784060000,2.414207,0.0549898744046941,0.99997988173566,False,UP,0,29.8497917628835,2.70590498212309,-4.00635861019949
Q05816,Fabp5,568130000.0,428920000.0,213960000,523360000,0.560892,0.480842325499599,0.99997988173566,False,NO CHANGE,0,28.5984433711398,0.77807893253695,-4.75605910880354
P80313,Cct7,1250800000.0,1388300000.0,2187200000,1900500000,-0.629647,0.311539149566848,0.99997988173566,False,DOWN,0,30.6102615173736,-1.16082042587211,-4.59870985581829
Q9CYA0,Creld2,1280400000.0,536070000.0,1048800000,456820000,0.259325,0.767717340792939,0.99997988173566,False,NO CHANGE,0,29.4962341533714,0.316575999331035,-4.88840924654206
P46471,Psmc2,649410000.0,932930000.0,311460000,324670000,1.291439,0.086389439509592,0.99997988173566,False,UP,0,28.8901546125082,2.27796287232738,-4.14084926135555
Q9JMA1,Usp14,1446800000.0,598760000.0,916250000,863130000,0.065726,0.930071242599759,0.99997988173566,False,NO CHANGE,0,29.7609474100347,0.0935293674111702,-4.9151400662376
Q9CQM9,Glrx3,1387500000.0,1467500000.0,224420000,2208800000,1.019156,0.476070595671235,0.99997988173566,False,UP,0,29.9006989103893,0.787184380707901,-4.75265978976545
P14685,Psmd3,1190600000.0,517880000.0,1331900000,396230000,0.112241,0.909657189398969,0.99997988173566,False,NO CHANGE,0,29.4924214384198,0.12098146843673,-4.913390645766
Q64669,Nqo1,710080000.0,1095900000.0,687060000,1102000000,0.019769,0.976457099376856,0.99997988173566,False,NO CHANGE,0,29.7065533188423,0.0314375154238842,-4.91745133544659
A6H5Y3,Mtr,156300000.0,52788000.0,173240000,20882000,0.594748,0.679990161380716,0.99997988173566,False,UP,0,26.1393506510071,0.444716373446863,-4.86090977672209
Q99KQ4,Nampt,1080700000.0,1322600000.0,1334500000,872980000,0.147512,0.814269804472953,0.99997988173566,False,NO CHANGE,0,30.0812685312179,0.251222317192197,-4.89913992463684
Q9CPW4,Arpc5,1601300000.0,1366400000.0,273600000,1327900000,1.295168,0.257243700610038,0.99997988173566,False,UP,0,29.8145803890403,1.32478969387155,-4.526506221528
Q9EST5,Anp32b,2659900000.0,4034600000.0,86092000,1636100000,3.125757,0.128018073844827,0.99997988173566,False,UP,0,30.046373248873,1.92521945970799,-4.27144851055897
P26516,Psmd7,1060400000.0,944070000.0,607790000,753490000,0.564135,0.363750690289245,0.99997988173566,False,NO CHANGE,0,29.61607271129,1.02665792539354,-4.65648753581306
P55302,Lrpap1,731840000.0,319570000.0,687650000,754590000,-0.574854,0.450213580229432,0.99997988173566,False,NO CHANGE,0,29.1366816793992,-0.837810554779682,-4.7333595587582
Q9CZ30,Ola1,765330000.0,453890000.0,370210000,214080000,1.065965,0.184166652938416,0.99997988173566,False,UP,0,28.6016543947536,1.61009902666484,-4.4016356365797
P00493,Hprt1,3736600000.0,3677700000.0,3967900000,6564700000,-0.461287,0.482013814871186,0.99997988173566,False,NO CHANGE,0,32.0182615246403,-0.775854193812499,-4.75688617441686
Q8C878,Uba3,808020000.0,503330000.0,470980000,199450000,1.057101,0.225745716038282,0.99997988173566,False,UP,0,28.7198218874109,1.43617559833204,-4.47733994605609
O54724,Ptrf,589100000.0,580360000.0,80565000,185530000,2.257792,0.0311753029227348,0.99997988173566,False,UP,0,27.9942593232492,3.28979072844947,-3.86202454827621
Q9D8Y0,Efhd2,2306000000.0,1647700000.0,1700700000,2799600000,-0.162752,0.805596319673105,0.99997988173566,False,NO CHANGE,0,30.9416517272929,-0.263288895814138,-4.89733396708266
P48428,Tbca,1439500000.0,832660000.0,979710000,943260000,0.187607,0.77230351703289,0.99997988173566,False,NO CHANGE,0,29.9342331741073,0.31006900825208,-4.88958095639197
P61161,Actr2,2219500000.0,2473700000.0,2012900000,3070100000,-0.085328,0.890324437482094,0.99997988173566,False,NO CHANGE,0,31.1684694553083,-0.147084613624618,-4.91131707681255
P28474,Adh5,1503700000.0,1608400000.0,1280500000,711910000,0.703834,0.317869030340178,0.99997988173566,False,UP,0,30.1825071121164,1.14350224695862,-4.60626198580165
Q8BGF3,Wdr92,734710000.0,201280000.0,130710000,149600000,1.45945,0.16572070936931,0.99997988173566,False,UP,0,27.7888893672615,1.70078237077387,-4.36307757217648
Q8R146,Apeh,1329100000.0,702860000.0,521820000,358090000,1.16087,0.153483283084334,0.99997988173566,False,UP,0,29.2677971525751,1.76703923509721,-4.33542175449395
P61089,Ube2n,3000400000.0,1396000000.0,665680000,1880400000,0.871257,0.366101577817845,0.99997988173566,False,UP,0,30.494951379848,1.02103543875584,-4.65886434529485
O35864,Cops5,1297800000.0,956290000.0,844540000,394990000,0.947731,0.238062892914467,0.99997988173566,False,UP,0,29.5792813189691,1.390880187211,-4.4973027042021
O89079,Cope,932110000.0,1032100000.0,509880000,568050000,0.865918,0.18578096819321,0.99997988173566,False,UP,0,29.4364714456822,1.60262029813524,-4.40484818197153
Q8C0M9,Asrgl1,1203000000.0,303180000.0,755990000,248470000,0.47865,0.674945350981124,0.99997988173566,False,NO CHANGE,0,28.9304692958743,0.452334003075003,-4.85902100114128
Q64442,Sord,1093500000.0,514770000.0,241270000,290920000,1.501769,0.0892418685751406,0.99997988173566,False,UP,0,28.7319448375344,2.24821345884281,-4.15117866943376
P27612,Plaa,356080000.0,225920000.0,338710000,1261900000,-1.204781,0.25080642587778,0.99997988173566,False,DOWN,0,28.6818221749558,-1.34641139174447,-4.5169472223677
O70251,Eef1b,1692700000.0,2049900000.0,1294200000,3049900000,-0.092971,0.900987491701252,0.99997988173566,False,NO CHANGE,0,30.8412784440063,-0.13267325943549,-4.91251112292231
Q8R3Q6,Ccdc58,392900000.0,216440000.0,36619000,179150000,1.848148,0.147182736117553,0.99997988173566,False,UP,0,27.1954151733786,1.80338740135596,-4.32045520173338
Q9CZC8,Scrn1,976010000.0,502830000.0,424100000,740230000,0.322294,0.668174145402013,0.99997988173566,False,NO CHANGE,0,29.2227609454719,0.462608035717866,-4.85643061947246
P49722,Psma2,5610800000.0,5076900000.0,4687200000,5978400000,0.011834,0.9839367916474,0.99997988173566,False,NO CHANGE,0,32.3075128824984,0.021447295940729,-4.91760896105351
Q8CHP8,Pgp,3680500000.0,2005500000.0,2597400000,1468000000,0.476472,0.526296153318198,0.99997988173566,False,NO CHANGE,0,31.1010488319944,0.694611940283769,-4.78608591387783
Q99JF8,Psip1,360130000.0,264570000.0,129240000,171150000,1.053427,0.143170450486092,0.99997988173566,False,UP,0,27.6747950629146,1.82741600323165,-4.31064558328277
P51859,Hdgf,2175300000.0,1906600000.0,806560000,1127000000,1.094938,0.126704133640194,0.99997988173566,False,UP,0,30.3759923193011,1.93428745230573,-4.26787602791707
Q8BVI4,Qdpr,2490300000.0,2222600000.0,2320100000,2659100000,-0.078279,0.892415678300167,0.99997988173566,False,NO CHANGE,0,31.1707760798944,-0.144255363881889,-4.91156104622485
Q61937,Npm1,1034600000.0,3191800000.0,267090000,2539100000,1.141864,0.462541881032795,0.99997988173566,False,UP,0,30.1881424622345,0.81339338550799,-4.74275051946012
Q60597,Ogdh,261950000.0,20444000.0,212760000,47101000,-0.452008,0.79411722242484,0.99997988173566,False,NO CHANGE,0,26.3509491092825,-0.279332055696135,-4.89480889832295
Q61584,Fxr1,59845000.0,2574800.0,20292000,61702000,-1.511233,0.449611968766172,0.99997988173566,False,DOWN,0,24.3209944927953,-0.839015720280386,-4.7328922303692
Q8BIJ6,Iars2,187130000.0,44750000.0,62742000,109710000,0.141401,0.88965368007015,0.99997988173566,False,NO CHANGE,0,26.3767244860837,0.14799239462232,-4.91123781051295
Q9QXD6,Fbp1,1106500000.0,23379000.0,1104500000,88130000,-0.955905,0.715245124690648,0.99997988173566,False,DOWN,0,27.7389855833794,-0.39229995048168,-4.87315234891521
Q60963,Pla2g7,2201100000.0,1362800000.0,1943500000,1406900000,0.066811,0.918469408875513,0.99997988173566,False,NO CHANGE,0,30.656346713783,0.109118622555817,-4.91420106296269
P28654,Dcn,4637000000.0,13484000000.0,4044700000,10661000000,0.268032,0.784580248984007,0.99997988173566,False,NO CHANGE,0,32.7465208335384,0.292728327115568,-4.89259299108331
Q9WTM3,Sema6c,1449700000.0,528790000.0,625990000,172220000,1.414993,0.231202981331601,0.99997988173566,False,UP,0,28.9981171775746,1.41580890736481,-4.48630823228053
Q06335,Aplp2,1484800000.0,724280000.0,1564100000,1953300000,-0.753179,0.318976304689074,0.99997988173566,False,DOWN,0,30.3263864431029,-1.14050576996645,-4.60756642674551
O35684,Serpini1,1617800000.0,1419500000.0,1437200000,424940000,0.955412,0.31391702549741,0.99997988173566,False,UP,0,30.0193548572339,1.15427663573617,-4.60156602744861
Q61554,Fbn1,93057000.0,760270000.0,94804000,396770000,0.455688,0.763906957897944,0.99997988173566,False,NO CHANGE,0,27.7589300665692,0.321994766306414,-4.88741635001064
Q9CZT5,Vasn,2318500000.0,1465200000.0,1594800000,1321600000,0.344314,0.593137885219919,0.99997988173566,False,NO CHANGE,0,30.6073404627836,0.580820387639862,-4.8232608364415
Q811B1,Xylt1,482790000.0,66285000.0,336920000,36983000,0.680405,0.696828373879696,0.99997988173566,False,UP,0,27.0742973505331,0.419509111726079,-4.86696347681246
Q99M71,Epdr1,1795000000.0,1205000000.0,1669000000,1006800000,0.182128,0.786971617061554,0.99997988173566,False,NO CHANGE,0,30.3627973706902,0.289363295646672,-4.89315875113486
Q62181,Sema3c,330040000.0,549560000.0,305160000,464110000,0.178443,0.79258105004859,0.99997988173566,False,NO CHANGE,0,28.5766623934981,0.281485627916605,-4.89445924060459
P62983;P62984;P0CG49;P0CG50,Rps27a;Uba52;Ubb;Ubc,11116000000.0,9497700000.0,13568000000,12609000000,-0.348187,0.556478648192661,0.99997988173566,False,NO CHANGE,0,33.432518391172,-0.6420621100193,-4.80383677765026
Q64191,Aga,2106300000.0,1215800000.0,1059300000,1629500000,0.284538,0.682210488299404,0.99997988173566,False,NO CHANGE,0,30.4333922131729,0.44137347098953,-4.86173001358863
Q99K51,Pls3,899090000.0,1748700000.0,452230000,1591100000,0.563834,0.568857150048889,0.99997988173566,False,NO CHANGE,0,29.9418461960318,0.621086547229777,-4.81064883421031
Q60631,Grb2,1324200000.0,955530000.0,587440000,1118400000,0.472772,0.509056439386954,0.99997988173566,False,NO CHANGE,0,29.8307138003931,0.725609771880661,-4.77518338784239
P63330,Ppp2ca,262120000.0,275220000.0,1108200000,906720000,-1.899995,0.0261317581880775,0.99997988173566,False,DOWN,0,28.9508288152729,-3.48397974236265,-3.82261024889031
Q06138,Cab39,1851800000.0,1152100000.0,1145000000,201240000,1.605429,0.210047741826824,0.99997988173566,False,UP,0,29.6412355627475,1.49765812314206,-4.45037159529721
P14602,Hspb1,381760000.0,251620000.0,213900000,315150000,0.255469,0.697325589043647,0.99997988173566,False,NO CHANGE,0,28.0796466822691,0.41876969820244,-4.86713644467005
P63087,Ppp1cc,586030000.0,276370000.0,813270000,599340000,-0.794767,0.308006592321965,0.99997988173566,False,DOWN,0,28.9815959090066,-1.17062840808818,-4.59442350029449
Q9D1P4,Chordc1,600090000.0,274340000.0,224830000,265710000,0.731228,0.341108088478096,0.99997988173566,False,UP,0,28.2303824979881,1.08253710688234,-4.63264800529814
P53994,Rab2a,570790000.0,354770000.0,477470000,554730000,-0.193676,0.760832967826849,0.99997988173566,False,NO CHANGE,0,28.842184738177,-0.326374738534765,-4.88660245679446
P62141,Ppp1cb,1403300000.0,1344000000.0,317830000,291910000,2.172717,0.0162036354988987,0.99997988173566,False,UP,0,29.2686726924155,4.04512888022431,-3.72806282764213
Q8BWY3,Etf1,1492800000.0,739930000.0,245880000,918030000,1.145421,0.289988635674777,0.99997988173566,False,UP,0,29.3963831264169,1.22236155838228,-4.57172271971263
P61087,Ube2k,1167000000.0,647400000.0,615710000,820410000,0.290397,0.670524712183256,0.99997988173566,False,NO CHANGE,0,29.5499212837495,0.459034961203122,-4.85733706089499
P53996,Cnbp,1144500000.0,1410400000.0,1120000000,908620000,0.332787,0.582465409401059,0.99997988173566,False,NO CHANGE,0,30.0763702393724,0.598381571855972,-4.81783727929006
P60335,Pcbp1,2221100000.0,1345900000.0,1530500000,1011000000,0.47503,0.494411436996326,0.99997988173566,False,NO CHANGE,0,30.4497607571405,0.752561175968515,-4.76546113976812
Q8CAY6,Acat2,1660900000.0,1683700000.0,446370000,958170000,1.354467,0.112525928623508,0.99997988173566,False,UP,0,29.961919313904,2.03924285220337,-4.2273267675664
O08677,Kng1,194140000.0,224210000.0,97136000,215410000,0.528392,0.480373131504671,0.99997988173566,False,NO CHANGE,0,27.3722025669923,0.778971139286439,-4.75572703579756
Q9CZD3,Gars,651020000.0,301090000.0,743990000,27093000,1.640811,0.42230535852162,0.99997988173566,False,UP,0,27.9014677453729,0.89515058489541,-4.71075303414753
Q00612,G6pdx,531030000.0,551520000.0,444320000,3519300000,-1.208305,0.369723104708202,0.99997988173566,False,DOWN,0,29.6156803212604,-1.0124361380146,-4.66249105677569
P97351,Rps3a,314340000.0,202200000.0,67637000,343580000,0.725789,0.516672849463793,0.99997988173566,False,UP,0,27.5465846341553,0.711821392357496,-4.78007090967749
Q11136,Pepd,2032900000.0,2611500000.0,2495400000,741330000,0.76048,0.414028813442081,0.99997988173566,False,UP,0,30.7213220651124,0.912756122886078,-4.70366914121809
Q9QZD9,Eif3i,721220000.0,508230000.0,683050000,386920000,0.235947,0.729825617454858,0.99997988173566,False,NO CHANGE,0,29.0554116179739,0.371005702070831,-4.87773945977023
O35737;P70333,Hnrnph1;Hnrnph2,250730000.0,274210000.0,115290000,232510000,0.679428,0.354258822549411,0.99997988173566,False,UP,0,27.6264187489071,1.04969240618394,-4.64670642851709
Q91WQ3,Yars,908020000.0,971680000.0,504820000,1043300000,0.372177,0.600181380188795,0.99997988173566,False,NO CHANGE,0,29.6209389029109,0.569343261955641,-4.82673945911152
P97315,Csrp1,1312400000.0,1175300000.0,719390000,558490000,0.970394,0.155948261150012,0.99997988173566,False,UP,0,29.7247743341624,1.75325110968084,-4.34113806006185
Q8VDW0,Ddx39a,278500000.0,53719000.0,145840000,52770000,0.479503,0.693951824356042,0.99997988173566,False,NO CHANGE,0,26.6262642682238,0.423792287131141,-4.86595632818969
P50516,Atp6v1a,1020800000.0,1124200000.0,1140200000,1214000000,-0.135228,0.814223320914844,0.99997988173566,False,NO CHANGE,0,30.0642664245908,-0.251286863097924,-4.89913047846223
Q60715,P4ha1,662220000.0,801980000.0,116010000,221100000,2.185964,0.0274475789718597,0.99997988173566,False,UP,0,28.3478810183673,3.42926169173525,-3.83332989659262
P62821,Rab1A,1183800000.0,843140000.0,1096000000,981270000,-0.05385,0.928822552469283,0.99997988173566,False,NO CHANGE,0,29.9229126862405,-0.0952057683433198,-4.91504597052762
Q9Z2N8,Actl6a,567510000.0,191460000.0,335550000,140480000,0.602398,0.538566808965083,0.99997988173566,False,UP,0,27.9950700930173,0.672995959764711,-4.7935026158626
P23591,Tsta3,1201400000.0,399100000.0,604210000,397720000,0.498296,0.572129530812244,0.99997988173566,False,NO CHANGE,0,29.1179742882487,0.615593590429153,-4.81240582448187
P47753,Capza1,2729900000.0,2089700000.0,1782300000,1891100000,0.379589,0.531037287671785,0.99997988173566,False,NO CHANGE,0,30.9636303026314,0.68621739354685,-4.78898478130461
Q62188,Dpysl3,320380000.0,798910000.0,724400000,912910000,-0.684721,0.398049579360529,0.99997988173566,False,DOWN,0,29.2566938243351,-0.947601514664031,-4.6894700350072
Q6P1B1,Xpnpep1,1569600000.0,1376100000.0,1043800000,2312400000,-0.080127,0.911649414385164,0.99997988173566,False,NO CHANGE,0,30.4929074901018,-0.118297783093864,-4.91358121977111
P99029,Prdx5,2620400000.0,2406800000.0,309030000,2727900000,1.451647,0.309427602585161,0.99997988173566,False,UP,0,30.4999810735403,1.16667046382516,-4.59615399601677
Q9DC23,Dnajc10,562600000.0,232210000.0,457990000,48096000,1.284117,0.398888482645542,0.99997988173566,False,UP,0,27.7871359022623,0.945742871428017,-4.69023310233452
Q60598,Cttn,283430000.0,259020000.0,82845000,158790000,1.240225,0.123162417676597,0.99997988173566,False,UP,0,27.3933403995657,1.95925132466692,-4.2580969899665
P16045,Lgals1,10421000000.0,5735200000.0,11467000000,9495600000,-0.432705,0.527417517194761,0.99997988173566,False,NO CHANGE,0,33.0643380734712,-0.692621552725225,-4.786775360032
Q9D2M8,Ube2v2,207720000.0,163980000.0,50573000,234590000,0.76079,0.474398347821049,0.99997988173566,False,UP,0,27.0791099539483,0.790392157513908,-4.75145682322362
Q8R164,Bphl,431700000.0,414220000.0,400770000,240160000,0.446828,0.496506359186128,0.99997988173566,False,NO CHANGE,0,28.4322239358095,0.748669302919245,-4.76687853302229
P61327;Q9CQL1,Magoh;Magohb,2120900000.0,791010000.0,319400000,1591100000,0.861492,0.481458742844015,0.99997988173566,False,UP,0,29.8398291458501,0.776907792311986,-4.756494662384
Q9JJU8,Sh3bgrl,1641800000.0,1072900000.0,2010000000,3070300000,-0.904391,0.218613393809411,0.99997988173566,False,DOWN,0,30.7579451384527,-1.4635545967843,-4.46530888870025
P47968,Rpia,571550000.0,926790000.0,605720000,512780000,0.385066,0.554294124619905,0.99997988173566,False,NO CHANGE,0,29.2464530671116,0.645797110866753,-4.80260698681699
Q9JK81,Myg1,905700000.0,628320000.0,373410000,664600000,0.598643,0.403755399169405,0.99997988173566,False,UP,0,29.1913696634699,0.935025162790456,-4.6946210379746
Q9D7X8,Ggct,532610000.0,141840000.0,340590000,143060000,0.316344,0.762237028029042,0.99997988173566,False,NO CHANGE,0,27.8759248543477,0.324373221021389,-4.88697563699835
P70195,Psmb7,3900100000.0,3212700000.0,13850000000,2185100000,-0.636108,0.593529747864928,0.99997988173566,False,DOWN,0,32.0390555443342,-0.580179546808892,-4.82345645641952
P00375,Dhfr,535660000.0,623980000.0,395690000,613490000,0.230703,0.714284427147924,0.99997988173566,False,NO CHANGE,0,28.9914817064677,0.39371046673431,-4.87284048739407
Q9DAK9,Phpt1,821390000.0,303960000.0,414480000,470340000,0.178471,0.822351548733057,0.99997988173566,False,NO CHANGE,0,28.8071636056371,0.240019538453695,-4.9007443750707
Q3TCN2,Plbd2,1346600000.0,1231300000.0,1191100000,1228800000,0.08998,0.875244661199494,0.99997988173566,False,NO CHANGE,0,30.21711493956,0.167531469841885,-4.90941573026739
Q8BH97,Rcn3,2467000000.0,2131600000.0,1502000000,3352200000,0.031351,0.965504161144217,0.99997988173566,False,NO CHANGE,0,31.0790247271929,0.0460742197872438,-4.91711296607929
A3KMP2,Ttc38,496980000.0,1198100000.0,1011500000,86273000,1.385229,0.394512972907478,0.99997988173566,False,UP,0,28.8307421745564,0.955474100593231,-4.68623113684345
Q9WTP6,Ak2,2126800000.0,1579200000.0,1888800000,1485100000,0.129924,0.831120680854438,0.99997988173566,False,NO CHANGE,0,30.7063299270002,0.227905868543747,-4.90240048936064
P35505,Fah,759290000.0,458540000.0,392430000,466420000,0.463817,0.484402895641456,0.99997988173566,False,NO CHANGE,0,28.9043656555204,0.771330064351438,-4.7585637798555
Q9Z2U1,Psma5,7011800000.0,5635800000.0,6109400000,8148700000,-0.166598,0.783579334669082,0.99997988173566,False,NO CHANGE,0,32.6328543239826,-0.294137978307649,-4.89235417071435
O35143,Atpif1,571930000.0,409390000.0,421970000,340770000,0.351688,0.572991031577095,0.99997988173566,False,NO CHANGE,0,28.6742380619706,0.614151025973403,-4.81286536707338
P49312,Hnrnpa1,3055200000.0,4891200000.0,2159800000,4391100000,0.327988,0.66067418763004,0.99997988173566,False,NO CHANGE,0,31.6840867028761,0.474056119353,-4.85348674387781
Q8K4Z3,Apoa1bp,2686100000.0,1894300000.0,989940000,1855700000,0.734901,0.323103866841082,0.99997988173566,False,UP,0,30.7034914371562,1.12942003882247,-4.61238612404894
Q60668,Hnrnpd,1977300000.0,2591300000.0,1328100000,2521000000,0.306924,0.658987035373858,0.99997988173566,False,NO CHANGE,0,30.9224947846534,0.476641559157121,-4.85281358811865
Q99LP6,Grpel1,1780200000.0,1016900000.0,1771700000,927780000,0.069614,0.9249411919438,0.99997988173566,False,NO CHANGE,0,30.2906543873036,0.100418768886791,-4.91474276468676
P35979,Rpl12,4388600000.0,5456800000.0,3900500000,6160400000,-0.002434,0.996937131828065,0.99997988173566,False,NO CHANGE,0,32.1894776168658,-0.0040891052000792,-4.91774123278542
P00015,Cyct,329600000.0,143730000.0,1004200000,235920000,-1.161097,0.316948840973182,0.99997988173566,False,DOWN,0,28.2780122376847,-1.14599981183465,-4.60517420698698
P20108,Prdx3,7267000000.0,5647300000.0,7016900000,6846800000,-0.113671,0.846719068568078,0.99997988173566,False,NO CHANGE,0,32.6336490671665,-0.206458784768715,-4.90513018167657
P97311,Mcm6,182730000.0,0.0,31147000,0,1.060521,0.682456978656488,0.99997988173566,False,NO CHANGE,2,23.9720142305474,0.441002721743342,-4.86182065752192
O89017,Lgmn,22891000000.0,10688000000.0,18583000000,10313000000,0.176162,0.821319047485858,0.99997988173566,False,NO CHANGE,0,33.7765859224743,0.241448664516854,-4.90054358366853
P11859,Agt,3501900000.0,5644500000.0,2943700000,3183100000,0.53846,0.414173597715467,0.99997988173566,False,NO CHANGE,0,31.7806145560879,0.912445624221922,-4.70379461815537
Q9WUU7,Ctsz,3387900000.0,3613900000.0,4308500000,2662600000,0.046963,0.940510560568604,0.99997988173566,False,NO CHANGE,0,31.6808451718624,0.0795265990602649,-4.91586112527542
O88668,Creg1,488960000.0,611080000.0,363470000,510070000,0.344273,0.581795460351252,0.99997988173566,False,NO CHANGE,0,28.8538270728761,0.599491006932515,-4.81749060580331
Q9Z0L8,Ggh,1706400000.0,1783800000.0,2276000000,1670200000,-0.160306,0.788673425625066,0.99997988173566,False,NO CHANGE,0,30.7804606459158,-0.286971035899017,-4.89355723591575
Q02853,Mmp11,635430000.0,338450000.0,409310000,321900000,0.353435,0.609612264155978,0.99997988173566,False,NO CHANGE,0,28.6120453621634,0.554110613938882,-4.83127410177146
O88393,Tgfbr3,564810000.0,858430000.0,647940000,1157200000,-0.31448,0.654134730611852,0.99997988173566,False,NO CHANGE,0,29.5323979277886,-0.484098572424331,-4.85085504040444
A2A8L5,Ptprf,235360000.0,576800000.0,131120000,486370000,0.544999,0.607589163138318,0.99997988173566,False,NO CHANGE,0,28.1843953390634,0.557365597159362,-4.8303130873019
B9EKR1,Ptprz1,542550000.0,140240000.0,303090000,20366000,1.811837,0.334025733664902,0.99997988173566,False,UP,0,27.1333334623178,1.10070332875428,-4.62482187912429
Q9Z2L6,Minpp1,1638200000.0,1343100000.0,2067600000,1508600000,-0.251745,0.681141110349237,0.99997988173566,False,NO CHANGE,0,30.5920642694801,-0.44298277719386,-4.86133580272483
P30412,Ppic,3110200000.0,9746800000.0,2677300000,20434000000,-0.425871,0.76266515588416,0.99997988173566,False,NO CHANGE,0,32.5712564890701,-0.323763232043417,-4.88708894880447
Q9Z0J0,Npc2,6055600000.0,5161400000.0,5868400000,8765600000,-0.359394,0.569297497535226,0.99997988173566,False,NO CHANGE,0,32.5600659565293,-0.620346143499684,-4.81088632040014
Q9JHQ5,Lztfl1,523210000.0,37113000.0,624160000,189080000,-1.301763,0.45959526129643,0.99997988173566,False,DOWN,0,27.7049995886683,-0.81918180181596,-4.74053780525026
P32507,Pvrl2,880800000.0,840740000.0,616880000,599790000,0.500513,0.403997058227993,0.99997988173566,False,NO CHANGE,0,29.4304051403744,0.934495860017781,-4.6948371923567
B2RXS4,Plxnb2,453690000.0,481880000.0,8910000000,595440000,-2.300464,0.199934298736933,0.99997988173566,False,DOWN,0,29.9508473723862,-1.53980084113947,-4.43200342840038
Q60648,Gm2a,7582100000.0,3449100000.0,7737700000,8381600000,-0.655157,0.386377734928156,0.99997988173566,False,DOWN,0,32.5793398312879,-0.97381605627473,-4.67864355343249
P29391;P49945,Ftl1;Ftl2,910840000.0,2747900000.0,699700000,1061400000,0.876411,0.341348736991611,0.99997988173566,False,UP,0,30.1209468311539,1.08192588422931,-4.63291072983933
P60521,Gabarapl2,342970000.0,232120000.0,349460000,349890000,-0.309538,0.617392000093842,0.99997988173566,False,NO CHANGE,0,28.226670255307,-0.541656719804771,-4.83491053498287
Q60872,Eif1a,28489000.0,12549000.0,0,11512000,1.814324,0.15741054609067,0.99997988173566,False,NO CHANGE,1,23.2653231993858,1.74518110254205,-4.34449342944782
Q60973,Rbbp7,533460000.0,781980000.0,266030000,407880000,0.971389,0.188643409380187,0.99997988173566,False,UP,0,28.7809861396965,1.58952408602405,-4.41048468702282
P09528,Fth1,1775000000.0,1448000000.0,1382100000,1871200000,-0.004473,0.994091549786465,0.99997988173566,False,NO CHANGE,0,30.5805294533906,-0.0078881960112416,-4.91772765355509
P70122,Sbds,272910000.0,699300000.0,304780000,418480000,0.290705,0.714976961811311,0.99997988173566,False,NO CHANGE,0,28.5572406775972,0.392693577865336,-4.87306541840877
Q61699,Hsph1,106140000.0,45046000.0,66319000,260550000,-0.926808,0.4029305682776,0.99997988173566,False,DOWN,0,26.5065482028752,-0.936833807440052,-4.69388203909797
P53811,Pitpnb,219560000.0,339780000.0,116510000,234520000,0.724526,0.349890422214199,0.99997988173566,False,UP,0,27.6627699910941,1.06047921484254,-4.64210315694675
Q9EPL8,Ipo7,534210000.0,674690000.0,224440000,703100000,0.595786,0.500821936885907,0.99997988173566,False,UP,0,28.8633476275198,0.740690957419684,-4.76977012343478
P63085,Mapk1,623700000.0,821400000.0,259150000,867620000,0.594043,0.516020431473982,0.99997988173566,False,UP,0,29.1178717365316,0.712996593770136,-4.77965667901954
Q9D0R2,Tars,966990000.0,978750000.0,418750000,76129000,2.445917,0.0775667149782774,0.99997988173566,False,UP,0,28.6346869080928,2.37752797882727,-4.10721470873646
P62137,Ppp1ca,160190000.0,89253000.0,465960000,176390000,-1.261609,0.188009684225809,0.99997988173566,False,DOWN,0,27.4641076447689,-1.59240560914777,-4.40924332832595
Q61576,Fkbp10,1200800000.0,1565700000.0,979840000,965080000,0.495733,0.421024956569816,0.99997988173566,False,NO CHANGE,0,30.1048884107672,0.89785527795271,-4.70966888164724
Q8BMJ3,Eif1ax,513870000.0,538490000.0,66174000,370300000,1.748646,0.168413095148883,0.99997988173566,False,UP,0,28.0962632405498,1.68690227059933,-4.36892895522779
P62869,Tceb2,619890000.0,363640000.0,86060000,311960000,1.534874,0.16328328772095,0.99997988173566,False,UP,0,28.0552494930043,1.71355540537593,-4.35771006542447
P46638;P62492,Rab11b;Rab11a,2497900000.0,1316700000.0,1710300000,1617200000,0.124947,0.852462309748094,0.99997988173566,False,NO CHANGE,0,30.6937003324471,0.198592326528543,-4.90606607538475
Q60739,Bag1,164830000.0,84729000.0,231880000,110170000,-0.435602,0.589433122059195,0.99997988173566,False,NO CHANGE,0,27.0341788604041,-0.586892748863154,-4.82139914766473
O08810,Eftud2,167330000.0,101830000.0,52955000,91594000,0.906347,0.241135664581864,0.99997988173566,False,UP,0,26.5066804076246,1.37994534871082,-4.50213019258359
Q9CWJ9,Atic,809340000.0,542270000.0,437670000,850430000,0.118861,0.867552733761483,0.99997988173566,False,NO CHANGE,0,29.2438730707683,0.177994103495892,-4.90834930458024
Q9R0P3,Esd,1997500000.0,3116500000.0,1307000000,2468800000,0.474027,0.517850551604875,0.99997988173566,False,NO CHANGE,0,30.9794006850004,0.709702757597442,-4.78081656577702
Q9QZ08,Nagk,380190000.0,126900000.0,158060000,102840000,0.784769,0.388225172455737,0.99997988173566,False,UP,0,27.318246379985,0.969621753344583,-4.68038361752567
Q9D0I8,Mrto4,175860000.0,57177000.0,51427000,13246000,1.941854,0.14065820847128,0.99997988173566,False,UP,0,25.6084649527487,1.84283345010588,-4.30438778553982
P97494,Gclc,816830000.0,360840000.0,233380000,711360000,0.414067,0.666703507370846,0.99997988173566,False,NO CHANGE,0,28.8090887371664,0.46484711597654,-4.8558595835912
Q99KR3,Lactb2,674860000.0,352520000.0,397260000,401700000,0.288046,0.67220076092362,0.99997988173566,False,NO CHANGE,0,28.7175485974172,0.456491474937878,-4.85797869867928
P47754,Capza2,796350000.0,1203100000.0,946000000,490470000,0.523041,0.478139102050292,0.99997988173566,False,NO CHANGE,0,29.6049478537131,0.783228588848064,-4.75413940446308
Q9CR00,Psmd9,515320000.0,315490000.0,140260000,208400000,1.237802,0.120606520182539,0.99997988173566,False,UP,0,27.9680552025343,1.9777599789228,-4.2509001475337
Q61166,Mapre1,881080000.0,851940000.0,750990000,731330000,0.225354,0.69584526230354,0.99997988173566,False,NO CHANGE,0,29.5777600312489,0.420971918471824,-4.86662050869131
Q9D1A2,Cndp2,1031400000.0,2784900000.0,1442300000,1850600000,0.052933,0.947294858999727,0.99997988173566,False,NO CHANGE,0,30.632001316208,0.0704371676209001,-4.91626701957548
Q9JM76,Arpc3,2200000000.0,1952000000.0,1779600000,3180800000,-0.199243,0.762897298613557,0.99997988173566,False,NO CHANGE,0,31.0482026645587,-0.323432540786245,-4.88715029610942
Q5FWK3,Arhgap1,991390000.0,1296300000.0,580080000,418950000,1.201375,0.107393415840245,0.99997988173566,False,UP,0,29.4776273569893,2.08088209758955,-4.21165831066832
Q64010,Crk,650070000.0,731200000.0,523750000,632740000,0.260185,0.659649399672584,0.99997988173566,False,NO CHANGE,0,29.2307628310744,0.475626083618517,-4.8530783448142
Q99KB8,Hagh,1925500000.0,810660000.0,1488900000,1181200000,-0.086049,0.909054128018508,0.99997988173566,False,NO CHANGE,0,30.2615783812191,-0.121794053835633,-4.91333210880022
P16858,Gapdh,636650000.0,1190600000.0,877800000,721380000,0.129733,0.847771792726384,0.99997988173566,False,NO CHANGE,0,29.6326170228718,0.205015708831046,-4.90530450373126
P23116,Eif3a,230090000.0,172800000.0,56117000,36840000,2.132723,0.0240028048514731,0.99997988173566,False,UP,0,26.5047138235158,3.57987583262769,-3.80451968860203
Q64674,Srm,991200000.0,1336600000.0,787490000,1002800000,0.373224,0.549327305118065,0.99997988173566,False,NO CHANGE,0,29.9136486744199,0.65432746420424,-4.79977956727563
Q9Z247,Fkbp9,1503800000.0,1108200000.0,861470000,974930000,0.494294,0.429134849736966,0.99997988173566,False,NO CHANGE,0,30.0186213496267,0.880837946728437,-4.71646443250015
P61965,Wdr5,654370000.0,363140000.0,174670000,114450000,1.785642,0.0532884441291746,0.99997988173566,False,UP,0,27.9679202008055,2.73678227143078,-3.99764783508361
P14131,Rps16,480530000.0,519730000.0,63244000,685110000,1.263526,0.400205491318995,0.99997988173566,False,UP,0,28.2648560103403,0.942831672582559,-4.69142704768561
P10639,Txn,1427100000.0,3151200000.0,2960100000,1687000000,-0.075559,0.922924133757886,0.99997988173566,False,NO CHANGE,0,31.0196262643744,-0.103129189915434,-4.91457878221307
P54822,Adsl,938800000.0,481580000.0,1055400000,891380000,-0.528583,0.457432083786868,0.99997988173566,False,NO CHANGE,0,29.5890127328621,-0.823449997781356,-4.73890076874532
O08585,Clta,1110300000.0,291000000.0,410950000,450140000,0.40228,0.669871180590055,0.99997988173566,False,NO CHANGE,0,28.8812331172169,0.460027685910189,-4.85708581360416
Q9R0Q7,Ptges3,1459100000.0,1326700000.0,246230000,1027400000,1.467922,0.184059773596266,0.99997988173566,False,UP,0,29.6398521967499,1.6105965810515,-4.40142207227269
P47811,Mapk14,456770000.0,460460000.0,183650000,464890000,0.650348,0.417195871579726,0.99997988173566,False,UP,0,28.4475227651562,0.90598484953072,-4.70640113607343
P70372,Elavl1,680920000.0,527470000.0,696600000,737530000,-0.258229,0.664544213780433,0.99997988173566,False,NO CHANGE,0,29.287826398639,-0.468139725722239,-4.85501566487619
Q8C0E2,Vps26b,495950000.0,233790000.0,184170000,164630000,0.967571,0.219738182025561,0.99997988173566,False,UP,0,27.8593430679979,1.4591774068647,-4.46723019254522
Q9CZ04,Cops7a,433180000.0,512320000.0,495520000,755300000,-0.376991,0.554288226515597,0.99997988173566,False,NO CHANGE,0,28.9999259898401,-0.645807209008339,-4.8026036550975
Q9DBR7,Ppp1r12a,183370000.0,94587000.0,142920000,141060000,-0.108523,0.872660956559497,0.99997988173566,False,NO CHANGE,0,27.0269218117987,-0.171043231148663,-4.90906482280369
P63028,Tpt1,7527200000.0,8515100000.0,8001500000,11663000000,-0.271,0.661166729191655,0.99997988173566,False,NO CHANGE,0,33.0339214250093,-0.473302044456573,-4.8536825035494
P28063,Psmb8,930880000.0,665090000.0,712970000,952000000,-0.066329,0.914815401498888,0.99997988173566,False,NO CHANGE,0,29.5846616909446,-0.114035128528686,-4.91387522528253
P14206,Rpsa,2757800000.0,2196900000.0,1084000000,2340500000,0.627903,0.406699215643174,0.99997988173566,False,UP,0,30.8828949933724,0.928595567172436,-4.69724317859237
P83917,Cbx1,699650000.0,652750000.0,534790000,573030000,0.28779,0.621144719871456,0.99997988173566,False,NO CHANGE,0,29.1881115356706,0.53568433667486,-4.83663141031518
Q8VDK1,Nit1,384280000.0,102270000.0,309490000,154260000,-0.140358,0.88847958692641,0.99997988173566,False,NO CHANGE,0,27.6328741863509,-0.149581740741752,-4.91109787644107
P31786,Dbi,2963900000.0,1567000000.0,2379800000,2448800000,-0.163707,0.807430909107413,0.99997988173566,False,NO CHANGE,0,31.0869571630489,-0.260732733954681,-4.89772324546043
Q9D892,Itpa,2640100000.0,1641600000.0,1304800000,1203900000,0.732075,0.283623216984582,0.99997988173566,False,UP,0,30.5891627193012,1.24136939614042,-4.5633511115746
Q9ERE7,Mesdc2,1874900000.0,918400000.0,1160800000,943610000,0.326313,0.646429591440003,0.99997988173566,False,NO CHANGE,0,30.1262004125709,0.496005901608332,-4.84767571896564
O35215,Ddt,5198300000.0,1484400000.0,2856800000,3950000000,-0.274166,0.764889864106269,0.99997988173566,False,NO CHANGE,0,31.5083959775645,-0.320595870272553,-4.8876741615928
P62965,Crabp1,437450000.0,134340000.0,458570000,238990000,-0.449543,0.635810656867061,0.99997988173566,False,NO CHANGE,0,28.0776995818591,-0.512553832734549,-4.84315282485833
P45878,Fkbp2,871080000.0,312840000.0,485410000,644750000,-0.099857,0.902647557470022,0.99997988173566,False,NO CHANGE,0,29.0094682362799,-0.130432831855678,-4.91268585988243
O08716,Fabp9,2978300000.0,828710000.0,1175300000,776760000,0.717429,0.459443779053023,0.99997988173566,False,UP,0,30.190352401606,0.819480172661902,-4.74042351690572
Q6ZWY9;Q64525;Q64478;P10854,Hist1h2bc;Hist2h2bb;Hist1h2bh;Hist1h2bm,3849700000.0,4248000000.0,5741300,2372100,10.097778,0.0001572308874346,0.304713459848272,False,UP,0,26.864228727391,14.3344069043014,-3.37277683724243
P62317,Snrpd2,941390000.0,781430000.0,352160000,741380000,0.747232,0.325416810004015,0.99997988173566,False,UP,0,29.3022631136262,1.12326500239601,-4.61505774029253
P09671,Sod2,11947000000.0,5931400000.0,6914400000,5945200000,0.39281,0.578845284029819,0.99997988173566,False,NO CHANGE,0,32.7744224945116,0.604386633685756,-4.81595516933635
P32261,Serpinc1,117570000.0,158320000.0,158660000,0,2.217535,0.29291152692656,0.99997988173566,False,NO CHANGE,1,25.9148389194731,1.21376630100691,-4.5755036176643
P70696,Hist1h2ba,14820000.0,36597000.0,1246200000,5661300000,-6.833555,0.0031413834274683,0.99997988173566,False,DOWN,0,27.8899097180218,-6.48067248340765,-3.51454941893908
Q9Z2C8,Ybx2,215740000.0,85223000.0,583090000,329240000,-1.692125,0.096112225393637,0.99997988173566,False,DOWN,0,27.8607914178223,-2.18074322044118,-4.1750807860336
P12032,Timp1,25370000000.0,49605000000.0,14064000000,31832000000,0.745562,0.385155936485758,0.99997988173566,False,UP,0,34.6733044102212,0.976599487702059,-4.67748721296349
Q9EQC7,Fstl3,1402900000.0,887790000.0,1418000000,492170000,0.417808,0.629427267231104,0.99997988173566,False,NO CHANGE,0,29.8468000286852,0.522581081451645,-4.84035396132946
Q571E4,Galns,855580000.0,1049700000.0,696420000,1446000000,-0.082573,0.906955095237069,0.99997988173566,False,NO CHANGE,0,29.8611150606823,-0.124623150717578,-4.91312528534456
Q9CYN9,Atp6ap2,982730000.0,1543600000.0,1078600000,1029500000,0.225031,0.719915277885535,0.99997988173566,False,NO CHANGE,0,30.0854202842411,0.38545647502685,-4.87465135102602
P58022,Loxl2,587370000.0,1541600000.0,905250000,1477100000,-0.281193,0.734734907857386,0.99997988173566,False,NO CHANGE,0,29.9663342641273,-0.363882074467433,-4.87922287660602
O35598,Adam10,371730000.0,259720000.0,204330000,234740000,0.504624,0.427288821680159,0.99997988173566,False,NO CHANGE,0,27.9587190031437,0.884687995493945,-4.71493238809717
Q61245,Col11a1,0.0,502580000.0,0,113120000,1.752823,0.608888052610657,0.99997988173566,False,NO CHANGE,2,24.7569615174167,0.55527501668367,-4.83093081962199
Q04999,Inhbb,522030000.0,126060000.0,383650000,239610000,-0.241118,0.810238877544647,0.99997988173566,False,NO CHANGE,0,28.0551052991449,-0.256824407648882,-4.89831148196375
Q08879,Fbln1,538480000.0,265330000.0,116570000,132610000,1.604147,0.0706737392388797,0.99997988173566,False,UP,0,27.6916914314074,2.46473075847615,-4.07893692173986
Q9Z1Q5,Clic1,1127600000.0,2062300000.0,811550000,2692400000,0.044932,0.961542548591836,0.99997988173566,False,NO CHANGE,0,30.4836414158527,0.0513710736236891,-4.91695907279174
Q61081,Cdc37,896050000.0,328770000.0,91119000,259010000,1.820913,0.11988561571981,0.99997988173566,False,UP,0,28.1052971381823,1.98305831518021,-4.24884842871692
Q8R0P4,Aamdc,301350000.0,206680000.0,429690000,240480000,-0.365187,0.601012523311879,0.99997988173566,False,NO CHANGE,0,28.07743775167,-0.567994689684586,-4.82714472688166
Q62465,Vat1,1117000000.0,1709200000.0,1095900000,1667100000,0.031747,0.96149232323731,0.99997988173566,False,NO CHANGE,0,30.3479546573885,0.0514382383919947,-4.91695701419818
Q8BU30,Iars,153100000.0,140360000.0,89848000,36259000,1.360818,0.130047788092715,0.99997988173566,False,UP,0,26.4468186273256,1.9114092961066,-4.27690981050082
P62715,Ppp2cb,935250000.0,1737900000.0,46437000,124070000,4.070062,0.00754377554954,0.99997988173566,False,UP,0,28.2127063138237,5.06902703863832,-3.60983401879635
Q9D1M0,Sec13,648630000.0,407530000.0,754670000,120650000,0.768814,0.528118480693364,0.99997988173566,False,UP,0,28.553168723653,0.691378920609562,-4.78720512961001
Q8R180,Ero1l,828830000.0,756900000.0,1068800000,339880000,0.394117,0.647856543194872,0.99997988173566,False,NO CHANGE,0,29.3639558611067,0.493794502606804,-4.8482709696383
Q9D8B3,Chmp4b,698070000.0,436120000.0,125940000,100060000,2.297247,0.0192843392068812,0.99997988173566,False,UP,0,27.8908494576915,3.83444375128693,-3.76050483794426
P62880;P29387,Gnb2;Gnb4,79006000.0,61022000.0,80168000,39346000,0.306024,0.668447084547383,0.99997988173566,False,NO CHANGE,0,25.8961304503562,0.462192783485685,-4.85653626713183
Q61792,Lasp1,786770000.0,424470000.0,197220000,226080000,1.452483,0.0825984359766258,0.99997988173566,False,UP,0,28.3799857025552,2.31926456464369,-4.12672203802375
Q8VEK3,Hnrnpu,700110000.0,608980000.0,389440000,480800000,0.593569,0.342801517347546,0.99997988173566,False,UP,0,28.9856283668206,1.07824424088243,-4.63449237902005
P80315,Cct4,1008900000.0,657060000.0,1488100000,738300000,-0.364435,0.622101828664748,0.99997988173566,False,NO CHANGE,0,29.7830105413474,-0.534164694551227,-4.83706687617536
Q6NZB0,Dnajc8,416710000.0,1040300000.0,230830000,420490000,1.079535,0.238584018493478,0.99997988173566,False,UP,0,28.7546431778471,1.38901583951145,-4.498125589204
Q6PDY2,Ado,186180000.0,201200000.0,143160000,172550000,0.300343,0.611447006979148,0.99997988173566,False,NO CHANGE,0,27.37791759172,0.55116458014416,-4.83214013492174
P34022,Ranbp1,882400000.0,731100000.0,856030000,933280000,-0.154235,0.79165006531442,0.99997988173566,False,NO CHANGE,0,29.6582929789635,-0.28279156419412,-4.89424597794313
Q9JKB3,Ybx3,1109200000.0,451280000.0,63172000,75886000,3.353104,0.009824476267776,0.99997988173566,False,UP,0,27.7216080761188,4.69577404922142,-3.64650314890553
P07356,Anxa2,214950000.0,762480000.0,70067000,862760000,0.719467,0.666149347374403,0.99997988173566,False,UP,0,28.2330414913051,0.465691556410298,-4.85564362377691
P62196,Psmc5,393780000.0,285190000.0,273890000,104220000,0.988042,0.259229118671597,0.99997988173566,False,UP,0,27.8260602558705,1.31822806598499,-4.52940728547724
Q61990;P57722,Pcbp2;Pcbp3,601180000.0,289360000.0,418510000,173900000,0.628571,0.47459926755975,0.99997988173566,False,UP,0,28.3214703955297,0.790006279525129,-4.7516016814492
Q8BJY1,Psmd5,1078500000.0,937240000.0,1751800000,1460400000,-0.669843,0.289862064489418,0.99997988173566,False,DOWN,0,30.2400324183361,-1.22273562061333,-4.57155810552803
Q9Z2I9,Sucla2,548800000.0,30807000.0,280150000,10684000,1.248944,0.61765681290936,0.99997988173566,False,UP,0,26.329758225172,0.541234536977135,-4.83503267503914
P97470,Ppp4c,579980000.0,254040000.0,169630000,0,4.100718,0.136945075397886,0.99997988173566,False,NO CHANGE,1,26.4655949598124,1.86617404322574,-4.29496925819128
Q9EPC1,Parva,533720000.0,1044100000.0,439020000,963010000,0.199217,0.805124186141129,0.99997988173566,False,NO CHANGE,0,29.3759518859746,0.263947069434877,-4.89723315148249
P58044,Idi1,1558900000.0,2522800000.0,1823200000,3439200000,-0.336496,0.644475784436745,0.99997988173566,False,NO CHANGE,0,31.0533778711781,-0.499038444004178,-4.84685590301842
P62874,Gnb1,1460300000.0,1607800000.0,804690000,437420000,1.368878,0.0941244230960333,0.99997988173566,False,UP,0,29.8285900636592,2.19969339512585,-4.16830097575406
Q99LS3,Psph,1134100000.0,1221100000.0,769330000,716870000,0.664136,0.285504667246347,0.99997988173566,False,UP,0,29.8001496302376,1.23570911805787,-4.56584544437208
Q9ERF3,Wdr61,392730000.0,93118000.0,118650000,21294000,1.927719,0.205978680378372,0.99997988173566,False,UP,0,26.546899951725,1.51435862541455,-4.4430796618363
O35841,Api5,477290000.0,623310000.0,628260000,272320000,0.399076,0.599957554288789,0.99997988173566,False,NO CHANGE,0,28.8232949191776,0.569706636099393,-4.82663013371586
Q9WVQ5,Apip,896640000.0,679150000.0,400610000,850550000,0.418832,0.569844714117939,0.99997988173566,False,NO CHANGE,0,29.3301381571923,0.619426590512826,-4.81118098388536
Q60605,Myl6,2776800000.0,1943300000.0,1381800000,3090100000,0.168865,0.821831681841213,0.99997988173566,False,NO CHANGE,0,31.0288864165399,0.24073903088358,-4.90064342914586
Q9CZX8,Rps19,224270000.0,296520000.0,24981000,361150000,1.440932,0.38765805405645,0.99997988173566,False,UP,0,27.2216416015109,0.970907464416464,-4.67985053187659
Q99KC8,Vwa5a,461590000.0,420720000.0,342980000,307100000,0.44132,0.460577402710802,0.99997988173566,False,NO CHANGE,0,28.4945010929614,0.817249194920357,-4.74127752586672
Q9WUM4,Coro1c,519920000.0,1136000000.0,434740000,1253800000,0.057896,0.94985364306932,0.99997988173566,False,NO CHANGE,0,29.4885669479175,0.067010917918902,-4.91640730173108
O54983,Crym,602790000.0,302660000.0,123810000,28050000,2.857576,0.0470557576172935,0.99997988173566,False,UP,0,27.2413132647626,2.86055252160159,-3.96400542784767
Q99KV1,Dnajb11,584600000.0,282630000.0,373310000,474290000,-0.04989,0.943835877855503,0.99997988173566,False,NO CHANGE,0,28.6235517703395,-0.0750704524038512,-4.91606623849914
P62245,Rps15a,329170000.0,316310000.0,115570000,459140000,0.486235,0.614465670643273,0.99997988173566,False,NO CHANGE,0,28.0223930329388,0.546329615170212,-4.83355365461003
Q9Z204,Hnrnpc,357930000.0,245740000.0,288760000,375590000,-0.15111,0.809117171791004,0.99997988173566,False,NO CHANGE,0,28.2193846939656,-0.258385091106381,-4.89807759657943
Q6ZQI3,Mlec,280380000.0,267320000.0,165690000,162590000,0.738113,0.241596030335526,0.99997988173566,False,UP,0,27.6593438300067,1.37831902779962,-4.50284838608437
Q923D2,Blvrb,6649800000.0,6773800000.0,4879000000,6932000000,0.20671,0.733260050388407,0.99997988173566,False,NO CHANGE,0,32.5406362238691,0.366019793072155,-4.8787804330862
Q3THE2,Myl12b,1825400000.0,1061000000.0,58330000,813400000,2.675609,0.147736604201285,0.99997988173566,False,UP,0,29.0363668722411,1.8001258314142,-4.32179196722331
Q9D8S4,Rexo2,1320800000.0,699090000.0,461020000,480910000,1.029111,0.178000794434353,0.99997988173566,False,UP,0,29.3252784049796,1.63930751795416,-4.38913429102491
Q9CQF3,Nudt21,799830000.0,606080000.0,594660000,758370000,0.052117,0.931351242378705,0.99997988173566,False,NO CHANGE,0,29.3489668992843,0.0918112739984186,-4.91523477936154
O88543,Cops3,912460000.0,714450000.0,439540000,1187800000,0.16019,0.841809495512171,0.99997988173566,False,NO CHANGE,0,29.5086269743023,0.213195954469555,-4.9043007065308
P68037,Ube2l3,828860000.0,1079900000.0,1595700000,1538800000,-0.727949,0.259283864160192,0.99997988173566,False,DOWN,0,30.1813761658447,-1.31804783482626,-4.52948696918434
P99026,Psmb4,5866500000.0,3546500000.0,5765100000,8530200000,-0.620515,0.380032910805479,0.99997988173566,False,DOWN,0,32.3970581501452,-0.988354506816786,-4.67258999588543
Q9JMI7,Tex101,2070300000.0,736120000.0,1085300000,227070000,1.314275,0.301244493575095,0.99997988173566,False,UP,0,29.5441417590913,1.18970065137557,-4.58607114899473
Q8BVU5,Nudt9,697310000.0,431360000.0,205890000,193870000,1.456865,0.0703958360796074,0.99997988173566,False,UP,0,28.3023387359246,2.46844801951589,-4.07775586052786
Q9CQU0,Txndc12,1772800000.0,982000000.0,439910000,910430000,1.059962,0.216760596260186,0.99997988173566,False,UP,0,29.7672841091286,1.47081488200111,-4.46212404044526
Q9JJV2,Pfn2,1284200000.0,745320000.0,1545500000,958250000,-0.314873,0.655013404372523,0.99997988173566,False,NO CHANGE,0,30.0231902127062,-0.482745874678932,-4.85121218889912
O89086,Rbm3,577110000.0,838740000.0,107860000,84530000,2.865187,0.008361467915557,0.99997988173566,False,UP,0,27.9413660802247,4.92099728146374,-3.62363088154488
P57776,Eef1d,826620000.0,811770000.0,466310000,1013300000,0.253008,0.724498807030868,0.99997988173566,False,NO CHANGE,0,29.4830682898302,0.378761100111018,-4.87609522427295
P32020,Scp2,208580000.0,183130000.0,188550000,111730000,0.429253,0.516498885055223,0.99997988173566,False,NO CHANGE,0,27.3275329435658,0.71213464780211,-4.77996053753111
Q8BHG2,,749930000.0,341740000.0,761100000,1006500000,-0.789853,0.315128147654555,0.99997988173566,False,DOWN,0,29.3101788459354,-1.15096141035857,-4.60301186317611
Q8BG05,Hnrnpa3,248860000.0,166350000.0,427610000,136390000,-0.247239,0.778940373603011,0.99997988173566,False,NO CHANGE,0,27.7238221815071,-0.300680763952194,-4.89123169652837
Q91V64,Isoc1,411060000.0,686020000.0,597540000,519210000,-0.068877,0.914371610427609,0.99997988173566,False,NO CHANGE,0,29.01866303153,-0.114632486144999,-4.91383466736816
Q9JI75,Nqo2,475380000.0,412010000.0,1540900000,776880000,-1.305816,0.114437218207151,0.99997988173566,False,DOWN,0,29.3742131756722,-2.02427083322982,-4.23301953031092
Q9D0W5,Ppil1,1387200000.0,721180000.0,1078500000,1265200000,-0.223892,0.743552704351895,0.99997988173566,False,NO CHANGE,0,30.0096025375575,-0.351142773187839,-4.88181101347755
Q9CYR0,Ssbp1,549290000.0,595590000.0,217870000,558700000,0.713173,0.381169488643944,0.99997988173566,False,UP,0,28.7347819927193,0.985734741285508,-4.67368330606413
Q9CPU0,Glo1,4326500000.0,3645800000.0,3853500000,4468300000,-0.06323,0.913725959404841,0.99997988173566,False,NO CHANGE,0,31.9186856703366,-0.115501645472946,-4.9137752807484
Q6PE15,Abhd10,289720000.0,85661000.0,102310000,14375000,2.038394,0.194902757552579,0.99997988173566,False,UP,0,26.2119124416076,1.56159073462018,-4.42255134883971
Q9WTP7,Ak3,447090000.0,276890000.0,501050000,398480000,-0.344792,0.597412410813147,0.99997988173566,False,NO CHANGE,0,28.5627597897697,-0.57384475137858,-4.82538138270416
Q9R0X4;Q32MW3,Acot9;Acot10,443660000.0,400840000.0,199670000,191920000,1.107179,0.110093799306972,0.99997988173566,False,UP,0,28.0980756640177,2.05870632732426,-4.21997270242257
Q9CQ19,Myl9,262310000.0,126060000.0,286600000,1167600000,-1.669565,0.163903191030369,0.99997988173566,False,DOWN,0,28.272898808238,-1.71028781208805,-4.35908159105612
Q91V76,,1073100000.0,1300600000.0,1200900000,1119400000,0.02706,0.962840275012484,0.99997988173566,False,NO CHANGE,0,30.1243037358521,0.0496357650766908,-4.91701132919436
Q91VM5,Rbmxl1,728850000.0,645570000.0,358070000,556000000,0.620434,0.349361730209995,0.99997988173566,False,UP,0,29.0433052602425,1.061792891897,-4.64154159661728
Q9Z1X4,Ilf3,281320000.0,381700000.0,346940000,385660000,-0.158682,0.791306181827463,0.99997988173566,False,NO CHANGE,0,28.3670915122733,-0.283274095762885,-4.89416694485679
Q9ESP1,Sdf2l1,717610000.0,189710000.0,420500000,270820000,0.128778,0.893136345805033,0.99997988173566,False,NO CHANGE,0,28.3945337112888,0.143280704731648,-4.91164401258594
P16406,Enpep,198300000.0,114940000.0,83885000,164420000,0.362348,0.631024325573897,0.99997988173566,False,NO CHANGE,0,26.9885338071203,0.520066618137553,-4.84105989743137
Q3UV17,Krt76,6393900000.0,2753600000.0,1870500000,5163200000,0.433163,0.643435207010932,0.99997988173566,False,NO CHANGE,0,31.7497790119852,0.500655756258275,-4.84641701263639
P42125,Eci1,1606700000.0,1062400000.0,1344300000,2052200000,-0.346299,0.604440457113043,0.99997988173566,False,NO CHANGE,0,30.4562163786418,-0.562445290680631,-4.82880465604846
P62960,Ybx1,64141000.0,45921000.0,12562000,32162000,1.432989,0.127143729635838,0.99997988173566,False,UP,0,24.9772027151556,1.93124225532818,-4.26907453355374
Q9QYR9,Acot2,0.0,136260000.0,47860000,0,0.253727,0.921262123692838,0.99997988173566,False,NO CHANGE,2,24.0300569636929,0.105363227060242,-4.91444036542243
Q9QXK3,Copg2,166910000.0,13445000.0,66251000,0,1.288518,0.533775450096375,0.99997988173566,False,NO CHANGE,1,24.8532718490341,0.68139386809926,-4.79063984739761
Q922D4,Ppp6r3,123240000.0,4567500.0,23039000,0,0.706973,0.721182266710209,0.99997988173566,False,NO CHANGE,1,24.14644791611,0.383603648763358,-4.87505316912041
Q8K2B3,Sdha,599370000.0,38617000.0,178700000,33018000,0.985945,0.602659036197396,0.99997988173566,False,UP,0,26.6878295455078,0.56532666819023,-4.82794434244432
Q91VC3,Eif4a3,33266000.0,3543600.0,5205900,4069800,1.238043,0.38879013544612,0.99997988173566,False,UP,0,22.7531430088194,0.968342540105298,-4.6809137360544
Q99KE1,Me2,418730000.0,45584000.0,294010000,146270000,-0.58594,0.678821459036199,0.99997988173566,False,DOWN,0,27.3347044701452,-0.446478346214748,-4.86047532454782
Q8VIG3,Rsph1,324510000.0,0.0,49545000,0,0.609374,0.84137053565066,0.99997988173566,False,NO CHANGE,2,24.3547462859325,0.21379889759016,-4.90422521913206
Q6PDI5,Ecm29,62197000.0,0.0,27918000,2191800,0.021493,0.993690223202598,0.99997988173566,False,NO CHANGE,1,22.9099348243894,0.0084240105916775,-4.91772504524534
P22907,Hmbs,275630000.0,22939000.0,314380000,346660000,-2.053712,0.214960353062633,0.99997988173566,False,DOWN,0,27.2715842954111,-1.47792979638773,-4.45900541303973
Q9QXZ0,Macf1,58629000.0,7441100.0,25373000,105610000,-1.309383,0.40348152825796,0.99997988173566,False,DOWN,0,24.9707893921976,-0.935625343932466,-4.69437587560793
Q8K4F5,Abhd11,398750000.0,52313000.0,189280000,82293000,0.210681,0.874656905875867,0.99997988173566,False,NO CHANGE,0,27.0004471421379,0.168330116442659,-4.90933655210076
P60122,Ruvbl1,721870000.0,95751000.0,1218600000,188240000,-0.865314,0.599209928869716,0.99997988173566,False,DOWN,0,28.4026308776242,-0.5709210146627,-4.82626438732832
P21460,Cst3,24423000000.0,21960000000.0,17614000000,22952000000,0.203888,0.732198110117116,0.99997988173566,False,NO CHANGE,0,34.3288961796902,0.367560270173837,-4.87846015700375
Q9ESY9,Ifi30,1376100000.0,2351700000.0,1160900000,1958900000,0.254501,0.719662608564918,0.99997988173566,False,NO CHANGE,0,30.6172470538467,0.385826166265193,-4.87457097119315
Q924X6,Lrp8,432630000.0,332670000.0,181460000,35134000,2.248317,0.0914963367504949,0.99997988173566,False,UP,0,27.3748789556322,2.22544839661974,-4.15916979110246
Q9JJH1,Rnase4,1020500000.0,1600200000.0,298480000,1461400000,0.952236,0.3981402496839,0.99997988173566,False,UP,0,29.7749992779685,0.947400467701545,-4.68955260482603
Q62217,Sema5a,332820000.0,71180000.0,189320000,0,2.806306,0.311415759556447,0.99997988173566,False,NO CHANGE,1,25.794414567536,1.16116125798735,-4.59856101103874
P42703,Lifr,146000000.0,74008000.0,23202000,0,4.113269,0.0562747460663195,0.99997988173566,False,NO CHANGE,1,24.5746509321161,2.68331294720439,-4.01281399892552
Q9QXX0,Jag1,113070000.0,445760000.0,29179000,244750000,1.409586,0.375114830585283,0.99997988173566,False,UP,0,27.0373734016014,0.999769836048506,-4.66781364837551
Q8C0F9,Prss35,1333000000.0,304740000.0,2016300000,1277900000,-1.332579,0.238493329035775,0.99997988173566,False,DOWN,0,29.9138060589583,-1.38933999295074,-4.49798250882746
Q76KF0,Sema6d,287970000.0,81834000.0,129340000,22763000,1.50038,0.290259996823805,0.99997988173566,False,UP,0,26.4435802410064,1.22156011441629,-4.57207539307724
Q8BM88,Ctso,705490000.0,376110000.0,382670000,238080000,0.771117,0.316145185941177,0.99997988173566,False,UP,0,28.5547566424364,1.14818659180361,-4.60422139908944
P01029,C4b,314990000.0,1084200000.0,156370000,53963000,2.669429,0.0565160149450618,0.99997988173566,False,UP,0,27.7876425714965,2.67913737548781,-4.01401474326001
O08746,Matn2,195570000.0,310900000.0,130510000,217350000,0.549978,0.440943389534963,0.99997988173566,False,NO CHANGE,0,27.6025037959171,0.856527033993759,-4.72606275067806
Q9DC11,Plxdc2,410920000.0,191940000.0,202230000,56622000,1.392041,0.211468487340215,0.99997988173566,False,UP,0,27.3691609074621,1.49190471246315,-4.45288735520959
Q9DAW9,Cnn3,338530000.0,144780000.0,11877000,89824000,2.760865,0.0934067217281509,0.99997988173566,False,UP,0,26.3415650747551,2.20664590819817,-4.16582657451363
Q8R3R8,Gabarapl1,63378000.0,37575000.0,0,20197000,2.658452,0.0845944558485632,0.99997988173566,False,NO CHANGE,1,24.2111482436191,2.29725766767223,-4.13421861175741
Q99J36,Thumpd1,525740000.0,239500000.0,201350000,68204000,1.598371,0.142514210347501,0.99997988173566,False,UP,0,27.6034269815145,1.83141497979126,-4.30901968112268
P12265,Gusb,747740000.0,1049300000.0,425930000,1239600000,0.285736,0.735380568063078,0.99997988173566,False,NO CHANGE,0,29.5795025391175,0.362946863954701,-4.87941570391147
Q8VBW6,Nae1,798340000.0,249560000.0,637200000,124890000,0.661993,0.600054758852799,0.99997988173566,False,UP,0,28.4026233199375,0.569548816909179,-4.82667762202461
Q9CQV6,Map1lc3b,681550000.0,925200000.0,462260000,658430000,0.525425,0.422066504898655,0.99997988173566,False,NO CHANGE,0,29.302004600697,0.895654616156384,-4.71055111306754
P46935,Nedd4,146250000.0,287090000.0,47116000,457560000,0.480845,0.737135958358513,0.99997988173566,False,NO CHANGE,0,27.3699721615658,0.360406202504035,-4.8799372960773
Q9D662,Sec23b,331500000.0,150060000.0,82625000,172970000,0.899688,0.310599366121971,0.99997988173566,False,UP,0,27.282854869914,1.16341950819716,-4.59757461071298
O55013,Trappc3,617530000.0,347590000.0,116280000,405820000,1.092726,0.287329113850646,0.99997988173566,False,UP,0,28.2410094456524,1.23025427369107,-4.56824817380156
P23506,Pcmt1,1660900000.0,704280000.0,491020000,738750000,0.844587,0.310188617615142,0.99997988173566,False,UP,0,29.5881523682792,1.16455778797604,-4.59707728119606
Q9WVA3,Bub3,263660000.0,253170000.0,148590000,347170000,0.185903,0.801554502417886,0.99997988173566,False,NO CHANGE,0,27.8518658809353,0.268927949068595,-4.89646248980582
Q923G2,Polr2h,506880000.0,251610000.0,61015000,546950000,0.967094,0.499605733493024,0.99997988173566,False,UP,0,27.9282943394157,0.742934124503456,-4.76895905631771
Q9QZ88,Vps29,553980000.0,410180000.0,621290000,527140000,-0.263681,0.664543186029705,0.99997988173566,False,NO CHANGE,0,28.9603107702598,-0.468141294327525,-4.85501526164281
Q9EQ80,Nif3l1,595530000.0,392770000.0,265730000,114850000,1.469073,0.112549202539451,0.99997988173566,False,UP,0,28.1148174828785,2.0390588525607,-4.22739654100404
Q99LD4,Gps1,499020000.0,527510000.0,489630000,111920000,1.132068,0.291888374833178,0.99997988173566,False,UP,0,28.3685387352116,1.21676574362106,-4.57418457954098
Q3TMX7,Qsox2,179880000.0,46792000.0,445010000,465250000,-2.310238,0.05910838277726,0.99997988173566,False,DOWN,0,27.6062278827329,-2.63553334678077,-4.0266968288503
Q9QZ73,Dcun1d1,266010000.0,226320000.0,145600000,112630000,0.938122,0.169085305610732,0.99997988173566,False,UP,0,27.4012862770933,1.68347337648837,-4.37037740281939
Q3UM45,Ppp1r7,541160000.0,382680000.0,335410000,104330000,1.282557,0.196419431097763,0.99997988173566,False,UP,0,28.1202431278699,1.55496202191561,-4.42542326719215
P17047,Lamp2,4432000000.0,3258800000.0,2761100000,1937300000,0.716504,0.290572720919393,0.99997988173566,False,UP,0,31.4652501573958,1.22063739192091,-4.57248140173694
Q8R050;Q149F3,Gspt1;Gspt2,991290000.0,760740000.0,50152000,47217000,4.157477,0.0018191863774243,0.892801304919811,False,UP,0,27.6150417759065,7.51982904482882,-3.47172058733952
P46664,Adss,309850000.0,787340000.0,67583000,377720000,1.628254,0.228474452678846,0.99997988173566,False,UP,0,28.0655763132391,1.42593077048516,-4.4818493771338
Q62426,Cstb,1575700000.0,684620000.0,1256800000,1685900000,-0.486953,0.52715514872563,0.99997988173566,False,NO CHANGE,0,30.1955134235582,-0.693086973788849,-4.78661426084317
Q9WUK2,Eif4h,208410000.0,198190000.0,19081000,55490000,2.6429,0.0271310359932254,0.99997988173566,False,UP,0,26.2771290264779,3.44213482719829,-3.83078137935473
P50431,Shmt1,254850000.0,39248000.0,115990000,136310000,-0.330276,0.780367788133088,0.99997988173566,False,NO CHANGE,0,26.7407325671953,-0.298665872647107,-4.8915798221879
Q8BP48,Metap1,358880000.0,411460000.0,144410000,239890000,1.045855,0.157563124602955,0.99997988173566,False,UP,0,27.9946241038785,1.744343664175,-4.34484202733373
Q99020,Hnrnpab,992400000.0,1573500000.0,524140000,1378700000,0.555819,0.510505876190011,0.99997988173566,False,NO CHANGE,0,29.9409287297772,0.72297406215546,-4.77612226828317
Q8BK64,Ahsa1,614650000.0,435120000.0,510660000,418730000,0.161398,0.792424294879496,0.99997988173566,False,NO CHANGE,0,28.8653152098068,0.281705474376597,-4.89442340402465
Q9WV55,Vapa,169160000.0,108510000.0,136540000,192880000,-0.260405,0.691126240413156,0.99997988173566,False,NO CHANGE,0,27.1437356796866,-0.428008679272949,-4.86495624160967
P26883,Fkbp1a,1311300000.0,766170000.0,1291300000,1341200000,-0.392807,0.550794502833561,0.99997988173566,False,NO CHANGE,0,30.0971235606341,-0.651802012531754,-4.80061933470628
P55264,Adk,175600000.0,68930000.0,205290000,215720000,-0.935663,0.265227569122721,0.99997988173566,False,DOWN,0,27.1810047734659,-1.298697956176,-4.53804096392944
P21550,Eno3,277360000.0,44840000.0,74684000,0,2.91607,0.218078455296433,0.99997988173566,False,NO CHANGE,1,25.2746988728129,1.46564435712145,-4.46439192702715
P83940,Tceb1,515500000.0,166060000.0,469890000,414310000,-0.592678,0.497959890366684,0.99997988173566,False,DOWN,0,28.4206024437485,-0.745976285559256,-4.76785668663659
P62281,Rps11,219020000.0,190480000.0,0,269700000,2.149416,0.322564638907814,0.99997988173566,False,NO CHANGE,1,26.5310677817235,1.13086083166724,-4.61176028211335
Q9CRC9,Gnpda2,467440000.0,506260000.0,337640000,534800000,0.195087,0.756448247767748,0.99997988173566,False,NO CHANGE,0,28.7602110064641,0.332635598388078,-4.88542152692717
P21300,Akr1b7,651580000.0,253320000.0,1116500000,777720000,-1.197629,0.18562927604137,0.99997988173566,False,DOWN,0,29.1966911321051,-1.60332016402651,-4.40454735439033
Q925B0,Pawr,90029000.0,66215000.0,136260000,25098000,0.400843,0.718710851381952,0.99997988173566,False,NO CHANGE,0,26.0018492842607,0.387219295984972,-4.87426745672239
Q91V12,Acot7,747050000.0,132210000.0,360110000,167940000,0.353826,0.766666428199191,0.99997988173566,False,NO CHANGE,0,28.0505296750027,0.318069364290227,-4.88813716481661
Q9CX80,Cygb,410440000.0,194090000.0,388980000,443480000,-0.557334,0.448855830672269,0.99997988173566,False,NO CHANGE,0,28.3510402962625,-0.840532279524067,-4.73230365353875
Q8VDG5,Ppcs,235390000.0,137350000.0,163080000,13963000,1.913825,0.245641653730678,0.99997988173566,False,UP,0,26.4649674222414,1.36415802903797,-4.50910391944742
P56812,Pdcd5,810550000.0,295050000.0,499690000,873570000,-0.434048,0.616911826781881,0.99997988173566,False,NO CHANGE,0,29.0823790842278,-0.542422532908001,-4.83468878984055
Q9WUZ9,Entpd5,722820000.0,175440000.0,142270000,71929000,1.815669,0.136280046152502,0.99997988173566,False,UP,0,27.4998975271458,1.87042665078338,-4.29326047938694
Q61206,Pafah1b2,1172200000.0,1614100000.0,1234000000,1350100000,0.09177,0.878284901668368,0.99997988173566,False,NO CHANGE,0,30.311442196164,0.163402477946719,-4.90981920204498
Q8QZS1,Hibch,558920000.0,571590000.0,656040000,164510000,0.782832,0.430399349490331,0.99997988173566,False,UP,0,28.6828201444545,0.878208599813268,-4.7175088774053
Q8CG72,Adprhl2,622440000.0,629420000.0,426250000,321540000,0.75763,0.244861385095629,0.99997988173566,False,UP,0,28.8425887223404,1.36687113829345,-4.50790517294899
Q60692,Psmb6,7072200000.0,3670400000.0,4199100000,3441700000,0.422447,0.546595459521954,0.99997988173566,False,NO CHANGE,0,32.0351773202914,0.659042354521586,-4.798205739486
Q8CJG0,Ago2,216930000.0,186020000.0,217980000,152270000,0.14093,0.817587210441521,0.99997988173566,False,NO CHANGE,0,27.5113034659612,0.246619166614806,-4.89980762774321
P14873,Map1b,89058000.0,192420000.0,90236000,352610000,-0.446386,0.669185475462694,0.99997988173566,False,NO CHANGE,0,27.18715583161,-0.461069863520996,-4.85682155850139
P47199,Cryz,160550000.0,106570000.0,129270000,27101000,1.144009,0.313260276691749,0.99997988173566,False,UP,0,26.390832141662,1.15607934580377,-4.60077949819162
P56376,Acyp1,2108400000.0,546870000.0,1795300000,644100000,-0.002082,0.998477776815702,0.99997988173566,False,NO CHANGE,0,30.0011028448838,-0.0020322501630979,-4.91774499023096
Q9R1Z7,Pts,323450000.0,87110000.0,13988000,153570000,1.856647,0.286515207192422,0.99997988173566,False,UP,0,26.3943275046575,1.23268364469029,-4.56717822826907
Q7TSV4,Pgm2,844670000.0,654900000.0,609640000,1291700000,-0.254747,0.724702276390059,0.99997988173566,False,NO CHANGE,0,29.5976295447742,-0.378464361501208,-4.87615869511487
Q9DCC4,Pycrl,197230000.0,212250000.0,122920000,166410000,0.516591,0.408349591894638,0.99997988173566,False,NO CHANGE,0,27.3499511013677,0.925008190547231,-4.69870280037539
P38647,Hspa9,136840000.0,193540000.0,142300000,128090000,0.269514,0.659580529447379,0.99997988173566,False,NO CHANGE,0,27.14322858082,0.475731641934369,-4.85305084532476
P14869,Rplp0,1682700000.0,2256600000.0,835600000,537390000,1.540001,0.063660626269125,0.99997988173566,False,UP,0,30.0898164737274,2.56406164272085,-4.04805522906588
P99027,Rplp2,2164400000.0,689330000.0,934730000,2030200000,-0.173505,0.855274571438504,0.99997988173566,False,NO CHANGE,0,30.272722182922,-0.194746000526063,-4.90651085370005
P51855,Gss,603320000.0,1208200000.0,993590000,792780000,-0.05593,0.93604304489388,0.99997988173566,False,NO CHANGE,0,29.6972452630179,-0.085516504934135,-4.91556688049044
P19536,Cox5b,76151000.0,38738000.0,82972000,88462000,-0.657535,0.362892042186092,0.99997988173566,False,DOWN,0,26.0235703829808,-1.02871953112992,-4.65561494999545
Q8K3C3,Lzic,219220000.0,109080000.0,104810000,190620000,0.129645,0.865025911183346,0.99997988173566,False,NO CHANGE,0,27.139485233687,0.181436344234263,-4.90798466985447
P84089,Erh,863660000.0,209000000.0,1114000000,834470000,-1.182286,0.268702061413793,0.99997988173566,False,DOWN,0,29.2535507409875,-1.28758132860791,-4.54295376411783
Q99LJ6,Gpx7,274710000.0,358050000.0,192040000,127250000,1.004499,0.166148401483566,0.99997988173566,False,UP,0,27.7222105073339,1.69856162229901,-4.36401247014801
Q924M7,Mpi,1430100000.0,1898700000.0,1610900000,1117300000,0.296622,0.639695536615523,0.99997988173566,False,NO CHANGE,0,30.4696057417767,0.506480939027129,-4.84482666247264
O88851,Rbbp9,799370000.0,611780000.0,579630000,1037500000,-0.149148,0.824339248617548,0.99997988173566,False,NO CHANGE,0,29.4559367770623,-0.23726998728171,-4.90112747996718
P63323,Rps12,1349200000.0,804200000.0,944950000,1404500000,-0.145318,0.829549738558746,0.99997988173566,False,NO CHANGE,0,30.0288771011212,-0.23007286069718,-4.90211026678718
Q61029;Q61033,Tmpo,166080000.0,113780000.0,52004000,88718000,1.017066,0.184543292593524,0.99997988173566,False,UP,0,26.525954404951,1.60834805563517,-4.40238736601566
Q9D6J6,Ndufv2,1998700000.0,1261600000.0,163530000,141050000,3.386205,0.0048684933063987,0.99997988173566,False,UP,0,28.871408431696,5.73901113870726,-3.55756467639666
Q9JIQ3,Diablo,1136600000.0,190370000.0,442290000,245560000,0.497195,0.677171275901665,0.99997988173566,False,NO CHANGE,0,28.5445565239815,0.448969038911977,-4.85985869791477
Q9Z0X1,Aifm1,738090000.0,528270000.0,595590000,466890000,0.243835,0.694168126878565,0.99997988173566,False,NO CHANGE,0,29.0960433707873,0.423469889593866,-4.86603244533851
Q8BHA3,Dtd2,255050000.0,189470000.0,276140000,321140000,-0.437926,0.480084449448825,0.99997988173566,False,NO CHANGE,0,27.930762707179,-0.779520424427968,-4.75552248573071
Q6PDM2,Srsf1,74930000.0,95345000.0,71484000,113520000,-0.091897,0.885574454578272,0.99997988173566,False,NO CHANGE,0,26.3787955866471,-0.153516398480816,-4.91074513218817
P11404,Fabp3,1082000000.0,1171900000.0,1629500000,1553400000,-0.498654,0.406708116735034,0.99997988173566,False,NO CHANGE,0,30.31795502648,-0.928576186132391,-4.69725107087133
P62806,Hist1h4a,2049300000.0,2274300000.0,1506400000,5568300000,-0.423894,0.649182973393926,0.99997988173566,False,NO CHANGE,0,31.2195767575959,-0.491741441814496,-4.84882164783738
P97350,Pkp1,49142000.0,7649600.0,6808600,16320000,0.879171,0.5007523627533,0.99997988173566,False,UP,0,23.7691176469723,0.740819169344666,-4.7697238063114
Q6A4J8,Usp7,62895000.0,9555600.0,24592000,0,1.351476,0.411687105176689,0.99997988173566,False,NO CHANGE,1,23.8714402839277,0.917790764839886,-4.70163191096508
Q62148,Aldh1a2,649560000.0,190370000.0,451640000,56160000,1.14274,0.448018025691332,0.99997988173566,False,UP,0,27.8181890205104,0.842215039711925,-4.73164992569214
Q8K4Z5,Sf3a1,45010000.0,2349200.0,10807000,3998700,0.645459,0.722750048038763,0.99997988173566,False,UP,0,22.9710106780623,0.381313150418643,-4.87554752424361
Q9JJ78,Pbk,229640000.0,12035000.0,159480000,0,1.116131,0.68155307241953,0.99997988173566,False,NO CHANGE,1,25.0897004881681,0.442362653568507,-4.86148785143727
Q9EPK7,Xpo7,124560000.0,0.0,35517000,0,0.656124,0.767511609096985,0.99997988173566,False,NO CHANGE,2,24.0936373276866,0.316868279487249,-4.88835608798878
Q9D1G1,Rab1b,77823000.0,13052000.0,22172000,11732000,0.98264,0.428496422777558,0.99997988173566,False,UP,0,24.4344105085473,0.882167891619982,-4.71593557156513
Q9WUD8,Faim,117100000.0,29539000.0,153830000,75263000,-0.871458,0.417344007591309,0.99997988173566,False,DOWN,0,26.2453706478884,-0.905669184487271,-4.70652827185457
Q8BI72,Cdkn2aip,88430000.0,10716000.0,5231300,32225000,1.24544,0.462831141072455,0.99997988173566,False,UP,0,24.2529277006458,0.812826732362779,-4.74296667052186
P12399,Ctla2a,100650000.0,485490000.0,14320000,790380000,1.055069,0.66865675040262,0.99997988173566,False,UP,0,27.1922844067682,0.461873860265834,-4.85661735278177
Q9CQ01,Rnaset2,3078100000.0,2830600000.0,2312800000,2494100000,0.297494,0.610335605300673,0.99997988173566,False,NO CHANGE,0,31.310179808745,0.552948482948427,-4.83161615675044
Q9ER65,Clstn2,90969000.0,278970000.0,15749000,237330000,1.381665,0.438728304532831,0.99997988173566,False,UP,0,26.5563706324129,0.861046452317765,-4.72428851163657
O08992,Sdcbp,189330000.0,691890000.0,52254000,624270000,1.002831,0.550786344554952,0.99997988173566,False,UP,0,27.9297320689673,0.651816042156272,-4.8006146757956
P08905,Lyz2,784690000.0,1585200000.0,404430000,1115200000,0.731798,0.429313412293708,0.99997988173566,False,UP,0,29.6888838494527,0.880466264541039,-4.71661216565807
P97467,Pam,433000000.0,283160000.0,610690000,200870000,-0.000359,0.999669709364129,0.99997988173566,False,NO CHANGE,0,28.3835964691085,-0.000440955474106,-4.91774616473268
Q8R242,Ctbs,1034000000.0,1324000000.0,482460000,651880000,1.06099,0.13836812796514,0.99997988173566,False,UP,0,29.5934275707634,1.8571488074647,-4.29860321366189
P27090,Tgfb2,843720000.0,471280000.0,1195200000,650980000,-0.484222,0.52152217176008,0.99997988173566,False,NO CHANGE,0,29.4742102908082,-0.70312028777161,-4.78312408645459
Q61646,Hp,1273500000.0,2007900000.0,1211500000,2452600000,-0.10831,0.882686932075855,0.99997988173566,False,NO CHANGE,0,30.6287510403036,-0.157430146530342,-4.91038534500936
Q9WVG5,Lipg,124840000.0,195820000.0,177890000,114380000,0.132394,0.843024234955541,0.99997988173566,False,NO CHANGE,0,27.1540319108673,0.21152792232862,-4.90450846915617
P08226,Apoe,275400000.0,292870000.0,81689000,388240000,0.673313,0.524830594900162,0.99997988173566,False,UP,0,27.744662626896,0.697217909040809,-4.78518126776294
Q04997,Inha,642320000.0,59623000.0,326910000,149160000,-0.174261,0.906852981837407,0.99997988173566,False,NO CHANGE,0,27.6311715848293,-0.124760811744548,-4.91311510180283
P14901,Hmox1,416870000.0,890490000.0,541620000,927480000,-0.2182,0.776764613807265,0.99997988173566,False,NO CHANGE,0,29.2916232961196,-0.303754882368917,-4.89069636501728
P29416,Hexa,1247500000.0,672410000.0,663870000,609680000,0.525678,0.447970993128538,0.99997988173566,False,NO CHANGE,0,29.507740276549,0.842309581386212,-4.73161317744493
A2ASQ1,Agrn,277600000.0,2872900000.0,391930000,2728500000,-0.211594,0.904533845635634,0.99997988173566,False,NO CHANGE,0,29.8399436553463,-0.127888086158641,-4.91288076889765
P35822,Ptprk,109590000.0,328010000.0,38373000,476990000,0.486867,0.764233677363457,0.99997988173566,False,NO CHANGE,0,27.2549193699399,0.32152968586285,-4.88750217744573
Q9QZZ6,Dpt,226420000.0,793040000.0,375830000,853800000,-0.418792,0.679260666859281,0.99997988173566,False,NO CHANGE,0,28.8680181164364,-0.445815988657909,-4.86063881462462
Q8VCF1,Cant1,370850000.0,473140000.0,417160000,583150000,-0.235682,0.703747632786382,0.99997988173566,False,NO CHANGE,0,28.7598174487986,-0.409243897452197,-4.86934100573177
Q8VCC9,Spon1,152630000.0,348730000.0,135090000,535230000,-0.220965,0.833787415421716,0.99997988173566,False,NO CHANGE,0,27.8919819846809,-0.224230343014742,-4.90288671647013
Q99JR5,Tinagl1,271280000.0,160280000.0,319090000,163010000,-0.129273,0.861177556730129,0.99997988173566,False,NO CHANGE,0,27.7002500019811,-0.186684045790217,-4.907415692517
P61922,Abat,1271900000.0,649910000.0,1323700000,75126000,1.527632,0.39755418813503,0.99997988173566,False,UP,0,28.9961852011605,0.9487006569212,-4.68901849062725
O88322,Nid2,126430000.0,267220000.0,410690000,334700000,-1.012276,0.205644681962898,0.99997988173566,False,DOWN,0,27.9597460578027,-1.51574439671416,-4.44247532831285
Q91VU0,Fam3c,343080000.0,1422700000.0,285570000,1783300000,-0.030609,0.982495257276445,0.99997988173566,False,NO CHANGE,0,29.3952813954272,-0.0233724275738997,-4.9175832163591
P97461,Rps5,173220000.0,91012000.0,104370000,246580000,-0.353514,0.670377621489973,0.99997988173566,False,NO CHANGE,0,27.0805490265187,-0.459258347238646,-4.85728056432468
Q9ET22,Dpp7,794020000.0,457960000.0,295620000,484570000,0.671974,0.365259823856444,0.99997988173566,False,UP,0,28.8316362358662,1.02304493375678,-4.65801536332014
P36993,Ppm1b,233670000.0,98744000.0,17573000,28002000,2.775602,0.0202955061246089,0.99997988173566,False,UP,0,25.7907426852481,3.77399743508595,-3.77045540261739
Q9QYB1,Clic4,726550000.0,1242200000.0,695760000,828840000,0.323102,0.624278573174442,0.99997988173566,False,NO CHANGE,0,29.6618175145297,0.530713944265739,-4.8380520806664
P84078;P61205;Q8BSL7,Arf1;Arf3;Arf2,469120000.0,514630000.0,626700000,911560000,-0.62131,0.338671465682988,0.99997988173566,False,DOWN,0,29.1828260544726,-1.0887480098994,-4.62997610957611
P61082,Ube2m,156340000.0,124940000.0,103490000,129100000,0.273971,0.650209878395654,0.99997988173566,False,NO CHANGE,0,26.9214004462766,0.490153670644107,-4.84924623275864
P42227,Stat3,306360000.0,112170000.0,426200000,38005000,0.542562,0.727899380242023,0.99997988173566,False,NO CHANGE,0,27.1946013974003,0.373806995075084,-4.87714906130705
Q8JZV9,Bdh2,603890000.0,249320000.0,414850000,416530000,-0.099363,0.894550705098501,0.99997988173566,False,NO CHANGE,0,28.5812484077554,-0.141368362369972,-4.91180518909661
Q8BP47,Nars,216130000.0,69881000.0,168300000,91363000,-0.012923,0.988624208665066,0.99997988173566,False,NO CHANGE,0,26.8793219101216,-0.0151880156432718,-4.91767738515432
Q920A5,Scpep1,335700000.0,655440000.0,223800000,397590000,0.653072,0.405900710615332,0.99997988173566,False,UP,0,28.4787067002599,0.930335676580683,-4.69653428777757
P20065,Tmsb4x,76813000.0,16596000.0,70554000,6483800,0.739273,0.660155568749813,0.99997988173566,False,UP,0,24.7199530220741,0.474850464340373,-4.85328024925792
O70433,Fhl2,307030000.0,276230000.0,229520000,93096000,0.994419,0.235861243665277,0.99997988173566,False,UP,0,27.6203399093307,1.39880184306463,-4.49380716785233
Q9CX34,Sugt1,220850000.0,137150000.0,155530000,61530000,0.831133,0.335767365999567,0.99997988173566,False,UP,0,26.9592688188926,1.09620376970755,-4.62676342850818
Q6P4T2,Snrnp200,44487000.0,57843000.0,10203000,44683000,1.248403,0.256328301741568,0.99997988173566,False,UP,0,24.9720580779423,1.32783173398925,-4.52516124863044
Q8JZK9,Hmgcs1,418280000.0,319650000.0,81476000,359300000,1.095663,0.311400437541654,0.99997988173566,False,UP,0,27.8980742855313,1.16120358977473,-4.59854252377018
O35405,Pld3,384230000.0,261250000.0,388100000,329920000,-0.175572,0.776292665999499,0.99997988173566,False,NO CHANGE,0,28.3269112277535,-0.304422158413588,-4.89057949583071
P63166,Sumo1,501210000.0,122560000.0,207160000,197450000,0.293335,0.761671922660673,0.99997988173566,False,NO CHANGE,0,27.7382088173352,0.325178599148438,-4.88682572912772
Q9DBH5,Lman2,266940000.0,318940000.0,124840000,177710000,0.970098,0.166869441852707,0.99997988173566,False,UP,0,27.6352761786198,1.69483134694594,-4.3655839690508
Q61553,Fscn1,201310000.0,1016600000.0,309020000,1050900000,-0.333077,0.791185307508351,0.99997988173566,False,NO CHANGE,0,28.9195129522135,-0.283443723856056,-4.89413913169491
Q07813,Bax,214340000.0,245550000.0,304900000,554940000,-0.842375,0.248189484292256,0.99997988173566,False,DOWN,0,28.1945712288211,-1.35535785618347,-4.51299281553749
Q9Z1Q9,Vars,95754000.0,105390000.0,32147000,84896000,0.943309,0.269587666572508,0.99997988173566,False,UP,0,26.1103415448702,1.28477015943791,-4.54419585135796
Q61239,Fnta,580380000.0,327950000.0,140870000,268290000,1.166158,0.170144371477054,0.99997988173566,False,UP,0,28.1175826006897,1.67810023904989,-4.37264945698365
O70591,Pfdn2,138030000.0,108190000.0,158820000,148880000,-0.331497,0.58011926021797,0.99997988173566,False,NO CHANGE,0,27.0304476542236,-0.602270518439227,-4.8166199864757
Q91YR1,Twf1,579660000.0,806830000.0,836310000,455510000,0.147976,0.829458575929035,0.99997988173566,False,NO CHANGE,0,29.2751728097896,0.230198653392593,-4.90209333860701
O55135,Eif6,1076300000.0,1021500000.0,1112300000,1491800000,-0.296915,0.622499636966724,0.99997988173566,False,NO CHANGE,0,30.114195240993,-0.533533502060465,-4.8372474620836
Q569Z6,Thrap3,94019000.0,52570000.0,28909000,12261000,1.900798,0.0670406422042409,0.99997988173566,False,UP,0,25.1166935204548,2.51470000883459,-4.06322600576356
Q8R4N0,Clybl,224080000.0,156680000.0,167380000,28709000,1.434566,0.25267148062968,0.99997988173566,False,UP,0,26.7640590237714,1.34009136655883,-4.51974110938152
Q9JIW9,Ralb,192570000.0,116080000.0,137190000,186040000,-0.095643,0.884186160604713,0.99997988173566,False,NO CHANGE,0,27.2034973994228,-0.155397721378467,-4.9105732932256
Q60676,Ppp5c,556590000.0,150370000.0,567200000,464250000,-0.826814,0.395365262225587,0.99997988173566,False,DOWN,0,28.5213975586207,-0.953571371415688,-4.68701494798426
P62774,Mtpn,1070300000.0,404740000.0,481950000,1288700000,-0.259895,0.785381119942702,0.99997988173566,False,NO CHANGE,0,29.4238414578533,-0.291600924231137,-4.89278322179766
O35593,Psmd14,705720000.0,477270000.0,394340000,345990000,0.651866,0.32192596692823,0.99997988173566,False,UP,0,28.7864427466801,1.1325702135116,-4.61101754972008
Q7TNG5,Eml2,381610000.0,522950000.0,451180000,750670000,-0.381555,0.570759104127648,0.99997988173566,False,NO CHANGE,0,28.9255882433912,-0.617891367157811,-4.81167222864627
Q9CWM4,Pfdn1,90676000.0,115540000.0,108170000,241980000,-0.660502,0.392738989503504,0.99997988173566,False,DOWN,0,26.9392680848582,-0.959445838947093,-4.68459298841376
Q810B6,Ankfy1,53773000.0,26297000.0,103910000,52958000,-0.980166,0.255537225213225,0.99997988173566,False,DOWN,0,25.6544695195619,-1.33046922294582,-4.52399514609522
P62075,Timm13,91370000.0,22386000.0,63008000,28603000,0.091308,0.930943815919903,0.99997988173566,False,NO CHANGE,0,25.3850013662914,0.0923581093953761,-4.91520482327009
Q9JJA4,Wdr12,208430000.0,74946000.0,11554000,45046000,2.453776,0.0767089349495884,0.99997988173566,False,UP,0,25.6702801449993,2.38788820950489,-4.10379757730236
Q3V1T4,Lepre1,144540000.0,140010000.0,96751000,0,2.846073,0.175151765903126,0.99997988173566,False,NO CHANGE,1,25.6608877845529,1.65316346656162,-4.3832302204329
O35226,Psmd4,775810000.0,174690000.0,457930000,197390000,0.292162,0.791408366267559,0.99997988173566,False,NO CHANGE,0,28.3095938545728,0.283130703795582,-4.89419044400931
Q61205,Pafah1b3,687690000.0,728940000.0,697060000,596190000,0.135252,0.815391022097092,0.99997988173566,False,NO CHANGE,0,29.3315781230362,0.249665813312674,-4.89936701669473
P97855,G3bp1,262420000.0,208550000.0,299720000,146660000,0.15809,0.822751375456324,0.99997988173566,False,NO CHANGE,0,27.722515206744,0.239466285418841,-4.90082180094772
P14069,S100a6,805100000.0,2830500000.0,1334600000,5985600000,-0.904803,0.473451151698723,0.99997988173566,False,DOWN,0,30.9439028783885,-0.792213021447734,-4.75077272878996
P70349,Hint1,511810000.0,291400000.0,681510000,549030000,-0.663505,0.345110299794246,0.99997988173566,False,DOWN,0,28.8564820146753,-1.07242225400886,-4.63699051309075
Q99LD8,Ddah2,146310000.0,232220000.0,576730000,570750000,-1.638117,0.0501020146287833,0.99997988173566,False,DOWN,0,28.2767436671621,-2.79781704164195,-3.9808054461655
Q9Z2Y8,Prosc,233850000.0,190020000.0,477620000,975910000,-1.695438,0.062873053210553,0.99997988173566,False,DOWN,0,28.4990112735765,-2.57599702236415,-4.04443872538216
O70493,Snx12,1065400000.0,995620000.0,250340000,218570000,2.138467,0.017426911842337,0.99997988173566,False,UP,0,28.8706504380565,3.95611179602904,-3.74135915565595
Q60817;P70670,Naca,1432900000.0,1198500000.0,82279000,282170000,3.104432,0.02133402981723,0.99997988173566,False,UP,0,28.7352209599868,3.71557312259592,-3.78036219551461
Q8VD62,Bles03,309670000.0,109440000.0,229510000,144170000,0.017272,0.983714701010399,0.99997988173566,False,NO CHANGE,0,27.4472247001589,0.0217438854803108,-4.9176051388372
O55131,2018-09-07 00:00:00,159250000.0,976440000.0,153260000,493430000,0.519999,0.695591468237597,0.99997988173566,False,NO CHANGE,0,28.2948376121991,0.42134972332148,-4.86653176074573
Q9CR98,Fam136a,126740000.0,107570000.0,37818000,36010000,1.661767,0.0385131490027523,0.99997988173566,False,UP,0,25.9681153046938,3.06547665302005,-3.91259983373124
Q9CWZ3,Rbm8a,659420000.0,101310000.0,208880000,401500000,-0.16405,0.893969853147887,0.99997988173566,False,NO CHANGE,0,28.0274369040592,-0.142153648393796,-4.91173926137616
Q8CIB5,Fermt2,201840000.0,320930000.0,166910000,217250000,0.418522,0.525563357219374,0.99997988173566,False,NO CHANGE,0,27.7138990935758,0.695914294723054,-4.78563408817723
O54998,Fkbp7,151220000.0,95757000.0,44708000,166850000,0.478471,0.622103679334285,0.99997988173566,False,NO CHANGE,0,26.6032386139697,0.534161757563731,-4.83706771684653
P54775,Psmc4,522070000.0,173320000.0,147400000,224590000,0.725326,0.422204558827086,0.99997988173566,False,UP,0,27.8016026633907,0.895363264493514,-4.71066783856607
P54728,Rad23b,624620000.0,551270000.0,743980000,562780000,-0.141049,0.813023557912057,0.99997988173566,False,NO CHANGE,0,29.1988179477723,-0.252953272551796,-4.89888580344494
Q99L13,Hibadh,385810000.0,193170000.0,187680000,205490000,0.475209,0.502663261542984,0.99997988173566,False,NO CHANGE,0,27.7867009341356,0.737302603486929,-4.77099238341094
Q91Z53,Grhpr,426340000.0,348050000.0,149290000,198890000,1.160605,0.110517758748564,0.99997988173566,False,UP,0,27.9407715753948,2.05527950801284,-4.22126366352295
Q8BL66,Eea1,76791000.0,201590000.0,141960000,81711000,0.208173,0.803988539717804,0.99997988173566,False,NO CHANGE,0,26.7865547360894,0.265530785855284,-4.8969895899314
Q9CR09,Ufc1,425320000.0,441680000.0,518250000,575790000,-0.33382,0.56918920609067,0.99997988173566,False,NO CHANGE,0,28.8581100460445,-0.620528189533958,-4.81082794770172
P24270,Cat,449480000.0,1160600000.0,1112100000,392250000,0.129034,0.89331104553058,0.99997988173566,False,NO CHANGE,0,29.3634357378918,0.143044459571189,-4.91166403925223
P62270,Rps18,140550000.0,318970000.0,29930000,390550000,0.969666,0.551176607530114,0.99997988173566,False,UP,0,27.1728436689105,0.651145077580406,-4.80083740921492
P59999,Arpc4,3500000000.0,3589500000.0,3439100000,6695000000,-0.436989,0.53037811104189,0.99997988173566,False,NO CHANGE,0,31.9414160893522,-0.687381267031696,-4.78858426180038
P63280,Ube2i,1070600000.0,1459700000.0,1475200000,1700800000,-0.341516,0.577528972604311,0.99997988173566,False,NO CHANGE,0,30.3901567327575,-0.606576338313865,-4.8152654265751
P50543,S100a11,902160000.0,1305400000.0,1029000000,1811300000,-0.331161,0.631768811120932,0.99997988173566,False,NO CHANGE,0,30.1809067710254,-0.518895793728569,-4.84138767619344
Q9CQE1,Nipsnap3b,684130000.0,223400000.0,764280000,241600000,-0.136411,0.896736827465448,0.99997988173566,False,NO CHANGE,0,28.6105801125404,-0.138413792796125,-4.91205001420554
Q9D358,Acp1,356510000.0,391880000.0,300790000,394150000,0.118427,0.84163587873681,0.99997988173566,False,NO CHANGE,0,28.4183887262524,0.213434418156736,-4.9042708758932
Q8BFS6,Cpped1,502060000.0,479490000.0,178910000,487270000,0.732703,0.381502905419041,0.99997988173566,False,UP,0,28.5037537452952,0.984967518770595,-4.674003287849
Q3UEB3,Puf60,117750000.0,38851000.0,90886000,61907000,-0.149277,0.862498703809591,0.99997988173566,False,NO CHANGE,0,26.0859385432666,-0.184881788096099,-4.90761288153037
Q9CQ45,Nenf,518900000.0,338400000.0,39062000,346550000,1.848642,0.219222283905247,0.99997988173566,False,UP,0,27.7181965955841,1.46118223614231,-4.46635009445836
Q99KR7,Ppif,95030000.0,61676000.0,362890000,249790000,-1.975506,0.0327864566937799,0.99997988173566,False,DOWN,0,27.1777957754299,-3.23552235060947,-3.87374435120173
Q8BGS2,Bola2,165060000.0,61172000.0,132930000,71257000,0.046082,0.957254644052466,0.99997988173566,False,NO CHANGE,0,26.5593508289383,0.0571062385726733,-4.91677362165563
P56380,Nudt2,405030000.0,345960000.0,30290000,377000000,1.808578,0.269610526074078,0.99997988173566,False,UP,0,27.5754527640352,1.28469771532296,-4.54422785849396
Q62189,Snrpa,280800000.0,317490000.0,191900000,242320000,0.469493,0.44378706058849,0.99997988173566,False,NO CHANGE,0,27.9188053296931,0.850752091584802,-4.72832299876754
Q9DB29,Iah1,520660000.0,230600000.0,550790000,402550000,-0.442468,0.561735144122989,0.99997988173566,False,NO CHANGE,0,28.589525869973,-0.633116168743744,-4.8067618075593
P62889,Rpl30,201580000.0,209530000.0,114870000,492910000,-0.211408,0.830119984129835,0.99997988173566,False,NO CHANGE,0,27.7203836700493,-0.229286097414664,-4.90221594174192
P26350,Ptma,1276800000.0,740520000.0,603650000,673820000,0.608462,0.373806510898568,0.99997988173566,False,UP,0,29.5526934868258,1.00282860196382,-4.66653046378503
P70202,Lxn,1049100000.0,1084900000.0,818800000,779620000,0.417144,0.480551344520425,0.99997988173566,False,NO CHANGE,0,29.7821379252349,0.778632174827215,-4.75585322203819
P32067,Ssb,98309000.0,76592000.0,69842000,142070000,-0.199054,0.778537250508257,0.99997988173566,False,NO CHANGE,0,26.4702821940829,-0.301250070144083,-4.89113293898557
Q8VCA8,Scrn2,638800000.0,236020000.0,340230000,106380000,1.029268,0.34218930486033,0.99997988173566,False,UP,0,28.0179274412727,1.07979398700636,-4.63382677969703
P59024,Fkbp14,105540000.0,85696000.0,68623000,81239000,0.349041,0.562491450446971,0.99997988173566,False,NO CHANGE,0,26.3284492962481,0.631833774332687,-4.80717871752899
Q8BGB7,Enoph1,389650000.0,262370000.0,514700000,336040000,-0.379292,0.570330969451635,0.99997988173566,False,NO CHANGE,0,28.4419613439327,-0.61860998015344,-4.81144239493669
Q9D6N1,Ca13,977940000.0,690600000.0,672100000,679410000,0.282319,0.64357919093866,0.99997988173566,False,NO CHANGE,0,29.4730634202115,0.500431877935819,-4.84647783557304
P60670,Nploc4,100130000.0,66538000.0,49442000,84630000,0.335537,0.627380392512475,0.99997988173566,False,NO CHANGE,0,26.1147184524372,0.525809432801586,-4.83944361502347
Q99KP3,Cryl1,293270000.0,306860000.0,322450000,93771000,0.78676,0.398850227623881,0.99997988173566,False,UP,0,27.7669495816193,0.945827555198651,-4.69019834882593
Q8BGD9,Eif4b,136800000.0,151080000.0,25632000,71698000,1.745679,0.0831994682579349,0.99997988173566,False,UP,0,26.2262756736053,2.31257517274991,-4.12899330571505
P56391,Cox6b1,90008000.0,48404000.0,76033000,36080000,0.333677,0.672664439667548,0.99997988173566,False,NO CHANGE,0,25.8092478050692,0.455788441566809,-4.85815551975031
Q8VCR7,Abhd14b,769620000.0,858450000.0,14176000000,26528000000,-4.576399,0.0020357261800598,0.892801304919811,False,DOWN,0,31.8865645588002,-7.29465468142847,-3.47966957126319
Q8VBV7,Cops8,241550000.0,321610000.0,46179000,285120000,1.280378,0.306602841574102,0.99997988173566,False,UP,0,27.4140528085187,1.17455509539709,-4.59270567875722
Q03265,Atp5a1,312260000.0,100500000.0,197850000,156330000,0.010471,0.990214185855128,0.99997988173566,False,NO CHANGE,0,27.3951610095027,0.0130650456704959,-4.91769528373615
P11930,Nudt19,332630000.0,241040000.0,80348000,286400000,0.900413,0.356302614621991,0.99997988173566,False,UP,0,27.6268138542336,1.0446865459999,-4.648837845755
Q3UGR5,Hdhd2,1495600000.0,1073700000.0,778470000,1021500000,0.506956,0.431439701907743,0.99997988173566,False,NO CHANGE,0,29.9855323235185,0.876050100340354,-4.71836516013517
O35295,Purb,267580000.0,513020000.0,371770000,364120000,0.010081,0.988043466612141,0.99997988173566,False,NO CHANGE,0,28.4598771840387,0.0159634550672867,-4.91767017692525
P42669,Pura,568140000.0,762250000.0,231820000,784470000,0.625894,0.497933170958329,0.99997988173566,False,UP,0,28.9807332690234,0.746025736050869,-4.76783874474035
Q71RI9,Ccbl2,556320000.0,347790000.0,377850000,31864000,2.003159,0.228102643246892,0.99997988173566,False,UP,0,27.7109108431873,1.42731943745818,-4.48123791318576
Q99LG2,Tnpo2,40702000.0,0.0,25087000,0,-0.652645,0.732132154398782,0.99997988173566,False,NO CHANGE,2,23.3967560141184,-0.36765598206401,-4.87844021797029
Q9CQI7,Snrpb2,27066000.0,4419600.0,0,6378300,1.07171,0.384880591879979,0.99997988173566,False,NO CHANGE,1,22.8468761503494,0.977227817596625,-4.6772260068326
Q3ULJ0,Gpd1l,78794000.0,28649000.0,19662000,9508500,1.796935,0.0993931338602938,0.99997988173566,False,UP,0,24.6033142418168,2.1504054286975,-4.18604239290893
O35969,Gamt,418970000.0,345090000.0,437710000,661820000,-0.501297,0.440300842282533,0.99997988173566,False,NO CHANGE,0,28.752983220902,-0.857836111069575,-4.72554931538357
Q9DA79,Dpep3,299910000.0,0.0,426730000,7641300,-0.742226,0.822726223406417,0.99997988173566,False,NO CHANGE,1,25.3959543876884,-0.239501086440473,-4.90081693569687
Q9CZU3,Skiv2l2,71435000.0,7706100.0,77947000,0,-0.097133,0.957800259114236,0.99997988173566,False,NO CHANGE,1,24.5324152352862,-0.0563763407399989,-4.91679830991029
Q9DBT5,Ampd2,74943000.0,21958000.0,155030000,19069000,-0.422582,0.7720577178378,0.99997988173566,False,NO CHANGE,0,25.4850579366165,-0.310417344296305,-4.88951880246066
Q9JLV5,Cul3,128750000.0,0.0,80852000,0,-0.056533,0.983958988214438,0.99997988173566,False,NO CHANGE,2,24.0726122324628,-0.0214176538060593,-4.91760934017406
Q3UHX2,Pdap1,69687000.0,26174000.0,0,4433700,3.151832,0.0136676563285926,0.99997988173566,False,NO CHANGE,1,23.772092696563,4.2586793375341,-3.69843253987696
Q8K2V1,Ppp4r1,89889000.0,0.0,6483200,0,1.283908,0.583958751468677,0.99997988173566,False,NO CHANGE,2,22.8845267188854,0.595911641084358,-4.81860736663315
P39061,Col18a1,135700000.0,77184000.0,216350000,808980000,-2.031338,0.0914517437721951,0.99997988173566,False,DOWN,0,27.6244911578644,-2.22589254524456,-4.15901316480981
Q99KJ8,Dctn2,364080000.0,30955000.0,47111000,35239000,1.38156,0.376578820873013,0.99997988173566,False,UP,0,25.9708949106562,0.99635817579004,-4.6692432213596
O35900,Lsm2,114620000.0,1331700.0,32588000,20915000,-1.079375,0.672767103696797,0.99997988173566,False,DOWN,0,24.0982483459986,-0.455632817874141,-4.85819462978686
P50429,Arsb,397850000.0,118940000.0,113500000,113170000,0.940637,0.316866345482654,0.99997988173566,False,UP,0,27.2263353703889,1.14622404840569,-4.6050765207884
P27661,H2afx,129630000.0,69620000.0,0,140510000,2.186142,0.350038837161187,0.99997988173566,False,NO CHANGE,1,25.4083402865828,1.06011075878995,-4.64226062521288
Q9ER10,Prss22,178740000.0,12459000000.0,310460000,6672700000,0.05215,0.985806084243981,0.99997988173566,False,NO CHANGE,0,30.448803043212,0.0189510515712904,-4.91763905122417
P33434,Mmp2,254860000.0,3845300000.0,808230000,1946100000,-0.341275,0.838229790330824,0.99997988173566,False,NO CHANGE,0,30.0534270232473,-0.218115770343586,-4.90367875068375
Q8QZR4,Oaf,493210000.0,888630000.0,365890000,721530000,0.365658,0.633125580325305,0.99997988173566,False,NO CHANGE,0,29.1194883255336,0.516764199058246,-4.84198290615075
P06869,Plau,216140000.0,27233000000.0,327860000,34231000000,-0.465531,0.900703865492693,0.99997988173566,False,NO CHANGE,0,31.4087791905977,-0.133056124718432,-4.91248096854759
P28798,Grn,112930000.0,432150000.0,124140000,712570000,-0.429019,0.750084585610483,0.99997988173566,False,NO CHANGE,0,27.9334149462828,-0.34175063889234,-4.88366555682928
Q07235,Serpine2,251200000.0,251840000.0,0,148290000,3.237086,0.156159157635091,0.99997988173566,False,NO CHANGE,1,26.2875536771239,1.75208225496317,-4.34162360952646
P01887,B2m,23140000000.0,21301000000.0,29945000000,21298000000,-0.185862,0.758850782277709,0.99997988173566,False,NO CHANGE,0,34.4628667282617,-0.329203111058847,-4.88607151561851
P20060,Hexb,196030000.0,812320000.0,63967000,749750000,0.865657,0.609053990674409,0.99997988173566,False,UP,0,28.1391577513817,0.555008140604566,-4.83100954774399
Q00993,Axl,778970000.0,1105300000.0,747760000,1560700000,-0.219381,0.763482287782565,0.99997988173566,False,NO CHANGE,0,29.8990823845836,-0.322599405436731,-4.88730459714967
Q61810,Ltbp3,76573000.0,62985000.0,68945000,72662000,-0.027401,0.962355326825291,0.99997988173566,False,NO CHANGE,0,26.0631194328915,-0.0502842113051741,-4.9169920118399
O35188,Cx3cl1,1318500000.0,1263700000.0,956850000,1116700000,0.320473,0.586237666237089,0.99997988173566,False,NO CHANGE,0,30.1053923355763,0.592150444565857,-4.81977550018402
Q07079,Igfbp5,178840000.0,317510000.0,189140000,197790000,0.301024,0.648935638643577,0.99997988173566,False,NO CHANGE,0,27.6776486266998,0.492124082703727,-4.84871915746354
Q8BHN0,Ppm1l,72094000.0,18761000.0,109330000,64632000,-1.192625,0.264671222875391,0.99997988173566,False,DOWN,0,25.7286171603522,-1.30049112504921,-4.53724837395676
P13595,Ncam1,133660000.0,1317100000.0,122600000,1231500000,0.110779,0.952842923425608,0.99997988173566,False,NO CHANGE,0,28.5889658744535,0.0630094725990302,-4.91656231068051
Q9DAN8,Cst12,10906000000.0,2750900000.0,2644700000,5661500000,0.501333,0.633632522927105,0.99997988173566,False,NO CHANGE,0,32.1001634224911,0.515968459148938,-4.84220460541558
Q3UHN9,Ndst1,129110000.0,59251000.0,104570000,132420000,-0.428039,0.563758220034276,0.99997988173566,False,NO CHANGE,0,26.5962003109827,-0.629688484666635,-4.80787480765465
P82198,Tgfbi,183100000.0,2214900000.0,222530000,820200000,0.575913,0.728747900248041,0.99997988173566,False,NO CHANGE,0,28.9583690185201,0.372572570619486,-4.87740971759994
P63037,Dnaja1,103690000.0,68633000.0,44486000,32413000,1.151592,0.128078907069854,0.99997988173566,False,UP,0,25.754254468436,1.92480208993556,-4.27161319859072
Q9CR51,Atp6v1g1,94648000.0,35227000.0,46419000,29438000,0.643429,0.4540474299582,0.99997988173566,False,UP,0,25.4614088492563,0.830160703638193,-4.73631769225143
P63001;P60764,Rac1;Rac3,172000000.0,586790000.0,271620000,1194600000,-0.842396,0.496989864006715,0.99997988173566,False,DOWN,0,28.6642493301297,-0.747772832343935,-4.76720438684006
Q8R1F1,Fam129b,189640000.0,241310000.0,121240000,283430000,0.206646,0.783479751472391,0.99997988173566,False,NO CHANGE,0,27.5691770661865,0.294278266864775,-4.89233034467145
Q8BVQ5,Ppme1,195360000.0,90463000.0,151260000,105060000,0.076645,0.917249741838303,0.99997988173566,False,NO CHANGE,0,26.9478694752624,0.110759323284435,-4.91409390766294
Q9DB05,Napa,194310000.0,125010000.0,75100000,42161000,1.469769,0.088968065453097,0.99997988173566,False,UP,0,26.4807421240603,2.25102226818479,-4.15019791626564
O70318,Epb41l2,396200000.0,157550000.0,59930000,22735000,2.758851,0.0351560280103214,0.99997988173566,False,UP,0,26.5170187147986,3.16120117634815,-3.89032108300694
O70492,Snx3,318510000.0,322250000.0,281880000,271010000,0.213046,0.711361813303865,0.99997988173566,False,NO CHANGE,0,28.1486613172652,0.39800734761622,-4.87188437231221
Q9EQX4,Aif1l,71841000.0,97886000.0,0,19117000,2.877652,0.0210363981385378,0.99997988173566,False,NO CHANGE,1,24.8826255818044,3.73196172795202,-3.77755403254619
P54823,Ddx6,312700000.0,471000000.0,230450000,310980000,0.519615,0.433062914935412,0.99997988173566,False,NO CHANGE,0,28.2558702206819,0.872690826086202,-4.71969575324799
Q8K310,Matr3,229650000.0,337280000.0,79993000,66982000,1.926796,0.0298918207712498,0.99997988173566,False,UP,0,27.0887184036781,3.33546215330129,-3.85240582313501
P62264,Rps14,69738000.0,108440000.0,3800400,125310000,1.994559,0.352718646222033,0.99997988173566,False,UP,0,25.3766023956365,1.05348185740194,-4.6450908810823
P16110,Lgals3,126760000.0,70218000.0,23095000,50856000,1.460935,0.120283246613941,0.99997988173566,False,UP,0,25.7609634403036,1.98013158839902,-4.2499813016794
Q8BY87,Usp47,275300000.0,487840000.0,6649600,235390000,3.211474,0.174222842275919,0.99997988173566,False,UP,0,26.843394025871,1.65773238002154,-4.38128723989933
Q8BFY9,Tnpo1,302070000.0,224510000.0,354340000,243770000,-0.174496,0.781991099720327,0.99997988173566,False,NO CHANGE,0,28.0435041441083,-0.296376266090318,-4.89197276385796
Q8BG95,Ppp1r12b,40161000.0,27278000.0,10274000,12586000,1.541358,0.0578739167680533,0.99997988173566,False,UP,0,24.2095843868106,2.65601529363146,-4.02070710368199
Q99JI6;P62835,Rap1b;Rap1a,108120000.0,100260000.0,328140000,401500000,-1.801666,0.0309360086401881,0.99997988173566,False,DOWN,0,27.5344475120721,-3.29813442130524,-3.8602507940162
Q9WUL7,Arl3,448730000.0,271970000.0,506320000,285320000,-0.121668,0.863585602266628,0.99997988173566,False,NO CHANGE,0,28.4409061372407,-0.183399643722142,-4.90777365055356
Q9DBG9,Tax1bp3,286650000.0,171860000.0,116250000,297100000,0.256172,0.755748614721882,0.99997988173566,False,NO CHANGE,0,27.5976006092314,0.333636058216719,-4.88523091370334
P48036,Anxa5,125560000.0,203640000.0,38794000,90850000,1.429467,0.125287646511901,0.99997988173566,False,UP,0,26.5378902009542,1.94417891483007,-4.26399142195022
P42225,Stat1,99904000.0,15203000.0,414930000,32796000,-1.581709,0.409451553598646,0.99997988173566,False,DOWN,0,26.0068002669137,-0.922619699331141,-4.69967325768711
Q8K354,Cbr3,216520000.0,481340000.0,137000000,298880000,0.673907,0.440360431683677,0.99997988173566,False,UP,0,27.9292494752714,0.857714642788425,-4.72559697331621
Q9DCH4,Eif3f,203420000.0,296700000.0,0,131760000,3.383613,0.145278355148223,0.99997988173566,False,NO CHANGE,1,26.1803513253696,1.81470323665105,-4.31582702911876
Q9CQW1,Ykt6,175930000.0,157380000.0,340140000,242520000,-0.787489,0.237590157294272,0.99997988173566,False,DOWN,0,27.7037962919838,-1.39257493902486,-4.49655474492472
Q9CX56,Psmd8,1257700000.0,463370000.0,728690000,569130000,0.245409,0.761201383418424,0.99997988173566,False,NO CHANGE,0,29.3851607578697,0.325849400050806,-4.88670060969444
Q9QZQ8,H2afy,105950000.0,161940000.0,63189000,268740000,0.007443,0.994092586115308,0.99997988173566,False,NO CHANGE,0,26.9611246046117,0.0078868124034357,-4.9177276600686
O88685,Psmc3,203020000.0,156770000.0,111010000,86903000,0.861052,0.203975623240355,0.99997988173566,False,UP,0,26.9800344828367,1.52270411364142,-4.43944197104151
Q9CQJ6,Denr,165630000.0,132670000.0,130150000,356240000,-0.538609,0.515287105690699,0.99997988173566,False,NO CHANGE,0,27.4126325125516,-0.714318841947027,-4.77919009297659
Q8VEB4,Pla2g15,280610000.0,192170000.0,98507000,0,3.165047,0.102429740808372,0.99997988173566,False,NO CHANGE,1,26.2083760465416,2.12330695367241,-4.19594509849326
Q9CQE8,,150690000.0,30124000.0,65407000,14260000,1.141503,0.417681390473875,0.99997988173566,False,UP,0,25.4349577022438,0.904950600088403,-4.70681761022021
P48758,Cbr1,240780000.0,549210000.0,276090000,469170000,0.014912,0.984821625687801,0.99997988173566,False,NO CHANGE,0,28.4305054733657,0.02026567309282,-4.91762366790063
Q8BP40,Acp6,632940000.0,503420000.0,389420000,285050000,0.760645,0.254936120705005,0.99997988173566,False,UP,0,28.6920180741517,1.33247869915924,-4.52310671294736
Q8VCT3,Rnpep,281060000.0,217140000.0,24696000,897410000,0.730694,0.724911505120299,0.99997988173566,False,UP,0,27.5148298124392,0.378159265537041,-4.87622390729446
P63168,Dynll1,200260000.0,24446000.0,54928000,78055000,0.095684,0.941441139567986,0.99997988173566,False,NO CHANGE,0,26.0123550680657,0.0782793665254175,-4.91591972050877
Q8BI84,Mia3,65140000.0,8928500.0,19471000,0,1.316567,0.389431138722397,0.99997988173566,False,NO CHANGE,1,23.8652300115101,0.966893093969366,-4.68151407025935
Q9Z1B5,Mad2l1,137880000.0,77938000.0,334730000,307430000,-1.629722,0.0574472493602979,0.99997988173566,False,DOWN,0,27.4421917169961,-2.66321224656543,-4.01861617309474
Q9EQS3,Mycbp,158840000.0,26553000.0,120140000,32751000,0.050097,0.970204696184513,0.99997988173566,False,NO CHANGE,0,25.9276368768791,0.0397914815065446,-4.91727384483208
Q9DCT5,Sdf2,114800000.0,182610000.0,69536000,109430000,0.731024,0.312263208195076,0.99997988173566,False,UP,0,26.743856934728,1.15882293971512,-4.59958201713244
P47941,Crkl,250590000.0,164800000.0,276300000,66179000,0.587682,0.564687800159061,0.99997988173566,False,UP,0,27.3046062704949,0.628116328819566,-4.80838385545867
P11031,Sub1,529760000.0,242210000.0,338590000,324570000,0.111764,0.87582738552521,0.99997988173566,False,NO CHANGE,0,28.3603413512593,0.166739790860692,-4.9094938540715
Q9DBP5,Cmpk1,977590000.0,776380000.0,923890000,1094000000,-0.206635,0.728822362017131,0.99997988173566,False,NO CHANGE,0,29.8017383607128,-0.372464276726544,-4.8774325477058
P54726,Rad23a,202920000.0,84519000.0,88761000,0,2.369639,0.183683297699403,0.99997988173566,False,NO CHANGE,1,25.7797343450832,1.61235158803608,-4.40066893879178
P52503,Ndufs6,31868000.0,20153000.0,54208000,6380800,0.446394,0.739065228177021,0.99997988173566,False,NO CHANGE,0,24.3718511881733,0.357617132696431,-4.88050608054312
P47738,Aldh2,257710000.0,308420000.0,219950000,432110000,-0.128965,0.851435856364916,0.99997988173566,False,NO CHANGE,0,28.1352295245012,-0.199997111658465,-4.90590152716514
P28656,Nap1l1,595960000.0,838090000.0,206570000,1277900000,0.459993,0.696474549310886,0.99997988173566,False,NO CHANGE,0,29.1665883763523,0.420035455522786,-4.86684019009265
Q78ZA7,Nap1l4,422580000.0,486470000.0,7522600,204750000,3.530168,0.120842715731863,0.99997988173566,False,UP,0,26.9911282513546,1.97603160048738,-4.25157025978155
Q8BQ47,Cnpy4,134660000.0,205190000.0,120810000,138750000,0.360527,0.569595314529705,0.99997988173566,False,NO CHANGE,0,27.1283021195933,0.619845611937538,-4.81104675100052
P62814,Atp6v1b2,430210000.0,81652000.0,1069900000,246750000,-1.454926,0.314287781424063,0.99997988173566,False,DOWN,0,28.2091885909461,-1.15326049733648,-4.602009270079
Q6NZJ6,Eif4g1,269390000.0,333340000.0,90554000,230340000,1.053038,0.222939899741439,0.99997988173566,False,UP,0,27.6322512557604,1.44684068373648,-4.47264972941421
Q9QXA5,Lsm4,150940000.0,101410000.0,17726000,146500000,1.279668,0.358116927299555,0.99997988173566,False,UP,0,26.2426784317052,1.04026418439697,-4.65071819572913
P49442,Inpp1,386350000.0,285530000.0,446360000,267490000,-0.057071,0.930780849760788,0.99997988173566,False,NO CHANGE,0,28.335735618564,-0.0925768472906237,-4.91519279114816
P62488,Polr2g,119090000.0,71563000.0,77236000,59491000,0.445625,0.506894904708097,0.99997988173566,False,NO CHANGE,0,26.2372814434885,0.729550782495419,-4.77377552164834
Q03958,Pfdn6,127120000.0,95117000.0,94037000,211830000,-0.360121,0.632451594443137,0.99997988173566,False,NO CHANGE,0,26.892468131613,-0.517822740123944,-4.8416875632073
O35344,Kpna3,507600000.0,502080000.0,589840000,175010000,0.651924,0.473800774755144,0.99997988173566,False,UP,0,28.5852673461236,0.791540584957463,-4.75102546605326
Q9D8S9,Bola1,46360000.0,10670000.0,26638000,75029000,-1.007247,0.400773807423179,0.99997988173566,False,DOWN,0,24.9103403742817,-0.941577952484029,-4.69194075250273
Q9WU28,Pfdn5,100960000.0,107240000.0,22639000,90311000,1.202386,0.250350541448229,0.99997988173566,False,UP,0,26.0315454351388,1.34796326781321,-4.51626122969542
Q9JI46,Nudt3,584340000.0,376830000.0,227660000,434490000,0.577259,0.438138156776091,0.99997988173566,False,NO CHANGE,0,28.5171561788404,0.862253661053279,-4.72381379113904
Q9CR68,Uqcrfs1,745560000.0,262490000.0,85198000,371940000,1.313313,0.289693244295535,0.99997988173566,False,UP,0,28.0640618343331,1.22323478552768,-4.57133842827187
Q9D6Y7,Msra,181880000.0,208600000.0,134410000,156110000,0.427261,0.47775144093188,0.99997988173566,False,NO CHANGE,0,27.3236571341289,0.783968934643357,-4.75386281391347
Q4VAA2,Cdv3,148300000.0,116930000.0,55107000,159570000,0.489833,0.56261726003235,0.99997988173566,False,NO CHANGE,0,26.7275899230895,0.631620566202122,-4.80724797362384
P61759,Vbp1,263040000.0,284770000.0,198830000,222170000,0.38094,0.519835765769501,0.99997988173566,False,NO CHANGE,0,27.8374944702022,0.706139440651239,-4.78206743789763
P60867,Rps20,434800000.0,372660000.0,14581000,533400000,2.190416,0.321614710139742,0.99997988173566,False,UP,0,27.4893225867324,1.13340441616537,-4.61065499872061
Q9WUP7,Uchl5,254590000.0,107630000.0,254200000,26123000,1.02245,0.495792651586168,0.99997988173566,False,UP,0,26.7913278931131,0.749993803356083,-4.76639666104389
Q8BPG6,Sumf2,289750000.0,208210000.0,21501000,95083000,2.441557,0.0632460312740373,0.99997988173566,False,UP,0,26.6510705129762,2.57032334669347,-4.04615538788665
P70665,Siae,257630000.0,117500000.0,112580000,83828000,0.840753,0.28992947861684,0.99997988173566,False,UP,0,26.9540287651247,1.22253636888466,-4.57164579128084
P63276,Rps17,135870000.0,127470000.0,27648000,110770000,1.249785,0.236024824441352,0.99997988173566,False,UP,0,26.3467244914809,1.39821073845682,-4.49406794697994
P35585,Ap1m1,411220000.0,352110000.0,279890000,104480000,1.153925,0.196344847062848,0.99997988173566,False,UP,0,27.9264306036506,1.55528675863644,-4.42528250095775
P62082,Rps7,114500000.0,210530000.0,63383000,259810000,0.274874,0.788222220825384,0.99997988173566,False,NO CHANGE,0,27.0726743187234,0.287605104424493,-4.89345191928862
Q8BJW6,Eif2a,79783000.0,404030000.0,73704000,239050000,0.435744,0.72735300862363,0.99997988173566,False,NO CHANGE,0,27.2018604907327,0.37460222035859,-4.87698073624181
P35564,Canx,108230000.0,295470000.0,402970000,639830000,-1.505624,0.127847100027329,0.99997988173566,False,DOWN,0,28.1667930552224,-1.92639365103988,-4.27098531354536
P31230,Aimp1,154750000.0,315520000.0,77155000,515170000,0.148395,0.905652283993278,0.99997988173566,False,NO CHANGE,0,27.6450625110101,0.126379718122701,-4.91299450918543
Q9CXW4,Rpl11,272140000.0,230660000.0,215720000,548710000,-0.457543,0.562678117611281,0.99997988173566,False,NO CHANGE,0,28.1292549270262,-0.631517443265585,-4.80728146491569
Q9QZ23,Nfu1,451710000.0,182010000.0,110270000,100740000,1.443869,0.114183761269439,0.99997988173566,False,UP,0,27.3731976469487,2.02624034264191,-4.23226890241911
Q9D0M5,Dynll2,651570000.0,309740000.0,546220000,474050000,-0.179772,0.7996946804545,0.99997988173566,False,NO CHANGE,0,28.8327995739215,-0.271526263404868,-4.89605506721748
Q91YP3,Dera,206790000.0,112650000.0,31224000,0,3.655893,0.0351671404333577,0.99997988173566,False,NO CHANGE,1,25.3574848926499,3.16086673313523,-3.89039708087071
Q9CR86,Carhsp1,157620000.0,90866000.0,68369000,43946000,1.126523,0.158136993175045,0.99997988173566,False,UP,0,26.2712950273947,1.74120165956372,-4.34615061566552
Q8VDQ1,Ptgr2,450180000.0,295040000.0,217040000,662420000,-0.057147,0.947535786419011,0.99997988173566,False,NO CHANGE,0,28.4697046864736,-0.0701145188136836,-4.91628052707361
P13707,Gpd1,285430000.0,438880000.0,82257000,160740000,1.622012,0.0752404247316854,0.99997988173566,False,UP,0,27.5879004721598,2.40593468267344,-4.09788241634722
Q6P3D0,Nudt16,155550000.0,51327000.0,93096000,16968000,1.168744,0.377614999614944,0.99997988173566,False,UP,0,25.8286366983882,0.993950482322327,-4.67025104515268
Q6P069,Sri,262920000.0,276800000.0,198670000,136230000,0.713525,0.280001953358406,0.99997988173566,False,UP,0,27.650396337046,1.2523657969541,-4.55850233020444
Q9D1J3,Sarnp,181550000.0,189490000.0,330880000,162180000,-0.320708,0.647794550069753,0.99997988173566,False,NO CHANGE,0,27.6270229224322,-0.493890516253105,-4.84824517052348
Q6NSR8,Npepl1,610950000.0,434750000.0,648880000,226050000,0.428323,0.613802019133396,0.99997988173566,False,NO CHANGE,0,28.726883249029,0.547391298771707,-4.83324410008496
P23198,Cbx3,365920000.0,112760000.0,193220000,408170000,-0.467315,0.63008368567849,0.99997988173566,False,NO CHANGE,0,27.8314743184917,-0.521547125357989,-4.84064457443603
Q91WK1,Spryd4,75055000.0,46771000.0,43483000,40904000,0.490435,0.452543334027832,0.99997988173566,False,NO CHANGE,0,25.5750606315364,0.833155696022576,-4.73516126139189
Q6IRU5,Cltb,478870000.0,554100000.0,701790000,640240000,-0.379936,0.52285594364523,0.99997988173566,False,NO CHANGE,0,29.1302829163735,-0.700737501752194,-4.78395593434022
Q505B7,Zbtb8os,234000000.0,238560000.0,235040000,479100000,-0.506186,0.479727148242902,0.99997988173566,False,NO CHANGE,0,28.0689482108538,-0.780200627696365,-4.7552690665884
P56375,Acyp2,145510000.0,139860000.0,193820000,57876000,0.429674,0.629078513379109,0.99997988173566,False,NO CHANGE,0,26.8731388299438,0.523130687058619,-4.84019929696194
Q920B9,Supt16h,473250000.0,1757400000.0,106220000,703610000,1.738071,0.253972353467864,0.99997988173566,False,UP,0,28.895375914487,1.33571027915661,-4.52167798489348
P55821,Stmn2,400270000.0,262070000.0,566450000,582310000,-0.826405,0.22736707242759,0.99997988173566,False,DOWN,0,28.6840901877257,-1.43007342805868,-4.48002546359488
Q922V4,Plrg1,187950000.0,172300000.0,159330000,87999000,0.603847,0.384824765666158,0.99997988173566,False,UP,0,27.1211369057779,0.977355259184342,-4.67717301964462
Q9CQR2,Rps21,266610000.0,159010000.0,1096800000,184190000,-1.126287,0.363631915966599,0.99997988173566,False,DOWN,0,28.180492684202,-1.02694284417951,-4.6563669765557
P56395,Cyb5a,974440000.0,440990000.0,172360000,693960000,0.922521,0.402678497209537,0.99997988173566,False,UP,0,28.8268239612783,0.93738716265383,-4.69365582130906
P52760,Hrsp12,293570000.0,446970000.0,318370000,348540000,0.120927,0.84496479197328,0.99997988173566,False,NO CHANGE,0,28.3719025546345,0.208864738490704,-4.90483691642438
Q9CYW4,Hdhd3,122940000.0,37960000.0,87182000,37096000,0.264534,0.788343229650294,0.99997988173566,False,NO CHANGE,0,25.8934107665849,0.287435039354599,-4.89348018788907
P27048;P63163,Snrpb;Snrpn,728580000.0,726720000.0,438010000,427110000,0.750458,0.234795002844284,0.99997988173566,False,UP,0,29.0634393810966,1.40266480000311,-4.49210316152544
Q8C0C7,Farsa,87910000.0,19525000.0,37281000,27891000,0.361555,0.724319377152654,0.99997988173566,False,NO CHANGE,0,25.1233941775572,0.379022813186798,-4.87603920840068
P17897,Lyz1,0.0,9412500.0,0,1750100,1.441017,0.128034474585774,0.99997988173566,False,NO CHANGE,2,22.1120131512123,1.92510691480879,-4.27149291690167
P21619,Lmnb2,5309000.0,24050000.0,4474600,35650000,-0.160592,0.915937850191159,0.99997988173566,False,NO CHANGE,0,23.5100670749573,-0.112524501652587,-4.91397685404601
Q3TC72,Fahd2,103100000.0,0.0,19711000,49353000,-0.065582,0.966487718234457,0.99997988173566,False,NO CHANGE,1,24.8617750302775,-0.044759418305275,-4.91714857849274
Q3URD3,Slmap,50814000.0,0.0,32144000,0,-0.637203,0.763259494399619,0.99997988173566,False,NO CHANGE,2,23.5044076580581,-0.322916673083224,-4.88724588070966
Q8R326,Pspc1,17760000.0,4183700.0,6750200,18950000,-0.391859,0.730844909247374,0.99997988173566,False,NO CHANGE,0,23.2351673873412,-0.369524792663934,-4.87804996748035
Q91YP2,Nln,214400000.0,116580000.0,209070000,109820000,0.061249,0.934884927261065,0.99997988173566,False,NO CHANGE,0,27.2056127815112,0.0870698898376445,-4.91548710472597
Q9JL35,Hmgn5,369360000.0,97256000.0,47073000,46481000,2.018601,0.0828326091418585,0.99997988173566,False,UP,0,26.4885676383939,2.31665172267825,-4.12760840899561
Q9QXV0,Pcsk1n,98667000.0,33290000.0,106550000,49970000,-0.348432,0.708797570245522,0.99997988173566,False,NO CHANGE,0,25.946541019347,-0.40178465800083,-4.87103632319261
Q3SXD3,Hddc2,233810000.0,200270000.0,28755000,168600000,1.635897,0.199123515072978,0.99997988173566,False,UP,0,26.8711178188179,1.54327360877723,-4.43049481536185
P97930,Dtymk,77344000.0,0.0,89108000,112210000,-2.600175,0.199115502426275,0.99997988173566,False,NO CHANGE,1,25.2752511625924,-1.54330800132638,-4.43047987886919
Q9CXT8,Pmpcb,95952000.0,0.0,0,17073000,1.658924,0.368415899894348,0.99997988173566,False,NO CHANGE,2,23.8008278360407,1.01553148716713,-4.66118680923825
O88967,Yme1l1,91645000.0,0.0,34106000,8975100,-0.458041,0.846359824394524,0.99997988173566,False,NO CHANGE,1,23.8314888663455,-0.206951359275206,-4.90507040847764
Q99JF5,Mvd,104790000.0,0.0,20938000,3178200,0.986621,0.680633076240288,0.99997988173566,False,NO CHANGE,1,23.4530097884787,0.443747797934093,-4.86114797615117
O70325;Q91XR9,Gpx4,70283000.0,0.0,17078000,7509400,0.476741,0.791616865564782,0.99997988173566,False,NO CHANGE,1,23.6713212792237,0.282838145994113,-4.89423835389922
P17095,Hmga1,20457000.0,0.0,3908500,0,1.793297,0.189926350344164,0.99997988173566,False,NO CHANGE,2,22.1503320277147,1.58372125215593,-4.41298651925668
Q8R3B1,Plcd1,56788000.0,17955000.0,39601000,6768100,0.963806,0.471699018582718,0.99997988173566,False,UP,0,24.4465795160044,0.795588786756622,-4.7495020968867
Q91Z31,Ptbp2,252090000.0,0.0,101610000,0,0.980627,0.758870293276987,0.99997988173566,False,NO CHANGE,2,24.3586076162398,0.329175255253909,-4.88607676520505
P60898,Polr2i,39334000.0,17941000.0,5528600,20608000,1.315423,0.241371791269052,0.99997988173566,False,UP,0,24.0053036168242,1.3791108057094,-4.50249872568051
Q99MD6,Txnrd3,99142000.0,61228000.0,140530000,23160000,0.449623,0.704254630527592,0.99997988173566,False,NO CHANGE,0,25.990529018156,0.408493781946741,-4.86951272481376
Q9D868,Ppih,91483000.0,11285000.0,90858000,40712000,-0.920579,0.51044596961434,0.99997988173566,False,DOWN,0,25.3977410993003,-0.723082888262968,-4.77608354554965
O08756,Hsd17b10,71188000.0,32767000.0,60724000,37659000,0.014308,0.984945075800887,0.99997988173566,False,NO CHANGE,0,25.5182814591907,0.0201008185237986,-4.91762565352144
P99028,Uqcrh,43809000.0,5782700.0,20339000,1655900,1.455553,0.452195028038256,0.99997988173566,False,UP,0,23.1962413271812,0.83385038850268,-4.73489271073627
P97450,Atp5j,84788000.0,3266300.0,28889000,6762600,0.25171,0.901856403451543,0.99997988173566,False,NO CHANGE,0,23.8624365386912,0.131500471743467,-4.91260295796737
O09010,Lfng,314150000.0,210270000.0,254710000,312820000,-0.135246,0.828224489022477,0.99997988173566,False,NO CHANGE,0,28.0048960004061,-0.231901979542685,-4.90186324502011
Q61468,Msln,55347000.0,3968000000.0,118180000,2899800000,-0.320975,0.914462252362862,0.99997988173566,False,NO CHANGE,0,28.9643708954166,-0.11451047492004,-4.91384296843095
Q9QXC1,Fetub,529290000.0,183760000.0,448850000,224010000,-0.023958,0.978733156382005,0.99997988173566,False,NO CHANGE,0,28.228344181801,-0.0283971502164278,-4.91750560673485
P10148,Ccl2,525700000.0,871220000.0,1825300000,1647300000,-1.357408,0.0868717952090097,0.99997988173566,False,DOWN,0,30.0127672378608,-2.27285499219409,-4.14261364359659
P47879,Igfbp4,66300000.0,1028800000.0,115690000,655040000,-0.075938,0.967614531895164,0.99997988173566,False,NO CHANGE,0,27.9983794070748,-0.0432532331494045,-4.91718810962644
Q8BX35,Eda2r,70712000.0,54265000.0,55612000,46370000,0.286695,0.636129007156568,0.99997988173566,False,NO CHANGE,0,25.7411379137292,0.512055349297556,-4.84329082605086
Q99KR8,Fuca2,261030000.0,267890000.0,148410000,146390000,0.843226,0.191671046001143,0.99997988173566,False,UP,0,27.5567401749243,1.57589478335589,-4.4163649326053
Q9R1Q9,Atp6ap1,1763700000.0,1150000000.0,1036500000,1433400000,0.224539,0.728530369261904,0.99997988173566,False,NO CHANGE,0,30.29520295923,0.372888968383831,-4.87734298180015
O70340,Nptx2,584850000.0,151240000.0,1452600000,14646000,1.027881,0.705448770197919,0.99997988173566,False,UP,0,27.6339374081034,0.406728115140768,-4.86991583943847
O35988,Sdc4,8525100000.0,4249100000.0,8469700000,4842900000,-0.089654,0.905151756949776,0.99997988173566,False,NO CHANGE,0,32.5316168882751,-0.127054703025977,-4.91294377587706
Q03401,Crisp1,87400000.0,1105500000.0,22614000,2558200000,0.369994,0.901985293250305,0.99997988173566,False,NO CHANGE,0,28.026594150149,0.131326525884905,-4.91261651028023
P04202,Tgfb1,68394000.0,32641000.0,156460000,111500000,-1.483069,0.0959752734943249,0.99997988173566,False,DOWN,0,26.2353088627646,-2.1820346731567,-4.17461709801862
Q91V88,Npnt,78461000.0,46709000.0,7174300,9794300,2.852376,0.0104844976190461,0.99997988173566,False,UP,0,24.4251468023398,4.60719524456359,-3.65617574526703
Q7TMR0,Prcp,304510000.0,557280000.0,486410000,1220200000,-0.903163,0.312414815160118,0.99997988173566,False,DOWN,0,29.0694524101893,-1.15840524303213,-4.59976436086982
P70428,Ext2,445260000.0,557760000.0,117030000,0,4.63699,0.0725486188333803,0.99997988173566,False,NO CHANGE,1,26.574075798096,2.4400810645889,-4.08681897018623
Q6GU68,Islr,241020000.0,489090000.0,469810000,450640000,-0.4224,0.550627219311172,0.99997988173566,False,NO CHANGE,0,28.5662511673683,-0.652089715637926,-4.80052378125319
P15535,B4galt1,324470000.0,636330000.0,405710000,222620000,0.596414,0.448367151545592,0.99997988173566,False,UP,0,28.4611478356898,0.841513500522701,-4.73192254619466
P11214,Plat,130640000.0,1252500000.0,49032000,1236800000,0.716,0.750691752758908,0.99997988173566,False,UP,0,28.233592566249,0.34087947696054,-4.88383525452908
Q8VE43,Metrnl,532460000.0,411310000.0,354590000,234660000,0.698088,0.304113938489954,0.99997988173566,False,UP,0,28.4528305316278,1.18155887852426,-4.58963934319652
Q62059,Vcan,22127000.0,327920000.0,4642900,95298000,2.017768,0.403124038767785,0.99997988173566,False,UP,0,25.335152639835,0.936409293722835,-4.6940555466923
Q91XA2,Golm1,183920000.0,225460000.0,321510000,322890000,-0.661978,0.292667389327856,0.99997988173566,False,DOWN,0,27.932388819898,-1.21448110287169,-4.57518931180418
Q9EPK6,Sil1,236600000.0,294730000.0,242520000,222900000,0.183672,0.754868675083098,0.99997988173566,False,NO CHANGE,0,27.8845108428282,0.334894931642486,-4.88499032173213
Q80VJ3,Dnph1,190290000.0,109990000.0,153230000,84546000,0.346032,0.637268600375594,0.99997988173566,False,NO CHANGE,0,26.9351945837615,0.51027216165228,-4.84378360007634
Q9D6R2,Idh3a,131720000.0,17265000.0,60714000,0,1.542436,0.438714037164305,0.99997988173566,False,NO CHANGE,1,24.7359052179533,0.861075622083665,-4.72427704489861
Q9DCD6,Gabarap,33834000.0,17297000.0,39271000,29508000,-0.492787,0.49375302393448,0.99997988173566,False,NO CHANGE,0,24.7743881799035,-0.75378693686906,-4.76501380261679
Q78PG9,Ccdc25,128870000.0,65440000.0,86667000,136360000,-0.243407,0.738906836922839,0.99997988173566,False,NO CHANGE,0,26.5742088298964,-0.357845985016148,-4.88045956012423
Q8R2G4,Art3,184960000.0,37917000.0,153100000,44317000,0.023862,0.984684633822493,0.99997988173566,False,NO CHANGE,0,26.3075588693991,0.0204486120491101,-4.9176214454806
Q9QUI0;Q62159,Rhoa;Rhoc,303280000.0,158760000.0,77948000,766610000,-0.155789,0.912924964500139,0.99997988173566,False,NO CHANGE,0,27.7870683986332,-0.116580076693611,-4.91370097821598
P28658,Atxn10,217780000.0,242710000.0,333930000,76872000,0.521015,0.605307865060116,0.99997988173566,False,NO CHANGE,0,27.5159699687838,0.561044255262845,-4.82922175147104
Q9CQC6,Bzw1,266280000.0,565310000.0,0,348030000,3.110694,0.233766997964617,0.99997988173566,False,NO CHANGE,1,26.9760706726093,1.40640586292863,-4.49045330787758
Q6PGB6,Naa50,72500000.0,179620000.0,60419000,73148000,0.779518,0.339444429965312,0.99997988173566,False,UP,0,26.3761661173846,1.08677335865693,-4.6308260314822
O89112,Lancl1,167360000.0,85974000.0,62839000,37599000,1.303214,0.132839445769928,0.99997988173566,False,UP,0,26.1862811131872,1.89279353343489,-4.28431040523234
P60766,Cdc42,164270000.0,242740000.0,130040000,439590000,-0.259817,0.775151408608219,0.99997988173566,False,NO CHANGE,0,27.7030734896712,-0.306036443715522,-4.89029577862547
Q8VE62,Paip1,229710000.0,72563000.0,179920000,20471000,1.089055,0.473916261950462,0.99997988173566,False,UP,0,26.3994569395336,0.791318551386023,-4.75110889120233
Q80UG5,2018-09-09 00:00:00,45795000.0,105120000.0,12317000,93733000,1.029974,0.457344817504959,0.99997988173566,False,UP,0,25.533087497122,0.823622521019936,-4.73883450216733
Q9JLT4,Txnrd2,140800000.0,106370000.0,54988000,32913000,1.52441,0.0693296612876192,0.99997988173566,False,UP,0,26.1045889617154,2.48286672481182,-4.07319345557272
Q9DBZ5,Eif3k,124310000.0,144510000.0,61505000,150420000,0.47867,0.538080276518539,0.99997988173566,False,NO CHANGE,0,26.7586456821322,0.673846273868106,-4.79321384369331
P23780,Glb1,338360000.0,250570000.0,36003000,119810000,2.148418,0.0626962208141974,0.99997988173566,False,UP,0,27.0431022796262,2.57870052794358,-4.04362232854276
Q9R0E1,Plod3,106400000.0,295980000.0,115420000,92439000,0.780766,0.363355054987774,0.99997988173566,False,UP,0,27.0125409186325,1.02760730543876,-4.6560857767605
O55057,Pde6d,789650000.0,411480000.0,81819000,76627000,2.847802,0.0113386889678103,0.99997988173566,False,UP,0,27.6625418071424,4.50215300358549,-3.66818134841762
Q9D7X3,Dusp3,88409000.0,93286000.0,81991000,47212000,0.545617,0.420163899137075,0.99997988173566,False,NO CHANGE,0,26.1636149098182,0.89967800891422,-4.70893740033891
P63073,Eif4e,168330000.0,342090000.0,68699000,210210000,0.997738,0.315280338104185,0.99997988173566,False,UP,0,27.3393898982332,1.15054565518303,-4.60319312586782
Q9JHJ0,Tmod3,60611000.0,55402000.0,21651000,58954000,0.697747,0.40297268598015,0.99997988173566,False,UP,0,25.4393819308949,0.936741377867632,-4.69391981982625
Q9JHI5,Ivd,148800000.0,91802000.0,387870000,256260000,-1.431605,0.0860470085097985,0.99997988173566,False,DOWN,0,27.5162131376352,-2.28160860484758,-4.1395922589817
Q9R0N0,Galk1,169650000.0,73096000.0,53206000,24129000,1.635962,0.111920246906705,0.99997988173566,False,UP,0,25.9126564286383,2.044046110719,-4.22550701274634
Q9CYZ2,Tpd52l2,84223000.0,13557000.0,55603000,63755000,-0.817224,0.494113924503409,0.99997988173566,False,DOWN,0,25.4187350246758,-0.753114898290971,-4.76525911536056
Q9WUM3,Coro1b,75874000.0,84415000.0,191180000,53999000,-0.344344,0.704872164947193,0.99997988173566,False,NO CHANGE,0,26.4262210061319,-0.407580498351304,-4.86972142491004
Q9WU84,Ccs,96892000.0,73478000.0,84541000,34045000,0.653298,0.419730642888114,0.99997988173566,False,UP,0,26.0036926696337,0.900596325215612,-4.70856861059876
Q99P72,Rtn4,124250000.0,207360000.0,109220000,185480000,0.173441,0.804794456433543,0.99997988173566,False,NO CHANGE,0,27.1713958013171,0.264406809879155,-4.89716258950847
Q9D6Y9,Gbe1,201980000.0,333620000.0,153770000,245680000,0.417432,0.55133838141092,0.99997988173566,False,NO CHANGE,0,27.7429179358068,0.650867043114752,-4.8009296586794
P97346,Nxn,182200000.0,208490000.0,76073000,38417000,1.850114,0.0465137203236777,0.99997988173566,False,UP,0,26.613118339126,2.87221221969636,-3.96093931907724
Q9QYJ0,Dnaja2,184210000.0,30450000.0,22260000,19059000,1.862398,0.15942547221208,0.99997988173566,False,UP,0,25.2271585947568,1.73419106784546,-4.34907422698844
Q9DBB8,Dhdh,92177000.0,67065000.0,54042000,21689000,1.199461,0.177696405300241,0.99997988173566,False,UP,0,25.6287495305689,1.64077674560946,-4.38850742562259
P35279;P61294,Rab6a;Rab6b,459000000.0,313170000.0,439700000,448060000,-0.227386,0.710784597828472,0.99997988173566,False,NO CHANGE,0,28.6118376692116,-0.398857027116622,-4.87169422403247
Q9D0B6,Pbdc1,215800000.0,264920000.0,322740000,355360000,-0.502201,0.411904026467558,0.99997988173566,False,NO CHANGE,0,28.084151089331,-0.917323376836365,-4.70182124600556
Q91VH6,Memo1,196060000.0,151350000.0,10278000,12247000,3.940526,0.0023034089394216,0.892801304919811,False,UP,0,25.389753675006,7.05421460755056,-3.48889767374268
P26638,Sars,338330000.0,506320000.0,391100000,227300000,0.473173,0.500533062400694,0.99997988173566,False,NO CHANGE,0,28.3880787093094,0.741223386052782,-4.76957774885568
Q64105,Spr,98731000.0,93618000.0,61957000,109430000,0.223543,0.733193086978425,0.99997988173566,False,NO CHANGE,0,26.4068698573789,0.366116900686988,-4.87876027941313
D3Z4S3,Ptrhd1,66831000.0,44522000.0,95805000,68024000,-0.565554,0.400950698700812,0.99997988173566,False,NO CHANGE,0,25.9837918287438,-0.941188034733922,-4.69210046082126
P24452,Capg,642250000.0,2329800000.0,745760000,2292100000,-0.09602,0.930341695087163,0.99997988173566,False,NO CHANGE,0,30.2360694324744,-0.0931663210618006,-4.91516022518924
Q9EPQ7,Stard5,178500000.0,110380000.0,62616000,166510000,0.459095,0.586393101598635,0.99997988173566,False,NO CHANGE,0,26.8350784948599,0.591894260723216,-4.81985486396938
O88587,Comt,137400000.0,114200000.0,113580000,78595000,0.406863,0.519362975973873,0.99997988173566,False,NO CHANGE,0,26.6969654870779,0.70698715764493,-4.78177022375795
Q9JMG1,Edf1,48886000.0,44670000.0,14522000,55363000,0.720783,0.456856834487369,0.99997988173566,False,UP,0,25.1174691388902,0.824587734988417,-4.73846362349615
Q99K41,Emilin1,155020000.0,671780000.0,115330000,493860000,0.435287,0.73371847800411,0.99997988173566,False,NO CHANGE,0,28.0480030504883,0.36535511241584,-4.87891825162283
P42208,2018-09-02 00:00:00,164820000.0,367220000.0,114300000,255510000,0.525665,0.544280588831283,0.99997988173566,False,NO CHANGE,0,27.6113600366465,0.663050583121861,-4.7968616639417
Q91WK2,Eif3h,177840000.0,39121000.0,12826000,78791000,1.391675,0.355849245379514,0.99997988173566,False,UP,0,25.6178850028707,1.04579476478598,-4.64836625308819
Q99JT9,Adi1,98093000.0,96017000.0,658820000,124830000,-1.563133,0.198339978672257,0.99997988173566,False,DOWN,0,27.3137829853837,-1.54664353191085,-4.42903165753806
Q9CQM5,Txndc17,423830000.0,133010000.0,764420000,1089300000,-1.942337,0.0788773799619829,0.99997988173566,False,DOWN,0,28.7941036042267,-2.36194683577219,-4.11238317637643
Q9R059,Fhl3,442370000.0,394010000.0,386360000,222040000,0.51136,0.449442043238007,0.99997988173566,False,NO CHANGE,0,28.3814875424734,0.839356354941592,-4.73276007837196
Q8BH58,Tiprl,101950000.0,396610000.0,178950000,395660000,-0.404117,0.699187480549863,0.99997988173566,False,NO CHANGE,0,27.7852749074685,-0.416003298776204,-4.86778122458628
Q62048,Pea15,71800000.0,145800000.0,11864000,43275000,2.174889,0.0808218811133518,0.99997988173566,False,UP,0,25.5210034094859,2.33936435991196,-4.11993664539159
Q78JW9,Ubfd1,115300000.0,134430000.0,82562000,214320000,-0.095534,0.902434482462832,0.99997988173566,False,NO CHANGE,0,26.9393157481152,-0.130720352182568,-4.91266359962632
Q9D7M8,Polr2d,74026000.0,44618000.0,0,22580000,3.265278,0.0955764238076587,0.99997988173566,False,NO CHANGE,1,24.1436867570624,2.18580760434016,-4.17326382763149
P61600,Naa20,132200000.0,54062000.0,26694000,162310000,0.361035,0.77298379962481,0.99997988173566,False,NO CHANGE,0,26.1526118250823,0.309105181147612,-4.88975259590062
Q8R081,Hnrnpl,155430000.0,203940000.0,129680000,106230000,0.601131,0.346499632795244,0.99997988173566,False,UP,0,27.1070640097654,1.06893574599162,-4.63848472103123
Q9CQR6,Ppp6c,339580000.0,361060000.0,166300000,323500000,0.594218,0.404201520040807,0.99997988173566,False,UP,0,28.0863107523882,0.934048239680938,-4.69501994892495
P46656,Fdx1,101730000.0,39807000.0,84828000,43245000,0.071311,0.933373858921949,0.99997988173566,False,NO CHANGE,0,25.8876889940019,0.089097084633603,-4.91538084894704
O08547,Sec22b,29245000.0,23675000.0,31405000,61333000,-0.738052,0.318070735580589,0.99997988173566,False,DOWN,0,25.0182997151624,-1.14295567758635,-4.60649997276163
Q91VW3,Sh3bgrl3,646340000.0,711560000.0,1041500000,1139200000,-0.683631,0.27492814739157,0.99997988173566,False,DOWN,0,29.6788794519496,-1.26800511023823,-4.55160048143639
P16254,Srp14,152110000.0,78867000.0,32536000,69673000,1.201914,0.183398501834659,0.99997988173566,False,UP,0,26.1057720248462,1.61368170665356,-4.40009831100078
Q8BGC4,Zadh2,164960000.0,208920000.0,50869000,26430000,2.33998,0.022909330280289,0.99997988173566,False,UP,0,26.2979682129336,3.63317575419727,-3.79483478430609
P62313,Lsm6,58148000.0,41467000.0,199080000,65818000,-1.221033,0.203669003182439,0.99997988173566,False,DOWN,0,26.1598596199878,-1.52398901755532,-4.43888227924067
Q9CPT4,Mydgf,1102400000.0,1133700000.0,415170000,1967900000,0.306628,0.766696151016688,0.99997988173566,False,NO CHANGE,0,29.9048822871856,0.318027115741061,-4.88814487848386
Q9Z0P5,Twf2,103250000.0,68981000.0,80869000,8723200,1.667876,0.26492031764702,0.99997988173566,False,UP,0,25.4966929301858,1.29968781035174,-4.53760344708406
P62077,Timm8b,62527000.0,61425000.0,30946000,13288000,1.611714,0.0811208100275558,0.99997988173566,False,UP,0,25.0792922074385,2.33594746314073,-4.12108599556724
Q8QZY1,Eif3l,232010000.0,477660000.0,162970000,324490000,0.533695,0.512578867071369,0.99997988173566,False,NO CHANGE,0,28.0436626314255,0.71921409521633,-4.77745787393135
P49962,Srp9,124260000.0,51048000.0,67221000,53763000,0.405809,0.600723414361274,0.99997988173566,False,NO CHANGE,0,26.0441641996098,0.568463647762459,-4.82700388072661
Q9R0Q6,Arpc1a,146700000.0,119280000.0,167620000,14872000,1.405678,0.361648095007813,0.99997988173566,False,UP,0,26.2761962371756,1.03171392305747,-4.6543465419354
Q99J09,Wdr77,503420000.0,320570000.0,399370000,236450000,0.38657,0.58065402768977,0.99997988173566,False,NO CHANGE,0,28.3883405238168,0.601383175540469,-4.81689824993367
Q91VA6,Poldip2,55159000.0,41836000.0,43950000,0,1.602756,0.250726867858883,0.99997988173566,False,NO CHANGE,1,24.7162891369902,1.346682014793,-4.51682759454186
O54754,Aox1,81691000.0,655280000.0,133850000,165840000,0.634976,0.62643917314882,0.99997988173566,False,UP,0,27.4681171862789,0.527296090809514,-4.83902289759553
O35955,Psmb10,259150000.0,157070000.0,194130000,994540000,-1.122929,0.338289938926945,0.99997988173566,False,DOWN,0,28.1494866414007,-1.08972418608711,-4.62955579842938
O88456,Capns1,192070000.0,226980000.0,102790000,339200000,0.161181,0.853926339029166,0.99997988173566,False,NO CHANGE,0,27.5569331259733,0.196589524671955,-4.90629872682458
P62878,Rbx1,284780000.0,229770000.0,355790000,223350000,-0.140147,0.826043694465445,0.99997988173566,False,NO CHANGE,0,28.0005173818359,-0.234914024082691,-4.90145238487748
Q61838,A2m,481630000.0,354430000.0,382230000,14983000,2.448793,0.237996631448827,0.99997988173566,False,UP,0,27.3977411142642,1.39111753159332,-4.49719795095117
P61290,Psme3,231910000.0,148100000.0,205770000,373100000,-0.580229,0.428982428932952,0.99997988173566,False,NO CHANGE,0,27.7556076823172,-0.881155315133856,-4.71633826379453
Q8C8T8,Tsr2,126860000.0,141180000.0,166750000,98636000,0.06145,0.923703600445296,0.99997988173566,False,NO CHANGE,0,26.9650862429259,0.102081670817241,-4.91464267146704
P04117,Fabp4,44303000.0,52100000.0,29860000,227660000,-0.779168,0.545450075596333,0.99997988173566,False,DOWN,0,25.9074243789919,-0.66102410261642,-4.79754190326389
Q8R0F8,Fahd1,324590000.0,83048000.0,98073000,18578000,1.94352,0.191002627329344,0.99997988173566,False,UP,0,26.3189824845548,1.5788844582534,-4.41507384286537
P61957,Sumo2,1787600000.0,1501100000.0,581110000,1611100000,0.759557,0.372605524570568,0.99997988173566,False,UP,0,30.2295961714245,1.00564470304913,-4.6653478535506
Q9D1D4,Tmed10,222330000.0,43940000.0,69299000,240460000,-0.385197,0.761065196056139,0.99997988173566,False,NO CHANGE,0,26.7511779515399,-0.326043582228101,-4.88666434612256
P08207,S100a10,125030000.0,108690000.0,201670000,136950000,-0.511576,0.425192458233212,0.99997988173566,False,NO CHANGE,0,27.0524595754715,-0.88907684421222,-4.71318205718393
O88545,Cops6,502110000.0,394950000.0,259770000,204340000,0.950734,0.167921451614191,0.99997988173566,False,UP,0,28.2548947467649,1.68941926834442,-4.36786645120592
Q9D6H2,Hspb11,207320000.0,58676000.0,56580000,100440000,0.549002,0.572487163960661,0.99997988173566,False,NO CHANGE,0,26.4422746950879,0.614994563585137,-4.81259674539492
Q6ZWM4,Lsm8,197730000.0,43113000.0,125000000,250160000,-0.937526,0.408985112219726,0.99997988173566,False,DOWN,0,26.9290512231063,-0.923630043526036,-4.69926288305203
Q9Z1D1,Eif3g,63902000.0,92835000.0,83441000,66506000,0.048144,0.937951661695786,0.99997988173566,False,NO CHANGE,0,26.1746893788579,0.0829570362074957,-4.9156952098072
Q91ZW2,Pofut1,249960000.0,101760000.0,155650000,0,2.684024,0.25620982869413,0.99997988173566,False,NO CHANGE,1,25.9068465568612,1.32822622023757,-4.52498683540504
Q9Z2V5,Hdac6,78924000.0,154550000.0,77370000,92554000,0.384198,0.583496989135174,0.99997988173566,False,NO CHANGE,0,26.5266305244352,0.596674930906732,-4.81836963670709
Q91X96,Rabif,128550000.0,42998000.0,17211000,45763000,1.405507,0.205434409983448,0.99997988173566,False,UP,0,25.445006618296,1.51661800542878,-4.44209440796867
Q9D898,Arpc5l,251180000.0,87570000.0,114510000,282480000,-0.278196,0.771309749045972,0.99997988173566,False,NO CHANGE,0,27.2831378917672,-0.311477617651075,-4.88932921904845
Q9CQP3,Chchd5,75391000.0,30875000.0,61442000,46139000,-0.14219,0.853441952688649,0.99997988173566,False,NO CHANGE,0,25.5950075039285,-0.197252059447913,-4.90622201797222
Q9D7I5,Lhpp,222910000.0,114680000.0,139670000,414710000,-0.590025,0.525370761591162,0.99997988173566,False,DOWN,0,27.5474747988664,-0.69625680221745,-4.78551516955571
O70133,Dhx9,38063000.0,91806000.0,78050000,50825000,-0.09148,0.907134427022522,0.99997988173566,False,NO CHANGE,0,25.862725329506,-0.12438139725248,-4.91314314229408
Q8JZM7,Cdc73,89768000.0,33559000.0,98433000,69272000,-0.589257,0.481752760059461,0.99997988173566,False,DOWN,0,26.004575507177,-0.776349592827906,-4.75670212521422
Q9EPB4,Pycard,143250000.0,80011000.0,38344000,279970000,0.04723,0.970388197926131,0.99997988173566,False,NO CHANGE,0,26.650212358006,0.0395462549427705,-4.91727964745756
Q9D1L0,Chchd2,1284000000.0,449210000.0,495550000,543390000,0.549472,0.511801251066299,0.99997988173566,False,NO CHANGE,0,29.2256702559508,0.720623202637718,-4.77695785306423
Q9WVA2,Timm8a1,65543000.0,37248000.0,52291000,48173000,-0.022591,0.97229033668773,0.99997988173566,False,NO CHANGE,0,25.5695946901042,-0.0370044626002387,-4.91733768174267
Q9JMG7,Hdgfrp3,53515000.0,88635000.0,2666500,65204000,2.38492,0.246441180563268,0.99997988173566,False,UP,0,24.8449465472522,1.3613867920869,-4.51032845495707
P62858,Rps28,68272000.0,209040000.0,392600000,338220000,-1.608939,0.112979441323378,0.99997988173566,False,DOWN,0,27.6364665332619,-2.03566500690695,-4.22868434252693
P84104,Srsf3,19670000.0,80536000.0,59736000,27862000,-0.035634,0.972886339686411,0.99997988173566,False,NO CHANGE,0,25.2641292229294,-0.036208097668178,-4.91735507233581
Q6PDG5,Smarcc2,139180000.0,212010000.0,196360000,74526000,0.505884,0.54441228673935,0.99997988173566,False,NO CHANGE,0,27.1030250173274,0.662822224209685,-4.79693838994443
P01942,Hba,148400000.0,283640000.0,100350000,226080000,0.445839,0.588117750840697,0.99997988173566,False,NO CHANGE,0,27.3892812792872,0.589054742114446,-4.82073280659016
Q9D8X1,Cutc,79656000.0,70506000.0,154760000,67311000,-0.445637,0.553507791435828,0.99997988173566,False,NO CHANGE,0,26.3820796864566,-0.647144051327513,-4.8021622629272
P62320,Snrpd3,751460000.0,519230000.0,314640000,443440000,0.741815,0.281641242142366,0.99997988173566,False,UP,0,28.8475525235129,1.24737110853771,-4.56070516155779
P01193,Pomc,345560000.0,408960000.0,476930000,170800000,0.397405,0.628123598213507,0.99997988173566,False,NO CHANGE,0,28.2871701291094,0.524636499988864,-4.83977488165999
Q62093,Srsf2,176760000.0,133180000.0,141680000,165790000,0.001588,0.997876969587215,0.99997988173566,False,NO CHANGE,0,27.1922153562767,0.0028343625762671,-4.9177438252893
P62309,Snrpg,51136000.0,13945000.0,35815000,145690000,-1.435653,0.271056506560535,0.99997988173566,False,DOWN,0,25.3883669493355,-1.28012730744336,-4.54624697764912
P01902,H2-K1,27759000.0,37434000.0,21383000,28961000,0.373365,0.554313060738114,0.99997988173566,False,NO CHANGE,0,24.7554667905515,0.645764690852722,-4.80261768303237
P11352,Gpx1,34850000.0,28121000.0,23528000,65005000,-0.321061,0.693647941108603,0.99997988173566,False,NO CHANGE,0,25.0604306477837,-0.424245312525847,-4.86584928547299
P30999,Ctnnd1,40450000.0,26216000.0,41512000,33877000,-0.203624,0.747365004567574,0.99997988173566,False,NO CHANGE,0,25.0586021250008,-0.345656582068511,-4.88289985227423
P49443,Ppm1a,18848000.0,11373000.0,103840000,108270000,-2.856414,0.0091211993339443,0.99997988173566,False,DOWN,0,25.2317157476907,-4.79852329347485,-3.63577281412728
P61967,Ap1s1,54147000.0,6837000.0,45693000,73393000,-1.589649,0.263234649334247,0.99997988173566,False,DOWN,0,24.9924797579022,-1.30513840143278,-4.53519411910821
Q03173,Enah,46313000.0,6616400.0,11027000,4478200,1.316752,0.345151633779382,0.99997988173566,False,UP,0,23.4028883608805,1.0723183443902,-4.63703506521207
Q3TIV5,Zc3h15,40767000.0,7947600.0,747850000,53928000,-3.479859,0.109040371949867,0.99997988173566,False,DOWN,0,25.8414227940514,-2.0672847097106,-4.21674822445967
Q571I9,Aldh16a1,35640000.0,0.0,24519000,35550000,-1.085843,0.389851794270504,0.99997988173566,False,NO CHANGE,1,24.2724502395608,-0.965943019038117,-4.68190738271643
Q61545,Ewsr1,51872000.0,8439900.0,27034000,27273000,-0.375997,0.745190908185111,0.99997988173566,False,NO CHANGE,0,24.5066222146308,-0.348783707633744,-4.88228112230721
Q64345,Ifit3,96273000.0,0.0,33123000,16207000,-0.205994,0.911645546987408,0.99997988173566,False,NO CHANGE,1,24.3627248935988,-0.118302991745889,-4.91358085398894
Q6P8X1,Snx6,19388000.0,0.0,16003000,22125000,-0.651127,0.434349145388086,0.99997988173566,False,NO CHANGE,1,23.839943190349,-0.870036276336558,-4.7207454382261
Q99K70;Q7TT45,Rragc;Rragd,222670000.0,71818000.0,209260000,20944000,0.93371,0.549108021688636,0.99997988173566,False,UP,0,26.4472322730837,0.654705317048472,-4.7996537289353
Q8BH69,Sephs1,128670000.0,80927000.0,391690000,217860000,-1.517372,0.0841974704771153,0.99997988173566,False,DOWN,0,27.3632953526453,-2.30158747084551,-4.13273811372689
Q8K2C9,Hacd3,44078000.0,0.0,4699000,47701000,0.128103,0.942282825453587,0.99997988173566,False,NO CHANGE,1,23.8997707621069,0.0771514067817437,-4.91597191846028
Q99PL5,Rrbp1,52291000.0,19004000.0,69220000,32693000,-0.593652,0.520116327562536,0.99997988173566,False,DOWN,0,25.2067557848152,-0.705636657511925,-4.78224360704581
Q9CR81,Tex12,18482000.0,0.0,20456000,0,0.141592,0.920419283702005,0.99997988173566,False,NO CHANGE,2,23.0169561149416,0.106496404647425,-4.91436903171562
Q9CY52,Thg1l,26480000.0,16052000.0,22353000,12795000,0.285804,0.687682253159293,0.99997988173566,False,NO CHANGE,0,24.1544228640883,0.433160243072825,-4.86372275928827
Q9CZL5,Pcbd2,38074000.0,9605800.0,470610000,7483200,-1.633702,0.519625776742034,0.99997988173566,False,DOWN,0,25.0057394471995,-0.706515883367751,-4.78193548360387
Q9D7G0,Prps1,36586000.0,0.0,13039000,0,0.459781,0.703037299782745,0.99997988173566,False,NO CHANGE,2,23.5529200717047,0.410295319019268,-4.86909984718808
Q9DAU1,Cnpy3,85770000.0,15254000.0,52138000,84406000,-0.87501,0.459426783553571,0.99997988173566,False,DOWN,0,25.5458320453711,-0.819513653156492,-4.74041069108642
Q9DB16,Cab39l,72592000.0,0.0,18077000,0,0.152316,0.948132341856034,0.99997988173566,False,NO CHANGE,2,23.2159017317103,0.0693156540164553,-4.91631370521657
Q9ER00,Stx12,13731000.0,38660000.0,31551000,8074500,0.529574,0.635316978945838,0.99997988173566,False,NO CHANGE,0,24.1928488887754,0.513327146484943,-4.84293852484888
Q9R0D8,Wdr54,204860000.0,0.0,91532000,0,-0.592281,0.853002625720191,0.99997988173566,False,NO CHANGE,2,24.2494852606902,-0.1978530559132,-4.9061522175531
Q8BJD1,Itih5,64198000.0,0.0,86892000,10828000,-1.413872,0.545550716151618,0.99997988173566,False,NO CHANGE,1,24.1635558831165,-0.660849856472907,-4.79760032646449
P97300,Nptn,93718000.0,31558000.0,17762000,86908000,0.469024,0.699137157514117,0.99997988173566,False,NO CHANGE,0,25.462150405921,0.416078018362802,-4.86776385811487
Q61592,Gas6,121870000.0,159050000.0,34084000,0,3.69182,0.0490294234506218,0.99997988173566,False,NO CHANGE,1,25.2069263178436,2.81938610202004,-3.97497148509167
Q8BPA8,Dpcd,53162000.0,0.0,14081000,0,1.000151,0.501281335306151,0.99997988173566,False,NO CHANGE,2,23.5656757038537,0.739844709571313,-4.77007570999127
Q64520,Guk1,104870000.0,28730000.0,113550000,108010000,-1.01263,0.303449343205956,0.99997988173566,False,DOWN,0,26.2163558892203,-1.18343815520262,-4.58881607477829
Q8R1G2,Cmbl,49882000.0,0.0,12225000,0,0.273926,0.900628283955037,0.99997988173566,False,NO CHANGE,2,22.798705153387,0.133158155883751,-4.9124729181357
P15105,Glul,97822000.0,69765000.0,51321000,174340000,-0.195359,0.828708586361983,0.99997988173566,False,NO CHANGE,0,26.3975075125521,-0.231233713954228,-4.90195371147556
Q9ET26,Rnf114,45353000.0,7919700.0,7367700,3808700,1.839029,0.171511535494476,0.99997988173566,False,UP,0,23.2563397782592,1.67121588122637,-4.37556462023818
Q9CPT3,Nanp,97414000.0,28365000.0,42232000,22267000,0.777499,0.434562102566282,0.99997988173566,False,UP,0,25.2588678543317,0.869597392793469,-4.72091883395826
Q8BU85,Msrb3,92255000.0,26481000.0,29745000,0,2.766558,0.175855979100903,0.99997988173566,False,NO CHANGE,1,24.175510086142,1.64971671761227,-4.3846972613725
Q9D6L8,Ppil3,55791000.0,0.0,6987000,67599000,-0.68319,0.743589414605058,0.99997988173566,False,NO CHANGE,1,24.0317749026766,-0.35108988325543,-4.88182158474506
Q61845,Meig1,98093000.0,20510000.0,52645000,9517300,1.002778,0.487275770888251,0.99997988173566,False,UP,0,24.9173462766013,0.765912467104897,-4.7605650815062
Q9CQE6,Asf1a,56987000.0,29896000.0,7979200,0,3.067755,0.0195017501086666,0.99997988173566,False,NO CHANGE,1,23.7649117151583,3.82113016347882,-3.76267087132779
Q99MR6,Srrt,16357000.0,9677400.0,269820000,20110000,-2.549619,0.158615816436077,0.99997988173566,False,DOWN,0,24.8596061735466,-1.73858931682782,-4.34723941919931
Q9D385,Arl2bp,26757000.0,0.0,30258000,8798000,-1.196343,0.49656428128671,0.99997988173566,False,NO CHANGE,1,23.361607466959,-0.748561874208438,-4.76691759433752
Q8R5M8,Cadm1,215170000.0,45356000.0,147090000,96436000,-0.26975,0.798751618642501,0.99997988173566,False,NO CHANGE,0,26.6927210458263,-0.27284465550651,-4.89584692631407
Q9QZH3,Ppie,91798000.0,6120600.0,48278000,13524000,-0.10834,0.950332406114006,0.99997988173566,False,NO CHANGE,0,24.5527705507983,-0.0663699581649419,-4.91643277097383
Q9ERR7,2018-09-15 00:00:00,61456000.0,7720000.0,11836000,22178000,0.426958,0.748035819770992,0.99997988173566,False,NO CHANGE,0,24.163131037497,0.344692542956628,-4.88308957447493
Q3V4B5,Commd6,4902200.0,4066400.0,2684400,0,0.393813,0.545191743491702,0.99997988173566,False,NO CHANGE,1,21.8932529846073,0.661471475140705,-4.79739185461677
Q8BYA0,Tbcd,19867000.0,6180500.0,10830000,0,0.208544,0.810893977318289,0.99997988173566,False,NO CHANGE,1,23.2973096499884,0.255913293027644,-4.89844740047587
Q9R0P4,Smap,39319000.0,0.0,37951000,0,0.128528,0.95001522113122,0.99997988173566,False,NO CHANGE,2,23.3744996418005,0.06679459613784,-4.9164159247868
Q3B7Z2,Osbp,40668000.0,14679000.0,0,20393000,0.899757,0.36442135619315,0.99997988173566,False,NO CHANGE,1,24.0924418664948,1.02505066014007,-4.65716742057778
Q5SW19,Cluh,38430000.0,0.0,35708000,7394000,-0.455174,0.784480856756184,0.99997988173566,False,NO CHANGE,1,23.7262470439941,-0.292868275496818,-4.89256932922703
P07742,Rrm1,44437000.0,0.0,8217900,0,0.856487,0.642575995921521,0.99997988173566,False,NO CHANGE,2,22.7922592292843,0.501992346149643,-4.8460534288981
Q60876,Eif4ebp1,32083000.0,12559000.0,17941000,46912000,-0.531343,0.577038163113544,0.99997988173566,False,NO CHANGE,0,24.5244336543721,-0.607393662010866,-4.81500750534016
Q921H9,Coa7,49995000.0,0.0,24021000,0,0.37066,0.823869021391458,0.99997988173566,False,NO CHANGE,2,23.6399147370936,0.237920243185922,-4.90103725856338
Q9JJ94,Ssna1,66274000.0,8374300.0,38830000,23041000,-0.344446,0.792450242933636,0.99997988173566,False,NO CHANGE,0,24.6619613000412,-0.281669081515065,-4.89442933814215
P61164;Q8R5C5,Actr1a;Actr1b,104130000.0,65039000.0,141890000,187500000,-0.98695,0.179454770828496,0.99997988173566,False,DOWN,0,26.7877813249191,-1.63232556741703,-4.39211585644908
P60487,Pdxp,46504000.0,23770000.0,42602000,10138000,0.677901,0.526475122871039,0.99997988173566,False,UP,0,24.6477944009679,0.694294068496219,-4.78619610841668
P62073,Timm10,46072000.0,5155000.0,31491000,8967400,-0.124883,0.933629764434984,0.99997988173566,False,NO CHANGE,0,23.9399056112492,-0.08875373904532,-4.91539901643796
Q9DCB8,Isca2,58545000.0,7366600.0,4321700,14259000,1.403537,0.356456887707807,0.99997988173566,False,UP,0,23.6060367684078,1.04430972693957,-4.64899816256968
Q6PAV2,Herc4,69363000.0,0.0,13816000,0,0.77863,0.71349301407991,0.99997988173566,False,NO CHANGE,2,23.1728350923738,0.394873146798921,-4.87258267865003
Q91WM2,Cecr5,293950000.0,17404000.0,598190000,352160000,-2.681887,0.165534193469046,0.99997988173566,False,DOWN,0,27.432898871181,-1.70175273559151,-4.36266922102769
Q80Y81,Elac2,115240000.0,12278000.0,27274000,0,1.667078,0.339854035860997,0.99997988173566,False,NO CHANGE,1,24.3312802659129,1.08572861464811,-4.63127554191596
Q9DAS9,Gng12,50878000.0,27860000.0,144310000,57081000,-1.269436,0.181202928034745,0.99997988173566,False,DOWN,0,25.8008334635647,-1.62400891883462,-4.39567297465965
Q61133,Gstt2,170600000.0,201960000.0,134850000,239780000,0.04581,0.944521381098418,0.99997988173566,False,NO CHANGE,0,27.4448632790009,0.0741520682950779,-4.91610704801392
P03958,Ada,78464000.0,21056000.0,43261000,59286000,-0.317248,0.736714173557304,0.99997988173566,False,NO CHANGE,0,25.4352518528768,-0.361016413442454,-4.87981232238837
Q3THW5;P0C0S6,H2afv;H2afz,34143000.0,0.0,0,30886000,-1.37455,0.563943729720447,0.99997988173566,False,NO CHANGE,2,22.9999347589372,-0.629374599104189,-4.80797651332724
Q9DD18,Dtd1,90816000.0,0.0,168490000,30045000,-1.441413,0.432312683871699,0.99997988173566,False,NO CHANGE,1,25.3636480479074,-0.874242157533224,-4.71908158779803
Q3TMH2,Scrn3,133770000.0,42929000.0,31353000,0,2.722101,0.106660677079441,0.99997988173566,False,NO CHANGE,1,24.8142639696931,2.08700616539924,-4.20937437663225
Q9Z0H6,Cst9,121730000.0,32513000.0,14727000,33257000,1.507254,0.193720532728934,0.99997988173566,False,UP,0,25.1531844496944,1.56679478612815,-4.42029888509169
P09056,Lif,111650000.0,2055000000.0,956040000,1917600000,-1.499126,0.411752772036721,0.99997988173566,False,DOWN,0,29.5850124165225,-0.917649254321349,-4.70168924022806
Q99KG5,Lsr,71368000.0,726510000.0,101680000,408250000,0.160422,0.919728379511867,0.99997988173566,False,NO CHANGE,0,27.6823799404833,0.107425435898542,-4.91430998482206
O09114,Ptgds,97086000.0,170070000.0,98009000,571370000,-0.880974,0.466447277828479,0.99997988173566,False,DOWN,0,27.3776435793077,-0.80576632454566,-4.74565291055872
P49935,Ctsh,27349000.0,964430000.0,146050000,894170000,-1.153887,0.617128051215443,0.99997988173566,False,DOWN,0,27.851986763612,-0.542077637510078,-4.83478868651344
P47931,Fst,100410000.0,1232700000.0,28081000,1562800000,0.747963,0.779979587840163,0.99997988173566,False,UP,0,28.0162698244677,0.299213695670589,-4.89148538711569
O88593,Pglyrp1,137270000.0,3946100000.0,69133000,5422900000,0.265466,0.931264489171189,0.99997988173566,False,NO CHANGE,0,29.3223775273936,0.0919277086255073,-4.91522841578532
P04186,Cfb,45135000.0,9885000000.0,40458000,9387000000,0.116199,0.978166032162645,0.99997988173566,False,NO CHANGE,0,29.2570689431356,0.0291546846169161,-4.91749260010652
O54775,Wisp1,182740000.0,95556000.0,55410000,145760000,0.556199,0.52785700358466,0.99997988173566,False,NO CHANGE,0,26.6994307504363,0.691842314060304,-4.78704492272841
Q00731,Vegfa,330420000.0,334370000.0,260580000,375590000,0.087431,0.885095405243477,0.99997988173566,False,NO CHANGE,0,28.2645826186607,0.154165496991035,-4.91068607603261
Q8R2G6,Ccdc80,54107000.0,1120600000.0,16123000,723370000,1.18908,0.667333903052598,0.99997988173566,False,UP,0,27.2809278922527,0.463886985204989,-4.85610473072853
Q8BSU2,Cxcl16,96838000.0,657450000.0,151130000,788420000,-0.452114,0.764721771619087,0.99997988173566,False,NO CHANGE,0,28.136744962295,-0.320835049111489,-4.88763015508687
Q9JHE3,Asah2,99939000.0,27563000.0,33623000,23250000,0.908551,0.35819188361351,0.99997988173566,False,UP,0,25.1911116328719,1.04008190949633,-4.65079564394663
Q8CD91,Smoc2,226200000.0,533140000.0,183270000,543870000,0.13744,0.885163986966153,0.99997988173566,False,NO CHANGE,0,28.3027612220205,0.154072565703279,-4.91069454609195
P97873,Loxl1,54536000.0,435410000.0,44739000,371310000,0.257713,0.881428193788007,0.99997988173566,False,NO CHANGE,0,27.0703958641502,0.159137177975614,-4.91022563691344
O35657,Neu1,199870000.0,134570000.0,58308000,76201000,1.298886,0.0934751249658502,0.99997988173566,False,UP,0,26.6396913453243,2.20598069300212,-4.16606302248779
P19788,Mgp,28777000.0,60711000.0,22289000,35926000,0.562757,0.469362625248902,0.99997988173566,False,NO CHANGE,0,25.0355552496377,0.800105525745853,-4.74779723434436
Q9WTZ2,Mbtps1,95685000.0,69950000.0,66236000,19102000,1.201639,0.231897464745103,0.99997988173566,False,UP,0,25.6849856855779,1.41325174903083,-4.48743522369358
Q8BK62,Olfml3,55689000.0,576860000.0,2487800,331570000,2.641679,0.406828300789129,0.99997988173566,False,UP,0,26.0964280888981,0.928314535163207,-4.6973576124898
Q64685,St6gal1,87683000.0,505570000.0,46703000,396640000,0.629431,0.700896919072996,0.99997988173566,False,UP,0,27.3348490665908,0.413466780350422,-4.86836915605719
Q8BM72,Hspa13,539500000.0,703140000.0,887310000,647030000,-0.298918,0.63145591867698,0.99997988173566,False,NO CHANGE,0,29.3476011994027,-0.519387766030688,-4.84125001794574
P26618,Pdgfra,65543000.0,153170000.0,71291000,67735000,0.527941,0.48859265441134,0.99997988173566,False,NO CHANGE,0,26.3142779177391,0.76343730828514,-4.76147663812977
P97401,Frzb,117360000.0,142110000.0,12124000,0,4.40696,0.0083297379773555,0.99997988173566,False,NO CHANGE,1,24.74091901558,4.92640579046404,-3.6231102630806
P45700,Man1a1,176990000.0,1357400000.0,107280000,1287800000,0.399112,0.830117328172999,0.99997988173566,False,NO CHANGE,0,28.6690896729157,0.229289761409277,-4.90221545041351
O54990,Prom1,24157000.0,2308800000.0,13876000,3086300000,0.190557,0.961276698680465,0.99997988173566,False,NO CHANGE,0,27.7199383980355,0.0517265895622924,-4.91694814576465
A2AX52,Col6a4,26216000.0,79735000.0,25207000,244090000,-0.778752,0.610416348400724,0.99997988173566,False,DOWN,0,25.8357032719415,-0.552818813806359,-4.83165428824919
Q9Z1G3,Atp6v1c1,33386000.0,53582000.0,14292000,17675000,1.412037,0.0789156176501665,0.99997988173566,False,UP,0,24.627974094136,2.36149669339618,-4.1125330181358
Q6PHU5,Sort1,145750000.0,146390000.0,37278000,50168000,1.756039,0.0353159488255038,0.99997988173566,False,UP,0,26.2440619050922,3.15640015029442,-3.89141327341037
Q9Z0Z4,Heph,38129000.0,71598000.0,146320000,138140000,-1.444153,0.0838600065884303,0.99997988173566,False,DOWN,0,26.3609772345284,-2.30528628327587,-4.13147553096423
Q05909,Ptprg,94770000.0,61030000.0,39650000,72627000,0.503061,0.488902678464161,0.99997988173566,False,NO CHANGE,0,25.9289406347367,0.76285534305248,-4.76169071025766
Q9CXU9;P48024,Eif1b;Eif1,69149000.0,35537000.0,25215000,87170000,0.080458,0.933257443432372,0.99997988173566,False,NO CHANGE,0,25.5227827188042,0.0892532823562132,-4.91537256096499
Q99KN2,Ciao1,152850000.0,47576000.0,15156000,26642000,2.085344,0.0728287747469687,0.99997988173566,False,UP,0,25.3029641796316,2.43646032903296,-4.08798411432274
Q9DB34,Chmp2a,37697000.0,74026000.0,9225700,26209000,1.764345,0.10352620534935,0.99997988173566,False,UP,0,24.7725652602188,2.11374150287091,-4.19946564757465
P09055,Itgb1,27220000.0,160610000.0,5378000,255250000,0.835588,0.730058835724371,0.99997988173566,False,UP,0,25.5607810641299,0.370666776809131,-4.87781062168697
O55091,Impact,87612000.0,94723000.0,37550000,71745000,0.811576,0.269608110461156,0.99997988173566,False,UP,0,26.0351302790224,1.28470537036774,-4.54422447635889
P85094,Isoc2a,142290000.0,94387000.0,29071000,16424000,2.406982,0.0211569153083575,0.99997988173566,False,UP,0,25.5846808567897,3.72529229657626,-3.77869405726079
Q9EPV8,Ubl5,16680000.0,39205000.0,5340000,0,2.286972,0.0309048421405467,0.99997988173566,False,NO CHANGE,1,23.4645891622161,3.29922677232583,-3.86001912496024
P17439,Gba,68115000.0,79055000.0,119470000,207170000,-1.100245,0.147290952574523,0.99997988173566,False,DOWN,0,26.6790338973063,-1.80274911074733,-4.32071670968
P61750,Arf4,36177000.0,46805000.0,13464000,32430000,0.97765,0.243879266961115,0.99997988173566,False,UP,0,24.8055395486566,1.37029830956728,-4.5063910867484
P51150,Rab7a,164800000.0,207460000.0,190610000,305970000,-0.385232,0.556309849871172,0.99997988173566,False,NO CHANGE,0,27.6548156233814,-0.642350350853788,-4.80374204993418
Q8BH95,Echs1,98403000.0,140660000.0,40412000,0,3.240931,0.0741667525885366,0.99997988173566,False,NO CHANGE,1,25.1894522836866,2.41938487028299,-4.09350444633266
Q6ZWZ2,Ube2r2,112250000.0,124130000.0,51489000,328210000,-0.139194,0.905157157127684,0.99997988173566,False,NO CHANGE,0,26.884305416143,-0.127047420239635,-4.912944324691
Q6ZWU9;Q6ZWY3,Rps27;Rps27l,20875000.0,23193000.0,11547000,63682000,-0.301469,0.784877523149027,0.99997988173566,False,NO CHANGE,0,24.5419640052779,-0.292309794771448,-4.8926636916187
Q9ES30,C1qtnf3,111000000.0,79282000.0,132950000,103480000,-0.322305,0.606790581101048,0.99997988173566,False,NO CHANGE,0,26.6443899278526,-0.558652333203542,-4.82993198561784
Q9QYG0,Ndrg2,102480000.0,48072000.0,145120000,40972000,-0.135673,0.891109627543077,0.99997988173566,False,NO CHANGE,0,26.1325666833439,-0.146022155386238,-4.91140924023147
Q9WTL7,Lypla2,114370000.0,172480000.0,126100000,57790000,0.718339,0.365110634887769,0.99997988173566,False,UP,0,26.7063242109183,1.02340151547502,-4.65786465475553
P62748;P84075,Hpcal1;Hpca,25107000.0,40471000.0,44153000,52488000,-0.59476,0.375529226324249,0.99997988173566,False,DOWN,0,25.2233659748421,-0.998802954217662,-4.6682189746423
P59325,Eif5,28994000.0,111320000.0,0,32066000,2.045733,0.174750385225059,0.99997988173566,False,NO CHANGE,1,24.7368278152371,1.65513452789355,-4.38239176811773
O35343,Kpna4,67455000.0,117600000.0,100240000,113320000,-0.258988,0.693453362501179,0.99997988173566,False,NO CHANGE,0,26.5378613032529,-0.424535442791714,-4.86578068032435
Q3TYX3,Smyd5,225100000.0,130650000.0,0,63863000,3.970064,0.108488697141881,0.99997988173566,False,NO CHANGE,1,25.3685295795674,2.07181387102469,-4.21504994004308
P02798,Mt2,154710000.0,209450000.0,105120000,214570000,0.261343,0.715826028827348,0.99997988173566,False,NO CHANGE,0,27.2928392333084,0.391447512199404,-4.87334034113962
Q7TMB8;Q5SQX6,Cyfip1;Cyfip2,44201000.0,83667000.0,0,16337000,2.713017,0.035039798242991,0.99997988173566,False,NO CHANGE,1,24.5013568317898,3.16470677611781,-3.88952524586436
O70310,Nmt1,35144000.0,57959000.0,27925000,101820000,-0.240598,0.801173450034044,0.99997988173566,False,NO CHANGE,0,25.5479510277903,-0.269460125629536,-4.89637934431489
P35278,Rab5c,93020000.0,134760000.0,333580000,261530000,-1.399502,0.0752285079582761,0.99997988173566,False,DOWN,0,27.4381783638877,-2.4060827641536,-4.09783407412837
P54071,Idh2,0.0,88290000.0,0,40758000,0.773395,0.695149635459241,0.99997988173566,False,NO CHANGE,2,24.1120480054286,0.42200762018392,-4.86637705331786
P84091,Ap2m1,121520000.0,171320000.0,0,34884000,4.009901,0.0579733180036031,0.99997988173566,False,NO CHANGE,1,25.0994179960361,2.65434742680415,-4.02119268712763
P28667,Marcksl1,278620000.0,91918000.0,88875000,29195000,1.651538,0.165575807711463,0.99997988173566,False,UP,0,26.428014986678,1.70153613371514,-4.36276036367564
P70677,Casp3,119120000.0,150100000.0,59340000,71841000,1.034192,0.138312531732534,0.99997988173566,False,UP,0,26.4774987103569,1.85749951885068,-4.29846181364526
Q9Z172,Sumo3,185400000.0,107830000.0,101390000,176690000,0.079132,0.911514302293348,0.99997988173566,False,NO CHANGE,0,27.0355586633571,0.118479755863023,-4.91356843112972
P11438,Lamp1,2204400000.0,1067300000.0,949710000,613060000,1.007346,0.219806632229895,0.99997988173566,False,UP,0,30.0108555825876,1.4589117609268,-4.46734682168828
Q6P1F6,Ppp2r2a,122020000.0,103910000.0,145880000,106320000,-0.145371,0.80998731545642,0.99997988173566,False,NO CHANGE,0,26.8193365721121,-0.25717435081653,-4.89825915614849
Q9Z130,Hnrnpdl,91642000.0,120620000.0,10940000,78671000,1.841481,0.188396269185543,0.99997988173566,False,UP,0,25.7269593741675,1.59064662482532,-4.41000101999948
P62192,Psmc1,162350000.0,166090000.0,119890000,122600000,0.437701,0.460218530060107,0.99997988173566,False,NO CHANGE,0,27.0721104856486,0.817954986128963,-4.74100748878006
P35980,Rpl18,38987000.0,47931000.0,9028500,25273000,1.516899,0.118462451391404,0.99997988173566,False,UP,0,24.6070234980828,1.99362145301028,-4.24476929591112
P62254,Ube2g1,133170000.0,54983000.0,20760000,71968000,1.14651,0.295772306737348,0.99997988173566,False,UP,0,25.7773328754851,1.20543216871987,-4.57916649016871
Q8BWR2,Pithd1,131990000.0,34193000.0,114100000,50127000,-0.170879,0.869556919698135,0.99997988173566,False,NO CHANGE,0,26.086964792338,-0.175265709242906,-4.90863348101433
Q9EST4,Psmg2,60819000.0,30842000.0,50020000,17011000,0.570223,0.538503782055436,0.99997988173566,False,NO CHANGE,0,25.0830945212613,0.673106081192834,-4.79346523185006
P61924,Copz1,87880000.0,124830000.0,128730000,236610000,-0.736644,0.319014176607629,0.99997988173566,False,DOWN,0,27.0105324652292,-1.14040345252001,-4.60761095576362
Q62376,Snrnp70,15397000.0,56531000.0,17809000,59341000,-0.139972,0.901311319065243,0.99997988173566,False,NO CHANGE,0,24.8843284754747,-0.132236156568238,-4.91254544425365
O55060,Tpmt,67975000.0,42123000.0,49669000,42815000,0.214575,0.736542568816494,0.99997988173566,False,NO CHANGE,0,25.5660152795514,0.361264726801312,-4.87976141225252
Q9D0T1,Nhp2l1,26186000.0,28792000.0,28693000,33499000,-0.175177,0.763473188169585,0.99997988173566,False,NO CHANGE,0,24.7983168026859,-0.322612362910703,-4.88730220016238
Q9CWW6,Pin4,44273000.0,104870000.0,5990700,42901000,2.087575,0.166464476767197,0.99997988173566,False,UP,0,24.9781879212897,1.69692431542484,-4.36470206673306
Q9CQ89,Cuta,108790000.0,21167000.0,13233000,61054000,0.755532,0.585273375446113,0.99997988173566,False,UP,0,25.1383758740065,0.593740761327492,-4.81928225955587
Q9CQT1,Mri1,50104000.0,106830000.0,13429000,60128000,1.364391,0.252452802331285,0.99997988173566,False,UP,0,25.4423865566627,1.34083001034764,-4.51941456494049
Q8BY71,Hat1,55404000.0,54698000.0,83566000,0,1.380677,0.414549943147915,0.99997988173566,False,NO CHANGE,1,25.0238970262491,0.911638954309592,-4.70412051537063
P60229,Eif3e,131730000.0,482560000.0,45014000,206990000,1.385143,0.300765123533707,0.99997988173566,False,UP,0,27.2169995140622,1.19106792851458,-4.5854715623057
Q8BL97,Srsf7,28722000.0,46439000.0,48167000,27838000,-0.003804,0.99564134233417,0.99997988173566,False,NO CHANGE,0,25.1241451028267,-0.0058190795824003,-4.91773611746697
Q9WV85,Nme3,18907000.0,24585000.0,0,10650000,1.456459,0.084814144862515,0.99997988173566,False,NO CHANGE,1,23.6336163436819,2.29487144594472,-4.13503570250307
Q9D142,Nudt14,77079000.0,50895000.0,8154200,52586000,1.596784,0.22861611613118,0.99997988173566,False,UP,0,25.1020356127766,1.42540227047874,-4.48208210606561
Q62084,Ppp1r14b,44954000.0,55946000.0,18719000,65076000,0.522928,0.569482921080291,0.99997988173566,False,NO CHANGE,0,25.3182750192162,0.620034487175735,-4.81098622362812
O54988,Slk,31522000.0,56980000.0,51391000,0,1.810907,0.326098859478436,0.99997988173566,False,NO CHANGE,1,24.4314503857888,1.12145767401936,-4.61584160145949
Q9JHS3,Lamtor2,36212000.0,7663100.0,14367000,32990000,-0.38616,0.732962726252985,0.99997988173566,False,NO CHANGE,0,24.1828105432809,-0.366450992459448,-4.87869090545772
Q9WU63,Hebp2,92226000.0,83716000.0,0,52600000,3.116857,0.156556144123641,0.99997988173566,False,NO CHANGE,1,24.8304067527169,1.74988659036696,-4.34253610610735
P62500,Tsc22d1,65657000.0,49496000.0,172940000,93518000,-1.157591,0.145577769363449,0.99997988173566,False,DOWN,0,26.3434227983376,-1.81291358683421,-4.31655799200713
Q99K48,Nono,16053000.0,20827000.0,44248000,28091000,-0.947211,0.190527817301964,0.99997988173566,False,DOWN,0,24.5977512162894,-1.58101476370957,-4.41415428623416
P62743,Ap2s1,95727000.0,80420000.0,110550000,147340000,-0.540612,0.391781451030201,0.99997988173566,False,NO CHANGE,0,26.6570428132259,-0.961596061437202,-4.68370499176501
Q9D1K7,,154790000.0,54452000.0,115970000,96145000,-0.201833,0.805237232514628,0.99997988173566,False,NO CHANGE,0,26.5530259090109,-0.263789465298276,-4.89725731415899
P34884,Mif,4335600000.0,2016700000.0,2502200000,893590000,0.983673,0.31310073740111,0.99997988173566,False,UP,0,30.969630404637,1.15651779652786,-4.60058816558713
Q8K157,Galm,178230000.0,190200000.0,117190000,210290000,0.230014,0.727697115209558,0.99997988173566,False,NO CHANGE,0,27.341046547826,0.374101351511192,-4.87708679226606
P25444,Rps2,53265000.0,136910000.0,0,36517000,2.574647,0.100933397544014,0.99997988173566,False,NO CHANGE,1,25.0603449569939,2.13654657972542,-4.19109378116521
O35658,C1qbp,286850000.0,402000000.0,314300000,734730000,-0.500932,0.521658228165215,0.99997988173566,False,NO CHANGE,0,28.5896368777258,-0.702877019039071,-4.78320909776811
Q9CQ62,Decr1,166370000.0,72721000.0,44333000,58035000,1.116696,0.186425084641471,0.99997988173566,False,UP,0,26.1544965802383,1.59965513231333,-4.40612315914285
Q60865,Caprin1,74867000.0,478160000.0,61500000,65489000,1.575956,0.225193013697169,0.99997988173566,False,UP,0,26.7073942892473,1.43826584832407,-4.47642036181272
Q99KP6,Prpf19,177250000.0,249480000.0,673940000,298760000,-1.093449,0.195864448542726,0.99997988173566,False,DOWN,0,28.1945039967719,-1.55738145579513,-4.42437467474723
P62852,Rps25,79676000.0,218420000.0,5231700,360830000,1.60229,0.526205200623504,0.99997988173566,False,UP,0,26.1739410111889,0.694773513444528,-4.78602988961703
P11103,Parp1,116430000.0,163220000.0,81330000,32137000,1.431057,0.126220640046531,0.99997988173566,False,UP,0,26.3230366015088,1.93765009186441,-4.266553998253
Q3UPL0,Sec31a,66138000.0,119560000.0,7744100,57835000,2.071015,0.162463630483321,0.99997988173566,False,UP,0,25.3705603233209,1.71789618069375,-4.35588979173027
P56959,Fus,77597000.0,121510000.0,28793000,94634000,0.895464,0.350694471899394,0.99997988173566,False,UP,0,26.0852668496624,1.05848475252893,-4.6429553452913
P61458,Pcbd1,27545000.0,60080000.0,11149000,15435000,1.632778,0.078438034647465,0.99997988173566,False,UP,0,24.4614454325519,2.36713676257264,-4.11065769706418
Q9D2G2,Dlst,76686000.0,113780000.0,42033000,48369000,1.050767,0.144101499454461,0.99997988173566,False,UP,0,25.9516825243876,1.82177616688063,-4.31294188181012
P62311,Lsm3,535620000.0,109640000.0,162790000,276360000,0.192212,0.859127267512184,0.99997988173566,False,NO CHANGE,0,27.7563109994128,0.189482468395672,-4.9071058228989
Q91YJ3,Thyn1,84543000.0,41683000.0,62710000,61916000,-0.069932,0.919273861463281,0.99997988173566,False,NO CHANGE,0,25.8580347173522,-0.108036671380403,-4.91427085902439
P83870,Phf5a,55693000.0,55388000.0,75830000,78762000,-0.4766,0.424533508392832,0.99997988173566,False,NO CHANGE,0,25.9653311447654,-0.890460091273242,-4.71262955012856
O55142,Rpl35a,44848000.0,58801000.0,22706000,164130000,-0.249478,0.840419946344083,0.99997988173566,False,NO CHANGE,0,25.7386779073672,-0.215104931773531,-4.90406100084791
Q8BMK4,Ckap4,17548000.0,40788000.0,16506000,32745000,0.202593,0.8068114362859,0.99997988173566,False,NO CHANGE,0,24.5719258031418,0.261595618994137,-4.89759223882627
Q8JZV7,Amdhd2,181450000.0,96198000.0,80419000,122510000,0.412572,0.568391230138627,0.99997988173566,False,NO CHANGE,0,26.7709644288569,0.621870372509418,-4.81039719749159
Q3UFY7,Nt5c3b,52396000.0,155020000.0,20591000,18014000,2.226353,0.046802612101016,0.99997988173566,False,UP,0,25.3122395625412,2.86597825586996,-3.96257646658259
P97822,Anp32e,537460000.0,715270000.0,0,451310000,4.371558,0.201435793950203,0.99997988173566,False,NO CHANGE,1,27.0219681731184,1.53340769254141,-4.43478278467074
Q5M8N0,Cnrip1,60639000.0,65271000.0,8495300,52721000,1.571787,0.221777193243336,0.99997988173566,False,UP,0,25.1209473242999,1.45129994781189,-4.47069002223796
P61971,Nutf2,647110000.0,29945000.0,548360000,116700000,-0.861765,0.666466794397275,0.99997988173566,False,DOWN,0,27.483506236144,-0.465207775805398,-4.85576738755761
Q61599,Arhgdib,42428000.0,55250000.0,84780000,263050000,-1.624999,0.114603825606239,0.99997988173566,False,DOWN,0,26.341491726548,-2.02297881485431,-4.2335122401005
P57784,Snrpa1,62544000.0,60304000.0,22027000,50739000,0.877379,0.27177964548803,0.99997988173566,False,UP,0,25.4333699877886,1.2778504822608,-4.54725270313196
Q99LT0,Dpy30,54464000.0,35438000.0,54218000,35493000,0.002147,0.997401079744383,0.99997988173566,False,NO CHANGE,0,25.3877233004299,0.0034697046446208,-4.91774263000853
P62315,Snrpd1,314130000.0,14898000.0,35038000,34018000,0.986595,0.58491576311292,0.99997988173566,False,UP,0,25.5344034749203,0.594330978364622,-4.81909895160089
Q80ZM7,Gtf2a2,31123000.0,36537000.0,7310700,0,2.574931,0.0134804072294169,0.99997988173566,False,NO CHANGE,1,23.7197010078508,4.27632677536699,-3.69611884449077
Q8CCS6,Pabpn1,327180000.0,386030000.0,296380000,169420000,0.665373,0.340354335483722,0.99997988173566,False,UP,0,28.0721372146263,1.08445409578961,-4.63182375998601
Q8BTY1,Ccbl1,212840000.0,148020000.0,173250000,0,2.418558,0.250536066957749,0.99997988173566,False,NO CHANGE,1,26.1939265738696,1.34733138458237,-4.51654054559293
P15864,Hist1h1c,21270000.0,69274000.0,15325000,50552000,0.463739,0.672635352117966,0.99997988173566,False,NO CHANGE,0,24.9621939787289,0.45583253644119,-4.85814443614537
Q9D172,D10Jhu81e,447300000.0,184250000.0,132430000,779650000,-0.162575,0.894849630679379,0.99997988173566,False,NO CHANGE,0,28.1781657523378,-0.140964270737675,-4.91183897400038
P43275,Hist1h1a,31351000.0,133580000.0,16209000,81947000,0.828329,0.541976393844183,0.99997988173566,False,UP,0,25.5334041136921,0.667052302022312,-4.79551419155914
P70694;Q91WR5;Q8K023,Akr1c6;Akr1c21;Akr1c18,1253400000.0,1008200000.0,1248800000,514630000,0.487739,0.531913401575071,0.99997988173566,False,NO CHANGE,0,29.8222975204045,0.684672095608244,-4.78951585936674
Q9D3D9,Atp5d,150580000.0,174240000.0,56717000,155120000,0.788184,0.35307627020225,0.99997988173566,False,UP,0,26.8771357244893,1.05260064016022,-4.64546672476644
P09602,Hmgn2,92135000.0,25982000.0,149110000,6913900,0.607693,0.752164682403373,0.99997988173566,False,UP,0,25.2402813011786,0.338767429308686,-4.88424503016203
O09107,Insl3,20087000.0,3311700.0,18764000,0,0.654072,0.721238841240383,0.99997988173566,False,NO CHANGE,1,22.6324138587157,0.383520952184166,-4.8750710632224
O35309,Nmi,83414000.0,0.0,86916000,35559000,-1.749419,0.389963585548419,0.99997988173566,False,NO CHANGE,1,24.8537053225476,-0.96569068058013,-4.68201182037405
O35943,Fxn,52067000.0,5054800.0,12719000,13755000,0.294577,0.834115588959276,0.99997988173566,False,NO CHANGE,0,23.804255810813,0.223778286244019,-4.90294599339561
P07758;Q00896;Q00897;P22599,Serpina1a;Serpina1c;Serpina1d;Serpina1b,20166000.0,42913000.0,60205000,56181000,-0.983313,0.213361208270534,0.99997988173566,False,DOWN,0,25.3018229946059,-1.48430089469574,-4.45621496176247
P27641,Xrcc5,13043000.0,0.0,0,18912000,-0.403419,0.730469459918455,0.99997988173566,False,NO CHANGE,2,22.9671705009743,-0.370070161212557,-4.87793574754518
P46460,Nsf,33345000.0,11379000.0,23430000,0,0.951156,0.459908986134942,0.99997988173566,False,NO CHANGE,1,23.7398405511892,0.818564114135982,-4.74077433333137
P61514,Rpl37a,8631000.0,5271100.0,0,4569900,0.26312,0.697828282337962,0.99997988173566,False,NO CHANGE,1,22.5538244716054,0.418022417646421,-4.86731098357236
P62305,Snrpe,42073000.0,88458000.0,101580000,74489000,-0.511842,0.492559538479369,0.99997988173566,False,NO CHANGE,0,26.1183614604353,-0.75601200770157,-4.76420064610361
P67871,Csnk2b,40781000.0,0.0,13562000,29682000,-1.000958,0.564827262927285,0.99997988173566,False,NO CHANGE,1,23.7575968316218,-0.627880614647027,-4.80846009868648
P70444,Bid,8861700.0,0.0,14931000,36435000,-2.045853,0.0738988809651273,0.99997988173566,False,NO CHANGE,1,23.4523882332423,-2.42277519690744,-4.09240503740884
P97379,G3bp2,5227600.0,17864000.0,0,31251000,0.032112,0.983811934580347,0.99997988173566,False,NO CHANGE,1,23.1880784299218,0.0216140352294389,-4.91760681870452
Q00PI9,Hnrnpul2,18999000.0,1325100.0,38987000,0,-1.385901,0.496815211023386,0.99997988173566,False,NO CHANGE,1,22.9514956618203,-0.74809658180232,-4.7670867361858
Q3TGF2,Fam107b,8818700.0,0.0,8286900,0,-0.347166,0.759761214192335,0.99997988173566,False,NO CHANGE,2,22.1498951827487,-0.32790362157325,-4.88631597772762
Q3U5Q7,Cmpk2,45436000.0,0.0,64940000,9411400,-1.174549,0.561023732490251,0.99997988173566,False,NO CHANGE,1,23.9720166261593,-0.63432352274228,-4.80636874316336
Q3UI43,Babam1,45959000.0,95535000.0,18129000,0,2.155237,0.0357329043765587,0.99997988173566,False,NO CHANGE,1,24.9040665894889,3.14400252420198,-3.89424578184262
Q4KML4,Abracl,48015000.0,20679000.0,87931000,85737000,-1.462319,0.102553897802651,0.99997988173566,False,DOWN,0,25.6404820171645,-2.12221810973256,-4.19634518914251
Q61142,Spin1,18801000.0,14669000.0,32380000,41538000,-1.142977,0.114482596529056,0.99997988173566,False,DOWN,0,24.5567753299685,-2.02391872486108,-4.23315378366781
Q61233,Lcp1,58854000.0,0.0,0,35690000,-0.140938,0.953858448170127,0.99997988173566,False,NO CHANGE,2,23.293114248274,-0.0616503848730061,-4.91661279549642
Q64487,Ptprd,39711000.0,0.0,27127000,0,0.076759,0.962441023818941,0.99997988173566,False,NO CHANGE,2,23.569515904973,0.0501696200462069,-4.91699544374171
Q6IE21,Otud6a,4662700.0,5315600.0,3367400,0,0.466224,0.44040785089464,0.99997988173566,False,NO CHANGE,1,22.014155588394,0.857617992032448,-4.72563489169113
Q6WVG3,Kctd12,60802000.0,42445000.0,0,25859000,2.555022,0.114707942422627,0.99997988173566,False,NO CHANGE,1,24.320842275889,2.02217245399724,-4.23381986138191
Q80UW8,Polr2e,68535000.0,47946000.0,26627000,22764000,1.219304,0.101240143925122,0.99997988173566,False,UP,0,25.1629705094239,2.13381474014977,-4.1920927448945
Q80W22,Thnsl2,41061000.0,41240000.0,194670000,65755000,-1.459123,0.134001940621866,0.99997988173566,False,DOWN,0,26.0239647551153,-1.88516667696885,-4.28735518740717
Q80Y14,Glrx5,60375000.0,5759200.0,9967000,16783000,0.52783,0.716341456402974,0.99997988173566,False,NO CHANGE,0,23.888527531703,0.390691444050586,-4.87350677770109
Q8BFQ8,Pddc1,21962000.0,0.0,31651000,55387000,-2.650529,0.126819582930739,0.99997988173566,False,NO CHANGE,1,23.9941311732433,-1.93348658901629,-4.26819110791613
Q8BTV2,Cpsf7,16990000.0,1398800.0,15177000,0,-0.652996,0.697733007149384,0.99997988173566,False,NO CHANGE,1,22.5434684514928,-0.418164027769376,-4.86727792913993
Q8C129,Lnpep,21982000.0,14700000.0,25205000,0,0.690799,0.535724107456375,0.99997988173566,False,NO CHANGE,1,23.7541667023754,0.677971938749214,-4.79180924119532
Q8K339,Kin,14636000.0,7257000.0,0,6313300,1.669201,0.152997050290676,0.99997988173566,False,NO CHANGE,1,22.4623794206602,1.76978695357819,-4.33428512495513
Q8VDM6,Hnrnpul1,19542000.0,0.0,28613000,0,-1.298714,0.223813665343267,0.99997988173566,False,NO CHANGE,2,23.8848882890016,-1.44350500192821,-4.47411619002486
Q8VEH6,Cbwd1,81598000.0,14426000.0,102720000,0,0.350866,0.8493463917154,0.99997988173566,False,NO CHANGE,1,24.8566664324757,0.202858234144921,-4.90556291732688
Q91YN9,Bag2,44883000.0,24773000.0,44417000,66790000,-0.707903,0.339363368730043,0.99997988173566,False,DOWN,0,25.344917105912,-1.08698024973896,-4.63073700122009
Q99L45,Eif2s2,7382100.0,1457600.0,9296500,47912000,-2.685688,0.109932446283731,0.99997988173566,False,DOWN,0,22.9882258047536,-2.06001436567904,-4.21948036679182
Q9CQ92,Fis1,13730000.0,5209700.0,0,5066800,1.099654,0.23078527244918,0.99997988173566,False,NO CHANGE,1,22.4619714925674,1.41735066413328,-4.4856288471846
Q9CR70,Lage3,17433000.0,7578800.0,6330800,13578000,0.310066,0.715338175877343,0.99997988173566,False,NO CHANGE,0,23.2993948931471,0.39216338089481,-4.87318249157188
Q9CY97,Ssu72,20392000.0,0.0,14209000,0,-0.955731,0.516525509393929,0.99997988173566,False,NO CHANGE,2,23.0521529726992,-0.712086700668921,-4.77997743320754
Q9D0A3,Arpin,19760000.0,27845000.0,46955000,39223000,-0.871489,0.203073277176168,0.99997988173566,False,DOWN,0,24.919241643272,-1.52649111480673,-4.43779268668586
Q9D1I5,Mcee,13391000.0,10064000.0,0,7555700,1.572296,0.149402205863354,0.99997988173566,False,NO CHANGE,1,22.6825824120464,1.79039609647773,-4.32578706640896
Q9D967,Mdp1,49922000.0,46805000.0,88741000,63859000,-0.639076,0.320292978010234,0.99997988173566,False,DOWN,0,25.8462039544128,-1.1369551367209,-4.60911119676463
Q9ESJ0,Xpo4,18577000.0,0.0,14649000,0,-0.161873,0.902743555760856,0.99997988173566,False,NO CHANGE,2,22.8951960069874,-0.130303297558576,-4.91269587281825
Q9ESZ8,Gtf2i,5533000.0,2358800.0,4932100,3436000,-0.188409,0.805935563921357,0.99997988173566,False,NO CHANGE,0,21.8788303469987,-0.262816062201759,-4.89740624615933
Q9JHS9,Cwc15,29264000.0,0.0,0,18611000,0.594956,0.698887041576908,0.99997988173566,False,NO CHANGE,2,23.1655620990743,0.41644943167115,-4.86767749324846
Q9JKV1,Adrm1,26857000.0,5092300.0,313450000,0,-1.858923,0.464470901670871,0.99997988173566,False,NO CHANGE,1,24.4088020214087,-0.809619766800508,-4.74418841323684
Q9JMD3,Stard10,77030000.0,0.0,0,24252000,0.763773,0.730942494162207,0.99997988173566,False,NO CHANGE,2,23.4411287665767,0.369383065027692,-4.87807962565626
Q9QX60,Dguok,58221000.0,31059000.0,78648000,27690000,-0.134112,0.878896614304521,0.99997988173566,False,NO CHANGE,0,25.4088281972252,-0.162572125053718,-4.90989915082577
Q9QZ06,Tollip,31158000.0,15571000.0,17561000,17205000,0.341631,0.624140647411507,0.99997988173566,False,NO CHANGE,0,24.2219134452073,0.530932375353101,-4.83798986761974
Q9WV92,Epb41l3,28327000.0,0.0,95307000,0,-0.98507,0.576018212187926,0.99997988173566,False,NO CHANGE,2,24.169838556865,-0.60909363277529,-4.81447023327783
Q9WVK4,Ehd1,1568600.0,36916000.0,14743000,74591000,-2.123618,0.328985460681923,0.99997988173566,False,DOWN,0,23.9212034996111,-1.11384688836846,-4.61913933525475
Q9Z0E6,Gbp2,50945000.0,89819000.0,31262000,60299000,0.639709,0.411838748081529,0.99997988173566,False,UP,0,25.6916230079305,0.917464006690429,-4.70176428250632
Q9Z0H3,Smarcb1,9348500.0,2768100.0,4297600,22571000,-0.953149,0.468107357970525,0.99997988173566,False,DOWN,0,22.7549587201599,-0.80253950909576,-4.74687627057472
Q7TMJ8,Pik3ip1,58836000.0,0.0,83999000,20135000,-1.286309,0.461470909243917,0.99997988173566,False,NO CHANGE,1,24.6503809084346,-0.815493838470806,-4.74194857774807
O89051,Itm2b,42123000.0,13010000.0,95302000,300620000,-2.854073,0.0475937938454979,0.99997988173566,False,DOWN,0,25.9076478467598,-2.84913309587537,-3.96702533945208
P23927,Cryab,8193500.0,8885300.0,33928000,102380000,-2.788147,0.0243352108239614,0.99997988173566,False,DOWN,0,24.418592301414,-3.56424715385462,-3.80740893108233
Q8BMY7,Spink2,20232000.0,0.0,7786200,0,0.002902,0.998276248103817,0.99997988173566,False,NO CHANGE,2,22.6842094686148,0.0023013024389793,-4.91774464227593
Q9DCV4,Rmdn1,38792000.0,0.0,39209000,42633000,-1.346863,0.2721335371233,0.99997988173566,False,NO CHANGE,1,24.6116427666461,-1.27673837902159,-4.54774391041612
P97355,Sms,112170000.0,68937000.0,0,19519000,3.654941,0.0405575911712879,0.99997988173566,False,NO CHANGE,1,24.5624727284021,3.01188017907407,-3.92554563528075
Q5I012,Slc38a10,39757000.0,19818000.0,108900000,0,0.639769,0.761209829555731,0.99997988173566,False,NO CHANGE,1,24.4226223472111,0.32583735765608,-4.88670285796085
Q921J2,Rheb,19967000.0,0.0,29048000,24871000,-1.958647,0.185062437549791,0.99997988173566,False,NO CHANGE,1,23.7006246807905,-1.60594068169054,-4.40342131740661
Q8VIN1,Pbp2,74116000.0,0.0,14265000,0,0.44709,0.835500336350753,0.99997988173566,False,NO CHANGE,2,23.2919191636318,0.22187142893396,-4.90319476805931
Q9D5V6,Syap1,51995000.0,12821000.0,17074000,0,1.773594,0.224386068141803,0.99997988173566,False,NO CHANGE,1,23.7351406312441,1.44132691457125,-4.47507397919138
Q99JP4,Cdc26,17240000.0,0.0,8770500,16743000,-0.507048,0.626298060544128,0.99997988173566,False,NO CHANGE,1,23.2771169867568,-0.527519096186222,-4.83895970655312
Q3TUU5,Tex30,35597000.0,7155700.0,33024000,0,0.751148,0.667494211901515,0.99997988173566,False,NO CHANGE,1,23.5523829302357,0.463642906296908,-4.85616698276552
Q9CQ66,Tctex1d2,62830000.0,3972100.0,35393000,7081800,-0.003112,0.998653961370887,0.99997988173566,False,NO CHANGE,0,23.914766536294,-0.0017970339279287,-4.91774525902983
Q9CX60,Lbh,90386000.0,0.0,0,75973000,0.148912,0.950555995261535,0.99997988173566,False,NO CHANGE,2,24.1383164779594,0.0660706325801417,-4.91644458144493
Q9Z2X2,Psmd10,38621000.0,0.0,0,24715000,0.19052,0.915801243072469,0.99997988173566,False,NO CHANGE,2,23.3103887431214,0.112708334567471,-4.91396455823318
Q91VR8,Brk1,10948000.0,11898000.0,20717000,64400000,-1.678245,0.103390743129026,0.99997988173566,False,DOWN,0,24.2833122179715,-2.11491714093349,-4.19903225454824
Q9CQG1,Chac2,20337000.0,0.0,0,6263300,0.377592,0.802256902798806,0.99997988173566,False,NO CHANGE,2,22.3199701676776,0.267947224712671,-4.89661530814852
Q91W50,Csde1,31145000.0,0.0,42047000,10558000,-1.421764,0.444817931503177,0.99997988173566,False,NO CHANGE,1,23.6177843502529,-0.84866600267862,-4.72913755114587
P58242,Smpdl3b,121560000.0,47010000.0,102910000,47450000,0.113422,0.897762265112354,0.99997988173566,False,NO CHANGE,0,26.1150675933478,0.137028423820834,-4.91216305608859
Q99NB9,Sf3b1,19030000.0,4610900.0,12500000,6287500,0.079455,0.938878923849519,0.99997988173566,False,NO CHANGE,0,23.1194672489458,0.0817138180955284,-4.91575614414346
Q9D289,Trappc6b,21999000.0,0.0,0,10084000,0.638395,0.698833101782239,0.99997988173566,False,NO CHANGE,2,22.4279723325241,0.416529539407048,-4.867658856981
Q9D1K2,Atp6v1f,26428000.0,2954400.0,26918000,22962000,-1.492408,0.30055159837445,0.99997988173566,False,DOWN,0,23.8212026270921,-1.19167761406154,-4.58520416617493
P97823,Lypla1,73736000.0,32506000.0,49923000,31690000,0.299671,0.699265459018489,0.99997988173566,False,NO CHANGE,0,25.3951985354185,0.415887521949138,-4.86780812830098
Q80UM3,Naa15,19073000.0,0.0,0,10993000,-0.190484,0.88889073448162,0.99997988173566,False,NO CHANGE,2,22.7497994069678,-0.149025125212336,-4.91114705084564
Q9CR39,Wdr45b,41010000.0,0.0,22441000,0,0.031408,0.98572600740941,0.99997988173566,False,NO CHANGE,2,23.3700612607,0.0190579826143192,-4.91763783847003
Q8CG76,Akr7a2,28019000.0,7717800.0,24143000,45855000,-1.178008,0.26871919539719,0.99997988173566,False,DOWN,0,24.3988344239671,-1.28752685514729,-4.54297783378333
Q9JKX6,Nudt5,48208000.0,33047000.0,24050000,52294000,0.170555,0.818691367885497,0.99997988173566,False,NO CHANGE,0,25.1651152165072,0.245088502423814,-4.90002704864712
Q8K0G5,Tssc1,71382000.0,19941000.0,61968000,85297000,-0.94636,0.335769297282106,0.99997988173566,False,DOWN,0,25.6423257869769,-1.09619879200492,-4.62676557526682
Q9CQ71,Rpa3,28375000.0,3678000.0,5119500,0,1.126745,0.396531279343927,0.99997988173566,False,NO CHANGE,1,22.7209309529493,0.950973930915817,-4.68808391322692
Q91VM9,Ppa2,138220000.0,16239000.0,108660000,12701000,0.350833,0.842400582108523,0.99997988173566,False,NO CHANGE,0,25.3222587668656,0.212384206146225,-4.90440201102669
Q569Z5,Ddx46,18369000.0,2965400.0,13656000,125390000,-2.487157,0.190608705863013,0.99997988173566,False,DOWN,0,24.0588609317544,-1.58065145649207,-4.41431108501499
O09174,Amacr,69657000.0,12275000.0,126170000,1123500000,-3.686581,0.0756209285830065,0.99997988173566,False,DOWN,0,26.6447828364218,-2.40122042378827,-4.09942307702205
Q99JX3;Q91X51,Gorasp2;Gorasp1,33553000.0,10607000.0,27880000,0,0.807804,0.558335144930367,0.99997988173566,False,NO CHANGE,1,23.7653237332338,0.638895933462911,-4.80487533666768
Q8BGD8,Coa6,11902000.0,10015000.0,14314000,6588800,0.168926,0.814627404067742,0.99997988173566,False,NO CHANGE,0,23.2957169064685,0.250725806549352,-4.89921251085281
O08997,Atox1,69060000.0,0.0,253920000,21331000,-2.910226,0.300839528761964,0.99997988173566,False,NO CHANGE,1,24.678010664498,-1.19085557259711,-4.58556469266775
Q80W65,Pcsk9,32790000.0,3480900000.0,60256000,5072100000,-0.710486,0.843074261314328,0.99997988173566,False,DOWN,0,28.6870258503282,-0.211459243808697,-4.90451698967794
Q03157,Aplp1,94701000.0,41128000.0,149420000,0,1.409874,0.525804320250635,0.99997988173566,False,NO CHANGE,1,25.190310134112,0.695485900180612,-4.78578277257542
Q61477,Nbl1,162340000.0,97315000.0,214450000,402880000,-1.225619,0.146989595531422,0.99997988173566,False,DOWN,0,27.5181107903624,-1.80452785174167,-4.31998807717069
P21570,Ang,27253000.0,28046000.0,31530000,86515000,-0.917733,0.287524693710712,0.99997988173566,False,DOWN,0,25.179468047617,-1.22967148013191,-4.56850481528767
P28301,Lox,41159000.0,1239300000.0,31543000,866120000,0.450387,0.866303174017033,0.99997988173566,False,NO CHANGE,0,27.5255977849935,0.179696022824228,-4.90816987229152
Q8C9W3,Adamts2,40117000.0,170800000.0,121640000,122990000,-0.563283,0.57353987502073,0.99997988173566,False,NO CHANGE,0,26.5843628449721,-0.613232762184859,-4.81315747977985
Q8K135,Kiaa0319l,3817800.0,45592000.0,83284000,218560000,-3.354201,0.0863634008982558,0.99997988173566,False,DOWN,0,25.3303944078714,-2.27823952197683,-4.14075380831238
Q61072,Adam9,326430000.0,344570000.0,795730000,1374800000,-1.640929,0.054689679833517,0.99997988173566,False,DOWN,0,29.1416746575249,-2.71127162068865,-4.00483536786152
Q8BME9,Cbln4,267240000.0,140480000.0,137170000,42460000,1.34418,0.199761219396346,0.99997988173566,False,UP,0,26.8575852539036,1.54054096027545,-4.43168184378557
Q8BNA6,Fat3,48879000.0,45059000.0,17286000,21360000,1.288257,0.0796365922473598,0.99997988173566,False,UP,0,24.8398831090095,2.3530552950012,-4.11534840966698
O70258,Sgce,64546000.0,57726000.0,56995000,54728000,0.128217,0.82369333036543,0.99997988173566,False,NO CHANGE,0,25.7991625266126,0.238163230268148,-4.901003484089
P21614,Gc,86827000.0,9022500000.0,550770000,9130400000,-1.341193,0.662703621170743,0.99997988173566,False,DOWN,0,30.3918565379172,-0.470951132442089,-4.85429113742444
Q9DBV4,Mxra8,32605000.0,226300000.0,47724000,82651000,0.451755,0.718942912547974,0.99997988173566,False,NO CHANGE,0,26.1302479497344,0.386879533982323,-4.87434156852139
Q9Z175,Loxl3,42385000.0,19778000.0,26430000,0,1.916292,0.254806999415375,0.99997988173566,False,NO CHANGE,1,23.8290756600649,1.33291095512065,-4.52291560448408
P35456,Plaur,40277000.0,345420000.0,23445000,805690000,-0.220599,0.925027963948489,0.99997988173566,False,NO CHANGE,0,26.9239139556106,-0.10030218994211,-4.91474972061777
O70458,Osmr,28275000.0,48823000.0,15913000,76468000,0.091013,0.932615622930779,0.99997988173566,False,NO CHANGE,0,25.1015341535525,0.0901144789055259,-4.91532660611197
Q03146,Ddr1,217490000.0,392770000.0,149630000,209320000,0.723762,0.322168232557896,0.99997988173566,False,UP,0,27.7608606164482,1.13192143023096,-4.61129947662928
Q9Z0J7,Gdf15,9920500.0,309610000.0,25757000,852050000,-1.418483,0.613014610275888,0.99997988173566,False,DOWN,0,26.4331705793785,-0.548651898576414,-4.83287593856606
Q8BV57,Ssc5d,3513800.0,59810000.0,0,39115000,0.898688,0.713873833312484,0.99997988173566,False,NO CHANGE,1,23.3398980034046,0.394313597653631,-4.87270683496196
Q99LJ1,Fuca1,135750000.0,363390000.0,1523600000,206980000,-1.338216,0.35123422880141,0.99997988173566,False,DOWN,0,28.3957684028997,-1.05714817615958,-4.64352616987668
Q63870,Col7a1,1144300.0,631570000.0,0,528810000,-0.590409,0.895883384821862,0.99997988173566,False,NO CHANGE,1,24.9754052907417,-0.139567049006885,-4.91195505764322
P35762,Cd81,504520000.0,152000000.0,19925000,805170000,1.128519,0.615945863920352,0.99997988173566,False,UP,0,27.4806567175587,0.543964242827103,-4.83424163474986
Q9JMK0,B4galt5,769930000.0,1321000000.0,694980000,833360000,0.406187,0.542738494811279,0.99997988173566,False,NO CHANGE,0,29.7064740497524,0.665727423200745,-4.79596092423217
Q8K479,C1qtnf5,60305000.0,202890000.0,96206000,353950000,-0.738349,0.525974571008805,0.99997988173566,False,DOWN,0,27.0901226693588,-0.695183306946406,-4.78588775833869
Q9ES89,Extl2,59221000.0,102600000.0,190340000,12702000,0.664753,0.685083412223609,0.99997988173566,False,UP,0,25.8836542202202,0.437056754054025,-4.86278136237561
P27106,Amh,32591000.0,7637100.0,14487000,11895000,0.265228,0.788864953605203,0.99997988173566,False,NO CHANGE,0,23.778667809237,0.28670192859175,-4.89360186789175
Q9EP52,Twsg1,82358000.0,117140000.0,61320000,194170000,-0.151768,0.862315460770461,0.99997988173566,False,NO CHANGE,0,26.6254158637439,-0.185131716359509,-4.9075856475309
Q9D975,Srxn1,32417000.0,39329000.0,66760000,26871000,-0.246345,0.749267956659911,0.99997988173566,False,NO CHANGE,0,25.2128411779485,-0.342922835029391,-4.88343659652833
P40240,Cd9,16908000.0,177340000.0,0,110790000,2.031327,0.471017483336683,0.99997988173566,False,NO CHANGE,1,24.690909383431,0.796904523304575,-4.74900602806476
Q9JI18,Lrp1b,9808000.0,17657000.0,26860000,0,0.424529,0.743179771409045,0.99997988173566,False,NO CHANGE,1,23.437367698305,0.351680140415575,-4.88170352647381
Q9EQQ9,Mgea5,21007000.0,19489000.0,14610000,0,1.074205,0.195242373689931,0.99997988173566,False,NO CHANGE,1,23.7331591325541,1.56010180445598,-4.423196161168
Q9D1C8,Vps28,58480000.0,66014000.0,39490000,24843000,0.988194,0.170277145073722,0.99997988173566,False,UP,0,25.3947571889357,1.67742910573999,-4.3729334456379
Q9ET47,Espn,33066000.0,23617000.0,27422000,0,0.773646,0.37576874950885,0.99997988173566,False,NO CHANGE,1,24.3492605944929,0.998244516586255,-4.66845301312174
P51569,Gla,78645000.0,60479000.0,86092000,119450000,-0.556212,0.390707805248153,0.99997988173566,False,NO CHANGE,0,26.3174975301137,-0.964012393366842,-4.68270615513219
Q8R0F3,Sumf1,58049000.0,109870000.0,39347000,35572000,1.094001,0.159012218507113,0.99997988173566,False,UP,0,25.7039948027625,1.7364329864382,-4.34813871225058
P35282,Rab21,15646000.0,45745000.0,46067000,45620000,-0.776996,0.370791993311125,0.99997988173566,False,DOWN,0,25.0616986714511,-1.0099122547858,-4.66355349977892
Q8R2Y2,Mcam,50230000.0,135010000.0,87870000,182130000,-0.619362,0.497262772098328,0.99997988173566,False,DOWN,0,26.6049494160523,-0.747267122378437,-4.76738809974171
P62257,Ube2h,30334000.0,82559000.0,0,48792000,2.080599,0.274436237017961,0.99997988173566,False,NO CHANGE,1,24.5363777499833,1.269536114396,-4.55092451162248
P02802,Mt1,99695000.0,73725000.0,12589000,38322000,1.964669,0.0712751237817848,0.99997988173566,False,UP,0,25.3709995673586,2.45674350470268,-4.08148137451911
Q9CX00,Ist1,41639000.0,58197000.0,91738000,34906000,-0.201057,0.802409375918724,0.99997988173566,False,NO CHANGE,0,25.6534653404698,-0.267734376589724,-4.89664840487774
P52482;Q91W82;P52483,Ube2e1;Ube2e2;Ube2e3,41785000.0,13055000.0,16659000,0,1.28138,0.263978739889295,0.99997988173566,False,NO CHANGE,1,23.8366003906389,1.30272821261869,-4.53625952770296
Q8CFI2,Cdc34,50038000.0,51521000.0,20668000,45186000,0.732455,0.336912796766386,0.99997988173566,False,UP,0,25.2313615047949,1.09325609706575,-4.62803425177174
P70460,Vasp,17873000.0,46886000.0,12204000,12504000,1.228598,0.169320133364425,0.99997988173566,False,UP,0,24.172667360244,1.6822789278603,-4.37088223731931
P12815,Pdcd6,34562000.0,163400000.0,23017000,76058000,0.844861,0.501712023260877,0.99997988173566,False,UP,0,25.7408273123634,0.73905187829149,-4.77036181144469
Q62422,Ostf1,63368000.0,121270000.0,83013000,300860000,-0.850226,0.40675260185622,0.99997988173566,False,DOWN,0,26.8105624049952,-0.928479330593697,-4.69729051097634
Q91V41,Rab14,75754000.0,86104000.0,98197000,80043000,-0.134526,0.818767988655998,0.99997988173566,False,NO CHANGE,0,26.3344607938748,-0.244982311467705,-4.90004222280544
O70400,Pdlim1,137090000.0,166850000.0,117690000,1711100000,-1.569084,0.350955049354232,0.99997988173566,False,DOWN,0,27.9568044932797,-1.05783926562854,-4.64323104617921
P82343,Renbp,50051000.0,91611000.0,163380000,180480000,-1.342503,0.0981917097255662,0.99997988173566,False,DOWN,0,26.6842082347149,-2.16138301806706,-4.18206071949693
Q91YN5,Uap1,76222000.0,106050000.0,48821000,59468000,0.738632,0.266424707384587,0.99997988173566,False,UP,0,26.0526205597359,1.29485181785742,-4.53974086529319
O88952,Lin7c,19173000.0,34436000.0,25251000,87599000,-0.872131,0.382672500318427,0.99997988173566,False,DOWN,0,25.0510588116112,-0.982280774837687,-4.67512310079353
Q61543,Glg1,37348000.0,43218000.0,49914000,59827000,-0.443789,0.464469061743156,0.99997988173566,False,NO CHANGE,0,25.4817227998915,-0.809623360225416,-4.74418704575584
P62071,Rras2,238760000.0,302010000.0,246620000,256850000,0.093471,0.873195989550345,0.99997988173566,False,NO CHANGE,0,27.9537680977481,0.170315802332199,-4.90913809445693
P62242,Rps8,21787000.0,30188000.0,5549000,14553000,1.512913,0.115079372811507,0.99997988173566,False,UP,0,23.8557614213215,2.01930237187378,-4.23491550421917
Q9D820,Prorsd1,12621000.0,24770000.0,22852000,53561000,-0.984542,0.27383395666025,0.99997988173566,False,DOWN,0,24.5679775202175,-1.27141424124431,-4.55009521122319
Q8R0Y6,Aldh1l1,42606000.0,93379000.0,65230000,226910000,-0.947715,0.36636173889838,0.99997988173566,False,DOWN,0,26.3844313305311,-1.02041518993211,-4.65912627860379
P07091,S100a4,7803400.0,51244000.0,16182000,43417000,-0.406546,0.755840729033555,0.99997988173566,False,NO CHANGE,0,24.4565486200544,-0.333504313504063,-4.88525604440822
Q9R257,Hebp1,41465000.0,67648000.0,0,44661000,2.351101,0.22092773451512,0.99997988173566,False,NO CHANGE,1,24.4829169882489,1.45457278668601,-4.46925224437591
P32921,Wars,155750000.0,174010000.0,99461000,210960000,0.184615,0.79474108400863,0.99997988173566,False,NO CHANGE,0,27.2023184336547,0.278457914927277,-4.89495010492071
Q9CR41,Hypk,40761000.0,13208000.0,6545000,16281000,1.168474,0.273716200551336,0.99997988173566,False,UP,0,23.8835606349875,1.27178191328423,-4.54993285433199
Q9QUH0,Glrx,16892000.0,72543000.0,105410000,50502000,-1.059552,0.349029545216936,0.99997988173566,False,DOWN,0,25.5908608936518,-1.06261920912327,-4.64118826548132
P52795,Efnb1,1070500000.0,1394000000.0,538880000,176470000,1.985992,0.0687481661243162,0.99997988173566,False,UP,0,29.1931143929959,2.49083815742692,-4.07068389818058
Q3UTJ2,Sorbs2,20059000.0,81709000.0,59545000,47608000,-0.39522,0.68610535311253,0.99997988173566,False,NO CHANGE,0,25.4684789326186,-0.435523586917171,-4.86315263883662
Q8VED9,Lgalsl,31944000.0,29860000.0,27719000,21954000,0.3242,0.58741999912977,0.99997988173566,False,NO CHANGE,0,24.7182762080434,0.590202882390667,-4.82037819638768
Q9CWU9,Nup37,55943000.0,47864000.0,77553000,0,1.299236,0.421937820468093,0.99997988173566,False,NO CHANGE,1,24.975327770047,0.895926265602395,-4.7104422650134
P67984,Rpl22,89866000.0,166590000.0,9435100,127140000,1.820775,0.286779341294659,0.99997988173566,False,UP,0,25.9561119359579,1.23189452881499,-4.56752579538992
Q8C1B7,2018-09-11 00:00:00,56435000.0,553500000.0,151730000,1302700000,-1.330847,0.479001658440956,0.99997988173566,False,DOWN,0,28.0624709433285,-0.78158296890321,-4.75475366134373
Q9R0Y5,Ak1,63795000.0,253010000.0,162860000,347020000,-0.903971,0.405527203674967,0.99997988173566,False,DOWN,0,27.3727649562004,-0.931150621372813,-4.69620209677432
P62627,Dynlrb1,214380000.0,136500000.0,252230000,177280000,-0.305849,0.643462418649701,0.99997988173566,False,NO CHANGE,0,27.5028849931165,-0.500613443044747,-4.84642850992746
O70209,Pdlim3,13921000.0,18662000.0,9458900,32649000,-0.124708,0.890157898448365,0.99997988173566,False,NO CHANGE,0,24.0045340604738,-0.147309987913511,-4.91129744215688
Q9CQ65,Mtap,64197000.0,219010000.0,76873000,53001000,0.893467,0.353798206326049,0.99997988173566,False,UP,0,26.374478482015,1.05082415837183,-4.64622411552747
P61358,Rpl27,34083000.0,53165000.0,4492800,118720000,0.882176,0.647628337882791,0.99997988173566,False,UP,0,24.9021734035869,0.494147968743706,-4.84817597208781
P83877,Txnl4a,70796000.0,29860000.0,36320000,101180000,-0.398867,0.672104334181446,0.99997988173566,False,NO CHANGE,0,25.653871278476,-0.456637711696513,-4.8579418895093
Q8K003,Tma7,7588800.0,12805000.0,10744000,9052000,-0.000594,0.99926468810113,0.99997988173566,False,NO CHANGE,0,23.2331193220049,-0.0009816804473143,-4.91774593516366
Q3U0V1,Khsrp,15897000.0,21600000.0,152460000,157420000,-3.06356,0.0056977926615756,0.99997988173566,False,DOWN,0,25.6751695796027,-5.49062557077033,-3.57519123877891
O54984,Asna1,79747000.0,66578000.0,38897000,30877000,1.072142,0.12746130559776,0.99997988173566,False,UP,0,25.5826634783434,1.92904946583609,-4.26993830665033
P62301,Rps13,84982000.0,195250000.0,33116000,125150000,1.000647,0.361392613779516,0.99997988173566,False,UP,0,26.440377351701,1.03233004109308,-4.65408540961664
Q9CQ86,Mien1,26382000.0,6447600.0,12836000,26428000,-0.497937,0.637245661348514,0.99997988173566,False,NO CHANGE,0,23.8856594221955,-0.510308036831381,-4.84377369985366
Q99JX4,Eif3m,56301000.0,113950000.0,39162000,100830000,0.350091,0.68824811460236,0.99997988173566,False,NO CHANGE,0,26.0801959280129,0.432312877687901,-4.86392652387031
Q9D711,Pir,69893000.0,123690000.0,106910000,93645000,-0.105861,0.871707599996665,0.99997988173566,False,NO CHANGE,0,26.5233296142128,-0.172339690974284,-4.90893347778814
P0C7N9,Psmg4,59998000.0,28855000.0,41399000,60586000,-0.267422,0.715904151718337,0.99997988173566,False,NO CHANGE,0,25.4440756942116,-0.391332898264013,-4.87336558990741
P62702,Rps4x,24876000.0,135060000.0,21852000,175050000,-0.093589,0.952744129987317,0.99997988173566,False,NO CHANGE,0,25.8354325553607,-0.0631416966636236,-4.91655734049352
Q8C460,Eri3,27822000.0,29045000.0,36475000,49665000,-0.582311,0.357118965540338,0.99997988173566,False,NO CHANGE,0,25.0519100272125,-1.0426942224443,-4.64968527201304
Q9JK23,Psmg1,142750000.0,63124000.0,92939000,59827000,0.348263,0.653219443865602,0.99997988173566,False,NO CHANGE,0,26.3261687421706,0.485508751598888,-4.85048183641841
Q91XC8,Dap,43024000.0,64956000.0,43628000,37303000,0.390029,0.539605704752347,0.99997988173566,False,NO CHANGE,0,25.4607842775889,0.671182108734793,-4.79411778422823
P62751,Rpl23a,7659400.0,57187000.0,0,45415000,0.986201,0.632127763267634,0.99997988173566,False,NO CHANGE,1,23.8258915757811,0.518331581680907,-4.84154541899522
P70362,Ufd1l,181100000.0,394400000.0,211540000,420020000,-0.157471,0.845444738876612,0.99997988173566,False,NO CHANGE,0,28.072383412023,-0.208206352881552,-4.9049174944343
P00329,Adh1,73562000.0,149680000.0,119960000,61655000,0.287035,0.715872080043961,0.99997988173566,False,NO CHANGE,0,26.5013640846541,0.391379949801108,-4.87335522552516
P53612,Rabggtb,84418000.0,37496000.0,31921000,18122000,1.22602,0.173992996642826,0.99997988173566,False,UP,0,25.1326305098012,1.6588668267354,-4.38080510409778
P50295,Nat2,84656000.0,75076000.0,11988000,20932000,2.331331,0.019519616590103,0.99997988173566,False,UP,0,25.0828129797763,3.82004402402921,-3.76284821247247
Q05BC3,Eml1,1639600000.0,261540000.0,603890000,957100000,-0.215326,0.85615009787312,0.99997988173566,False,NO CHANGE,0,29.3942395219276,-0.193549278415116,-4.90664751717439
Q8K385,FRRS1,64828000.0,49323000.0,57524000,65501000,-0.118402,0.842305739943166,0.99997988173566,False,NO CHANGE,0,25.8121363013627,-0.212514442637921,-4.90438578290445
Q9D9A7,Ptges3l,15249000.0,14875000.0,8232400,7942100,0.897313,0.170527167914813,0.99997988173566,False,UP,0,23.395642095144,1.67616680664761,-4.37346770286388
Q3UL36,Arglu1,109570000.0,124860000.0,6451700000,1655100000,-4.804145,0.0059209486176888,0.99997988173566,False,DOWN,0,29.2035792962466,-5.43131015079879,-3.57968603009464
Q91XE4,Acy3,46089000.0,61847000.0,69505000,93057000,-0.591053,0.363910028605002,0.99997988173566,False,DOWN,0,25.9655860454457,-1.02627583012377,-4.65664919663567
P18608,Hmgn1,76750000.0,15885000.0,47376000,13086000,0.487826,0.700201799284459,0.99997988173566,False,NO CHANGE,0,24.8134997672052,0.414497833858964,-4.8681305492262
Q8BV13,Cops7b,81238000.0,44478000.0,58352000,137280000,-0.574293,0.492530582437514,0.99997988173566,False,NO CHANGE,0,26.128266238506,-0.75606604274951,-4.76418088089384
O08583;Q9JJW6,Alyref;Alyref2,128180000.0,247750000.0,63223000,90037000,1.239972,0.134679826939763,0.99997988173566,False,UP,0,26.7889666402088,1.88075231185007,-4.28912084681045
P12787,Cox5a,23423000.0,30036000.0,20617000,13178000,0.686326,0.3152173538315,0.99997988173566,False,UP,0,24.3176427681345,1.15071769352684,-4.60311812140283
Q8JZL3,Thtpa,38963000.0,75562000.0,14509000,104890000,0.476006,0.712485896103795,0.99997988173566,False,NO CHANGE,0,25.455376408127,0.396353655737921,-4.87225342479229
Q3TWW8,Srsf6,18308000.0,42763000.0,73079000,14804000,-0.233303,0.838953257396451,0.99997988173566,False,NO CHANGE,0,24.8545669636889,-0.217120940257268,-4.90380561880779
P60824,Cirbp,5627900.0,97674000.0,6373800,0,1.727696,0.333858132716352,0.99997988173566,False,NO CHANGE,1,23.6189702042577,1.10113745915295,-4.62463444783143
Q91WE2,Fam192a,105860000.0,74303000.0,106680000,5358000,1.891261,0.314860230251729,0.99997988173566,False,UP,0,25.4566192707677,1.15169376318426,-4.60269253816154
Q8VCX1,Akr1d1,623880000.0,272890000.0,609930000,841800000,-0.796267,0.322367316480532,0.99997988173566,False,DOWN,0,29.0183520783603,-1.13138862397142,-4.61153098018847
O70423,Aoc3,83531000.0,89149000.0,300330000,99532000,-1.002553,0.270368054525513,0.99997988173566,False,DOWN,0,26.8640385256729,-1.28230039079861,-4.54528699356513
O08529,Capn2,6545700.0,53725000.0,0,31105000,0.716402,0.676328942362147,0.99997988173566,False,NO CHANGE,1,23.8024019771312,0.450241691279237,-4.85954249940912
O08539,Bin1,18505000.0,23667000.0,29290000,26713000,-0.418579,0.491145629069832,0.99997988173566,False,NO CHANGE,0,24.5281822089635,-0.758653343067493,-4.76323349003219
O08912,Galnt1,141080000.0,83675000.0,244550000,252480000,-1.193458,0.118643538803078,0.99997988173566,False,DOWN,0,27.2918449108591,-1.99226964867002,-4.24529047447523
O35098,Dpysl4,34202000.0,72120000.0,96712000,0,1.232557,0.509503856560538,0.99997988173566,False,NO CHANGE,1,24.9494579615072,0.72479557727155,-4.77547364710562
O70139,Pkig,4426800.0,0.0,3490400,0,0.227866,0.72354609887982,0.99997988173566,False,NO CHANGE,2,21.6448926755661,0.380151062520628,-4.87579732830095
O70274;Q63739,Ptp4a2;Ptp4a1,3805500.0,6640700.0,9018700,16837000,-1.293531,0.134360729062835,0.99997988173566,False,DOWN,0,22.908044577952,-1.882827251502,-4.28829060537544
O88653,Lamtor3,84796000.0,4593300.0,0,66903000,0.463006,0.84733921408822,0.99997988173566,False,NO CHANGE,1,24.0027931574399,0.205608623927456,-4.90523302336582
O88712;P56546,Ctbp1;Ctbp2,16794000.0,0.0,11544000,0,-0.110438,0.947880782167473,0.99997988173566,False,NO CHANGE,2,22.2903547325592,-0.0696525181381187,-4.91629976088889
O88803,Lect2,11052000.0,0.0,0,2568400,1.760594,0.0790336036436594,0.99997988173566,False,NO CHANGE,2,21.8602820920778,2.36010929672855,-4.11299503477351
P09535,Igf2,7790300.0,0.0,5310600,5858700,-0.988211,0.450365996725258,0.99997988173566,False,NO CHANGE,1,21.9171906540399,-0.837505435245912,-4.73347781946425
P24547,Impdh2,21261000.0,0.0,31052000,37666000,-1.525835,0.13427132543883,0.99997988173566,False,NO CHANGE,1,24.2645534727974,-1.88340955936061,-4.28805770529225
P47963,Rpl13,3030900.0,0.0,4105100,0,0.193591,0.772721340836703,0.99997988173566,False,NO CHANGE,2,21.6917077870221,0.309476992065025,-4.88968644203919
P51807,Dynlt1,7905100.0,0.0,8805600,7552000,-0.714575,0.379477845478959,0.99997988173566,False,NO CHANGE,1,22.6019211558088,-0.989636390240203,-4.67205463492498
P53690,Mmp14,0.0,27329000.0,13442000,52304000,-1.500759,0.349002262058945,0.99997988173566,False,NO CHANGE,1,23.9099515269211,-1.06268710798236,-4.64115922855856
P55002,Mfap2,44002000.0,20870000.0,41497000,105280000,-1.125083,0.240981592704391,0.99997988173566,False,DOWN,0,25.4155382218015,-1.38049032321159,-4.50188953984013
P56873,Sssca1,32750000.0,19718000.0,161870000,0,-0.082381,0.968260214308716,0.99997988173566,False,NO CHANGE,1,24.64019108747,-0.0423902205043882,-4.91721015130056
P57716,Ncstn,11932000.0,16848000.0,6664100,8659300,0.900304,0.196793122006477,0.99997988173566,False,UP,0,23.3070510365315,1.55333689602659,-4.42612783495372
P57746,Atp6v1d,19766000.0,0.0,15095000,20688000,-1.778608,0.301204598576024,0.99997988173566,False,NO CHANGE,1,23.1856249690496,-1.18981436316315,-4.58602128734598
P62322,Lsm5,11525000.0,0.0,0,2530600,0.94695,0.490162413954639,0.99997988173566,False,NO CHANGE,2,21.440781774813,0.760493514884487,-4.76255849215208
P70186,Epyc,62983000.0,0.0,0,36717000,0.68733,0.780967504654913,0.99997988173566,False,NO CHANGE,2,23.2980889936652,0.297819776895603,-4.89172535732662
P70671,Irf3,22933000.0,15247000.0,15810000,0,1.2967,0.244478045297032,0.99997988173566,False,NO CHANGE,1,23.5081220434672,1.368207206134,-4.50731489140684
P97310,Mcm2,9281800.0,0.0,26663000,0,-0.940337,0.557607703209583,0.99997988173566,False,NO CHANGE,2,22.5849656706376,-0.640135685490367,-4.8044691092127
P97434,Mprip,11735000.0,6181000.0,0,4192800,1.331139,0.117904482331958,0.99997988173566,False,NO CHANGE,1,22.356292047137,1.99780098085554,-4.24315947835534
Q00724,Rbp4,7495800.0,0.0,12842000,5373500,-0.893438,0.367668897065318,0.99997988173566,False,NO CHANGE,1,22.5391796537839,-1.01730467571202,-4.66043905246632
Q08943,Ssrp1,7977800.0,0.0,0,9139300,-0.219145,0.842471402595533,0.99997988173566,False,NO CHANGE,2,22.1519688101798,-0.212286958943847,-4.90441412225557
Q3V1L4,Nt5c2,125350000.0,0.0,41982000,0,1.09473,0.713830142793733,0.99997988173566,False,NO CHANGE,2,23.4278205691912,0.394377785873263,-4.87269260036439
Q4QY64,Atad5,112040000.0,175700000.0,83600000,33019000,1.417092,0.135044477007318,0.99997988173566,False,UP,0,26.355442574209,1.87838768914872,-4.29006765972441
Q5U5V2,Hykk,14596000.0,58071000.0,0,24545000,1.370997,0.318046181761064,0.99997988173566,False,NO CHANGE,1,24.1096937192016,1.14302219494719,-4.60647101103302
Q61753,Phgdh,2838000.0,1219100.0,3143500,9622700,-1.564061,0.15842723803278,0.99997988173566,False,DOWN,0,21.608944713302,-1.73961715123021,-4.34681093851629
Q63810,Ppp3r1,11331000.0,0.0,2987200,9697100,0.494618,0.615757119176299,0.99997988173566,False,NO CHANGE,1,22.6070511858589,0.544265662124374,-4.83415409536978
Q64327,Mea1,25559000.0,12158000.0,0,23925000,0.223271,0.797010769868425,0.99997988173566,False,NO CHANGE,1,23.9597300626987,0.275279884436556,-4.89545996618967
Q6P9R2,Oxsr1,29687000.0,41807000.0,30639000,48196000,-0.125353,0.847348517370243,0.99997988173566,False,NO CHANGE,0,25.1329612788956,-0.205595871414782,-4.90523456287838
Q6PEB6,Mob4,34497000.0,34594000.0,117020000,170440000,-2.031441,0.024195193986412,0.99997988173566,False,DOWN,0,26.0577136672624,-3.57079897134902,-3.8061949515758
Q78JE5,Fbxo22,5726800.0,10465000.0,0,8539200,0.627869,0.491130158001174,0.99997988173566,False,NO CHANGE,1,22.570248993415,0.758682276729987,-4.76322288439964
Q80VJ2,Sra1,12617000.0,0.0,21442000,0,-0.069905,0.967075259095142,0.99997988173566,False,NO CHANGE,2,22.5313948603063,-0.0439740507153482,-4.91716935970725
Q80WB5,Wdyhv1,57675000.0,24074000.0,22569000,22138000,0.737277,0.352371360262942,0.99997988173566,False,UP,0,24.7825690038069,1.05433836735887,-4.64472548488959
Q8BG73,Sh3bgrl2,33887000.0,2756700.0,10982000,38810000,-1.094912,0.518010211241787,0.99997988173566,False,DOWN,0,23.7518255015844,-0.709415809602726,-4.7809174471851
Q8BG94,Commd7,14814000.0,7873000.0,6145800,13136000,0.265374,0.737909469822231,0.99997988173566,False,NO CHANGE,0,23.2317830096398,0.359287559548787,-4.88016590358995
Q8BHL8,Psmf1,14218000.0,0.0,6974200,0,0.481114,0.469957001420329,0.99997988173566,False,NO CHANGE,2,23.2306040676727,0.798954803254006,-4.74823209517602
Q8BRH0,Tmtc3,210490000.0,142290000.0,43638000,117170000,1.275163,0.1726039184546,0.99997988173566,False,UP,0,26.7291362812309,1.66575659902296,-4.37787956230045
Q8BWP8,B4gat1,57708000.0,67670000.0,52373000,140970000,-0.459426,0.570911100896109,0.99997988173566,False,NO CHANGE,0,26.1268534731703,-0.617636332287003,-4.81175374978095
Q8C351,Layn,14887000.0,0.0,12290000,20975000,-0.871178,0.344688530708084,0.99997988173566,False,NO CHANGE,1,23.5009854393681,-1.07348318335541,-4.63653556187217
Q8CDG1,Piwil2,1805000.0,0.0,13991000,0,-1.748023,0.100493511954051,0.99997988173566,False,NO CHANGE,2,22.1655563133829,-2.14048034049886,-4.1896571788354
Q8CFI0,Nedd4l,34943000.0,17661000.0,16165000,0,1.839521,0.165650886777927,0.99997988173566,False,NO CHANGE,1,23.6465214138414,1.70114549332989,-4.36292475096886
Q8CI32,Bag5,15881000.0,0.0,0,28352000,-0.837144,0.657282428663586,0.99997988173566,False,NO CHANGE,2,22.6933981468742,-0.479257591535989,-4.85212937070258
Q8K0C9,Gmds,43597000.0,39032000.0,31254000,40669000,0.210458,0.724080177089835,0.99997988173566,False,NO CHANGE,0,25.1927108172221,0.379371754837544,-4.87596446887131
Q8K2I1,Fntb,53997000.0,0.0,46638000,34757000,-1.436462,0.376260839523406,0.99997988173566,False,NO CHANGE,1,24.5446703171969,-0.997098207059981,-4.66893327852121
Q8K2Q5,Chchd7,6491300.0,0.0,5951700,7602400,-0.499347,0.477127938647098,0.99997988173566,False,NO CHANGE,1,22.4317736151466,-0.7851606631849,-4.7534172720368
Q8QZY9,Sf3b4,1650900.0,31670000.0,0,12655000,0.172294,0.926787611133122,0.99997988173566,False,NO CHANGE,1,22.6995704057228,0.0979384540598951,-4.91488902846033
Q8R1B4,Eif3c,10243000.0,72191000.0,0,63369000,0.777761,0.692681856648326,0.99997988173566,False,NO CHANGE,1,24.3078445790367,0.42568623436911,-4.86550816098839
Q8R526,Pkd1l1,68007000.0,42775000.0,64080000,77281000,-0.383768,0.553962831056673,0.99997988173566,False,NO CHANGE,0,25.8766064183047,-0.646364434238164,-4.80241975094012
Q8VC60,Glb1l,9570200.0,4380300.0,0,4266100,1.114338,0.219500691234572,0.99997988173566,False,NO CHANGE,1,22.0691891140144,1.46009972619501,-4.46682528208062
Q8VE70,Pdcd10,23786000.0,0.0,18354000,16726000,-0.855485,0.469985544678001,0.99997988173566,False,NO CHANGE,1,23.6348478339443,-0.798899571751286,-4.74825295844981
Q8VHC3,Selm,15284000.0,0.0,13230000,0,-0.370145,0.715643998298205,0.99997988173566,False,NO CHANGE,2,23.0468622035694,-0.391714592926104,-4.8732814794714
Q8VHN8,Nudt16l1,5505300.0,0.0,83098000,30041000,-3.651738,0.0118060319906191,0.99997988173566,False,NO CHANGE,1,23.7485010611281,-4.44867907140556,-3.67452660123431
Q8VI64,Mgarp,46798000.0,0.0,72228000,39206000,-2.698501,0.230009848361252,0.99997988173566,False,NO CHANGE,1,24.3160626464151,-1.42022017537207,-4.48436458008387
Q91W39,Ncoa5,4159400.0,3033900.0,3766200,14307000,-1.047105,0.304239037572441,0.99997988173566,False,DOWN,0,22.2838955354314,-1.1812055672932,-4.58979409759916
Q91WG0,Ces2c,75365000.0,52101000.0,99228000,0,2.199059,0.359861333760749,0.99997988173566,False,NO CHANGE,1,24.8015702671857,1.036031004774,-4.65251575876092
Q91WU5,As3mt,16800000.0,0.0,50298000,0,-1.8697,0.38207753502162,0.99997988173566,False,NO CHANGE,2,22.9937954663201,-0.983646610754711,-4.67455397464404
Q91WV0,Dr1,22547000.0,15634000.0,7049800,0,1.247053,0.0992123667061091,0.99997988173566,False,NO CHANGE,1,23.5387815653487,2.15204762233336,-4.18544565477461
Q91ZI0,Celsr3,128990000.0,0.0,133770000,48836000,-1.846228,0.398278630174982,0.99997988173566,False,NO CHANGE,1,25.3451967364235,-0.947093706430445,-4.6896785774929
Q924T3,Xrcc4,11991000.0,0.0,51326000,0,-2.064902,0.245588845264333,0.99997988173566,False,NO CHANGE,2,23.1633890806892,-1.36434138244987,-4.50902290418186
Q9CQ10,Chmp3,31838000.0,50996000.0,89345000,56231000,-0.814809,0.269482098569027,0.99997988173566,False,DOWN,0,25.6714682890815,-1.28510479258585,-4.5440480032568
Q9CQ13,Coprs,22815000.0,0.0,33364000,12980000,-1.686426,0.321487445500057,0.99997988173566,False,NO CHANGE,1,23.4675751534708,-1.13374571433432,-4.61050665150373
Q9CR57,Rpl14,4020800.0,2352700.0,1718400,14791000,-0.712957,0.602997105824391,0.99997988173566,False,DOWN,0,21.9089469528026,-0.564779435771046,-4.82810799321834
Q9CX86,Hnrnpa0,317990000.0,7651500.0,712140000,643300000,-3.778392,0.132655026981527,0.99997988173566,False,DOWN,0,27.4450548557715,-1.894010123327,-4.28382540321504
Q9CYD3,Crtap,19986000.0,29163000.0,25513000,42066000,-0.440379,0.520604972823487,0.99997988173566,False,NO CHANGE,0,24.7452506865182,-0.70476145060521,-4.78255007453881
Q9D211,Cdkn2aipnl,1712700.0,3182500.0,7562400,0,-1.776991,0.0480218597499058,0.99997988173566,False,NO CHANGE,1,22.0432805104459,-2.84015489823481,-3.96941150866723
Q9D2Q8,S100a14,4529300.0,0.0,0,13932000,-0.694882,0.614094312850069,0.99997988173566,False,NO CHANGE,2,21.8792102025699,-0.546923610180819,-4.83338052164627
Q9D7I0,Shisa5,2932100.0,8236900.0,0,64159000,-1.008176,0.652320247114977,0.99997988173566,False,NO CHANGE,1,22.7326744797702,-0.48689525506345,-4.85011402497737
Q9D832,Dnajb4,3804900.0,0.0,0,17021000,-0.951437,0.541643721571648,0.99997988173566,False,NO CHANGE,2,21.7814353191824,-0.667631052014149,-4.79531885371795
Q9D880,Timm50,14526000.0,11053000.0,8929400,788890000,-2.727656,0.316069477231667,0.99997988173566,False,DOWN,0,24.9588623822259,-1.14839286441696,-4.60413150502288
Q9D8Z2,Triap1,2913800.0,9619300.0,19368000,0,-1.517972,0.151526196390941,0.99997988173566,False,NO CHANGE,1,23.0949714706645,-1.7781560029226,-4.33082838498657
Q9DAI2,Ift22,11954000.0,23547000.0,37325000,59368000,-1.488396,0.0960092379360157,0.99997988173566,False,DOWN,0,24.7442127856393,-2.18171419705693,-4.17473214053723
Q9DCL9,Paics,0.0,7661000.0,0,6813200,-0.043471,0.942070357656976,0.99997988173566,False,NO CHANGE,2,22.6535412061375,-0.07743612735898,-4.91595881375494
Q9DCM0,Ethe1,7229000.0,0.0,18990000,29801000,-2.963762,0.0507160105059741,0.99997988173566,False,NO CHANGE,1,23.0219159265006,-2.78571082430575,-3.98410675767281
Q9DCM2,Gstk1,11429000.0,0.0,23594000,0,-0.705012,0.522801895000654,0.99997988173566,False,NO CHANGE,2,23.1433633786935,-0.70083397345318,-4.78392229119605
Q9ES97,Rtn3,32623000.0,21538000.0,16538000,0,1.646763,0.142515607464312,0.99997988173566,False,NO CHANGE,1,23.8365018772649,1.83140644501156,-4.30902314914286
Q9JIY5,Htra2,20289000.0,0.0,42880000,0,-0.587958,0.76244654811173,0.99997988173566,False,NO CHANGE,2,23.1161817877876,-0.3240746821034,-4.88703111822963
Q9JLV6,Pnkp,8381900.0,0.0,33249000,14446000,-1.625576,0.0844132194523719,0.99997988173566,False,NO CHANGE,1,23.5726989881621,-2.29923150365017,-4.13354335603423
Q9QZA0,Ca5b,30187000.0,23749000.0,0,10535000,1.993399,0.0512049019775634,0.99997988173566,False,NO CHANGE,1,23.6776943853498,2.77619274074625,-3.98671591595775
Q9QZB9,Dctn5,6198000.0,0.0,8802800,0,-0.278797,0.701895818789099,0.99997988173566,False,NO CHANGE,2,22.4222831902145,-0.411986062622957,-4.86871091802651
Q9WV98,Timm9,4429700.0,2091700.0,15478000,4547000,-1.462589,0.18608713815494,0.99997988173566,False,DOWN,0,22.2688053465868,-1.6012095243036,-4.40545470469436
Q9Z0M5,Lipa,25556000.0,0.0,64804000,0,-0.014435,0.994309852660544,0.99997988173566,False,NO CHANGE,2,23.6007266578045,-0.0075967391689744,-4.91772900039721
Q9Z0Y1,Dctn3,26425000.0,32155000.0,96897000,48627000,-1.235632,0.131644083274963,0.99997988173566,False,DOWN,0,25.4147857014797,-1.90071203583014,-4.28115702286343
Q9Z255,Ube2a,34703000.0,26782000.0,38730000,0,0.920338,0.43488586230102,0.99997988173566,False,NO CHANGE,1,24.4014896283569,0.868930493652316,-4.72118223243391
Q9CR75,Tnfrsf12a,7975700.0,0.0,6252700,0,0.013146,0.985245864731391,0.99997988173566,False,NO CHANGE,2,22.3947208637024,0.0196991495801456,-4.91763042361848
P12850,Cxcl1,15777000.0,11455000.0,52246000,337360000,-3.303869,0.042252913370636,0.99997988173566,False,DOWN,0,25.3323311567926,-2.96979194747933,-3.93595576989219
Q91YQ5,Rpn1,106870000.0,6820100.0,3852700,10787000,2.066207,0.26905147169085,0.99997988173566,False,UP,0,23.653217979809,1.2864711267251,-4.54344430986623
P17125,Tgfb3,26257000.0,9599600.0,54831000,56247000,-1.80651,0.0737756750030088,0.99997988173566,False,DOWN,0,24.8236257201252,-2.42433926758812,-4.09189840300037
Q8K007,Sulf1,7505000.0,0.0,48670000,0,-2.244465,0.117667617093939,0.99997988173566,False,NO CHANGE,2,23.2380342933821,-1.99958182745218,-4.24247427604256
Q8BR92,Palm2,33026000.0,7841500.0,0,5366400,1.894142,0.115749655714349,0.99997988173566,False,NO CHANGE,1,22.9928275678503,2.01414877258209,-4.23688571106015
Q64314,Cd34,37632000.0,0.0,15000000,0,0.308177,0.864232281649336,0.99997988173566,False,NO CHANGE,2,23.0012775617482,0.18251804030396,-4.90786868073947
Q9JMD0,Znf207,12688000.0,7918900.0,0,19549000,0.614,0.654855023489937,0.99997988173566,False,NO CHANGE,1,22.9499149917325,0.482989620967179,-4.85114789437259
Q3UD01,Atxn7l3b,17677000.0,4094600.0,13769000,11410000,-0.559027,0.58059793804484,0.99997988173566,False,NO CHANGE,0,23.2998442783814,-0.601476219875648,-4.81686908620921
Q9CXF4,Tbc1d15,11512000.0,1954900.0,9134500,6770100,-0.729171,0.533781373869764,0.99997988173566,False,DOWN,0,22.5422346462712,-0.6813834521258,-4.79064341290385
Q8BGL1,Ppm1n,711940000.0,85293000.0,391260000,10181000,1.965088,0.430945011773802,0.99997988173566,False,UP,0,26.8940081875544,0.877075937488179,-4.71795833509228
Q9CRT8,Xpot,31040000.0,18240000.0,95988000,10872000,-0.441119,0.746843883386357,0.99997988173566,False,NO CHANGE,0,24.7246730906934,-0.346405763658951,-4.88275208119282
Q9CT10,Ranbp3,64412000.0,4219400.0,58422000,29467000,-1.331586,0.438091557877934,0.99997988173566,False,DOWN,0,24.6405094622261,-0.862349040438498,-4.72377627014955
Q8K5B2,Mcfd2,63942000.0,8863200.0,4270400,35173000,0.957876,0.57834123178408,0.99997988173566,False,UP,0,24.0258904018852,0.605224738847221,-4.81569138831429
Q9DCL8,Ppp1r2,32299000.0,0.0,0,21448000,0.502376,0.77028847773933,0.99997988173566,False,NO CHANGE,2,23.1524309526131,0.312926000680679,-4.88906927205213
Q9DB50,Ap1s2,17173000.0,12806000.0,0,7413000,0.917207,0.177693646337684,0.99997988173566,False,NO CHANGE,1,23.3633741687935,1.64079007464631,-4.38850173949726
P47955,Rplp1,108810000.0,11121000.0,0,49758000,1.242235,0.529270862938974,0.99997988173566,False,NO CHANGE,1,24.430891968719,0.689338627993623,-4.78790966425312
P05977;P09542,Myl1;Myl3,190790000.0,98473000.0,108670000,251310000,-0.269818,0.743265966828091,0.99997988173566,False,NO CHANGE,0,27.1652266263956,-0.351555928578149,-4.88172838521216
Q9QY93,Dctpp1,34266000.0,23438000.0,19592000,35636000,0.101014,0.883770069575026,0.99997988173566,False,NO CHANGE,0,24.705803500772,0.155961713345065,-4.91052137834573
P56394,Cox17,58793000.0,17099000.0,88969000,0,0.233784,0.882706828314605,0.99997988173566,False,NO CHANGE,1,24.8013828904906,0.157403168958323,-4.91038785544454
Q3U1U7,Ahrr,1538900000.0,1281000000.0,1201300000,1168500000,0.244958,0.675936856558417,0.99997988173566,False,NO CHANGE,0,30.2644588978722,0.450834376897644,-4.8593949836602
P31240,Pdgfb,22787000.0,124120000.0,43439000,67844000,-0.029669,0.978836915386977,0.99997988173566,False,NO CHANGE,0,25.6792683694334,-0.0282585566796533,-4.91750794931352
Q03366,Ccl7,27796000.0,96828000.0,47992000,166620000,-0.785491,0.498468661919438,0.99997988173566,False,DOWN,0,26.0213929632444,-0.745035067497183,-4.76819804552273
P28862,Mmp3,30876000.0,3757900000.0,0,4575600000,0.97065,0.829458406894561,0.99997988173566,False,NO CHANGE,1,27.858305845161,0.2301988866426,-4.90209330720983
P55292,Dsc2,4063900.0,18924000.0,7088800,29085000,-0.711367,0.586376284459468,0.99997988173566,False,DOWN,0,23.4197572916472,-0.591921976061686,-4.81984627920664
P97857,Adamts1,7026400.0,204450000.0,22938000,351320000,-1.24396,0.617681815290688,0.99997988173566,False,DOWN,0,25.7977434595848,-0.541194682280662,-4.8350442013817
Q9DD06,Rarres2,12266000.0,217250000.0,21464000,148550000,-0.129423,0.948051118995022,0.99997988173566,False,NO CHANGE,0,25.686182861159,-0.0694244186445284,-4.9163092103195
P97821,Ctsc,18979000.0,688710000.0,12749000,800300000,0.178688,0.953484686389544,0.99997988173566,False,NO CHANGE,0,26.6792671124842,0.0621505775234261,-4.91659434291775
Q61789,Lama3,0.0,1933300000.0,0,792070000,0.442528,0.925885309512928,0.99997988173566,False,NO CHANGE,2,25.8403908075929,0.0991504301240124,-4.91481801192725
O88452,Stc2,19835000.0,261770000.0,2065600,194640000,1.845454,0.539219117671158,0.99997988173566,False,UP,0,25.1799080119716,0.671856776394087,-4.79388910211044
O35664,Ifnar2,394630000.0,479350000.0,0,419810000,3.261169,0.240188406888009,0.99997988173566,False,NO CHANGE,1,27.065630264573,1.38330142953406,-4.50064829015706
Q9R098,Hgfac,32854000.0,1008900000.0,0,1408900000,2.054307,0.63718856881343,0.99997988173566,False,NO CHANGE,1,26.4126976121862,0.510397329281015,-4.84374905599826
Q9R001,Adamts5,5448900.0,392800000.0,0,100970000,0.986838,0.735971707914992,0.99997988173566,False,NO CHANGE,1,24.9699574739232,0.362090961739661,-4.87959178740866
Q8BNJ2,Adamts4,0.0,109940000.0,27869000,289910000,-2.312416,0.369163665388738,0.99997988173566,False,NO CHANGE,1,25.2653858588415,-1.01375966026762,-4.66193354793201
Q925I7,Pdgfd,84677000.0,124250000.0,138920000,59133000,0.178499,0.816750712920823,0.99997988173566,False,NO CHANGE,0,26.5228191607389,0.247779256421903,-4.89964046128943
Q61805,Lbp,45135000.0,1222900000.0,37377000,743520000,0.494979,0.844116940177714,0.99997988173566,False,NO CHANGE,0,27.5602115781511,0.210028086725608,-4.90469393652875
O89023,Tpp1,53717000.0,568660000.0,92055000,538430000,-0.349155,0.839202842457121,0.99997988173566,False,NO CHANGE,0,27.5555106972512,-0.21677780099626,-4.90384924884443
P52793,Efna1,29711000.0,301150000.0,26376000,435280000,-0.179845,0.931014746815118,0.99997988173566,False,NO CHANGE,0,26.5851229486925,-0.0922629056245885,-4.91521005131567
Q3UZZ4,Olfm4,13573000.0,5879300000.0,19425000,8213000000,-0.49972,0.91608989028777,0.99997988173566,False,NO CHANGE,0,28.3234767397868,-0.112319906092893,-4.91399051521698
O89093,Ccl20,21703000.0,154310000.0,47905000,52410000,0.207818,0.864951907879326,0.99997988173566,False,NO CHANGE,0,25.6824147853321,0.181537197585427,-4.90797388385739
Q9Z126,Pf4,5336100.0,51434000.0,1784000,66104000,0.609327,0.801244923234895,0.99997988173566,False,UP,0,23.6771229285782,0.269360299220838,-4.89639495268859
Q9Z0F8,Adam17,18871000.0,14241000.0,56850000,30019000,-1.333407,0.10887367602632,0.99997988173566,False,DOWN,0,24.6333110638166,-2.06865057452984,-4.21623576792405
Q9WVJ9,Efemp2,67948000.0,246770000.0,384780000,632100000,-1.929258,0.0977120217322365,0.99997988173566,False,DOWN,0,27.9128889180107,-2.16580799721449,-4.18046063003031
P97464,Ext1,158710000.0,223870000.0,42493000,117400000,1.416162,0.141002982300718,0.99997988173566,False,UP,0,26.7818706986254,1.84070008569197,-4.30525198311672
Q9WVB4,Slit3,38392000.0,255600000.0,0,76180000,2.584844,0.252950079860621,0.99997988173566,False,NO CHANGE,1,25.2693856829573,1.33915123460341,-4.52015673328459
P50228,Cxcl5,6494600.0,699340000.0,8919200,1405500000,-0.732346,0.848618733318913,0.99997988173566,False,DOWN,0,26.3722868046324,-0.203855106282401,-4.90544384486934
P97333,Nrp1,13039000.0,79587000.0,0,150730000,0.306267,0.891490072612605,0.99997988173566,False,NO CHANGE,1,24.788046203762,0.145507440746444,-4.91145365310343
P56677,St14,5661000.0,1055500000.0,0,848760000,0.440736,0.915839358360915,0.99997988173566,False,NO CHANGE,1,25.9835844537369,0.112657042145203,-4.91396799096719
P97430,Slpi,3017700.0,629510000.0,0,186730000,0.41898,0.906119706582378,0.99997988173566,False,NO CHANGE,1,25.1678462094249,0.125749441178562,-4.9130416411796
Q62393,Tpd52,18717000.0,75354000.0,29891000,23114000,0.514778,0.600509227429956,0.99997988173566,False,NO CHANGE,0,24.9051245196694,0.568811169777436,-4.82689944916029
Q9R0M4,Podxl,1267400.0,25974000.0,508730,6793500,1.625871,0.486736391595086,0.99997988173566,False,UP,0,21.6390674043536,0.76692774175647,-4.76019066712457
P18828,Sdc1,46523000.0,308850000.0,79638000,145950000,0.15296,0.901223237002734,0.99997988173566,False,NO CHANGE,0,26.7604061273094,0.132355046793825,-4.91253612005045
P10404,,19939000.0,1725000000.0,0,871840000,1.549624,0.688575041538934,0.99997988173566,False,NO CHANGE,1,26.6917073313978,0.43182348110526,-4.86404405193627
P15379,Cd44,16406000.0,954620000.0,8564500,1543100000,0.122475,0.973347645650508,0.99997988173566,False,NO CHANGE,0,26.8377983810365,0.0355917315030677,-4.91736827274944
P09803,Cdh1,3347600.0,4335000000.0,0,3277000000,0.358405,0.948705742452564,0.99997988173566,False,NO CHANGE,1,26.6648376685138,0.0685478488208918,-4.91634523643273
P04925,Prnp,42200000.0,119380000.0,46239000,139020000,-0.175799,0.861833290183536,0.99997988173566,False,NO CHANGE,0,26.1687624129598,-0.185789425743509,-4.90751380760483
Q922J3;Q9Z0H8,Clip1;Clip2,175420000.0,802800000.0,0,639690000,2.882042,0.35904215591053,0.99997988173566,False,NO CHANGE,1,27.0423308746691,1.03801663652186,-4.65167287547106
Q9JME7,Trappc2l,6190900.0,38573000.0,16037000,3687500,1.006847,0.489772302445812,0.99997988173566,False,UP,0,23.3779795784026,0.761224423146508,-4.76229011408226
Q64695,Procr,99454000.0,196350000.0,72100000,117340000,0.603381,0.430389986046416,0.99997988173566,False,UP,0,26.7564984995138,0.878228046361049,-4.71750115826674
P13597,Icam1,69842000.0,391540000.0,41056000,442630000,0.29478,0.863439604244671,0.99997988173566,False,NO CHANGE,0,27.1536979330415,0.183598704053342,-4.90775213162994
P52800,Efnb2,58924000.0,185670000.0,54282000,161910000,0.157965,0.879480147220815,0.99997988173566,False,NO CHANGE,0,26.5612762286316,0.161780154209849,-4.90997503231794
Q6PDJ1,Cachd1,6815300.0,115460000.0,4670300,45812000,0.939429,0.655504494981274,0.99997988173566,False,UP,0,24.2718674073053,0.481990307990842,-4.85141131895816
P10810,Cd14,11003000.0,5320200000.0,14808000,2485200000,0.334819,0.939975897886657,0.99997988173566,False,NO CHANGE,0,27.6827038024653,0.0802432645082901,-4.91582703923978
P51885,Lum,21871000.0,2287300000.0,0,663200000,2.687092,0.530313254067473,0.99997988173566,False,NO CHANGE,1,26.3932110715723,0.68749583793679,-4.78854481049941
Q8BLX7,Col16a1,15593000.0,75553000.0,609770000,856960000,-4.396481,0.0118425551269754,0.99997988173566,False,DOWN,0,27.2309308620248,-4.44460885489118,-3.67501622667865
Q62470,Itga3,8590900.0,25657000.0,5609100,97544000,-0.65583,0.714111331255848,0.99997988173566,False,DOWN,0,24.1515286685745,-0.393964710252379,-4.87278416963811
Q80X19,Col14a1,3605500.0,103300000.0,0,26247000,1.917145,0.482580366127123,0.99997988173566,False,NO CHANGE,1,23.2434438127378,0.774779771763682,-4.75728510453027
Q9JI48,Plac8,20470000.0,93639000.0,3850500,234690000,0.542409,0.826949596622763,0.99997988173566,False,NO CHANGE,0,25.1126023635466,0.233662502181607,-4.90162371644431
Q9Z0T9,Itgb6,28662000.0,80960000.0,13941000,130340000,0.176403,0.904471739446385,0.99997988173566,False,NO CHANGE,0,25.4334693187895,0.127971855522875,-4.91287441311502
Q60870,Reep5,6713000.0,36013000.0,0,28914000,0.369945,0.799513120797714,0.99997988173566,False,NO CHANGE,1,23.705297804297,0.271780036925625,-4.89601507668242
Q921V5,Mgat2,46681000.0,99796000.0,225920000,146430000,-1.414031,0.11482840904247,0.99997988173566,False,DOWN,0,26.7314208639102,-2.02124047422288,-4.23417551689297
O35127,Grcc10,4099400.0,10391000.0,12503000,21904000,-1.342325,0.159512845701671,0.99997988173566,False,DOWN,0,23.3090686209375,-1.73371785466514,-4.34927175939177
Q3TW96,Uap1l1,0.0,102030000.0,186690000,155280000,-3.081781,0.156384622216131,0.99997988173566,False,NO CHANGE,1,25.8022927694117,-1.75083451962127,-4.34214209144308
O08759,Ube3a,17743000.0,113180000.0,199030000,206820000,-2.17871,0.118959210727895,0.99997988173566,False,DOWN,0,26.5067503892289,-1.98991859443354,-4.24619749705847
P81117,Nucb2,53778000.0,334730000.0,116690000,585500000,-0.962132,0.520800652984212,0.99997988173566,False,DOWN,0,27.4805337509535,-0.704411138720936,-4.78267267247182
Q8CCH2,Nhlrc3,49682000.0,48060000.0,29165000,40868000,0.501175,0.424426236959883,0.99997988173566,False,NO CHANGE,0,25.2916890684444,0.890685440531219,-4.71253950104267
O08573,Lgals9,36968000.0,23519000.0,13796000,19999000,0.827963,0.250229251559921,0.99997988173566,False,UP,0,24.3995670671536,1.34837661991183,-4.51607851446797
Q9JHH9,Copz2,19317000.0,52371000.0,9984800,32684000,0.816125,0.44463771649884,0.99997988173566,False,UP,0,24.514753964421,0.849030406471469,-4.72899533678242
Q9D7E3,Ovca2,17437000.0,44998000.0,26472000,41195000,-0.237462,0.770477657412316,0.99997988173566,False,NO CHANGE,0,24.8582339562575,-0.312657642522407,-4.88911751959173
P47713,Pla2g4a,20115000.0,89162000.0,46671000,48111000,-0.162096,0.871038837780711,0.99997988173566,False,NO CHANGE,0,25.4168951347924,-0.173249349122125,-4.90884074139025
P35293,Rab18,71241000.0,182520000.0,19604000,18389000,2.58635,0.024029419804508,0.99997988173566,False,UP,0,25.4716670394057,3.57861496702187,-3.8047519432459
Q8CAQ8,Immt,4614300.0,5545400.0,9636700,8070200,-0.80187,0.220625529954149,0.99997988173566,False,DOWN,0,22.6712053077134,-1.45574020502848,-4.46873950183823
Q3U4G3,Xxylt1,15394000.0,39880000.0,36599000,35801000,-0.546885,0.493976160261563,0.99997988173566,False,NO CHANGE,0,24.8359560836859,-0.753371387210891,-4.76516550541655
Q62266,Sprr1a,40725000.0,219670000.0,11804000,124380000,1.303611,0.458086636284127,0.99997988173566,False,UP,0,25.8432814375168,0.822156799161937,-4.73939725114988
P63254,Crip1,6552400.0,56565000.0,5235900,29659000,0.627513,0.701880158138703,0.99997988173566,False,UP,0,23.8847427621735,0.412009268774964,-4.86870557010282
Q9Z0U1,Tjp2,14511000.0,301380000.0,13139000,54250000,1.30859,0.509841812556763,0.99997988173566,False,UP,0,25.3245309977727,0.724180928804055,-4.77569263199993
Q9CQQ8,Lsm7,21340000.0,21129000.0,28531000,19930000,-0.167344,0.78248182794951,0.99997988173566,False,NO CHANGE,0,24.4235608363574,-0.295684492397141,-4.89209093102458
Q9R111,Gda,27821000.0,105110000.0,110580000,202520000,-1.468504,0.188493509596763,0.99997988173566,False,DOWN,0,26.4227500040954,-1.5902047654364,-4.41019139161694
P26369,U2af2,18916000.0,57458000.0,15640000,50158000,0.235197,0.823660792258788,0.99997988173566,False,NO CHANGE,0,24.8569554540085,0.238208233562853,-4.90099722514733
Q8VE47,Uba5,40994000.0,30951000.0,9208100,15514000,1.575426,0.0640770962928227,0.99997988173566,False,UP,0,24.2984828901356,2.55781870129483,-4.04995488059168
Q9JLJ2,Aldh9a1,0.0,81279000.0,0,98217000,-0.209916,0.926727008993091,0.99997988173566,False,NO CHANGE,2,24.3611301778786,-0.0980198494906213,-4.91488428619562
Q921F2,Tardbp,12896000.0,45836000.0,66568000,27686000,-0.82029,0.441100708154241,0.99997988173566,False,DOWN,0,24.945344227678,-0.856206761376805,-4.72618830500288
P61961,Ufm1,25373000.0,15425000.0,15114000,0,1.43401,0.208706301045781,0.99997988173566,False,NO CHANGE,1,23.5207740463161,1.50312694497848,-4.4479819788099
Q9D3R6;Q3UMC0,Katnal2;Spata5,2225800000.0,233420000.0,1677200000,2020200000,-1.352614,0.352441055534779,0.99997988173566,False,DOWN,0,30.1013220820043,-1.05416641753251,-4.64479884762632
Q91ZF0,Dnajc24,24327000.0,44933000.0,0,16869000,2.169646,0.111158004197903,0.99997988173566,False,NO CHANGE,1,23.8938404703557,2.05013194386448,-4.22320594547111
Q61768,Kif5b,3654300.0,44146000.0,53743000,0,0.394829,0.869440597611647,0.99997988173566,False,NO CHANGE,1,23.4010569231908,0.175424019413536,-4.90861710927488
Q9D0J8,Ptms,245510000.0,161770000.0,128610000,168420000,0.43733,0.502557184435729,0.99997988173566,False,NO CHANGE,0,27.3516228012424,0.7374975502048,-4.7709221556267
Q9D8U8,Snx5,28002000.0,191900000.0,0,111760000,2.160263,0.397531356372531,0.99997988173566,False,NO CHANGE,1,25.0472716610742,0.948751342777403,-4.6889976629102
Q91WK5,Gcsh,130280000.0,42087000.0,32111000,114470000,0.288477,0.792992032341954,0.99997988173566,False,NO CHANGE,0,25.9977175731039,0.28090931166914,-4.89455305960302
Q9D8C4,Ifi35,15799000.0,55842000.0,0,16171000,1.328777,0.216204464952501,0.99997988173566,False,NO CHANGE,1,24.1597001168624,1.47300639802553,-4.46116318603348
P62855,Rps26,22497000.0,61123000.0,0,67706000,1.833873,0.426482555438179,0.99997988173566,False,NO CHANGE,1,24.2272840608206,0.886373844431856,-4.71426053608175
Q6P8J2,Sat2,21947000.0,18042000.0,5731100,9350200,1.442715,0.0753375470702315,0.99997988173566,False,UP,0,23.5248306954618,2.40472880629295,-4.0982762011055
P97352,S100a13,8077600.0,12720000.0,22566000,11821000,-0.688203,0.364980355959371,0.99997988173566,False,DOWN,0,23.6171466841517,-1.02371300510094,-4.65773299000635
P29595,Nedd8,10072000.0,68440000.0,204040000,144380000,-2.708695,0.0772202578568353,0.99997988173566,False,DOWN,0,26.0004389273984,-2.38169670762496,-4.10583785924373
Q9JJ59,Abcb9,1085700000.0,2167300000.0,1476500000,2376400000,-0.288217,0.697185794338323,0.99997988173566,False,NO CHANGE,0,30.6587237115666,-0.418977560456587,-4.8670878471075
Q8VDJ3,Hdlbp,870010000.0,889470000.0,789950000,857590000,0.095964,0.86694770002586,0.99997988173566,False,NO CHANGE,0,29.6644315977361,0.178818088079876,-4.90826264035338
Q8VEE0,Rpe,29857000.0,41402000.0,0,68774000,0.921926,0.563294988599471,0.99997988173566,False,NO CHANGE,1,24.6064187177566,0.630472589158378,-4.80762058250212
Q9ERG0,Lima1,4155000.0,8119600.0,0,8173600,0.256433,0.773579713865442,0.99997988173566,False,NO CHANGE,1,22.3414808716134,0.308261176521846,-4.88990249038784
Q8CGF7,Tcerg1,3940700.0,8202000.0,4601400,7235600,-0.021379,0.97696957399788,0.99997988173566,False,NO CHANGE,0,22.4494718686265,-0.0307529194070517,-4.91746403644011
Q9D0E1,Hnrnpm,9566900.0,46536000.0,294970000,12002000,-1.49565,0.479717271720386,0.99997988173566,False,DOWN,0,25.0785571129207,-0.780219435450316,-4.75526205767665
Q91UZ5,Impa2,17731000.0,45683000.0,14013000,16842000,0.889551,0.291333140100285,0.99997988173566,False,UP,0,24.3176868193089,1.21839763660218,-4.57346677121455
P28076,Psmb9,19460000.0,63465000.0,35530000,71608000,-0.521343,0.589154532169971,0.99997988173566,False,NO CHANGE,0,25.3274045038778,-0.587350385149256,-4.82125825426065
Q6ZPG2,Wdr90,46139000.0,138580000.0,129220000,0,1.238071,0.47910032673905,0.99997988173566,False,NO CHANGE,1,25.6337779239524,0.78139487201919,-4.75482382424546
P97363,Sptlc2,432810000.0,1092300000.0,678310000,1396500000,-0.501329,0.569080020592784,0.99997988173566,False,NO CHANGE,0,29.6076046352759,-0.620711762338318,-4.81076907291021
O54774,Ap3d1,0.0,15581000.0,10375000,125510000,-1.592847,0.325490386857517,0.99997988173566,False,NO CHANGE,1,24.3084938476797,-1.12306986715236,-4.61514238655017
O70475,Ugdh,0.0,2704200.0,1609800,17253000,-0.531154,0.718308175080786,0.99997988173566,False,NO CHANGE,1,22.0638199444851,-0.387808984831544,-4.87413869178262
P00796;P06281,Ren2;Ren1,0.0,34209000.0,0,68667000,-1.147966,0.52404525270347,0.99997988173566,False,NO CHANGE,2,23.9946701158019,-0.698616535710418,-4.78469482524205
P25119,Tnfrsf1b,0.0,27769000.0,0,26906000,1.181051,0.553837806024826,0.99997988173566,False,NO CHANGE,2,23.0718088072184,0.646578594581356,-4.80234904081388
P55271,Cdkn2b,0.0,3751300.0,2156000,2914900,0.423703,0.498178400793763,0.99997988173566,False,NO CHANGE,1,21.4693219081139,0.745571956313721,-4.76800336023681
P62918,Rpl8,0.0,7472400.0,14632000,9569200,-1.070409,0.174925280964213,0.99997988173566,False,NO CHANGE,1,22.9610905361224,-1.65427508291594,-4.38275731571384
Q64374,Rgn,0.0,12325000.0,0,14995000,0.847781,0.509518464823823,0.99997988173566,False,NO CHANGE,2,22.836253964389,0.72476900261496,-4.77548311746441
Q69ZN7,Myof,0.0,6068900.0,0,22707000,-0.829673,0.5399876151854,0.99997988173566,False,NO CHANGE,2,22.5200558653723,-0.67051594027265,-4.79434343220168
Q6Y685,Tacc1,0.0,10407000.0,0,9339400,0.343324,0.792363836994107,0.99997988173566,False,NO CHANGE,2,22.1537737876433,0.28179027000915,-4.89440957469411
Q8BJU0,Sgta,0.0,65649000.0,36039000,20739000,-0.959632,0.603270010902323,0.99997988173566,False,NO CHANGE,1,24.2246331663553,-0.564337828206346,-4.82823996801276
Q8BTW3,Exosc6,0.0,16421000.0,0,16121000,0.005863,0.997087941761988,0.99997988173566,False,NO CHANGE,2,22.5604457880551,0.0038877639566406,-4.91774171208351
Q8K4Q8,Colec12,0.0,15340000.0,2906600,110690000,-1.110531,0.617483079375595,0.99997988173566,False,NO CHANGE,1,23.5411600132967,-0.54151150222443,-4.83495255574757
Q8QZZ7,Tprkb,0.0,7613900.0,43865000,0,-0.913663,0.581678534529827,0.99997988173566,False,NO CHANGE,2,22.9646407776682,-0.59968472294874,-4.8174300251626
Q8VBV3,Exosc2,0.0,13978000.0,0,12405000,1.274484,0.413916392757557,0.99997988173566,False,NO CHANGE,2,22.4997732191562,0.912997278707367,-4.70357167350305
Q91VJ2,Prkcdbp,0.0,23777000.0,0,38019000,0.429178,0.779789826144453,0.99997988173566,False,NO CHANGE,2,23.6479609327061,0.299481524914168,-4.89143915937732
Q9CXA2,L3hypdh,0.0,12919000.0,0,35077000,-0.625461,0.572252422139198,0.99997988173566,False,NO CHANGE,2,23.5917680002483,-0.615387721935508,-4.812471453815
Q9D0F3,Lman1,0.0,23449000.0,0,38048000,-0.197008,0.929595067978803,0.99997988173566,False,NO CHANGE,2,22.8465078799913,-0.0941686058170264,-4.91510438185528
Q9D0L7,Armc10,0.0,18275000.0,23887000,54074000,-1.354968,0.139630479193302,0.99997988173566,False,NO CHANGE,1,24.4215931686853,-1.84922641967698,-4.30180140104553
Q9DCS2,,0.0,2443700.0,0,14838000,-0.716497,0.590068065036583,0.99997988173566,False,NO CHANGE,2,21.978037063036,-0.585850265120948,-4.82171979153322
Q9JHP7,Kdelc1,0.0,20847000.0,22390000,0,-0.349571,0.807933737912533,0.99997988173566,False,NO CHANGE,2,23.1506174580963,-0.260032502507803,-4.89782925581151
Q9JJN1,Fgf21,0.0,8116000.0,0,10788000,0.519805,0.541508228706293,0.99997988173566,False,NO CHANGE,2,22.8467774923128,0.667866841206639,-4.79523923773163
Q9JLQ0,Cd2ap,0.0,3635200.0,6903600,4382600,-0.380085,0.56413626818177,0.99997988173566,False,NO CHANGE,1,22.2010941364262,-0.6290488954755,-4.80808200994252
Q9JLZ6,Hic2,0.0,82006000.0,0,731060000,-0.924714,0.771945415885938,0.99997988173566,False,NO CHANGE,2,25.1923077132453,-0.31057650914742,-4.88949038100371
Q9QZJ6,Mfap5,0.0,23651000.0,0,74842000,-0.476962,0.829962605664448,0.99997988173566,False,NO CHANGE,2,23.4295058080462,-0.229503213644102,-4.90218681423888
Q9QZM0,Ubqln2,0.0,32660000.0,0,18115000,0.00049,0.99976140543727,0.99997988173566,False,NO CHANGE,2,23.1748068840368,0.0003185363587551,-4.91774619247964
Q9R062,Gyg1,0.0,18494000.0,1458800,416700000,-2.237398,0.528220916660943,0.99997988173566,False,NO CHANGE,1,23.436693027157,-0.691197427406645,-4.78726785704917
Q9R069,Bcam,0.0,60538000.0,0,53187000,0.347037,0.852038377569153,0.99997988173566,False,NO CHANGE,2,24.1189657780325,0.199172453042888,-4.9059982590791
Q9R1C7,Prpf40a,0.0,3072200.0,0,14038000,-0.950497,0.446922255869624,0.99997988173566,False,NO CHANGE,2,21.88840187885,-0.844419764257455,-4.73079239461417
Q9WVH9,Fbln5,0.0,34360000.0,85676000,73207000,-2.447455,0.079581667054243,0.99997988173566,False,NO CHANGE,1,25.0152052886015,-2.35369531744142,-4.11513458557049
Q9Z1K5,Arih1,0.0,13787000.0,0,9208400,0.407963,0.68935963854636,0.99997988173566,False,NO CHANGE,2,22.6568777687679,0.430649475800857,-4.86432552096878
Q62000,Ogn,0.0,194390000.0,32095000,664210000,-2.224247,0.425788650950782,0.99997988173566,False,NO CHANGE,1,26.0093314403722,-0.887826864248291,-4.71368098434528
Q925S4,Il24,0.0,63889000.0,0,147830000,0.217891,0.933638138190828,0.99997988173566,False,NO CHANGE,2,24.2729779113638,0.0887425042917329,-4.91539960972606
P41245,Mmp9,0.0,414970000.0,0,954620000,-0.366927,0.932215406978322,0.99997988173566,False,NO CHANGE,2,25.281148938041,-0.0906515321264545,-4.91529772608538
P14719,Il1rl1,0.0,424920000.0,0,25071000,2.393809,0.456905470642943,0.99997988173566,False,NO CHANGE,2,23.9264785392281,0.824491497446567,-4.73850061277376
Q9QUN9,Dkk3,0.0,747930000.0,0,480670000,0.279731,0.944432554870132,0.99997988173566,False,NO CHANGE,2,25.4745141652305,0.074271066348754,-4.91610178839554
Q61955,Klk8,0.0,105990000.0,7659800,99633000,-0.047072,0.982483354465408,0.99997988173566,False,NO CHANGE,1,24.6959617971076,-0.0233883239084939,-4.91758299457558
Q62009,Postn,0.0,3521400000.0,0,535610000,1.105996,0.814895800383577,0.99997988173566,False,NO CHANGE,2,26.0910324833863,0.250353200737962,-4.89926689332518
Q811B3,Adamts12,0.0,8734900.0,2060600,10948000,0.24535,0.836114374590967,0.99997988173566,False,NO CHANGE,1,22.3020734504876,0.221026192072524,-4.90330438520198
Q6W5C0,Cxcl3,0.0,29479000.0,0,70006000,-0.166055,0.933972207845853,0.99997988173566,False,NO CHANGE,2,23.7368335606853,-0.0882943070155531,-4.91542321736613
Q91YK8,Lypd3,0.0,72492000.0,0,82687000,-0.420124,0.827393059871364,0.99997988173566,False,NO CHANGE,2,24.506574325732,-0.233050014160102,-4.90170724564496
A2AVA0,Svep1,0.0,106690000.0,0,108280000,1.04931,0.723247499638343,0.99997988173566,False,NO CHANGE,2,24.057156598762,0.380586889592008,-4.87570372187508
Q01279,Egfr,0.0,822470000.0,12804000,1015500000,-0.9803,0.798392286389851,0.99997988173566,False,NO CHANGE,1,26.274667134617,-0.27334715243262,-4.89576734447538
Q9DAU7,Wfdc2,0.0,2556800000.0,40506000,3458000000,-1.6186,0.701439639680698,0.99997988173566,False,NO CHANGE,1,27.6701616939851,-0.412662144101408,-4.86855500544588
P58686,,0.0,157910000.0,0,144400000,0.376784,0.89821628084626,0.99997988173566,False,NO CHANGE,2,24.4914288695908,0.136415152481371,-4.91221273934508
O88839,Adam15,0.0,21103000.0,0,42058000,-0.581395,0.757532512182265,0.99997988173566,False,NO CHANGE,2,23.1862685636977,-0.331085926391939,-4.88571574388049
Q61362,Chi3l1,0.0,187840000.0,0,69524000,0.889051,0.675888042938049,0.99997988173566,False,NO CHANGE,2,24.909905777759,0.450908177877863,-4.85937660353014
Q9D6X6,Prss23,0.0,77781000.0,48682000,46677000,-2.115121,0.369081488738036,0.99997988173566,False,NO CHANGE,1,24.448986517781,-1.01395422269135,-4.66185157112967
P05017,Igf1,0.0,20263000.0,0,10514000,0.515259,0.589804121033131,0.99997988173566,False,NO CHANGE,2,23.1435601823532,0.586283533366383,-4.82158658021201
Q61330,Cntn2,0.0,1940600000.0,0,1918700000,0.182723,0.969641690215806,0.99997988173566,False,NO CHANGE,2,26.4182688755201,0.0405438856588536,-4.91725581762541
Q03350,Thbs2,0.0,399750000.0,0,824460000,-0.71686,0.850631029801049,0.99997988173566,False,NO CHANGE,2,25.6130079115729,-0.20109892538009,-4.90577168071336
Q8K209,Gpr56,0.0,451730000.0,0,335950000,-0.304326,0.932467842430388,0.99997988173566,False,NO CHANGE,2,25.2654533402526,-0.0903127830252303,-4.91531596216859
Q9D256,Spink12,0.0,30357000.0,0,20287000,0.972452,0.630384463521027,0.99997988173566,False,NO CHANGE,2,22.8063432078335,0.521073574418621,-4.84077752127407
Q8R366,Igsf8,0.0,375430000.0,0,590000000,0.210847,0.950216393243168,0.99997988173566,False,NO CHANGE,2,25.7489931071445,0.0665252710558201,-4.91642662183815
O88338,Cdh16,0.0,42022000.0,0,177820000,-0.798589,0.769885855959052,0.99997988173566,False,NO CHANGE,2,23.985592107906,-0.313497226049926,-4.88896644513858
P21765,Gpx5,0.0,1105300000.0,0,1808400000,-0.213644,0.964728422027338,0.99997988173566,False,NO CHANGE,2,25.94767075107,-0.0471112842804584,-4.91708415029905
Q922P8,Tmem132a,0.0,83576000.0,43151000,43517000,-1.56944,0.45092652458231,0.99997988173566,False,NO CHANGE,1,24.5842634397135,-0.836384039034943,-4.73391226504783
Q64253,Ly6e,0.0,11376000.0,0,21758000,-0.405926,0.779955047982986,0.99997988173566,False,NO CHANGE,2,22.7024643008477,-0.299248329688117,-4.89147941140022
P16056,Met,0.0,1082900000.0,2793200,1104400000,0.207649,0.963636219384039,0.99997988173566,False,NO CHANGE,1,25.8308762150962,0.0485715283289928,-4.91704249064398
O35902,Dsg3,0.0,114210000.0,0,87453000,0.112419,0.97059327425018,0.99997988173566,False,NO CHANGE,2,23.7951486087426,0.0392722002442613,-4.9172860898305
P70412,Cuzd1,0.0,988930000.0,0,747220000,0.725672,0.858384803837154,0.99997988173566,False,NO CHANGE,2,25.9503551939312,0.190496304853216,-4.9069924544538
Q66K08,Cilp,0.0,1450300000.0,0,124710000,2.009035,0.608869018417166,0.99997988173566,False,NO CHANGE,2,25.2068067534604,0.555305632077325,-4.8309217862428
O35054,Cldn4,0.0,33480000.0,0,24215000,0.606424,0.644770984164369,0.99997988173566,False,NO CHANGE,2,23.684358701984,0.498579911882238,-4.84698012420808
Q10738,Mmp7,0.0,986160000.0,0,877020000,1.371559,0.768258380336976,0.99997988173566,False,NO CHANGE,2,25.5702942564393,0.315807509863868,-4.88854879961287
P50404,Sftpd,0.0,173270000.0,0,189980000,0.256834,0.923202434615363,0.99997988173566,False,NO CHANGE,2,25.0266575478365,0.102755167413706,-4.91460166848075
Q8K1M6,Dnm1l,0.0,353060000.0,28221000,465240000,-2.098466,0.532998304295713,0.99997988173566,False,NO CHANGE,1,25.7225998783558,-0.682761070438681,-4.7901715212978
P97927,Lama4,0.0,45513000.0,7267300,91069000,-0.728046,0.705824090457561,0.99997988173566,False,NO CHANGE,1,24.2526995733889,-0.406173478448207,-4.87004215150728
Q61087,Lamb3,0.0,13019000.0,0,35520000,-0.564952,0.742900311634866,0.99997988173566,False,NO CHANGE,2,22.9276882721303,-0.352082901115833,-4.88162286652006
Q8BMS2,Spon2,0.0,202090000.0,0,29029000,1.615981,0.541882689719786,0.99997988173566,False,NO CHANGE,2,23.9293424206933,0.667215293612796,-4.79545919086967
O09126,Sema4d,0.0,37451000.0,0,23574000,0.244426,0.895250512557163,0.99997988173566,False,NO CHANGE,2,23.1991993197188,0.140422398318923,-4.91188412888631
Q61092,Lamc2,0.0,555790000.0,0,408280000,0.806655,0.840437969628046,0.99997988173566,False,NO CHANGE,2,25.1585618800156,0.215080164987793,-4.90406412394911
Q8JZQ5,Aoc1,0.0,312970000.0,0,552530000,0.174091,0.965018217144247,0.99997988173566,False,NO CHANGE,2,25.0166327555157,0.046723857719901,-4.91709499021895
Q9CQW9;Q99J93,Ifitm3;Ifitm2,0.0,14197000.0,0,10996000,-1.115989,0.448656777677388,0.99997988173566,False,NO CHANGE,2,22.6295765518695,-0.840931855002932,-4.73214848593498
Q8BZQ2,Crispld2,0.0,38614000.0,0,69806000,0.333048,0.882221701154003,0.99997988173566,False,NO CHANGE,2,23.7023059455084,0.158061000059389,-4.91032651976558
Q91Z98,Chil4,0.0,39463000.0,0,26649000,0.757718,0.695806552928481,0.99997988173566,False,NO CHANGE,2,23.2530725155633,0.421029537650467,-4.86660697816491
Q9JJ00,Plscr1,0.0,110580000.0,0,92071000,-0.121574,0.965636858481206,0.99997988173566,False,NO CHANGE,2,24.0284638107122,-0.0458968265977979,-4.91711783097877
P12970,Rpl7a,0.0,76311000.0,3398100,72719000,-0.252831,0.923197597672777,0.99997988173566,False,NO CHANGE,1,23.7796472249121,-0.102761667869955,-4.91460127142498
O55201,Supt5h,0.0,13061000.0,0,31121000,-0.414887,0.818286561141616,0.99997988173566,False,NO CHANGE,2,22.7361430186592,-0.245649592628783,-4.89994676753482
Q8BVE3,Atp6v1h,0.0,176380000.0,61221000,38192000,-1.444032,0.586118950088017,0.99997988173566,False,NO CHANGE,1,24.8051292797682,-0.592346139080419,-4.81971485826872
Q62523,Zyx,0.0,47303000.0,0,36658000,-0.083538,0.961771422958411,0.99997988173566,False,NO CHANGE,2,23.7984065663043,-0.0510650108916751,-4.91696841959899
Q3TJD7,Pdlim7,0.0,23787000.0,0,19976000,0.72661,0.564586122274917,0.99997988173566,False,NO CHANGE,2,23.3912076590893,0.628288205640818,-4.80832824789413
P61211,Arl1,0.0,36563000.0,51169000,59613000,-2.128138,0.157982496990858,0.99997988173566,False,NO CHANGE,1,24.6548759409245,-1.74204635023896,-4.34579871249435
Q6NZN0;Q5SFM8,Rbm26;Rbm27,0.0,5600200.0,0,5699400,0.167451,0.782290981564348,0.99997988173566,False,NO CHANGE,2,22.2746161537345,0.29595350558782,-4.89204500943499
Q9WVE8,Pacsin2,0.0,108100000.0,0,71421000,-0.164406,0.95357452700348,0.99997988173566,False,NO CHANGE,2,23.8484949288463,-0.0620303451178245,-4.91659879197699
Q3U7R1,Esyt1,0.0,35301000.0,4440100,12198000,0.127587,0.943789653416813,0.99997988173566,False,NO CHANGE,1,22.8749446367637,0.0751323831694057,-4.91606346853004
Q8BK67,Rcc2,0.0,211690000.0,8871700,93470000,-0.315988,0.910606061429358,0.99997988173566,False,NO CHANGE,1,24.6213954331007,-0.119703127986086,-4.91348195057866
Q8CJ53,Trip10,0.0,28386000.0,0,6812300,1.71946,0.209694603849622,0.99997988173566,False,NO CHANGE,2,22.739592343241,1.49909434047312,-4.44974387363886
P70336;P70335,Rock2;Rock1,0.0,23710000.0,0,54591000,-1.507982,0.393650903240335,0.99997988173566,False,NO CHANGE,2,23.6425167461993,-0.957402253422109,-4.68543620900871
P97449,Anpep,0.0,65348000.0,53908000,17658000,-0.736892,0.653497472337943,0.99997988173566,False,NO CHANGE,1,24.510461562899,-0.485080273314364,-4.85059532801215
Q3UGC7;Q66JS6,Eif3j1;Eif3j2,0.0,9600000.0,16765000,32939000,-2.008892,0.0714696651991147,0.99997988173566,False,NO CHANGE,1,23.4816750387656,-2.45417619921672,-4.08230117355602
P24288,Bcat1,0.0,68249000.0,0,68354000,0.093602,0.965886626804866,0.99997988173566,False,NO CHANGE,2,24.0632350197832,0.0455629348327633,-4.91712693693445
Q8BP67,Rpl24,0.0,5576200.0,0,10567000,-0.93846,0.317206749862653,0.99997988173566,False,NO CHANGE,2,22.2577384037786,-1.14529912142846,-4.60547943056993
P00920,Ca2,0.0,318180000.0,2966700,732870000,-0.736376,0.856907652799926,0.99997988173566,False,NO CHANGE,1,25.1065166103177,-0.19251408497869,-4.90676507447469
Q6ZWN5,Rps9,0.0,6341800.0,0,80330000,-1.251871,0.580408726104489,0.99997988173566,False,NO CHANGE,2,22.8455514607089,-0.601790138348356,-4.81677066733304
P31725,S100a9,0.0,39747000.0,0,22789000,0.45152,0.801343411722691,0.99997988173566,False,NO CHANGE,2,23.2799663371841,0.269222746060424,-4.8964164508862
Q7TNG8,Ldhd,0.0,54763000.0,0,89648000,-0.808556,0.769590622717056,0.99997988173566,False,NO CHANGE,2,23.5694736438667,-0.313916172012608,-4.88889091993997
Q8VHI3,Pofut2,0.0,45375000.0,89602000,33778000,-1.842196,0.241819469392175,0.99997988173566,False,NO CHANGE,1,24.7922062852517,-1.37753080053709,-4.50319649021238
P62307,Snrpf,0.0,69899000.0,136330000,77644000,-3.333462,0.184900751497853,0.99997988173566,False,NO CHANGE,1,24.9497184381014,-1.60668969549183,-4.4030995696422
Q923D4,Sf3b5,0.0,14564000.0,25884000,13556000,-1.452214,0.222089461904506,0.99997988173566,False,NO CHANGE,1,23.4328859496409,-1.45010000614263,-4.47121727766894
