id,gene,Intensity 31578,Intensity 31580,Intensity 31579,Intensity 31581,limma_log2FC,p_value,adj_p_value,significant,regulated,n_imputed,AveExpr,t,B
P19137,Lama1,221670000000.0,107470000000.0,119690000000,120100000000,0.364404,0.455805381989143,0.998030532995944,False,NO CHANGE,0,36.9851806182202,0.805709250730006,-5.58803069384697
P16546,Sptan1,11001000000.0,8045800000.0,6124400000,7281800000,0.494468,0.26178291751956,0.998030532995944,False,NO CHANGE,0,32.8840184219171,1.25907889295864,-5.16626063507506
P02469,Lamb1,142020000000.0,60200000000.0,81201000000,109600000000,-0.028944,0.957534156494419,0.998809768174366,False,NO CHANGE,0,36.4426457192351,-0.0558744886456425,-5.9242233188865
P02468,Lamc1,131780000000.0,57350000000.0,91938000000,87224000000,-0.042767,0.934029750842205,0.998030532995944,False,NO CHANGE,0,36.3605908108272,-0.0868767520022822,-5.92177021269505
Q9JHU4,Dync1h1,1933700000.0,655880000.0,855090000,237200000,1.322272,0.202907676805264,0.998030532995944,False,UP,0,29.4076508217588,1.45718260422221,-4.9516517738376
Q62261,Sptbn1,3667500000.0,4221700000.0,1507700000,2351600000,1.063314,0.0579779845503499,0.998030532995944,False,UP,0,31.3420061297444,2.42581556703676,-3.81686564956096
Q05793,Hspg2,12600000000.0,13960000000.0,8894500000,23877000000,-0.135942,0.818975733005014,0.998030532995944,False,NO CHANGE,0,33.694613366343,-0.240773182709258,-5.89397738099384
Q64727,Vcl,31161000000.0,30374000000.0,25489000000,44538000000,-0.131167,0.765427177720021,0.998030532995944,False,NO CHANGE,0,34.9061534469982,-0.314491753433249,-5.87162561035836
Q80X90,Flnb,2996900000.0,5937000000.0,843850000,3345100000,1.328049,0.151638040120884,0.998030532995944,False,UP,0,31.3099310730892,1.6807092683804,-4.6965895804449
P19096,Fasn,7212000000.0,5586600000.0,3690400000,5894900000,0.444563,0.354140071498217,0.998030532995944,False,NO CHANGE,0,32.3412564693,1.01736071169626,-5.40586843787993
P01027,C3,24116000000.0,122930000000.0,20733000000,88345000000,0.347339,0.755692719735819,0.998030532995944,False,NO CHANGE,0,35.4904892329098,0.329091888027232,-5.8660076808611
P11087,Col1a1,28260000000.0,134990000000.0,20608000000,96745000000,0.468075,0.678568588085421,0.998030532995944,False,NO CHANGE,0,35.6120143732712,0.440158812707611,-5.81968771812367
Q8BTM8,Flna,3337500000.0,9931500000.0,3247700000,9942700000,0.018862,0.981839051383278,0.999971162684518,False,NO CHANGE,0,32.4133117334576,0.0238831766450637,-5.92563865753347
P02463,Col4a1,13491000000.0,22020000000.0,7696100000,10721000000,0.924086,0.0871311151272984,0.998030532995944,False,UP,0,33.5426436209135,2.10629790837685,-4.19383218185289
Q9QXS1,Plec,839810000.0,2173400000.0,1154500000,1683000000,-0.045107,0.945425605177107,0.998030532995944,False,NO CHANGE,0,30.3539508388612,-0.0718354096048074,-5.92309317807779
P10493,Nid1,122840000000.0,87879000000.0,83562000000,169460000000,-0.195746,0.695636259686093,0.998030532995944,False,NO CHANGE,0,36.6942676631602,-0.413754645875604,-5.83260255311102
P08121,Col3a1,11953000000.0,71312000000.0,9361700000,42633000000,0.547352,0.648914883509146,0.998030532995944,False,NO CHANGE,0,34.4913636086783,0.48450924981114,-5.79774982705429
Q61316,Hspa4,13825000000.0,8795500000.0,6464800000,13901000000,0.218125,0.698661599133811,0.998030532995944,False,NO CHANGE,0,33.2512767720224,0.409360645088097,-5.83454152347698
P57780,Actn4,28655000000.0,43536000000.0,20632000000,56018000000,0.055111,0.928895602290617,0.998030532995944,False,NO CHANGE,0,35.0122234269384,0.0936607108169335,-5.92109172752589
Q01853,Vcp,77878000000.0,65623000000.0,52317000000,54700000000,0.418298,0.264553847926174,0.998030532995944,False,NO CHANGE,0,35.8478404567969,1.25080377257984,-5.17491405685632
Q01149,Col1a2,14275000000.0,69717000000.0,9016700000,36501000000,0.798197,0.473927071311738,0.998030532995944,False,UP,0,34.4776831118032,0.775279614331276,-5.60976668064308
Q3U1J4,Ddb1,17261000000.0,7665900000.0,10895000000,9422600000,0.18309,0.734158400665913,0.998030532995944,False,NO CHANGE,0,33.3297575574763,0.358452478607084,-5.85558696135634
Q60847,Col12a1,1458000000.0,3840900000.0,9566300000,18537000000,-2.492431,0.0107335101985307,0.998030532995944,False,DOWN,0,32.3862858619564,-3.89316707048181,-2.2750610464869
P07901,Hsp90aa1,80575000000.0,57511000000.0,21644000000,22550000000,1.623538,0.0061310158320478,0.99160661699478,False,UP,0,35.174597145547,4.45651717463669,-1.79086592923052
Q7TPR4,Actn1,19059000000.0,30230000000.0,13833000000,31602000000,0.199162,0.728276354649191,0.998030532995944,False,NO CHANGE,0,34.3829267840855,0.366810021762934,-5.85231255923899
P08113,Hsp90b1,51398000000.0,30708000000.0,35954000000,31493000000,0.239572,0.582233817466243,0.998030532995944,False,NO CHANGE,0,35.0896585123144,0.586412534140115,-5.74162535533553
Q3UQ28,Pxdn,9752200000.0,15739000000.0,8553400000,21331000000,-0.124689,0.83779933597855,0.998030532995944,False,NO CHANGE,0,33.5906972023361,-0.215244871618459,-5.90036836950263
P20029,Hspa5,88100000000.0,62530000000.0,49734000000,56713000000,0.482889,0.240158246624685,0.998030532995944,False,NO CHANGE,0,35.8696815686222,1.32654043489022,-5.09470979206088
P20152,Vim,79586000000.0,91471000000.0,82392000000,103250000000,-0.112373,0.755124960901591,0.998030532995944,False,NO CHANGE,0,36.3683817566467,-0.32889253283493,-5.86659207378462
P11276,Fn1,1769200000.0,15289000000.0,1580900000,13428000000,0.1748,0.908593384052957,0.998030532995944,False,NO CHANGE,0,32.1887123390296,0.120873641652524,-5.91778557806184
O88207,Col5a1,6460400000.0,13185000000.0,3026300000,7132900000,0.990203,0.167673629855355,0.998030532995944,False,UP,0,32.6084760833263,1.60374430391908,-4.7855754590476
P11499,Hsp90ab1,47703000000.0,46922000000.0,43070000000,63350000000,-0.142842,0.715251953521562,0.998030532995944,False,NO CHANGE,0,35.5328740613408,-0.385423491016849,-5.844764071931
A2ARV4,Lrp2,1436100000.0,843010000.0,1135100000,347360000,0.809227,0.333688876579511,0.998030532995944,False,UP,0,29.6306280539064,1.06575421819289,-5.36028929351257
Q68FD5,Cltc,4123200000.0,3160800000.0,3425600000,3720900000,0.016023,0.969192582306594,0.999971162684518,False,NO CHANGE,0,31.74136848219,0.0405229808700312,-5.92504409456632
Q9JKR6,Hyou1,7976800000.0,2693600000.0,4197300000,1952900000,0.695133,0.36705791267537,0.998030532995944,False,UP,0,31.7624592019453,0.987975250803059,-5.43288399762993
P26041,Msn,25694000000.0,33874000000.0,20441000000,33581000000,0.171249,0.700661796837381,0.998030532995944,False,NO CHANGE,0,34.6944611564353,0.406460573075572,-5.83581067843183
P70398,Usp9x,856490000.0,206520000.0,256270000,212900000,0.848439,0.384634539125895,0.998030532995944,False,UP,0,28.2235643730865,0.949316685825597,-5.46762557135863
P58252,Eef2,22796000000.0,26074000000.0,20634000000,26851000000,0.050697,0.894172382223791,0.998030532995944,False,NO CHANGE,0,34.4796289392173,0.13969606408678,-5.91514790251428
Q61147,Cp,15313000000.0,86555000000.0,7946500000,125440000000,0.205529,0.898936352489976,0.998030532995944,False,NO CHANGE,0,34.9807037363461,0.133731271582477,-5.9159586659527
Q6ZQ38,Cand1,8627700000.0,5708600000.0,3285300000,6897300000,0.560028,0.33498669388835,0.998030532995944,False,NO CHANGE,0,32.4283953102579,1.06261033907089,-5.36329014851732
P63017,Hspa8,57602000000.0,55320000000.0,43543000000,53668000000,0.223709,0.539475654177954,0.998030532995944,False,NO CHANGE,0,35.6043866976698,0.656637553865936,-5.6967919459555
Q64514,Tpp2,4370500000.0,2122400000.0,2764200000,1477300000,0.591835,0.352160717724792,0.998030532995944,False,UP,0,31.2081827918203,1.02194109507453,-5.40161161037179
P27546,Map4,4663600000.0,2186500000.0,2286700000,2480300000,0.423143,0.447001573963829,0.998030532995944,False,NO CHANGE,0,31.3608151382502,0.822503306234075,-5.57469830982652
Q9WTQ5,Akap12,8015900000.0,2575600000.0,3925300000,3255300000,0.34609,0.608977953038627,0.998030532995944,False,NO CHANGE,0,31.9081944764464,0.544098944692218,-5.76651783326586
P27773,Pdia3,90794000000.0,93288000000.0,76820000000,78815000000,0.242168,0.483938474530436,0.998030532995944,False,NO CHANGE,0,36.3003411158017,0.753585491611009,-5.62806061065307
P58771,Tpm1,24168000000.0,18189000000.0,16336000000,14735000000,0.434431,0.289598965471579,0.998030532995944,False,NO CHANGE,0,34.070147486184,1.1793385355667,-5.24842795409993
P09103,P4hb,59146000000.0,65454000000.0,50367000000,56172000000,0.226216,0.525596406483307,0.998030532995944,False,NO CHANGE,0,35.7435539331829,0.68020464250949,-5.6807948115548
P52480,Pkm,30305000000.0,54250000000.0,30012000000,49621000000,0.071344,0.886950428991159,0.998030532995944,False,NO CHANGE,0,35.2031982621895,0.14931130294398,-5.91361251430926
Q8K411,Pitrm1,2958000000.0,945950000.0,1224700000,656610000,0.89946,0.271071932539025,0.998030532995944,False,UP,0,30.1898515806531,1.23164162654102,-5.19484302444636
Q6IRU2,Tpm4,8842600000.0,12910000000.0,7496300000,13789000000,0.071632,0.886465632984169,0.998030532995944,False,NO CHANGE,0,33.2789809400576,0.149957331758582,-5.91350572458739
Q91V92,Acly,5927400000.0,4106200000.0,4573500000,6171400000,-0.106847,0.810716071806753,0.998030532995944,False,NO CHANGE,0,32.2533777974566,-0.252032387415445,-5.8909366105795
Q8BKC5,Ipo5,6306700000.0,5492500000.0,4544700000,4048800000,0.456334,0.277322376769304,0.998030532995944,False,NO CHANGE,0,32.2263597829988,1.21365020787445,-5.2134120505457
P17156,Hspa2,4649800000.0,736210000.0,3311500000,1057300000,-0.016256,0.988306755413488,0.999971162684518,False,NO CHANGE,0,30.7931597440721,-0.015383526797036,-5.92582364233262
Q11011,Npepps,9532000000.0,7411500000.0,6892300000,8275800000,0.15433,0.704245916377995,0.998030532995944,False,NO CHANGE,0,32.8914600507712,0.401273833419635,-5.83805952344443
E9Q557,Dsp,482450000.0,182200000.0,65161000,191660000,1.407636,0.200542756404113,0.998030532995944,False,UP,0,27.4395578378682,1.46622227627097,-4.94156178994303
Q6P5F9,Xpo1,4594500000.0,1765300000.0,2899600000,3013900000,-0.053832,0.928923230198218,0.998030532995944,False,NO CHANGE,0,31.4341795268322,-0.0936241915308028,-5.92109551596495
Q9EPL2,Clstn1,5881400000.0,3990800000.0,3438900000,4518500000,0.297523,0.515959437748881,0.998030532995944,False,NO CHANGE,0,32.0250100238773,0.696814424319634,-5.66924148969194
Q921I1,Tf,9822600000.0,16300000000.0,8639800000,11738000000,0.329396,0.487152542041534,0.998030532995944,False,NO CHANGE,0,33.3941072624883,0.74777052534813,-5.63239668293577
Q02819,Nucb1,20940000000.0,20963000000.0,16482000000,20973000000,0.172341,0.649602276914975,0.998030532995944,False,NO CHANGE,0,34.2001637473834,0.481834883418272,-5.80012512232573
Q91ZX7,Lrp1,616220000.0,901940000.0,391620000,476500000,0.787273,0.22466180250847,0.998030532995944,False,UP,0,29.0800266666767,1.37841172490157,-5.03856544041834
P06801,Me1,49177000000.0,40095000000.0,42746000000,54773000000,-0.123924,0.743363856964373,0.998030532995944,False,NO CHANGE,0,35.4319460467135,-0.345430833642759,-5.86054594300866
P09470,Ace,8033100000.0,7725800000.0,5736600000,6869900000,0.327578,0.415400421348159,0.998030532995944,False,NO CHANGE,0,32.7113844017948,0.884915971883762,-5.52337352667907
Q80YX1,Tnc,783070000.0,4713500000.0,910600000,3044800000,0.206388,0.852419760843848,0.998030532995944,False,NO CHANGE,0,30.7361650396648,0.19560906039762,-5.90477949783583
P13020,Gsn,12304000000.0,17234000000.0,11320000000,10084000000,0.446722,0.295845799012279,0.998030532995944,False,NO CHANGE,0,33.5381126935946,1.16236942827232,-5.26554550521343
Q8VHY0,Cspg4,1202600000.0,931490000.0,282240000,444340000,1.579519,0.039464912396113,0.998030532995944,False,UP,0,29.1894776906049,2.73681698549208,-3.45959743831883
P26039,Tln1,466810000.0,363020000.0,185690000,226450000,1.005398,0.17950817459594,0.998030532995944,False,UP,0,28.1141680498872,1.55144255455426,-4.84540838971083
Q02053,Uba1,5035800000.0,3624500000.0,3129100000,2629500000,0.574733,0.219280824141227,0.998030532995944,False,NO CHANGE,0,31.7049876633641,1.39720522379945,-5.01800183093121
Q8BHN3,Ganab,8321400000.0,7655100000.0,4314800000,8801800000,0.373078,0.474077891276406,0.998030532995944,False,NO CHANGE,0,32.7074377971065,0.771599148874452,-5.61446125474238
Q61598,Gdi2,23816000000.0,21743000000.0,17311000000,14438000000,0.525461,0.195415459751875,0.998030532995944,False,NO CHANGE,0,34.142791477198,1.48617517604773,-4.91921254871803
P48722,Hspa4l,2337400000.0,442310000.0,1714000000,300240000,0.50324,0.68783615342552,0.998030532995944,False,NO CHANGE,0,29.6697502587381,0.42512648325092,-5.82749504406478
O88844,Idh1,26143000000.0,27113000000.0,17994000000,24912000000,0.330526,0.409464520123725,0.998030532995944,False,NO CHANGE,0,34.4667225078329,0.897042717009569,-5.51308658600033
P35441,Thbs1,4073200000.0,24938000000.0,4013400000,31819000000,-0.165103,0.905058022229308,0.998030532995944,False,NO CHANGE,0,33.3131223685682,-0.125577799614442,-5.91713843069324
Q61292,Lamb2,2372600000.0,1128800000.0,1460100000,1222500000,0.292679,0.612622659749619,0.998030532995944,False,NO CHANGE,0,30.4616429624123,0.53841827213059,-5.76973475113896
P15626,Gstm2,157020000000.0,106230000000.0,105870000000,138210000000,0.094492,0.813465783815387,0.998030532995944,False,NO CHANGE,0,36.8630328986384,0.24827999962222,-5.8919650680593
P08003,Pdia4,10610000000.0,9774800000.0,4191900000,5328200000,1.107584,0.0314465855655981,0.998030532995944,False,UP,0,32.6917709721969,2.9258886567173,-3.24922977796038
Q04857,Col6a1,3972900000.0,30095000000.0,3197600000,12591000000,0.785167,0.536030723791079,0.998030532995944,False,UP,0,32.9555915624678,0.665082486847787,-5.68951529476724
Q06890,Clu,348930000000.0,485710000000.0,187450000000,453330000000,0.497983,0.381046276310293,0.998030532995944,False,NO CHANGE,0,38.3337341173349,0.957091248156538,-5.4607135269321
Q07113,Igf2r,334700000.0,208050000.0,311730000,357350000,-0.338918,0.632124733623854,0.998030532995944,False,NO CHANGE,0,28.1447831666371,-0.50834687394945,-5.78626256503129
P09411,Pgk1,18997000000.0,30204000000.0,10108000000,20267000000,0.742941,0.20109245148029,0.998030532995944,False,UP,0,34.1080662862822,1.46411210247189,-4.94391914804238
P17182,Eno1,40757000000.0,44413000000.0,26323000000,35114000000,0.48483,0.232080921430943,0.998030532995944,False,NO CHANGE,0,35.0658809885689,1.35317706629003,-5.06599443193798
P05064,Aldoa,58959000000.0,54767000000.0,32034000000,53571000000,0.455981,0.306733344604109,0.998030532995944,False,NO CHANGE,0,35.4977997219066,1.13352918246655,-5.29432190772784
P14733,Lmnb1,3052300000.0,2293500000.0,1279600000,1828400000,0.790587,0.137009127522195,0.998030532995944,False,UP,0,30.905783427907,1.75832633705979,-4.60593344796916
P26043,Rdx,2437300000.0,2445700000.0,2091000000,1449300000,0.487991,0.307505773683549,0.998030532995944,False,NO CHANGE,0,30.9411230057728,1.13151707141183,-5.29631435017567
P40142,Tkt,19486000000.0,22121000000.0,12095000000,33779000000,0.038659,0.948951021153497,0.998030532995944,False,NO CHANGE,0,34.2538789400198,0.0671863363089116,-5.92345146979688
Q8VHX6,Flnc,195400000.0,682560000.0,155890000,403920000,0.541394,0.589722565242785,0.998030532995944,False,NO CHANGE,0,28.1734208355727,0.574448470882771,-5.74882865907848
P48678,Lmna,2275100000.0,4344300000.0,1914000000,3890800000,0.204198,0.736790508918526,0.998030532995944,False,NO CHANGE,0,31.4477806902766,0.354722088634441,-5.85702539744778
Q8VDM4,Psmd2,4088700000.0,2873300000.0,2970100000,2285600000,0.395633,0.397730778739508,0.998030532995944,False,NO CHANGE,0,31.4767116767438,0.921423897493333,-5.49210571153651
P26040,Ezr,1687500000.0,1407400000.0,648790000,1921700000,0.464857,0.509606707506663,0.998030532995944,False,NO CHANGE,0,30.2888844890945,0.70787921425327,-5.66141904966799
Q93092,Taldo1,29678000000.0,30931000000.0,42688000000,66199000000,-0.811096,0.0871055226771852,0.998030532995944,False,DOWN,0,35.2240527849012,-2.10652557085383,-4.19356175606234
Q8K010,Oplah,1281500000.0,612940000.0,797910000,676290000,0.27082,0.668432993644313,0.998030532995944,False,NO CHANGE,0,29.5877686289236,0.453696040556256,-5.81409891747863
P63038,Hspd1,9871300000.0,6317100000.0,7472800000,4619600000,0.426543,0.400661419257043,0.998030532995944,False,NO CHANGE,0,32.6653326918894,0.915282028648694,-5.49742816880309
P70663,Sparcl1,4226800000.0,9360200000.0,2460900000,12932000000,0.157023,0.868342381595725,0.998030532995944,False,NO CHANGE,0,32.4718940409528,0.174164269191849,-5.9091755524656
Q9R0B9,Plod2,14213000000.0,10877000000.0,16168000000,14175000000,-0.283999,0.479028846132396,0.998030532995944,False,NO CHANGE,0,33.6755263899882,-0.762521395409565,-5.62134589675147
P27046,Man2a1,2612400000.0,2091500000.0,2313700000,2114200000,0.0798,0.852393320053986,0.998030532995944,False,NO CHANGE,0,31.0824097250883,0.195567237128885,-5.90481527038488
P21107,Tpm3,1814300000.0,2586300000.0,2837300000,3790100000,-0.598226,0.227715014120773,0.998030532995944,False,DOWN,0,31.311617172944,-1.36793427732694,-5.04997985667132
Q8BHG1,Nrd1,2388000000.0,1778900000.0,121660000,1216100000,2.4218,0.0862148565964757,0.998030532995944,False,UP,0,29.7298470865134,2.11449268479408,-4.18409881567366
P62259,Ywhae,32934000000.0,33045000000.0,56646000000,46588000000,-0.638961,0.118327670066759,0.998030532995944,False,DOWN,0,35.2607665047942,-1.87057273790111,-4.47365985949197
Q99KI0,Aco2,2746600000.0,1299800000.0,2026900000,595970000,0.781675,0.355454573645377,0.998030532995944,False,UP,0,30.424483604168,1.01433053790273,-5.40867784231747
Q921M3,Sf3b3,3295300000.0,1979800000.0,2487600000,2923000000,-0.07822,0.870033893907042,0.998030532995944,False,NO CHANGE,0,31.2893450689778,-0.171900071709965,-5.90960768119438
P14211,Calr,68634000000.0,59059000000.0,86690000000,40301000000,0.1072,0.830983691123024,0.998030532995944,False,NO CHANGE,0,35.8362213454983,0.224467999941205,-5.89814019879154
P10649,Gstm1,94505000000.0,83097000000.0,109160000000,111220000000,-0.314265,0.375512914611481,0.998030532995944,False,NO CHANGE,0,36.5240068952091,-0.969196454617532,-5.44987576810992
Q00493,Cpe,84029000000.0,55538000000.0,110470000000,61794000000,-0.274343,0.571280613503027,0.998030532995944,False,NO CHANGE,0,36.1286339571584,-0.604082802810375,-5.73075186146825
O35206,Col15a1,8311700000.0,7842900000.0,5753600000,3743600000,0.79882,0.108392575688826,0.998030532995944,False,UP,0,32.5112083557777,1.9378731254008,-4.39391698902945
O88342,Wdr1,14592000000.0,19698000000.0,12850000000,18865000000,0.122873,0.774935631172085,0.998030532995944,False,NO CHANGE,0,33.9194577613554,0.301268021527652,-5.87605709617107
P17710,Hk1,2054600000.0,2490400000.0,2121600000,2704400000,-0.082613,0.850236536397768,0.998030532995944,False,NO CHANGE,0,31.1162769201777,-0.198469456886951,-5.90418573910824
Q99MD9,Nasp,3074500000.0,634880000.0,1585100000,714300000,0.392866,0.682289234881831,0.998030532995944,False,NO CHANGE,0,30.1833737361045,0.43325202478819,-5.82376690925982
Q6P5E4,Uggt1,2170400000.0,2350300000.0,2353200000,2298300000,-0.042193,0.918942446345585,0.998030532995944,False,NO CHANGE,0,31.0938520889981,-0.106827193828378,-5.91962997219528
P37889,Fbln2,3241000000.0,8715300000.0,2665500000,11234000000,-0.042108,0.962953602007446,0.999824267041862,False,NO CHANGE,0,32.3284016868953,-0.0487366144141289,-5.92463743449553
Q99KK7,Dpp3,5001500000.0,4602700000.0,2662100000,2183200000,0.992916,0.049528183094365,0.998030532995944,False,UP,0,31.6633154330782,2.55190732237087,-3.67053261524714
Q8K0E8,Fgb,7745100000.0,18310000000.0,13514000000,22937000000,-0.564072,0.366514107162888,0.998030532995944,False,NO CHANGE,0,33.7533107068817,-0.989195064171768,-5.43177282673774
Q5SUR0,Pfas,2539400000.0,1873500000.0,2065100000,2307800000,-0.001253,0.997739029502716,0.999971162684518,False,NO CHANGE,0,31.0230912255082,-0.0029730345915953,-5.92595025739145
P22777,Serpine1,46746000000.0,120370000000.0,42249000000,81329000000,0.35578,0.583668617910845,0.998030532995944,False,NO CHANGE,0,35.9485144380298,0.584113056630851,-5.74301982582188
Q3U962,Col5a2,719270000.0,8091000000.0,376680000,6215900000,0.656774,0.723522873147304,0.998030532995944,False,UP,0,30.8394273523638,0.374753392871985,-5.84848514982985
P60710,Actb,2447100000.0,363070000.0,1289700000,2302700000,-0.870485,0.420273163107678,0.998030532995944,False,DOWN,0,30.2472915221476,-0.875061090313956,-5.53165932357727
P63260,Actg1,108290000000.0,104350000000.0,74256000000,113930000000,0.208802,0.598612850526149,0.998030532995944,False,NO CHANGE,0,36.5249734985397,0.560363879637948,-5.75714258471652
P18760,Cfl1,20120000000.0,20040000000.0,11077000000,23143000000,0.326685,0.521986008751436,0.998030532995944,False,NO CHANGE,0,34.0616949269257,0.686403062221869,-5.67651008756925
P06151,Ldha,39897000000.0,76510000000.0,45130000000,38558000000,0.405406,0.402522522052663,0.998030532995944,False,NO CHANGE,0,35.4825423468042,0.911399975276055,-5.50077946393411
Q9DCD0,Pgd,14109000000.0,26149000000.0,9851900000,11016000000,0.882649,0.103106915218485,0.998030532995944,False,UP,0,33.7196424156857,1.97631349645169,-4.34828383686217
Q9JHR7,Ide,1892800000.0,1106900000.0,1034100000,1579100000,0.179784,0.746775722750973,0.998030532995944,False,NO CHANGE,0,30.3409841316743,0.340621982721299,-5.86233313840345
O35685,Nudc,3273200000.0,1123200000.0,2273200000,1078100000,0.29255,0.698379491221816,0.998030532995944,False,NO CHANGE,0,30.6902359092085,0.409769991042812,-5.83436170393122
Q9EQH2,Erap1,3294700000.0,1692400000.0,2123600000,2092300000,0.163808,0.753628696909978,0.998030532995944,False,NO CHANGE,0,31.0550577209128,0.330990625610171,-5.86584072845569
P50247,Ahcy,7496800000.0,5585200000.0,3210600000,2848200000,1.097495,0.0379935063006751,0.998030532995944,False,UP,0,32.0425471659198,2.76814276165506,-3.42435065705358
Q80W21,Gstm7,5766400000.0,4839000000.0,4354500000,5999300000,0.047539,0.910205251371248,0.998030532995944,False,NO CHANGE,0,32.2747731301475,0.118403257882584,-5.91818696060021
P05202,Got2,17492000000.0,13299000000.0,11250000000,13273000000,0.319797,0.432811232960998,0.998030532995944,False,NO CHANGE,0,33.6683890770687,0.850100529097247,-5.55234387939964
Q9D964,Gatm,9875700000.0,5632800000.0,4378500000,3915400000,0.849069,0.113616014542707,0.998030532995944,False,UP,0,32.3716857721308,1.90173651032752,-4.43676382716365
Q9R1E6,Enpp2,4423700000.0,1639100000.0,3598700000,3730400000,-0.444324,0.480846370777781,0.998030532995944,False,NO CHANGE,0,31.5485937537354,-0.759205773832492,-5.62384460314234
O09159,Man2b1,3407100000.0,3348700000.0,2421700000,3752400000,0.164156,0.715913156030521,0.998030532995944,False,NO CHANGE,0,31.5713476557861,0.384474870362094,-5.84515728269694
P12023,App,12767000000.0,14358000000.0,8948500000,20526000000,-0.001448,0.9978500894675,0.999971162684518,False,NO CHANGE,0,33.65714211053,-0.0028269972178055,-5.92595072741016
Q8BGQ7,Aars,1459000000.0,351290000.0,909180000,411050000,0.227845,0.808976082964415,0.998030532995944,False,NO CHANGE,0,29.3012873412734,0.254409017778111,-5.89027744951341
P40124,Cap1,4579000000.0,6409700000.0,4885900000,4924400000,0.143359,0.731996740732758,0.998030532995944,False,NO CHANGE,0,32.2633182764089,0.361520466138315,-5.85439325709208
P60843,Eif4a1,17236000000.0,16641000000.0,12834000000,12877000000,0.3977,0.301425145031644,0.998030532995944,False,NO CHANGE,0,33.780514585387,1.14747678602171,-5.28045568480779
P70168,Kpnb1,5574600000.0,6656000000.0,5660700000,7727600000,-0.118739,0.776367561824894,0.998030532995944,False,NO CHANGE,0,32.5634840061957,-0.299281991486543,-5.8767068230961
P42932,Cct8,1896300000.0,1348500000.0,2142600000,2470200000,-0.524724,0.280624166366587,0.998030532995944,False,NO CHANGE,0,30.8369861381199,-1.20429172571904,-5.22301507110721
P68254,Ywhaq,9152600000.0,10319000000.0,8966000000,11568000000,-0.06756,0.864206262642717,0.998030532995944,False,NO CHANGE,0,33.2118390904406,-0.17970522203604,-5.90809449914538
Q8C1A5,Thop1,5975500000.0,3698200000.0,5145900000,3073800000,0.241218,0.640512123219945,0.998030532995944,False,NO CHANGE,0,32.0096852047711,0.495574399434862,-5.7930246949257
Q8CG14,C1sa,44294000000.0,32231000000.0,48072000000,27523000000,0.054863,0.905261149873435,0.998030532995944,False,NO CHANGE,0,35.1096296478362,0.124962041653703,-5.91730393026429
P08071,Ltf,2229000000.0,77109000000.0,775160000,57047000000,0.979289,0.721357905407766,0.998030532995944,False,UP,0,33.1203201329591,0.37785822224969,-5.84721579895202
Q02788,Col6a2,1566300000.0,17259000000.0,1339300000,5250900000,0.971297,0.497057150055495,0.998030532995944,False,UP,0,31.7900232073109,0.733111776125724,-5.64142304776823
P97798,Neo1,2331800000.0,1400100000.0,4567800000,5488900000,-1.470521,0.0215246451115312,0.998030532995944,False,DOWN,0,31.4861004704396,-3.25221521570548,-2.90066895874733
Q64449,Mrc2,741490000.0,1039900000.0,391970000,379980000,1.186067,0.0840487717888902,0.998030532995944,False,UP,0,29.1167914733579,2.13423498553187,-4.16065644958781
P37804,Tagln,9810600000.0,10596000000.0,11115000000,10740000000,-0.099784,0.789505674365865,0.998030532995944,False,NO CHANGE,0,33.2971396907726,-0.281123180183721,-5.88245503692611
P63101,Ywhaz,70749000000.0,86657000000.0,54547000000,61754000000,0.431997,0.259060051346747,0.998030532995944,False,NO CHANGE,0,35.9722955711643,1.26728792190698,-5.15764878349309
P09405,Ncl,4957100000.0,10717000000.0,2839200000,7599500000,0.649968,0.374235961435562,0.998030532995944,False,UP,0,32.4380314910875,0.972010456973652,-5.44734334534122
Q8CFX1,H6pd,5683200000.0,5446800000.0,3593900000,3303700000,0.69124,0.120751869043319,0.998030532995944,False,UP,0,32.0277891872192,1.85502907200338,-4.49203967613274
O88569,Hnrnpa2b1,13825000000.0,12226000000.0,12102000000,11607000000,0.133496,0.721408237601937,0.998030532995944,False,NO CHANGE,0,33.5311490931424,0.376606533274702,-5.84838360096806
Q8CG16;Q8CFG9,C1ra;C1rb,12746000000.0,8392200000.0,10894000000,7493900000,0.194922,0.672061008639817,0.998030532995944,False,NO CHANGE,0,33.1704029325525,0.448322438751634,-5.81667985278145
Q8K2I4,Manba,2615400000.0,3248300000.0,1646200000,3555700000,0.268722,0.63120118711506,0.998030532995944,False,NO CHANGE,0,31.3063502836863,0.509759006022542,-5.78550544400589
Q640N1,Aebp1,548690000.0,4910700000.0,583830000,4044700000,0.095169,0.948801916953695,0.998030532995944,False,NO CHANGE,0,30.564764060963,0.067566976513779,-5.92339962932608
Q61207,Psap,15423000000.0,6831400000.0,14787000000,10830000000,-0.302013,0.589621102174143,0.998030532995944,False,NO CHANGE,0,33.4079557543322,-0.57460995024521,-5.74873229580183
Q8CG19,Ltbp1,2110200000.0,1812500000.0,1190200000,1835200000,0.40411,0.418299468708393,0.998030532995944,False,NO CHANGE,0,30.6629783678127,0.879042111568103,-5.52832019283509
O35887,Calu,17832000000.0,16516000000.0,13356000000,20141000000,0.065355,0.873760158816216,0.998030532995944,False,NO CHANGE,0,33.9657699885576,0.166915893773439,-5.91053923883528
P68369,Tuba1a,28114000000.0,19820000000.0,0,46145000,10.547831,0.0001796840691461,0.116075908668444,False,NO CHANGE,1,29.1844881502345,9.50851633776373,0.617697897515816
Q3TXS7,Psmd1,1501200000.0,1083200000.0,1203600000,1497800000,-0.074393,0.879677054089209,0.998030532995944,False,NO CHANGE,0,30.2852570654672,-0.159011610706064,-5.91196099864051
O08638,Myh11,342990000.0,327390000.0,74296000,230260000,1.357278,0.169630016921475,0.998030532995944,False,UP,0,27.6413740162229,1.59485443008168,-4.79578481131884
Q9QUR6,Prep,2589800000.0,2228700000.0,1902800000,1694200000,0.420157,0.348013426868828,0.998030532995944,False,NO CHANGE,0,30.9517956653694,1.03160792471882,-5.39258780945493
P06745,Gpi,31221000000.0,35216000000.0,28283000000,28774000000,0.217023,0.548803342404904,0.998030532995944,False,NO CHANGE,0,34.8401431348653,0.641022520345297,-5.70713177130832
Q60854,Serpinb6,16076000000.0,12568000000.0,9767400000,14638000000,0.249449,0.566994065094957,0.998030532995944,False,NO CHANGE,0,33.6018880748763,0.611055425824781,-5.72638492472463
Q9D0F9,Pgm1,8394700000.0,8193000000.0,7429100000,8498200000,0.061763,0.871436858645105,0.998030532995944,False,NO CHANGE,0,32.9184066855597,0.17002290707329,-5.90996170808526
Q922R8,Pdia6,22513000000.0,12660000000.0,10498000000,6639100000,1.015931,0.0866487548441077,0.998030532995944,False,UP,0,33.4668334020508,2.11060067934556,-4.18872137485116
Q61425,Hadh,18888000000.0,6421500000.0,5642900000,9128200000,0.617771,0.3761162673658,0.998030532995944,False,UP,0,33.049621744656,0.967869547729597,-5.45106819873229
P21180,C2,3491400000.0,3803800000.0,3006900000,2723900000,0.348648,0.403237439846743,0.998030532995944,False,NO CHANGE,0,31.5886522724577,0.909912485008464,-5.50206093641643
Q04998,Inhba,2401800000.0,3983800000.0,1612000000,3392600000,0.403509,0.501087520911995,0.998030532995944,False,NO CHANGE,0,31.3247289358851,0.722867183824836,-5.65066426671091
Q61581,Igfbp7,17171000000.0,41913000000.0,12387000000,37354000000,0.318641,0.67615033150617,0.998030532995944,False,NO CHANGE,0,34.483646302464,0.442283338097931,-5.81954664808638
P68372;Q9D6F9,Tubb4b;Tubb4a,20471000000.0,13645000000.0,14964000000,11585000000,0.3441,0.435680902117365,0.998030532995944,False,NO CHANGE,0,33.7882079211144,0.844465227256233,-5.55695303865512
Q9JII6,Akr1a1,14417000000.0,10247000000.0,10423000000,11946000000,0.123337,0.762839325408295,0.998030532995944,False,NO CHANGE,0,33.4390986469872,0.318101832529431,-5.87038405599504
Q8CI94,Pygb,2534500000.0,2144800000.0,1492000000,2359700000,0.313347,0.519819433882173,0.998030532995944,False,NO CHANGE,0,30.9619516735978,0.690136571314551,-5.67391387043482
P05201,Got1,8360200000.0,5445400000.0,5939200000,4242600000,0.426679,0.374024800541354,0.998030532995944,False,NO CHANGE,0,32.4383010452378,0.972476537854224,-5.44692342986602
P29758,Oat,13981000000.0,7805600000.0,9528200000,7217600000,0.333091,0.49893406195813,0.998030532995944,False,NO CHANGE,0,33.1157598714099,0.726683716771587,-5.64789674309285
P17563;Q63836,Selenbp1;Selenbp2,11950000000.0,10454000000.0,10744000000,5757400000,0.507023,0.315237942062672,0.998030532995944,False,NO CHANGE,0,33.1263025103094,1.11161255573949,-5.31591468110744
Q02257,Jup,359810000.0,113090000.0,115480000,154180000,0.596224,0.535242098405641,0.998030532995944,False,UP,0,27.2896660824588,0.663783132446345,-5.69199105476702
Q8VCM7,Fgg,8821000000.0,13900000000.0,7931400000,25373000000,-0.357421,0.610566191343159,0.998030532995944,False,NO CHANGE,0,33.5450410894041,-0.541621076601269,-5.76792470343481
P00342,Ldhc,27312000000.0,7952600000.0,18763000000,10300000000,0.084249,0.909514669074686,0.998030532995944,False,NO CHANGE,0,33.7366730317795,0.119319004109576,-5.91806651239524
E9PV24,Fga,5469900000.0,10457000000.0,8362700000,16544000000,-0.637147,0.298439388862731,0.998030532995944,False,DOWN,0,33.1348819953021,-1.15541626034812,-5.27252013711762
Q9JMB7,Piwil1,1087800000.0,0.0,414180000,0,-0.102051,0.978747892753846,0.999971162684518,False,NO CHANGE,2,25.5146469154421,-0.0280255129407993,-5.92551531799192
P07214,Sparc,215720000000.0,205790000000.0,154240000000,168410000000,0.386589,0.271717757849953,0.998030532995944,False,NO CHANGE,0,37.4230809390005,1.229765584991,-5.19678580911888
Q8BND5,Qsox1,7154600000.0,14467000000.0,8485200000,15171000000,-0.157314,0.782196105955905,0.998030532995944,False,NO CHANGE,0,33.3227923373588,-0.291212199553183,-5.87930421184108
P10605,Ctsb,17342000000.0,28126000000.0,15517000000,26673000000,0.118472,0.810912508434994,0.998030532995944,False,NO CHANGE,0,34.3031320585715,0.251764182592019,-5.891010619125
Q6GQT1,A2mp,399910000.0,373080000.0,361970000,161540000,0.675699,0.391044351743723,0.998030532995944,False,UP,0,28.1871552481293,0.93557204149454,-5.47975129994541
Q9QUR8,Sema7a,5013300000.0,3090700000.0,5594800000,3161200000,-0.095432,0.85612981607811,0.998030532995944,False,NO CHANGE,0,31.921916120659,-0.190543915248027,-5.90588331917585
Q8K4G1,Ltbp4,395280000.0,753610000.0,339210000,885100000,-0.005663,0.994261669150243,0.999971162684518,False,NO CHANGE,0,29.026602817523,-0.0075456178248387,-5.92592356790087
Q8VDD5,Myh9,422670000.0,1386500000.0,105890000,1087100000,1.173964,0.405130359802924,0.998030532995944,False,UP,0,28.9248963919586,0.905983955692419,-5.50543828809544
P05214,Tuba3a,1517400000.0,100160000.0,778890000,53424000,0.934428,0.638422176005888,0.998030532995944,False,UP,0,28.0711286352149,0.500463466627803,-5.78939321010489
Q62318,Trim28,1214000000.0,219610000.0,918820000,335700000,-0.105157,0.923526794784508,0.998030532995944,False,NO CHANGE,0,28.9963235248815,-0.100760236048478,-5.92032728385904
O55029,Copb2,2176200000.0,1363200000.0,1703900000,1412700000,0.150756,0.761733763756878,0.998030532995944,False,NO CHANGE,0,30.606378901028,0.319645578967915,-5.86984899301898
Q9ERK4,Cse1l,1869300000.0,893660000.0,1549700000,855590000,0.166658,0.795958576941944,0.998030532995944,False,NO CHANGE,0,30.1841719944439,0.272244472517963,-5.88513890392131
P28271,Aco1,2416900000.0,1962200000.0,1307700000,2125200000,0.3855,0.446210437793623,0.998030532995944,False,NO CHANGE,0,30.8274178808867,0.824024468188649,-5.57348047100727
Q99JY9,Actr3,7362200000.0,7528400000.0,4354000000,4515400000,0.747643,0.0940410079441524,0.998030532995944,False,UP,0,32.4197717112041,2.04725990579553,-4.26398406375706
Q9EQK5,Mvp,1242800000.0,945160000.0,75610000,1296600000,1.791385,0.253160729323543,0.998030532995944,False,UP,0,29.1177725962187,1.28686169779868,-5.1368175533641
P24549,Aldh1a1,9159200000.0,9000200000.0,11953000000,5991700000,0.101456,0.838120648443979,0.998030532995944,False,NO CHANGE,0,33.0292140778991,0.214810603389704,-5.90047102264987
P99024,Tubb5,4465900000.0,3603600000.0,3616400000,4869300000,-0.064939,0.87910865072159,0.998030532995944,False,NO CHANGE,0,31.9340174727751,-0.159770410271095,-5.91182747201805
B2RQC6,Cad,201050000.0,107570000.0,100800000,46754000,1.099086,0.283396326880542,0.998030532995944,False,UP,0,26.5822966246919,1.19650963747237,-5.23097081368265
P10630,Eif4a2,1410100000.0,480930000.0,988110000,328230000,0.532087,0.562410352107011,0.998030532995944,False,NO CHANGE,0,29.3511575738033,0.618548195340348,-5.72164447866802
P10126,Eef1a1,12059000000.0,16595000000.0,11982000000,13795000000,0.137922,0.732022467745278,0.998030532995944,False,NO CHANGE,0,33.6507492240103,0.361483929229531,-5.85440752972328
Q8R016,Blmh,6734300000.0,6236900000.0,5413200000,2469400000,0.825857,0.164464492863852,0.998030532995944,False,UP,0,32.1806026935495,1.61854920245689,-4.76853949633059
Q00519,Xdh,1262400000.0,1106400000.0,674360000,838040000,0.65268,0.234296508328179,0.998030532995944,False,UP,0,29.8120338672207,1.34578643272393,-5.07398679267186
Q9JHU9,Isyna1,33628000000.0,25428000000.0,25089000000,28223000000,0.136077,0.721934828563665,0.998030532995944,False,NO CHANGE,0,34.6992827713153,0.375853942644526,-5.84868889776749
P16125,Ldhb,71360000000.0,35205000000.0,47038000000,33664000000,0.332931,0.518436560139567,0.998030532995944,False,NO CHANGE,0,35.3782632707183,0.692525086568667,-5.67224689120215
P24527,Lta4h,6025800000.0,4250100000.0,4909800000,6862200000,-0.197843,0.660668185440215,0.998030532995944,False,NO CHANGE,0,32.3355991060549,-0.46524779796588,-5.80845520766699
Q62356,Fstl1,10866000000.0,22155000000.0,8417600000,11265000000,0.672063,0.227802923097056,0.998030532995944,False,UP,0,33.5169763120779,1.36763455036147,-5.05030585176885
Q91WP6,Serpina3n,17620000000.0,51400000000.0,22888000000,24894000000,0.334296,0.592947543486497,0.998030532995944,False,NO CHANGE,0,34.6416238862473,0.569324602022709,-5.75187407353843
Q8BH34,Sema3d,4927400000.0,2889300000.0,5913100000,2552200000,-0.042055,0.945098670992593,0.998030532995944,False,NO CHANGE,0,31.8341535203286,-0.0722666396120469,-5.92305873237809
O08999,Ltbp2,514300000.0,2967200000.0,492430000,2231600000,0.236858,0.842009927473106,0.998030532995944,False,NO CHANGE,0,30.0838161665515,0.209557836286291,-5.90169656540131
P35951,Ldlr,2671300000.0,2203300000.0,1570400000,2167500000,0.395022,0.400547438882285,0.998030532995944,False,NO CHANGE,0,30.9784458597401,0.915520239559607,-5.49722220179518
P15116,Cdh2,4307800000.0,2152000000.0,4890600000,3772800000,-0.496509,0.365668919760043,0.998030532995944,False,NO CHANGE,0,31.7519219650566,-0.991093846064546,-5.43004137056672
P63005,Pafah1b1,2651600000.0,1747800000.0,1926600000,719640000,0.870499,0.226750405595053,0.998030532995944,False,UP,0,30.5683047589703,1.37123022104312,-5.04639308150825
P68510,Ywhah,6754300000.0,9696400000.0,9990300000,15369000000,-0.614612,0.21451179965064,0.998030532995944,False,DOWN,0,33.2212865711085,-1.41422644050866,-4.99928130966378
Q91VI7,Rnh1,8597000000.0,11109000000.0,8115100000,4797300000,0.647329,0.20305355322682,0.998030532995944,False,UP,0,32.8624333267048,1.45662829416976,-4.95226975546605
Q9EQH3,Vps35,1715800000.0,774540000.0,1363500000,305330000,0.837269,0.393597416049195,0.998030532995944,False,UP,0,29.6838651043992,0.930147417331014,-5.48450355696948
Q60864,Stip1,1559600000.0,1406300000.0,877970000,667980000,0.95148,0.0994232632212005,0.998030532995944,False,UP,0,29.9881530572374,2.00432780403879,-4.31500405338729
P45376,Akr1b1,14212000000.0,10761000000.0,12423000000,7578100000,0.35,0.455797682309581,0.998030532995944,False,NO CHANGE,0,33.35074180793,0.805723833238817,-5.58801920752298
Q8JZQ9,Eif3b,1141400000.0,1227100000.0,521480000,1445600000,0.446853,0.5219592680856,0.998030532995944,False,NO CHANGE,0,29.9169552366957,0.686449078752696,-5.67647815877305
Q04447,Ckb,7166000000.0,8117700000.0,7666800000,10439000000,-0.230149,0.577659310796838,0.998030532995944,False,NO CHANGE,0,32.9435466600835,-0.593767157060194,-5.73713348042333
Q8CIE6,Copa,1013200000.0,945240000.0,951450000,743540000,0.218495,0.673627538321345,0.998030532995944,False,NO CHANGE,0,29.7569412486236,0.446006785226447,-5.81778333830734
P56399,Usp5,1754200000.0,1103500000.0,1508700000,1386000000,-0.055667,0.911203836473693,0.998030532995944,False,NO CHANGE,0,30.4016361260296,-0.117079293393987,-5.91835947053253
Q9CPV4,Glod4,5558900000.0,3813200000.0,2353100000,1227200000,1.437934,0.0359869012770322,0.998030532995944,False,UP,0,31.3812865167788,2.81308421665082,-3.37404951589665
Q91YI0,Asl,4309600000.0,2820900000.0,2191300000,1521200000,0.933356,0.0976476814763564,0.998030532995944,False,UP,0,31.232529441033,2.01821808377097,-4.2984984721658
P48774,Gstm5,7846400000.0,3319200000.0,6001000000,5432800000,-0.162016,0.773192745200193,0.998030532995944,False,NO CHANGE,0,32.3297941824256,-0.303687216532197,-5.87526006970641
Q6WKZ8,Ubr2,400330000.0,23578000.0,140080000,13840000,1.141768,0.567679179088487,0.998030532995944,False,UP,0,25.9628922145819,0.609938786002108,-5.72708716012575
P06797,Ctsl,81052000000.0,59205000000.0,49753000000,72781000000,0.203111,0.626215991487658,0.998030532995944,False,NO CHANGE,0,35.9100089985807,0.517401609339539,-5.78137516970528
P08122,Col4a2,4158400000.0,10404000000.0,4794400000,7959700000,0.090515,0.884550401440327,0.998030532995944,False,NO CHANGE,0,32.5696426724963,0.152510258810188,-5.91307925263568
Q8BPB5,Efemp1,11399000000.0,7982200000.0,10278000000,10754000000,-0.140334,0.732460407236411,0.998030532995944,False,NO CHANGE,0,33.2213305820846,-0.360862063767553,-5.85465024318123
Q9WVA4,Tagln2,4313700000.0,7088600000.0,4703600000,8820300000,-0.220083,0.684252342380714,0.998030532995944,False,NO CHANGE,0,32.4746077721239,-0.430372580670413,-5.82509552450757
P61982,Ywhag,16167000000.0,18139000000.0,8951300000,13040000000,0.664517,0.147099650302676,0.998030532995944,False,UP,0,33.663095926473,1.70395872751777,-4.66952032587492
P35487,Pdha2,3235100000.0,551460000.0,1459900000,1179800000,0.025363,0.978768759293362,0.999971162684518,False,NO CHANGE,0,30.3022404346065,0.0279220307947434,-5.92552256814333
P30416,Fkbp4,2603400000.0,1908400000.0,2037800000,822460000,0.783865,0.242909304981354,0.998030532995944,False,UP,0,30.6618004713061,1.31765668098266,-5.10423047980662
Q9CVB6,Arpc2,5306000000.0,5514400000.0,4697200000,2037400000,0.806149,0.185342207156416,0.998030532995944,False,UP,0,31.9296925713012,1.52688072508731,-4.87330238967801
P50396,Gdi1,2298300000.0,1989900000.0,2675400000,1171500000,0.272576,0.640754898867876,0.998030532995944,False,NO CHANGE,0,30.8576965086053,0.495206074359662,-5.79321739572992
P35700,Prdx1,47059000000.0,44905000000.0,45851000000,76714000000,-0.367548,0.399826395363229,0.998030532995944,False,NO CHANGE,0,35.6037284096489,-0.917028407324462,-5.4959173085453
O08709,Prdx6,21770000000.0,24802000000.0,11081000000,34694000000,0.245012,0.707109166705278,0.998030532995944,False,NO CHANGE,0,34.3131739829599,0.397139260122243,-5.83983282003956
Q9CR16,Ppid,2992600000.0,2184800000.0,2370300000,2285200000,0.135755,0.756510688490725,0.998030532995944,False,NO CHANGE,0,31.1839255485277,0.32695094476389,-5.86728330304796
Q9QUM9,Psma6,9241200000.0,8824800000.0,12912000000,14560000000,-0.602468,0.149881421597861,0.998030532995944,False,DOWN,0,33.373408557457,-1.68962499549549,-4.68621844170634
Q8K1J6,Trnt1,2894100000.0,1581800000.0,1904800000,484150000,1.155758,0.203514121401901,0.998030532995944,False,UP,0,30.4168147282552,1.45488068078503,-4.95421755152379
O70435,Psma3,10815000000.0,8460800000.0,11486000000,7097800000,0.08329,0.853831088747618,0.998030532995944,False,NO CHANGE,0,33.1135859357232,0.193633626103148,-5.90522963031027
Q9R1P0,Psma4,8634800000.0,9079300000.0,6715500000,5428700000,0.552321,0.196967210018354,0.998030532995944,False,NO CHANGE,0,32.7675642073847,1.48008426797008,-4.92604616841473
P29341,Pabpc1,1976500000.0,2226500000.0,1589800000,1828300000,0.299189,0.499370866260877,0.998030532995944,False,NO CHANGE,0,30.8166212707547,0.725908651603159,-5.64845971954965
Q9R1P4,Psma1,11744000000.0,11137000000.0,10127000000,11111000000,0.108545,0.771901318655262,0.998030532995944,False,NO CHANGE,0,33.3586509636758,0.305481111828956,-5.87466509265066
P47962,Rpl5,5934600000.0,4156700000.0,2946300000,3789000000,0.571934,0.229642629938806,0.998030532995944,False,NO CHANGE,0,31.9236805787046,1.36138660824562,-5.05709450601953
P08249,Mdh2,42708000000.0,24002000000.0,29101000000,17896000000,0.488478,0.350883900178575,0.998030532995944,False,NO CHANGE,0,34.653872662632,1.02490708436894,-5.39884864504011
Q8C7R4,Uba6,386700000.0,9344900.0,203980000,8978900,0.490214,0.845221832188594,0.998030532995944,False,NO CHANGE,0,25.5960867659026,0.2052250735166,-5.90268503250987
Q3V1G4,Olfml2b,1920700000.0,329580000.0,2179100000,603020000,-0.526839,0.647077366864846,0.998030532995944,False,NO CHANGE,0,29.8309385943515,-0.485640693259187,-5.7981764318778
Q61398,Pcolce,12650000000.0,13170000000.0,11694000000,9646600000,0.281266,0.470868188015585,0.998030532995944,False,NO CHANGE,0,33.4468443683258,0.777520778669575,-5.60993609935541
Q8BRK9,Man2a2,846040000.0,436070000.0,511480000,302560000,0.626693,0.394330361657219,0.998030532995944,False,UP,0,28.8647209373314,0.928595251704358,-5.48585982655919
Q76MZ3,Ppp2r1a,2334700000.0,1703400000.0,2445400000,2124400000,-0.192736,0.669291882657995,0.998030532995944,False,NO CHANGE,0,30.989547939012,-0.452422552074808,-5.81471312685585
Q9CZ44,Nsfl1c,2501000000.0,1039600000.0,1594000000,366200000,1.077589,0.278710826128637,0.998030532995944,False,UP,0,30.0478250844907,1.2097028214624,-5.21746730398136
P24369,Ppib,14677000000.0,16621000000.0,15716000000,34149000000,-0.568757,0.297129510360142,0.998030532995944,False,NO CHANGE,0,34.1469413735224,-1.15892128550931,-5.26900718192909
Q6P5H2,Nes,257760000.0,334720000.0,89088000,59935000,2.007105,0.0462148973921811,0.998030532995944,False,UP,0,27.1263639631687,2.60786803525079,-3.60620204795972
Q9DBJ1,Pgam1,16793000000.0,23278000000.0,15059000000,25959000000,-1.7e-05,0.999971162684518,0.999971162684518,False,NO CHANGE,0,34.2027029172971,-3.79191970397513e-05,-5.92595516139059
Q5XJY5,Arcn1,1200200000.0,1054000000.0,538970000,1343300000,0.402546,0.546099093931195,0.998030532995944,False,NO CHANGE,0,29.8656548835065,0.645531658177352,-5.7041673915604
Q9Z1Z0,Uso1,818130000.0,592840000.0,300070000,701150000,0.602475,0.41160138219427,0.998030532995944,False,UP,0,29.0741735355366,0.892661577760428,-5.5168145522505
P62908,Rps3,1343700000.0,1181900000.0,350390000,1791300000,0.669639,0.474252073639801,0.998030532995944,False,UP,0,29.8961927360287,0.771278625538991,-5.61470542337803
P61202,Cops2,1800000000.0,1012600000.0,479400000,453440000,1.533888,0.0387752548210554,0.998030532995944,False,UP,0,29.5634395236103,2.7513368299663,-3.44324154342618
P26443,Glud1,2556500000.0,2309400000.0,1890500000,1741500000,0.421295,0.34104360738829,0.998030532995944,False,NO CHANGE,0,30.9675494603006,1.04807207798697,-5.37709606893675
Q9Z1N5,Ddx39b,7397500000.0,5865200000.0,5943400000,4485400000,0.351346,0.418009092733425,0.998030532995944,False,NO CHANGE,0,32.4412886598057,0.879629032879056,-5.52782698218785
Q9R1P3,Psmb2,4851300000.0,4035400000.0,3936000000,5128500000,-0.022092,0.957712294448104,0.998809768174366,False,NO CHANGE,0,32.0539404104679,-0.0556398141005447,-5.92423783128426
Q9CPY7,Lap3,3849000000.0,4547600000.0,2903000000,2572600000,0.614409,0.172415518091504,0.998030532995944,False,UP,0,31.6549430447675,1.58236851055506,-4.81009747542976
Q8BWT1,Acaa2,4549200000.0,2284000000.0,2883800000,2335400000,0.312767,0.558806755524088,0.998030532995944,False,NO CHANGE,0,31.4295569283215,0.624466006272997,-5.71786568276728
P08228,Sod1,14620000000.0,10214000000.0,19430000000,21152000000,-0.730294,0.112524558776289,0.998030532995944,False,DOWN,0,33.8736737634573,-1.90914437103544,-4.42798538700724
P56480,Atp5b,7539500000.0,4927200000.0,8831600000,5106500000,-0.139886,0.78102363446613,0.998030532995944,False,NO CHANGE,0,32.5749144841538,-0.292833714154119,-5.87878780084179
Q7TMM9,Tubb2a,38772000.0,36096000.0,0,57395000,1.227965,0.494561444220311,0.998030532995944,False,NO CHANGE,1,24.5429411105454,0.734468713779873,-5.64221540684697
Q60841,Reln,154720000.0,0.0,49562000,0,-0.063473,0.978662158223476,0.999971162684518,False,NO CHANGE,2,24.4064712053837,-0.0280622698126433,-5.92551821215886
P29268,Ctgf,5162500000.0,20832000000.0,5238000000,26470000000,-0.183252,0.86774084779286,0.998030532995944,False,NO CHANGE,0,33.3633782725975,-0.175461023130281,-5.90877079469542
Q810U4,Nrcam,1223900000.0,542470000.0,642330000,665830000,0.317244,0.631482599529309,0.998030532995944,False,NO CHANGE,0,29.4432811815185,0.50932859524679,-5.78573641044475
Q9WU78,Pdcd6ip,733150000.0,2880200000.0,452870000,3645900000,0.177453,0.890572058668018,0.998030532995944,False,NO CHANGE,0,30.3478011461419,0.144889102350567,-5.91422493836038
Q9DBC7,Prkar1a,1375000000.0,1956100000.0,1386500000,1596700000,0.140435,0.767681263872858,0.998030532995944,False,NO CHANGE,0,30.54084101265,0.31135118865459,-5.87269462743817
Q9ER72,Cars,1051100000.0,535890000.0,428150000,268720000,1.145772,0.143290643091963,0.998030532995944,False,UP,0,28.9104209959559,1.72403015333637,-4.64608970699812
Q922B2,Dars,1672600000.0,1144500000.0,1740500000,654970000,0.373904,0.586255109976411,0.998030532995944,False,NO CHANGE,0,30.1788059733989,0.579976530407585,-5.74551636700487
Q8VIJ6,Sfpq,781450000.0,441830000.0,576350000,273520000,0.565527,0.454920535912806,0.998030532995944,False,NO CHANGE,0,28.8474838737066,0.807386261386663,-5.58670871428142
Q9Z2X1,Hnrnpf,4198000000.0,3163300000.0,1680600000,2474900000,0.837393,0.11412835277353,0.998030532995944,False,UP,0,31.3442226473266,1.89828432530372,-4.44085374782893
Q8BG32,Psmd11,2092800000.0,857910000.0,2156000000,934500000,-0.083146,0.909361663083016,0.998030532995944,False,NO CHANGE,0,30.3610919555799,-0.119521913690712,-5.91803969882066
Q9R0P5,Dstn,4223600000.0,4202100000.0,2479200000,3874300000,0.442887,0.343658755037737,0.998030532995944,False,NO CHANGE,0,31.7507013628654,1.04186189014066,-5.38295748054577
Q3THS6,Mat2a,1439600000.0,924960000.0,1005300000,556150000,0.625979,0.326414672518473,0.998030532995944,False,UP,0,29.7909285875333,1.08356945606409,-5.34318311147978
P80318,Cct3,1198600000.0,1010100000.0,1949000000,928990000,-0.29031,0.624062820890086,0.998030532995944,False,NO CHANGE,0,30.1804322211625,-0.520713153549345,-5.77956844528524
Q9JIF7,Copb1,1043200000.0,942530000.0,904990000,959900000,0.089348,0.857016589744104,0.998030532995944,False,NO CHANGE,0,29.8404918532354,0.189352583773878,-5.90613260194576
Q9CQV8,Ywhab,8454200000.0,6726800000.0,7822600000,12608000000,-0.397164,0.395152904305943,0.998030532995944,False,NO CHANGE,0,33.0107289385683,-0.92685606600046,-5.48737765138617
P47757,Capzb,2839600000.0,2625200000.0,2067100000,2242200000,0.342796,0.422493541330862,0.998030532995944,False,NO CHANGE,0,31.1750124065719,0.870599658353746,-5.53538839270928
Q9JIF0,Prmt1,2272000000.0,1803800000.0,1923400000,2650500000,-0.157461,0.731375686185002,0.998030532995944,False,NO CHANGE,0,30.9935842502876,-0.36240264405467,-5.85404823192007
P45377,Akr1b8,12693000000.0,10733000000.0,9183300000,8800500000,0.376672,0.34414814415375,0.998030532995944,False,NO CHANGE,0,33.2539880622545,1.04070413250367,-5.38404781305475
Q9R1T2,Sae1,1400000000.0,574470000.0,1326800000,687190000,-0.090501,0.900049926179256,0.998030532995944,False,NO CHANGE,0,29.7854683918588,-0.131882122065828,-5.9163209980581
Q9Z2W0,Dnpep,8185400000.0,5371900000.0,7492800000,4022600000,0.272426,0.605486779041305,0.998030532995944,False,NO CHANGE,0,32.4903825033084,0.549558962288678,-5.76339776037783
P19324,Serpinh1,7534800000.0,8036900000.0,4650800000,5055400000,0.682452,0.119627521846761,0.998030532995944,False,UP,0,32.5162309782861,1.86219829118579,-4.48356439820984
O35660,Gstm6,5010000000.0,1947900000.0,3559400000,3035500000,-0.073419,0.902831283422828,0.998030532995944,False,NO CHANGE,0,31.5774274694007,-0.128187796744348,-5.91685228782346
P14152,Mdh1,22569000000.0,21686000000.0,14524000000,11393000000,0.78226,0.0805743721075476,0.998030532995944,False,UP,0,33.9737041962921,2.16704760190829,-4.12172009479643
Q9CWF2,Tubb2b,0.0,31394000.0,0,143060000,-1.417122,0.556308276992143,0.998030532995944,False,NO CHANGE,2,23.913632515563,-0.628583275907522,-5.71521859055505
O88968,Tcn2,10720000000.0,5571400000.0,9211600000,3875300000,0.371257,0.566130307991291,0.998030532995944,False,NO CHANGE,0,32.6618610197924,0.61246443852214,-5.72549725344384
P97290,Serping1,6779600000.0,18460000000.0,4508000000,10328000000,0.713277,0.342858230137918,0.998030532995944,False,UP,0,33.0244796840176,1.04375868287503,-5.38116951723313
Q08761,Pros1,1815700000.0,4099700000.0,1799800000,2203100000,0.454336,0.440105613267998,0.998030532995944,False,NO CHANGE,0,31.1182067976305,0.835830908903011,-5.5639710959587
P18242,Ctsd,12608000000.0,29305000000.0,8825400000,22649000000,0.443153,0.532685143276577,0.998030532995944,False,NO CHANGE,0,33.9404477499373,0.668116970986231,-5.68905824212946
Q9R118,Htra1,2602400000.0,1734800000.0,3957900000,2728600000,-0.629142,0.226530033204425,0.998030532995944,False,DOWN,0,31.2992298928348,-1.37198503783856,-5.04557115236104
Q61696;P17879,Hspa1a;Hspa1b,403220000.0,331790000.0,290000000,488060000,-0.040637,0.952232089439651,0.998030532995944,False,NO CHANGE,0,28.4666620145376,-0.0628610489736416,-5.92376332889559
P23249,Mov10,301380000.0,28210000.0,188500000,112650000,-0.660275,0.641594088665842,0.998030532995944,False,DOWN,0,26.7884932813356,-0.493933493306394,-5.79388219049428
P31254,Uba1y,306920000.0,15722000.0,71351000,0,1.213858,0.539251533767048,0.998030532995944,False,NO CHANGE,1,25.4428555445312,0.657014906726486,-5.69653949784216
Q8VI75,Ipo4,689010000.0,454920000.0,553300000,233230000,0.640161,0.409662169719492,0.998030532995944,False,UP,0,28.7404130290712,0.896636736342043,-5.51343258502744
Q91YR9,Ptgr1,6257700000.0,5476800000.0,5900300000,3336900000,0.399834,0.414724219093049,0.998030532995944,False,NO CHANGE,0,32.2469184680132,0.886290606081716,-5.52221246956237
P68040,Gnb2l1,3419000000.0,3795500000.0,2087800000,1568600000,0.993202,0.0587997643367469,0.998030532995944,False,UP,0,31.2496842029688,2.41462680550011,-3.8299341283085
Q9WV32,Arpc1b,3277200000.0,2697700000.0,2521100000,2707200000,0.186669,0.656035468112374,0.998030532995944,False,NO CHANGE,0,31.3761149686744,0.47217383703044,-5.80500926007369
Q9WVJ2,Psmd13,1996300000.0,1230800000.0,1008100000,1641200000,0.285268,0.609747782021882,0.998030532995944,False,NO CHANGE,0,30.4031815306581,0.54289743671151,-5.76720072802686
P45591,Cfl2,2524900000.0,1588600000.0,1891200000,1733800000,0.145371,0.762063051880972,0.998030532995944,False,NO CHANGE,0,30.8266582508574,0.319185685837421,-5.87000865182675
Q8BWZ3,Naa25,842770000.0,3885900000.0,203310000,209640000,3.13186,0.014326708931223,0.998030532995944,False,UP,0,29.1871525143122,3.61993873200697,-2.53193926398298
P31001,Des,594620000.0,1606500000.0,636880000,919170000,0.353232,0.623373332787388,0.998030532995944,False,NO CHANGE,0,29.6877173451394,0.521774944140784,-5.77898696959949
Q9JKB1;P58321,Uchl3;Uchl4,1845100000.0,1148500000.0,1737100000,1892800000,-0.316876,0.526917920406116,0.998030532995944,False,NO CHANGE,0,30.5975160172095,-0.677942983241528,-5.68235023965881
P54227,Stmn1,2774100000.0,1665600000.0,3443400000,1512100000,-0.086163,0.888822271037835,0.998030532995944,False,NO CHANGE,0,31.0444651292882,-0.146817617861056,-5.91402043941587
Q9Z2U0,Psma7,9742400000.0,10664000000.0,8500700000,11265000000,0.058798,0.882282575218967,0.998030532995944,False,NO CHANGE,0,33.2174306173565,0.155534709505013,-5.91256478539635
Q9DCJ9,Npl,3474200000.0,1607300000.0,1198200000,282890000,2.021069,0.0633724776515574,0.998030532995944,False,UP,0,30.1274783195302,2.35528949620916,-3.89944079674529
O08749,Dld,14045000000.0,7529000000.0,6146000000,5387100000,0.837643,0.125519840460149,0.998030532995944,False,UP,0,32.8407527518527,1.82536352101063,-4.5270685694456
Q99LX0,Park7,8460800000.0,6013500000.0,6715800000,7521200000,0.005238,0.989915032384396,0.999971162684518,False,NO CHANGE,0,32.7292331359132,0.0132615412196229,-5.92585757301941
P10518,Alad,5410100000.0,4280800000.0,3216200000,1893100000,0.963714,0.0870768308436981,0.998030532995944,False,UP,0,31.6822637139224,2.10678088791558,-4.19325848239772
P53026,Rpl10a,10164000000.0,11285000000.0,8007000000,13254000000,0.056057,0.899275129496378,0.998030532995944,False,NO CHANGE,0,33.2901900075922,0.132911621023832,-5.91617027327997
P47877,Igfbp2,657420000.0,4327500000.0,372170000,4064400000,0.455673,0.768400345029471,0.998030532995944,False,NO CHANGE,0,30.4237271379921,0.311281063164469,-5.87225518710949
P97298,Serpinf1,5800700000.0,28591000000.0,4781100000,10367000000,0.871224,0.36137023842455,0.998030532995944,False,UP,0,33.1485991857981,1.00080713761691,-5.4211501466617
Q04592,Pcsk5,1213000000.0,964250000.0,998320000,751850000,0.319984,0.546191376151696,0.998030532995944,False,NO CHANGE,0,29.8503902782953,0.645377545674728,-5.70426899582756
O09164,Sod3,14718000000.0,6791000000.0,12798000000,7141900000,0.06449,0.912745215819843,0.998030532995944,False,NO CHANGE,0,33.1866748957278,0.115036148677067,-5.91862190288792
Q62179,Sema4b,1352200000.0,1432600000.0,1141900000,720510000,0.617709,0.266210227421917,0.998030532995944,False,UP,0,30.0654706222188,1.24589439033621,-5.1800345390976
Q60675,Lama2,141330000.0,47891000.0,69595000,36916000,0.69876,0.54038393968681,0.998030532995944,False,UP,0,25.9444917375024,0.655109321189164,-5.69781309141838
P29533,Vcam1,1018200000.0,2298900000.0,867070000,2970200000,-0.068908,0.933131314656668,0.998030532995944,False,NO CHANGE,0,30.5452891378895,-0.0880635379095281,-5.92165518627244
Q9R0E2,Plod1,734730000.0,1918300000.0,1285900000,1953500000,-0.416863,0.540092381029906,0.998030532995944,False,NO CHANGE,0,30.3533413930111,-0.655599698360345,-5.69748564418583
P54923,Adprh,1514500000.0,917140000.0,1875200000,823850000,-0.076721,0.905841469460706,0.998030532995944,False,NO CHANGE,0,30.1727412354867,-0.12419187200886,-5.91741007169307
Q9JMH6,Txnrd1,5780200000.0,7475400000.0,6189800000,5214600000,0.21041,0.611053549826323,0.998030532995944,False,NO CHANGE,0,32.5087827481213,0.54086148398086,-5.76835484288427
P61979,Hnrnpk,2071900000.0,1753400000.0,1243900000,1178600000,0.654582,0.184107456197918,0.998030532995944,False,UP,0,30.5006164055169,1.53201614493637,-4.86748176251784
P11983,Tcp1,2169600000.0,967900000.0,8676100000,6032500000,-2.319722,0.0076404389811626,0.99160661699478,False,DOWN,0,31.5923932744077,-4.22951614583808,-1.97874593022034
Q9D1Q6,Erp44,3263200000.0,1975000000.0,2491400000,1981900000,0.19215,0.694815409790015,0.998030532995944,False,NO CHANGE,0,31.1453480801217,0.414948436792643,-5.83207242954918
Q9CQI6,Cotl1,1987200000.0,2478400000.0,2608300000,2946100000,-0.320885,0.463424659590681,0.998030532995944,False,NO CHANGE,0,31.2078684397316,-0.791366913355067,-5.5992509977326
Q99JI4,Psmd6,1562400000.0,1274300000.0,4844200000,1660400000,-1.00716,0.169801401093286,0.998030532995944,False,DOWN,0,30.8976673747792,-1.59408044145332,-4.79667294510184
P23492,Pnp,6216600000.0,5601400000.0,3289700000,5236300000,0.507705,0.284166610860078,0.998030532995944,False,NO CHANGE,0,32.204457101346,1.19435925521825,-5.23316437749522
Q7TMK9,Syncrip,699160000.0,1469700000.0,323220000,648190000,1.14707,0.153940964164986,0.998030532995944,False,UP,0,29.3434261779315,1.66917482695406,-4.7099888635857
Q6PDN3,Mylk,1740000000.0,1126000000.0,957690000,708420000,0.764993,0.194479332101543,0.998030532995944,False,UP,0,30.000003259953,1.48987207164552,-4.9150601502745
Q00915,Rbp1,3733000000.0,1424000000.0,2200000000,4047900000,-0.372196,0.585919410283566,0.998030532995944,False,NO CHANGE,0,31.2885933111332,-0.580512779435422,-5.7451935908185
Q9WUB3,Pygm,328560000.0,485610000.0,427850000,670650000,-0.423355,0.527717471089639,0.998030532995944,False,NO CHANGE,0,28.7850797892084,-0.676576463430055,-5.68328797631297
P17742,Ppia,49720000000.0,31887000000.0,41548000000,72055000000,-0.458541,0.359873263531007,0.998030532995944,False,NO CHANGE,0,35.4419490099929,-1.00421195035432,-5.41802015721434
Q64737,Gart,906770000.0,571220000.0,412380000,366690000,0.888124,0.189134626081278,0.998030532995944,False,UP,0,28.9787543696361,1.5113116060618,-4.89091049844847
Q921M7,Fam49b,2675400000.0,1189700000.0,1487900000,881180000,0.639783,0.338293003162664,0.998030532995944,False,UP,0,30.4126375170655,1.05464715498192,-5.37086672446381
P21981,Tgm2,1493500000.0,976770000.0,1534900000,1606100000,-0.378459,0.455565098133747,0.998030532995944,False,NO CHANGE,0,30.358976459263,-0.8061644126503,-5.58767209826572
P57759,Erp29,4026900000.0,4765700000.0,3735000000,5061300000,0.010871,0.979423883467337,0.999971162684518,False,NO CHANGE,0,32.0230963581039,0.0270601965678297,-5.92554885869798
Q62348,Tsn,5433800000.0,3082700000.0,3258000000,3194400000,0.343312,0.481559350882449,0.998030532995944,False,NO CHANGE,0,31.7587747399401,0.757907563790362,-5.62482062944697
P47791,Gsr,4468800000.0,3393400000.0,3964500000,3624200000,0.038909,0.925291419641157,0.998030532995944,False,NO CHANGE,0,31.8392079728776,0.0984261106903391,-5.92058474747741
P58389,Ppp2r4,4400200000.0,1523600000.0,2877700000,610280000,0.966297,0.347064424196097,0.998030532995944,False,UP,0,30.7867310309655,1.03383339126893,-5.39050277948277
Q9JHW2,Nit2,2734300000.0,1886800000.0,1191600000,916470000,1.120027,0.0595348729416472,0.998030532995944,False,UP,0,30.5208960129739,2.40475984475914,-3.84146906281658
Q9QXT0,Cnpy2,2018300000.0,1041000000.0,833440000,1753400000,0.261903,0.690341131591437,0.998030532995944,False,NO CHANGE,0,30.3019568793671,0.421467618063159,-5.82915241446935
P97807,Fh,3698900000.0,3405000000.0,2717100000,1770900000,0.6941,0.166286904459792,0.998030532995944,False,UP,0,31.377678230711,1.61010736355595,-4.77825857959923
Q64433,Hspe1,5376500000.0,4607000000.0,6487600000,3560600000,0.050345,0.917125130654996,0.998030532995944,False,NO CHANGE,0,32.1874278919793,0.109233523241533,-5.91934216203359
Q9ERD7,Tubb3,31123000.0,2468100.0,14965000,0,0.74606,0.714498782269347,0.998030532995944,False,NO CHANGE,1,22.690193516527,0.386504548694859,-5.84431485435495
Q9ER58,Spock2,4954300000.0,941250000.0,3362100000,1257900000,0.070476,0.943773692806897,0.998030532995944,False,NO CHANGE,0,30.9727805960024,0.0740144663278254,-5.92291701332462
O54782,Man2b2,1382800000.0,974590000.0,712660000,955660000,0.492302,0.376936577355859,0.998030532995944,False,NO CHANGE,0,29.866431611372,0.966068260593509,-5.45268518459293
P70699,Gaa,621900000.0,545490000.0,445000000,570550000,0.209038,0.723046848792746,0.998030532995944,False,NO CHANGE,0,29.0130232652503,0.374265482474483,-5.84933138336786
P70458,Serpina5,1544300000.0,725440000.0,1039800000,629640000,0.387488,0.561101404334814,0.998030532995944,False,NO CHANGE,0,29.7855494550697,0.620694951108544,-5.72027721479473
Q9WV54,Asah1,2322200000.0,4542100000.0,1844100000,2992200000,0.467364,0.420466150612246,0.998030532995944,False,NO CHANGE,0,31.3630966537008,0.874672600058835,-5.53198458901801
P51655,Gpc4,2348900000.0,1291000000.0,1147100000,207130000,1.836937,0.106452610672826,0.998030532995944,False,UP,0,29.7791213264423,1.95175239923112,-4.37744611634792
Q61112,Sdf4,7332000000.0,5141100000.0,5545800000,4776100000,0.254528,0.555324729536188,0.998030532995944,False,NO CHANGE,0,32.3882309771442,0.630207316445163,-5.71417040004229
O70456,Sfn,1435700000.0,2343600000.0,541230000,2915600000,0.546187,0.565986482353998,0.998030532995944,False,NO CHANGE,0,30.4994996524367,0.612699186941634,-5.72534919319496
O09131,Gsto1,1083700000.0,3473100000.0,1154800000,3315000000,-0.012231,0.988531804718907,0.999971162684518,False,NO CHANGE,0,30.8595631702476,-0.0150806139776528,-5.92582896509436
P50580,Pa2g4,1376800000.0,913400000.0,628960000,301450000,1.364803,0.0823938678673346,0.998030532995944,False,UP,0,29.3802699804351,2.14968223456269,-4.14232181185805
Q99K85,Psat1,1571800000.0,2583300000.0,1528800000,4018900000,-0.298784,0.653077379718567,0.998030532995944,False,NO CHANGE,0,31.0575611576287,-0.476609830044116,-5.80277782009861
Q9ET01,Pygl,186870000.0,258290000.0,195700000,374600000,-0.301484,0.69801919166797,0.998030532995944,False,NO CHANGE,0,27.8616801147769,-0.410292910539281,-5.83413174941094
P17751,Tpi1,4500300000.0,10427000000.0,7197900000,15911000000,-0.643628,0.351707546792548,0.998030532995944,False,DOWN,0,32.9953033718069,-1.0229927682061,-5.400632507483
Q6ZWX6,Eif2s1,923090000.0,1132400000.0,745950000,708530000,0.491938,0.361730691500091,0.998030532995944,False,NO CHANGE,0,29.6833474932145,0.999989031539206,-5.42190119063196
P63242;Q8BGY2,Eif5a;Eif5a2,2360700000.0,2817700000.0,3447700000,4085300000,-0.541172,0.22768816119928,0.998030532995944,False,NO CHANGE,0,31.534805104016,-1.36802585424079,-5.04988024795609
Q9D8W5,Psmd12,2077300000.0,1658900000.0,1038000000,742140000,1.080683,0.0689482367554257,0.998030532995944,False,UP,0,30.2494794092954,2.28885742035203,-3.97761718984033
Q9WTX6,Cul1,730610000.0,144770000.0,314430000,78845000,1.046517,0.40950768915972,0.998030532995944,False,UP,0,27.7535983134262,0.896954032944596,-5.51316217691966
P53810,Pitpna,860240000.0,624570000.0,528420000,636510000,0.337867,0.561826789199007,0.998030532995944,False,NO CHANGE,0,29.2802924445831,0.619504883021395,-5.72103566479095
P40336,Vps26a,1562800000.0,821750000.0,1115200000,296470000,0.978822,0.285953770331846,0.998030532995944,False,UP,0,29.5883941323246,1.18938988723554,-5.23822551508391
P07724,Alb,1020900000.0,770700000.0,245770000,2055000000,0.319782,0.778623154709969,0.998030532995944,False,NO CHANGE,0,29.5645033478907,0.296156377131714,-5.87772097477729
Q9D0I9,Rars,1875700000.0,1752200000.0,736890000,710410000,1.325176,0.0305473562382044,0.998030532995944,False,UP,0,30.0930632373877,2.9503685616544,-3.22242360803752
Q7TQI3,Otub1,3215700000.0,2131900000.0,1774000000,1080500000,0.919284,0.121082436160993,0.998030532995944,False,UP,0,30.8263472715367,1.8529342008544,-4.4945154918895
O55234,Psmb5,7546100000.0,6585900000.0,7603400000,8238300000,-0.16694,0.667277799870474,0.998030532995944,False,NO CHANGE,0,32.7983786486657,-0.455410197833289,-5.81326966960684
P30115,Gsta3,15560000000.0,14357000000.0,1880500000,2669800000,2.737802,0.0008687296555713,0.391217842820048,False,UP,0,32.4301779905578,6.86844189495668,-0.300407614383599
P15532,Nme1,24047000000.0,23456000000.0,9001000000,26515000000,0.620424,0.341613811620479,0.998030532995944,False,UP,0,34.1569759176168,1.0467146242135,-5.3783791363464
Q9QZE7,Tsnax,1854700000.0,1022200000.0,894730000,711990000,0.786705,0.203105145882059,0.998030532995944,False,UP,0,29.9654319848506,1.45643233991754,-4.95248819785233
Q9CXY6,Ilf2,1707700000.0,1429100000.0,1347300000,1770900000,0.016304,0.972018805426494,0.999971162684518,False,NO CHANGE,0,30.5327816786789,0.0368033633646013,-5.9252036504566
Q9R0P9,Uchl1,17899000000.0,10750000000.0,9379300000,11902000000,0.39273,0.403209241970709,0.998030532995944,False,NO CHANGE,0,33.4950239065001,0.909971115553239,-5.50201045403299
Q61035,Hars,2107800000.0,3329100000.0,2421700000,1676200000,0.394828,0.440438994110031,0.998030532995944,False,NO CHANGE,0,31.1053740146478,0.835183006768268,-5.5644955570756
O35381,Anp32a,3909700000.0,3945900000.0,700020000,2028600000,1.72073,0.0376771336022562,0.998030532995944,False,UP,0,31.0106940474177,2.7750525086807,-3.41659630826314
O55137,Acot1,2576000000.0,1874300000.0,2083700000,1845600000,0.164123,0.715709895959924,0.998030532995944,False,NO CHANGE,0,30.9510333471163,0.384766442795107,-5.8450365206123
Q91W90,Txndc5,5921200000.0,4346400000.0,4188400000,4272200000,0.262166,0.53454535913962,0.998030532995944,False,NO CHANGE,0,32.1091250921822,0.66496268959742,-5.69119439018728
Q9DAR7,Dcps,2012200000.0,1568300000.0,1590400000,1577700000,0.165381,0.713896239775796,0.998030532995944,False,NO CHANGE,0,30.643649811641,0.387369779973649,-5.84395446827996
P70296,Pebp1,30798000000.0,15568000000.0,18384000000,27495000000,-0.0381,0.941057158809706,0.998030532995944,False,NO CHANGE,0,34.369041016701,-0.0775987945612888,-5.92261581622957
Q8K183,Pdxk,2590000000.0,2260800000.0,2131400000,1811600000,0.30036,0.492580614172778,0.998030532995944,False,NO CHANGE,0,31.0220656745899,0.738011245729427,-5.6396141634855
O35855,Bcat2,2566300000.0,1637800000.0,1640700000,986850000,0.688117,0.236807830554755,0.998030532995944,False,UP,0,30.5890186566247,1.33748711399011,-5.0829391283371
P10648,Gsta2,6216000000.0,3456500000.0,5802600000,5053100000,-0.224285,0.642989482254557,0.998030532995944,False,NO CHANGE,0,32.2221445142394,-0.491819477193187,-5.7949831328885
P62897,Cycs,11410000000.0,4514900000.0,8870400000,8964900000,-0.313183,0.592106265864701,0.998030532995944,False,NO CHANGE,0,32.8974047473744,-0.570659607461334,-5.75108289555548
P47880,Igfbp6,3269600000.0,3113100000.0,3361200000,1737300000,0.400821,0.445495029831213,0.998030532995944,False,NO CHANGE,0,31.3706751941474,0.825401757009007,-5.57237636122138
P47878,Igfbp3,4892500000.0,1979400000.0,4375700000,2271900000,-0.018889,0.977152027957725,0.999971162684518,False,NO CHANGE,0,31.5446149036911,-0.0300489936871239,-5.9254541585651
Q9CYK2,Qpct,15496000000.0,9705400000.0,15582000000,5536700000,0.400888,0.545059375455317,0.998030532995944,False,NO CHANGE,0,33.3132144778519,0.647269173249132,-5.7030204624812
P28653,Bgn,19871000000.0,54053000000.0,16575000000,45560000000,0.254131,0.738095502881182,0.998030532995944,False,NO CHANGE,0,34.8047348954132,0.352874702307375,-5.85773246043028
Q61508,Ecm1,1978200000.0,21273000000.0,2286300000,16508000000,0.078516,0.959471100768769,0.998824497431999,False,NO CHANGE,0,32.5556648663095,0.053468378385765,-5.92435454519573
P11152,Lpl,3025500000.0,2126700000.0,2647500000,1548100000,0.32533,0.533347039687928,0.998030532995944,False,NO CHANGE,0,31.0775827216319,0.666993788566331,-5.68981984756171
P06909,Cfh,230840000.0,2728100000.0,222860000,4309700000,-0.304468,0.87513047778518,0.998030532995944,False,NO CHANGE,0,29.7160175336251,-0.165546148957449,-5.91065239307579
P70275,Sema3e,1074700000.0,1250200000.0,546930000,1322000000,0.446971,0.498376602990452,0.998030532995944,False,NO CHANGE,0,29.8869136487567,0.727673558528939,-5.64717706208472
O70250,Pgam2,553040000.0,157300000.0,378610000,174160000,0.199888,0.836520514608277,0.998030532995944,False,NO CHANGE,0,28.0359318417834,0.216973732952532,-5.89995768171069
Q9JKF1,Iqgap1,411620000.0,2045400000.0,189600000,476060000,1.610761,0.164002247415353,0.998030532995944,False,UP,0,28.9678563993871,1.62070503459624,-4.76605536291741
Q5SWU9,Acaca,201500000.0,105260000.0,1465400,132290000,3.386797,0.19573005029915,0.998030532995944,False,UP,0,25.4243946290896,1.48493661988713,-4.92060291716028
P22892,Ap1g1,457790000.0,222750000.0,550210000,43520000,1.045189,0.47601849144991,0.998030532995944,False,UP,0,27.7278858098599,0.768032911692714,-5.61717349647653
Q9WTX5,Skp1,846530000.0,443420000.0,609560000,409850000,0.293685,0.664588095541011,0.998030532995944,False,NO CHANGE,0,29.0436995770807,0.459407336620431,-5.81132485912817
P80314,Cct2,1853700000.0,564630000.0,1803700000,1006200000,-0.397046,0.614739755399296,0.998030532995944,False,NO CHANGE,0,30.1287683454956,-0.535127550808974,-5.7715845725077
P16675,Ctsa,2754000000.0,2252200000.0,2618500000,2166800000,0.064278,0.881189643676064,0.998030532995944,False,NO CHANGE,0,31.1816453808814,0.156992881988655,-5.9123131727989
P80316,Cct5,910460000.0,816000000.0,1902400000,889830000,-0.594057,0.34511044330098,0.998030532995944,False,DOWN,0,29.9800355694844,-1.03843160763781,-5.38618578576271
P51174,Acadl,1260800000.0,441630000.0,812990000,614380000,0.078368,0.915266849032297,0.998030532995944,False,NO CHANGE,0,29.4357934021453,0.111694875094536,-5.91904117148841
Q9Z1F9,Uba2,1133200000.0,107900000.0,736000000,128400000,0.185837,0.90282375923775,0.998030532995944,False,NO CHANGE,0,28.28851886792,0.128197787876305,-5.91685087119047
Q01405,Sec23a,753890000.0,480620000.0,402030000,386650000,0.61046,0.349998246612446,0.998030532995944,False,UP,0,28.8598202826233,1.02696968221016,-5.39692423756217
Q91YE6,Ipo9,393350000.0,496020000.0,496890000,232890000,0.376818,0.60718785469599,0.998030532995944,False,NO CHANGE,0,28.5301215284255,0.54689626974584,-5.76492276514897
O88544,Cops4,2001200000.0,1490200000.0,1234300000,972780000,0.656246,0.212099740670497,0.998030532995944,False,UP,0,30.3574153256083,1.42297142299013,-4.98962881161111
Q91ZJ5,Ugp2,1770100000.0,1565400000.0,1660900000,959080000,0.399337,0.453853636188927,0.998030532995944,False,NO CHANGE,0,30.4328654777729,0.809411515879371,-5.5851094359292
Q99MN1,Kars,1854300000.0,1577000000.0,1213700000,1171200000,0.520329,0.280361549405945,0.998030532995944,False,NO CHANGE,0,30.4112170171991,1.20503248482524,-5.22225637042197
Q9CWH6,Psma8,764440000.0,140430000.0,712630000,438910000,-0.771412,0.464879306336348,0.998030532995944,False,DOWN,0,28.6732579592779,-0.788648385807921,-5.6013603512324
Q01730,Rsu1,1940200000.0,1388400000.0,1369500000,1306900000,0.294915,0.53882128091151,0.998030532995944,False,NO CHANGE,0,30.4647095207989,0.657739614934628,-5.69605433049712
Q9CZY3,Ube2v1,2327500000.0,2094400000.0,994310000,1713600000,0.75826,0.173378182703056,0.998030532995944,False,UP,0,30.6608818982882,1.57809914461911,-4.81498420412074
O08553,Dpysl2,1625700000.0,3048600000.0,2257600000,2948000000,-0.212659,0.685746421186733,0.998030532995944,False,NO CHANGE,0,31.1582864390882,-0.428183850521097,-5.82609994637633
Q9CY58,Serbp1,120320000.0,105310000.0,45834000,97473000,0.751977,0.441314704112389,0.998030532995944,False,UP,0,26.3701956504936,0.833482879492144,-5.56587032977359
Q99PT1,Arhgdia,6119900000.0,5041100000.0,4594600000,9349200000,-0.238768,0.646803838483039,0.998030532995944,False,NO CHANGE,0,32.490360064219,-0.486053465267268,-5.7979642443527
O35643,Ap1b1,264070000.0,197500000.0,112110000,242640000,0.46952,0.576056885906377,0.998030532995944,False,NO CHANGE,0,27.5320511184917,0.596351930118323,-5.73554333854452
O08795,Prkcsh,2891800000.0,2154200000.0,1157100000,1951900000,0.731864,0.18899735489436,0.998030532995944,False,UP,0,30.8509810215571,1.51186988332171,-4.89028012080242
Q9D8N0,Eef1g,4741900000.0,6239200000.0,3894500000,8593800000,-0.088954,0.871587602699111,0.998030532995944,False,NO CHANGE,0,32.3852430078291,-0.169821254187591,-5.90999951067543
P28352,Apex1,1499500000.0,1126100000.0,1192300000,752870000,0.455798,0.413335623982627,0.998030532995944,False,NO CHANGE,0,30.0473619619266,0.889118898930085,-5.51981955566198
O88958,Gnpda1,2749700000.0,1434700000.0,2010700000,1452100000,0.217092,0.693278966379835,0.998030532995944,False,NO CHANGE,0,30.7788183479635,0.417184778959263,-5.83107551717957
Q9D154,Serpinb1a,2144000000.0,2938900000.0,3066100000,3165100000,-0.311537,0.48005665524293,0.998030532995944,False,NO CHANGE,0,31.3809121061289,-0.760645310806547,-5.62276079247159
Q9R1P1,Psmb3,4218300000.0,2929400000.0,4210300000,4466800000,-0.302949,0.490143615262679,0.998030532995944,False,NO CHANGE,0,31.8624607533778,-0.742383360337108,-5.63639005718268
Q9Z0S1,Bpnt1,1796300000.0,1729300000.0,1404500000,978230000,0.588457,0.250567384617098,0.998030532995944,False,UP,0,30.4207325349654,1.2934045946772,-5.13007247545273
Q99JW2,Acy1,847270000.0,589080000.0,308650000,400710000,1.006378,0.147173901268547,0.998030532995944,False,UP,0,28.892878675309,1.70357263782368,-4.66997048818867
Q9CY64,Blvra,1324200000.0,1071700000.0,773760000,497180000,0.941612,0.134251988574804,0.998030532995944,False,UP,0,29.6790579459418,1.77388152684333,-4.58767471127295
Q9CZU6,Cs,8968400000.0,6062000000.0,6013000000,3138800000,0.763173,0.1847207511536,0.998030532995944,False,UP,0,32.3980884892994,1.52946126267518,-4.87037830991568
O35459,Ech1,3123100000.0,2253300000.0,364630000,303960000,2.99428,0.0016592005792861,0.412694954384432,False,UP,0,29.8077220354312,5.98081630173651,-0.754428738485658
Q01768,Nme2,6401500000.0,4584400000.0,3881300000,7502300000,0.005635,0.991316551294511,0.999971162684518,False,NO CHANGE,0,32.3321068110578,0.0114184671429176,-5.92588281339799
O55023,Impa1,3673500000.0,3935200000.0,4669600000,5083200000,-0.357722,0.381140166139876,0.998030532995944,False,NO CHANGE,0,32.0030099048097,-0.956887072854696,-5.46089553826086
P51660,Hsd17b4,1625800000.0,339760000.0,830770000,112110000,1.284115,0.357092190815073,0.998030532995944,False,UP,0,28.8271642569295,1.01056844366313,-5.41215835964507
Q9D0K2,Oxct1,2419600000.0,1591400000.0,2517100000,910600000,0.374207,0.584051450766205,0.998030532995944,False,NO CHANGE,0,30.6827820959304,0.583500095341215,-5.74339074155137
O08807,Prdx4,7240700000.0,4837600000.0,6491500000,4787600000,0.086283,0.8483788094527,0.998030532995944,False,NO CHANGE,0,32.4194216453395,0.200970845503831,-5.90363583376055
P48759,Ptx3,7786600000.0,5583700000.0,5435100000,3233100000,0.653495,0.211893267209257,0.998030532995944,False,UP,0,32.2917127683892,1.42372434923817,-4.98879667612281
Q80UB0,,19802000000.0,7023600000.0,15127000000,9121400000,0.005738,0.99301622832462,0.999971162684518,False,NO CHANGE,0,33.454376403261,0.0091833601994667,-5.92590836487025
Q62165,Dag1,3484000000.0,5812500000.0,3698000000,4424500000,0.153822,0.742325870084458,0.998030532995944,False,NO CHANGE,0,31.990393626332,0.346895667709437,-5.85999680298825
P10923,Spp1,13482000000.0,42377000000.0,3770000000,40999000000,0.943045,0.490491248503396,0.998030532995944,False,UP,0,34.0049162336285,0.744936049117299,-5.63268525603212
P07141,Csf1,4311800000.0,9815600000.0,4231300000,7352200000,0.222045,0.714360480095571,0.998030532995944,False,NO CHANGE,0,32.4880137811267,0.386703116391054,-5.84423221391118
P97497,Shbg,4108600000.0,2130800000.0,6010000000,2845400000,-0.482977,0.444261984372465,0.998030532995944,False,NO CHANGE,0,31.7038624879405,-0.827779473900549,-5.57046700439031
P11672,Lcn2,20264000000.0,258300000000.0,19708000000,226790000000,0.113914,0.947910556970929,0.998030532995944,False,NO CHANGE,0,36.017271253909,0.0687455329639864,-5.9233097469528
P98063,Bmp1,216950000.0,1265200000.0,108120000,1435800000,0.41112,0.798176872154388,0.998030532995944,False,NO CHANGE,0,28.7591928732471,0.269472730700175,-5.88583644331722
Q07797,Lgals3bp,2372700000.0,3375900000.0,1923000000,2001400000,0.528717,0.264749186784047,0.998030532995944,False,NO CHANGE,0,31.1338953954147,1.25022336549609,-5.17551994124892
Q8BFR4,Gns,1895300000.0,1869200000.0,1298300000,1087800000,0.663405,0.180433812409599,0.998030532995944,False,UP,0,30.478073925478,1.54749440714304,-4.84990141190214
P18406,Cyr61,12959000000.0,14658000000.0,12374000000,22548000000,-0.277334,0.556557021987012,0.998030532995944,False,NO CHANGE,0,33.8207694678638,-0.628172837578702,-5.71548313338259
P21956,Mfge8,2181200000.0,2705300000.0,2141400000,3140200000,-0.09425,0.837062065283313,0.998030532995944,False,NO CHANGE,0,31.2249332049142,-0.216241507711734,-5.90013201385194
Q8BKG3,Ptk7,660840000.0,1966900000.0,369100000,2505200000,0.245644,0.830199701101219,0.998030532995944,False,NO CHANGE,0,29.963679343235,0.225530349139269,-5.89787766958777
Q60972,Rbbp4,4331800000.0,3462000000.0,3838500000,2545300000,0.309097,0.504097140422934,0.998030532995944,False,NO CHANGE,0,31.6960905330749,0.717552329804393,-5.65449877785492
P62334,Psmc6,885430000.0,303650000.0,727420000,316180000,0.112626,0.8963945648226,0.998030532995944,False,NO CHANGE,0,28.8935053415465,0.13674060616403,-5.91559947803109
Q8CDN6,Txnl1,2429400000.0,2631000000.0,1509700000,1429900000,0.783018,0.109053603604934,0.998030532995944,False,UP,0,30.8439497154819,1.93320224659447,-4.39945841968436
Q9Z1Z2,Strap,727740000.0,528990000.0,252150000,533940000,0.757852,0.307734629330803,0.998030532995944,False,UP,0,28.8298306135145,1.13092176296983,-5.29690345304448
P80317,Cct6a,1090300000.0,769970000.0,1879700000,1649200000,-0.942335,0.0978482381546136,0.998030532995944,False,DOWN,0,30.2423198754622,-2.01663605370268,-4.30037847639118
P17918,Pcna,3057500000.0,2104800000.0,2489700000,2208600000,0.113466,0.801143079638117,0.998030532995944,False,NO CHANGE,0,31.183637784253,0.265129269768313,-5.88722939323461
Q9CXW3,Cacybp,983960000.0,781880000.0,501260000,1071900000,0.258945,0.687061393894625,0.998030532995944,False,NO CHANGE,0,29.5787258594039,0.426259453465422,-5.82697914304642
Q9QZE5,Copg1,639860000.0,499030000.0,650900000,281050000,0.40181,0.580495645431084,0.998030532995944,False,NO CHANGE,0,28.8729611486783,0.589202865113192,-5.73992684584939
Q9D1E6,Tbcb,401760000.0,223510000.0,282790000,280900000,0.088443,0.902049197716765,0.998030532995944,False,NO CHANGE,0,28.1145400198074,0.129226385745253,-5.91670444052324
Q920E5,Fdps,3317700000.0,3582900000.0,1975200000,4117800000,0.273719,0.609508222072053,0.998030532995944,False,NO CHANGE,0,31.5461487834612,0.543271234197603,-5.76698841775576
P05063,Aldoc,244050000.0,435010000.0,117440000,202030000,1.080866,0.212622597926323,0.998030532995944,False,UP,0,27.7391044415281,1.42106785980854,-4.9917318774267
Q91XV3,Basp1,1637000000.0,369180000.0,765000000,442980000,0.417303,0.654081089827571,0.998030532995944,False,NO CHANGE,0,29.325426790906,0.475103454242156,-5.80353770351946
Q9WTM5,Ruvbl2,737440000.0,173960000.0,717760000,325690000,-0.43286,0.66354082424185,0.998030532995944,False,NO CHANGE,0,28.6324953181191,-0.46096594963347,-5.81056229596698
Q9CWS0,Ddah1,1199400000.0,1116700000.0,486180000,847520000,0.850336,0.176967568427238,0.998030532995944,False,UP,0,29.6829619309916,1.56238145823939,-4.83294187093295
Q05186,Rcn1,1699400000.0,1334500000.0,458970000,1536300000,0.842697,0.288320121265095,0.998030532995944,False,UP,0,30.0666669795556,1.18285207794687,-5.24486688321616
Q9CYR6,Pgm3,985300000.0,671130000.0,647890000,919530000,0.075255,0.895579730878095,0.998030532995944,False,NO CHANGE,0,29.561374968972,0.137824152355422,-5.91543503123958
Q9CQI3,Gmfb,2143900000.0,763010000.0,110130000,1808600000,1.518929,0.346856375309327,0.998030532995944,False,UP,0,29.4928939236805,1.04018785452745,-5.3824966196238
Q9DBG3,Ap2b1,754820000.0,797130000.0,565140000,889230000,0.129891,0.820004480317893,0.998030532995944,False,NO CHANGE,0,29.4659529095327,0.239373392233044,-5.8943459453047
Q9Z0N1,Eif2s3x,1479400000.0,1424700000.0,740120000,637070000,1.080158,0.06785578605787,0.998030532995944,False,UP,0,29.8951091682771,2.30141015006388,-3.96281915024576
Q8BGR9,Ublcp1,1228100000.0,650330000.0,646840000,454900000,0.720285,0.286194951508472,0.998030532995944,False,UP,0,29.3750463697806,1.18872136425191,-5.23890552589397
Q9CXI5,Manf,2632700000.0,1196000000.0,1327500000,2400900000,-0.008763,0.98892503356446,0.999971162684518,False,NO CHANGE,0,30.7291147787797,-0.0145634758058122,-5.92583747150821
Q9D051,Pdhb,3853400000.0,875380000.0,1060600000,428250000,1.446354,0.167022097714481,0.998030532995944,False,UP,0,30.0512326251908,1.60672744231603,-4.78214611353361
F6ZDS4,Tpr,112410000.0,82854000.0,51428000,63830000,0.752241,0.433324407150913,0.998030532995944,False,UP,0,26.1480112953739,0.849090711769276,-5.55317147835715
P05132;P68181,Prkaca;Prkacb,776320000.0,535730000.0,109010000,433210000,1.569315,0.130643895867326,0.998030532995944,False,UP,0,28.4798459027212,1.7947311101053,-4.56316084485909
Q9D819,Ppa1,1314300000.0,1410800000.0,1140200000,571440000,0.754424,0.22948864467288,0.998030532995944,False,UP,0,29.9655450888637,1.36190777884175,-5.0565287344
O09061,Psmb1,7313200000.0,5489800000.0,6459800000,5380900000,0.10396,0.802162259394979,0.998030532995944,False,NO CHANGE,0,32.5090012046292,0.263732418565677,-5.88763348365758
Q61171,Prdx2,20084000000.0,14220000000.0,14480000000,18848000000,0.032748,0.937070455012675,0.998030532995944,False,NO CHANGE,0,33.9598912343181,0.0828612148219451,-5.9221478699928
P59242,Cgn,262480000.0,108490000.0,298910000,221450000,-0.608461,0.480954790839802,0.998030532995944,False,DOWN,0,27.6345401912166,-0.759008271630159,-5.62399317467594
Q9DBF1,Aldh7a1,3259800000.0,3183000000.0,3137500000,2150100000,0.310576,0.490489740842232,0.998030532995944,False,NO CHANGE,0,31.4296503112936,0.741761459902109,-5.63684958400289
P30681,Hmgb2,714550000.0,988880000.0,102940000,370380000,2.10601,0.0507893573809855,0.998030532995944,False,UP,0,28.5938348372055,2.53166843036115,-3.6938960873082
P63158,Hmgb1,795440000.0,3260800000.0,146350000,712320000,2.318479,0.0820502956212287,0.998030532995944,False,UP,0,29.4256386109208,2.15293015419713,-4.13846777122842
P97372,Psme2,1365700000.0,1727900000.0,904310000,2066000000,0.168465,0.780104914823972,0.998030532995944,False,NO CHANGE,0,30.4324503308736,0.294104924404282,-5.87838101773355
Q62446,Fkbp3,733280000.0,1357400000.0,274830000,423470000,1.548169,0.0562063995113584,0.998030532995944,False,UP,0,29.1199091258262,2.45052896026084,-3.78804583110301
P97371,Psme1,2036400000.0,1925500000.0,1812600000,2785400000,-0.182346,0.69670571165879,0.998030532995944,False,NO CHANGE,0,30.9741526554305,-0.412200324862698,-5.83329064414072
Q9CQ60,Pgls,2350900000.0,2248800000.0,1537300000,2865300000,0.131642,0.796304099435023,0.998030532995944,False,NO CHANGE,0,31.0327162191276,0.271769778023099,-5.88528004414692
Q91W89,Man2c1,313850000.0,129680000.0,177030000,20400000,1.747198,0.237888544010378,0.998030532995944,False,UP,0,26.7143412906914,1.33394061834668,-5.0867572631073
Q9EQU5,Set,3779700000.0,5810300000.0,80791000,5509400000,2.812325,0.21928393659407,0.998030532995944,False,UP,0,30.7196323526634,1.4081711534661,-5.0057181218763
Q8BP92,Rcn2,2342500000.0,2246100000.0,875300000,2465900000,0.642754,0.343665083431174,0.998030532995944,False,UP,0,30.7737115986997,1.04184691014135,-5.38297159298068
A6H630,Armt1,1488700000.0,529120000.0,1355200000,254170000,0.596674,0.58205111647915,0.998030532995944,False,UP,0,29.4268756919862,0.58670558809362,-5.74144729781013
P24472,Gsta4,27434000000.0,32073000000.0,30555000000,49116000000,-0.385139,0.379684379496454,0.998030532995944,False,NO CHANGE,0,34.98051241074,-0.960057425630946,-5.45806638601786
P25785,Timp2,9387000000.0,6730900000.0,6342700000,9880200000,0.005913,0.989690560854751,0.999971162684518,False,NO CHANGE,0,32.8851280876382,0.013556738366499,-5.92585318014846
P01901,H2-K1,2272500000.0,2560100000.0,1316500000,1931500000,0.597026,0.231123041449317,0.998030532995944,False,UP,0,30.8690802684295,1.35639258255043,-5.0625112436317
O88531,Ppt1,6220200000.0,4205200000.0,4347200000,3720600000,0.346757,0.440162061765157,0.998030532995944,False,NO CHANGE,0,32.0785421418446,0.835721179295698,-5.56405994069774
Q9WVJ3,Cpq,3375100000.0,2986600000.0,2711900000,2459100000,0.298,0.477630188918934,0.998030532995944,False,NO CHANGE,0,31.4150700191718,0.765079032279389,-5.61941259994094
P12804,Fgl2,491820000.0,431210000.0,563990000,164700000,0.595505,0.49604472348819,0.998030532995944,False,UP,0,28.480932553317,0.731822513808167,-5.64415197427702
Q8VC30,Dak,1246500000.0,185640000.0,977450000,98833000,0.630115,0.683535273238638,0.998030532995944,False,UP,0,28.5265263151036,0.431423884573665,-5.8246113887485
Q9QZF2,Gpc1,1419900000.0,634140000.0,1103200000,751830000,0.059245,0.927425955887831,0.998030532995944,False,NO CHANGE,0,29.7920616953249,0.0956035435593426,-5.92088805966958
Q78PY7,Snd1,260350000.0,126650000.0,96146000,222200000,0.313071,0.734982859260482,0.998030532995944,False,NO CHANGE,0,27.279539019954,0.35728338179074,-5.85603930007253
Q9QWR8,Naga,1316600000.0,1157400000.0,616410000,309010000,1.500009,0.0512528972268417,0.998030532995944,False,UP,0,29.4512009179082,2.52436646608207,-3.70233762060479
O09172,Gclm,1140800000.0,1385700000.0,1204300000,1551800000,-0.120738,0.801524143507427,0.998030532995944,False,NO CHANGE,0,30.2880524272311,-0.264606926189612,-5.8873807429965
Q61001,Lama5,46346000.0,39608000.0,20209000,55348000,0.357354,0.772776637809386,0.998030532995944,False,NO CHANGE,0,25.1739381153044,0.304265097750252,-5.87506877338269
Q99L47,St13,3002500000.0,1662000000.0,224010000,784060000,2.414207,0.0255133189772106,0.998030532995944,False,UP,0,29.8497917628835,3.10409927030004,-3.05648273926771
Q05816,Fabp5,568130000.0,428920000.0,213960000,523360000,0.560892,0.469675409058593,0.998030532995944,False,NO CHANGE,0,28.5984433711398,0.779728790098791,-5.60824193212724
P80313,Cct7,1250800000.0,1388300000.0,2187200000,1900500000,-0.629647,0.193185465866493,0.998030532995944,False,DOWN,0,30.6102615173736,-1.49500988572125,-4.90928345143307
Q9CYA0,Creld2,1280400000.0,536070000.0,1048800000,456820000,0.259325,0.73830955729484,0.998030532995944,False,NO CHANGE,0,29.4962341533714,0.352571814925589,-5.85784805209624
P46471,Psmc2,649410000.0,932930000.0,311460000,324670000,1.291439,0.0744433384866291,0.998030532995944,False,UP,0,28.8901546125082,2.22876975972137,-4.04859908999072
Q9JMA1,Usp14,1446800000.0,598760000.0,916250000,863130000,0.065726,0.919479606342442,0.998030532995944,False,NO CHANGE,0,29.7609474100347,0.106116075584131,-5.91971380442699
Q9CQM9,Glrx3,1387500000.0,1467500000.0,224420000,2208800000,1.019156,0.405339607441136,0.998030532995944,False,UP,0,29.9006989103893,0.905550570601297,-5.50581023869628
P14685,Psmd3,1190600000.0,517880000.0,1331900000,396230000,0.112241,0.897230651260717,0.998030532995944,False,NO CHANGE,0,29.4924214384198,0.135628997271644,-5.91576684535572
Q64669,Nqo1,710080000.0,1095900000.0,687060000,1102000000,0.019769,0.973168771978008,0.999971162684518,False,NO CHANGE,0,29.7065533188423,0.0352900594111881,-5.92526417432623
A6H5Y3,Mtr,156300000.0,52788000.0,173240000,20882000,0.594748,0.683186940082674,0.998030532995944,False,UP,0,26.1393506510071,0.431934778280204,-5.82437572243538
Q99KQ4,Nampt,1080700000.0,1322600000.0,1334500000,872980000,0.147512,0.777623768438576,0.998030532995944,False,NO CHANGE,0,30.0812685312179,0.297540823238867,-5.87727303704451
Q9CPW4,Arpc5,1601300000.0,1366400000.0,273600000,1327900000,1.295168,0.187665457782652,0.998030532995944,False,UP,0,29.8145803890403,1.51730702032787,-4.88413681503959
Q9EST5,Anp32b,2659900000.0,4034600000.0,86092000,1636100000,3.125757,0.0833539452891832,0.998030532995944,False,UP,0,30.046373248873,2.16937782719365,-4.1317254751359
P26516,Psmd7,1060400000.0,944070000.0,607790000,753490000,0.564135,0.309592179458535,0.998030532995944,False,NO CHANGE,0,29.61607271129,1.12610395452505,-5.30166452487513
P55302,Lrpap1,731840000.0,319570000.0,687650000,754590000,-0.574854,0.416136172809268,0.998030532995944,False,NO CHANGE,0,29.1366816793992,-0.883422247595754,-5.52463370683307
Q9CZ30,Ola1,765330000.0,453890000.0,370210000,214080000,1.065965,0.173102683037744,0.998030532995944,False,UP,0,28.6016543947536,1.57931860471534,-4.8135887895343
P00493,Hprt1,3736600000.0,3677700000.0,3967900000,6564700000,-0.461287,0.334667790909867,0.998030532995944,False,NO CHANGE,0,32.0182615246403,-1.06338190746271,-5.36255418271231
Q8C878,Uba3,808020000.0,503330000.0,470980000,199450000,1.057101,0.20090631281793,0.998030532995944,False,UP,0,28.7198218874109,1.46482603704498,-4.94312171957579
O54724,Ptrf,589100000.0,580360000.0,80565000,185530000,2.257792,0.0278269157464377,0.998030532995944,False,UP,0,27.9942593232492,3.02960496115837,-3.13636980823044
Q9D8Y0,Efhd2,2306000000.0,1647700000.0,1700700000,2799600000,-0.162752,0.748512776397742,0.998030532995944,False,NO CHANGE,0,30.9416517272929,-0.338177228704556,-5.86323256876239
P48428,Tbca,1439500000.0,832660000.0,979710000,943260000,0.187607,0.733685473131755,0.998030532995944,False,NO CHANGE,0,29.9342331741073,0.359123355599218,-5.85532675769137
P61161,Actr2,2219500000.0,2473700000.0,2012900000,3070100000,-0.085328,0.852564943213825,0.998030532995944,False,NO CHANGE,0,31.1684694553083,-0.195336381046921,-5.90486495435987
P28474,Adh5,1503700000.0,1608400000.0,1280500000,711910000,0.703834,0.227642776461461,0.998030532995944,False,UP,0,30.1825071121164,1.36818065334148,-5.04971186575437
Q8BGF3,Wdr92,734710000.0,201280000.0,130710000,149600000,1.45945,0.158506501257078,0.998030532995944,False,UP,0,27.7888893672615,1.64680455457557,-4.73591507128663
Q8R146,Apeh,1329100000.0,702860000.0,521820000,358090000,1.16087,0.11682633152593,0.998030532995944,False,UP,0,29.2677971525751,1.8803629832858,-4.46207504814074
P61089,Ube2n,3000400000.0,1396000000.0,665680000,1880400000,0.871257,0.275538463236237,0.998030532995944,False,UP,0,30.494951379848,1.21874783140356,-5.2081650156509
O35864,Cops5,1297800000.0,956290000.0,844540000,394990000,0.947731,0.181399262038664,0.998030532995944,False,UP,0,29.5792813189691,1.54339730915268,-4.85456024611755
O89079,Cope,932110000.0,1032100000.0,509880000,568050000,0.865918,0.148019608697854,0.998030532995944,False,UP,0,29.4364714456822,1.69918877621146,-4.67508038029719
Q8C0M9,Asrgl1,1203000000.0,303180000.0,755990000,248470000,0.47865,0.640950252671788,0.998030532995944,False,NO CHANGE,0,28.9304692958743,0.494909750505131,-5.79337233292895
Q64442,Sord,1093500000.0,514770000.0,241270000,290920000,1.501769,0.0728392956523824,0.998030532995944,False,UP,0,28.7319448375344,2.24580889544228,-4.02844778831027
P27612,Plaa,356080000.0,225920000.0,338710000,1261900000,-1.204781,0.213184448147247,0.998030532995944,False,DOWN,0,28.6818221749558,-1.41902724980432,-4.99398514641246
O70251,Eef1b,1692700000.0,2049900000.0,1294200000,3049900000,-0.092971,0.875163398234994,0.998030532995944,False,NO CHANGE,0,30.8412784440063,-0.165040231160934,-5.9108827895927
Q8R3Q6,Ccdc58,392900000.0,216440000.0,36619000,179150000,1.848148,0.138335802269841,0.998030532995944,False,UP,0,27.1954151733786,1.75095333247897,-4.6145783048207
Q9CZC8,Scrn1,976010000.0,502830000.0,424100000,740230000,0.322294,0.64173177485432,0.998030532995944,False,NO CHANGE,0,29.2227609454719,0.493724787518201,-5.79399107064372
P49722,Psma2,5610800000.0,5076900000.0,4687200000,5978400000,0.011834,0.976608982677339,0.999971162684518,False,NO CHANGE,0,32.3075128824984,0.0307634568994026,-5.92543005335504
Q8CHP8,Pgp,3680500000.0,2005500000.0,2597400000,1468000000,0.476472,0.418404965026723,0.998030532995944,False,NO CHANGE,0,31.1010488319944,0.878828955384454,-5.52849925684174
Q99JF8,Psip1,360130000.0,264570000.0,129240000,171150000,1.053427,0.193257590196367,0.998030532995944,False,UP,0,27.6747950629146,1.49472262039245,-4.90960661625713
P51859,Hdgf,2175300000.0,1906600000.0,806560000,1127000000,1.094938,0.0601807752909084,0.998030532995944,False,UP,0,30.3759923193011,2.39619783730412,-3.85148612397147
Q8BVI4,Qdpr,2490300000.0,2222600000.0,2320100000,2659100000,-0.078279,0.851801810433086,0.998030532995944,False,NO CHANGE,0,31.1707760798944,-0.19636299130011,-5.90464356848908
Q61937,Npm1,1034600000.0,3191800000.0,267090000,2539100000,1.141864,0.399172888890013,0.998030532995944,False,UP,0,30.1881424622345,0.922817371922806,-5.48891549162869
Q60597,Ogdh,261950000.0,20444000.0,212760000,47101000,-0.452008,0.784610623872532,0.998030532995944,False,NO CHANGE,0,26.3509491092825,-0.287875772431776,-5.88035806730431
Q61584,Fxr1,59845000.0,2574800.0,20292000,61702000,-1.511233,0.471930751424733,0.998030532995944,False,DOWN,0,24.3209944927953,-0.775557220946759,-5.61143957421918
Q8BIJ6,Iars2,187130000.0,44750000.0,62742000,109710000,0.141401,0.900857228607824,0.998030532995944,False,NO CHANGE,0,26.3767244860837,0.13080960838058,-5.91647678285085
Q9QXD6,Fbp1,1106500000.0,23379000.0,1104500000,88130000,-0.955905,0.68587080731358,0.998030532995944,False,DOWN,0,27.7389855833794,-0.42939320108828,-5.8247220712282
Q60963,Pla2g7,2201100000.0,1362800000.0,1943500000,1406900000,0.066811,0.895899786905205,0.998030532995944,False,NO CHANGE,0,30.656346713783,0.137398526844729,-5.91549978082398
P28654,Dcn,4637000000.0,13484000000.0,4044700000,10661000000,0.268032,0.731530182667283,0.998030532995944,False,NO CHANGE,0,32.7465208335384,0.362183158643793,-5.85413414842808
Q9WTM3,Sema6c,1449700000.0,528790000.0,625990000,172220000,1.414993,0.180594789329275,0.998030532995944,False,UP,0,28.9981171775746,1.54680979284978,-4.85068015374688
Q06335,Aplp2,1484800000.0,724280000.0,1564100000,1953300000,-0.753179,0.224962529703247,0.998030532995944,False,DOWN,0,30.3263864431029,-1.37737386892551,-5.03969772307061
O35684,Serpini1,1617800000.0,1419500000.0,1437200000,424940000,0.955412,0.235797163997097,0.998030532995944,False,UP,0,30.0193548572339,1.34081729472935,-5.07934982474529
Q61554,Fbn1,93057000.0,760270000.0,94804000,396770000,0.455688,0.743900967178776,0.998030532995944,False,NO CHANGE,0,27.7589300665692,0.344673189214372,-5.86082910255005
Q9CZT5,Vasn,2318500000.0,1465200000.0,1594800000,1321600000,0.344314,0.495516129059818,0.998030532995944,False,NO CHANGE,0,30.6073404627836,0.732764900679881,-5.64346294686885
Q811B1,Xylt1,482790000.0,66285000.0,336920000,36983000,0.680405,0.673743398962033,0.998030532995944,False,UP,0,27.0742973505331,0.445835628582392,-5.81786469135181
Q99M71,Epdr1,1795000000.0,1205000000.0,1669000000,1006800000,0.182128,0.738288671984728,0.998030532995944,False,NO CHANGE,0,30.3627973706902,0.35260136601747,-5.8578367785895
Q62181,Sema3c,330040000.0,549560000.0,305160000,464110000,0.178443,0.796232309055985,0.998030532995944,False,NO CHANGE,0,28.5766623934981,0.271868400973769,-5.88525074038775
P62983;P62984;P0CG49;P0CG50,Rps27a;Uba52;Ubb;Ubc,11116000000.0,9497700000.0,13568000000,12609000000,-0.348187,0.37589249270555,0.998030532995944,False,NO CHANGE,0,33.432518391172,-0.968361477043183,-5.45062625167199
Q64191,Aga,2106300000.0,1215800000.0,1059300000,1629500000,0.284538,0.611647120758159,0.998030532995944,False,NO CHANGE,0,30.4333922131729,0.539936825286527,-5.76887773412886
Q99K51,Pls3,899090000.0,1748700000.0,452230000,1591100000,0.563834,0.504549331057525,0.998030532995944,False,NO CHANGE,0,29.9418461960318,0.716755681880537,-5.65507157330449
Q60631,Grb2,1324200000.0,955530000.0,587440000,1118400000,0.472772,0.443747945493446,0.998030532995944,False,NO CHANGE,0,29.8307138003931,0.828772167387429,-5.56966863489232
P63330,Ppp2ca,262120000.0,275220000.0,1108200000,906720000,-1.899995,0.0181031494418273,0.998030532995944,False,DOWN,0,28.9508288152729,-3.40624485954323,-2.74303087769037
Q06138,Cab39,1851800000.0,1152100000.0,1145000000,201240000,1.605429,0.147452396814006,0.998030532995944,False,UP,0,29.6412355627475,1.70212624576194,-4.67165672554733
P14602,Hspb1,381760000.0,251620000.0,213900000,315150000,0.255469,0.723916099426184,0.998030532995944,False,NO CHANGE,0,28.0796466822691,0.373024569133312,-5.84983151004982
P63087,Ppp1cc,586030000.0,276370000.0,813270000,599340000,-0.794767,0.278701225054694,0.998030532995944,False,DOWN,0,28.9815959090066,-1.20973005733384,-5.21743934738847
Q9D1P4,Chordc1,600090000.0,274340000.0,224830000,265710000,0.731228,0.352626184512248,0.998030532995944,False,UP,0,28.2303824979881,1.02086205400619,-5.40261552628833
P53994,Rab2a,570790000.0,354770000.0,477470000,554730000,-0.193676,0.760798045814196,0.998030532995944,False,NO CHANGE,0,28.842184738177,-0.320952861468607,-5.86939394703022
P62141,Ppp1cb,1403300000.0,1344000000.0,317830000,291910000,2.172717,0.008186638736799,0.99160661699478,False,UP,0,29.2686726924155,4.15983185620394,-2.03835696850741
Q8BWY3,Etf1,1492800000.0,739930000.0,245880000,918030000,1.145421,0.229342126956826,0.998030532995944,False,UP,0,29.3963831264169,1.36240397703491,-5.05598998703123
P61087,Ube2k,1167000000.0,647400000.0,615710000,820410000,0.290397,0.63459978678307,0.998030532995944,False,NO CHANGE,0,29.5499212837495,0.504568101441237,-5.78827928924345
P53996,Cnbp,1144500000.0,1410400000.0,1120000000,908620000,0.332787,0.508033256263769,0.998030532995944,False,NO CHANGE,0,30.0763702393724,0.710634335676196,-5.65945573152867
P60335,Pcbp1,2221100000.0,1345900000.0,1530500000,1011000000,0.47503,0.396145020725383,0.998030532995944,False,NO CHANGE,0,30.4497607571405,0.924762142841748,-5.48920244786607
Q8CAY6,Acat2,1660900000.0,1683700000.0,446370000,958170000,1.354467,0.0624653746403827,0.998030532995944,False,UP,0,29.961919313904,2.36668690709125,-3.88606501354521
O08677,Kng1,194140000.0,224210000.0,97136000,215410000,0.528392,0.536974909863709,0.998030532995944,False,NO CHANGE,0,27.3722025669923,0.660853931073525,-5.69396432780053
Q9CZD3,Gars,651020000.0,301090000.0,743990000,27093000,1.640811,0.366701860156675,0.998030532995944,False,UP,0,27.9014677453729,0.988773747418412,-5.43215672071929
Q00612,G6pdx,531030000.0,551520000.0,444320000,3519300000,-1.208305,0.299710696719965,0.998030532995944,False,DOWN,0,29.6156803212604,-1.15202727154276,-5.27591117784494
P97351,Rps3a,314340000.0,202200000.0,67637000,343580000,0.725789,0.509555023072311,0.998030532995944,False,UP,0,27.5465846341553,0.707969621079253,-5.66135472314812
Q11136,Pepd,2032900000.0,2611500000.0,2495400000,741330000,0.76048,0.318653298729343,0.998030532995944,False,UP,0,30.7213220651124,1.10295414406181,-5.32437770389519
Q9QZD9,Eif3i,721220000.0,508230000.0,683050000,386920000,0.235947,0.717574524068764,0.998030532995944,False,NO CHANGE,0,29.0554116179739,0.382093089746005,-5.84614053178994
O35737;P70333,Hnrnph1;Hnrnph2,250730000.0,274210000.0,115290000,232510000,0.679428,0.407830855765491,0.998030532995944,False,UP,0,27.6264187489071,0.90040419688677,-5.51021748383599
Q91WQ3,Yars,908020000.0,971680000.0,504820000,1043300000,0.372177,0.553463025299839,0.998030532995944,False,NO CHANGE,0,29.6209389029109,0.633286431069537,-5.71217678912611
P97315,Csrp1,1312400000.0,1175300000.0,719390000,558490000,0.970394,0.105170886483744,0.998030532995944,False,UP,0,29.7247743341624,1.96106619999765,-4.36638955736053
Q8VDW0,Ddx39a,278500000.0,53719000.0,145840000,52770000,0.479503,0.700455999069346,0.998030532995944,False,NO CHANGE,0,26.6262642682238,0.406758774952309,-5.83568056520908
P50516,Atp6v1a,1020800000.0,1124200000.0,1140200000,1214000000,-0.135228,0.776951723940393,0.998030532995944,False,NO CHANGE,0,30.0642664245908,-0.298472180152018,-5.87697056331622
Q60715,P4ha1,662220000.0,801980000.0,116010000,221100000,2.185964,0.0223262609719228,0.998030532995944,False,UP,0,28.3478810183673,3.22010168582675,-2.93410392129632
P62821,Rab1A,1183800000.0,843140000.0,1096000000,981270000,-0.05385,0.916411175035457,0.998030532995944,False,NO CHANGE,0,29.9229126862405,-0.11017908553306,-5.91922732171458
Q9Z2N8,Actl6a,567510000.0,191460000.0,335550000,140480000,0.602398,0.530764300643159,0.998030532995944,False,UP,0,27.9950700930173,0.671381735497534,-5.68683844745041
P23591,Tsta3,1201400000.0,399100000.0,604210000,397720000,0.498296,0.535676276535111,0.998030532995944,False,NO CHANGE,0,29.1179742882487,0.663048596200569,-5.69248656123704
P47753,Capza1,2729900000.0,2089700000.0,1782300000,1891100000,0.379589,0.402342291777183,0.998030532995944,False,NO CHANGE,0,30.9636303026314,0.911775297905893,-5.50045589160345
Q62188,Dpysl3,320380000.0,798910000.0,724400000,912910000,-0.684721,0.353019182957798,0.998030532995944,False,DOWN,0,29.2566938243351,-1.01995192672164,-5.40346176313101
Q6P1B1,Xpnpep1,1569600000.0,1376100000.0,1043800000,2312400000,-0.080127,0.890545777566918,0.998030532995944,False,NO CHANGE,0,30.4929074901018,-0.144522505994407,-5.91438986336859
P99029,Prdx5,2620400000.0,2406800000.0,309030000,2727900000,1.451647,0.228610804558656,0.998030532995944,False,UP,0,30.4999810735403,1.36488509573628,-5.05329486676989
Q9DC23,Dnajc10,562600000.0,232210000.0,457990000,48096000,1.284117,0.35826650855431,0.998030532995944,False,UP,0,27.7871359022623,1.00787943679322,-5.41464100574227
Q60598,Cttn,283430000.0,259020000.0,82845000,158790000,1.240225,0.165612019451933,0.998030532995944,False,UP,0,27.3933403995657,1.6132229546871,-4.77467315651867
P16045,Lgals1,10421000000.0,5735200000.0,11467000000,9495600000,-0.432705,0.382387796814916,0.998030532995944,False,NO CHANGE,0,33.0643380734712,-0.954177772269692,-5.46330824996995
Q9D2M8,Ube2v2,207720000.0,163980000.0,50573000,234590000,0.76079,0.487962865581643,0.998030532995944,False,UP,0,27.0791099539483,0.746308763288957,-5.63348250983871
Q8R164,Bphl,431700000.0,414220000.0,400770000,240160000,0.446828,0.516776813099413,0.998030532995944,False,NO CHANGE,0,28.4322239358095,0.695397529772544,-5.67023593797006
P61327;Q9CQL1,Magoh;Magohb,2120900000.0,791010000.0,319400000,1591100000,0.861492,0.412142536409481,0.998030532995944,False,UP,0,29.8398291458501,0.891554875043603,-5.51775420456849
Q9JJU8,Sh3bgrl,1641800000.0,1072900000.0,2010000000,3070300000,-0.904391,0.120758882512342,0.998030532995944,False,DOWN,0,30.7579451384527,-1.85498456558641,-4.49209227917026
P47968,Rpia,571550000.0,926790000.0,605720000,512780000,0.385066,0.528759039016769,0.998030532995944,False,NO CHANGE,0,29.2464530671116,0.674798384000032,-5.68450579603371
Q9JK81,Myg1,905700000.0,628320000.0,373410000,664600000,0.598643,0.369990061224248,0.998030532995944,False,UP,0,29.1913696634699,0.981423410540831,-5.43883685406002
Q9D7X8,Ggct,532610000.0,141840000.0,340590000,143060000,0.316344,0.756386986228266,0.998030532995944,False,NO CHANGE,0,27.8759248543477,0.327124209355226,-5.86722177780436
P70195,Psmb7,3900100000.0,3212700000.0,13850000000,2185100000,-0.636108,0.515121064263817,0.998030532995944,False,DOWN,0,32.0390555443342,-0.69826930553925,-5.6682186630799
P00375,Dhfr,535660000.0,623980000.0,395690000,613490000,0.230703,0.708803429708479,0.998030532995944,False,NO CHANGE,0,28.9914817064677,0.394696422470819,-5.8408724554464
Q9DAK9,Phpt1,821390000.0,303960000.0,414480000,470340000,0.178471,0.813993902213159,0.998030532995944,False,NO CHANGE,0,28.8071636056371,0.247559777639304,-5.89216074706995
Q3TCN2,Plbd2,1346600000.0,1231300000.0,1191100000,1228800000,0.08998,0.845923569448597,0.998030532995944,False,NO CHANGE,0,30.21711493956,0.204279060973061,-5.90289815481541
Q8BH97,Rcn3,2467000000.0,2131600000.0,1502000000,3352200000,0.031351,0.9556688479798,0.998429233091565,False,NO CHANGE,0,31.0790247271929,0.0583320233716927,-5.92406767954391
A3KMP2,Ttc38,496980000.0,1198100000.0,1011500000,86273000,1.385229,0.333637318476216,0.998030532995944,False,UP,0,28.8307421745564,1.06587932738141,-5.36016976392575
Q9WTP6,Ak2,2126800000.0,1579200000.0,1888800000,1485100000,0.129924,0.780949640170709,0.998030532995944,False,NO CHANGE,0,30.7063299270002,0.292936077685608,-5.87875510779702
P35505,Fah,759290000.0,458540000.0,392430000,466420000,0.463817,0.475974731095684,0.998030532995944,False,NO CHANGE,0,28.9043656555204,0.768113214670123,-5.61711253113783
Q9Z2U1,Psma5,7011800000.0,5635800000.0,6109400000,8148700000,-0.166598,0.691232071790673,0.998030532995944,False,NO CHANGE,0,32.6328543239826,-0.42016784763442,-5.82973797364177
O35143,Atpif1,571930000.0,409390000.0,421970000,340770000,0.351688,0.584426597688201,0.998030532995944,False,NO CHANGE,0,28.6742380619706,0.582899678154008,-5.74375373903725
P49312,Hnrnpa1,3055200000.0,4891200000.0,2159800000,4391100000,0.327988,0.566565950212072,0.998030532995944,False,NO CHANGE,0,31.6840867028761,0.61175362373527,-5.72594528189379
Q8K4Z3,Apoa1bp,2686100000.0,1894300000.0,989940000,1855700000,0.734901,0.215406554388254,0.998030532995944,False,UP,0,30.7034914371562,1.41100602119816,-5.00283009192624
Q60668,Hnrnpd,1977300000.0,2591300000.0,1328100000,2521000000,0.306924,0.570343952974707,0.998030532995944,False,NO CHANGE,0,30.9224947846534,0.605603597999862,-5.72980305519139
Q99LP6,Grpel1,1780200000.0,1016900000.0,1771700000,927780000,0.069614,0.908747287854998,0.998030532995944,False,NO CHANGE,0,30.2906543873036,0.120336729214367,-5.91793156857726
P35979,Rpl12,4388600000.0,5456800000.0,3900500000,6160400000,-0.002434,0.995717714313923,0.999971162684518,False,NO CHANGE,0,32.1894776168658,-0.0056309630701205,-5.92593756734339
P00015,Cyct,329600000.0,143730000.0,1004200000,235920000,-1.161097,0.282677605287105,0.998030532995944,False,DOWN,0,28.2780122376847,-1.1985207487789,-5.22891742957342
P20108,Prdx3,7267000000.0,5647300000.0,7016900000,6846800000,-0.113671,0.776055538621611,0.998030532995944,False,NO CHANGE,0,32.6336490671665,-0.299714636814276,-5.87656563649639
P97311,Mcm6,182730000.0,0.0,31147000,0,1.060521,0.676631097254868,0.998030532995944,False,NO CHANGE,2,23.9720142305474,0.441574565860078,-5.81988075708725
O89017,Lgmn,22891000000.0,10688000000.0,18583000000,10313000000,0.176162,0.762654663493233,0.998030532995944,False,NO CHANGE,0,33.7765859224743,0.318359622610738,-5.87029487862015
P11859,Agt,3501900000.0,5644500000.0,2943700000,3183100000,0.53846,0.266742647635686,0.998030532995944,False,NO CHANGE,0,31.7806145560879,1.24432217646181,-5.18167224020875
Q9WUU7,Ctsz,3387900000.0,3613900000.0,4308500000,2662600000,0.046963,0.918078764784334,0.998030532995944,False,NO CHANGE,0,31.6808451718624,0.107970712060951,-5.9194939967005
O88668,Creg1,488960000.0,611080000.0,363470000,510070000,0.344273,0.582942074713248,0.998030532995944,False,NO CHANGE,0,28.8538270728761,0.585277015503819,-5.74231456055391
Q9Z0L8,Ggh,1706400000.0,1783800000.0,2276000000,1670200000,-0.160306,0.723446772946324,0.998030532995944,False,NO CHANGE,0,30.7804606459158,-0.373694481002386,-5.84956170941746
Q02853,Mmp11,635430000.0,338450000.0,409310000,321900000,0.353435,0.612499156695868,0.998030532995944,False,NO CHANGE,0,28.6120453621634,0.538610443062394,-5.76962641493693
O88393,Tgfbr3,564810000.0,858430000.0,647940000,1157200000,-0.31448,0.6167018532492,0.998030532995944,False,NO CHANGE,0,29.5323979277886,-0.532083590772052,-5.77328671796442
A2A8L5,Ptprf,235360000.0,576800000.0,131120000,486370000,0.544999,0.589108784031745,0.998030532995944,False,NO CHANGE,0,28.1843953390634,0.575425565900122,-5.7482452142733
B9EKR1,Ptprz1,542550000.0,140240000.0,303090000,20366000,1.811837,0.291321335066963,0.998030532995944,False,UP,0,27.1333334623178,1.17462796752791,-5.25319326064781
Q9Z2L6,Minpp1,1638200000.0,1343100000.0,2067600000,1508600000,-0.251745,0.596966967266509,0.998030532995944,False,NO CHANGE,0,30.5920642694801,-0.562961902125542,-5.75562259586592
P30412,Ppic,3110200000.0,9746800000.0,2677300000,20434000000,-0.425871,0.722547932469662,0.998030532995944,False,NO CHANGE,0,32.5712564890701,-0.376151052064112,-5.84791496134909
Q9Z0J0,Npc2,6055600000.0,5161400000.0,5868400000,8765600000,-0.359394,0.420866263337522,0.998030532995944,False,NO CHANGE,0,32.5600659565293,-0.873867596727107,-5.53265825010655
Q9JHQ5,Lztfl1,523210000.0,37113000.0,624160000,189080000,-1.301763,0.414107389939033,0.998030532995944,False,DOWN,0,27.7049995886683,-0.887546057147486,-5.52115095153294
P32507,Pvrl2,880800000.0,840740000.0,616880000,599790000,0.500513,0.366862921544289,0.998030532995944,False,NO CHANGE,0,29.4304051403744,0.988412466809238,-5.43248582568321
B2RXS4,Plxnb2,453690000.0,481880000.0,8910000000,595440000,-2.300464,0.144658756156304,0.998030532995944,False,DOWN,0,29.9508473723862,-1.73410771225349,-4.63812144267802
Q60648,Gm2a,7582100000.0,3449100000.0,7737700000,8381600000,-0.655157,0.251270320230213,0.998030532995944,False,DOWN,0,32.5793398312879,-1.29121258524438,-5.13239721838801
P29391;P49945,Ftl1;Ftl2,910840000.0,2747900000.0,699700000,1061400000,0.876411,0.259177064363372,0.998030532995944,False,UP,0,30.1209468311539,1.26693354341951,-5.15802111294354
P60521,Gabarapl2,342970000.0,232120000.0,349460000,349890000,-0.309538,0.65065226006598,0.998030532995944,False,NO CHANGE,0,28.226670255307,-0.480254584888146,-5.80093019359992
Q60872,Eif1a,28489000.0,12549000.0,0,11512000,1.814324,0.272807846048059,0.998030532995944,False,NO CHANGE,1,23.2653231993858,1.2266080520855,-5.20005227622039
Q60973,Rbbp7,533460000.0,781980000.0,266030000,407880000,0.971389,0.177082907856965,0.998030532995944,False,UP,0,28.7809861396965,1.56188155389343,-4.83351215531839
P09528,Fth1,1775000000.0,1448000000.0,1382100000,1871200000,-0.004473,0.992382856372446,0.999971162684518,False,NO CHANGE,0,30.5805294533906,-0.0100162489996109,-5.92589949141757
P70122,Sbds,272910000.0,699300000.0,304780000,418480000,0.290705,0.709078555051479,0.998030532995944,False,NO CHANGE,0,28.5572406775972,0.394299996521634,-5.84104060144571
Q61699,Hsph1,106140000.0,45046000.0,66319000,260550000,-0.926808,0.432580496043568,0.998030532995944,False,DOWN,0,26.5065482028752,-0.850554866035213,-5.55197129006819
P53811,Pitpnb,219560000.0,339780000.0,116510000,234520000,0.724526,0.391211344994328,0.998030532995944,False,UP,0,27.6627699910941,0.935216363688113,-5.48006347523623
Q9EPL8,Ipo7,534210000.0,674690000.0,224440000,703100000,0.595786,0.470077809397255,0.998030532995944,False,UP,0,28.8633476275198,0.778983433832107,-5.60881424629886
P63085,Mapk1,623700000.0,821400000.0,259150000,867620000,0.594043,0.47461893906222,0.998030532995944,False,UP,0,29.1178717365316,0.770603811866488,-5.61521922567296
Q9D0R2,Tars,966990000.0,978750000.0,418750000,76129000,2.445917,0.04972300749489,0.998030532995944,False,UP,0,28.6346869080928,2.54874453158162,-3.67418036491332
P62137,Ppp1ca,160190000.0,89253000.0,465960000,176390000,-1.261609,0.203473105851537,0.998030532995944,False,DOWN,0,27.4641076447689,-1.45503616059297,-4.95404429654768
Q61576,Fkbp10,1200800000.0,1565700000.0,979840000,965080000,0.495733,0.331170046948559,0.998030532995944,False,NO CHANGE,0,30.1048884107672,1.07188551170792,-5.35442140245289
Q8BMJ3,Eif1ax,513870000.0,538490000.0,66174000,370300000,1.748646,0.138462162573661,0.998030532995944,False,UP,0,28.0962632405498,1.75025479165672,-4.61539701414976
P62869,Tceb2,619890000.0,363640000.0,86060000,311960000,1.534874,0.144330576205937,0.998030532995944,False,UP,0,28.0552494930043,1.71849788153537,-4.65255331362287
P46638;P62492,Rab11b;Rab11a,2497900000.0,1316700000.0,1710300000,1617200000,0.124947,0.812580906700806,0.998030532995944,False,NO CHANGE,0,30.6937003324471,0.249487092349873,-5.89163586730905
Q60739,Bag1,164830000.0,84729000.0,231880000,110170000,-0.435602,0.638356262977471,0.998030532995944,False,NO CHANGE,0,27.0341788604041,-0.498848514947069,-5.79130605691893
O08810,Eftud2,167330000.0,101830000.0,52955000,91594000,0.906347,0.348403146611637,0.998030532995944,False,UP,0,26.5066804076246,1.03069547229338,-5.39344186318042
Q9CWJ9,Atic,809340000.0,542270000.0,437670000,850430000,0.118861,0.857056659972866,0.998030532995944,False,NO CHANGE,0,29.2438730707683,0.189298759167085,-5.90614382822408
Q9R0P3,Esd,1997500000.0,3116500000.0,1307000000,2468800000,0.474027,0.409184204545731,0.998030532995944,False,NO CHANGE,0,30.9794006850004,0.897618759072024,-5.51259546063145
Q9QZ08,Nagk,380190000.0,126900000.0,158060000,102840000,0.784769,0.417834576775845,0.998030532995944,False,UP,0,27.318246379985,0.87998192395076,-5.52753032140127
Q9D0I8,Mrto4,175860000.0,57177000.0,51427000,13246000,1.941854,0.180774355539116,0.998030532995944,False,UP,0,25.6084649527487,1.54604681806579,-4.8515479058453
P97494,Gclc,816830000.0,360840000.0,233380000,711360000,0.414067,0.641302588373472,0.998030532995944,False,NO CHANGE,0,28.8090887371664,0.4943754326217,-5.79365149705923
Q99KR3,Lactb2,674860000.0,352520000.0,397260000,401700000,0.288046,0.671912104926614,0.998030532995944,False,NO CHANGE,0,28.7175485974172,0.448542692670799,-5.81657462069015
P47754,Capza2,796350000.0,1203100000.0,946000000,490470000,0.523041,0.42247035991799,0.998030532995944,False,NO CHANGE,0,29.6049478537131,0.870646143876983,-5.53534960909681
Q9CR00,Psmd9,515320000.0,315490000.0,140260000,208400000,1.237802,0.138101735280852,0.998030532995944,False,UP,0,27.9680552025343,1.7522489878181,-4.61305960787501
Q61166,Mapre1,881080000.0,851940000.0,750990000,731330000,0.225354,0.665947883544812,0.998030532995944,False,NO CHANGE,0,29.5777600312489,0.457385523793798,-5.81231052062744
Q9D1A2,Cndp2,1031400000.0,2784900000.0,1442300000,1850600000,0.052933,0.934882174043092,0.998030532995944,False,NO CHANGE,0,30.632001316208,0.0857508815642648,-5.92187789693193
Q9JM76,Arpc3,2200000000.0,1952000000.0,1779600000,3180800000,-0.199243,0.692300915770573,0.998030532995944,False,NO CHANGE,0,31.0482026645587,-0.41860961747898,-5.83043775578537
Q5FWK3,Arhgap1,991390000.0,1296300000.0,580080000,418950000,1.201375,0.0732273890010298,0.998030532995944,False,UP,0,29.4776273569893,2.24165004681764,-4.03336468138366
Q64010,Crk,650070000.0,731200000.0,523750000,632740000,0.260185,0.645677454923962,0.998030532995944,False,NO CHANGE,0,29.2307628310744,0.487754248163371,-5.79708822521782
Q99KB8,Hagh,1925500000.0,810660000.0,1488900000,1181200000,-0.086049,0.889935845280277,0.998030532995944,False,NO CHANGE,0,30.2615783812191,-0.145334619722928,-5.91425980416509
P16858,Gapdh,636650000.0,1190600000.0,877800000,721380000,0.129733,0.828441562364011,0.998030532995944,False,NO CHANGE,0,29.6326170228718,0.227913818999057,-5.89728424765565
P23116,Eif3a,230090000.0,172800000.0,56117000,36840000,2.132723,0.0514895249397253,0.998030532995944,False,UP,0,26.5047138235158,2.52066653125342,-3.70661742430156
Q64674,Srm,991200000.0,1336600000.0,787490000,1002800000,0.373224,0.482601204135747,0.998030532995944,False,NO CHANGE,0,29.9136486744199,0.756012997240675,-5.62624265756751
Q9Z247,Fkbp9,1503800000.0,1108200000.0,861470000,974930000,0.494294,0.346236673541122,0.998030532995944,False,NO CHANGE,0,30.0186213496267,1.03577865784916,-5.38867795209039
P61965,Wdr5,654370000.0,363140000.0,174670000,114450000,1.785642,0.0551962738633044,0.998030532995944,False,UP,0,27.9679202008055,2.4649993004433,-3.77120104493521
P14131,Rps16,480530000.0,519730000.0,63244000,685110000,1.263526,0.351229471399323,0.998030532995944,False,UP,0,28.2648560103403,1.02410345570876,-5.3995977673319
P10639,Txn,1427100000.0,3151200000.0,2960100000,1687000000,-0.075559,0.902678586274826,0.998030532995944,False,NO CHANGE,0,31.0196262643744,-0.128390561531645,-5.9168235165292
P54822,Adsl,938800000.0,481580000.0,1055400000,891380000,-0.528583,0.402724042749128,0.998030532995944,False,NO CHANGE,0,29.5890127328621,-0.910980472417074,-5.50114101423947
O08585,Clta,1110300000.0,291000000.0,410950000,450140000,0.40228,0.643721359575354,0.998030532995944,False,NO CHANGE,0,28.8812331172169,0.49071168723681,-5.79555834539794
Q9R0Q7,Ptges3,1459100000.0,1326700000.0,246230000,1027400000,1.467922,0.126015403436545,0.998030532995944,False,UP,0,29.6398521967499,1.82234613347263,-4.53062750002591
P47811,Mapk14,456770000.0,460460000.0,183650000,464890000,0.650348,0.411863233581967,0.998030532995944,False,UP,0,28.4475227651562,0.892125930078391,-5.51726945068381
P70372,Elavl1,680920000.0,527470000.0,696600000,737530000,-0.258229,0.647189027015797,0.998030532995944,False,NO CHANGE,0,29.287826398639,-0.485472218014925,-5.79826299046101
Q8C0E2,Vps26b,495950000.0,233790000.0,184170000,164630000,0.967571,0.24724098410463,0.998030532995944,False,UP,0,27.8593430679979,1.30385430122828,-5.11896479921714
Q9CZ04,Cops7a,433180000.0,512320000.0,495520000,755300000,-0.376991,0.54482034575016,0.998030532995944,False,NO CHANGE,0,28.9999259898401,-0.647668930282523,-5.70275621784377
Q9DBR7,Ppp1r12a,183370000.0,94587000.0,142920000,141060000,-0.108523,0.898119045430886,0.998030532995944,False,NO CHANGE,0,27.0269218117987,-0.134448061513746,-5.91594316544355
P63028,Tpt1,7527200000.0,8515100000.0,8001500000,11663000000,-0.271,0.525553291584669,0.998030532995944,False,NO CHANGE,0,33.0339214250093,-0.680278494183427,-5.6807439490306
P28063,Psmb8,930880000.0,665090000.0,712970000,952000000,-0.066329,0.905185073662303,0.998030532995944,False,NO CHANGE,0,29.5846616909446,-0.125063012527054,-5.91728996655669
P14206,Rpsa,2757800000.0,2196900000.0,1084000000,2340500000,0.627903,0.294776163537525,0.998030532995944,False,UP,0,30.8828949933724,1.16525256806141,-5.26264670622187
P83917,Cbx1,699650000.0,652750000.0,534790000,573030000,0.28779,0.609515242544224,0.998030532995944,False,NO CHANGE,0,29.1881115356706,0.543260278581821,-5.76699464218723
Q8VDK1,Nit1,384280000.0,102270000.0,309490000,154260000,-0.140358,0.889040367463977,0.998030532995944,False,NO CHANGE,0,27.6328741863509,-0.14652713870635,-5.91406751417606
P31786,Dbi,2963900000.0,1567000000.0,2379800000,2448800000,-0.163707,0.749668774534115,0.998030532995944,False,NO CHANGE,0,31.0869571630489,-0.336551568102964,-5.86382723232386
Q9D892,Itpa,2640100000.0,1641600000.0,1304800000,1203900000,0.732075,0.176418814516267,0.998030532995944,False,UP,0,30.5891627193012,1.56476421498715,-4.83022291326506
Q9ERE7,Mesdc2,1874900000.0,918400000.0,1160800000,943610000,0.326313,0.581961192596641,0.998030532995944,False,NO CHANGE,0,30.1262004125709,0.586849847475593,-5.74135961852329
O35215,Ddt,5198300000.0,1484400000.0,2856800000,3950000000,-0.274166,0.708589180827068,0.998030532995944,False,NO CHANGE,0,31.5083959775645,-0.395005181767093,-5.84074138396559
P62965,Crabp1,437450000.0,134340000.0,458570000,238990000,-0.449543,0.629470616391972,0.998030532995944,False,NO CHANGE,0,28.0776995818591,-0.512408219744151,-5.78407997310952
P45878,Fkbp2,871080000.0,312840000.0,485410000,644750000,-0.099857,0.895430398130326,0.998030532995944,False,NO CHANGE,0,29.0094682362799,-0.138022752194937,-5.9154047506423
O08716,Fabp9,2978300000.0,828710000.0,1175300000,776760000,0.717429,0.379255757350649,0.998030532995944,False,UP,0,30.190352401606,0.960992725902068,-5.45723054099757
Q6ZWY9;Q64525;Q64478;P10854,Hist1h2bc;Hist2h2bb;Hist1h2bh;Hist1h2bm,3849700000.0,4248000000.0,5741300,2372100,10.097778,6.52892401415965e-05,0.116075908668444,False,UP,0,26.864228727391,11.6532652543103,1.06541549172973
P62317,Snrpd2,941390000.0,781430000.0,352160000,741380000,0.747232,0.281279881159039,0.998030532995944,False,UP,0,29.3022631136262,1.20244484631381,-5.22490561757062
P09671,Sod2,11947000000.0,5931400000.0,6914400000,5945200000,0.39281,0.451305139760457,0.998030532995944,False,NO CHANGE,0,32.7744224945116,0.814263519837734,-5.58126562880258
P32261,Serpinc1,117570000.0,158320000.0,158660000,0,2.217535,0.264359726409554,0.998030532995944,False,NO CHANGE,1,25.9148389194731,1.2513809453313,-5.17431141086407
P70696,Hist1h2ba,14820000.0,36597000.0,1246200000,5661300000,-6.833555,0.001009333959804,0.391217842820048,False,DOWN,0,27.8899097180218,-6.65369599341495,-0.401837874790022
Q9Z2C8,Ybx2,215740000.0,85223000.0,583090000,329240000,-1.692125,0.0922462466817479,0.998030532995944,False,DOWN,0,27.8607914178223,-2.06214727261537,-4.24629114815056
P12032,Timp1,25370000000.0,49605000000.0,14064000000,31832000000,0.745562,0.253649251176819,0.998030532995944,False,UP,0,34.6733044102212,1.28383545130645,-5.14020743300981
Q9EQC7,Fstl3,1402900000.0,887790000.0,1418000000,492170000,0.417808,0.574416015174156,0.998030532995944,False,NO CHANGE,0,29.8468000286852,0.599003335614735,-5.73390602110015
Q571E4,Galns,855580000.0,1049700000.0,696420000,1446000000,-0.082573,0.891766121207807,0.998030532995944,False,NO CHANGE,0,29.8611150606823,-0.142897979985799,-5.91464786118935
Q9CYN9,Atp6ap2,982730000.0,1543600000.0,1078600000,1029500000,0.225031,0.666230085318316,0.998030532995944,False,NO CHANGE,0,30.0854202842411,0.456966198408436,-5.81251444858099
P58022,Loxl2,587370000.0,1541600000.0,905250000,1477100000,-0.281193,0.690364554815155,0.998030532995944,False,NO CHANGE,0,29.9663342641273,-0.421433436001518,-5.82916783533148
O35598,Adam10,371730000.0,259720000.0,204330000,234740000,0.504624,0.484730516366704,0.998030532995944,False,NO CHANGE,0,27.9587190031437,0.752149971565868,-5.62913350266142
Q61245,Col11a1,0.0,502580000.0,0,113120000,1.752823,0.577425644836632,0.998030532995944,False,NO CHANGE,2,24.7569615174167,0.594143792983384,-5.73690214639722
Q04999,Inhbb,522030000.0,126060000.0,383650000,239610000,-0.241118,0.804616292759796,0.998030532995944,False,NO CHANGE,0,28.0551052991449,-0.260371486050861,-5.88859725560835
Q08879,Fbln1,538480000.0,265330000.0,116570000,132610000,1.604147,0.0837088823629887,0.998030532995944,False,UP,0,27.6916914314074,2.137381316871,-4.15692141495049
Q9Z1Q5,Clic1,1127600000.0,2062300000.0,811550000,2692400000,0.044932,0.953512839617809,0.998030532995944,False,NO CHANGE,0,30.4836414158527,0.0611730783076307,-5.923879415612
Q61081,Cdc37,896050000.0,328770000.0,91119000,259010000,1.820913,0.0988854222249945,0.998030532995944,False,UP,0,28.1052971381823,2.00850793175373,-4.31003711759392
Q8R0P4,Aamdc,301350000.0,206680000.0,429690000,240480000,-0.365187,0.627003591538221,0.998030532995944,False,NO CHANGE,0,28.07743775167,-0.516191900307791,-5.7820325963223
Q62465,Vat1,1117000000.0,1709200000.0,1095900000,1667100000,0.031747,0.95232720360647,0.998030532995944,False,NO CHANGE,0,30.3479546573885,0.0627356855442402,-5.92377205895035
Q8BU30,Iars,153100000.0,140360000.0,89848000,36259000,1.360818,0.196744925999374,0.998030532995944,False,UP,0,26.4468186273256,1.48095395232775,-4.92507103202348
P62715,Ppp2cb,935250000.0,1737900000.0,46437000,124070000,4.070062,0.0036655863948577,0.710390643323426,False,UP,0,28.2127063138237,5.01816670984566,-1.36569076396656
Q9D1M0,Sec13,648630000.0,407530000.0,754670000,120650000,0.768814,0.488676300020068,0.998030532995944,False,UP,0,28.553168723653,0.745023202399933,-5.63443606200516
Q8R180,Ero1l,828830000.0,756900000.0,1068800000,339880000,0.394117,0.609927399484599,0.998030532995944,False,NO CHANGE,0,29.3639558611067,0.542617226679557,-5.76735979755107
Q9D8B3,Chmp4b,698070000.0,436120000.0,125940000,100060000,2.297247,0.0204278157794289,0.998030532995944,False,UP,0,27.8908494576915,3.29840014684878,-2.85292575766892
P62880;P29387,Gnb2;Gnb4,79006000.0,61022000.0,80168000,39346000,0.306024,0.766206516024842,0.998030532995944,False,NO CHANGE,0,25.8961304503562,0.313405510836823,-5.87199652191656
Q61792,Lasp1,786770000.0,424470000.0,197220000,226080000,1.452483,0.0798378736729718,0.998030532995944,False,UP,0,28.3799857025552,2.17419469483639,-4.11324429781958
Q8VEK3,Hnrnpu,700110000.0,608980000.0,389440000,480800000,0.593569,0.334796760898478,0.998030532995944,False,UP,0,28.9856283668206,1.0630697969513,-5.36285193082005
P80315,Cct4,1008900000.0,657060000.0,1488100000,738300000,-0.364435,0.569413849382258,0.998030532995944,False,NO CHANGE,0,29.7830105413474,-0.607115292960986,-5.72885789858334
Q6NZB0,Dnajc8,416710000.0,1040300000.0,230830000,420490000,1.079535,0.208183981341192,0.998030532995944,False,UP,0,28.7546431778471,1.43737003608932,-4.97368640727711
Q6PDY2,Ado,186180000.0,201200000.0,143160000,172550000,0.300343,0.692352605723735,0.998030532995944,False,NO CHANGE,0,27.37791759172,0.418534290269378,-5.83047152306498
P34022,Ranbp1,882400000.0,731100000.0,856030000,933280000,-0.154235,0.76698270326969,0.998030532995944,False,NO CHANGE,0,29.6582929789635,-0.312324090400437,-5.87236456284376
Q9JKB3,Ybx3,1109200000.0,451280000.0,63172000,75886000,3.353104,0.0075307067900916,0.99160661699478,False,UP,0,27.7216080761188,4.24420641745744,-1.96629637676529
P07356,Anxa2,214950000.0,762480000.0,70067000,862760000,0.719467,0.629616191823128,0.998030532995944,False,UP,0,28.2330414913051,0.51218521104424,-5.78420022351642
P62196,Psmc5,393780000.0,285190000.0,273890000,104220000,0.988042,0.272495697691865,0.998030532995944,False,UP,0,27.8260602558705,1.22751106095668,-5.19911855023936
Q61990;P57722,Pcbp2;Pcbp3,601180000.0,289360000.0,418510000,173900000,0.628571,0.464981643999364,0.998030532995944,False,UP,0,28.3214703955297,0.78845736503578,-5.60150835785536
Q8BJY1,Psmd5,1078500000.0,937240000.0,1751800000,1460400000,-0.669843,0.193745852758106,0.998030532995944,False,DOWN,0,30.2400324183361,-1.49278060910615,-4.91179076795837
Q9Z2I9,Sucla2,548800000.0,30807000.0,280150000,10684000,1.248944,0.581514224628695,0.998030532995944,False,UP,0,26.329758225172,0.587567093694519,-5.74092340695494
P97470,Ppp4c,579980000.0,254040000.0,169630000,0,4.100718,0.0970526022928269,0.998030532995944,False,NO CHANGE,1,26.4655949598124,2.02293213662954,-4.29289640324174
Q9EPC1,Parva,533720000.0,1044100000.0,439020000,963010000,0.199217,0.783857273478927,0.998030532995944,False,NO CHANGE,0,29.3759518859746,0.288916360608957,-5.88003064222444
P58044,Idi1,1558900000.0,2522800000.0,1823200000,3439200000,-0.336496,0.554095158477633,0.998030532995944,False,NO CHANGE,0,31.0533778711781,-0.632240187457254,-5.71285511462542
P62874,Gnb1,1460300000.0,1607800000.0,804690000,437420000,1.368878,0.052171015650398,0.998030532995944,False,UP,0,29.8285900636592,2.51011282100723,-3.7188340954883
Q99LS3,Psph,1134100000.0,1221100000.0,769330000,716870000,0.664136,0.218720391925669,0.998030532995944,False,UP,0,29.8001496302376,1.39918734506015,-5.01582645992578
Q9ERF3,Wdr61,392730000.0,93118000.0,118650000,21294000,1.927719,0.193285493202432,0.998030532995944,False,UP,0,26.546899951725,1.49461151256799,-4.9097316035665
O35841,Api5,477290000.0,623310000.0,628260000,272320000,0.399076,0.5852871628724,0.998030532995944,False,NO CHANGE,0,28.8232949191776,0.581523244015348,-5.74458467320544
Q9WVQ5,Apip,896640000.0,679150000.0,400610000,850550000,0.418832,0.533525492331028,0.998030532995944,False,NO CHANGE,0,29.3301381571923,0.666691127689238,-5.6900248934211
Q60605,Myl6,2776800000.0,1943300000.0,1381800000,3090100000,0.168865,0.774254279052705,0.998030532995944,False,NO CHANGE,0,31.0288864165399,0.30221351834636,-5.87574632402006
Q9CZX8,Rps19,224270000.0,296520000.0,24981000,361150000,1.440932,0.351446065546351,0.998030532995944,False,UP,0,27.2216416015109,1.02360009862691,-5.4000667939377
Q99KC8,Vwa5a,461590000.0,420720000.0,342980000,307100000,0.44132,0.492105066670512,0.998030532995944,False,NO CHANGE,0,28.4945010929614,0.738863207562548,-5.63898709215325
Q9WUM4,Coro1c,519920000.0,1136000000.0,434740000,1253800000,0.057896,0.943162611796493,0.998030532995944,False,NO CHANGE,0,29.4885669479175,0.0748206558526107,-5.92285050632199
O54983,Crym,602790000.0,302660000.0,123810000,28050000,2.857576,0.0380804849665713,0.998030532995944,False,UP,0,27.2413132647626,2.76625419134674,-3.42647135868359
Q99KV1,Dnajb11,584600000.0,282630000.0,373310000,474290000,-0.04989,0.943853926911362,0.998030532995944,False,NO CHANGE,0,28.6235517703395,-0.0739086190126333,-5.92292569186482
P62245,Rps15a,329170000.0,316310000.0,115570000,459140000,0.486235,0.608063336019493,0.998030532995944,False,NO CHANGE,0,28.0223930329388,0.545527583472871,-5.76570410910419
Q9Z204,Hnrnpc,357930000.0,245740000.0,288760000,375590000,-0.15111,0.826186573609339,0.998030532995944,False,NO CHANGE,0,28.2193846939656,-0.230973100237778,-5.89651361971174
Q6ZQI3,Mlec,280380000.0,267320000.0,165690000,162590000,0.738113,0.32665594812161,0.998030532995944,False,UP,0,27.6593438300067,1.08297317341675,-5.34375842434912
Q923D2,Blvrb,6649800000.0,6773800000.0,4879000000,6932000000,0.20671,0.623102192793284,0.998030532995944,False,NO CHANGE,0,32.5406362238691,0.522192674107218,-5.77875791540143
Q3THE2,Myl12b,1825400000.0,1061000000.0,58330000,813400000,2.675609,0.0969908800914048,0.998030532995944,False,UP,0,29.0363668722411,2.02342280191662,-4.29231329822996
Q9D8S4,Rexo2,1320800000.0,699090000.0,461020000,480910000,1.029111,0.139225721984108,0.998030532995944,False,UP,0,29.3252784049796,1.74604727431193,-4.62032711146243
Q9CQF3,Nudt21,799830000.0,606080000.0,594660000,758370000,0.052117,0.926641603286776,0.998030532995944,False,NO CHANGE,0,29.3489668992843,0.0966406118334645,-5.92077763818741
O88543,Cops3,912460000.0,714450000.0,439540000,1187800000,0.16019,0.822224058532602,0.998030532995944,False,NO CHANGE,0,29.5086269743023,0.236355148125582,-5.89513350519549
P68037,Ube2l3,828860000.0,1079900000.0,1595700000,1538800000,-0.727949,0.170082280639899,0.998030532995944,False,DOWN,0,30.1813761658447,-1.59281361072969,-4.79812634733811
P99026,Psmb4,5866500000.0,3546500000.0,5765100000,8530200000,-0.620515,0.236564832352871,0.998030532995944,False,DOWN,0,32.3970581501452,-1.33828660050768,-5.08207779044332
Q9JMI7,Tex101,2070300000.0,736120000.0,1085300000,227070000,1.314275,0.233976501792824,0.998030532995944,False,UP,0,29.5441417590913,1.34684988264561,-5.07283792497099
Q8BVU5,Nudt9,697310000.0,431360000.0,205890000,193870000,1.456865,0.0732555607465755,0.998030532995944,False,UP,0,28.3023387359246,2.24134906742723,-4.03372056095733
Q9CQU0,Txndc12,1772800000.0,982000000.0,439910000,910430000,1.059962,0.153588722296525,0.998030532995944,False,UP,0,29.7672841091286,1.67092793847117,-4.70795365543631
Q9JJV2,Pfn2,1284200000.0,745320000.0,1545500000,958250000,-0.314873,0.595929433859112,0.998030532995944,False,NO CHANGE,0,30.0231902127062,-0.564601842965333,-5.75465996735124
O89086,Rbm3,577110000.0,838740000.0,107860000,84530000,2.865187,0.007778334432972,0.99160661699478,False,UP,0,27.9413660802247,4.21139560128038,-1.99415861333833
P57776,Eef1d,826620000.0,811770000.0,466310000,1013300000,0.253008,0.6949502924252,0.998030532995944,False,NO CHANGE,0,29.4830682898302,0.41475222538313,-5.83215965829174
P32020,Scp2,208580000.0,183130000.0,188550000,111730000,0.429253,0.594415259465694,0.998030532995944,False,NO CHANGE,0,27.3275329435658,0.566998237830824,-5.75324890139528
Q8BHG2,,749930000.0,341740000.0,761100000,1006500000,-0.789853,0.268827034767644,0.998030532995944,False,DOWN,0,29.3101788459354,-1.2381940897815,-5.18804570770765
Q8BG05,Hnrnpa3,248860000.0,166350000.0,427610000,136390000,-0.247239,0.786282968479086,0.998030532995944,False,NO CHANGE,0,27.7238221815071,-0.285567101075361,-5.88108042292716
Q91V64,Isoc1,411060000.0,686020000.0,597540000,519210000,-0.068877,0.911973213973973,0.998030532995944,False,NO CHANGE,0,29.01866303153,-0.116059388291701,-5.9184910468515
Q9JI75,Nqo2,475380000.0,412010000.0,1540900000,776880000,-1.305816,0.0794524583032388,0.998030532995944,False,DOWN,0,29.3742131756722,-2.17796261649219,-4.10877671562407
Q9D0W5,Ppil1,1387200000.0,721180000.0,1078500000,1265200000,-0.223892,0.697996253851678,0.998030532995944,False,NO CHANGE,0,30.0096025375575,-0.410326205647007,-5.83411709858381
Q9CYR0,Ssbp1,549290000.0,595590000.0,217870000,558700000,0.713173,0.360275221978647,0.998030532995944,False,UP,0,28.7347819927193,1.00329656985796,-5.41886232870151
Q9CPU0,Glo1,4326500000.0,3645800000.0,3853500000,4468300000,-0.06323,0.875940516975082,0.998030532995944,False,NO CHANGE,0,31.9186856703366,-0.164001779781275,-5.91107134373352
Q6PE15,Abhd10,289720000.0,85661000.0,102310000,14375000,2.038394,0.188261959005481,0.998030532995944,False,UP,0,26.2119124416076,1.51486737476522,-4.88689420764966
Q9WTP7,Ak3,447090000.0,276890000.0,501050000,398480000,-0.344792,0.608936318424218,0.998030532995944,False,NO CHANGE,0,28.5627597897697,-0.544163951035409,-5.76648084789804
Q9R0X4;Q32MW3,Acot9;Acot10,443660000.0,400840000.0,199670000,191920000,1.107179,0.139919155775459,0.998030532995944,False,UP,0,28.0980756640177,1.74224618674486,-4.62477914524517
Q9CQ19,Myl9,262310000.0,126060000.0,286600000,1167600000,-1.669565,0.133839753537976,0.998030532995944,False,DOWN,0,28.272898808238,-1.77623486958781,-4.58491003792335
Q91V76,,1073100000.0,1300600000.0,1200900000,1119400000,0.02706,0.954772243640083,0.998030532995944,False,NO CHANGE,0,30.1243037358521,0.0595134435571337,-5.92399047776694
Q91VM5,Rbmxl1,728850000.0,645570000.0,358070000,556000000,0.620434,0.331062018775802,0.998030532995944,False,UP,0,29.0433052602425,1.07214935305967,-5.35416843710749
Q9Z1X4,Ilf3,281320000.0,381700000.0,346940000,385660000,-0.158682,0.808851735335836,0.998030532995944,False,NO CHANGE,0,28.3670915122733,-0.254578927412935,-5.89023009417038
Q9ESP1,Sdf2l1,717610000.0,189710000.0,420500000,270820000,0.128778,0.888069670264159,0.998030532995944,False,NO CHANGE,0,28.3945337112888,0.147820108071028,-5.91385726716689
P16406,Enpep,198300000.0,114940000.0,83885000,164420000,0.362348,0.686690882239584,0.998030532995944,False,NO CHANGE,0,26.9885338071203,0.4268014943927,-5.82673187296477
Q3UV17,Krt76,6393900000.0,2753600000.0,1870500000,5163200000,0.433163,0.56245001557614,0.998030532995944,False,NO CHANGE,0,31.7497790119852,0.618483194244776,-5.7216858147748
P42125,Eci1,1606700000.0,1062400000.0,1344300000,2052200000,-0.346299,0.517501782040577,0.998030532995944,False,NO CHANGE,0,30.4562163786418,-0.694142092472623,-5.67111568673045
P62960,Ybx1,64141000.0,45921000.0,12562000,32162000,1.432989,0.288824288038924,0.998030532995944,False,UP,0,24.9772027151556,1.18146527514784,-5.24627312705051
Q9QYR9,Acot2,0.0,136260000.0,47860000,0,0.253727,0.919894111883735,0.998030532995944,False,NO CHANGE,2,24.0300569636929,0.105567376897916,-5.91977810844354
Q9QXK3,Copg2,166910000.0,13445000.0,66251000,0,1.288518,0.538010882016511,0.998030532995944,False,NO CHANGE,1,24.8532718490341,0.659105666683242,-5.69513859277739
Q922D4,Ppp6r3,123240000.0,4567500.0,23039000,0,0.706973,0.736012285053284,0.998030532995944,False,NO CHANGE,1,24.14644791611,0.35582443546269,-5.85660181925832
Q8K2B3,Sdha,599370000.0,38617000.0,178700000,33018000,0.985945,0.574459823618873,0.998030532995944,False,UP,0,26.6878295455078,0.598932486616744,-5.73394985367715
Q91VC3,Eif4a3,33266000.0,3543600.0,5205900,4069800,1.238043,0.473765718837463,0.998030532995944,False,UP,0,22.7531430088194,0.772173808313081,-5.61402329247991
Q99KE1,Me2,418730000.0,45584000.0,294010000,146270000,-0.58594,0.662026559190064,0.998030532995944,False,DOWN,0,27.3347044701452,-0.463221844167921,-5.8094543961561
Q8VIG3,Rsph1,324510000.0,0.0,49545000,0,0.609374,0.832184898485302,0.998030532995944,False,NO CHANGE,2,24.3547462859325,0.22284087850325,-5.89853994146085
Q6PDI5,Ecm29,62197000.0,0.0,27918000,2191800,0.021493,0.993473034145848,0.999971162684518,False,NO CHANGE,1,22.9099348243894,0.0085826619245392,-5.92591428676939
P22907,Hmbs,275630000.0,22939000.0,314380000,346660000,-2.053712,0.181131252063107,0.998030532995944,False,DOWN,0,27.2715842954111,-1.54453254637724,-4.85326974030862
Q9QXZ0,Macf1,58629000.0,7441100.0,25373000,105610000,-1.309383,0.44743673218947,0.998030532995944,False,DOWN,0,24.9707893921976,-0.82166745862434,-5.57536676832278
Q8K4F5,Abhd11,398750000.0,52313000.0,189280000,82293000,0.210681,0.87148148372533,0.998030532995944,False,NO CHANGE,0,27.0004471421379,0.169963210489909,-5.90997290364498
P60122,Ruvbl1,721870000.0,95751000.0,1218600000,188240000,-0.865314,0.555262074344876,0.998030532995944,False,DOWN,0,28.4026308776242,-0.630310835530511,-5.71410350894174
P21460,Cst3,24423000000.0,21960000000.0,17614000000,22952000000,0.203888,0.597569470311484,0.998030532995944,False,NO CHANGE,0,34.3288961796902,0.562010357760539,-5.75618001796434
Q9ESY9,Ifi30,1376100000.0,2351700000.0,1160900000,1958900000,0.254501,0.652241430591488,0.998030532995944,False,NO CHANGE,0,30.6172470538467,0.477865372920818,-5.8021427959016
Q924X6,Lrp8,432630000.0,332670000.0,181460000,35134000,2.248317,0.0791672965908048,0.998030532995944,False,UP,0,27.3748789556322,2.18076287737299,-4.10545685998675
Q9JJH1,Rnase4,1020500000.0,1600200000.0,298480000,1461400000,0.952236,0.326647643711495,0.998030532995944,False,UP,0,29.7749992779685,1.08299369050971,-5.34373863194451
Q62217,Sema5a,332820000.0,71180000.0,189320000,0,2.806306,0.266403416330927,0.998030532995944,False,NO CHANGE,1,25.794414567536,1.24532358510476,-5.18062923911572
P42703,Lifr,146000000.0,74008000.0,23202000,0,4.113269,0.0626575783940522,0.998030532995944,False,NO CHANGE,1,24.5746509321161,2.36425718195037,-3.88891553278919
Q9QXX0,Jag1,113070000.0,445760000.0,29179000,244750000,1.409586,0.345875700922724,0.998030532995944,False,UP,0,27.0373734016014,1.03662818064187,-5.38788035050046
Q8C0F9,Prss35,1333000000.0,304740000.0,2016300000,1277900000,-1.332579,0.168458545453176,0.998030532995944,False,DOWN,0,29.9138060589583,-1.60016549237505,-4.78968731000961
Q76KF0,Sema6d,287970000.0,81834000.0,129340000,22763000,1.50038,0.287510965244237,0.998030532995944,False,UP,0,26.4435802410064,1.18508228645178,-5.24260355210384
Q8BM88,Ctso,705490000.0,376110000.0,382670000,238080000,0.771117,0.310324209776421,0.998030532995944,False,UP,0,28.5547566424364,1.12421219819267,-5.30353082079431
P01029,C4b,314990000.0,1084200000.0,156370000,53963000,2.669429,0.0414199541117506,0.998030532995944,False,UP,0,27.7876425714965,2.69712345102517,-3.50447141760763
O08746,Matn2,195570000.0,310900000.0,130510000,217350000,0.549978,0.497187937071812,0.998030532995944,False,NO CHANGE,0,27.6025037959171,0.729786773120368,-5.64563799188654
Q9DC11,Plxdc2,410920000.0,191940000.0,202230000,56622000,1.392041,0.210730506388476,0.998030532995944,False,UP,0,27.3691609074621,1.42797744962237,-4.98409297502639
Q9DAW9,Cnn3,338530000.0,144780000.0,11877000,89824000,2.760865,0.0838920767815516,0.998030532995944,False,UP,0,26.3415650747551,2.13568383363475,-4.15893647464967
Q8R3R8,Gabarapl1,63378000.0,37575000.0,0,20197000,2.658452,0.143529861598199,0.998030532995944,False,NO CHANGE,1,24.2111482436191,1.72275400515092,-4.64758104864879
Q99J36,Thumpd1,525740000.0,239500000.0,201350000,68204000,1.598371,0.138108393676705,0.998030532995944,False,UP,0,27.6034269815145,1.75221210044804,-4.61310284798821
P12265,Gusb,747740000.0,1049300000.0,425930000,1239600000,0.285736,0.700799656131249,0.998030532995944,False,NO CHANGE,0,29.5795025391175,0.406260837722082,-5.83589777832828
Q8VBW6,Nae1,798340000.0,249560000.0,637200000,124890000,0.661993,0.566228444584183,0.998030532995944,False,UP,0,28.4026233199375,0.612304284107777,-5.72559823801645
Q9CQV6,Map1lc3b,681550000.0,925200000.0,462260000,658430000,0.525425,0.388495986399524,0.998030532995944,False,NO CHANGE,0,29.302004600697,0.941014847660293,-5.47496403875193
P46935,Nedd4,146250000.0,287090000.0,47116000,457560000,0.480845,0.722049023884184,0.998030532995944,False,NO CHANGE,0,27.3699721615658,0.37569077018276,-5.84875501452995
Q9D662,Sec23b,331500000.0,150060000.0,82625000,172970000,0.899688,0.347214287199155,0.998030532995944,False,UP,0,27.282854869914,1.03348161711326,-5.39083254347158
O55013,Trappc3,617530000.0,347590000.0,116280000,405820000,1.092726,0.264600475456317,0.998030532995944,False,UP,0,28.2410094456524,1.25066519389844,-5.17505873117302
P23506,Pcmt1,1660900000.0,704280000.0,491020000,738750000,0.844587,0.248876562438283,0.998030532995944,False,UP,0,29.5881523682792,1.29870027096388,-5.12444853946909
Q9WVA3,Bub3,263660000.0,253170000.0,148590000,347170000,0.185903,0.816630173706681,0.998030532995944,False,NO CHANGE,0,27.8518658809353,0.243966814057487,-5.89312864723669
Q923G2,Polr2h,506880000.0,251610000.0,61015000,546950000,0.967094,0.462953852473554,0.998030532995944,False,UP,0,27.9282943394157,0.792248119111088,-5.59856605889535
Q9QZ88,Vps29,553980000.0,410180000.0,621290000,527140000,-0.263681,0.662565207413879,0.998030532995944,False,NO CHANGE,0,28.9603107702598,-0.462419077623928,-5.80984921267402
Q9EQ80,Nif3l1,595530000.0,392770000.0,265730000,114850000,1.469073,0.108584706852876,0.998030532995944,False,UP,0,28.1148174828785,1.93651249423798,-4.39553130106864
Q99LD4,Gps1,499020000.0,527510000.0,489630000,111920000,1.132068,0.261100854390019,0.998030532995944,False,UP,0,28.3685387352116,1.26112793536506,-5.16411359878654
Q3TMX7,Qsox2,179880000.0,46792000.0,445010000,465250000,-2.310238,0.0511762618474426,0.998030532995944,False,DOWN,0,27.6062278827329,-2.52556871805347,-3.70094729971913
Q9QZ73,Dcun1d1,266010000.0,226320000.0,145600000,112630000,0.938122,0.248791473362879,0.998030532995944,False,UP,0,27.4012862770933,1.298967638678,-5.12416431525198
Q3UM45,Ppp1r7,541160000.0,382680000.0,335410000,104330000,1.282557,0.183035962740118,0.998030532995944,False,UP,0,28.1202431278699,1.53649960428381,-4.86239505799518
P17047,Lamp2,4432000000.0,3258800000.0,2761100000,1937300000,0.716504,0.159154183658005,0.998030532995944,False,UP,0,31.4652501573958,1.64368272035812,-4.73952651389232
Q8R050;Q149F3,Gspt1;Gspt2,991290000.0,760740000.0,50152000,47217000,4.157477,0.0016764905441033,0.412694954384432,False,UP,0,27.6150417759065,5.96738424891373,-0.762045458689385
P46664,Adss,309850000.0,787340000.0,67583000,377720000,1.628254,0.191532044885365,0.998030532995944,False,UP,0,28.0655763132391,1.50162369637526,-4.90183733043016
Q62426,Cstb,1575700000.0,684620000.0,1256800000,1685900000,-0.486953,0.447068323909981,0.998030532995944,False,NO CHANGE,0,30.1955134235582,-0.82237505423018,-5.57480091088386
Q9WUK2,Eif4h,208410000.0,198190000.0,19081000,55490000,2.6429,0.0406856601410346,0.998030532995944,False,UP,0,26.2771290264779,2.71178612088285,-3.48786791994199
P50431,Shmt1,254850000.0,39248000.0,115990000,136310000,-0.330276,0.785196376064062,0.998030532995944,False,NO CHANGE,0,26.7407325671953,-0.28706693733088,-5.88061178185492
Q8BP48,Metap1,358880000.0,411460000.0,144410000,239890000,1.045855,0.186046091977745,0.998030532995944,False,UP,0,27.9946241038785,1.52396797666951,-4.87660101835074
Q99020,Hnrnpab,992400000.0,1573500000.0,524140000,1378700000,0.555819,0.440274168506804,0.998030532995944,False,NO CHANGE,0,29.9409287297772,0.835503287606198,-5.5642363352839
Q8BK64,Ahsa1,614650000.0,435120000.0,510660000,418730000,0.161398,0.793709441112756,0.998030532995944,False,NO CHANGE,0,28.8653152098068,0.275336207900935,-5.8842138002744
Q9WV55,Vapa,169160000.0,108510000.0,136540000,192880000,-0.260405,0.751482587986743,0.998030532995944,False,NO CHANGE,0,27.1437356796866,-0.334002922343627,-5.86475401758795
P26883,Fkbp1a,1311300000.0,766170000.0,1291300000,1341200000,-0.392807,0.473603430944392,0.998030532995944,False,NO CHANGE,0,30.0971235606341,-0.772472662128957,-5.61379542834472
P55264,Adk,175600000.0,68930000.0,205290000,215720000,-0.935663,0.317097031003648,0.998030532995944,False,DOWN,0,27.1810047734659,-1.10688957476499,-5.32053587786512
P21550,Eno3,277360000.0,44840000.0,74684000,0,2.91607,0.197684530498925,0.998030532995944,False,NO CHANGE,1,25.2746988728129,1.4772841408233,-4.9291844636514
P83940,Tceb1,515500000.0,166060000.0,469890000,414310000,-0.592678,0.485191312234097,0.998030532995944,False,DOWN,0,28.4206024437485,-0.751315578137951,-5.62975637851784
P62281,Rps11,219020000.0,190480000.0,0,269700000,2.149416,0.279866181300716,0.998030532995944,False,NO CHANGE,1,26.5310677817235,1.20643144067071,-5.22082286526079
Q9CRC9,Gnpda2,467440000.0,506260000.0,337640000,534800000,0.195087,0.759945139201833,0.998030532995944,False,NO CHANGE,0,28.7602110064641,0.322145008257827,-5.8689774267844
P21300,Akr1b7,651580000.0,253320000.0,1116500000,777720000,-1.197629,0.143620883257846,0.998030532995944,False,DOWN,0,29.1966911321051,-1.72226899431888,-4.6481477893259
Q925B0,Pawr,90029000.0,66215000.0,136260000,25098000,0.400843,0.747796643697453,0.998030532995944,False,NO CHANGE,0,26.0018492842607,0.339184837286876,-5.86286261562767
Q91V12,Acot7,747050000.0,132210000.0,360110000,167940000,0.353826,0.752043490683689,0.998030532995944,False,NO CHANGE,0,28.0505296750027,0.333215294048437,-5.8650390688941
Q9CX80,Cygb,410440000.0,194090000.0,388980000,443480000,-0.557334,0.458968650851227,0.998030532995944,False,NO CHANGE,0,28.3510402962625,-0.799733585967813,-5.59272427338333
Q8VDG5,Ppcs,235390000.0,137350000.0,163080000,13963000,1.913825,0.226502721126977,0.998030532995944,False,UP,0,26.4649674222414,1.37207863448273,-5.04546922068644
P56812,Pdcd5,810550000.0,295050000.0,499690000,873570000,-0.434048,0.585267326238855,0.998030532995944,False,NO CHANGE,0,29.0823790842278,-0.58155495789205,-5.74456554717303
Q9WUZ9,Entpd5,722820000.0,175440000.0,142270000,71929000,1.815669,0.124756430463676,0.998030532995944,False,UP,0,27.4998975271458,1.83003551697658,-4.52155655596413
Q61206,Pafah1b2,1172200000.0,1614100000.0,1234000000,1350100000,0.09177,0.848384338268742,0.998030532995944,False,NO CHANGE,0,30.311442196164,0.200963398874122,-5.90363748088072
Q8QZS1,Hibch,558920000.0,571590000.0,656040000,164510000,0.782832,0.395995912143204,0.998030532995944,False,UP,0,28.6828201444545,0.92507658058494,-5.48892860659048
Q8CG72,Adprhl2,622440000.0,629420000.0,426250000,321540000,0.75763,0.242607994484835,0.998030532995944,False,UP,0,28.8425887223404,1.31862515245906,-5.10319397083465
Q60692,Psmb6,7072200000.0,3670400000.0,4199100000,3441700000,0.422447,0.418710961411025,0.998030532995944,False,NO CHANGE,0,32.0351773202914,0.87821092154993,-5.52901826568125
Q8CJG0,Ago2,216930000.0,186020000.0,217980000,152270000,0.14093,0.852047125351698,0.998030532995944,False,NO CHANGE,0,27.5113034659612,0.196032952844972,-5.90471486500953
P14873,Map1b,89058000.0,192420000.0,90236000,352610000,-0.446386,0.677806296893516,0.998030532995944,False,NO CHANGE,0,27.18715583161,-0.439843091907645,-5.82069488010213
P47199,Cryz,160550000.0,106570000.0,129270000,27101000,1.144009,0.345361035870798,0.998030532995944,False,UP,0,26.390832141662,1.03784068721606,-5.38674123924628
P56376,Acyp1,2108400000.0,546870000.0,1795300000,644100000,-0.002082,0.998212681088461,0.999971162684518,False,NO CHANGE,0,30.0011028448838,-0.0023502108732812,-5.92595209715708
Q9R1Z7,Pts,323450000.0,87110000.0,13988000,153570000,1.856647,0.263234201180039,0.998030532995944,False,UP,0,26.3943275046575,1.25473496877787,-5.17080664458089
Q7TSV4,Pgm2,844670000.0,654900000.0,609640000,1291700000,-0.254747,0.690972102493939,0.998030532995944,False,NO CHANGE,0,29.5976295447742,-0.420547025634489,-5.82956732388684
Q9DCC4,Pycrl,197230000.0,212250000.0,122920000,166410000,0.516591,0.50888431135634,0.998030532995944,False,NO CHANGE,0,27.3499511013677,0.709143406848528,-5.66051894391564
P38647,Hspa9,136840000.0,193540000.0,142300000,128090000,0.269514,0.73535266531097,0.998030532995944,False,NO CHANGE,0,27.14322858082,0.356759175071269,-5.85624166735229
P14869,Rplp0,1682700000.0,2256600000.0,835600000,537390000,1.540001,0.0276092137768455,0.998030532995944,False,UP,0,30.0898164737274,3.03631500036957,-3.12913320781357
P99027,Rplp2,2164400000.0,689330000.0,934730000,2030200000,-0.173505,0.827441556729613,0.998030532995944,False,NO CHANGE,0,30.272722182922,-0.229270186242028,-5.89694382157563
P51855,Gss,603320000.0,1208200000.0,993590000,792780000,-0.05593,0.927086107919009,0.998030532995944,False,NO CHANGE,0,29.6972452630179,-0.0960528742455198,-5.92084036305036
P19536,Cox5b,76151000.0,38738000.0,82972000,88462000,-0.657535,0.515382903589792,0.998030532995944,False,DOWN,0,26.0235703829808,-0.697814746636737,-5.66853841885636
Q8K3C3,Lzic,219220000.0,109080000.0,104810000,190620000,0.129645,0.883922578979388,0.998030532995944,False,NO CHANGE,0,27.139485233687,0.153347377096221,-5.91293785783626
P84089,Erh,863660000.0,209000000.0,1114000000,834470000,-1.182286,0.21308518610262,0.998030532995944,False,DOWN,0,29.2535507409875,-1.41938739518023,-4.99358756002371
Q99LJ6,Gpx7,274710000.0,358050000.0,192040000,127250000,1.004499,0.213895984729169,0.998030532995944,False,UP,0,27.7222105073339,1.41645024999853,-4.99682891183555
Q924M7,Mpi,1430100000.0,1898700000.0,1610900000,1117300000,0.296622,0.554787062669261,0.998030532995944,False,NO CHANGE,0,30.4696057417767,0.631095894816062,-5.71359592310685
O88851,Rbbp9,799370000.0,611780000.0,579630000,1037500000,-0.149148,0.806850291183093,0.998030532995944,False,NO CHANGE,0,29.4559367770623,-0.257314913474741,-5.88946331319147
P63323,Rps12,1349200000.0,804200000.0,944950000,1404500000,-0.145318,0.797892108892377,0.998030532995944,False,NO CHANGE,0,30.0288771011212,-0.269589022523685,-5.88592537469093
Q61029;Q61033,Tmpo,166080000.0,113780000.0,52004000,88718000,1.017066,0.289963008896856,0.998030532995944,False,UP,0,26.525954404951,1.17834084924888,-5.24943809478865
Q9D6J6,Ndufv2,1998700000.0,1261600000.0,163530000,141050000,3.386205,0.0021372089398181,0.46021232504083,False,UP,0,28.871408431696,5.65944169706099,-0.943394064380606
Q9JIQ3,Diablo,1136600000.0,190370000.0,442290000,245560000,0.497195,0.648605347331703,0.998030532995944,False,NO CHANGE,0,28.5445565239815,0.483336605305145,-5.79935785650462
Q9Z0X1,Aifm1,738090000.0,528270000.0,595590000,466890000,0.243835,0.684757241276506,0.998030532995944,False,NO CHANGE,0,29.0960433707873,0.42963267084488,-5.82543560445766
Q8BHA3,Dtd2,255050000.0,189470000.0,276140000,321140000,-0.437926,0.54029347978311,0.998030532995944,False,NO CHANGE,0,27.930762707179,-0.655261448572375,-5.69771153091467
Q6PDM2,Srsf1,74930000.0,95345000.0,71484000,113520000,-0.091897,0.91939797931602,0.998030532995944,False,NO CHANGE,0,26.3787955866471,-0.10622413324147,-5.91970110164543
P11404,Fabp3,1082000000.0,1171900000.0,1629500000,1553400000,-0.498654,0.300125522172045,0.998030532995944,False,NO CHANGE,0,30.31795502648,-1.15092416519769,-5.27701375626716
P62806,Hist1h4a,2049300000.0,2274300000.0,1506400000,5568300000,-0.423894,0.573026164519274,0.998030532995944,False,NO CHANGE,0,31.2195767575959,-0.601252810193769,-5.73251200608836
P97350,Pkp1,49142000.0,7649600.0,6808600,16320000,0.879171,0.598426506000929,0.998030532995944,False,UP,0,23.7691176469723,0.560657810167115,-5.75697092816869
Q6A4J8,Usp7,62895000.0,9555600.0,24592000,0,1.351476,0.471813582164715,0.998030532995944,False,NO CHANGE,1,23.8714402839277,0.77577358633234,-5.61127405010907
Q62148,Aldh1a2,649560000.0,190370000.0,451640000,56160000,1.14274,0.408644436022036,0.998030532995944,False,UP,0,27.8181890205104,0.89872883804371,-5.51164839247818
Q8K4Z5,Sf3a1,45010000.0,2349200.0,10807000,3998700,0.645459,0.74431958518462,0.998030532995944,False,UP,0,22.9710106780623,0.344082849182777,-5.86104932403371
Q9JJ78,Pbk,229640000.0,12035000.0,159480000,0,1.116131,0.662257439150923,0.998030532995944,False,NO CHANGE,1,25.0897004881681,0.462877713729535,-5.80962372304832
Q9EPK7,Xpo7,124560000.0,0.0,35517000,0,0.656124,0.772285830935104,0.998030532995944,False,NO CHANGE,2,24.0936373276866,0.304946873190712,-5.87484263489744
Q9D1G1,Rab1b,77823000.0,13052000.0,22172000,11732000,0.98264,0.540096952273825,0.998030532995944,False,UP,0,24.4344105085473,0.655592008571968,-5.69749078058813
Q9WUD8,Faim,117100000.0,29539000.0,153830000,75263000,-0.871458,0.463444569832212,0.998030532995944,False,DOWN,0,26.2453706478884,-0.791329661937535,-5.59927993942691
Q8BI72,Cdkn2aip,88430000.0,10716000.0,5231300,32225000,1.24544,0.512354017545381,0.998030532995944,False,UP,0,24.2529277006458,0.703082617844651,-5.66482238127385
P12399,Ctla2a,100650000.0,485490000.0,14320000,790380000,1.055069,0.639062555100351,0.998030532995944,False,UP,0,27.1922844067682,0.499485617094614,-5.7899123838777
Q9CQ01,Rnaset2,3078100000.0,2830600000.0,2312800000,2494100000,0.297494,0.478360157295024,0.998030532995944,False,NO CHANGE,0,31.310179808745,0.763743516421861,-5.62042273692975
Q9ER65,Clstn2,90969000.0,278970000.0,15749000,237330000,1.381665,0.410477025006642,0.998030532995944,False,UP,0,26.5563706324129,0.894964598256637,-5.51485650049568
O08992,Sdcbp,189330000.0,691890000.0,52254000,624270000,1.002831,0.508770017349409,0.998030532995944,False,UP,0,27.9297320689673,0.709343534184783,-5.66037633394418
P08905,Lyz2,784690000.0,1585200000.0,404430000,1115200000,0.731798,0.363057198609935,0.998030532995944,False,UP,0,29.6888838494527,0.996984058641222,-5.42465641068127
P97467,Pam,433000000.0,283160000.0,610690000,200870000,-0.000359,0.999661533637712,0.999971162684518,False,NO CHANGE,0,28.3835964691085,-0.0004450613023576,-5.92595505227241
Q8R242,Ctbs,1034000000.0,1324000000.0,482460000,651880000,1.06099,0.0953814829175975,0.998030532995944,False,UP,0,29.5934275707634,2.03633278432148,-4.27697062196016
P27090,Tgfb2,843720000.0,471280000.0,1195200000,650980000,-0.484222,0.474257908658329,0.998030532995944,False,NO CHANGE,0,29.4742102908082,-0.771267889642008,-5.614713600416
Q61646,Hp,1273500000.0,2007900000.0,1211500000,2452600000,-0.10831,0.853633846672417,0.998030532995944,False,NO CHANGE,0,30.6287510403036,-0.193898839983352,-5.90517303660425
Q9WVG5,Lipg,124840000.0,195820000.0,177890000,114380000,0.132394,0.873099740592954,0.998030532995944,False,NO CHANGE,0,27.1540319108673,0.167798893206552,-5.9103761779352
P08226,Apoe,275400000.0,292870000.0,81689000,388240000,0.673313,0.517411922538228,0.998030532995944,False,UP,0,27.744662626896,0.694297638378109,-5.67100675826076
Q04997,Inha,642320000.0,59623000.0,326910000,149160000,-0.174261,0.899524898811203,0.998030532995944,False,NO CHANGE,0,27.6311715848293,-0.132579725724819,-5.91621899181755
P14901,Hmox1,416870000.0,890490000.0,541620000,927480000,-0.2182,0.755816696535055,0.998030532995944,False,NO CHANGE,0,29.2916232961196,-0.327923138886534,-5.86693767925433
P29416,Hexa,1247500000.0,672410000.0,663870000,609680000,0.525678,0.398744465919266,0.998030532995944,False,NO CHANGE,0,29.507740276549,0.919295445576738,-5.49395300773666
A2ASQ1,Agrn,277600000.0,2872900000.0,391930000,2728500000,-0.211594,0.891573226446956,0.998030532995944,False,NO CHANGE,0,29.8399436553463,-0.143552453418313,-5.9144398870012
P35822,Ptprk,109590000.0,328010000.0,38373000,476990000,0.486867,0.746862550874941,0.998030532995944,False,NO CHANGE,0,27.2549193699399,0.34049972329347,-5.86237826461242
Q9QZZ6,Dpt,226420000.0,793040000.0,375830000,853800000,-0.418792,0.651099510741561,0.998030532995944,False,NO CHANGE,0,28.8680181164364,-0.479581857227091,-5.80127218055603
Q8VCF1,Cant1,370850000.0,473140000.0,417160000,583150000,-0.235682,0.709152185995242,0.998030532995944,False,NO CHANGE,0,28.7598174487986,-0.39419391444927,-5.84108556980789
Q8VCC9,Spon1,152630000.0,348730000.0,135090000,535230000,-0.220965,0.829156504162877,0.998030532995944,False,NO CHANGE,0,27.8919819846809,-0.226944404549888,-5.89752634342758
Q99JR5,Tinagl1,271280000.0,160280000.0,319090000,163010000,-0.129273,0.874227461263722,0.998030532995944,False,NO CHANGE,0,27.7002500019811,-0.166291189399731,-5.91065408745216
P61922,Abat,1271900000.0,649910000.0,1323700000,75126000,1.527632,0.335820181281236,0.998030532995944,False,UP,0,28.9961852011605,1.06231975908178,-5.36300403367573
O88322,Nid2,126430000.0,267220000.0,410690000,334700000,-1.012276,0.225378610728553,0.998030532995944,False,DOWN,0,27.9597460578027,-1.37594004182774,-5.04126142242883
Q91VU0,Fam3c,343080000.0,1422700000.0,285570000,1783300000,-0.030609,0.979894758606872,0.999971162684518,False,NO CHANGE,0,29.3952813954272,-0.0264407619683591,-5.92556724584366
P97461,Rps5,173220000.0,91012000.0,104370000,246580000,-0.353514,0.706048277051992,0.998030532995944,False,NO CHANGE,0,27.0805490265187,-0.39867027889365,-5.83917817857481
Q9ET22,Dpp7,794020000.0,457960000.0,295620000,484570000,0.671974,0.348499566122467,0.998030532995944,False,UP,0,28.8316362358662,1.03046985595091,-5.39365296609089
P36993,Ppm1b,233670000.0,98744000.0,17573000,28002000,2.775602,0.0421346955335875,0.998030532995944,False,UP,0,25.7907426852481,2.68312228540577,-3.5203551235825
Q9QYB1,Clic4,726550000.0,1242200000.0,695760000,828840000,0.323102,0.579400449273348,0.998030532995944,False,NO CHANGE,0,29.6618175145297,0.590963647435668,-5.73885144666081
P84078;P61205;Q8BSL7,Arf1;Arf3;Arf2,469120000.0,514630000.0,626700000,911560000,-0.62131,0.312961329919534,0.998030532995944,False,DOWN,0,29.1828260544726,-1.11742897726731,-5.31020789879406
P61082,Ube2m,156340000.0,124940000.0,103490000,129100000,0.273971,0.737834501626033,0.998030532995944,False,NO CHANGE,0,26.9214004462766,0.353244070599084,-5.85759136992217
P42227,Stat3,306360000.0,112170000.0,426200000,38005000,0.542562,0.710513587247257,0.998030532995944,False,NO CHANGE,0,27.1946013974003,0.39223343112296,-5.84191457916154
Q8JZV9,Bdh2,603890000.0,249320000.0,414850000,416530000,-0.099363,0.893552469079949,0.998030532995944,False,NO CHANGE,0,28.5812484077554,-0.140520793536274,-5.91502017959008
Q8BP47,Nars,216130000.0,69881000.0,168300000,91363000,-0.012923,0.989756212704316,0.999971162684518,False,NO CHANGE,0,26.8793219101216,-0.0134704010428412,-5.92585447495173
Q920A5,Scpep1,335700000.0,655440000.0,223800000,397590000,0.653072,0.40136955644843,0.998030532995944,False,UP,0,28.4787067002599,0.913803265570117,-5.49870592977992
P20065,Tmsb4x,76813000.0,16596000.0,70554000,6483800,0.739273,0.687449652957053,0.998030532995944,False,UP,0,24.7199530220741,0.42569160377842,-5.82723787410727
O70433,Fhl2,307030000.0,276230000.0,229520000,93096000,0.994419,0.265758108757208,0.998030532995944,False,UP,0,27.6203399093307,1.2472317002809,-5.17864071646291
Q9CX34,Sugt1,220850000.0,137150000.0,155530000,61530000,0.831133,0.392227202065018,0.998030532995944,False,UP,0,26.9592688188926,0.933055293199543,-5.48195847181501
Q6P4T2,Snrnp200,44487000.0,57843000.0,10203000,44683000,1.248403,0.384194085042319,0.998030532995944,False,UP,0,24.9720580779423,0.950267861721882,-5.46678197206286
Q8JZK9,Hmgcs1,418280000.0,319650000.0,81476000,359300000,1.095663,0.29523844822441,0.998030532995944,False,UP,0,27.8980742855313,1.16400538394319,-5.26390114834709
O35405,Pld3,384230000.0,261250000.0,388100000,329920000,-0.175572,0.793955611304294,0.998030532995944,False,NO CHANGE,0,28.3269112277535,-0.274997664073687,-5.884315592453
P63166,Sumo1,501210000.0,122560000.0,207160000,197450000,0.293335,0.762995750393153,0.998030532995944,False,NO CHANGE,0,27.7382088173352,0.31788348086887,-5.87045953624094
Q9DBH5,Lman2,266940000.0,318940000.0,124840000,177710000,0.970098,0.226142364573853,0.998030532995944,False,UP,0,27.6352761786198,1.37331453800333,-5.04412298481953
Q61553,Fscn1,201310000.0,1016600000.0,309020000,1050900000,-0.333077,0.766664031100863,0.998030532995944,False,NO CHANGE,0,28.9195129522135,-0.312768027560421,-5.87221362506209
Q07813,Bax,214340000.0,245550000.0,304900000,554940000,-0.842375,0.26965572586491,0.998030532995944,False,DOWN,0,28.1945712288211,-1.23576959118465,-5.19056292570901
Q9Z1Q9,Vars,95754000.0,105390000.0,32147000,84896000,0.943309,0.378321309708507,0.998030532995944,False,UP,0,26.1103415448702,0.963034748887856,-5.45540375539806
Q61239,Fnta,580380000.0,327950000.0,140870000,268290000,1.166158,0.173941057350231,0.998030532995944,False,UP,0,28.1175826006897,1.57561352148671,-4.81782752084802
O70591,Pfdn2,138030000.0,108190000.0,158820000,148880000,-0.331497,0.679775356076301,0.998030532995944,False,NO CHANGE,0,27.0304476542236,-0.436945381721605,-5.8220507512214
Q91YR1,Twf1,579660000.0,806830000.0,836310000,455510000,0.147976,0.816300036040319,0.998030532995944,False,NO CHANGE,0,29.2751728097896,0.244416552796325,-5.89300824888947
O55135,Eif6,1076300000.0,1021500000.0,1112300000,1491800000,-0.296915,0.550905153623621,0.998030532995944,False,NO CHANGE,0,30.114195240993,-0.637527830751104,-5.70941719949117
Q569Z6,Thrap3,94019000.0,52570000.0,28909000,12261000,1.900798,0.1691054681785,0.998030532995944,False,UP,0,25.1166935204548,1.59722810830036,-4.79306033364648
Q8R4N0,Clybl,224080000.0,156680000.0,167380000,28709000,1.434566,0.255718591205788,0.998030532995944,False,UP,0,26.7640590237714,1.27746940080101,-5.1469301571439
Q9JIW9,Ralb,192570000.0,116080000.0,137190000,186040000,-0.095643,0.906758432197686,0.998030532995944,False,NO CHANGE,0,27.2034973994228,-0.122975105664603,-5.9175764323
Q60676,Ppp5c,556590000.0,150370000.0,567200000,464250000,-0.826814,0.367514970324049,0.998030532995944,False,DOWN,0,28.5213975586207,-0.986951162319441,-5.43381618039929
P62774,Mtpn,1070300000.0,404740000.0,481950000,1288700000,-0.259895,0.75816899173342,0.998030532995944,False,NO CHANGE,0,29.4238414578533,-0.324629333592719,-5.86810468444923
O35593,Psmd14,705720000.0,477270000.0,394340000,345990000,0.651866,0.321757698097388,0.998030532995944,False,UP,0,28.7864427466801,1.09515277599362,-5.33196970237007
Q7TNG5,Eml2,381610000.0,522950000.0,451180000,750670000,-0.381555,0.560802334017418,0.998030532995944,False,NO CHANGE,0,28.9255882433912,-0.621185890824885,-5.71996396984527
Q9CWM4,Pfdn1,90676000.0,115540000.0,108170000,241980000,-0.660502,0.470558274005774,0.998030532995944,False,DOWN,0,26.9392680848582,-0.778094085957608,-5.60949656858059
Q810B6,Ankfy1,53773000.0,26297000.0,103910000,52958000,-0.980166,0.396998100781602,0.998030532995944,False,DOWN,0,25.6544695195619,-0.922964978776895,-5.49076634332158
P62075,Timm13,91370000.0,22386000.0,63008000,28603000,0.091308,0.944893411783479,0.998030532995944,False,NO CHANGE,0,25.3850013662914,0.0725373870852213,-5.92303700054361
Q9JJA4,Wdr12,208430000.0,74946000.0,11554000,45046000,2.453776,0.100316632658423,0.998030532995944,False,UP,0,25.6702801449993,1.9974360719741,-4.32319244595247
Q3V1T4,Lepre1,144540000.0,140010000.0,96751000,0,2.846073,0.156774528632189,0.998030532995944,False,NO CHANGE,1,25.6608877845529,1.65521496280898,-4.7261774286644
O35226,Psmd4,775810000.0,174690000.0,457930000,197390000,0.292162,0.777561595003899,0.998030532995944,False,NO CHANGE,0,28.3095938545728,0.297626973945364,-5.87724509640787
Q61205,Pafah1b3,687690000.0,728940000.0,697060000,596190000,0.135252,0.804913705571614,0.998030532995944,False,NO CHANGE,0,29.3315781230362,0.25996439908542,-5.88871317484755
P97855,G3bp1,262420000.0,208550000.0,299720000,146660000,0.15809,0.841857991150355,0.998030532995944,False,NO CHANGE,0,27.722515206744,0.20976290840343,-5.90164927798503
P14069,S100a6,805100000.0,2830500000.0,1334600000,5985600000,-0.904803,0.389622158000321,0.998030532995944,False,DOWN,0,30.9439028783885,-0.938606070778354,-5.4770850457495
P70349,Hint1,511810000.0,291400000.0,681510000,549030000,-0.663505,0.332680394692,0.998030532995944,False,DOWN,0,28.8564820146753,-1.06820433630725,-5.35794688971028
Q99LD8,Ddah2,146310000.0,232220000.0,576730000,570750000,-1.638117,0.0513225505614776,0.998030532995944,False,DOWN,0,28.2767436671621,-2.52327543846182,-3.70359946826576
Q9Z2Y8,Prosc,233850000.0,190020000.0,477620000,975910000,-1.695438,0.0534470016172051,0.998030532995944,False,DOWN,0,28.4990112735765,-2.49074838841427,-3.74128366609288
O70493,Snx12,1065400000.0,995620000.0,250340000,218570000,2.138467,0.0117590911096107,0.998030532995944,False,UP,0,28.8706504380565,3.80563123763861,-2.35576761850266
Q60817;P70670,Naca,1432900000.0,1198500000.0,82279000,282170000,3.104432,0.0107844277831569,0.998030532995944,False,UP,0,28.7352209599868,3.88859965178073,-2.27923515990169
Q8VD62,Bles03,309670000.0,109440000.0,229510000,144170000,0.017272,0.984902992003039,0.999971162684518,False,NO CHANGE,0,27.4472247001589,0.0198531409605507,-5.9257364553915
O55131,2018-09-07 00:00:00,159250000.0,976440000.0,153260000,493430000,0.519999,0.668252162896856,0.998030532995944,False,NO CHANGE,0,28.2948376121991,0.453964268755405,-5.81396934770241
Q9CR98,Fam136a,126740000.0,107570000.0,37818000,36010000,1.661767,0.123835312357966,0.998030532995944,False,UP,0,25.9681153046938,1.83571147281238,-4.51485765206848
Q9CWZ3,Rbm8a,659420000.0,101310000.0,208880000,401500000,-0.16405,0.886710529278405,0.998030532995944,False,NO CHANGE,0,28.0274369040592,-0.149630978909537,-5.91355972839308
Q8CIB5,Fermt2,201840000.0,320930000.0,166910000,217250000,0.418522,0.583608131669382,0.998030532995944,False,NO CHANGE,0,27.7138990935758,0.584209924824849,-5.74296117794216
O54998,Fkbp7,151220000.0,95757000.0,44708000,166850000,0.478471,0.656950145594974,0.998030532995944,False,NO CHANGE,0,26.6032386139697,0.470804325959988,-5.80569432462802
P54775,Psmc4,522070000.0,173320000.0,147400000,224590000,0.725326,0.431306658949807,0.998030532995944,False,UP,0,27.8016026633907,0.853066455071587,-5.54990896458442
P54728,Rad23b,624620000.0,551270000.0,743980000,562780000,-0.141049,0.80558315449987,0.998030532995944,False,NO CHANGE,0,29.1988179477723,-0.259048269191251,-5.88897340045162
Q99L13,Hibadh,385810000.0,193170000.0,187680000,205490000,0.475209,0.54646593618588,0.998030532995944,False,NO CHANGE,0,27.7867009341356,0.644919126923833,-5.70457110458408
Q91Z53,Grhpr,426340000.0,348050000.0,149290000,198890000,1.160605,0.141340493974303,0.998030532995944,False,UP,0,27.9407715753948,1.73451373011565,-4.6338303173453
Q8BL66,Eea1,76791000.0,201590000.0,141960000,81711000,0.208173,0.830480099482076,0.998030532995944,False,NO CHANGE,0,26.7865547360894,0.225150359580853,-5.89797171257109
Q9CR09,Ufc1,425320000.0,441680000.0,518250000,575790000,-0.33382,0.577030715678469,0.998030532995944,False,NO CHANGE,0,28.8581100460445,-0.594780576113105,-5.73651073914561
P24270,Cat,449480000.0,1160600000.0,1112100000,392250000,0.129034,0.879925890765043,0.998030532995944,False,NO CHANGE,0,29.3634357378918,0.158679456270548,-5.91201925019867
P62270,Rps18,140550000.0,318970000.0,29930000,390550000,0.969666,0.522497016648993,0.998030532995944,False,UP,0,27.1728436689105,0.68552400221812,-5.67711969034465
P59999,Arpc4,3500000000.0,3589500000.0,3439100000,6695000000,-0.436989,0.400138581449273,0.998030532995944,False,NO CHANGE,0,31.9414160893522,-0.916375161879865,-5.49648269216871
P63280,Ube2i,1070600000.0,1459700000.0,1475200000,1700800000,-0.341516,0.483995848514671,0.998030532995944,False,NO CHANGE,0,30.3901567327575,-0.753481449222642,-5.62813842493627
P50543,S100a11,902160000.0,1305400000.0,1029000000,1811300000,-0.331161,0.562167960200826,0.998030532995944,False,NO CHANGE,0,30.1809067710254,-0.618945493993024,-5.72139174432982
Q9CQE1,Nipsnap3b,684130000.0,223400000.0,764280000,241600000,-0.136411,0.88846801469926,0.998030532995944,False,NO CHANGE,0,28.6105801125404,-0.147289477620965,-5.91394377333757
Q9D358,Acp1,356510000.0,391880000.0,300790000,394150000,0.118427,0.854572263117595,0.998030532995944,False,NO CHANGE,0,28.4183887262524,0.192637178844601,-5.905441579484
Q8BFS6,Cpped1,502060000.0,479490000.0,178910000,487270000,0.732703,0.368540738987681,0.998030532995944,False,UP,0,28.5037537452952,0.984656589570734,-5.43590252029906
Q3UEB3,Puf60,117750000.0,38851000.0,90886000,61907000,-0.149277,0.889791429639953,0.998030532995944,False,NO CHANGE,0,26.0859385432666,-0.145526923171802,-5.91422890116724
Q9CQ45,Nenf,518900000.0,338400000.0,39062000,346550000,1.848642,0.183320511438858,0.998030532995944,False,UP,0,27.7181965955841,1.53530649540556,-4.86374915300734
Q99KR7,Ppif,95030000.0,61676000.0,362890000,249790000,-1.975506,0.0501997970505741,0.998030532995944,False,DOWN,0,27.1777957754299,-2.54106074599169,-3.6830474832121
Q8BGS2,Bola2,165060000.0,61172000.0,132930000,71257000,0.046082,0.963627127869807,0.999824267041862,False,NO CHANGE,0,26.5593508289383,0.0478497388077665,-5.92468494511949
P56380,Nudt2,405030000.0,345960000.0,30290000,377000000,1.808578,0.229014661449546,0.998030532995944,False,UP,0,27.5754527640352,1.36351404089496,-5.05478443407932
Q62189,Snrpa,280800000.0,317490000.0,191900000,242320000,0.469493,0.509646000097867,0.998030532995944,False,NO CHANGE,0,27.9188053296931,0.707810487549618,-5.66146794583362
Q9DB29,Iah1,520660000.0,230600000.0,550790000,402550000,-0.442468,0.556053844468336,0.998030532995944,False,NO CHANGE,0,28.589525869973,-0.629003220343795,-5.71494776910904
P62889,Rpl30,201580000.0,209530000.0,114870000,492910000,-0.211408,0.83048811732963,0.998030532995944,False,NO CHANGE,0,27.7203836700493,-0.225139494539956,-5.8979743992584
P26350,Ptma,1276800000.0,740520000.0,603650000,673820000,0.608462,0.320364378811302,0.998030532995944,False,UP,0,29.5526934868258,1.09864619162675,-5.32857397071316
P70202,Lxn,1049100000.0,1084900000.0,818800000,779620000,0.417144,0.418505364474088,0.998030532995944,False,NO CHANGE,0,29.7821379252349,0.878626135965428,-5.52866960832396
P32067,Ssb,98309000.0,76592000.0,69842000,142070000,-0.199054,0.830909403772545,0.998030532995944,False,NO CHANGE,0,26.4702821940829,-0.224568650489683,-5.89811537794515
Q8VCA8,Scrn2,638800000.0,236020000.0,340230000,106380000,1.029268,0.321727291892269,0.998030532995944,False,UP,0,28.0179274412727,1.0952288741759,-5.33189580021362
P59024,Fkbp14,105540000.0,85696000.0,68623000,81239000,0.349041,0.697532782537431,0.998030532995944,False,NO CHANGE,0,26.3284492962481,0.410999064473799,-5.8338207833507
Q8BGB7,Enoph1,389650000.0,262370000.0,514700000,336040000,-0.379292,0.585816066162788,0.998030532995944,False,NO CHANGE,0,28.4419613439327,-0.580677899699267,-5.74509415031591
Q9D6N1,Ca13,977940000.0,690600000.0,672100000,679410000,0.282319,0.613444785604594,0.998030532995944,False,NO CHANGE,0,29.4730634202115,0.537139614969219,-5.77045472046423
P60670,Nploc4,100130000.0,66538000.0,49442000,84630000,0.335537,0.73154617811627,0.998030532995944,False,NO CHANGE,0,26.1147184524372,0.362160435870908,-5.85414304033241
Q99KP3,Cryl1,293270000.0,306860000.0,322450000,93771000,0.78676,0.405402180990747,0.998030532995944,False,UP,0,27.7669495816193,0.90542100486469,-5.50592141349598
Q8BGD9,Eif4b,136800000.0,151080000.0,25632000,71698000,1.745679,0.131045506360374,0.998030532995944,False,UP,0,26.2262756736053,1.7923818228941,-4.56592522500472
P56391,Cox6b1,90008000.0,48404000.0,76033000,36080000,0.333677,0.758482815631466,0.998030532995944,False,NO CHANGE,0,25.8092478050692,0.324190213232719,-5.86825941429211
Q8VCR7,Abhd14b,769620000.0,858450000.0,14176000000,26528000000,-4.576399,0.0001583546204124,0.116075908668444,False,DOWN,0,31.8865645588002,-9.75479285802785,0.679524201998267
Q8VBV7,Cops8,241550000.0,321610000.0,46179000,285120000,1.280378,0.29049663065757,0.998030532995944,False,UP,0,27.4140528085187,1.17688041294638,-5.25091592874163
Q03265,Atp5a1,312260000.0,100500000.0,197850000,156330000,0.010471,0.990946245137279,0.999971162684518,False,NO CHANGE,0,27.3951610095027,0.0119054352035033,-5.92587651092498
P11930,Nudt19,332630000.0,241040000.0,80348000,286400000,0.900413,0.362709967310507,0.998030532995944,False,UP,0,27.6268138542336,0.997769780186827,-5.42393651393484
Q3UGR5,Hdhd2,1495600000.0,1073700000.0,778470000,1021500000,0.506956,0.351452605994304,0.998030532995944,False,NO CHANGE,0,29.9855323235185,1.02358490286159,-5.40008095102733
O35295,Purb,267580000.0,513020000.0,371770000,364120000,0.010081,0.988467295154595,0.999971162684518,False,NO CHANGE,0,28.4598771840387,0.0151654514392715,-5.92582754126632
P42669,Pura,568140000.0,762250000.0,231820000,784470000,0.625894,0.459998570699402,0.998030532995944,False,UP,0,28.9807332690234,0.797794520720291,-5.5942415836732
Q71RI9,Ccbl2,556320000.0,347790000.0,377850000,31864000,2.003159,0.186292161595323,0.998030532995944,False,UP,0,27.7109108431873,1.52295222252538,-4.8777508658849
Q99LG2,Tnpo2,40702000.0,0.0,25087000,0,-0.652645,0.749691514926374,0.998030532995944,False,NO CHANGE,2,23.3967560141184,-0.336519599103235,-5.86383889911445
Q9CQI7,Snrpb2,27066000.0,4419600.0,0,6378300,1.07171,0.505997047148821,0.998030532995944,False,NO CHANGE,1,22.8468761503494,0.714208478204507,-5.65689958831469
Q3ULJ0,Gpd1l,78794000.0,28649000.0,19662000,9508500,1.796935,0.23229950329678,0.998030532995944,False,UP,0,24.6033142418168,1.35244503221569,-5.06678690787272
O35969,Gamt,418970000.0,345090000.0,437710000,661820000,-0.501297,0.443621725571175,0.998030532995944,False,NO CHANGE,0,28.752983220902,-0.829016050368781,-5.56947238360346
Q9DA79,Dpep3,299910000.0,0.0,426730000,7641300,-0.742226,0.809068282016166,0.998030532995944,False,NO CHANGE,1,25.3959543876884,-0.255022389552859,-5.88978780142825
Q9CZU3,Skiv2l2,71435000.0,7706100.0,77947000,0,-0.097133,0.960605573144401,0.998874496667108,False,NO CHANGE,1,24.5324152352862,-0.0518287806997932,-5.92446496754964
Q9DBT5,Ampd2,74943000.0,21958000.0,155030000,19069000,-0.422582,0.786643146502781,0.998030532995944,False,NO CHANGE,0,25.4850579366165,-0.285070109781531,-5.88123519005406
Q9JLV5,Cul3,128750000.0,0.0,80852000,0,-0.056533,0.98333933764329,0.999971162684518,False,NO CHANGE,2,24.0726122324628,-0.0219097802152459,-5.9256887978889
Q3UHX2,Pdap1,69687000.0,26174000.0,0,4433700,3.151832,0.0642821197830784,0.998030532995944,False,NO CHANGE,1,23.772092696563,2.34403445735118,-3.91266053285867
Q8K2V1,Ppp4r1,89889000.0,0.0,6483200,0,1.283908,0.584606428772041,0.998030532995944,False,NO CHANGE,2,22.8845267188854,0.582611944538722,-5.74392758077912
P39061,Col18a1,135700000.0,77184000.0,216350000,808980000,-2.031338,0.0810977200349935,0.998030532995944,False,DOWN,0,27.6244911578644,-2.16201072057202,-4.12769456196344
Q99KJ8,Dctn2,364080000.0,30955000.0,47111000,35239000,1.38156,0.377535705349414,0.998030532995944,False,UP,0,25.9708949106562,0.964754658184881,-5.45386311181833
O35900,Lsm2,114620000.0,1331700.0,32588000,20915000,-1.079375,0.667646217388166,0.998030532995944,False,DOWN,0,24.0982483459986,-0.454863347682054,-5.81353452782223
P50429,Arsb,397850000.0,118940000.0,113500000,113170000,0.940637,0.346073065367786,0.998030532995944,False,UP,0,27.2263353703889,1.03616360621712,-5.38831658190467
P27661,H2afx,129630000.0,69620000.0,0,140510000,2.186142,0.325338729446574,0.998030532995944,False,NO CHANGE,1,25.4083402865828,1.08623308809935,-5.34061083846262
Q9ER10,Prss22,178740000.0,12459000000.0,310460000,6672700000,0.05215,0.983854651197082,0.999971162684518,False,NO CHANGE,0,30.448803043212,0.0212897251524152,-5.92570132947556
P33434,Mmp2,254860000.0,3845300000.0,808230000,1946100000,-0.341275,0.815691438937165,0.998030532995944,False,NO CHANGE,0,30.0534270232473,-0.245955620948317,-5.89229726530731
Q8QZR4,Oaf,493210000.0,888630000.0,365890000,721530000,0.365658,0.607461875394042,0.998030532995944,False,NO CHANGE,0,29.1194883255336,0.546467754553653,-5.76516757814423
P06869,Plau,216140000.0,27233000000.0,327860000,34231000000,-0.465531,0.887160575892558,0.998030532995944,False,NO CHANGE,0,31.4087791905977,-0.14944608772019,-5.91347728935458
P28798,Grn,112930000.0,432150000.0,124140000,712570000,-0.429019,0.73121746467793,0.998030532995944,False,NO CHANGE,0,27.9334149462828,-0.362627442479167,-5.85396018456422
Q07235,Serpine2,251200000.0,251840000.0,0,148290000,3.237086,0.122583372859703,0.998030532995944,False,NO CHANGE,1,26.2875536771239,1.84349513828215,-4.50566699693402
P01887,B2m,23140000000.0,21301000000.0,29945000000,21298000000,-0.185862,0.638538466015466,0.998030532995944,False,NO CHANGE,0,34.4628667282617,-0.49857156717421,-5.7914518266371
P20060,Hexb,196030000.0,812320000.0,63967000,749750000,0.865657,0.568205429169782,0.998030532995944,False,UP,0,28.1391577513817,0.609081646683526,-5.72762545426368
Q00993,Axl,778970000.0,1105300000.0,747760000,1560700000,-0.219381,0.724935781192905,0.998030532995944,False,NO CHANGE,0,29.8990823845836,-0.37156975529309,-5.85041584855956
Q61810,Ltbp3,76573000.0,62985000.0,68945000,72662000,-0.027401,0.976568593155253,0.999971162684518,False,NO CHANGE,0,26.0631194328915,-0.0308165965403688,-5.92542823785976
O35188,Cx3cl1,1318500000.0,1263700000.0,956850000,1116700000,0.320473,0.509470217530332,0.998030532995944,False,NO CHANGE,0,30.1053923355763,0.708117977251378,-5.66124914992668
Q07079,Igfbp5,178840000.0,317510000.0,189140000,197790000,0.301024,0.695264080633797,0.998030532995944,False,NO CHANGE,0,27.6776486266998,0.414295834483157,-5.83236240515745
Q8BHN0,Ppm1l,72094000.0,18761000.0,109330000,64632000,-1.192625,0.34551958580661,0.998030532995944,False,DOWN,0,25.7286171603522,-1.03746699662315,-5.38709239868204
P13595,Ncam1,133660000.0,1317100000.0,122600000,1231500000,0.110779,0.946838795828857,0.998030532995944,False,NO CHANGE,0,28.5889658744535,0.0700381507649386,-5.9232257667056
Q9DAN8,Cst12,10906000000.0,2750900000.0,2644700000,5661500000,0.501333,0.555679712099658,0.998030532995944,False,NO CHANGE,0,32.1001634224911,0.629620954483114,-5.71454911489723
Q3UHN9,Ndst1,129110000.0,59251000.0,104570000,132420000,-0.428039,0.647077681959041,0.998030532995944,False,NO CHANGE,0,26.5962003109827,-0.485640217816138,-5.79817667618746
P82198,Tgfbi,183100000.0,2214900000.0,222530000,820200000,0.575913,0.69231279035776,0.998030532995944,False,NO CHANGE,0,28.9583690185201,0.418592312529003,-5.83044551365595
P63037,Dnaja1,103690000.0,68633000.0,44486000,32413000,1.151592,0.287834311441082,0.998030532995944,False,UP,0,25.754254468436,1.18419041117002,-5.24350894790614
Q9CR51,Atp6v1g1,94648000.0,35227000.0,46419000,29438000,0.643429,0.590715667503553,0.998030532995944,False,UP,0,25.4614088492563,0.572868825679226,-5.7497700719283
P63001;P60764,Rac1;Rac3,172000000.0,586790000.0,271620000,1194600000,-0.842396,0.452657195296216,0.998030532995944,False,DOWN,0,28.6642493301297,-0.811686864089063,-5.58330904603969
Q8R1F1,Fam129b,189640000.0,241310000.0,121240000,283430000,0.206646,0.805247313619266,0.998030532995944,False,NO CHANGE,0,27.5691770661865,0.259507829869921,-5.88884297446403
Q8BVQ5,Ppme1,195360000.0,90463000.0,151260000,105060000,0.076645,0.93155140263384,0.998030532995944,False,NO CHANGE,0,26.9478694752624,0.0901508764546997,-5.92144910186085
Q9DB05,Napa,194310000.0,125010000.0,75100000,42161000,1.469769,0.153965019016479,0.998030532995944,False,UP,0,26.4807421240603,1.6690552507521,-4.71012766331883
O70318,Epb41l2,396200000.0,157550000.0,59930000,22735000,2.758851,0.0397590004738405,0.998030532995944,False,UP,0,26.5170187147986,2.73070989223775,-3.46648630012115
O70492,Snx3,318510000.0,322250000.0,281880000,271010000,0.213046,0.747985593402501,0.998030532995944,False,NO CHANGE,0,28.1486613172652,0.338918943455993,-5.86296034302545
Q9EQX4,Aif1l,71841000.0,97886000.0,0,19117000,2.877652,0.0671278958154785,0.998030532995944,False,NO CHANGE,1,24.8826255818044,2.30989424917617,-3.95282407985782
P54823,Ddx6,312700000.0,471000000.0,230450000,310980000,0.519615,0.464296806321426,0.998030532995944,False,NO CHANGE,0,28.2558702206819,0.789736249256018,-5.60051692802907
Q8K310,Matr3,229650000.0,337280000.0,79993000,66982000,1.926796,0.0521632295179737,0.998030532995944,False,UP,0,27.0887184036781,2.51023255301088,-3.71869542343299
P62264,Rps14,69738000.0,108440000.0,3800400,125310000,1.994559,0.33732914773589,0.998030532995944,False,UP,0,25.3766023956365,1.05696179334316,-5.36866807276161
P16110,Lgals3,126760000.0,70218000.0,23095000,50856000,1.460935,0.217614540487503,0.998030532995944,False,UP,0,25.7609634403036,1.40311250936544,-5.01151497402772
Q8BY87,Usp47,275300000.0,487840000.0,6649600,235390000,3.211474,0.131431475066179,0.998030532995944,False,UP,0,26.843394025871,1.79013087795539,-4.56857337327154
Q8BFY9,Tnpo1,302070000.0,224510000.0,354340000,243770000,-0.174496,0.80575852891102,0.998030532995944,False,NO CHANGE,0,28.0435041441083,-0.258808314542799,-5.88904141162484
Q8BG95,Ppp1r12b,40161000.0,27278000.0,10274000,12586000,1.541358,0.278676126436028,0.998030532995944,False,UP,0,24.2095843868106,1.20980125984909,-5.21736625914908
Q99JI6;P62835,Rap1b;Rap1a,108120000.0,100260000.0,328140000,401500000,-1.801666,0.0485253857801675,0.998030532995944,False,DOWN,0,27.5344475120721,-2.56840365974605,-3.65152716652605
Q9WUL7,Arl3,448730000.0,271970000.0,506320000,285320000,-0.121668,0.866617129624384,0.998030532995944,False,NO CHANGE,0,28.4409061372407,-0.176474720987687,-5.90872884008297
Q9DBG9,Tax1bp3,286650000.0,171860000.0,116250000,297100000,0.256172,0.771828128472856,0.998030532995944,False,NO CHANGE,0,27.5976006092314,0.305582813322138,-5.87463126056085
P48036,Anxa5,125560000.0,203640000.0,38794000,90850000,1.429467,0.179459760144818,0.998030532995944,False,UP,0,26.5378902009542,1.55164960090095,-4.84517267360794
P42225,Stat1,99904000.0,15203000.0,414930000,32796000,-1.581709,0.387123047325054,0.998030532995944,False,DOWN,0,26.0068002669137,-0.943958983413306,-5.472366581721
Q8K354,Cbr3,216520000.0,481340000.0,137000000,298880000,0.673907,0.448209482786061,0.998030532995944,False,UP,0,27.9292494752714,0.820184658334212,-5.57655136223727
Q9DCH4,Eif3f,203420000.0,296700000.0,0,131760000,3.383613,0.113401373737639,0.998030532995944,False,NO CHANGE,1,26.1803513253696,1.90318752624829,-4.43504457117686
Q9CQW1,Ykt6,175930000.0,157380000.0,340140000,242520000,-0.787489,0.306887956678762,0.998030532995944,False,DOWN,0,27.7037962919838,-1.13312608019345,-5.2947212309012
Q9CX56,Psmd8,1257700000.0,463370000.0,728690000,569130000,0.245409,0.735231982756613,0.998030532995944,False,NO CHANGE,0,29.3851607578697,0.3569302322036,-5.85617566261405
Q9QZQ8,H2afy,105950000.0,161940000.0,63189000,268740000,0.007443,0.994428115300048,0.999971162684518,False,NO CHANGE,0,26.9611246046117,0.00732674472702,-5.92592537419677
O88685,Psmc3,203020000.0,156770000.0,111010000,86903000,0.861052,0.314109109967953,0.998030532995944,False,UP,0,26.9800344828367,1.11449202690612,-5.31309164712356
Q9CQJ6,Denr,165630000.0,132670000.0,130150000,356240000,-0.538609,0.551238388770379,0.998030532995944,False,NO CHANGE,0,27.4126325125516,-0.63697455066512,-5.70977806303244
Q8VEB4,Pla2g15,280610000.0,192170000.0,98507000,0,3.165047,0.0842742149469735,0.998030532995944,False,NO CHANGE,1,26.2083760465416,2.13215544801561,-4.16312524195317
Q9CQE8,,150690000.0,30124000.0,65407000,14260000,1.141503,0.457555161873392,0.998030532995944,False,UP,0,25.4349577022438,0.802400020481011,-5.59063321261452
P48758,Cbr1,240780000.0,549210000.0,276090000,469170000,0.014912,0.984753986477348,0.999971162684518,False,NO CHANGE,0,28.4305054733657,0.0200491200804581,-5.92573211635701
Q8BP40,Acp6,632940000.0,503420000.0,389420000,285050000,0.760645,0.259220645121239,0.998030532995944,False,UP,0,28.6920180741517,1.26680159442235,-5.15815973290308
Q8VCT3,Rnpep,281060000.0,217140000.0,24696000,897410000,0.730694,0.694482391472815,0.998030532995944,False,UP,0,27.5148298124392,0.415432951740063,-5.83185686660074
P63168,Dynll1,200260000.0,24446000.0,54928000,78055000,0.095684,0.944457739956089,0.998030532995944,False,NO CHANGE,0,26.0123550680657,0.0731120817071597,-5.92299060333357
Q8BI84,Mia3,65140000.0,8928500.0,19471000,0,1.316567,0.465653393727043,0.998030532995944,False,NO CHANGE,1,23.8652300115101,0.787204254758496,-5.602478608226
Q9Z1B5,Mad2l1,137880000.0,77938000.0,334730000,307430000,-1.629722,0.0801842785393367,0.998030532995944,False,DOWN,0,27.4421917169961,-2.17082450017657,-4.11724078796633
Q9EQS3,Mycbp,158840000.0,26553000.0,120140000,32751000,0.050097,0.971688558258103,0.999971162684518,False,NO CHANGE,0,25.9276368768791,0.0372379720973245,-5.92518579909981
Q9DCT5,Sdf2,114800000.0,182610000.0,69536000,109430000,0.731024,0.420635612017102,0.998030532995944,False,UP,0,26.743856934728,0.874331581743574,-5.53227002237295
P47941,Crkl,250590000.0,164800000.0,276300000,66179000,0.587682,0.574727242289166,0.998030532995944,False,UP,0,27.3046062704949,0.598500077760361,-5.73421727792276
P11031,Sub1,529760000.0,242210000.0,338590000,324570000,0.111764,0.879411771066365,0.998030532995944,False,NO CHANGE,0,28.3603413512593,0.159365741146917,-5.911898760277
Q9DBP5,Cmpk1,977590000.0,776380000.0,923890000,1094000000,-0.206635,0.689807633238838,0.998030532995944,False,NO CHANGE,0,29.8017383607128,-0.422246318706492,-5.82880079756165
P54726,Rad23a,202920000.0,84519000.0,88761000,0,2.369639,0.176871858717796,0.998030532995944,False,NO CHANGE,1,25.7797343450832,1.56279652391103,-4.83246832843614
P52503,Ndufs6,31868000.0,20153000.0,54208000,6380800,0.446394,0.78887457476129,0.998030532995944,False,NO CHANGE,0,24.3718511881733,0.281992912513459,-5.88218764890805
P47738,Aldh2,257710000.0,308420000.0,219950000,432110000,-0.128965,0.861482337751777,0.998030532995944,False,NO CHANGE,0,28.1352295245012,-0.183357892532358,-5.9073635863915
P28656,Nap1l1,595960000.0,838090000.0,206570000,1277900000,0.459993,0.659721544033767,0.998030532995944,False,NO CHANGE,0,29.1665883763523,0.466660965063961,-5.80775588274143
Q78ZA7,Nap1l4,422580000.0,486470000.0,7522600,204750000,3.530168,0.0853796011451439,0.998030532995944,False,UP,0,26.9911282513546,2.12204304058047,-4.17513221007871
Q8BQ47,Cnpy4,134660000.0,205190000.0,120810000,138750000,0.360527,0.656905815510386,0.998030532995944,False,NO CHANGE,0,27.1283021195933,0.47087067636139,-5.80566117627782
P62814,Atp6v1b2,430210000.0,81652000.0,1069900000,246750000,-1.454926,0.267885016114549,0.998030532995944,False,DOWN,0,28.2091885909461,-1.24095831262725,-5.18517275043238
Q6NZJ6,Eif4g1,269390000.0,333340000.0,90554000,230340000,1.053038,0.247255590306003,0.998030532995944,False,UP,0,27.6322512557604,1.3038081363529,-5.11901396183326
Q9QXA5,Lsm4,150940000.0,101410000.0,17726000,146500000,1.279668,0.364437225876999,0.998030532995944,False,UP,0,26.2426784317052,0.993867379578482,-5.42750834280465
P49442,Inpp1,386350000.0,285530000.0,446360000,267490000,-0.057071,0.934842701531718,0.998030532995944,False,NO CHANGE,0,28.335735618564,-0.0858030135158324,-5.92187294167388
P62488,Polr2g,119090000.0,71563000.0,77236000,59491000,0.445625,0.638105808585304,0.998030532995944,False,NO CHANGE,0,26.2372814434885,0.499229275568678,-5.7911055268183
Q03958,Pfdn6,127120000.0,95117000.0,94037000,211830000,-0.360121,0.691538327365836,0.998030532995944,False,NO CHANGE,0,26.892468131613,-0.419721248219281,-5.82993878305532
O35344,Kpna3,507600000.0,502080000.0,589840000,175010000,0.651924,0.450628458909193,0.998030532995944,False,UP,0,28.5852673461236,0.815555241601152,-5.58023938790508
Q9D8S9,Bola1,46360000.0,10670000.0,26638000,75029000,-1.007247,0.502426641056427,0.998030532995944,False,DOWN,0,24.9103403742817,-0.720499632118834,-5.65237519551035
Q9WU28,Pfdn5,100960000.0,107240000.0,22639000,90311000,1.202386,0.316752650463223,0.998030532995944,False,UP,0,26.0315454351388,1.10776266945316,-5.31968246448969
Q9JI46,Nudt3,584340000.0,376830000.0,227660000,434490000,0.577259,0.438129890569536,0.998030532995944,False,NO CHANGE,0,28.5171561788404,0.839678182786701,-5.56085059898056
Q9CR68,Uqcrfs1,745560000.0,262490000.0,85198000,371940000,1.313313,0.256640233921238,0.998030532995944,False,UP,0,28.0640618343331,1.27464914367393,-5.14990332803347
Q9D6Y7,Msra,181880000.0,208600000.0,134410000,156110000,0.427261,0.579710536576043,0.998030532995944,False,NO CHANGE,0,27.3236571341289,0.590464902402997,-5.73915633719985
Q4VAA2,Cdv3,148300000.0,116930000.0,55107000,159570000,0.489833,0.618433009525115,0.998030532995944,False,NO CHANGE,0,26.7275899230895,0.52940253336552,-5.7747787835858
P61759,Vbp1,263040000.0,284770000.0,198830000,222170000,0.38094,0.590394390894017,0.998030532995944,False,NO CHANGE,0,27.8374944702022,0.573379677999285,-5.7494658691815
P60867,Rps20,434800000.0,372660000.0,14581000,533400000,2.190416,0.266728145343071,0.998030532995944,False,UP,0,27.4893225867324,1.24436496369066,-5.18162768441139
Q9WUP7,Uchl5,254590000.0,107630000.0,254200000,26123000,1.02245,0.478680401789617,0.998030532995944,False,UP,0,26.7913278931131,0.763158072933674,-5.62086511067812
Q8BPG6,Sumf2,289750000.0,208210000.0,21501000,95083000,2.441557,0.0655041642592459,0.998030532995944,False,UP,0,26.6510705129762,2.32917964355788,-3.93012467216444
P70665,Siae,257630000.0,117500000.0,112580000,83828000,0.840753,0.364948842687617,0.998030532995944,False,UP,0,26.9540287651247,0.992714389230899,-5.42856191437053
P63276,Rps17,135870000.0,127470000.0,27648000,110770000,1.249785,0.283197031241263,0.998030532995944,False,UP,0,26.3467244914809,1.19706684897292,-5.23040207229363
P35585,Ap1m1,411220000.0,352110000.0,279890000,104480000,1.153925,0.202249551306826,0.998030532995944,False,UP,0,27.9264306036506,1.45968811101589,-4.94885740648826
P62082,Rps7,114500000.0,210530000.0,63383000,259810000,0.274874,0.79701346267615,0.998030532995944,False,NO CHANGE,0,27.0726743187234,0.270795448156459,-5.88556899178356
Q8BJW6,Eif2a,79783000.0,404030000.0,73704000,239050000,0.435744,0.721746943402106,0.998030532995944,False,NO CHANGE,0,27.2018604907327,0.376122435023175,-5.8485800469105
P35564,Canx,108230000.0,295470000.0,402970000,639830000,-1.505624,0.116156562294317,0.998030532995944,False,DOWN,0,28.1667930552224,-1.88477210822068,-4.45685578189634
P31230,Aimp1,154750000.0,315520000.0,77155000,515170000,0.148395,0.901076387958108,0.998030532995944,False,NO CHANGE,0,27.6450625110101,0.13051848275529,-5.9165188514792
Q9CXW4,Rpl11,272140000.0,230660000.0,215720000,548710000,-0.457543,0.572682760388898,0.998030532995944,False,NO CHANGE,0,28.1292549270262,-0.601809132821504,-5.73216655607374
Q9QZ23,Nfu1,451710000.0,182010000.0,110270000,100740000,1.443869,0.13721630742016,0.998030532995944,False,UP,0,27.3731976469487,1.75717021983904,-4.60728941440778
Q9D0M5,Dynll2,651570000.0,309740000.0,546220000,474050000,-0.179772,0.794652885119097,0.998030532995944,False,NO CHANGE,0,28.8327995739215,-0.274038944133675,-5.88460319840806
Q91YP3,Dera,206790000.0,112650000.0,31224000,0,3.655893,0.0426728550142918,0.998030532995944,False,NO CHANGE,1,25.3574848926499,2.67275078053596,-3.53213936224961
Q9CR86,Carhsp1,157620000.0,90866000.0,68369000,43946000,1.126523,0.267372397041073,0.998030532995944,False,UP,0,26.2712950273947,1.24246619309,-5.18360420274499
Q8VDQ1,Ptgr2,450180000.0,295040000.0,217040000,662420000,-0.057147,0.94579644226026,0.998030532995944,False,NO CHANGE,0,28.4697046864736,-0.0713462904290769,-5.92313199883565
P13707,Gpd1,285430000.0,438880000.0,82257000,160740000,1.622012,0.0889361398605843,0.998030532995944,False,UP,0,27.5879004721598,2.09041534310854,-4.2127004459394
Q6P3D0,Nudt16,155550000.0,51327000.0,93096000,16968000,1.168744,0.408833653216107,0.998030532995944,False,UP,0,25.8286366983882,0.898339567030164,-5.51198059500363
Q6P069,Sri,262920000.0,276800000.0,198670000,136230000,0.713525,0.355289582415631,0.998030532995944,False,UP,0,27.650396337046,1.0147103648577,-5.40832598264575
Q9D1J3,Sarnp,181550000.0,189490000.0,330880000,162180000,-0.320708,0.688411092738626,0.998030532995944,False,NO CHANGE,0,27.6270229224322,-0.424286126857564,-5.82787687978307
Q6NSR8,Npepl1,610950000.0,434750000.0,648880000,226050000,0.428323,0.595254072936549,0.998030532995944,False,NO CHANGE,0,28.726883249029,0.565670246019716,-5.75403150700426
P23198,Cbx3,365920000.0,112760000.0,193220000,408170000,-0.467315,0.629010754200767,0.998030532995944,False,NO CHANGE,0,27.8314743184917,-0.513112878198599,-5.78369969991813
Q91WK1,Spryd4,75055000.0,46771000.0,43483000,40904000,0.490435,0.64628073350872,0.998030532995944,False,NO CHANGE,0,25.5750606315364,0.486843127810253,-5.79755785911414
Q6IRU5,Cltb,478870000.0,554100000.0,701790000,640240000,-0.379936,0.511163384183557,0.998030532995944,False,NO CHANGE,0,29.1302829163735,-0.70515920538334,-5.66335128355751
Q505B7,Zbtb8os,234000000.0,238560000.0,235040000,479100000,-0.506186,0.508026089400963,0.998030532995944,False,NO CHANGE,0,28.0689482108538,-0.710646898302026,-5.65944676518445
P56375,Acyp2,145510000.0,139860000.0,193820000,57876000,0.429674,0.666237406876179,0.998030532995944,False,NO CHANGE,0,26.8731388299438,0.456955320486355,-5.81251973649241
Q920B9,Supt16h,473250000.0,1757400000.0,106220000,703610000,1.738071,0.196134873472009,0.998030532995944,False,UP,0,28.895375914487,1.4833456134838,-4.9223883494165
P55821,Stmn2,400270000.0,262070000.0,566450000,582310000,-0.826405,0.229104450511237,0.998030532995944,False,DOWN,0,28.6840901877257,-1.36320952131771,-5.05511519015005
Q922V4,Plrg1,187950000.0,172300000.0,159330000,87999000,0.603847,0.476723634583235,0.998030532995944,False,UP,0,27.1211369057779,0.766739660709611,-5.61815463689977
Q9CQR2,Rps21,266610000.0,159010000.0,1096800000,184190000,-1.126287,0.327180835420997,0.998030532995944,False,DOWN,0,28.180492684202,-1.08167727191578,-5.34500809729005
P56395,Cyb5a,974440000.0,440990000.0,172360000,693960000,0.922521,0.356753204546495,0.998030532995944,False,UP,0,28.8268239612783,1.01134602585464,-5.41143965746824
P52760,Hrsp12,293570000.0,446970000.0,318370000,348540000,0.120927,0.856371122787256,0.998030532995944,False,NO CHANGE,0,28.3719025546345,0.190219701352636,-5.90595131257461
Q9CYW4,Hdhd3,122940000.0,37960000.0,87182000,37096000,0.264534,0.822974521894928,0.998030532995944,False,NO CHANGE,0,25.8934107665849,0.235335223455959,-5.89539743003734
P27048;P63163,Snrpb;Snrpn,728580000.0,726720000.0,438010000,427110000,0.750458,0.221060344752354,0.998030532995944,False,UP,0,29.0634393810966,1.39094279377819,-5.02486667108162
Q8C0C7,Farsa,87910000.0,19525000.0,37281000,27891000,0.361555,0.790410372557229,0.998030532995944,False,NO CHANGE,0,25.1233941775572,0.279876831141364,-5.88283681724562
P17897,Lyz1,0.0,9412500.0,0,1750100,1.441017,0.315465791213305,0.998030532995944,False,NO CHANGE,2,22.1120131512123,1.11103242454168,-5.31648292778925
P21619,Lmnb2,5309000.0,24050000.0,4474600,35650000,-0.160592,0.928702723552961,0.998030532995944,False,NO CHANGE,0,23.5100670749573,-0.093915667092399,-5.92106523784901
Q3TC72,Fahd2,103100000.0,0.0,19711000,49353000,-0.065582,0.96986005060105,0.999971162684518,False,NO CHANGE,1,24.8617750302775,-0.0396444618437868,-5.92508316304852
Q3URD3,Slmap,50814000.0,0.0,32144000,0,-0.637203,0.771330530019514,0.998030532995944,False,NO CHANGE,2,23.5044076580581,-0.306274350046784,-5.87440092619577
Q8R326,Pspc1,17760000.0,4183700.0,6750200,18950000,-0.391859,0.802659321141199,0.998030532995944,False,NO CHANGE,0,23.2351673873412,-0.26305138349227,-5.88782974593013
Q91YP2,Nln,214400000.0,116580000.0,209070000,109820000,0.061249,0.944079291867402,0.998030532995944,False,NO CHANGE,0,27.2056127815112,0.0736113158584791,-5.92295000179841
Q9JL35,Hmgn5,369360000.0,97256000.0,47073000,46481000,2.018601,0.100848281972217,0.998030532995944,False,UP,0,26.4885676383939,1.99336490336623,-4.3280292367732
Q9QXV0,Pcsk1n,98667000.0,33290000.0,106550000,49970000,-0.348432,0.760286209440633,0.998030532995944,False,NO CHANGE,0,25.946541019347,-0.321668214549601,-5.86914418969746
Q3SXD3,Hddc2,233810000.0,200270000.0,28755000,168600000,1.635897,0.197366245549528,0.998030532995944,False,UP,0,26.8711178188179,1.47852539553525,-4.92779355992852
P97930,Dtymk,77344000.0,0.0,89108000,112210000,-2.600175,0.194667308097304,0.998030532995944,False,NO CHANGE,1,25.2752511625924,-1.48912836366342,-4.91589577620475
Q9CXT8,Pmpcb,95952000.0,0.0,0,17073000,1.658924,0.408990601594743,0.998030532995944,False,NO CHANGE,2,23.8008278360407,0.898016788291914,-5.51225597589148
O88967,Yme1l1,91645000.0,0.0,34106000,8975100,-0.458041,0.847002132000001,0.998030532995944,False,NO CHANGE,1,23.8314888663455,-0.202825471359721,-5.90322374032763
Q99JF5,Mvd,104790000.0,0.0,20938000,3178200,0.986621,0.680400214832871,0.998030532995944,False,NO CHANGE,1,23.4530097884787,0.436026709015152,-5.82247888032475
O70325;Q91XR9,Gpx4,70283000.0,0.0,17078000,7509400,0.476741,0.809707091365713,0.998030532995944,False,NO CHANGE,1,23.6713212792237,0.253410336585833,-5.89055516872936
P17095,Hmga1,20457000.0,0.0,3908500,0,1.793297,0.282245202254844,0.998030532995944,False,NO CHANGE,2,22.1503320277147,1.19973287435612,-5.22767894673975
Q8R3B1,Plcd1,56788000.0,17955000.0,39601000,6768100,0.963806,0.561245241075804,0.998030532995944,False,UP,0,24.4465795160044,0.620458894662266,-5.7204277559793
Q91Z31,Ptbp2,252090000.0,0.0,101610000,0,0.980627,0.743146219116035,0.998030532995944,False,NO CHANGE,2,24.3586076162398,0.345737898099999,-5.86043101323399
P60898,Polr2i,39334000.0,17941000.0,5528600,20608000,1.315423,0.402141514368899,0.998030532995944,False,UP,0,24.0053036168242,0.912193564694528,-5.50009518630748
Q99MD6,Txnrd3,99142000.0,61228000.0,140530000,23160000,0.449623,0.72859197899303,0.998030532995944,False,NO CHANGE,0,25.990529018156,0.366360813338523,-5.85249037082218
Q9D868,Ppih,91483000.0,11285000.0,90858000,40712000,-0.920579,0.549037104870677,0.998030532995944,False,DOWN,0,25.3977410993003,-0.640633415338917,-5.7073867556748
O08756,Hsd17b10,71188000.0,32767000.0,60724000,37659000,0.014308,0.98990949424749,0.999971162684518,False,NO CHANGE,0,25.5182814591907,0.0132688242744673,-5.92585746580269
P99028,Uqcrh,43809000.0,5782700.0,20339000,1655900,1.455553,0.480587136840221,0.998030532995944,False,UP,0,23.1962413271812,0.759678133404075,-5.62348914651726
P97450,Atp5j,84788000.0,3266300.0,28889000,6762600,0.25171,0.906499303733201,0.998030532995944,False,NO CHANGE,0,23.8624365386912,0.123318934878968,-5.91752958773546
O09010,Lfng,314150000.0,210270000.0,254710000,312820000,-0.135246,0.848712843287541,0.998030532995944,False,NO CHANGE,0,28.0048960004061,-0.200520967005996,-5.90373523467045
Q61468,Msln,55347000.0,3968000000.0,118180000,2899800000,-0.320975,0.903674024084615,0.998030532995944,False,NO CHANGE,0,28.9643708954166,-0.127420251722739,-5.91687827913312
Q9QXC1,Fetub,529290000.0,183760000.0,448850000,224010000,-0.023958,0.978328822777372,0.999971162684518,False,NO CHANGE,0,28.228344181801,-0.0285007934607887,-5.92550445034503
P10148,Ccl2,525700000.0,871220000.0,1825300000,1647300000,-1.357408,0.0431713223723155,0.998030532995944,False,DOWN,0,30.0127672378608,-2.66327114523468,-3.54292367149315
P47879,Igfbp4,66300000.0,1028800000.0,115690000,655040000,-0.075938,0.963710903423218,0.999824267041862,False,NO CHANGE,0,27.9983794070748,-0.0477394292064534,-5.92469079353967
Q8BX35,Eda2r,70712000.0,54265000.0,55612000,46370000,0.286695,0.776306511605435,0.998030532995944,False,NO CHANGE,0,25.7411379137292,0.299366637365116,-5.8766792157858
Q99KR8,Fuca2,261030000.0,267890000.0,148410000,146390000,0.843226,0.275916481709629,0.998030532995944,False,UP,0,27.5567401749243,1.2176651721721,-5.20928035692035
Q9R1Q9,Atp6ap1,1763700000.0,1150000000.0,1036500000,1433400000,0.224539,0.668546205079975,0.998030532995944,False,NO CHANGE,0,30.29520295923,0.45352813187724,-5.81417999133074
O70340,Nptx2,584850000.0,151240000.0,1452600000,14646000,1.027881,0.675152601427396,0.998030532995944,False,UP,0,27.6339374081034,0.445215256267011,-5.817283642377
O35988,Sdc4,8525100000.0,4249100000.0,8469700000,4842900000,-0.089654,0.874548255190848,0.998030532995944,False,NO CHANGE,0,32.5316168882751,-0.165862386746631,-5.91073267415094
Q03401,Crisp1,87400000.0,1105500000.0,22614000,2558200000,0.369994,0.890529273837538,0.998030532995944,False,NO CHANGE,0,28.026594150149,0.144946230839258,-5.91421570744897
P04202,Tgfb1,68394000.0,32641000.0,156460000,111500000,-1.483069,0.169588626552134,0.998030532995944,False,DOWN,0,26.2353088627646,-1.59504146791534,-4.79557017201353
Q91V88,Npnt,78461000.0,46709000.0,7174300,9794300,2.852376,0.0720592848025886,0.998030532995944,False,UP,0,24.4251468023398,2.25423926069764,-4.01848400926541
Q7TMR0,Prcp,304510000.0,557280000.0,486410000,1220200000,-0.903163,0.269516933767216,0.998030532995944,False,DOWN,0,29.0694524101893,-1.23617518821172,-5.19014199060111
P70428,Ext2,445260000.0,557760000.0,117030000,0,4.63699,0.0462653037159908,0.998030532995944,False,NO CHANGE,1,26.574075798096,2.60698431924934,-3.60721476345289
Q6GU68,Islr,241020000.0,489090000.0,469810000,450640000,-0.4224,0.553681168411002,0.998030532995944,False,NO CHANGE,0,28.5662511673683,-0.632925295714193,-5.71241103616575
P15535,B4galt1,324470000.0,636330000.0,405710000,222620000,0.596414,0.44463269583172,0.998030532995944,False,UP,0,28.4611478356898,0.827064102315912,-5.57104189521074
P11214,Plat,130640000.0,1252500000.0,49032000,1236800000,0.716,0.724221317238141,0.998030532995944,False,UP,0,28.233592566249,0.373752641504376,-5.84889218980208
Q8VE43,Metrnl,532460000.0,411310000.0,354590000,234660000,0.698088,0.321076384107082,0.998030532995944,False,UP,0,28.4528305316278,1.09685938906176,-5.33031160860362
Q62059,Vcan,22127000.0,327920000.0,4642900,95298000,2.017768,0.377965311687869,0.998030532995944,False,UP,0,25.335152639835,0.963813771504441,-5.45470615864296
Q91XA2,Golm1,183920000.0,225460000.0,321510000,322890000,-0.661978,0.358796270564047,0.998030532995944,False,DOWN,0,27.932388819898,-1.00666873934959,-5.4157573987893
Q9EPK6,Sil1,236600000.0,294730000.0,242520000,222900000,0.183672,0.793031247505778,0.998030532995944,False,NO CHANGE,0,27.8845108428282,0.276269081016559,-5.88393267930287
Q80VJ3,Dnph1,190290000.0,109990000.0,153230000,84546000,0.346032,0.697893894322439,0.998030532995944,False,NO CHANGE,0,26.9351945837615,0.410474790781712,-5.83405170324
Q9D6R2,Idh3a,131720000.0,17265000.0,60714000,0,1.542436,0.452142581810736,0.998030532995944,False,NO CHANGE,1,24.7359052179533,0.812666906588219,-5.58253240017158
Q9DCD6,Gabarap,33834000.0,17297000.0,39271000,29508000,-0.492787,0.701603054630673,0.998030532995944,False,NO CHANGE,0,24.7743881799035,-0.40509721836266,-5.83640441041447
Q78PG9,Ccdc25,128870000.0,65440000.0,86667000,136360000,-0.243407,0.793743752639274,0.998030532995944,False,NO CHANGE,0,26.5742088298964,-0.275289018990342,-5.88422799615135
Q8R2G4,Art3,184960000.0,37917000.0,153100000,44317000,0.023862,0.98531075533044,0.999971162684518,False,NO CHANGE,0,26.3075588693991,0.0193168359571398,-5.92574811146429
Q9QUI0;Q62159,Rhoa;Rhoc,303280000.0,158760000.0,77948000,766610000,-0.155789,0.906018541821922,0.998030532995944,False,NO CHANGE,0,27.7870683986332,-0.12395688835383,-5.91744232630179
P28658,Atxn10,217780000.0,242710000.0,333930000,76872000,0.521015,0.609837162919489,0.998030532995944,False,NO CHANGE,0,27.5159699687838,0.5427579931188,-5.76727989639117
Q9CQC6,Bzw1,266280000.0,565310000.0,0,348030000,3.110694,0.185042852292447,0.998030532995944,False,NO CHANGE,1,26.9760706726093,1.53275438423675,-4.86701168735274
Q6PGB6,Naa50,72500000.0,179620000.0,60419000,73148000,0.779518,0.439472995956283,0.998030532995944,False,UP,0,26.3761661173846,0.837061371161996,-5.56297423424767
O89112,Lancl1,167360000.0,85974000.0,62839000,37599000,1.303214,0.223286004366245,0.998030532995944,False,UP,0,26.1862811131872,1.38317642009403,-5.03336273188483
P60766,Cdc42,164270000.0,242740000.0,130040000,439590000,-0.259817,0.780917049077339,0.998030532995944,False,NO CHANGE,0,27.7030734896712,-0.292981165269097,-5.87874070414702
Q8VE62,Paip1,229710000.0,72563000.0,179920000,20471000,1.089055,0.464666877324238,0.998030532995944,False,UP,0,26.3994569395336,0.789044998063052,-5.60105296028566
Q80UG5,2018-09-09 00:00:00,45795000.0,105120000.0,12317000,93733000,1.029974,0.493396840522013,0.998030532995944,False,UP,0,25.533087497122,0.736550290987702,-5.64068813389963
Q9JLT4,Txnrd2,140800000.0,106370000.0,54988000,32913000,1.52441,0.154841557937926,0.998030532995944,False,UP,0,26.1045889617154,1.66471057005636,-4.71516926728101
Q9DBZ5,Eif3k,124310000.0,144510000.0,61505000,150420000,0.47867,0.609643345928632,0.998030532995944,False,NO CHANGE,0,26.7586456821322,0.543060383089867,-5.76710819329252
P23780,Glb1,338360000.0,250570000.0,36003000,119810000,2.148418,0.0676149546582551,0.998030532995944,False,UP,0,27.0431022796262,2.30420641698692,-3.9595242872835
Q9R0E1,Plod3,106400000.0,295980000.0,115420000,92439000,0.780766,0.417538660264114,0.998030532995944,False,UP,0,27.0125409186325,0.880580560805323,-5.52702687672535
O55057,Pde6d,789650000.0,411480000.0,81819000,76627000,2.847802,0.0113351938291289,0.998030532995944,False,UP,0,27.6625418071424,3.84071369266309,-2.32324250617206
Q9D7X3,Dusp3,88409000.0,93286000.0,81991000,47212000,0.545617,0.570868123255918,0.998030532995944,False,NO CHANGE,0,26.1636149098182,0.60475234449811,-5.73033439453454
P63073,Eif4e,168330000.0,342090000.0,68699000,210210000,0.997738,0.330879597525028,0.998030532995944,False,UP,0,27.3393898982332,1.07259505297699,-5.35374102402316
Q9JHJ0,Tmod3,60611000.0,55402000.0,21651000,58954000,0.697747,0.557157083071515,0.998030532995944,False,UP,0,25.4393819308949,0.627183197344842,-5.71612039090662
Q9JHI5,Ivd,148800000.0,91802000.0,387870000,256260000,-1.431605,0.113664762673299,0.998030532995944,False,DOWN,0,27.5162131376352,-1.90140735454094,-4.43715381650349
Q9R0N0,Galk1,169650000.0,73096000.0,53206000,24129000,1.635962,0.177640292543881,0.998030532995944,False,UP,0,25.9126564286383,1.55947018689596,-4.83626225196236
Q9CYZ2,Tpd52l2,84223000.0,13557000.0,55603000,63755000,-0.817224,0.559513481576941,0.998030532995944,False,DOWN,0,25.4187350246758,-0.623303515638985,-5.71861040173232
Q9WUM3,Coro1b,75874000.0,84415000.0,191180000,53999000,-0.344344,0.744831893855619,0.998030532995944,False,NO CHANGE,0,26.4262210061319,-0.343360575734639,-5.86131827326864
Q9WU84,Ccs,96892000.0,73478000.0,84541000,34045000,0.653298,0.538203505781157,0.998030532995944,False,UP,0,26.0036926696337,0.65878084716444,-5.69535648026548
Q99P72,Rtn4,124250000.0,207360000.0,109220000,185480000,0.173441,0.837753195019097,0.998030532995944,False,NO CHANGE,0,27.1713958013171,0.215307237137146,-5.90035361072173
Q9D6Y9,Gbe1,201980000.0,333620000.0,153770000,245680000,0.417432,0.59585375237674,0.998030532995944,False,NO CHANGE,0,27.7429179358068,0.56472153300762,-5.75458961451909
P97346,Nxn,182200000.0,208490000.0,76073000,38417000,1.850114,0.081937686174132,0.998030532995944,False,UP,0,26.613118339126,2.15399781296526,-4.13720094658158
Q9QYJ0,Dnaja2,184210000.0,30450000.0,22260000,19059000,1.862398,0.221774586012946,0.998030532995944,False,UP,0,25.2271585947568,1.38844252970908,-5.02760396097989
Q9DBB8,Dhdh,92177000.0,67065000.0,54042000,21689000,1.199461,0.309266567255759,0.998030532995944,False,UP,0,25.6287495305689,1.12694666343803,-5.30083257880122
P35279;P61294,Rab6a;Rab6b,459000000.0,313170000.0,439700000,448060000,-0.227386,0.722901763213757,0.998030532995944,False,NO CHANGE,0,28.6118376692116,-0.374472666987987,-5.84924772887815
Q9D0B6,Pbdc1,215800000.0,264920000.0,322740000,355360000,-0.502201,0.469066506195595,0.998030532995944,False,NO CHANGE,0,28.084151089331,-0.78085752624939,-5.6073744377317
Q91VH6,Memo1,196060000.0,151350000.0,10278000,12247000,3.940526,0.0119051014139439,0.998030532995944,False,UP,0,25.389753675006,3.79387978276117,-2.36671626802673
P26638,Sars,338330000.0,506320000.0,391100000,227300000,0.473173,0.514117734726326,0.998030532995944,False,NO CHANGE,0,28.3880787093094,0.70001256663464,-5.66699080788136
Q64105,Spr,98731000.0,93618000.0,61957000,109430000,0.223543,0.806561085449949,0.998030532995944,False,NO CHANGE,0,26.4068698573789,0.257710446578563,-5.88935180215137
D3Z4S3,Ptrhd1,66831000.0,44522000.0,95805000,68024000,-0.565554,0.568834151604269,0.998030532995944,False,NO CHANGE,0,25.9837918287438,-0.608058256368113,-5.72826730695265
P24452,Capg,642250000.0,2329800000.0,745760000,2292100000,-0.09602,0.91741245398565,0.998030532995944,False,NO CHANGE,0,30.2360694324744,-0.108853025297996,-5.91938809630809
Q9EPQ7,Stard5,178500000.0,110380000.0,62616000,166510000,0.459095,0.636202765867023,0.998030532995944,False,NO CHANGE,0,26.8350784948599,0.502125130656208,-5.78957589464371
O88587,Comt,137400000.0,114200000.0,113580000,78595000,0.406863,0.636481580816043,0.998030532995944,False,NO CHANGE,0,26.6969654870779,0.501700559635009,-5.78980065766324
Q9JMG1,Edf1,48886000.0,44670000.0,14522000,55363000,0.720783,0.588254030997403,0.998030532995944,False,UP,0,25.1174691388902,0.576787297899002,-5.74743065425113
Q99K41,Emilin1,155020000.0,671780000.0,115330000,493860000,0.435287,0.714199155877288,0.998030532995944,False,NO CHANGE,0,28.0480030504883,0.38693476039019,-5.84413575726983
P42208,2018-09-02 00:00:00,164820000.0,367220000.0,114300000,255510000,0.525665,0.564475815093506,0.998030532995944,False,NO CHANGE,0,27.6113600366465,0.615167132548506,-5.72378968022493
Q91WK2,Eif3h,177840000.0,39121000.0,12826000,78791000,1.391675,0.376704719463767,0.998030532995944,False,UP,0,25.6178850028707,0.966577067074756,-5.45222864167203
Q99JT9,Adi1,98093000.0,96017000.0,658820000,124830000,-1.563133,0.189730046652512,0.998030532995944,False,DOWN,0,27.3137829853837,-1.50889455429476,-4.89363882509398
Q9CQM5,Txndc17,423830000.0,133010000.0,764420000,1089300000,-1.942337,0.0543124438384343,0.998030532995944,False,DOWN,0,28.7941036042267,-2.47789708694451,-3.75620610308156
Q9R059,Fhl3,442370000.0,394010000.0,386360000,222040000,0.51136,0.469722147075577,0.998030532995944,False,NO CHANGE,0,28.3814875424734,0.779642194679095,-5.60830844527469
Q8BH58,Tiprl,101950000.0,396610000.0,178950000,395660000,-0.404117,0.693955438280683,0.998030532995944,False,NO CHANGE,0,27.7852749074685,-0.416199856569653,-5.83151518848518
Q62048,Pea15,71800000.0,145800000.0,11864000,43275000,2.174889,0.126824917780702,0.998030532995944,False,UP,0,25.5210034094859,1.81744294998691,-4.53640900475575
Q78JW9,Ubfd1,115300000.0,134430000.0,82562000,214320000,-0.095534,0.917189896654078,0.998030532995944,False,NO CHANGE,0,26.9393157481152,-0.109147752966787,-5.91935253027242
Q9D7M8,Polr2d,74026000.0,44618000.0,0,22580000,3.265278,0.119256666975422,0.998030532995944,False,NO CHANGE,1,24.1436867570624,1.86457806427419,-4.48075029805629
P61600,Naa20,132200000.0,54062000.0,26694000,162310000,0.361035,0.784489847464988,0.998030532995944,False,NO CHANGE,0,26.1526118250823,0.288042573852821,-5.88030565941492
Q8R081,Hnrnpl,155430000.0,203940000.0,129680000,106230000,0.601131,0.461945310409606,0.998030532995944,False,UP,0,27.1070640097654,0.79413800574837,-5.59709512746321
Q9CQR6,Ppp6c,339580000.0,361060000.0,166300000,323500000,0.594218,0.434648188797975,0.998030532995944,False,UP,0,28.0863107523882,0.84648996889503,-5.55529958823335
P46656,Fdx1,101730000.0,39807000.0,84828000,43245000,0.071311,0.948560660116006,0.998030532995944,False,NO CHANGE,0,25.8876889940019,0.0677010298848569,-5.92341298107202
O08547,Sec22b,29245000.0,23675000.0,31405000,61333000,-0.738052,0.552210046253813,0.998030532995944,False,DOWN,0,25.0182997151624,-0.635362509245471,-5.71082797025161
Q91VW3,Sh3bgrl3,646340000.0,711560000.0,1041500000,1139200000,-0.683631,0.21724314244157,0.998030532995944,False,DOWN,0,29.6788794519496,-1.40443497005913,-5.01006127267636
P16254,Srp14,152110000.0,78867000.0,32536000,69673000,1.201914,0.275566672188915,0.998030532995944,False,UP,0,26.1057720248462,1.21866699415507,-5.20824831075677
Q8BGC4,Zadh2,164960000.0,208920000.0,50869000,26430000,2.33998,0.0468663718196526,0.998030532995944,False,UP,0,26.2979682129336,2.59652665089511,-3.61920685194171
P62313,Lsm6,58148000.0,41467000.0,199080000,65818000,-1.221033,0.279477320711683,0.998030532995944,False,DOWN,0,26.1598596199878,-1.20753115408238,-5.21969538258918
Q9CPT4,Mydgf,1102400000.0,1133700000.0,415170000,1967900000,0.306628,0.728779115097366,0.998030532995944,False,NO CHANGE,0,29.9048822871856,0.366094514804889,-5.85259568330775
Q9Z0P5,Twf2,103250000.0,68981000.0,80869000,8723200,1.667876,0.29339521617915,0.998030532995944,False,UP,0,25.4966929301858,1.16898842506633,-5.25888470563006
P62077,Timm8b,62527000.0,61425000.0,30946000,13288000,1.611714,0.224197908607584,0.998030532995944,False,UP,0,25.0792922074385,1.38001524027972,-5.03681534097467
Q8QZY1,Eif3l,232010000.0,477660000.0,162970000,324490000,0.533695,0.523411634226749,0.998030532995944,False,NO CHANGE,0,28.0436626314255,0.68395207855585,-5.67820817476641
P49962,Srp9,124260000.0,51048000.0,67221000,53763000,0.405809,0.694993901183856,0.998030532995944,False,NO CHANGE,0,26.0441641996098,0.414688792429486,-5.83218785015194
Q9R0Q6,Arpc1a,146700000.0,119280000.0,167620000,14872000,1.405678,0.354062241426217,0.998030532995944,False,UP,0,26.2761962371756,1.017540416017,-5.40570165788404
Q99J09,Wdr77,503420000.0,320570000.0,399370000,236450000,0.38657,0.593000206826109,0.998030532995944,False,NO CHANGE,0,28.3883405238168,0.569241069602002,-5.75192352441594
Q91VA6,Poldip2,55159000.0,41836000.0,43950000,0,1.602756,0.333100535158885,0.998030532995944,False,NO CHANGE,1,24.7162891369902,1.06718283885611,-5.35892387746664
O54754,Aox1,81691000.0,655280000.0,133850000,165840000,0.634976,0.610429158294131,0.998030532995944,False,UP,0,27.4681171862789,0.541834718653205,-5.76780362670872
O35955,Psmb10,259150000.0,157070000.0,194130000,994540000,-1.122929,0.30677465576415,0.998030532995944,False,DOWN,0,28.1494866414007,-1.13342145939525,-5.29442862879533
O88456,Capns1,192070000.0,226980000.0,102790000,339200000,0.161181,0.861368929465661,0.998030532995944,False,NO CHANGE,0,27.5569331259733,0.183510030854307,-5.90733282828177
P62878,Rbx1,284780000.0,229770000.0,355790000,223350000,-0.140147,0.845403682712682,0.998030532995944,False,NO CHANGE,0,28.0005173818359,-0.204979899857201,-5.90274035932598
Q61838,A2m,481630000.0,354430000.0,382230000,14983000,2.448793,0.189553343897097,0.998030532995944,False,UP,0,27.3977411142642,1.50961109970831,-4.89283015069589
P61290,Psme3,231910000.0,148100000.0,205770000,373100000,-0.580229,0.472537435326553,0.998030532995944,False,NO CHANGE,0,27.7556076823172,-0.774437535312732,-5.61229558501799
Q8C8T8,Tsr2,126860000.0,141180000.0,166750000,98636000,0.06145,0.94127239821186,0.998030532995944,False,NO CHANGE,0,26.9650862429259,0.0773147545094578,-5.92264020289496
P04117,Fabp4,44303000.0,52100000.0,29860000,227660000,-0.779168,0.571850619246724,0.998030532995944,False,DOWN,0,25.9074243789919,-0.603158083118681,-5.73132778189363
Q8R0F8,Fahd1,324590000.0,83048000.0,98073000,18578000,1.94352,0.187481845905708,0.998030532995944,False,UP,0,26.3189824845548,1.51805948276922,-4.88328605904483
P61957,Sumo2,1787600000.0,1501100000.0,581110000,1611100000,0.759557,0.285279387082698,0.998030532995944,False,UP,0,30.2295961714245,1.19126183886509,-5.23632031191231
Q9D1D4,Tmed10,222330000.0,43940000.0,69299000,240460000,-0.385197,0.761756436571205,0.998030532995944,False,NO CHANGE,0,26.7511779515399,-0.319613910937973,-5.86985999411555
P08207,S100a10,125030000.0,108690000.0,201670000,136950000,-0.511576,0.534966916806026,0.998030532995944,False,NO CHANGE,0,27.0524595754715,-0.664248884623473,-5.69167662947361
O88545,Cops6,502110000.0,394950000.0,259770000,204340000,0.950734,0.193186299174067,0.998030532995944,False,UP,0,28.2548947467649,1.49500656613795,-4.90928718598415
Q9D6H2,Hspb11,207320000.0,58676000.0,56580000,100440000,0.549002,0.616736818231257,0.998030532995944,False,NO CHANGE,0,26.4422746950879,0.53202939741919,-5.77331694407182
Q6ZWM4,Lsm8,197730000.0,43113000.0,125000000,250160000,-0.937526,0.419401392324605,0.998030532995944,False,DOWN,0,26.9290512231063,-0.876817707154294,-5.5301872863241
Q9Z1D1,Eif3g,63902000.0,92835000.0,83441000,66506000,0.048144,0.958760020165423,0.998824497431999,False,NO CHANGE,0,26.1746893788579,0.054259639521364,-5.9243219475817
Q91ZW2,Pofut1,249960000.0,101760000.0,155650000,0,2.684024,0.220179008840384,0.998030532995944,False,NO CHANGE,1,25.9068465568612,1.39403843396562,-5.02147480159583
Q9Z2V5,Hdac6,78924000.0,154550000.0,77370000,92554000,0.384198,0.676426585081799,0.998030532995944,False,NO CHANGE,0,26.5266305244352,0.441876038154201,-5.81973870608214
Q91X96,Rabif,128550000.0,42998000.0,17211000,45763000,1.405507,0.296254145958225,0.998030532995944,False,UP,0,25.445006618296,1.16127116060444,-5.26664869882824
Q9D898,Arpc5l,251180000.0,87570000.0,114510000,282480000,-0.278196,0.781763501222412,0.998030532995944,False,NO CHANGE,0,27.2831378917672,-0.291810382038133,-5.87911402821044
Q9CQP3,Chchd5,75391000.0,30875000.0,61442000,46139000,-0.14219,0.898934727205633,0.998030532995944,False,NO CHANGE,0,25.5950075039285,-0.133363978127778,-5.91610367757368
Q9D7I5,Lhpp,222910000.0,114680000.0,139670000,414710000,-0.590025,0.539530002243267,0.998030532995944,False,DOWN,0,27.5474747988664,-0.656546063221503,-5.69685313473309
O70133,Dhx9,38063000.0,91806000.0,78050000,50825000,-0.09148,0.931995296443639,0.998030532995944,False,NO CHANGE,0,25.862725329506,-0.0895643687342924,-5.92150749423466
Q8JZM7,Cdc73,89768000.0,33559000.0,98433000,69272000,-0.589257,0.584236937290144,0.998030532995944,False,DOWN,0,26.004575507177,-0.583203197440151,-5.74357027925459
Q9EPB4,Pycard,143250000.0,80011000.0,38344000,279970000,0.04723,0.97063673456752,0.999971162684518,False,NO CHANGE,0,26.650212358006,0.0386222394831581,-5.92512754501002
Q9D1L0,Chchd2,1284000000.0,449210000.0,495550000,543390000,0.549472,0.470472942201143,0.998030532995944,False,NO CHANGE,0,29.2256702559508,0.77825198850786,-5.60937546721544
Q9WVA2,Timm8a1,65543000.0,37248000.0,52291000,48173000,-0.022591,0.983131827897307,0.999971162684518,False,NO CHANGE,0,25.5695946901042,-0.022182721180758,-5.92568212042793
Q9JMG7,Hdgfrp3,53515000.0,88635000.0,2666500,65204000,2.38492,0.253141057610363,0.998030532995944,False,UP,0,24.8449465472522,1.2854060654022,-5.1385463838
P62858,Rps28,68272000.0,209040000.0,392600000,338220000,-1.608939,0.115140591896092,0.998030532995944,False,DOWN,0,27.6364665332619,-1.89151018697809,-4.44887741232428
P84104,Srsf3,19670000.0,80536000.0,59736000,27862000,-0.035634,0.978842801762818,0.999971162684518,False,NO CHANGE,0,25.2641292229294,-0.0278246246233817,-5.92552558085166
Q6PDG5,Smarcc2,139180000.0,212010000.0,196360000,74526000,0.505884,0.589614712360205,0.998030532995944,False,NO CHANGE,0,27.1030250173274,0.574620120252539,-5.74872622603066
P01942,Hba,148400000.0,283640000.0,100350000,226080000,0.445839,0.621453876911795,0.998030532995944,False,NO CHANGE,0,27.3892812792872,0.524734368162451,-5.77736070154696
Q9D8X1,Cutc,79656000.0,70506000.0,154760000,67311000,-0.445637,0.645772052201639,0.998030532995944,False,NO CHANGE,0,26.3820796864566,-0.487611349147781,-5.79716193462449
P62320,Snrpd3,751460000.0,519230000.0,314640000,443440000,0.741815,0.272218307048605,0.998030532995944,False,UP,0,28.8475525235129,1.22831429681837,-5.19828769710608
P01193,Pomc,345560000.0,408960000.0,476930000,170800000,0.397405,0.62762489885294,0.998030532995944,False,NO CHANGE,0,28.2871701291094,0.515238212020832,-5.78254991536514
Q62093,Srsf2,176760000.0,133180000.0,141680000,165790000,0.001588,0.998382620077763,0.999971162684518,False,NO CHANGE,0,27.1922153562767,0.0021267514704423,-5.92595265229787
P62309,Snrpg,51136000.0,13945000.0,35815000,145690000,-1.435653,0.331290857064962,0.998030532995944,False,DOWN,0,25.3883669493355,-1.07159053879949,-5.35470417136492
P01902,H2-K1,27759000.0,37434000.0,21383000,28961000,0.373365,0.766187005715506,0.998030532995944,False,NO CHANGE,0,24.7554667905515,0.313432699038047,-5.87198725318728
P11352,Gpx1,34850000.0,28121000.0,23528000,65005000,-0.321061,0.799804538079392,0.998030532995944,False,NO CHANGE,0,25.0604306477837,-0.266964752871436,-5.88669526064109
P30999,Ctnnd1,40450000.0,26216000.0,41512000,33877000,-0.203624,0.863817668472824,0.998030532995944,False,NO CHANGE,0,25.0586021250008,-0.180226135573788,-5.90799114949103
P49443,Ppm1a,18848000.0,11373000.0,103840000,108270000,-2.856414,0.0457708849697141,0.998030532995944,False,DOWN,0,25.2317157476907,-2.61569810069187,-3.59723355928154
P61967,Ap1s1,54147000.0,6837000.0,45693000,73393000,-1.589649,0.328129094389836,0.998030532995944,False,DOWN,0,24.9924797579022,-1.07934057385713,-5.34725916697766
Q03173,Enah,46313000.0,6616400.0,11027000,4478200,1.316752,0.443252549210012,0.998030532995944,False,UP,0,23.4028883608805,0.829729673718742,-5.56889788703193
Q3TIV5,Zc3h15,40767000.0,7947600.0,747850000,53928000,-3.479859,0.089553859622775,0.998030532995944,False,DOWN,0,25.8414227940514,-2.08505741437932,-4.21906651671052
Q571I9,Aldh16a1,35640000.0,0.0,24519000,35550000,-1.085843,0.506182230722314,0.998030532995944,False,NO CHANGE,1,24.2724502395608,-0.71388301754566,-5.65713277871984
Q61545,Ewsr1,51872000.0,8439900.0,27034000,27273000,-0.375997,0.807784622614111,0.998030532995944,False,NO CHANGE,0,24.5066222146308,-0.256037395881413,-5.88982234004546
Q64345,Ifit3,96273000.0,0.0,33123000,16207000,-0.205994,0.917894365154919,0.998030532995944,False,NO CHANGE,1,24.3627248935988,-0.108214879705886,-5.91946477610848
Q6P8X1,Snx6,19388000.0,0.0,16003000,22125000,-0.651127,0.64888583639704,0.998030532995944,False,NO CHANGE,1,23.839943190349,-0.482913965777835,-5.79957401231416
Q99K70;Q7TT45,Rragc;Rragd,222670000.0,71818000.0,209260000,20944000,0.93371,0.53728703874667,0.998030532995944,False,UP,0,26.4472322730837,0.660326961343071,-5.69431855285988
Q8BH69,Sephs1,128670000.0,80927000.0,391690000,217860000,-1.517372,0.110244823482078,0.998030532995944,False,DOWN,0,27.3632953526453,-1.92485806905002,-4.40935556160714
Q8K2C9,Hacd3,44078000.0,0.0,4699000,47701000,0.128103,0.947828972803667,0.998030532995944,False,NO CHANGE,1,23.8997707621069,0.0686658221067145,-5.92334004420597
Q99PL5,Rrbp1,52291000.0,19004000.0,69220000,32693000,-0.593652,0.644714408439741,0.998030532995944,False,DOWN,0,25.2067557848152,-0.489209677428493,-5.79633637951368
Q9CR81,Tex12,18482000.0,0.0,20456000,0,0.141592,0.934464221647512,0.998030532995944,False,NO CHANGE,2,23.0169561149416,0.0863028918362328,-5.92182527470591
Q9CY52,Thg1l,26480000.0,16052000.0,22353000,12795000,0.285804,0.835171294314932,0.998030532995944,False,NO CHANGE,0,24.1544228640883,0.218798599632562,-5.89952069286786
Q9CZL5,Pcbd2,38074000.0,9605800.0,470610000,7483200,-1.633702,0.500178020937694,0.998030532995944,False,DOWN,0,25.0057394471995,-0.724477678125303,-5.64949785665427
Q9D7G0,Prps1,36586000.0,0.0,13039000,0,0.459781,0.775214557292992,0.998030532995944,False,NO CHANGE,2,23.5529200717047,0.300881053240165,-5.87618401700069
Q9DAU1,Cnpy3,85770000.0,15254000.0,52138000,84406000,-0.87501,0.522444776609856,0.998030532995944,False,DOWN,0,25.5458320453711,-0.68561384141274,-5.67705741887154
Q9DB16,Cab39l,72592000.0,0.0,18077000,0,0.152316,0.948347986546724,0.998030532995944,False,NO CHANGE,2,23.2159017317103,0.0679814503609095,-5.92339188788621
Q9ER00,Stx12,13731000.0,38660000.0,31551000,8074500,0.529574,0.73377958703782,0.998030532995944,False,NO CHANGE,0,24.1928488887754,0.35898983420884,-5.85537858152701
Q9R0D8,Wdr54,204860000.0,0.0,91532000,0,-0.592281,0.84347842262638,0.998030532995944,False,NO CHANGE,2,24.2494852606902,-0.207576308692881,-5.90215114413061
Q8BJD1,Itih5,64198000.0,0.0,86892000,10828000,-1.413872,0.547743946891424,0.998030532995944,False,NO CHANGE,1,24.1635558831165,-0.642787264506744,-5.70597368141004
P97300,Nptn,93718000.0,31558000.0,17762000,86908000,0.469024,0.738188576231867,0.998030532995944,False,NO CHANGE,0,25.462150405921,0.352742998715264,-5.85778273438358
Q61592,Gas6,121870000.0,159050000.0,34084000,0,3.69182,0.0548564263847188,0.998030532995944,False,NO CHANGE,1,25.2069263178436,2.4699321209223,-3.76546399070217
Q8BPA8,Dpcd,53162000.0,0.0,14081000,0,1.000151,0.573105183858737,0.998030532995944,False,NO CHANGE,2,23.5656757038537,0.601124826410111,-5.73259143909567
Q64520,Guk1,104870000.0,28730000.0,113550000,108010000,-1.01263,0.371974895618643,0.998030532995944,False,DOWN,0,26.2163558892203,-0.977012274025856,-5.44282997147751
Q8R1G2,Cmbl,49882000.0,0.0,12225000,0,0.273926,0.902545166594148,0.998030532995944,False,NO CHANGE,2,22.798705153387,0.128567733130762,-5.91679833980496
P15105,Glul,97822000.0,69765000.0,51321000,174340000,-0.195359,0.853454565618418,0.998030532995944,False,NO CHANGE,0,26.3975075125521,-0.194139917291249,-5.90512152720532
Q9ET26,Rnf114,45353000.0,7919700.0,7367700,3808700,1.839029,0.276358971406366,0.998030532995944,False,UP,0,23.2563397782592,1.21639954435371,-5.2105835419228
Q9CPT3,Nanp,97414000.0,28365000.0,42232000,22267000,0.777499,0.554431866744826,0.998030532995944,False,UP,0,25.2588678543317,0.63168321441691,-5.71321583762156
Q8BU85,Msrb3,92255000.0,26481000.0,29745000,0,2.766558,0.197360888086718,0.998030532995944,False,NO CHANGE,1,24.175510086142,1.47854630504917,-4.92777012601333
Q9D6L8,Ppil3,55791000.0,0.0,6987000,67599000,-0.68319,0.753454548341772,0.998030532995944,False,NO CHANGE,1,24.0317749026766,-0.331234930827552,-5.86575294382164
Q61845,Meig1,98093000.0,20510000.0,52645000,9517300,1.002778,0.543588691252126,0.998030532995944,False,UP,0,24.9173462766013,0.64973058271238,-5.70139126669125
Q9CQE6,Asf1a,56987000.0,29896000.0,7979200,0,3.067755,0.073681826295237,0.998030532995944,False,NO CHANGE,1,23.7649117151583,2.23680990211215,-4.03908833715312
Q99MR6,Srrt,16357000.0,9677400.0,269820000,20110000,-2.549619,0.182167572820011,0.998030532995944,False,DOWN,0,24.8596061735466,-1.54015187517628,-4.85824795143015
Q9D385,Arl2bp,26757000.0,0.0,30258000,8798000,-1.196343,0.538790358672748,0.998030532995944,False,NO CHANGE,1,23.361607466959,-0.657791714306428,-5.69601943455861
Q8R5M8,Cadm1,215170000.0,45356000.0,147090000,96436000,-0.26975,0.81086478458866,0.998030532995944,False,NO CHANGE,0,26.6927210458263,-0.251829340399446,-5.89099264651235
Q9QZH3,Ppie,91798000.0,6120600.0,48278000,13524000,-0.10834,0.954497247866589,0.998030532995944,False,NO CHANGE,0,24.5527705507983,-0.059875814401577,-5.92396648831387
Q9ERR7,2018-09-15 00:00:00,61456000.0,7720000.0,11836000,22178000,0.426958,0.798980658572994,0.998030532995944,False,NO CHANGE,0,24.163131037497,0.268095028618175,-5.88636456613934
Q3V4B5,Commd6,4902200.0,4066400.0,2684400,0,0.393813,0.759659258004205,0.998030532995944,False,NO CHANGE,1,21.8932529846073,0.322544717321578,-5.86883744260906
Q8BYA0,Tbcd,19867000.0,6180500.0,10830000,0,0.208544,0.884691309635616,0.998030532995944,False,NO CHANGE,1,23.2973096499884,0.152322393818852,-5.91311087895271
Q9R0P4,Smap,39319000.0,0.0,37951000,0,0.128528,0.952213244381939,0.998030532995944,False,NO CHANGE,2,23.3744996418005,0.0628858874854116,-5.92376159712686
Q3B7Z2,Osbp,40668000.0,14679000.0,0,20393000,0.899757,0.548670577439947,0.998030532995944,False,NO CHANGE,1,24.0924418664948,0.641243559596292,-5.70698686404053
Q5SW19,Cluh,38430000.0,0.0,35708000,7394000,-0.455174,0.809505209470991,0.998030532995944,False,NO CHANGE,1,23.7262470439941,-0.253686111601995,-5.89047858586824
P07742,Rrm1,44437000.0,0.0,8217900,0,0.856487,0.66739736842118,0.998030532995944,False,NO CHANGE,2,22.7922592292843,0.455232702510888,-5.81335566866041
Q60876,Eif4ebp1,32083000.0,12559000.0,17941000,46912000,-0.531343,0.71153217919639,0.998030532995944,False,NO CHANGE,0,24.5244336543721,-0.390767751696747,-5.8425318225884
Q921H9,Coa7,49995000.0,0.0,24021000,0,0.37066,0.844349501129642,0.998030532995944,False,NO CHANGE,2,23.6399147370936,0.206401366940076,-5.90241868180963
Q9JJ94,Ssna1,66274000.0,8374300.0,38830000,23041000,-0.344446,0.830485015944543,0.998030532995944,False,NO CHANGE,0,24.6619613000412,-0.225143697244699,-5.89797336003636
P61164;Q8R5C5,Actr1a;Actr1b,104130000.0,65039000.0,141890000,187500000,-0.98695,0.278904489695732,0.998030532995944,False,DOWN,0,26.7877813249191,-1.20915362397954,-5.2180309645059
P60487,Pdxp,46504000.0,23770000.0,42602000,10138000,0.677901,0.64613599895962,0.998030532995944,False,UP,0,24.6477944009679,0.487061675622759,-5.79744528190859
P62073,Timm10,46072000.0,5155000.0,31491000,8967400,-0.124883,0.944222189138493,0.998030532995944,False,NO CHANGE,0,23.9399056112492,-0.0734228087173187,-5.92296536503432
Q9DCB8,Isca2,58545000.0,7366600.0,4321700,14259000,1.403537,0.435035824307011,0.998030532995944,False,UP,0,23.6060367684078,0.845729543152234,-5.55592091207639
Q6PAV2,Herc4,69363000.0,0.0,13816000,0,0.77863,0.722373481901459,0.998030532995944,False,NO CHANGE,2,23.1728350923738,0.375227218995156,-5.84894269569479
Q91WM2,Cecr5,293950000.0,17404000.0,598190000,352160000,-2.681887,0.125654494893855,0.998030532995944,False,DOWN,0,27.432898871181,-1.82454244178946,-4.52803708792763
Q80Y81,Elac2,115240000.0,12278000.0,27274000,0,1.667078,0.387411019797875,0.998030532995944,False,NO CHANGE,1,24.3312802659129,0.943340764099912,-5.4729124641099
Q9DAS9,Gng12,50878000.0,27860000.0,144310000,57081000,-1.269436,0.282199860544777,0.998030532995944,False,DOWN,0,25.8008334635647,-1.1998600730082,-5.22754894394353
Q61133,Gstt2,170600000.0,201960000.0,134850000,239780000,0.04581,0.953834106842047,0.998030532995944,False,NO CHANGE,0,27.4448632790009,0.0607496954962734,-5.9239080380218
P03958,Ada,78464000.0,21056000.0,43261000,59286000,-0.317248,0.799251684298095,0.998030532995944,False,NO CHANGE,0,25.4352518528768,-0.267723165515054,-5.88647351503728
Q3THW5;P0C0S6,H2afv;H2afz,34143000.0,0.0,0,30886000,-1.37455,0.563300235034912,0.998030532995944,False,NO CHANGE,2,22.9999347589372,-0.617090538959856,-5.72257055560544
Q9DD18,Dtd1,90816000.0,0.0,168490000,30045000,-1.441413,0.435593020260671,0.998030532995944,False,NO CHANGE,1,25.3636480479074,-0.844637387403578,-5.55681256248271
Q3TMH2,Scrn3,133770000.0,42929000.0,31353000,0,2.722101,0.13874686640185,0.998030532995944,False,NO CHANGE,1,24.8142639696931,1.74868324367163,-4.6172387003223
Q9Z0H6,Cst9,121730000.0,32513000.0,14727000,33257000,1.507254,0.293708936211973,0.998030532995944,False,UP,0,25.1531844496944,1.16813837080715,-5.25974128752145
P09056,Lif,111650000.0,2055000000.0,956040000,1917600000,-1.499126,0.353268118902207,0.998030532995944,False,DOWN,0,29.5850124165225,-1.02507570640147,-5.39663562003826
Q99KG5,Lsr,71368000.0,726510000.0,101680000,408250000,0.160422,0.912441570829988,0.998030532995944,False,NO CHANGE,0,27.6823799404833,0.115438593732308,-5.91857057407456
O09114,Ptgds,97086000.0,170070000.0,98009000,571370000,-0.880974,0.455646019634333,0.998030532995944,False,DOWN,0,27.3776435793077,-0.806011105904667,-5.5877928969094
P49935,Ctsh,27349000.0,964430000.0,146050000,894170000,-1.153887,0.58088581503744,0.998030532995944,False,DOWN,0,27.851986763612,-0.59076316876264,-5.73760950830321
P47931,Fst,100410000.0,1232700000.0,28081000,1562800000,0.747963,0.755714826126427,0.998030532995944,False,UP,0,28.0162698244677,0.329060798847059,-5.86601887513759
O88593,Pglyrp1,137270000.0,3946100000.0,69133000,5422900000,0.265466,0.922364572975968,0.998030532995944,False,NO CHANGE,0,29.3223775273936,0.102579096041134,-5.92006878628058
P04186,Cfb,45135000.0,9885000000.0,40458000,9387000000,0.116199,0.975312953993235,0.999971162684518,False,NO CHANGE,0,29.2570689431356,0.0325570180368647,-5.9253615976521
O54775,Wisp1,182740000.0,95556000.0,55410000,145760000,0.556199,0.581411677009015,0.998030532995944,False,NO CHANGE,0,26.6994307504363,0.587731698789415,-5.74082323309217
Q00731,Vegfa,330420000.0,334370000.0,260580000,375590000,0.087431,0.896158007874464,0.998030532995944,False,NO CHANGE,0,28.2645826186607,0.137055154063188,-5.91555187263961
Q8R2G6,Ccdc80,54107000.0,1120600000.0,16123000,723370000,1.18908,0.635022966292128,0.998030532995944,False,UP,0,27.2809278922527,0.505663231910941,-5.7866172179126
Q8BSU2,Cxcl16,96838000.0,657450000.0,151130000,788420000,-0.452114,0.741126634856706,0.998030532995944,False,NO CHANGE,0,28.136744962295,-0.348589141225238,-5.85935919533913
Q9JHE3,Asah2,99939000.0,27563000.0,33623000,23250000,0.908551,0.493507887612204,0.998030532995944,False,UP,0,25.1911116328719,0.736351660200668,-5.64083401970616
Q8CD91,Smoc2,226200000.0,533140000.0,183270000,543870000,0.13744,0.880764129577502,0.998030532995944,False,NO CHANGE,0,28.3027612220205,0.157560703388884,-5.91221456456541
P97873,Loxl1,54536000.0,435410000.0,44739000,371310000,0.257713,0.872154398957578,0.998030532995944,False,NO CHANGE,0,27.0703958641502,0.169063114425116,-5.91014123769107
O35657,Neu1,199870000.0,134570000.0,58308000,76201000,1.298886,0.174255059992389,0.998030532995944,False,UP,0,26.6396913453243,1.57423030730237,-4.81940922954052
P19788,Mgp,28777000.0,60711000.0,22289000,35926000,0.562757,0.653692203395064,0.998030532995944,False,NO CHANGE,0,25.0355552496377,0.475686951519794,-5.8032436211351
Q9WTZ2,Mbtps1,95685000.0,69950000.0,66236000,19102000,1.201639,0.330134403691319,0.998030532995944,False,UP,0,25.6849856855779,1.07441790856631,-5.3519918398508
Q8BK62,Olfml3,55689000.0,576860000.0,2487800,331570000,2.641679,0.36456161098114,0.998030532995944,False,UP,0,26.0964280888981,0.999007971770401,-5.42072221928124
Q64685,St6gal1,87683000.0,505570000.0,46703000,396640000,0.629431,0.677980783230831,0.998030532995944,False,UP,0,27.3348490665908,0.439586142812107,-5.82081544371697
Q8BM72,Hspa13,539500000.0,703140000.0,887310000,647030000,-0.298918,0.606612292707467,0.998030532995944,False,NO CHANGE,0,29.3476011994027,-0.547796706100036,-5.76440778923281
P26618,Pdgfra,65543000.0,153170000.0,71291000,67735000,0.527941,0.592094637192804,0.998030532995944,False,NO CHANGE,0,26.3142779177391,0.570678068748154,-5.75107194331278
P97401,Frzb,117360000.0,142110000.0,12124000,0,4.40696,0.0202781544968763,0.998030532995944,False,NO CHANGE,1,24.74091901558,3.3049175590492,-2.84622112159862
P45700,Man1a1,176990000.0,1357400000.0,107280000,1287800000,0.399112,0.808583458546951,0.998030532995944,False,NO CHANGE,0,28.6690896729157,0.255203670272955,-5.88994457904177
O54990,Prom1,24157000.0,2308800000.0,13876000,3086300000,0.190557,0.956579652330456,0.998809768174366,False,NO CHANGE,0,27.7199383980355,0.0572878259312172,-5.92411778625835
A2AX52,Col6a4,26216000.0,79735000.0,25207000,244090000,-0.778752,0.616951222756918,0.998030532995944,False,DOWN,0,25.8357032719415,-0.531697123574398,-5.77350220854594
Q9Z1G3,Atp6v1c1,33386000.0,53582000.0,14292000,17675000,1.412037,0.298769916653072,0.998030532995944,False,UP,0,24.627974094136,1.15453394517932,-5.27340351926031
Q6PHU5,Sort1,145750000.0,146390000.0,37278000,50168000,1.756039,0.095922711090634,0.998030532995944,False,UP,0,26.2440619050922,2.03196612066751,-4.2821602058301
Q9Z0Z4,Heph,38129000.0,71598000.0,146320000,138140000,-1.444153,0.160669831767805,0.998030532995944,False,DOWN,0,26.3609772345284,-1.63642598495911,-4.74791485840648
Q05909,Ptprg,94770000.0,61030000.0,39650000,72627000,0.503061,0.625144228315965,0.998030532995944,False,NO CHANGE,0,25.9289406347367,0.519049158158549,-5.78047758183656
Q9CXU9;P48024,Eif1b;Eif1,69149000.0,35537000.0,25215000,87170000,0.080458,0.948187606616403,0.998030532995944,False,NO CHANGE,0,25.5227827188042,0.0681929233363782,-5.92337592336316
Q99KN2,Ciao1,152850000.0,47576000.0,15156000,26642000,2.085344,0.140868877504776,0.998030532995944,False,UP,0,25.3029641796316,1.73707077818149,-4.63083800671748
Q9DB34,Chmp2a,37697000.0,74026000.0,9225700,26209000,1.764345,0.230227046201689,0.998030532995944,False,UP,0,24.7725652602188,1.35941157378105,-5.05923772685912
P09055,Itgb1,27220000.0,160610000.0,5378000,255250000,0.835588,0.712455171925147,0.998030532995944,False,UP,0,25.5607810641299,0.389440472347591,-5.84308890986843
O55091,Impact,87612000.0,94723000.0,37550000,71745000,0.811576,0.424467996030752,0.998030532995944,False,UP,0,26.0351302790224,0.866647458758789,-5.53868028281435
P85094,Isoc2a,142290000.0,94387000.0,29071000,16424000,2.406982,0.0651600528101426,0.998030532995944,False,UP,0,25.5846808567897,2.33333236232209,-3.92524068221778
Q9EPV8,Ubl5,16680000.0,39205000.0,5340000,0,2.286972,0.141893653415401,0.998030532995944,False,NO CHANGE,1,23.4645891622161,1.73152543112557,-4.63732624103648
P17439,Gba,68115000.0,79055000.0,119470000,207170000,-1.100245,0.241501030044063,0.998030532995944,False,DOWN,0,26.6790338973063,-1.32219267241552,-5.09937286379474
P61750,Arf4,36177000.0,46805000.0,13464000,32430000,0.97765,0.463356521697032,0.998030532995944,False,UP,0,24.8055395486566,0.791494405994747,-5.59915193713307
P51150,Rab7a,164800000.0,207460000.0,190610000,305970000,-0.385232,0.615434244944636,0.998030532995944,False,NO CHANGE,0,27.6548156233814,-0.534049493786612,-5.77218839501117
Q8BH95,Echs1,98403000.0,140660000.0,40412000,0,3.240931,0.0839230435823424,0.998030532995944,False,NO CHANGE,1,25.1894522836866,2.13539727993461,-4.15927664707386
Q6ZWZ2,Ube2r2,112250000.0,124130000.0,51489000,328210000,-0.139194,0.906709776035944,0.998030532995944,False,NO CHANGE,0,26.884305416143,-0.123039664638363,-5.91756764645765
Q6ZWU9;Q6ZWY3,Rps27;Rps27l,20875000.0,23193000.0,11547000,63682000,-0.301469,0.841926656250762,0.998030532995944,False,NO CHANGE,0,24.5419640052779,-0.209670228170372,-5.90167065467113
Q9ES30,C1qtnf3,111000000.0,79282000.0,132950000,103480000,-0.322305,0.709325691954704,0.998030532995944,False,NO CHANGE,0,26.6443899278526,-0.393943960084044,-5.84119148101118
Q9QYG0,Ndrg2,102480000.0,48072000.0,145120000,40972000,-0.135673,0.906021150137106,0.998030532995944,False,NO CHANGE,0,26.1325666833439,-0.123953427053322,-5.91744280095734
Q9WTL7,Lypla2,114370000.0,172480000.0,126100000,57790000,0.718339,0.451231019072878,0.998030532995944,False,UP,0,26.7063242109183,0.814404939347896,-5.58115333438156
P62748;P84075,Hpcal1;Hpca,25107000.0,40471000.0,44153000,52488000,-0.59476,0.609274888007423,0.998030532995944,False,DOWN,0,25.2233659748421,-0.543635399512124,-5.76678145413129
P59325,Eif5,28994000.0,111320000.0,0,32066000,2.045733,0.236006643698366,0.998030532995944,False,NO CHANGE,1,24.7368278152371,1.34012596976747,-5.08009526356132
O35343,Kpna4,67455000.0,117600000.0,100240000,113320000,-0.258988,0.772287080888496,0.998030532995944,False,NO CHANGE,0,26.5378613032529,-0.304945136680754,-5.8748432115001
Q3TYX3,Smyd5,225100000.0,130650000.0,0,63863000,3.970064,0.0897446143760393,0.998030532995944,False,NO CHANGE,1,25.3685295795674,2.08341067581923,-4.22102318369689
P02798,Mt2,154710000.0,209450000.0,105120000,214570000,0.261343,0.75689303480517,0.998030532995944,False,NO CHANGE,0,27.2928392333084,0.326415480757225,-5.86747324607525
Q7TMB8;Q5SQX6,Cyfip1;Cyfip2,44201000.0,83667000.0,0,16337000,2.713017,0.0996638050415605,0.998030532995944,False,NO CHANGE,1,24.5013568317898,2.00246588907037,-4.31721635238425
O70310,Nmt1,35144000.0,57959000.0,27925000,101820000,-0.240598,0.844892177862605,0.998030532995944,False,NO CHANGE,0,25.5479510277903,-0.205669555760744,-5.90258456324631
P35278,Rab5c,93020000.0,134760000.0,333580000,261530000,-1.399502,0.112398217789121,0.998030532995944,False,DOWN,0,27.4381783638877,-1.91000662044242,-4.42696342663114
P54071,Idh2,0.0,88290000.0,0,40758000,0.773395,0.711778652862024,0.998030532995944,False,NO CHANGE,2,24.1120480054286,0.390413240364301,-5.84268079266686
P84091,Ap2m1,121520000.0,171320000.0,0,34884000,4.009901,0.0575650461360617,0.998030532995944,False,NO CHANGE,1,25.0994179960361,2.43150251756007,-3.81022814261011
P28667,Marcksl1,278620000.0,91918000.0,88875000,29195000,1.651538,0.186612453412092,0.998030532995944,False,UP,0,26.428014986678,1.5216320220429,-4.87924498332596
P70677,Casp3,119120000.0,150100000.0,59340000,71841000,1.034192,0.26595737924981,0.998030532995944,False,UP,0,26.4774987103569,1.24664203115034,-5.17925539576052
Q9Z172,Sumo3,185400000.0,107830000.0,101390000,176690000,0.079132,0.927314033169008,0.998030532995944,False,NO CHANGE,0,27.0355586633571,0.0957515198665267,-5.92087237653446
P11438,Lamp1,2204400000.0,1067300000.0,949710000,613060000,1.007346,0.147688279301863,0.998030532995944,False,UP,0,30.0108555825876,1.70090329583836,-4.6730822373247
Q6P1F6,Ppp2r2a,122020000.0,103910000.0,145880000,106320000,-0.145371,0.861144813990868,0.998030532995944,False,NO CHANGE,0,26.8193365721121,-0.183810698761431,-5.90727196766106
Q9Z130,Hnrnpdl,91642000.0,120620000.0,10940000,78671000,1.841481,0.215016153435909,0.998030532995944,False,UP,0,25.7269593741675,1.41240960890581,-5.00128377966511
P62192,Psmc1,162350000.0,166090000.0,119890000,122600000,0.437701,0.581888254085542,0.998030532995944,False,NO CHANGE,0,27.0721104856486,0.586966868301726,-5.74128848082176
P35980,Rpl18,38987000.0,47931000.0,9028500,25273000,1.516899,0.292043144074204,0.998030532995944,False,UP,0,24.6070234980828,1.17266114866858,-5.25517987348017
P62254,Ube2g1,133170000.0,54983000.0,20760000,71968000,1.14651,0.36766464930018,0.998030532995944,False,UP,0,25.7773328754851,0.986616015775957,-5.43412111156691
Q8BWR2,Pithd1,131990000.0,34193000.0,114100000,50127000,-0.170879,0.885558451174115,0.998030532995944,False,NO CHANGE,0,26.086964792338,-0.15116642290262,-5.91330463225431
Q9EST4,Psmg2,60819000.0,30842000.0,50020000,17011000,0.570223,0.665018146146073,0.998030532995944,False,NO CHANGE,0,25.0830945212613,0.458767679687584,-5.81163713143529
P61924,Copz1,87880000.0,124830000.0,128730000,236610000,-0.736644,0.406553649886919,0.998030532995944,False,DOWN,0,27.0105324652292,-0.903039544932345,-5.50796284354426
Q62376,Snrnp70,15397000.0,56531000.0,17809000,59341000,-0.139972,0.923902920170934,0.998030532995944,False,NO CHANGE,0,24.8843284754747,-0.100262668741795,-5.92038267153763
O55060,Tpmt,67975000.0,42123000.0,49669000,42815000,0.214575,0.840150176797138,0.998030532995944,False,NO CHANGE,0,25.5660152795514,0.21206870720329,-5.90111445995831
Q9D0T1,Nhp2l1,26186000.0,28792000.0,28693000,33499000,-0.175177,0.886576949361298,0.998030532995944,False,NO CHANGE,0,24.7983168026859,-0.149808987365072,-5.91353028658496
Q9CWW6,Pin4,44273000.0,104870000.0,5990700,42901000,2.087575,0.216309936549906,0.998030532995944,False,UP,0,24.9781879212897,1.4077672934659,-5.00639584661973
Q9CQ89,Cuta,108790000.0,21167000.0,13233000,61054000,0.755532,0.631259783896843,0.998030532995944,False,UP,0,25.1383758740065,0.509669375383515,-5.78555355591124
Q9CQT1,Mri1,50104000.0,106830000.0,13429000,60128000,1.364391,0.328380152222516,0.998030532995944,False,UP,0,25.4423865566627,1.07872287775402,-5.3478537382537
Q8BY71,Hat1,55404000.0,54698000.0,83566000,0,1.380677,0.443048616231767,0.998030532995944,False,NO CHANGE,1,25.0238970262491,0.830124070036336,-5.56858022313504
P60229,Eif3e,131730000.0,482560000.0,45014000,206990000,1.385143,0.283257566462452,0.998030532995944,False,UP,0,27.2169995140622,1.1968975615721,-5.23057487741552
Q8BL97,Srsf7,28722000.0,46439000.0,48167000,27838000,-0.003804,0.997466135148235,0.999971162684518,False,NO CHANGE,0,25.1241451028267,-0.0033318750744443,-5.92594900193712
Q9WV85,Nme3,18907000.0,24585000.0,0,10650000,1.456459,0.312258380354827,0.998030532995944,False,NO CHANGE,1,23.6336163436819,1.11923227603588,-5.30843509166338
Q9D142,Nudt14,77079000.0,50895000.0,8154200,52586000,1.596784,0.301953688758271,0.998030532995944,False,UP,0,25.1020356127766,1.14607847456613,-5.28185013883335
Q62084,Ppp1r14b,44954000.0,55946000.0,18719000,65076000,0.522928,0.67819577476229,0.998030532995944,False,NO CHANGE,0,25.3182750192162,0.439269591544924,-5.82096388399956
O54988,Slk,31522000.0,56980000.0,51391000,0,1.810907,0.361886288980645,0.998030532995944,False,NO CHANGE,1,24.4314503857888,0.999636084828875,-5.42222508226331
Q9JHS3,Lamtor2,36212000.0,7663100.0,14367000,32990000,-0.38616,0.805175529499303,0.998030532995944,False,NO CHANGE,0,24.1828105432809,-0.259606066778723,-5.88881506509332
Q9WU63,Hebp2,92226000.0,83716000.0,0,52600000,3.116857,0.155925130090147,0.998030532995944,False,NO CHANGE,1,24.8304067527169,1.6593732366761,-4.72135859589887
P62500,Tsc22d1,65657000.0,49496000.0,172940000,93518000,-1.157591,0.248981854776245,0.998030532995944,False,DOWN,0,26.3434227983376,-1.29836953598473,-5.12480008843977
Q99K48,Nono,16053000.0,20827000.0,44248000,28091000,-0.947211,0.474675722872899,0.998030532995944,False,DOWN,0,24.5977512162894,-0.770499397072347,-5.6152986956989
P62743,Ap2s1,95727000.0,80420000.0,110550000,147340000,-0.540612,0.532507990246102,0.998030532995944,False,NO CHANGE,0,26.6570428132259,-0.668417741814983,-5.68885411560857
Q9D1K7,,154790000.0,54452000.0,115970000,96145000,-0.201833,0.837791001632221,0.998030532995944,False,NO CHANGE,0,26.5530259090109,-0.215256136500185,-5.90036570398221
P34884,Mif,4335600000.0,2016700000.0,2502200000,893590000,0.983673,0.216588888907587,0.998030532995944,False,UP,0,30.969630404637,1.40676978737768,-5.00749342451189
Q8K157,Galm,178230000.0,190200000.0,117190000,210290000,0.230014,0.774787629194633,0.998030532995944,False,NO CHANGE,0,27.341046547826,0.301473373621131,-5.87598967940627
P25444,Rps2,53265000.0,136910000.0,0,36517000,2.574647,0.134623241979383,0.998030532995944,False,NO CHANGE,1,25.0603449569939,1.77176835923348,-4.59015672245573
O35658,C1qbp,286850000.0,402000000.0,314300000,734730000,-0.500932,0.513124791278037,0.998030532995944,False,NO CHANGE,0,28.5896368777258,-0.7017400679984,-5.66577159522058
Q9CQ62,Decr1,166370000.0,72721000.0,44333000,58035000,1.116696,0.292110744543729,0.998030532995944,False,UP,0,26.1544965802383,1.17247716664745,-5.2553656145271
Q60865,Caprin1,74867000.0,478160000.0,61500000,65489000,1.575956,0.225603096196111,0.998030532995944,False,UP,0,26.7073942892473,1.37516748373322,-5.04210367682426
Q99KP6,Prpf19,177250000.0,249480000.0,673940000,298760000,-1.093449,0.196820990452274,0.998030532995944,False,DOWN,0,28.1945039967719,-1.48065624513378,-4.92540485959357
P62852,Rps25,79676000.0,218420000.0,5231700,360830000,1.60229,0.48555450646963,0.998030532995944,False,UP,0,26.1739410111889,0.750658314786604,-5.63024664276993
P11103,Parp1,116430000.0,163220000.0,81330000,32137000,1.431057,0.190746671027365,0.998030532995944,False,UP,0,26.3230366015088,1.50478447457276,-4.8982749020509
Q3UPL0,Sec31a,66138000.0,119560000.0,7744100,57835000,2.071015,0.196378183678137,0.998030532995944,False,UP,0,25.3705603233209,1.48239088406362,-4.92345943188832
P56959,Fus,77597000.0,121510000.0,28793000,94634000,0.895464,0.431066311168252,0.998030532995944,False,UP,0,26.0852668496624,0.853540973626043,-5.54951882458802
P61458,Pcbd1,27545000.0,60080000.0,11149000,15435000,1.632778,0.258605884958515,0.998030532995944,False,UP,0,24.4614454325519,1.26866475733632,-5.15620172669078
Q9D2G2,Dlst,76686000.0,113780000.0,42033000,48369000,1.050767,0.305475463065881,0.998030532995944,False,UP,0,25.9516825243876,1.13681527536919,-5.29106361559094
P62311,Lsm3,535620000.0,109640000.0,162790000,276360000,0.192212,0.855714904840219,0.998030532995944,False,NO CHANGE,0,27.7563109994128,0.191101435526035,-5.90576613058266
Q91YJ3,Thyn1,84543000.0,41683000.0,62710000,61916000,-0.069932,0.945569084417717,0.998030532995944,False,NO CHANGE,0,25.8580347173522,-0.0716461638437079,-5.92310822966067
P83870,Phf5a,55693000.0,55388000.0,75830000,78762000,-0.4766,0.619345500035428,0.998030532995944,False,NO CHANGE,0,25.9653311447654,-0.527991083878733,-5.77556159068677
O55142,Rpl35a,44848000.0,58801000.0,22706000,164130000,-0.249478,0.855477868115009,0.998030532995944,False,NO CHANGE,0,25.7386779073672,-0.191419975663149,-5.90569902329385
Q8BMK4,Ckap4,17548000.0,40788000.0,16506000,32745000,0.202593,0.882535995772106,0.998030532995944,False,NO CHANGE,0,24.5719258031418,0.155196655911277,-5.91262278577348
Q8JZV7,Amdhd2,181450000.0,96198000.0,80419000,122510000,0.412572,0.647988901657673,0.998030532995944,False,NO CHANGE,0,26.7709644288569,0.484265809177937,-5.79888201895592
Q3UFY7,Nt5c3b,52396000.0,155020000.0,20591000,18014000,2.226353,0.110338681826114,0.998030532995944,False,UP,0,25.3122395625412,1.924204561482,-4.41013057082816
P97822,Anp32e,537460000.0,715270000.0,0,451310000,4.371558,0.156112071419084,0.998030532995944,False,NO CHANGE,1,27.0219681731184,1.67450374216102,-4.70669874661196
Q5M8N0,Cnrip1,60639000.0,65271000.0,8495300,52721000,1.571787,0.300590933312581,0.998030532995944,False,UP,0,25.1209473242999,1.14968812283883,-5.27824850734135
P61971,Nutf2,647110000.0,29945000.0,548360000,116700000,-0.861765,0.6318973685981,0.998030532995944,False,DOWN,0,27.483506236144,-0.508694415337441,-5.78607640406348
Q61599,Arhgdib,42428000.0,55250000.0,84780000,263050000,-1.624999,0.158751034591868,0.998030532995944,False,DOWN,0,26.341491726548,-1.6456244252588,-4.73728048013006
P57784,Snrpa1,62544000.0,60304000.0,22027000,50739000,0.877379,0.454321819545478,0.998030532995944,False,UP,0,25.4333699877886,0.808522348942212,-5.58581195662737
Q99LT0,Dpy30,54464000.0,35438000.0,54218000,35493000,0.002147,0.99846640419629,0.999971162684518,False,NO CHANGE,0,25.3877233004299,0.0020165805137668,-5.9259529055995
P62315,Snrpd1,314130000.0,14898000.0,35038000,34018000,0.986595,0.583892590229596,0.998030532995944,False,UP,0,25.5344034749203,0.583754420297803,-5.74323688518635
Q80ZM7,Gtf2a2,31123000.0,36537000.0,7310700,0,2.574931,0.100646426767726,0.998030532995944,False,NO CHANGE,1,23.7197010078508,1.99490800823187,-4.32619596967118
Q8CCS6,Pabpn1,327180000.0,386030000.0,296380000,169420000,0.665373,0.376432614146229,0.998030532995944,False,UP,0,28.0721372146263,0.967174518322858,-5.4516923540104
Q8BTY1,Ccbl1,212840000.0,148020000.0,173250000,0,2.418558,0.217170331282155,0.998030532995944,False,NO CHANGE,1,26.1939265738696,1.40469448235555,-5.00977594269272
P15864,Hist1h1c,21270000.0,69274000.0,15325000,50552000,0.463739,0.746229576896206,0.998030532995944,False,NO CHANGE,0,24.9621939787289,0.341391126569048,-5.86204889175428
Q9D172,D10Jhu81e,447300000.0,184250000.0,132430000,779650000,-0.162575,0.886723641816268,0.998030532995944,False,NO CHANGE,0,28.1781657523378,-0.149613505459222,-5.91356261655489
P43275,Hist1h1a,31351000.0,133580000.0,16209000,81947000,0.828329,0.576960902531588,0.998030532995944,False,UP,0,25.5334041136921,0.594893170731396,-5.7364414937306
P70694;Q91WR5;Q8K023,Akr1c6;Akr1c21;Akr1c18,1253400000.0,1008200000.0,1248800000,514630000,0.487739,0.468364884672765,0.998030532995944,False,NO CHANGE,0,29.8222975204045,0.782159455186647,-5.60637263097485
Q9D3D9,Atp5d,150580000.0,174240000.0,56717000,155120000,0.788184,0.416474157425564,0.998030532995944,False,UP,0,26.8771357244893,0.882736755073556,-5.52521151133529
P09602,Hmgn2,92135000.0,25982000.0,149110000,6913900,0.607693,0.753051615095479,0.998030532995944,False,UP,0,25.2402813011786,0.331800276403452,-5.86554956449515
O09107,Insl3,20087000.0,3311700.0,18764000,0,0.654072,0.741226211386136,0.998030532995944,False,NO CHANGE,1,22.6324138587157,0.348448482129102,-5.8594122671733
O35309,Nmi,83414000.0,0.0,86916000,35559000,-1.749419,0.397392016243914,0.998030532995944,False,NO CHANGE,1,24.8537053225476,-0.92213615606564,-5.49148687430572
O35943,Fxn,52067000.0,5054800.0,12719000,13755000,0.294577,0.864647471744178,0.998030532995944,False,NO CHANGE,0,23.804255810813,0.179113847845255,-5.90821147047089
P07758;Q00896;Q00897;P22599,Serpina1a;Serpina1c;Serpina1d;Serpina1b,20166000.0,42913000.0,60205000,56181000,-0.983313,0.412713619589741,0.998030532995944,False,DOWN,0,25.3018229946059,-0.890388188835412,-5.51874388659854
P27641,Xrcc5,13043000.0,0.0,0,18912000,-0.403419,0.798363583595108,0.998030532995944,False,NO CHANGE,2,22.9671705009743,-0.268941854353833,-5.88611591440597
P46460,Nsf,33345000.0,11379000.0,23430000,0,0.951156,0.566292430460712,0.998030532995944,False,NO CHANGE,1,23.7398405511892,0.612199871504625,-5.72566406270802
P61514,Rpl37a,8631000.0,5271100.0,0,4569900,0.26312,0.84385715189446,0.998030532995944,False,NO CHANGE,1,22.5538244716054,0.207065423595095,-5.90226765748801
P62305,Snrpe,42073000.0,88458000.0,101580000,74489000,-0.511842,0.611133020023899,0.998030532995944,False,NO CHANGE,0,26.1183614604353,-0.540737655858116,-5.76842491318732
P67871,Csnk2b,40781000.0,0.0,13562000,29682000,-1.000958,0.60539309995408,0.998030532995944,False,NO CHANGE,1,23.7575968316218,-0.549705725616526,-5.76331351462703
P70444,Bid,8861700.0,0.0,14931000,36435000,-2.045853,0.197875923557608,0.998030532995944,False,NO CHANGE,1,23.4523882332423,-1.47653866072182,-4.93001962446247
P97379,G3bp2,5227600.0,17864000.0,0,31251000,0.032112,0.98598379817791,0.999971162684518,False,NO CHANGE,1,23.1880784299218,0.0184316401939246,-5.92576665225619
Q00PI9,Hnrnpul2,18999000.0,1325100.0,38987000,0,-1.385901,0.515473646080821,0.998030532995944,False,NO CHANGE,1,22.9514956618203,-0.697657252337922,-5.66864916735953
Q3TGF2,Fam107b,8818700.0,0.0,8286900,0,-0.347166,0.820372547402162,0.998030532995944,False,NO CHANGE,2,22.1498951827487,-0.23887270722579,-5.8944772659204
Q3U5Q7,Cmpk2,45436000.0,0.0,64940000,9411400,-1.174549,0.581100462460381,0.998030532995944,False,NO CHANGE,1,23.9720166261593,-0.588231356297677,-5.7405190073425
Q3UI43,Babam1,45959000.0,95535000.0,18129000,0,2.155237,0.13118848057687,0.998030532995944,False,NO CHANGE,1,24.9040665894889,1.79154722656325,-4.56690715370797
Q4KML4,Abracl,48015000.0,20679000.0,87931000,85737000,-1.462319,0.216954757712706,0.998030532995944,False,DOWN,0,25.6404820171645,-1.40546330557101,-5.00893051020567
Q61142,Spin1,18801000.0,14669000.0,32380000,41538000,-1.142977,0.391825465665747,0.998030532995944,False,DOWN,0,24.5567753299685,-0.933909389602658,-5.48120989355688
Q61233,Lcp1,58854000.0,0.0,0,35690000,-0.140938,0.953588317428708,0.998030532995944,False,NO CHANGE,2,23.293114248274,-0.0610736085149891,-5.92388615801457
Q64487,Ptprd,39711000.0,0.0,27127000,0,0.076759,0.967157153176977,0.999971162684518,False,NO CHANGE,2,23.569515904973,0.0432022380889981,-5.92491966178212
Q6IE21,Otud6a,4662700.0,5315600.0,3367400,0,0.466224,0.715579514096684,0.998030532995944,False,NO CHANGE,1,22.014155588394,0.384953492899309,-5.8449590037585
Q6WVG3,Kctd12,60802000.0,42445000.0,0,25859000,2.555022,0.168519531180645,0.998030532995944,False,NO CHANGE,1,24.320842275889,1.59988811278365,-4.79000589950015
Q80UW8,Polr2e,68535000.0,47946000.0,26627000,22764000,1.219304,0.31588392599599,0.998030532995944,False,UP,0,25.1629705094239,1.10996873954214,-5.31752437343716
Q80W22,Thnsl2,41061000.0,41240000.0,194670000,65755000,-1.459123,0.208445957322474,0.998030532995944,False,DOWN,0,26.0239647551153,-1.43639876510367,-4.97476372579944
Q80Y14,Glrx5,60375000.0,5759200.0,9967000,16783000,0.52783,0.763753196415978,0.998030532995944,False,NO CHANGE,0,23.888527531703,0.316826422131089,-5.87082423962824
Q8BFQ8,Pddc1,21962000.0,0.0,31651000,55387000,-2.650529,0.172910056801637,0.998030532995944,False,NO CHANGE,1,23.9941311732433,-1.580172362119,-4.81261166183084
Q8BTV2,Cpsf7,16990000.0,1398800.0,15177000,0,-0.652996,0.727847756727684,0.998030532995944,False,NO CHANGE,1,22.5434684514928,-0.36742015628508,-5.85207071777763
Q8C129,Lnpep,21982000.0,14700000.0,25205000,0,0.690799,0.658796973824032,0.998030532995944,False,NO CHANGE,1,23.7541667023754,0.468042214563399,-5.80707048073625
Q8K339,Kin,14636000.0,7257000.0,0,6313300,1.669201,0.286906268971402,0.998030532995944,False,NO CHANGE,1,22.4623794206602,1.18675257892933,-5.24090695614354
Q8VDM6,Hnrnpul1,19542000.0,0.0,28613000,0,-1.298714,0.399977209930803,0.998030532995944,False,NO CHANGE,2,23.8848882890016,-0.916712779607092,-5.49619051931375
Q8VEH6,Cbwd1,81598000.0,14426000.0,102720000,0,0.350866,0.855865153236433,0.998030532995944,False,NO CHANGE,1,24.8566664324757,0.190899537172793,-5.90580860778406
Q91YN9,Bag2,44883000.0,24773000.0,44417000,66790000,-0.707903,0.543452016839817,0.998030532995944,False,DOWN,0,25.344917105912,-0.649959548211875,-5.70123945197914
Q99L45,Eif2s2,7382100.0,1457600.0,9296500,47912000,-2.685688,0.157135708036634,0.998030532995944,False,DOWN,0,22.9882258047536,-1.65345353611039,-4.72821780381768
Q9CQ92,Fis1,13730000.0,5209700.0,0,5066800,1.099654,0.443768949761812,0.998030532995944,False,NO CHANGE,1,22.4619714925674,0.828731587838425,-5.56970128484372
Q9CR70,Lage3,17433000.0,7578800.0,6330800,13578000,0.310066,0.82818002635175,0.998030532995944,False,NO CHANGE,0,23.2993948931471,0.228268507934747,-5.89719541738804
Q9CY97,Ssu72,20392000.0,0.0,14209000,0,-0.955731,0.586526884569535,0.998030532995944,False,NO CHANGE,2,23.0521529726992,-0.57954253261299,-5.74577740687517
Q9D0A3,Arpin,19760000.0,27845000.0,46955000,39223000,-0.871489,0.482930427119646,0.998030532995944,False,DOWN,0,24.919241643272,-0.755414925068446,-5.62669097918851
Q9D1I5,Mcee,13391000.0,10064000.0,0,7555700,1.572296,0.305277826979668,0.998030532995944,False,NO CHANGE,1,22.6825824120464,1.13733264699915,-5.29055013398956
Q9D967,Mdp1,49922000.0,46805000.0,88741000,63859000,-0.639076,0.524787628102191,0.998030532995944,False,DOWN,0,25.8462039544128,-0.681590679736682,-5.67983947334706
Q9ESJ0,Xpo4,18577000.0,0.0,14649000,0,-0.161873,0.922505159239317,0.998030532995944,False,NO CHANGE,2,22.8951960069874,-0.102111883718181,-5.92017544431546
Q9ESZ8,Gtf2i,5533000.0,2358800.0,4932100,3436000,-0.188409,0.88753205960039,0.998030532995944,False,NO CHANGE,0,21.8788303469987,-0.148536332054167,-5.91374001568294
Q9JHS9,Cwc15,29264000.0,0.0,0,18611000,0.594956,0.740922605539591,0.998030532995944,False,NO CHANGE,2,23.1655620990743,0.348877372607509,-5.85925037964145
Q9JKV1,Adrm1,26857000.0,5092300.0,313450000,0,-1.858923,0.455042943701254,0.998030532995944,False,NO CHANGE,1,24.4088020214087,-0.807154123801825,-5.58689183168466
Q9JMD3,Stard10,77030000.0,0.0,0,24252000,0.763773,0.736194946285593,0.998030532995944,False,NO CHANGE,2,23.4411287665767,0.355565652358667,-5.85670136902774
Q9QX60,Dguok,58221000.0,31059000.0,78648000,27690000,-0.134112,0.912389033917098,0.998030532995944,False,NO CHANGE,0,25.4088281972252,-0.115508227371886,-5.91856167474063
Q9QZ06,Tollip,31158000.0,15571000.0,17561000,17205000,0.341631,0.802265349041105,0.998030532995944,False,NO CHANGE,0,24.2219134452073,0.263591161381715,-5.88767423201172
Q9WV92,Epb41l3,28327000.0,0.0,95307000,0,-0.98507,0.612926917396631,0.998030532995944,False,NO CHANGE,2,24.169838556865,-0.537944942598858,-5.77000144414179
Q9WVK4,Ehd1,1568600.0,36916000.0,14743000,74591000,-2.123618,0.34314146041949,0.998030532995944,False,DOWN,0,23.9212034996111,-1.04308716376733,-5.38180273960083
Q9Z0E6,Gbp2,50945000.0,89819000.0,31262000,60299000,0.639709,0.562280308459161,0.998030532995944,False,UP,0,25.6916230079305,0.618761333215819,-5.7215089120624
Q9Z0H3,Smarcb1,9348500.0,2768100.0,4297600,22571000,-0.953149,0.564524618224557,0.998030532995944,False,DOWN,0,22.7549587201599,-0.615087338815623,-5.72384018621495
Q7TMJ8,Pik3ip1,58836000.0,0.0,83999000,20135000,-1.286309,0.496538920204337,0.998030532995944,False,NO CHANGE,1,24.6503809084346,-0.73094208695738,-5.64479505998344
O89051,Itm2b,42123000.0,13010000.0,95302000,300620000,-2.854073,0.0574992512973636,0.998030532995944,False,DOWN,0,25.9076478467598,-2.43241269797239,-3.80916613558805
P23927,Cryab,8193500.0,8885300.0,33928000,102380000,-2.788147,0.0887361117103436,0.998030532995944,False,DOWN,0,24.418592301414,-2.09215868688394,-4.2106291680277
Q8BMY7,Spink2,20232000.0,0.0,7786200,0,0.002902,0.998612665346181,0.999971162684518,False,NO CHANGE,2,22.6842094686148,0.0018242561770463,-5.92595331550266
Q9DCV4,Rmdn1,38792000.0,0.0,39209000,42633000,-1.346863,0.391308506041038,0.998030532995944,False,NO CHANGE,1,24.6116427666461,-0.935009476585189,-5.48024502068277
P97355,Sms,112170000.0,68937000.0,0,19519000,3.654941,0.06181043110361,0.998030532995944,False,NO CHANGE,1,24.5624727284021,2.37502696512178,-3.87628459613366
Q5I012,Slc38a10,39757000.0,19818000.0,108900000,0,0.639769,0.767839866953737,0.998030532995944,False,NO CHANGE,1,24.4226223472111,0.311130346530227,-5.87276941211687
Q921J2,Rheb,19967000.0,0.0,29048000,24871000,-1.958647,0.270012200566558,0.998030532995944,False,NO CHANGE,1,23.7006246807905,-1.23472871011068,-5.19164285001104
Q8VIN1,Pbp2,74116000.0,0.0,14265000,0,0.44709,0.840130493644839,0.998030532995944,False,NO CHANGE,2,23.2919191636318,0.212095290081898,-5.90110826073158
Q9D5V6,Syap1,51995000.0,12821000.0,17074000,0,1.773594,0.314561312365928,0.998030532995944,False,NO CHANGE,1,23.7351406312441,1.11333746348339,-5.31422409078431
Q99JP4,Cdc26,17240000.0,0.0,8770500,16743000,-0.507048,0.738406613665986,0.998030532995944,False,NO CHANGE,1,23.2771169867568,-0.352434492404217,-5.85790042777247
Q3TUU5,Tex30,35597000.0,7155700.0,33024000,0,0.751148,0.69881818351529,0.998030532995944,False,NO CHANGE,1,23.5523829302357,0.409133471270527,-5.83464124519693
Q9CQ66,Tctex1d2,62830000.0,3972100.0,35393000,7081800,-0.003112,0.998763499074514,0.999971162684518,False,NO CHANGE,0,23.914766536294,-0.0016259192676291,-5.92595369522483
Q9CX60,Lbh,90386000.0,0.0,0,75973000,0.148912,0.95048535646246,0.998030532995944,False,NO CHANGE,2,24.1383164779594,0.0651635092220658,-5.92359989608089
Q9Z2X2,Psmd10,38621000.0,0.0,0,24715000,0.19052,0.923087559202934,0.998030532995944,False,NO CHANGE,2,23.3103887431214,0.101341327940265,-5.92026225284391
Q91VR8,Brk1,10948000.0,11898000.0,20717000,64400000,-1.678245,0.268079080801897,0.998030532995944,False,DOWN,0,24.2833122179715,-1.24038814351887,-5.18576561090718
Q9CQG1,Chac2,20337000.0,0.0,0,6263300,0.377592,0.829819421135187,0.998030532995944,False,NO CHANGE,2,22.3199701676776,0.226045757463749,-5.89774986389789
Q91W50,Csde1,31145000.0,0.0,42047000,10558000,-1.421764,0.481099666486972,0.998030532995944,False,NO CHANGE,1,23.6177843502529,-0.75874441012265,-5.62419161785347
P58242,Smpdl3b,121560000.0,47010000.0,102910000,47450000,0.113422,0.91675348817307,0.998030532995944,False,NO CHANGE,0,26.1150675933478,0.109725711696968,-5.9192825077248
Q99NB9,Sf3b1,19030000.0,4610900.0,12500000,6287500,0.079455,0.958094612505752,0.998809768174366,False,NO CHANGE,0,23.1194672489458,0.0551361700398174,-5.92426877095051
Q9D289,Trappc6b,21999000.0,0.0,0,10084000,0.638395,0.730345161353966,0.998030532995944,False,NO CHANGE,2,22.4279723325241,0.363867179515027,-5.85347368506774
Q9D1K2,Atp6v1f,26428000.0,2954400.0,26918000,22962000,-1.492408,0.394126197470079,0.998030532995944,False,DOWN,0,23.8212026270921,-0.929027382087079,-5.48548239182705
P97823,Lypla1,73736000.0,32506000.0,49923000,31690000,0.299671,0.797667291698733,0.998030532995944,False,NO CHANGE,0,25.3951985354185,0.269897663856488,-5.88583434778877
Q80UM3,Naa15,19073000.0,0.0,0,10993000,-0.190484,0.909885658708432,0.998030532995944,False,NO CHANGE,2,22.7497994069678,-0.118827038793497,-5.91813133533106
Q9CR39,Wdr45b,41010000.0,0.0,22441000,0,0.031408,0.987104797587994,0.999971162684518,False,NO CHANGE,2,23.3700612607,0.0169573232712256,-5.92579560248905
Q8CG76,Akr7a2,28019000.0,7717800.0,24143000,45855000,-1.178008,0.436381744257697,0.998030532995944,False,DOWN,0,24.3988344239671,-0.843093218949852,-5.558071789073
Q9JKX6,Nudt5,48208000.0,33047000.0,24050000,52294000,0.170555,0.887804901705974,0.998030532995944,False,NO CHANGE,0,25.1651152165072,0.148172830843565,-5.91379959386856
Q8K0G5,Tssc1,71382000.0,19941000.0,61968000,85297000,-0.94636,0.440842678650514,0.998030532995944,False,DOWN,0,25.6423257869769,-0.834398967463045,-5.56512981329794
Q9CQ71,Rpa3,28375000.0,3678000.0,5119500,0,1.126745,0.497996184913935,0.998030532995944,False,NO CHANGE,1,22.7209309529493,0.72834948412539,-5.64668516864007
Q91VM9,Ppa2,138220000.0,16239000.0,108660000,12701000,0.350833,0.845710208630802,0.998030532995944,False,NO CHANGE,0,25.3222587668656,0.204566669918601,-5.90283346326029
Q569Z5,Ddx46,18369000.0,2965400.0,13656000,125390000,-2.487157,0.224983709422228,0.998030532995944,False,DOWN,0,24.0588609317544,-1.37730082326029,-5.03977740132161
O09174,Amacr,69657000.0,12275000.0,126170000,1123500000,-3.686581,0.0538228533284807,0.998030532995944,False,DOWN,0,26.6447828364218,-2.48513975981913,-3.74779389839345
Q99JX3;Q91X51,Gorasp2;Gorasp1,33553000.0,10607000.0,27880000,0,0.807804,0.637129377299231,0.998030532995944,False,NO CHANGE,1,23.7653237332338,0.500714511589861,-5.79032199949836
Q8BGD8,Coa6,11902000.0,10015000.0,14314000,6588800,0.168926,0.902235918039233,0.998030532995944,False,NO CHANGE,0,23.2957169064685,0.128978411111294,-5.91673984838307
O08997,Atox1,69060000.0,0.0,253920000,21331000,-2.910226,0.276197771017489,0.998030532995944,False,NO CHANGE,1,24.678010664498,-1.21686040716037,-5.21010908408827
Q80W65,Pcsk9,32790000.0,3480900000.0,60256000,5072100000,-0.710486,0.823516457801283,0.998030532995944,False,DOWN,0,28.6870258503282,-0.235274398733729,-5.89514000750258
Q03157,Aplp1,94701000.0,41128000.0,149420000,0,1.409874,0.514009444124704,0.998030532995944,False,NO CHANGE,1,25.190310134112,0.700200857593974,-5.6668580371568
Q61477,Nbl1,162340000.0,97315000.0,214450000,402880000,-1.225619,0.177660648915693,0.998030532995944,False,DOWN,0,27.5181107903624,-1.55938226002587,-4.83636250626231
P21570,Ang,27253000.0,28046000.0,31530000,86515000,-0.917733,0.467721123023635,0.998030532995944,False,DOWN,0,25.179468047617,-0.78335526506779,-5.60545134516377
P28301,Lox,41159000.0,1239300000.0,31543000,866120000,0.450387,0.852232457029842,0.998030532995944,False,NO CHANGE,0,27.5255977849935,0.196337811192066,-5.90445637276998
Q8C9W3,Adamts2,40117000.0,170800000.0,121640000,122990000,-0.563283,0.608361078038653,0.998030532995944,False,NO CHANGE,0,26.5843628449721,-0.545062370375194,-5.76596929220926
Q8K135,Kiaa0319l,3817800.0,45592000.0,83284000,218560000,-3.354201,0.0860405971086013,0.998030532995944,False,DOWN,0,25.3303944078714,-2.11606155759197,-4.18223555209072
Q61072,Adam9,326430000.0,344570000.0,795730000,1374800000,-1.640929,0.0366386036433954,0.998030532995944,False,DOWN,0,29.1416746575249,-2.79819174865634,-3.39068286520849
Q8BME9,Cbln4,267240000.0,140480000.0,137170000,42460000,1.34418,0.225009999169705,0.998030532995944,False,UP,0,26.8575852539036,1.37721016280068,-5.03987629136758
Q8BNA6,Fat3,48879000.0,45059000.0,17286000,21360000,1.288257,0.316383036217498,0.998030532995944,False,UP,0,24.8398831090095,1.1087006452798,-5.31876519456992
O70258,Sgce,64546000.0,57726000.0,56995000,54728000,0.128217,0.896264739907075,0.998030532995944,False,NO CHANGE,0,25.7991625266126,0.136913231331608,-5.9155733654364
P21614,Gc,86827000.0,9022500000.0,550770000,9130400000,-1.341193,0.6200326649824,0.998030532995944,False,DOWN,0,30.3918565379172,-0.528784389368823,-5.77396450872192
Q9DBV4,Mxra8,32605000.0,226300000.0,47724000,82651000,0.451755,0.73326273376853,0.998030532995944,False,NO CHANGE,0,26.1302479497344,0.359723196864683,-5.8550937151386
Q9Z175,Loxl3,42385000.0,19778000.0,26430000,0,1.916292,0.314207038127277,0.998030532995944,False,NO CHANGE,1,23.8290756600649,1.11424187540167,-5.31333706389481
P35456,Plaur,40277000.0,345420000.0,23445000,805690000,-0.220599,0.917221125487335,0.998030532995944,False,NO CHANGE,0,26.9239139556106,-0.109203138146662,-5.91932624686398
O70458,Osmr,28275000.0,48823000.0,15913000,76468000,0.091013,0.947931523167546,0.998030532995944,False,NO CHANGE,0,25.1015341535525,0.0685305961255343,-5.92335032915961
Q03146,Ddr1,217490000.0,392770000.0,149630000,209320000,0.723762,0.369168321951061,0.998030532995944,False,UP,0,27.7608606164482,0.983255295463117,-5.43717507334776
Q9Z0J7,Gdf15,9920500.0,309610000.0,25757000,852050000,-1.418483,0.581140757516972,0.998030532995944,False,DOWN,0,26.4331705793785,-0.590351431260832,-5.73786250236613
Q8BV57,Ssc5d,3513800.0,59810000.0,0,39115000,0.898688,0.711910422197103,0.998030532995944,False,NO CHANGE,1,23.3398980034046,0.390223735443266,-5.84276037293858
Q99LJ1,Fuca1,135750000.0,363390000.0,1523600000,206980000,-1.338216,0.301401450615687,0.998030532995944,False,DOWN,0,28.3957684028997,-1.14753952179587,-5.28039309978698
Q63870,Col7a1,1144300.0,631570000.0,0,528810000,-0.590409,0.886079294866023,0.998030532995944,False,NO CHANGE,1,24.9754052907417,-0.150891211094559,-5.91323540472563
P35762,Cd81,504520000.0,152000000.0,19925000,805170000,1.128519,0.576731395168013,0.998030532995944,False,UP,0,27.4806567175587,0.596037249675785,-5.73525538992429
Q9JMK0,B4galt5,769930000.0,1321000000.0,694980000,833360000,0.406187,0.488013604823596,0.998030532995944,False,NO CHANGE,0,29.7064740497524,0.746217290707747,-5.63355040170101
Q8K479,C1qtnf5,60305000.0,202890000.0,96206000,353950000,-0.738349,0.527536138975499,0.998030532995944,False,DOWN,0,27.0901226693588,-0.676886258405522,-5.68307552485934
Q9ES89,Extl2,59221000.0,102600000.0,190340000,12702000,0.664753,0.68367192158972,0.998030532995944,False,UP,0,25.8836542202202,0.431223500420921,-5.82470375196194
P27106,Amh,32591000.0,7637100.0,14487000,11895000,0.265228,0.85977689403962,0.998030532995944,False,NO CHANGE,0,23.778667809237,0.185646295442266,-5.90689827905638
Q9EP52,Twsg1,82358000.0,117140000.0,61320000,194170000,-0.151768,0.880888303157378,0.998030532995944,False,NO CHANGE,0,26.6254158637439,-0.157394995449895,-5.91224337792655
Q9D975,Srxn1,32417000.0,39329000.0,66760000,26871000,-0.246345,0.83867783930301,0.998030532995944,False,NO CHANGE,0,25.2128411779485,-0.214057648415555,-5.90064852549284
P40240,Cd9,16908000.0,177340000.0,0,110790000,2.031327,0.447411461279751,0.998030532995944,False,NO CHANGE,1,24.690909383431,0.821715982164524,-5.57532797619632
Q9JI18,Lrp1b,9808000.0,17657000.0,26860000,0,0.424529,0.797980963857979,0.998030532995944,False,NO CHANGE,1,23.437367698305,0.269467045902484,-5.8859613211213
Q9EQQ9,Mgea5,21007000.0,19489000.0,14610000,0,1.074205,0.452589479928013,0.998030532995944,False,NO CHANGE,1,23.7331591325541,0.81181577573747,-5.58320692902388
Q9D1C8,Vps28,58480000.0,66014000.0,39490000,24843000,0.988194,0.388496478705273,0.998030532995944,False,UP,0,25.3947571889357,0.941013793448221,-5.47496496783435
Q9ET47,Espn,33066000.0,23617000.0,27422000,0,0.773646,0.587176771020081,0.998030532995944,False,NO CHANGE,1,24.3492605944929,0.578505222179911,-5.74640063744388
P51569,Gla,78645000.0,60479000.0,86092000,119450000,-0.556212,0.54678653278033,0.998030532995944,False,NO CHANGE,0,26.3174975301137,-0.644384032653977,-5.70492351617689
Q8R0F3,Sumf1,58049000.0,109870000.0,39347000,35572000,1.094001,0.321349295438376,0.998030532995944,False,UP,0,25.7039948027625,1.09617540640747,-5.33097632887554
P35282,Rab21,15646000.0,45745000.0,46067000,45620000,-0.776996,0.547620574953135,0.998030532995944,False,DOWN,0,25.0616986714511,-0.642992921615335,-5.70583854740633
Q8R2Y2,Mcam,50230000.0,135010000.0,87870000,182130000,-0.619362,0.551185008602338,0.998030532995944,False,DOWN,0,26.6049494160523,-0.637063164808847,-5.70972028438068
P62257,Ube2h,30334000.0,82559000.0,0,48792000,2.080599,0.302029010758347,0.998030532995944,False,NO CHANGE,1,24.5363777499833,1.1458793767688,-5.28204860991161
P02802,Mt1,99695000.0,73725000.0,12589000,38322000,1.964669,0.147904577744769,0.998030532995944,False,UP,0,25.3709995673586,1.69978358966663,-4.6743872178082
Q9CX00,Ist1,41639000.0,58197000.0,91738000,34906000,-0.201057,0.858056657974249,0.998030532995944,False,NO CHANGE,0,25.6534653404698,-0.187955715019828,-5.90642293065627
P52482;Q91W82;P52483,Ube2e1;Ube2e2;Ube2e3,41785000.0,13055000.0,16659000,0,1.28138,0.418428764351433,0.998030532995944,False,NO CHANGE,1,23.8366003906389,0.878780874383055,-5.52853964345264
Q8CFI2,Cdc34,50038000.0,51521000.0,20668000,45186000,0.732455,0.542571092833769,0.998030532995944,False,UP,0,25.2313615047949,0.65143623013635,-5.70025926746547
P70460,Vasp,17873000.0,46886000.0,12204000,12504000,1.228598,0.397697804338536,0.998030532995944,False,UP,0,24.172667360244,0.921493206135429,-5.49204550816851
P12815,Pdcd6,34562000.0,163400000.0,23017000,76058000,0.844861,0.541029953821006,0.998030532995944,False,UP,0,25.7408273123634,0.65402339748976,-5.6985374835873
Q62422,Ostf1,63368000.0,121270000.0,83013000,300860000,-0.850226,0.43696542213965,0.998030532995944,False,DOWN,0,26.8105624049952,-0.841951847490194,-5.55900145041444
Q91V41,Rab14,75754000.0,86104000.0,98197000,80043000,-0.134526,0.879774358422252,0.998030532995944,False,NO CHANGE,0,26.3344607938748,-0.158881723573281,-5.91198379193858
O70400,Pdlim1,137090000.0,166850000.0,117690000,1711100000,-1.569084,0.301286077039339,0.998030532995944,False,DOWN,0,27.9568044932797,-1.14784505815632,-5.28008827026151
P82343,Renbp,50051000.0,91611000.0,163380000,180480000,-1.342503,0.167863408704925,0.998030532995944,False,DOWN,0,26.6842082347149,-1.60287750835823,-4.78657158553937
Q91YN5,Uap1,76222000.0,106050000.0,48821000,59468000,0.738632,0.449397784908273,0.998030532995944,False,UP,0,26.0526205597359,0.817908180978919,-5.57836688344937
O88952,Lin7c,19173000.0,34436000.0,25251000,87599000,-0.872131,0.521942566102041,0.998030532995944,False,DOWN,0,25.0510588116112,-0.6864778210777,-5.67645821487841
Q61543,Glg1,37348000.0,43218000.0,49914000,59827000,-0.443789,0.678741200924277,0.998030532995944,False,NO CHANGE,0,25.4817227998915,-0.438466738816857,-5.82133992283614
P62071,Rras2,238760000.0,302010000.0,246620000,256850000,0.093471,0.892347505343058,0.998030532995944,False,NO CHANGE,0,27.9537680977481,0.142124197159735,-5.91476973211776
P62242,Rps8,21787000.0,30188000.0,5549000,14553000,1.512913,0.311288263128742,0.998030532995944,False,UP,0,23.8557614213215,1.12172670572974,-5.30598012208023
Q9D820,Prorsd1,12621000.0,24770000.0,22852000,53561000,-0.984542,0.483780599562527,0.998030532995944,False,DOWN,0,24.5679775202175,-0.753871828477462,-5.62784641295034
Q8R0Y6,Aldh1l1,42606000.0,93379000.0,65230000,226910000,-0.947715,0.411853527551427,0.998030532995944,False,DOWN,0,26.3844313305311,-0.892145780176442,-5.51725259647113
P07091,S100a4,7803400.0,51244000.0,16182000,43417000,-0.406546,0.804015636663471,0.998030532995944,False,NO CHANGE,0,24.4565486200544,-0.261193795567339,-5.88836256260627
Q9R257,Hebp1,41465000.0,67648000.0,0,44661000,2.351101,0.248017866421809,0.998030532995944,False,NO CHANGE,1,24.4829169882489,1.3014023160373,-5.12157489358005
P32921,Wars,155750000.0,174010000.0,99461000,210960000,0.184615,0.827783541500334,0.998030532995944,False,NO CHANGE,0,27.2023184336547,0.22880627600288,-5.89706047790879
Q9CR41,Hypk,40761000.0,13208000.0,6545000,16281000,1.168474,0.448595645661173,0.998030532995944,False,UP,0,23.8835606349875,0.819444378915239,-5.57714216166193
Q9QUH0,Glrx,16892000.0,72543000.0,105410000,50502000,-1.059552,0.42489185394926,0.998030532995944,False,DOWN,0,25.5908608936518,-0.865800874130533,-5.53938401069546
P52795,Efnb1,1070500000.0,1394000000.0,538880000,176470000,1.985992,0.0414863262051829,0.998030532995944,False,UP,0,29.1931143929959,2.69581217111205,-3.5059577989485
Q3UTJ2,Sorbs2,20059000.0,81709000.0,59545000,47608000,-0.39522,0.753694233034403,0.998030532995944,False,NO CHANGE,0,25.4684789326186,-0.330898693898083,-5.86587374566328
Q8VED9,Lgalsl,31944000.0,29860000.0,27719000,21954000,0.3242,0.795487597696112,0.998030532995944,False,NO CHANGE,0,24.7182762080434,0.272891641463891,-5.88494609731629
Q9CWU9,Nup37,55943000.0,47864000.0,77553000,0,1.299236,0.459541567994477,0.998030532995944,False,NO CHANGE,1,24.975327770047,0.798654541616555,-5.59356896806052
P67984,Rpl22,89866000.0,166590000.0,9435100,127140000,1.820775,0.277609733554183,0.998030532995944,False,UP,0,25.9561119359579,1.21283180563233,-5.21425338003744
Q8C1B7,2018-09-11 00:00:00,56435000.0,553500000.0,151730000,1302700000,-1.330847,0.426752697473706,0.998030532995944,False,DOWN,0,28.0624709433285,-0.862091780471285,-5.54246131260343
Q9R0Y5,Ak1,63795000.0,253010000.0,162860000,347020000,-0.903971,0.406997512291966,0.998030532995944,False,DOWN,0,27.3727649562004,-0.902122960218299,-5.50874754475141
P62627,Dynlrb1,214380000.0,136500000.0,252230000,177280000,-0.305849,0.697445618652157,0.998030532995944,False,NO CHANGE,0,27.5028849931165,-0.411125631355208,-5.83376499493579
O70209,Pdlim3,13921000.0,18662000.0,9458900,32649000,-0.124708,0.931902879346659,0.998030532995944,False,NO CHANGE,0,24.0045340604738,-0.089686474502107,-5.92149536876398
Q9CQ65,Mtap,64197000.0,219010000.0,76873000,53001000,0.893467,0.416664229002843,0.998030532995944,False,UP,0,26.374478482015,0.88235144524145,-5.52553614929901
P61358,Rpl27,34083000.0,53165000.0,4492800,118720000,0.882176,0.656620739140277,0.998030532995944,False,UP,0,24.9021734035869,0.47129741691118,-5.80544787689989
P83877,Txnl4a,70796000.0,29860000.0,36320000,101180000,-0.398867,0.739739096446269,0.998030532995944,False,NO CHANGE,0,25.653871278476,-0.350549978667312,-5.85861723486973
Q8K003,Tma7,7588800.0,12805000.0,10744000,9052000,-0.000594,0.999647630467964,0.999971162684518,False,NO CHANGE,0,23.2331193220049,-0.00046334306989,-5.92595504305691
Q3U0V1,Khsrp,15897000.0,21600000.0,152460000,157420000,-3.06356,0.0240943204278631,0.998030532995944,False,DOWN,0,25.6751695796027,-3.1536217228432,-3.00393343554854
O54984,Asna1,79747000.0,66578000.0,38897000,30877000,1.072142,0.327283493538431,0.998030532995944,False,UP,0,25.5826634783434,1.08142402447678,-5.34525220577097
P62301,Rps13,84982000.0,195250000.0,33116000,125150000,1.000647,0.396582179078724,0.998030532995944,False,UP,0,26.440377351701,0.923840809627991,-5.49000445753499
Q9CQ86,Mien1,26382000.0,6447600.0,12836000,26428000,-0.497937,0.745520483258346,0.998030532995944,False,NO CHANGE,0,23.8856594221955,-0.342390103584969,-5.86167879551753
Q99JX4,Eif3m,56301000.0,113950000.0,39162000,100830000,0.350091,0.746833264936439,0.998030532995944,False,NO CHANGE,0,26.0801959280129,0.340540959062189,-5.86236304613001
Q9D711,Pir,69893000.0,123690000.0,106910000,93645000,-0.105861,0.905966266564986,0.998030532995944,False,NO CHANGE,0,26.5233296142128,-0.124026259320277,-5.91743281053553
P0C7N9,Psmg4,59998000.0,28855000.0,41399000,60586000,-0.267422,0.814148703552543,0.998030532995944,False,NO CHANGE,0,25.4440756942116,-0.247348695874421,-5.89221799141561
P62702,Rps4x,24876000.0,135060000.0,21852000,175050000,-0.093589,0.953166645705867,0.998030532995944,False,NO CHANGE,0,25.8354325553607,-0.0616293254542865,-5.92384834925411
Q8C460,Eri3,27822000.0,29045000.0,36475000,49665000,-0.582311,0.624416905727022,0.998030532995944,False,NO CHANGE,0,25.0519100272125,-0.520168132366551,-5.77986650807826
Q9JK23,Psmg1,142750000.0,63124000.0,92939000,59827000,0.348263,0.725190112146138,0.998030532995944,False,NO CHANGE,0,26.3261687421706,0.371207035369791,-5.85056120233122
Q91XC8,Dap,43024000.0,64956000.0,43628000,37303000,0.390029,0.720206672091511,0.998030532995944,False,NO CHANGE,0,25.4607842775889,0.378324709460302,-5.84768444617688
P62751,Rpl23a,7659400.0,57187000.0,0,45415000,0.986201,0.647421992749371,0.998030532995944,False,NO CHANGE,1,23.8258915757811,0.48512076490711,-5.79844347107985
P70362,Ufd1l,181100000.0,394400000.0,211540000,420020000,-0.157471,0.849251403714629,0.998030532995944,False,NO CHANGE,0,28.072383412023,-0.199795732159277,-5.90389501443542
P00329,Adh1,73562000.0,149680000.0,119960000,61655000,0.287035,0.768354621949809,0.998030532995944,False,NO CHANGE,0,26.5013640846541,0.310413713664468,-5.87301173732102
P53612,Rabggtb,84418000.0,37496000.0,31921000,18122000,1.22602,0.344300774275041,0.998030532995944,False,UP,0,25.1326305098012,1.04034333381993,-5.38438744477219
P50295,Nat2,84656000.0,75076000.0,11988000,20932000,2.331331,0.092803435143332,0.998030532995944,False,UP,0,25.0828129797763,2.05749333118047,-4.25182204186963
Q05BC3,Eml1,1639600000.0,261540000.0,603890000,957100000,-0.215326,0.836046575069201,0.998030532995944,False,NO CHANGE,0,29.3942395219276,-0.217614654719354,-5.8998046132632
Q8K385,FRRS1,64828000.0,49323000.0,57524000,65501000,-0.118402,0.904728113741268,0.998030532995944,False,NO CHANGE,0,25.8121363013627,-0.125669536867361,-5.91720585181398
Q9D9A7,Ptges3l,15249000.0,14875000.0,8232400,7942100,0.897313,0.508007390597187,0.998030532995944,False,UP,0,23.395642095144,0.710679675570932,-5.65942337040523
Q3UL36,Arglu1,109570000.0,124860000.0,6451700000,1655100000,-4.804145,0.0017035911429697,0.412694954384432,False,DOWN,0,29.2035792962466,-5.94665342841782,-0.773848028819783
Q91XE4,Acy3,46089000.0,61847000.0,69505000,93057000,-0.591053,0.548520933537416,0.998030532995944,False,DOWN,0,25.9655860454457,-0.641492741968023,-5.70682345648742
P18608,Hmgn1,76750000.0,15885000.0,47376000,13086000,0.487826,0.754291059319122,0.998030532995944,False,NO CHANGE,0,24.8134997672052,0.330061637741553,-5.86617397050732
Q8BV13,Cops7b,81238000.0,44478000.0,58352000,137280000,-0.574293,0.586667775352854,0.998030532995944,False,NO CHANGE,0,26.128266238506,-0.579317591764034,-5.74591263688848
O08583;Q9JJW6,Alyref;Alyref2,128180000.0,247750000.0,63223000,90037000,1.239972,0.201364930199842,0.998030532995944,False,UP,0,26.7889666402088,1.46306814494342,-4.94508494450344
P12787,Cox5a,23423000.0,30036000.0,20617000,13178000,0.686326,0.611331276260673,0.998030532995944,False,UP,0,24.3176427681345,0.540428779634116,-5.76859963428371
Q8JZL3,Thtpa,38963000.0,75562000.0,14509000,104890000,0.476006,0.743507141834849,0.998030532995944,False,NO CHANGE,0,25.455376408127,0.345228694270795,-5.86062154779574
Q3TWW8,Srsf6,18308000.0,42763000.0,73079000,14804000,-0.233303,0.874891213169038,0.998030532995944,False,NO CHANGE,0,24.8545669636889,-0.165403997612259,-5.9108164613108
P60824,Cirbp,5627900.0,97674000.0,6373800,0,1.727696,0.380497852673947,0.998030532995944,False,NO CHANGE,1,23.6189702042577,0.958284673710167,-5.45964912796515
Q91WE2,Fam192a,105860000.0,74303000.0,106680000,5358000,1.891261,0.311803906614342,0.998030532995944,False,UP,0,25.4566192707677,1.12040001554857,-5.30728621714407
Q8VCX1,Akr1d1,623880000.0,272890000.0,609930000,841800000,-0.796267,0.288636164995844,0.998030532995944,False,DOWN,0,29.0183520783603,-1.18198249215497,-5.24574876315704
O70423,Aoc3,83531000.0,89149000.0,300330000,99532000,-1.002553,0.321723586975082,0.998030532995944,False,DOWN,0,26.8640385256729,-1.09523814696186,-5.33188679481205
O08529,Capn2,6545700.0,53725000.0,0,31105000,0.716402,0.709411843488197,0.998030532995944,False,NO CHANGE,1,23.8024019771312,0.393819859944112,-5.84124404159056
O08539,Bin1,18505000.0,23667000.0,29290000,26713000,-0.418579,0.745857832562885,0.998030532995944,False,NO CHANGE,0,24.5281822089635,-0.341914793431436,-5.8618550146323
O08912,Galnt1,141080000.0,83675000.0,244550000,252480000,-1.193458,0.174479952262687,0.998030532995944,False,DOWN,0,27.2918449108591,-1.57324112514848,-4.82054011639137
O35098,Dpysl4,34202000.0,72120000.0,96712000,0,1.232557,0.523952252568323,0.998030532995944,False,NO CHANGE,1,24.9494579615072,0.683023804391768,-5.67884999734245
O70139,Pkig,4426800.0,0.0,3490400,0,0.227866,0.857030976710535,0.998030532995944,False,NO CHANGE,2,21.6448926755661,0.189333258308771,-5.90613663304861
O70274;Q63739,Ptp4a2;Ptp4a1,3805500.0,6640700.0,9018700,16837000,-1.293531,0.365694430672317,0.998030532995944,False,DOWN,0,22.908044577952,-0.991036481278277,-5.43009371208736
O88653,Lamtor3,84796000.0,4593300.0,0,66903000,0.463006,0.847238899307908,0.998030532995944,False,NO CHANGE,1,24.0027931574399,0.202506445691341,-5.90329489212334
O88712;P56546,Ctbp1;Ctbp2,16794000.0,0.0,11544000,0,-0.110438,0.952980262798737,0.998030532995944,False,NO CHANGE,2,22.2903547325592,-0.0618749648401387,-5.92383152795681
O88803,Lect2,11052000.0,0.0,0,2568400,1.760594,0.225466509116342,0.998030532995944,False,NO CHANGE,2,21.8602820920778,1.37563745744784,-5.04159132783108
P09535,Igf2,7790300.0,0.0,5310600,5858700,-0.988211,0.540761537073726,0.998030532995944,False,NO CHANGE,1,21.9171906540399,-0.654474491937412,-5.69823669185987
P24547,Impdh2,21261000.0,0.0,31052000,37666000,-1.525835,0.312025068781145,0.998030532995944,False,NO CHANGE,1,24.2645534727974,-1.11983157112282,-5.30784556458894
P47963,Rpl13,3030900.0,0.0,4105100,0,0.193591,0.879661198263613,0.998030532995944,False,NO CHANGE,2,21.6917077870221,0.15903277622892,-5.9119572826533
P51807,Dynlt1,7905100.0,0.0,8805600,7552000,-0.714575,0.607929749106063,0.998030532995944,False,NO CHANGE,1,22.6019211558088,-0.545736352366777,-5.76558504064968
P53690,Mmp14,0.0,27329000.0,13442000,52304000,-1.500759,0.41747198583338,0.998030532995944,False,NO CHANGE,1,23.9099515269211,-0.880715487883065,-5.52691337107647
P55002,Mfap2,44002000.0,20870000.0,41497000,105280000,-1.125083,0.373012289078126,0.998030532995944,False,DOWN,0,25.4155382218015,-0.974714351653261,-5.44490540651019
P56873,Sssca1,32750000.0,19718000.0,161870000,0,-0.082381,0.968981042329828,0.999971162684518,False,NO CHANGE,1,24.64019108747,-0.0408014166647611,-5.92503153371475
P57716,Ncstn,11932000.0,16848000.0,6664100,8659300,0.900304,0.510748153081734,0.998030532995944,False,UP,0,23.3070510365315,0.705884190108652,-5.66283686015178
P57746,Atp6v1d,19766000.0,0.0,15095000,20688000,-1.778608,0.354101378873714,0.998030532995944,False,NO CHANGE,1,23.1856249690496,-1.01745004623993,-5.40578553062532
P62322,Lsm5,11525000.0,0.0,0,2530600,0.94695,0.559533308534069,0.998030532995944,False,NO CHANGE,2,21.440781774813,0.623270915847433,-5.71863126892981
P70186,Epyc,62983000.0,0.0,0,36717000,0.68733,0.778921765932836,0.998030532995944,False,NO CHANGE,2,23.2980889936652,0.295742841438278,-5.87785438357467
P70671,Irf3,22933000.0,15247000.0,15810000,0,1.2967,0.406620481316543,0.998030532995944,False,NO CHANGE,1,23.5081220434672,0.902901486692745,-5.50808107316853
P97310,Mcm2,9281800.0,0.0,26663000,0,-0.940337,0.606850171809654,0.998030532995944,False,NO CHANGE,2,22.5849656706376,-0.54742449610996,-5.76462075354467
P97434,Mprip,11735000.0,6181000.0,0,4192800,1.331139,0.343104934647349,0.998030532995944,False,NO CHANGE,1,22.356292047137,1.04317373776127,-5.38172111719326
Q00724,Rbp4,7495800.0,0.0,12842000,5373500,-0.893438,0.544208348469495,0.998030532995944,False,NO CHANGE,1,22.5391796537839,-0.64869296526319,-5.70207869311055
Q08943,Ssrp1,7977800.0,0.0,0,9139300,-0.219145,0.884715860042262,0.998030532995944,False,NO CHANGE,2,22.1519688101798,-0.152289662792448,-5.9131163851402
Q3V1L4,Nt5c2,125350000.0,0.0,41982000,0,1.09473,0.699769862257216,0.998030532995944,False,NO CHANGE,2,23.4278205691912,0.407753292647745,-5.83524598739889
Q4QY64,Atad5,112040000.0,175700000.0,83600000,33019000,1.417092,0.196393593089659,0.998030532995944,False,UP,0,26.355442574209,1.48233045688502,-4.92352721530131
Q5U5V2,Hykk,14596000.0,58071000.0,0,24545000,1.370997,0.421815071174653,0.998030532995944,False,NO CHANGE,1,24.1096937192016,0.87196100070417,-5.5342519821454
Q61753,Phgdh,2838000.0,1219100.0,3143500,9622700,-1.564061,0.292313058983148,0.998030532995944,False,DOWN,0,21.608944713302,-1.17192676937021,-5.2559211793958
Q63810,Ppp3r1,11331000.0,0.0,2987200,9697100,0.494618,0.736859481982317,0.998030532995944,False,NO CHANGE,1,22.6070511858589,0.354624413174046,-5.85706286920929
Q64327,Mea1,25559000.0,12158000.0,0,23925000,0.223271,0.877189500178294,0.998030532995944,False,NO CHANGE,1,23.9597300626987,0.162333222580918,-5.91137184263108
Q6P9R2,Oxsr1,29687000.0,41807000.0,30639000,48196000,-0.125353,0.915170178606448,0.998030532995944,False,NO CHANGE,0,25.1329612788956,-0.111822939972071,-5.91902532824243
Q6PEB6,Mob4,34497000.0,34594000.0,117020000,170440000,-2.031441,0.0721206384782167,0.998030532995944,False,DOWN,0,26.0577136672624,-2.25357264264043,-4.01927172037017
Q78JE5,Fbxo22,5726800.0,10465000.0,0,8539200,0.627869,0.661824236674415,0.998030532995944,False,NO CHANGE,1,22.570248993415,0.463523460932507,-5.80930589316297
Q80VJ2,Sra1,12617000.0,0.0,21442000,0,-0.069905,0.970402695594604,0.999971162684518,False,NO CHANGE,2,22.5313948603063,-0.0389302616657483,-5.92511429352941
Q80WB5,Wdyhv1,57675000.0,24074000.0,22569000,22138000,0.737277,0.575299460825539,0.998030532995944,False,UP,0,24.7825690038069,0.597575234837891,-5.73478869086738
Q8BG73,Sh3bgrl2,33887000.0,2756700.0,10982000,38810000,-1.094912,0.566071340344048,0.998030532995944,False,DOWN,0,23.7518255015844,-0.612560679421645,-5.72543655836196
Q8BG94,Commd7,14814000.0,7873000.0,6145800,13136000,0.265374,0.84994971293362,0.998030532995944,False,NO CHANGE,0,23.2317830096398,0.198855561960273,-5.90410129993214
Q8BHL8,Psmf1,14218000.0,0.0,6974200,0,0.481114,0.722248325876255,0.998030532995944,False,NO CHANGE,2,23.2306040676727,0.375406017542702,-5.8488703301864
Q8BRH0,Tmtc3,210490000.0,142290000.0,43638000,117170000,1.275163,0.221929178921558,0.998030532995944,False,UP,0,26.7291362812309,1.38790235591619,-5.02819508051686
Q8BWP8,B4gat1,57708000.0,67670000.0,52373000,140970000,-0.459426,0.659078457342062,0.998030532995944,False,NO CHANGE,0,26.1268534731703,-0.467621587855654,-5.80727939950258
Q8C351,Layn,14887000.0,0.0,12290000,20975000,-0.871178,0.552298704167846,0.998030532995944,False,NO CHANGE,1,23.5009854393681,-0.635215511141454,-5.71092359695623
Q8CDG1,Piwil2,1805000.0,0.0,13991000,0,-1.748023,0.244223587681054,0.998030532995944,False,NO CHANGE,2,22.1655563133829,-1.31344517730636,-5.1087338400966
Q8CFI0,Nedd4l,34943000.0,17661000.0,16165000,0,1.839521,0.275123193999856,0.998030532995944,False,NO CHANGE,1,23.6465214138414,1.21993870695751,-5.20693760207964
Q8CI32,Bag5,15881000.0,0.0,0,28352000,-0.837144,0.678397431600874,0.998030532995944,False,NO CHANGE,2,22.6933981468742,-0.438972720150783,-5.8211030061231
Q8K0C9,Gmds,43597000.0,39032000.0,31254000,40669000,0.210458,0.853575121477297,0.998030532995944,False,NO CHANGE,0,25.1927108172221,0.193977805651646,-5.90515617147033
Q8K2I1,Fntb,53997000.0,0.0,46638000,34757000,-1.436462,0.431014981528745,0.998030532995944,False,NO CHANGE,1,24.5446703171969,-0.853642339770625,-5.54943546266147
Q8K2Q5,Chchd7,6491300.0,0.0,5951700,7602400,-0.499347,0.709403483972281,0.998030532995944,False,NO CHANGE,1,22.4317736151466,-0.393831901407945,-5.84123894230623
Q8QZY9,Sf3b4,1650900.0,31670000.0,0,12655000,0.172294,0.93171753398637,0.998030532995944,False,NO CHANGE,1,22.6995704057228,0.0899313662178014,-5.92147100065471
Q8R1B4,Eif3c,10243000.0,72191000.0,0,63369000,0.777761,0.708415506258556,0.998030532995944,False,NO CHANGE,1,24.3078445790367,0.395255500440091,-5.84063505061588
Q8R526,Pkd1l1,68007000.0,42775000.0,64080000,77281000,-0.383768,0.701311682502387,0.998030532995944,False,NO CHANGE,0,25.8766064183047,-0.405519160004974,-5.83622085669244
Q8VC60,Glb1l,9570200.0,4380300.0,0,4266100,1.114338,0.429525689836526,0.998030532995944,False,NO CHANGE,1,22.0691891140144,0.856587408901676,-5.54701031587694
Q8VE70,Pdcd10,23786000.0,0.0,18354000,16726000,-0.855485,0.592809800498762,0.998030532995944,False,NO CHANGE,1,23.6348478339443,-0.569543105372479,-5.7517446904094
Q8VHC3,Selm,15284000.0,0.0,13230000,0,-0.370145,0.80513242470892,0.998030532995944,False,NO CHANGE,2,23.0468622035694,-0.259665057306795,-5.88879830078886
Q8VHN8,Nudt16l1,5505300.0,0.0,83098000,30041000,-3.651738,0.0440151388108498,0.998030532995944,False,NO CHANGE,1,23.7485010611281,-2.64749347135458,-3.56090091837182
Q8VI64,Mgarp,46798000.0,0.0,72228000,39206000,-2.698501,0.237037356207441,0.998030532995944,False,NO CHANGE,1,24.3160626464151,-1.33673264897897,-5.08375175427287
Q91W39,Ncoa5,4159400.0,3033900.0,3766200,14307000,-1.047105,0.478117198305604,0.998030532995944,False,DOWN,0,22.2838955354314,-0.764187860514143,-5.62008680388663
Q91WG0,Ces2c,75365000.0,52101000.0,99228000,0,2.199059,0.34834302262227,0.998030532995944,False,NO CHANGE,1,24.8015702671857,1.03083618541228,-5.39331018707352
Q91WU5,As3mt,16800000.0,0.0,50298000,0,-1.8697,0.396054932049408,0.998030532995944,False,NO CHANGE,2,22.9937954663201,-0.924952109173557,-5.48903701545236
Q91WV0,Dr1,22547000.0,15634000.0,7049800,0,1.247053,0.373233490192539,0.998030532995944,False,NO CHANGE,1,23.5387815653487,0.974225041474575,-5.44534692184134
Q91ZI0,Celsr3,128990000.0,0.0,133770000,48836000,-1.846228,0.382158754115004,0.998030532995944,False,NO CHANGE,1,25.3451967364235,-0.954674618730377,-5.4628661399281
Q924T3,Xrcc4,11991000.0,0.0,51326000,0,-2.064902,0.291781436368523,0.998030532995944,False,NO CHANGE,2,23.1633890806892,-1.17337376772511,-5.25446029162437
Q9CQ10,Chmp3,31838000.0,50996000.0,89345000,56231000,-0.814809,0.453964580772612,0.998030532995944,False,DOWN,0,25.6714682890815,-0.809200750297713,-5.58527601234914
Q9CQ13,Coprs,22815000.0,0.0,33364000,12980000,-1.686426,0.377484343437142,0.998030532995944,False,NO CHANGE,1,23.4675751534708,-0.964867204423464,-5.45376223197266
Q9CR57,Rpl14,4020800.0,2352700.0,1718400,14791000,-0.712957,0.66601191891119,0.998030532995944,False,DOWN,0,21.9089469528026,-0.45729036515404,-5.81235681358873
Q9CX86,Hnrnpa0,317990000.0,7651500.0,712140000,643300000,-3.778392,0.0909618285075805,0.998030532995944,False,DOWN,0,27.4450548557715,-2.07668303584487,-4.23052222829186
Q9CYD3,Crtap,19986000.0,29163000.0,25513000,42066000,-0.440379,0.730464473788837,0.998030532995944,False,NO CHANGE,0,24.7452506865182,-0.363697571641257,-5.85354033566054
Q9D211,Cdkn2aipnl,1712700.0,3182500.0,7562400,0,-1.776991,0.210139044071641,0.998030532995944,False,NO CHANGE,1,22.0432805104459,-1.43014938924265,-4.9816888611341
Q9D2Q8,S100a14,4529300.0,0.0,0,13932000,-0.694882,0.674493087589578,0.998030532995944,False,NO CHANGE,2,21.8792102025699,-0.444728503599972,-5.81839022810202
Q9D7I0,Shisa5,2932100.0,8236900.0,0,64159000,-1.008176,0.656609904919265,0.998030532995944,False,NO CHANGE,1,22.7326744797702,-0.471313636962855,-5.80543976609334
Q9D832,Dnajb4,3804900.0,0.0,0,17021000,-0.951437,0.58942429796603,0.998030532995944,False,NO CHANGE,2,21.7814353191824,-0.574923213789959,-5.74854528758765
Q9D880,Timm50,14526000.0,11053000.0,8929400,788890000,-2.727656,0.288887271342203,0.998030532995944,False,DOWN,0,24.9588623822259,-1.1812921780464,-5.24644858840944
Q9D8Z2,Triap1,2913800.0,9619300.0,19368000,0,-1.517972,0.3205975816463,0.998030532995944,False,NO CHANGE,1,23.0949714706645,-1.09806058716272,-5.32914364594171
Q9DAI2,Ift22,11954000.0,23547000.0,37325000,59368000,-1.488396,0.280041910511042,0.998030532995944,False,DOWN,0,24.7442127856393,-1.20593491686233,-5.22133175105634
Q9DCL9,Paics,0.0,7661000.0,0,6813200,-0.043471,0.97356778073658,0.999971162684518,False,NO CHANGE,2,22.6535412061375,-0.0347650046744562,-5.92528458021593
Q9DCM0,Ethe1,7229000.0,0.0,18990000,29801000,-2.963762,0.100876021956834,0.998030532995944,False,NO CHANGE,1,23.0219159265006,-1.99315309214274,-4.32828087326171
Q9DCM2,Gstk1,11429000.0,0.0,23594000,0,-0.705012,0.648664294007826,0.998030532995944,False,NO CHANGE,2,23.1433633786935,-0.483247776569002,-5.79940330153617
Q9ES97,Rtn3,32623000.0,21538000.0,16538000,0,1.646763,0.295713624397497,0.998030532995944,False,NO CHANGE,1,23.8365018772649,1.16272520225983,-5.26518801242282
Q9JIY5,Htra2,20289000.0,0.0,42880000,0,-0.587958,0.776135572354318,0.998030532995944,False,NO CHANGE,2,23.1161817877876,-0.299603657321011,-5.87660187154517
Q9JLV6,Pnkp,8381900.0,0.0,33249000,14446000,-1.625576,0.273763773446501,0.998030532995944,False,NO CHANGE,1,23.5726989881621,-1.22384840171186,-5.20290362579679
Q9QZA0,Ca5b,30187000.0,23749000.0,0,10535000,1.993399,0.193439705929003,0.998030532995944,False,NO CHANGE,1,23.6776943853498,1.49399772545454,-4.91042200765554
Q9QZB9,Dctn5,6198000.0,0.0,8802800,0,-0.278797,0.836318486875185,0.998030532995944,False,NO CHANGE,2,22.4222831902145,-0.217246927833122,-5.89989248995263
Q9WV98,Timm9,4429700.0,2091700.0,15478000,4547000,-1.462589,0.337019107138688,0.998030532995944,False,DOWN,0,22.2688053465868,-1.05770751888271,-5.36795908363864
Q9Z0M5,Lipa,25556000.0,0.0,64804000,0,-0.014435,0.994590940323404,0.999971162684518,False,NO CHANGE,2,23.6007266578045,-0.0071126337376929,-5.92592708975037
Q9Z0Y1,Dctn3,26425000.0,32155000.0,96897000,48627000,-1.235632,0.299625735027423,0.998030532995944,False,DOWN,0,25.4147857014797,-1.15225336651727,-5.27568511843563
Q9Z255,Ube2a,34703000.0,26782000.0,38730000,0,0.920338,0.558350718971985,0.998030532995944,False,NO CHANGE,1,24.4014896283569,0.625216636091413,-5.71738418529903
Q9CR75,Tnfrsf12a,7975700.0,0.0,6252700,0,0.013146,0.992179322921571,0.999971162684518,False,NO CHANGE,2,22.3947208637024,0.0102838987193541,-5.92589647648046
P12850,Cxcl1,15777000.0,11455000.0,52246000,337360000,-3.303869,0.0557493403360171,0.998030532995944,False,DOWN,0,25.3323311567926,-2.4570413815772,-3.78046199108104
Q91YQ5,Rpn1,106870000.0,6820100.0,3852700,10787000,2.066207,0.307918035740514,0.998030532995944,False,UP,0,23.653217979809,1.13044495555095,-5.29737516272525
P17125,Tgfb3,26257000.0,9599600.0,54831000,56247000,-1.80651,0.204728721538731,0.998030532995944,False,DOWN,0,24.8236257201252,-1.45028987595988,-4.95933015002862
Q8K007,Sulf1,7505000.0,0.0,48670000,0,-2.244465,0.198781193216669,0.998030532995944,False,NO CHANGE,2,23.2380342933821,-1.47302191947836,-4.93395743136603
Q8BR92,Palm2,33026000.0,7841500.0,0,5366400,1.894142,0.238451340070615,0.998030532995944,False,NO CHANGE,1,22.9928275678503,1.332099616845,-5.08873750912472
Q64314,Cd34,37632000.0,0.0,15000000,0,0.308177,0.875575013518543,0.998030532995944,False,NO CHANGE,2,23.0012775617482,0.164490169993346,-5.91098281212978
Q9JMD0,Znf207,12688000.0,7918900.0,0,19549000,0.614,0.717062358601362,0.998030532995944,False,NO CHANGE,1,22.9499149917325,0.382827074702814,-5.84583814023328
Q3UD01,Atxn7l3b,17677000.0,4094600.0,13769000,11410000,-0.559027,0.710134769105043,0.998030532995944,False,NO CHANGE,0,23.2998442783814,-0.392778771746263,-5.8416843657951
Q9CXF4,Tbc1d15,11512000.0,1954900.0,9134500,6770100,-0.729171,0.64165071863893,0.998030532995944,False,DOWN,0,22.5422346462712,-0.493847650188282,-5.79392697919939
Q8BGL1,Ppm1n,711940000.0,85293000.0,391260000,10181000,1.965088,0.38267732501761,0.998030532995944,False,UP,0,26.8940081875544,0.955289096802474,-5.46158806366325
Q9CRT8,Xpot,31040000.0,18240000.0,95988000,10872000,-0.441119,0.78717750398592,0.998030532995944,False,NO CHANGE,0,24.7246730906934,-0.284332929440389,-5.88146427390615
Q9CT10,Ranbp3,64412000.0,4219400.0,58422000,29467000,-1.331586,0.477212915284582,0.998030532995944,False,DOWN,0,24.6405094622261,-0.765843113985335,-5.61883405552546
Q8K5B2,Mcfd2,63942000.0,8863200.0,4270400,35173000,0.957876,0.61901399942999,0.998030532995944,False,UP,0,24.0258904018852,0.528503714472372,-5.77527749461723
Q9DCL8,Ppp1r2,32299000.0,0.0,0,21448000,0.502376,0.793226939518563,0.998030532995944,False,NO CHANGE,2,23.1524309526131,0.275999872537168,-5.88401389975759
Q9DB50,Ap1s2,17173000.0,12806000.0,0,7413000,0.917207,0.501349092359398,0.998030532995944,False,NO CHANGE,1,23.3633741687935,0.722404383123076,-5.6509990675153
P47955,Rplp1,108810000.0,11121000.0,0,49758000,1.242235,0.549345757927915,0.998030532995944,False,NO CHANGE,1,24.430891968719,0.640119816772644,-5.70772312226601
P05977;P09542,Myl1;Myl3,190790000.0,98473000.0,108670000,251310000,-0.269818,0.770458807854525,0.998030532995944,False,NO CHANGE,0,27.1652266263956,-0.307486238775199,-5.87399606728391
Q9QY93,Dctpp1,34266000.0,23438000.0,19592000,35636000,0.101014,0.937490497344277,0.998030532995944,False,NO CHANGE,0,24.705803500772,0.0823066361000787,-5.92219862730318
P56394,Cox17,58793000.0,17099000.0,88969000,0,0.233784,0.894375583734843,0.998030532995944,False,NO CHANGE,1,24.8013828904906,0.13942575038799,-5.91518960276176
Q3U1U7,Ahrr,1538900000.0,1281000000.0,1201300000,1168500000,0.244958,0.60318388208793,0.998030532995944,False,NO CHANGE,0,30.2644588978722,0.553170701818274,-5.7613187764768
P31240,Pdgfb,22787000.0,124120000.0,43439000,67844000,-0.029669,0.981822034737205,0.999971162684518,False,NO CHANGE,0,25.6792683694334,-0.0239055600516901,-5.9256380640317
Q03366,Ccl7,27796000.0,96828000.0,47992000,166620000,-0.785491,0.538029202061826,0.998030532995944,False,DOWN,0,26.0213929632444,-0.659074770481211,-5.69515932166526
P28862,Mmp3,30876000.0,3757900000.0,0,4575600000,0.97065,0.808576007437362,0.998030532995944,False,NO CHANGE,1,27.858305845161,0.255697273791656,-5.88959747785957
P55292,Dsc2,4063900.0,18924000.0,7088800,29085000,-0.711367,0.669230633540044,0.998030532995944,False,DOWN,0,23.4197572916472,-0.452513339215103,-5.8146693922824
P97857,Adamts1,7026400.0,204450000.0,22938000,351320000,-1.24396,0.588395955914155,0.998030532995944,False,DOWN,0,25.7977434595848,-0.576561110205082,-5.74756607114615
Q9DD06,Rarres2,12266000.0,217250000.0,21464000,148550000,-0.129423,0.946136984917446,0.998030532995944,False,NO CHANGE,0,25.686182861159,-0.0708971463037094,-5.92316741371518
P97821,Ctsc,18979000.0,688710000.0,12749000,800300000,0.178688,0.948776228503456,0.998030532995944,False,NO CHANGE,0,26.6792671124842,0.067600940201305,-5.92339706079821
Q61789,Lama3,0.0,1933300000.0,0,792070000,0.442528,0.917647913502716,0.998030532995944,False,NO CHANGE,2,25.8403908075929,0.108840001544004,-5.91932926549792
O88452,Stc2,19835000.0,261770000.0,2065600,194640000,1.845454,0.505445154925623,0.998030532995944,False,UP,0,25.1799080119716,0.715178918112707,-5.65620376551111
O35664,Ifnar2,394630000.0,479350000.0,0,419810000,3.261169,0.196148657257578,0.998030532995944,False,NO CHANGE,1,27.065630264573,1.49580521877708,-4.909009432005
Q9R098,Hgfac,32854000.0,1008900000.0,0,1408900000,2.054307,0.599221576439944,0.998030532995944,False,NO CHANGE,1,26.4126976121862,0.561429858507943,-5.75525238945202
Q9R001,Adamts5,5448900.0,392800000.0,0,100970000,0.986838,0.717710876355426,0.998030532995944,False,NO CHANGE,1,24.9699574739232,0.381897723390231,-5.84622092796155
Q8BNJ2,Adamts4,0.0,109940000.0,27869000,289910000,-2.312416,0.339903696489462,0.998030532995944,False,NO CHANGE,1,25.2653858588415,-1.05079151469888,-5.37452255038785
Q925I7,Pdgfd,84677000.0,124250000.0,138920000,59133000,0.178499,0.852631557426899,0.998030532995944,False,NO CHANGE,0,26.5228191607389,0.19524677935186,-5.90488422253766
Q61805,Lbp,45135000.0,1222900000.0,37377000,743520000,0.494979,0.8281787845406,0.998030532995944,False,NO CHANGE,0,27.5602115781511,0.228925532693511,-5.89677134789998
O89023,Tpp1,53717000.0,568660000.0,92055000,538430000,-0.349155,0.82392733787649,0.998030532995944,False,NO CHANGE,0,27.5555106972512,-0.234040705544196,-5.89573080455666
P52793,Efna1,29711000.0,301150000.0,26376000,435280000,-0.179845,0.924900835863938,0.998030532995944,False,NO CHANGE,0,26.5851229486925,-0.09894269270241,-5.92052828418882
Q3UZZ4,Olfm4,13573000.0,5879300000.0,19425000,8213000000,-0.49972,0.905433605402028,0.998030532995944,False,NO CHANGE,0,28.3234767397868,-0.125077891844738,-5.91720836793151
O89093,Ccl20,21703000.0,154310000.0,47905000,52410000,0.207818,0.879268272450971,0.998030532995944,False,NO CHANGE,0,25.6824147853321,0.15955730957129,-5.91186503505544
Q9Z126,Pf4,5336100.0,51434000.0,1784000,66104000,0.609327,0.800766399135439,0.998030532995944,False,UP,0,23.6771229285782,0.26564568854699,-5.88707947519932
Q9Z0F8,Adam17,18871000.0,14241000.0,56850000,30019000,-1.333407,0.329694642890243,0.998030532995944,False,DOWN,0,24.6333110638166,-1.07549526551194,-5.35095718020134
Q9WVJ9,Efemp2,67948000.0,246770000.0,384780000,632100000,-1.929258,0.0831359677338647,0.998030532995944,False,DOWN,0,27.9128889180107,-2.14271529213877,-4.15059008871499
P97464,Ext1,158710000.0,223870000.0,42493000,117400000,1.416162,0.180673646806633,0.998030532995944,False,UP,0,26.7818706986254,1.54647463783941,-4.85106135082434
Q9WVB4,Slit3,38392000.0,255600000.0,0,76180000,2.584844,0.236159228525057,0.998030532995944,False,NO CHANGE,1,25.2693856829573,1.33962276621146,-5.0806377498559
P50228,Cxcl5,6494600.0,699340000.0,8919200,1405500000,-0.732346,0.832375607803744,0.998030532995944,False,DOWN,0,26.3722868046324,-0.22321995602782,-5.89820017825148
P97333,Nrp1,13039000.0,79587000.0,0,150730000,0.306267,0.890667394452338,0.998030532995944,False,NO CHANGE,1,24.788046203762,0.144360588890475,-5.91441570784418
P56677,St14,5661000.0,1055500000.0,0,848760000,0.440736,0.906822673339851,0.998030532995944,False,NO CHANGE,1,25.9835844537369,0.123229342896502,-5.91746457374846
P97430,Slpi,3017700.0,629510000.0,0,186730000,0.41898,0.898760557205342,0.998030532995944,False,NO CHANGE,1,25.1678462094249,0.133965568434978,-5.91592367611846
Q62393,Tpd52,18717000.0,75354000.0,29891000,23114000,0.514778,0.709586668764203,0.998030532995944,False,NO CHANGE,0,24.9051245196694,0.393568048046937,-5.84135064466927
Q9R0M4,Podxl,1267400.0,25974000.0,508730,6793500,1.625871,0.48035493206689,0.998030532995944,False,UP,0,21.6390674043536,0.760101396695708,-5.62317048823624
P18828,Sdc1,46523000.0,308850000.0,79638000,145950000,0.15296,0.902193646758949,0.998030532995944,False,NO CHANGE,0,26.7604061273094,0.129034548819114,-5.91673183849354
P10404,,19939000.0,1725000000.0,0,871840000,1.549624,0.655656441789062,0.998030532995944,False,NO CHANGE,1,26.6917073313978,0.474333213047588,-5.8029523328133
P15379,Cd44,16406000.0,954620000.0,8564500,1543100000,0.122475,0.970362679885236,0.999971162684518,False,NO CHANGE,0,26.8377983810365,0.0390890577231744,-5.92509956979977
P09803,Cdh1,3347600.0,4335000000.0,0,3277000000,0.358405,0.942430904284413,0.998030532995944,False,NO CHANGE,1,26.6648376685138,0.0759933305044318,-5.92272290343427
P04925,Prnp,42200000.0,119380000.0,46239000,139020000,-0.175799,0.87915072689562,0.998030532995944,False,NO CHANGE,0,26.1687624129598,-0.159714236242978,-5.91183737857017
Q922J3;Q9Z0H8,Clip1;Clip2,175420000.0,802800000.0,0,639690000,2.882042,0.309845595239315,0.998030532995944,False,NO CHANGE,1,27.0423308746691,1.13239973046177,-5.2936037270421
Q9JME7,Trappc2l,6190900.0,38573000.0,16037000,3687500,1.006847,0.565947644271256,0.998030532995944,False,UP,0,23.3779795784026,0.612762583878995,-5.72530919923565
Q64695,Procr,99454000.0,196350000.0,72100000,117340000,0.603381,0.516728768458817,0.998030532995944,False,UP,0,26.7564984995138,0.695480771498078,-5.67017756038408
P13597,Icam1,69842000.0,391540000.0,41056000,442630000,0.29478,0.852532472573891,0.998030532995944,False,NO CHANGE,0,27.1536979330415,0.195380057450146,-5.90485555891963
P52800,Efnb2,58924000.0,185670000.0,54282000,161910000,0.157965,0.888728942441751,0.998030532995944,False,NO CHANGE,0,26.5612762286316,0.14694192522661,-5.91400026605672
Q6PDJ1,Cachd1,6815300.0,115460000.0,4670300,45812000,0.939429,0.666421451865371,0.998030532995944,False,UP,0,24.2718674073053,0.456681898084472,-5.81265261306938
P10810,Cd14,11003000.0,5320200000.0,14808000,2485200000,0.334819,0.93257622091893,0.998030532995944,False,NO CHANGE,0,27.6827038024653,0.0890402714779272,-5.92151880926075
P51885,Lum,21871000.0,2287300000.0,0,663200000,2.687092,0.48475197060858,0.998030532995944,False,NO CHANGE,1,26.3932110715723,0.755364725493985,-5.62488829941741
Q8BLX7,Col16a1,15593000.0,75553000.0,609770000,856960000,-4.396481,0.0072553314757733,0.99160661699478,False,DOWN,0,27.2309308620248,-4.28218242425557,-1.93430095929194
Q62470,Itga3,8590900.0,25657000.0,5609100,97544000,-0.65583,0.738799831286,0.998030532995944,False,DOWN,0,24.1515286685745,-0.351878218274406,-5.85811239596746
Q80X19,Col14a1,3605500.0,103300000.0,0,26247000,1.917145,0.468115603367169,0.998030532995944,False,NO CHANGE,1,23.2434438127378,0.782622362308626,-5.60601612310959
Q9JI48,Plac8,20470000.0,93639000.0,3850500,234690000,0.542409,0.818758742449472,0.998030532995944,False,NO CHANGE,0,25.1126023635466,0.241068507272747,-5.89389935412279
Q9Z0T9,Itgb6,28662000.0,80960000.0,13941000,130340000,0.176403,0.910973056955628,0.998030532995944,False,NO CHANGE,0,25.4334693187895,0.117385248408864,-5.91831977656337
Q60870,Reep5,6713000.0,36013000.0,0,28914000,0.369945,0.833274539517169,0.998030532995944,False,NO CHANGE,1,23.705297804297,0.221365484650336,-5.89889994541813
Q921V5,Mgat2,46681000.0,99796000.0,225920000,146430000,-1.414031,0.16614079142474,0.998030532995944,False,DOWN,0,26.7314208639102,-1.61078083764056,-4.77748370069479
O35127,Grcc10,4099400.0,10391000.0,12503000,21904000,-1.342325,0.36468357272164,0.998030532995944,False,DOWN,0,23.3090686209375,-0.993312041982373,-5.4280158951471
Q3TW96,Uap1l1,0.0,102030000.0,186690000,155280000,-3.081781,0.133327447848465,0.998030532995944,False,NO CHANGE,1,25.8022927694117,-1.77916969028406,-4.58146142632461
O08759,Ube3a,17743000.0,113180000.0,199030000,206820000,-2.17871,0.118024731417466,0.998030532995944,False,DOWN,0,26.5067503892289,-1.87253794655965,-4.47133491530204
P81117,Nucb2,53778000.0,334730000.0,116690000,585500000,-0.962132,0.490894915879082,0.998030532995944,False,DOWN,0,27.4805337509535,-0.741033855334641,-5.63738682860049
Q8CCH2,Nhlrc3,49682000.0,48060000.0,29165000,40868000,0.501175,0.656845648317918,0.998030532995944,False,NO CHANGE,0,25.2916890684444,0.470960734515134,-5.8056161768307
O08573,Lgals9,36968000.0,23519000.0,13796000,19999000,0.827963,0.541200807271812,0.998030532995944,False,UP,0,24.3995670671536,0.653736341848276,-5.69872880326855
Q9JHH9,Copz2,19317000.0,52371000.0,9984800,32684000,0.816125,0.585601363060655,0.998030532995944,False,UP,0,24.514753964421,0.581021002852505,-5.74488744448873
Q9D7E3,Ovca2,17437000.0,44998000.0,26472000,41195000,-0.237462,0.856016869378832,0.998030532995944,False,NO CHANGE,0,24.8582339562575,-0.190695675870109,-5.90585145309197
P47713,Pla2g4a,20115000.0,89162000.0,46671000,48111000,-0.162096,0.899410792452282,0.998030532995944,False,NO CHANGE,0,25.4168951347924,-0.132731348935004,-5.91619675021993
P35293,Rab18,71241000.0,182520000.0,19604000,18389000,2.58635,0.0626946582884224,0.998030532995944,False,UP,0,25.4716670394057,2.36378936011814,-3.88946443488661
Q8CAQ8,Immt,4614300.0,5545400.0,9636700,8070200,-0.80187,0.547746448284102,0.998030532995944,False,DOWN,0,22.6712053077134,-0.642783095075198,-5.70597642070092
Q3U4G3,Xxylt1,15394000.0,39880000.0,36599000,35801000,-0.546885,0.675662569667984,0.998030532995944,False,NO CHANGE,0,24.8359560836859,-0.443002685514679,-5.8192070489463
Q62266,Sprr1a,40725000.0,219670000.0,11804000,124380000,1.303611,0.449632841626926,0.998030532995944,False,UP,0,25.8432814375168,0.817458403930557,-5.57872513710456
P63254,Crip1,6552400.0,56565000.0,5235900,29659000,0.627513,0.737590513787456,0.998030532995944,False,UP,0,23.8847427621735,0.3535894123327,-5.85745933024495
Q9Z0U1,Tjp2,14511000.0,301380000.0,13139000,54250000,1.30859,0.505323728782139,0.998030532995944,False,UP,0,25.3245309977727,0.715392530384842,-5.6560504993512
Q9CQQ8,Lsm7,21340000.0,21129000.0,28531000,19930000,-0.167344,0.898271922644143,0.998030532995944,False,NO CHANGE,0,24.4235608363574,-0.134244865506979,-5.91597334938385
Q9R111,Gda,27821000.0,105110000.0,110580000,202520000,-1.468504,0.220543339149246,0.998030532995944,False,DOWN,0,26.4227500040954,-1.39275734050714,-5.02287885550468
P26369,U2af2,18916000.0,57458000.0,15640000,50158000,0.235197,0.869354257639024,0.998030532995944,False,NO CHANGE,0,24.8569554540085,0.17280968194406,-5.90943475058583
Q8VE47,Uba5,40994000.0,30951000.0,9208100,15514000,1.575426,0.271124430558989,0.998030532995944,False,UP,0,24.2984828901356,1.23148897696761,-5.19500116089463
Q9JLJ2,Aldh9a1,0.0,81279000.0,0,98217000,-0.209916,0.927266722022916,0.998030532995944,False,NO CHANGE,2,24.3611301778786,-0.0958140720702276,-5.92086573972949
Q921F2,Tardbp,12896000.0,45836000.0,66568000,27686000,-0.82029,0.563110079677577,0.998030532995944,False,DOWN,0,24.945344227678,-0.617401896946745,-5.72237290037717
P61961,Ufm1,25373000.0,15425000.0,15114000,0,1.43401,0.363409794686651,0.998030532995944,False,NO CHANGE,1,23.5207740463161,0.996186827524301,-5.42538647511405
Q9D3R6;Q3UMC0,Katnal2;Spata5,2225800000.0,233420000.0,1677200000,2020200000,-1.352614,0.27506345571619,0.998030532995944,False,DOWN,0,30.1013220820043,-1.22011015155179,-5.20676084651736
Q91ZF0,Dnajc24,24327000.0,44933000.0,0,16869000,2.169646,0.205074433118575,0.998030532995944,False,NO CHANGE,1,23.8938404703557,1.44898792419625,-4.96077900436635
Q61768,Kif5b,3654300.0,44146000.0,53743000,0,0.394829,0.869226382495582,0.998030532995944,False,NO CHANGE,1,23.4010569231908,0.172980846157961,-5.90940210891444
Q9D0J8,Ptms,245510000.0,161770000.0,128610000,168420000,0.43733,0.583640236403968,0.998030532995944,False,NO CHANGE,0,27.3516228012424,0.58415850860526,-5.74299230842852
Q9D8U8,Snx5,28002000.0,191900000.0,0,111760000,2.160263,0.374333654963039,0.998030532995944,False,NO CHANGE,1,25.0472716610742,0.971794896856815,-5.44753750883087
Q91WK5,Gcsh,130280000.0,42087000.0,32111000,114470000,0.288477,0.815788221275502,0.998030532995944,False,NO CHANGE,0,25.9977175731039,0.245113901286316,-5.89282113585542
Q9D8C4,Ifi35,15799000.0,55842000.0,0,16171000,1.328777,0.388250843209597,0.998030532995944,False,NO CHANGE,1,24.1597001168624,0.941539924012486,-5.47450119780725
P62855,Rps26,22497000.0,61123000.0,0,67706000,1.833873,0.430489469455309,0.998030532995944,False,NO CHANGE,1,24.2272840608206,0.854680653076716,-5.54858115195154
Q6P8J2,Sat2,21947000.0,18042000.0,5731100,9350200,1.442715,0.311542025435533,0.998030532995944,False,UP,0,23.5248306954618,1.12107356834237,-5.3066232316356
P97352,S100a13,8077600.0,12720000.0,22566000,11821000,-0.688203,0.622426215646263,0.998030532995944,False,DOWN,0,23.6171466841517,-0.523234563749184,-5.77818590238541
P29595,Nedd8,10072000.0,68440000.0,204040000,144380000,-2.708695,0.0807557342373423,0.998030532995944,False,DOWN,0,26.0004389273984,-2.16529821283415,-4.12379501352351
Q9JJ59,Abcb9,1085700000.0,2167300000.0,1476500000,2376400000,-0.288217,0.626451355688252,0.998030532995944,False,NO CHANGE,0,30.6587237115666,-0.517040013349677,-5.7815718263717
Q8VDJ3,Hdlbp,870010000.0,889470000.0,789950000,857590000,0.095964,0.850982477803831,0.998030532995944,False,NO CHANGE,0,29.6644315977361,0.197465477772141,-5.90440454832472
Q8VEE0,Rpe,29857000.0,41402000.0,0,68774000,0.921926,0.607890128399801,0.998030532995944,False,NO CHANGE,1,24.6064187177566,0.545798276548607,-5.76554971531041
Q9ERG0,Lima1,4155000.0,8119600.0,0,8173600,0.256433,0.856246561212272,0.998030532995944,False,NO CHANGE,1,22.3414808716134,0.190387056330566,-5.90591622951378
Q8CGF7,Tcerg1,3940700.0,8202000.0,4601400,7235600,-0.021379,0.987417176848217,0.999971162684518,False,NO CHANGE,0,22.4494718686265,-0.0165464960578599,-5.92580323996487
Q9D0E1,Hnrnpm,9566900.0,46536000.0,294970000,12002000,-1.49565,0.475566387551265,0.998030532995944,False,DOWN,0,25.0785571129207,-0.768862806426443,-5.61654320780279
Q91UZ5,Impa2,17731000.0,45683000.0,14013000,16842000,0.889551,0.529798019836511,0.998030532995944,False,UP,0,24.3176868193089,0.673027049000633,-5.68571636341511
P28076,Psmb9,19460000.0,63465000.0,35530000,71608000,-0.521343,0.684547027160318,0.998030532995944,False,NO CHANGE,0,25.3274045038778,-0.429940698562499,-5.82529409351924
Q6ZPG2,Wdr90,46139000.0,138580000.0,129220000,0,1.238071,0.478170727539159,0.998030532995944,False,NO CHANGE,1,25.6337779239524,0.76408994779946,-5.62016084098261
P97363,Sptlc2,432810000.0,1092300000.0,678310000,1396500000,-0.501329,0.515632848819426,0.998030532995944,False,NO CHANGE,0,29.6076046352759,-0.69738098279456,-5.6688433882689
O54774,Ap3d1,0.0,15581000.0,10375000,125510000,-1.592847,0.388728195391147,0.998030532995944,False,NO CHANGE,1,24.3084938476797,-0.940517718958861,-5.47540208174392
O70475,Ugdh,0.0,2704200.0,1609800,17253000,-0.531154,0.75785924015677,0.998030532995944,False,NO CHANGE,1,22.0638199444851,-0.325062827517551,-5.86795174050552
P00796;P06281,Ren2;Ren1,0.0,34209000.0,0,68667000,-1.147966,0.56186776656284,0.998030532995944,False,NO CHANGE,2,23.9946701158019,-0.619437684552489,-5.72107845451067
P25119,Tnfrsf1b,0.0,27769000.0,0,26906000,1.181051,0.574160637441708,0.998030532995944,False,NO CHANGE,2,23.0718088072184,0.59941641084039,-5.73365037250468
P55271,Cdkn2b,0.0,3751300.0,2156000,2914900,0.423703,0.733093463789797,0.998030532995944,False,NO CHANGE,1,21.4693219081139,0.359963422832349,-5.85500028228957
P62918,Rpl8,0.0,7472400.0,14632000,9569200,-1.070409,0.44365676360646,0.998030532995944,False,NO CHANGE,1,22.9610905361224,-0.82894834443432,-5.56952687052216
Q64374,Rgn,0.0,12325000.0,0,14995000,0.847781,0.60521297919404,0.998030532995944,False,NO CHANGE,2,22.836253964389,0.549987951215225,-5.76315145447537
Q69ZN7,Myof,0.0,6068900.0,0,22707000,-0.829673,0.619375918296656,0.998030532995944,False,NO CHANGE,2,22.5200558653723,-0.527944053127541,-5.77558764248776
Q6Y685,Tacc1,0.0,10407000.0,0,9339400,0.343324,0.832672698211374,0.998030532995944,False,NO CHANGE,2,22.1537737876433,0.222180318115437,-5.89870141139977
Q8BJU0,Sgta,0.0,65649000.0,36039000,20739000,-0.959632,0.631655471055845,0.998030532995944,False,NO CHANGE,1,24.2246331663553,-0.509064247242024,-5.78587817770119
Q8BTW3,Exosc6,0.0,16421000.0,0,16121000,0.005863,0.997441067437071,0.999971162684518,False,NO CHANGE,2,22.5604457880551,0.0033648377070804,-5.92594887944615
Q8K4Q8,Colec12,0.0,15340000.0,2906600,110690000,-1.110531,0.624721210161063,0.998030532995944,False,NO CHANGE,1,23.5411600132967,-0.519699875071703,-5.78012236728355
Q8QZZ7,Tprkb,0.0,7613900.0,43865000,0,-0.913663,0.625601471868345,0.998030532995944,False,NO CHANGE,2,22.9646407776682,-0.51834607348554,-5.7808609358585
Q8VBV3,Exosc2,0.0,13978000.0,0,12405000,1.274484,0.478265757653332,0.998030532995944,False,NO CHANGE,2,22.4997732191562,0.763916143314532,-5.62029224568203
Q91VJ2,Prkcdbp,0.0,23777000.0,0,38019000,0.429178,0.812070617103457,0.998030532995944,False,NO CHANGE,2,23.6479609327061,0.250183391519053,-5.89144526354213
Q9CXA2,L3hypdh,0.0,12919000.0,0,35077000,-0.625461,0.688100361111234,0.998030532995944,False,NO CHANGE,2,23.5917680002483,-0.424740262821731,-5.82767061946393
Q9D0F3,Lman1,0.0,23449000.0,0,38048000,-0.197008,0.930656785160723,0.998030532995944,False,NO CHANGE,2,22.8465078799913,-0.0913330285510583,-5.92133025311149
Q9D0L7,Armc10,0.0,18275000.0,23887000,54074000,-1.354968,0.347140143743254,0.998030532995944,False,NO CHANGE,1,24.4215931686853,-1.033655638596,-5.39066941917319
Q9DCS2,,0.0,2443700.0,0,14838000,-0.716497,0.660460474267633,0.998030532995944,False,NO CHANGE,2,21.978037063036,-0.465557782554198,-5.80830197351376
Q9JHP7,Kdelc1,0.0,20847000.0,22390000,0,-0.349571,0.840532366515478,0.998030532995944,False,NO CHANGE,2,23.1506174580963,-0.211552579922791,-5.90123467160108
Q9JJN1,Fgf21,0.0,8116000.0,0,10788000,0.519805,0.713853080742894,0.998030532995944,False,NO CHANGE,2,22.8467774923128,0.387431767829686,-5.84392862003274
Q9JLQ0,Cd2ap,0.0,3635200.0,6903600,4382600,-0.380085,0.771879264339798,0.998030532995944,False,NO CHANGE,1,22.2010941364262,-0.30551175703581,-5.8746548993352
Q9JLZ6,Hic2,0.0,82006000.0,0,731060000,-0.924714,0.752076240504206,0.998030532995944,False,NO CHANGE,2,25.1923077132453,-0.333311012221318,-5.86493092017786
Q9QZJ6,Mfap5,0.0,23651000.0,0,74842000,-0.476962,0.833346454739503,0.998030532995944,False,NO CHANGE,2,23.4295058080462,-0.221268130199038,-5.89892361800923
Q9QZM0,Ubqln2,0.0,32660000.0,0,18115000,0.00049,0.999790279907882,0.999971162684518,False,NO CHANGE,2,23.1748068840368,0.0002757683051068,-5.92595511998869
Q9R062,Gyg1,0.0,18494000.0,1458800,416700000,-2.237398,0.495143351537676,0.998030532995944,False,NO CHANGE,1,23.436693027157,-0.733429917808691,-5.64297629304767
Q9R069,Bcam,0.0,60538000.0,0,53187000,0.347037,0.863293261461749,0.998030532995944,False,NO CHANGE,2,24.1189657780325,0.180929199261757,-5.90785119310701
Q9R1C7,Prpf40a,0.0,3072200.0,0,14038000,-0.950497,0.54718451426463,0.998030532995944,False,NO CHANGE,2,21.88840187885,-0.643720061901827,-5.7053604636591
Q9WVH9,Fbln5,0.0,34360000.0,85676000,73207000,-2.447455,0.130131353511151,0.998030532995944,False,NO CHANGE,1,25.0152052886015,-1.79773993356339,-4.55961960529955
Q9Z1K5,Arih1,0.0,13787000.0,0,9208400,0.407963,0.784403014677828,0.998030532995944,False,NO CHANGE,2,22.6568777687679,0.288162502363217,-5.88026796055395
Q62000,Ogn,0.0,194390000.0,32095000,664210000,-2.224247,0.379854967191701,0.998030532995944,False,NO CHANGE,1,26.0093314403722,-0.960392003550108,-5.45747357119546
Q925S4,Il24,0.0,63889000.0,0,147830000,0.217891,0.931992596040385,0.998030532995944,False,NO CHANGE,2,24.2729779113638,0.0895679366101222,-5.92150714016736
P41245,Mmp9,0.0,414970000.0,0,954620000,-0.366927,0.925633721965882,0.998030532995944,False,NO CHANGE,2,25.281148938041,-0.0982424704224584,-5.92055545697045
P14719,Il1rl1,0.0,424920000.0,0,25071000,2.393809,0.428477445353404,0.998030532995944,False,NO CHANGE,2,23.9264785392281,0.858664973056753,-5.54529584677625
Q9QUN9,Dkk3,0.0,747930000.0,0,480670000,0.279731,0.939081087162467,0.998030532995944,False,NO CHANGE,2,25.4745141652305,0.0804263853748378,-5.92233507188727
Q61955,Klk8,0.0,105990000.0,7659800,99633000,-0.047072,0.982652965154332,0.999971162684518,False,NO CHANGE,1,24.6959617971076,-0.0228125847495782,-5.92566639545941
Q62009,Postn,0.0,3521400000.0,0,535610000,1.105996,0.794241426474598,0.998030532995944,False,NO CHANGE,2,26.0910324833863,0.275411691060294,-5.88382261057278
Q811B3,Adamts12,0.0,8734900.0,2060600,10948000,0.24535,0.875378095701445,0.998030532995944,False,NO CHANGE,1,22.3020734504876,0.164753313297388,-5.91093500362858
Q6W5C0,Cxcl3,0.0,29479000.0,0,70006000,-0.166055,0.937472924420259,0.998030532995944,False,NO CHANGE,2,23.7368335606853,-0.0823298368931322,-5.92219651068415
Q91YK8,Lypd3,0.0,72492000.0,0,82687000,-0.420124,0.83623413050654,0.998030532995944,False,NO CHANGE,2,24.506574325732,-0.217361005607078,-5.89986524407152
A2AVA0,Svep1,0.0,106690000.0,0,108280000,1.04931,0.710165208076968,0.998030532995944,False,NO CHANGE,2,24.057156598762,0.392734947283839,-5.84170287720365
Q01279,Egfr,0.0,822470000.0,12804000,1015500000,-0.9803,0.777247550402345,0.998030532995944,False,NO CHANGE,1,26.274667134617,-0.298949820536866,-5.87638539657765
Q9DAU7,Wfdc2,0.0,2556800000.0,40506000,3458000000,-1.6186,0.666949802489577,0.998030532995944,False,NO CHANGE,1,27.6701616939851,-0.457411619791784,-5.81138153067993
P58686,,0.0,157910000.0,0,144400000,0.376784,0.892549284910088,0.998030532995944,False,NO CHANGE,2,24.4914288695908,0.141855665918328,-5.91481187245561
O88839,Adam15,0.0,21103000.0,0,42058000,-0.581395,0.774172054141194,0.998030532995944,False,NO CHANGE,2,23.1862685636977,-0.302327641387123,-5.87570874988334
Q61362,Chi3l1,0.0,187840000.0,0,69524000,0.889051,0.675745140999593,0.998030532995944,False,NO CHANGE,2,24.909905777759,0.442880891428376,-5.81926458289991
Q9D6X6,Prss23,0.0,77781000.0,48682000,46677000,-2.115121,0.367550256555871,0.998030532995944,False,NO CHANGE,1,24.448986517781,-0.986872142807412,-5.43388808198525
P05017,Igf1,0.0,20263000.0,0,10514000,0.515259,0.726561676887508,0.998030532995944,False,NO CHANGE,2,23.1435601823532,0.369251923337817,-5.85134237021982
Q61330,Cntn2,0.0,1940600000.0,0,1918700000,0.182723,0.966077013415329,0.999971162684518,False,NO CHANGE,2,26.4182688755201,0.0447457369606361,-5.92483408026329
Q03350,Thbs2,0.0,399750000.0,0,824460000,-0.71686,0.836509211929365,0.998030532995944,False,NO CHANGE,2,25.6130079115729,-0.217608781669251,-5.89957094646993
Q8K209,Gpr56,0.0,451730000.0,0,335950000,-0.304326,0.926911416173067,0.998030532995944,False,NO CHANGE,2,25.2654533402526,-0.0965481788840109,-5.92073991009542
Q9D256,Spink12,0.0,30357000.0,0,20287000,0.972452,0.645615311745008,0.998030532995944,False,NO CHANGE,2,22.8063432078335,0.48784812807478,-5.79703978993608
Q8R366,Igsf8,0.0,375430000.0,0,590000000,0.210847,0.945735927690835,0.998030532995944,False,NO CHANGE,2,25.7489931071445,0.0716213145315269,-5.92308391669716
O88338,Cdh16,0.0,42022000.0,0,177820000,-0.798589,0.762817315264027,0.998030532995944,False,NO CHANGE,2,23.985592107906,-0.31813255763596,-5.87037343088888
P21765,Gpx5,0.0,1105300000.0,0,1808400000,-0.213644,0.96073377801212,0.998874496667108,False,NO CHANGE,2,25.94767075107,-0.0518007481792718,-5.92445280296938
Q922P8,Tmem132a,0.0,83576000.0,43151000,43517000,-1.56944,0.46212100046899,0.998030532995944,False,NO CHANGE,1,24.5842634397135,-0.793808566782722,-5.59735172878249
Q64253,Ly6e,0.0,11376000.0,0,21758000,-0.405926,0.815093091705454,0.998030532995944,False,NO CHANGE,2,22.7024643008477,-0.24606124177788,-5.89256611180538
P16056,Met,0.0,1082900000.0,2793200,1104400000,0.207649,0.959654909297411,0.998824497431999,False,NO CHANGE,1,25.8308762150962,0.0532256096641283,-5.92436904264948
O35902,Dsg3,0.0,114210000.0,0,87453000,0.112419,0.968983418001444,0.999971162684518,False,NO CHANGE,2,23.7951486087426,0.040798289707646,-5.92503167525589
P70412,Cuzd1,0.0,988930000.0,0,747220000,0.725672,0.843574409164711,0.998030532995944,False,NO CHANGE,2,25.9503551939312,0.208036873406892,-5.90183035597356
Q66K08,Cilp,0.0,1450300000.0,0,124710000,2.009035,0.57747432486752,0.998030532995944,False,NO CHANGE,2,25.2068067534604,0.596283684759153,-5.73420281930191
O35054,Cldn4,0.0,33480000.0,0,24215000,0.606424,0.717081608460425,0.998030532995944,False,NO CHANGE,2,23.684358701984,0.382799483380489,-5.84584951735173
Q10738,Mmp7,0.0,986160000.0,0,877020000,1.371559,0.744327440610395,0.998030532995944,False,NO CHANGE,2,25.5702942564393,0.345125977392926,-5.86010020782819
P50404,Sftpd,0.0,173270000.0,0,189980000,0.256834,0.91877174965934,0.998030532995944,False,NO CHANGE,2,25.0266575478365,0.107053183759267,-5.91960321402727
Q8K1M6,Dnm1l,0.0,353060000.0,28221000,465240000,-2.098466,0.497175676769434,0.998030532995944,False,NO CHANGE,1,25.7225998783558,-0.732899349027033,-5.64157902110859
P97927,Lama4,0.0,45513000.0,7267300,91069000,-0.728046,0.723333758327127,0.998030532995944,False,NO CHANGE,1,24.2526995733889,-0.373855826026323,-5.84949666097679
Q61087,Lamb3,0.0,13019000.0,0,35520000,-0.564952,0.767795688516475,0.998030532995944,False,NO CHANGE,2,22.9276882721303,-0.311191859689822,-5.87274858678413
Q8BMS2,Spon2,0.0,202090000.0,0,29029000,1.615981,0.532095873318909,0.998030532995944,False,NO CHANGE,2,23.9293424206933,0.669117692009543,-5.68837877999412
O09126,Sema4d,0.0,37451000.0,0,23574000,0.244426,0.903128205558183,0.998030532995944,False,NO CHANGE,2,23.1991993197188,0.127793535189599,-5.91690810224232
Q61092,Lamc2,0.0,555790000.0,0,408280000,0.806655,0.826397648754865,0.998030532995944,False,NO CHANGE,2,25.1585618800156,0.231349658625352,-5.89615361307902
Q8JZQ5,Aoc1,0.0,312970000.0,0,552530000,0.174091,0.962031176106056,0.99968708809305,False,NO CHANGE,2,25.0166327555157,0.0500874423282277,-5.92455051352758
Q9CQW9;Q99J93,Ifitm3;Ifitm2,0.0,14197000.0,0,10996000,-1.115989,0.522880336452123,0.998030532995944,False,NO CHANGE,2,22.6295765518695,-0.684864977508464,-5.6775762843208
Q8BZQ2,Crispld2,0.0,38614000.0,0,69806000,0.333048,0.884320791430606,0.998030532995944,False,NO CHANGE,2,23.7023059455084,0.1528163986556,-5.91302763250198
Q91Z98,Chil4,0.0,39463000.0,0,26649000,0.757718,0.71366563105665,0.998030532995944,False,NO CHANGE,2,23.2530725155633,0.387701015495094,-5.84381630165007
Q9JJ00,Plscr1,0.0,110580000.0,0,92071000,-0.121574,0.964290501519673,0.999890311367109,False,NO CHANGE,2,24.0284638107122,-0.0469762751616865,-5.9247308852412
P12970,Rpl7a,0.0,76311000.0,3398100,72719000,-0.252831,0.921493252862067,0.998030532995944,False,NO CHANGE,1,23.7796472249121,-0.103450878471493,-5.9200230398345
O55201,Supt5h,0.0,13061000.0,0,31121000,-0.414887,0.832754172115104,0.998030532995944,False,NO CHANGE,2,22.7361430186592,-0.222070000336543,-5.89872833213805
Q8BVE3,Atp6v1h,0.0,176380000.0,61221000,38192000,-1.444032,0.568728191151172,0.998030532995944,False,NO CHANGE,1,24.8051292797682,-0.608230681657686,-5.72815922956343
Q62523,Zyx,0.0,47303000.0,0,36658000,-0.083538,0.965652765984031,0.999971162684518,False,NO CHANGE,2,23.7984065663043,-0.0451827155709924,-5.92482256732184
Q3TJD7,Pdlim7,0.0,23787000.0,0,19976000,0.72661,0.657414093630327,0.998030532995944,False,NO CHANGE,2,23.3912076590893,0.470110060757869,-5.80604092075459
P61211,Arl1,0.0,36563000.0,51169000,59613000,-2.128138,0.221120704172917,0.998030532995944,False,NO CHANGE,1,24.6548759409245,-1.39073120802788,-5.02509839259902
Q6NZN0;Q5SFM8,Rbm26;Rbm27,0.0,5600200.0,0,5699400,0.167451,0.897217696171955,0.998030532995944,False,NO CHANGE,2,22.2746161537345,0.135646220033683,-5.9157642625825
Q9WVE8,Pacsin2,0.0,108100000.0,0,71421000,-0.164406,0.951765811190261,0.998030532995944,False,NO CHANGE,2,23.8484949288463,-0.0634756352899184,-5.92372027862066
Q3U7R1,Esyt1,0.0,35301000.0,4440100,12198000,0.127587,0.94837118027501,0.998030532995944,False,NO CHANGE,1,22.8749446367637,0.067950867989572,-5.92339419251532
Q8BK67,Rcc2,0.0,211690000.0,8871700,93470000,-0.315988,0.906030160615646,0.998030532995944,False,NO CHANGE,1,24.6213954331007,-0.123941469933005,-5.91744444056152
Q8CJ53,Trip10,0.0,28386000.0,0,6812300,1.71946,0.309278917147783,0.998030532995944,False,NO CHANGE,2,22.739592343241,1.12691468699521,-5.30086415335358
P70336;P70335,Rock2;Rock1,0.0,23710000.0,0,54591000,-1.507982,0.440811109337941,0.998030532995944,False,NO CHANGE,2,23.6425167461993,-0.834460262186611,-5.56508024430945
P97449,Anpep,0.0,65348000.0,53908000,17658000,-0.736892,0.68865903274136,0.998030532995944,False,NO CHANGE,1,24.510461562899,-0.423923833558984,-5.82804127999572
Q3UGC7;Q66JS6,Eif3j1;Eif3j2,0.0,9600000.0,16765000,32939000,-2.008892,0.201703960566039,0.998030532995944,False,NO CHANGE,1,23.4816750387656,-1.46177108213263,-4.94653296992977
P24288,Bcat1,0.0,68249000.0,0,68354000,0.093602,0.96675197938609,0.999971162684518,False,NO CHANGE,2,24.0632350197832,0.0437356161162151,-5.92489394029861
Q8BP67,Rpl24,0.0,5576200.0,0,10567000,-0.93846,0.512996805871883,0.998030532995944,False,NO CHANGE,2,22.2577384037786,-0.701962900210591,-5.6656141497443
P00920,Ca2,0.0,318180000.0,2966700,732870000,-0.736376,0.84422378386068,0.998030532995944,False,NO CHANGE,1,25.1065166103177,-0.207158258679489,-5.90203275467874
Q6ZWN5,Rps9,0.0,6341800.0,0,80330000,-1.251871,0.584541329542548,0.998030532995944,False,NO CHANGE,2,22.8455514607089,-0.5827160984728,-5.74386466207409
P31725,S100a9,0.0,39747000.0,0,22789000,0.45152,0.818526352874211,0.998030532995944,False,NO CHANGE,2,23.2799663371841,0.241384817445554,-5.89381567914285
Q7TNG8,Ldhd,0.0,54763000.0,0,89648000,-0.808556,0.761842829950901,0.998030532995944,False,NO CHANGE,2,23.5694736438667,-0.319493245273156,-5.86990190235586
Q8VHI3,Pofut2,0.0,45375000.0,89602000,33778000,-1.842196,0.294856549011455,0.998030532995944,False,NO CHANGE,1,24.7922062852517,-1.16503557541685,-5.26286501463366
P62307,Snrpf,0.0,69899000.0,136330000,77644000,-3.333462,0.167859444433868,0.998030532995944,False,NO CHANGE,1,24.9497184381014,-1.60289560494443,-4.78655079032119
Q923D4,Sf3b5,0.0,14564000.0,25884000,13556000,-1.452214,0.364754720569892,0.998030532995944,False,NO CHANGE,1,23.4328859496409,-0.993151711118202,-5.4281623954957
