Gene names,UniProt Accession Number,direction,basis,Intensity 31578,Intensity 31580,Intensity 31579,Intensity 31581,note
,Q3UJP5,UP,treated_only,2254100.0,0.0,,,"qualitative: identified in only one condition -- the protein's entire row is absent from the other MaxQuant sheet, not just zero. No fold change or p-value is statistically valid when one condition has zero data points."
,Q5EBG8,UP,treated_only,12666000.0,0.0,,,"qualitative: identified in only one condition -- the protein's entire row is absent from the other MaxQuant sheet, not just zero. No fold change or p-value is statistically valid when one condition has zero data points."
,Q8BR90,UP,treated_only,167230000.0,58062000.0,,,"qualitative: identified in only one condition -- the protein's entire row is absent from the other MaxQuant sheet, not just zero. No fold change or p-value is statistically valid when one condition has zero data points."
,Q8BTG6,UP,treated_only,34048000.0,18438000.0,,,"qualitative: identified in only one condition -- the protein's entire row is absent from the other MaxQuant sheet, not just zero. No fold change or p-value is statistically valid when one condition has zero data points."
,Q8CAK3,UP,treated_only,54259000.0,21501000.0,,,"qualitative: identified in only one condition -- the protein's entire row is absent from the other MaxQuant sheet, not just zero. No fold change or p-value is statistically valid when one condition has zero data points."
,Q8CFE2,UP,treated_only,67348000.0,12290000.0,,,"qualitative: identified in only one condition -- the protein's entire row is absent from the other MaxQuant sheet, not just zero. No fold change or p-value is statistically valid when one condition has zero data points."
,Q8VE95,UP,treated_only,0.0,0.0,,,"qualitative: identified in only one condition -- the protein's entire row is absent from the other MaxQuant sheet, not just zero. No fold change or p-value is statistically valid when one condition has zero data points."
,Q9CRC3,UP,treated_only,4551500.0,0.0,,,"qualitative: identified in only one condition -- the protein's entire row is absent from the other MaxQuant sheet, not just zero. No fold change or p-value is statistically valid when one condition has zero data points."
,Q9CRW3,UP,treated_only,9010700.0,0.0,,,"qualitative: identified in only one condition -- the protein's entire row is absent from the other MaxQuant sheet, not just zero. No fold change or p-value is statistically valid when one condition has zero data points."
,Q9CXL3,UP,treated_only,0.0,3010200.0,,,"qualitative: identified in only one condition -- the protein's entire row is absent from the other MaxQuant sheet, not just zero. No fold change or p-value is statistically valid when one condition has zero data points."
Acad10,Q8K370,UP,treated_only,32105000.0,0.0,,,"qualitative: identified in only one condition -- the protein's entire row is absent from the other MaxQuant sheet, not just zero. No fold change or p-value is statistically valid when one condition has zero data points."
Acat1,Q8QZT1,UP,treated_only,116200000.0,25193000.0,,,"qualitative: identified in only one condition -- the protein's entire row is absent from the other MaxQuant sheet, not just zero. No fold change or p-value is statistically valid when one condition has zero data points."
Acox1,Q9R0H0,UP,treated_only,88061000.0,29174000.0,,,"qualitative: identified in only one condition -- the protein's entire row is absent from the other MaxQuant sheet, not just zero. No fold change or p-value is statistically valid when one condition has zero data points."
Acsbg1,Q99PU5,UP,treated_only,44244000.0,19826000.0,,,"qualitative: identified in only one condition -- the protein's entire row is absent from the other MaxQuant sheet, not just zero. No fold change or p-value is statistically valid when one condition has zero data points."
Actbl2,Q8BFZ3,UP,treated_only,46166000.0,51745000.0,,,"qualitative: identified in only one condition -- the protein's entire row is absent from the other MaxQuant sheet, not just zero. No fold change or p-value is statistically valid when one condition has zero data points."
Actc1;Acta1;Acta2;Actg2,P68033;P68134;P62737;P63268,UP,treated_only,5362400000.0,7136700000.0,,,"qualitative: identified in only one condition -- the protein's entire row is absent from the other MaxQuant sheet, not just zero. No fold change or p-value is statistically valid when one condition has zero data points."
Adal,Q80SY6,UP,treated_only,15350000.0,0.0,,,"qualitative: identified in only one condition -- the protein's entire row is absent from the other MaxQuant sheet, not just zero. No fold change or p-value is statistically valid when one condition has zero data points."
Adam12,Q61824,UP,treated_only,0.0,108670000.0,,,"qualitative: identified in only one condition -- the protein's entire row is absent from the other MaxQuant sheet, not just zero. No fold change or p-value is statistically valid when one condition has zero data points."
Adam19,O35674,UP,treated_only,0.0,22911000.0,,,"qualitative: identified in only one condition -- the protein's entire row is absent from the other MaxQuant sheet, not just zero. No fold change or p-value is statistically valid when one condition has zero data points."
Adamts7,Q68SA9,UP,treated_only,2337100.0,14015000.0,,,"qualitative: identified in only one condition -- the protein's entire row is absent from the other MaxQuant sheet, not just zero. No fold change or p-value is statistically valid when one condition has zero data points."
Adamtsl2,Q7TSK7,UP,treated_only,0.0,16245000.0,,,"qualitative: identified in only one condition -- the protein's entire row is absent from the other MaxQuant sheet, not just zero. No fold change or p-value is statistically valid when one condition has zero data points."
Add1,Q9QYC0,UP,treated_only,10828000.0,107240000.0,,,"qualitative: identified in only one condition -- the protein's entire row is absent from the other MaxQuant sheet, not just zero. No fold change or p-value is statistically valid when one condition has zero data points."
Afg3l2,Q8JZQ2,UP,treated_only,130030000.0,171330000.0,,,"qualitative: identified in only one condition -- the protein's entire row is absent from the other MaxQuant sheet, not just zero. No fold change or p-value is statistically valid when one condition has zero data points."
Ago1;Ago3,Q8CJG1;Q8CJF9,UP,treated_only,45170000.0,43136000.0,,,"qualitative: identified in only one condition -- the protein's entire row is absent from the other MaxQuant sheet, not just zero. No fold change or p-value is statistically valid when one condition has zero data points."
Akap13,E9Q394,UP,treated_only,60463000.0,0.0,,,"qualitative: identified in only one condition -- the protein's entire row is absent from the other MaxQuant sheet, not just zero. No fold change or p-value is statistically valid when one condition has zero data points."
Akap2,O54931,UP,treated_only,5562600.0,42274000.0,,,"qualitative: identified in only one condition -- the protein's entire row is absent from the other MaxQuant sheet, not just zero. No fold change or p-value is statistically valid when one condition has zero data points."
Akr1e2,Q9DCT1,UP,treated_only,14942000.0,0.0,,,"qualitative: identified in only one condition -- the protein's entire row is absent from the other MaxQuant sheet, not just zero. No fold change or p-value is statistically valid when one condition has zero data points."
Akt1,P31750,UP,treated_only,0.0,40637000.0,,,"qualitative: identified in only one condition -- the protein's entire row is absent from the other MaxQuant sheet, not just zero. No fold change or p-value is statistically valid when one condition has zero data points."
Alkbh6,Q8K2U2,UP,treated_only,25375000.0,0.0,,,"qualitative: identified in only one condition -- the protein's entire row is absent from the other MaxQuant sheet, not just zero. No fold change or p-value is statistically valid when one condition has zero data points."
Ambp,Q07456,UP,treated_only,9606100.0,0.0,,,"qualitative: identified in only one condition -- the protein's entire row is absent from the other MaxQuant sheet, not just zero. No fold change or p-value is statistically valid when one condition has zero data points."
Angptl2,Q9R045,UP,treated_only,0.0,57191000.0,,,"qualitative: identified in only one condition -- the protein's entire row is absent from the other MaxQuant sheet, not just zero. No fold change or p-value is statistically valid when one condition has zero data points."
Angptl4,Q9Z1P8,UP,treated_only,29835000.0,85799000.0,,,"qualitative: identified in only one condition -- the protein's entire row is absent from the other MaxQuant sheet, not just zero. No fold change or p-value is statistically valid when one condition has zero data points."
Angptl7,Q8R1Q3,UP,treated_only,0.0,215370000.0,,,"qualitative: identified in only one condition -- the protein's entire row is absent from the other MaxQuant sheet, not just zero. No fold change or p-value is statistically valid when one condition has zero data points."
Ankk1,Q8BZ25,UP,treated_only,448170000.0,687700000.0,,,"qualitative: identified in only one condition -- the protein's entire row is absent from the other MaxQuant sheet, not just zero. No fold change or p-value is statistically valid when one condition has zero data points."
Anxa1;Arid1a,P10107;A2BH40,UP,treated_only,0.0,39479000.0,,,"qualitative: identified in only one condition -- the protein's entire row is absent from the other MaxQuant sheet, not just zero. No fold change or p-value is statistically valid when one condition has zero data points."
Ap2a1,P17426,UP,treated_only,142760000.0,102940000.0,,,"qualitative: identified in only one condition -- the protein's entire row is absent from the other MaxQuant sheet, not just zero. No fold change or p-value is statistically valid when one condition has zero data points."
Appl1,Q8K3H0,UP,treated_only,0.0,19682000.0,,,"qualitative: identified in only one condition -- the protein's entire row is absent from the other MaxQuant sheet, not just zero. No fold change or p-value is statistically valid when one condition has zero data points."
Aprt,P08030,UP,treated_only,22597000.0,0.0,,,"qualitative: identified in only one condition -- the protein's entire row is absent from the other MaxQuant sheet, not just zero. No fold change or p-value is statistically valid when one condition has zero data points."
Arpp19,P56212,UP,treated_only,82168000.0,13700000.0,,,"qualitative: identified in only one condition -- the protein's entire row is absent from the other MaxQuant sheet, not just zero. No fold change or p-value is statistically valid when one condition has zero data points."
Arrb1,Q8BWG8,UP,treated_only,0.0,46905000.0,,,"qualitative: identified in only one condition -- the protein's entire row is absent from the other MaxQuant sheet, not just zero. No fold change or p-value is statistically valid when one condition has zero data points."
Asns,Q61024,UP,treated_only,60055000.0,0.0,,,"qualitative: identified in only one condition -- the protein's entire row is absent from the other MaxQuant sheet, not just zero. No fold change or p-value is statistically valid when one condition has zero data points."
Atp2a1;Atp2a2,Q8R429;O55143,UP,treated_only,10546000.0,0.0,,,"qualitative: identified in only one condition -- the protein's entire row is absent from the other MaxQuant sheet, not just zero. No fold change or p-value is statistically valid when one condition has zero data points."
Atp6v1e1;Atp6v1e2,P50518;Q9D593,UP,treated_only,61988000.0,114910000.0,,,"qualitative: identified in only one condition -- the protein's entire row is absent from the other MaxQuant sheet, not just zero. No fold change or p-value is statistically valid when one condition has zero data points."
Auh,Q9JLZ3,UP,treated_only,7131500.0,15484000.0,,,"qualitative: identified in only one condition -- the protein's entire row is absent from the other MaxQuant sheet, not just zero. No fold change or p-value is statistically valid when one condition has zero data points."
Avp,P35455,UP,treated_only,66987000.0,258960000.0,,,"qualitative: identified in only one condition -- the protein's entire row is absent from the other MaxQuant sheet, not just zero. No fold change or p-value is statistically valid when one condition has zero data points."
B3gnt7,Q8K0J2,UP,treated_only,0.0,43473000.0,,,"qualitative: identified in only one condition -- the protein's entire row is absent from the other MaxQuant sheet, not just zero. No fold change or p-value is statistically valid when one condition has zero data points."
Bag3,Q9JLV1,UP,treated_only,11619000.0,20798000.0,,,"qualitative: identified in only one condition -- the protein's entire row is absent from the other MaxQuant sheet, not just zero. No fold change or p-value is statistically valid when one condition has zero data points."
Bicd2,Q921C5,UP,treated_only,469520000.0,196470000.0,,,"qualitative: identified in only one condition -- the protein's entire row is absent from the other MaxQuant sheet, not just zero. No fold change or p-value is statistically valid when one condition has zero data points."
Bloc1s2,Q9CWG9,UP,treated_only,3234300.0,10186000.0,,,"qualitative: identified in only one condition -- the protein's entire row is absent from the other MaxQuant sheet, not just zero. No fold change or p-value is statistically valid when one condition has zero data points."
Bmper,Q8CJ69,UP,treated_only,44618000.0,23150000.0,,,"qualitative: identified in only one condition -- the protein's entire row is absent from the other MaxQuant sheet, not just zero. No fold change or p-value is statistically valid when one condition has zero data points."
Boc,Q6AZB0,UP,treated_only,0.0,20137000.0,,,"qualitative: identified in only one condition -- the protein's entire row is absent from the other MaxQuant sheet, not just zero. No fold change or p-value is statistically valid when one condition has zero data points."
Brcc3,P46737,UP,treated_only,22277000.0,13681000.0,,,"qualitative: identified in only one condition -- the protein's entire row is absent from the other MaxQuant sheet, not just zero. No fold change or p-value is statistically valid when one condition has zero data points."
Brox,Q8K2Q7,UP,treated_only,0.0,55672000.0,,,"qualitative: identified in only one condition -- the protein's entire row is absent from the other MaxQuant sheet, not just zero. No fold change or p-value is statistically valid when one condition has zero data points."
Bsg,P18572,UP,treated_only,33966000.0,37148000.0,,,"qualitative: identified in only one condition -- the protein's entire row is absent from the other MaxQuant sheet, not just zero. No fold change or p-value is statistically valid when one condition has zero data points."
Btd,Q8CIF4,UP,treated_only,189620000.0,113300000.0,,,"qualitative: identified in only one condition -- the protein's entire row is absent from the other MaxQuant sheet, not just zero. No fold change or p-value is statistically valid when one condition has zero data points."
Btf3,Q64152,UP,treated_only,33844000.0,8192200.0,,,"qualitative: identified in only one condition -- the protein's entire row is absent from the other MaxQuant sheet, not just zero. No fold change or p-value is statistically valid when one condition has zero data points."
Btf3l4,Q9CQH7,UP,treated_only,86133000.0,12659000.0,,,"qualitative: identified in only one condition -- the protein's entire row is absent from the other MaxQuant sheet, not just zero. No fold change or p-value is statistically valid when one condition has zero data points."
Calm1,P62204,UP,treated_only,10589000000.0,5751100000.0,,,"qualitative: identified in only one condition -- the protein's entire row is absent from the other MaxQuant sheet, not just zero. No fold change or p-value is statistically valid when one condition has zero data points."
Camk2a;Camk2d;Camk2g;Camk2b,P11798;Q6PHZ2;Q923T9;P28652,UP,treated_only,0.0,2298900.0,,,"qualitative: identified in only one condition -- the protein's entire row is absent from the other MaxQuant sheet, not just zero. No fold change or p-value is statistically valid when one condition has zero data points."
Carkd,Q9CZ42,UP,treated_only,12558000.0,0.0,,,"qualitative: identified in only one condition -- the protein's entire row is absent from the other MaxQuant sheet, not just zero. No fold change or p-value is statistically valid when one condition has zero data points."
Casq2,O09161,UP,treated_only,470580000.0,1021600000.0,,,"qualitative: identified in only one condition -- the protein's entire row is absent from the other MaxQuant sheet, not just zero. No fold change or p-value is statistically valid when one condition has zero data points."
Cbfb,Q08024,UP,treated_only,73816000.0,40407000.0,,,"qualitative: identified in only one condition -- the protein's entire row is absent from the other MaxQuant sheet, not just zero. No fold change or p-value is statistically valid when one condition has zero data points."
Ccar2,Q8VDP4,UP,treated_only,14849000.0,0.0,,,"qualitative: identified in only one condition -- the protein's entire row is absent from the other MaxQuant sheet, not just zero. No fold change or p-value is statistically valid when one condition has zero data points."
Ccl9,P51670,UP,treated_only,301610.0,1783800.0,,,"qualitative: identified in only one condition -- the protein's entire row is absent from the other MaxQuant sheet, not just zero. No fold change or p-value is statistically valid when one condition has zero data points."
Cd109,Q8R422,UP,treated_only,0.0,35051000.0,,,"qualitative: identified in only one condition -- the protein's entire row is absent from the other MaxQuant sheet, not just zero. No fold change or p-value is statistically valid when one condition has zero data points."
Cdh17,Q9R100,UP,treated_only,0.0,11935000.0,,,"qualitative: identified in only one condition -- the protein's entire row is absent from the other MaxQuant sheet, not just zero. No fold change or p-value is statistically valid when one condition has zero data points."
Cdk1;Cdk3,P11440;Q80YP0,UP,treated_only,71480000.0,86849000.0,,,"qualitative: identified in only one condition -- the protein's entire row is absent from the other MaxQuant sheet, not just zero. No fold change or p-value is statistically valid when one condition has zero data points."
Cdnf,Q8CC36,UP,treated_only,7763600.0,0.0,,,"qualitative: identified in only one condition -- the protein's entire row is absent from the other MaxQuant sheet, not just zero. No fold change or p-value is statistically valid when one condition has zero data points."
Celsr2,Q9R0M0,UP,treated_only,0.0,34762000.0,,,"qualitative: identified in only one condition -- the protein's entire row is absent from the other MaxQuant sheet, not just zero. No fold change or p-value is statistically valid when one condition has zero data points."
Cfap20,Q8BTU1,UP,treated_only,39469000.0,2634600.0,,,"qualitative: identified in only one condition -- the protein's entire row is absent from the other MaxQuant sheet, not just zero. No fold change or p-value is statistically valid when one condition has zero data points."
Cga,P01216,UP,treated_only,1316800000.0,877340000.0,,,"qualitative: identified in only one condition -- the protein's entire row is absent from the other MaxQuant sheet, not just zero. No fold change or p-value is statistically valid when one condition has zero data points."
Chd1,P40201,UP,treated_only,0.0,31919000.0,,,"qualitative: identified in only one condition -- the protein's entire row is absent from the other MaxQuant sheet, not just zero. No fold change or p-value is statistically valid when one condition has zero data points."
Chd4,Q6PDQ2,UP,treated_only,17247000.0,29753000.0,,,"qualitative: identified in only one condition -- the protein's entire row is absent from the other MaxQuant sheet, not just zero. No fold change or p-value is statistically valid when one condition has zero data points."
Chkb,O55229,UP,treated_only,10294000.0,29081000.0,,,"qualitative: identified in only one condition -- the protein's entire row is absent from the other MaxQuant sheet, not just zero. No fold change or p-value is statistically valid when one condition has zero data points."
Chmp1b2;Chmp1b1,Q9CQD4;Q99LU0,UP,treated_only,0.0,41085000.0,,,"qualitative: identified in only one condition -- the protein's entire row is absent from the other MaxQuant sheet, not just zero. No fold change or p-value is statistically valid when one condition has zero data points."
Chmp5,Q9D7S9,UP,treated_only,50272000.0,9426700.0,,,"qualitative: identified in only one condition -- the protein's entire row is absent from the other MaxQuant sheet, not just zero. No fold change or p-value is statistically valid when one condition has zero data points."
Ciapin1,Q8WTY4,UP,treated_only,103070000.0,43232000.0,,,"qualitative: identified in only one condition -- the protein's entire row is absent from the other MaxQuant sheet, not just zero. No fold change or p-value is statistically valid when one condition has zero data points."
Ckm,P07310,UP,treated_only,0.0,6306300.0,,,"qualitative: identified in only one condition -- the protein's entire row is absent from the other MaxQuant sheet, not just zero. No fold change or p-value is statistically valid when one condition has zero data points."
Clec12b,Q149M0,UP,treated_only,68415000.0,0.0,,,"qualitative: identified in only one condition -- the protein's entire row is absent from the other MaxQuant sheet, not just zero. No fold change or p-value is statistically valid when one condition has zero data points."
Clgn,P52194,UP,treated_only,23496000.0,0.0,,,"qualitative: identified in only one condition -- the protein's entire row is absent from the other MaxQuant sheet, not just zero. No fold change or p-value is statistically valid when one condition has zero data points."
Clic5,Q8BXK9,UP,treated_only,19606000.0,0.0,,,"qualitative: identified in only one condition -- the protein's entire row is absent from the other MaxQuant sheet, not just zero. No fold change or p-value is statistically valid when one condition has zero data points."
Clint1,Q99KN9,UP,treated_only,2674700.0,4899100.0,,,"qualitative: identified in only one condition -- the protein's entire row is absent from the other MaxQuant sheet, not just zero. No fold change or p-value is statistically valid when one condition has zero data points."
Cmc1,Q9CPZ8,UP,treated_only,0.0,4801000.0,,,"qualitative: identified in only one condition -- the protein's entire row is absent from the other MaxQuant sheet, not just zero. No fold change or p-value is statistically valid when one condition has zero data points."
Cmc4,Q61908,UP,treated_only,6420900.0,5778200.0,,,"qualitative: identified in only one condition -- the protein's entire row is absent from the other MaxQuant sheet, not just zero. No fold change or p-value is statistically valid when one condition has zero data points."
COA4,Q8BT51,UP,treated_only,8313900.0,3247200.0,,,"qualitative: identified in only one condition -- the protein's entire row is absent from the other MaxQuant sheet, not just zero. No fold change or p-value is statistically valid when one condition has zero data points."
Col6a5,A6H584,UP,treated_only,0.0,57791000.0,,,"qualitative: identified in only one condition -- the protein's entire row is absent from the other MaxQuant sheet, not just zero. No fold change or p-value is statistically valid when one condition has zero data points."
Commd4,Q9CQ02,UP,treated_only,14146000.0,6063200.0,,,"qualitative: identified in only one condition -- the protein's entire row is absent from the other MaxQuant sheet, not just zero. No fold change or p-value is statistically valid when one condition has zero data points."
Cpox,P36552,UP,treated_only,133860000.0,13149000.0,,,"qualitative: identified in only one condition -- the protein's entire row is absent from the other MaxQuant sheet, not just zero. No fold change or p-value is statistically valid when one condition has zero data points."
Cpxm1,Q9Z100,UP,treated_only,13566000.0,83346000.0,,,"qualitative: identified in only one condition -- the protein's entire row is absent from the other MaxQuant sheet, not just zero. No fold change or p-value is statistically valid when one condition has zero data points."
Cryzl1,Q921W4,UP,treated_only,155240000.0,14798000.0,,,"qualitative: identified in only one condition -- the protein's entire row is absent from the other MaxQuant sheet, not just zero. No fold change or p-value is statistically valid when one condition has zero data points."
Csrp2,P97314,UP,treated_only,0.0,5767400.0,,,"qualitative: identified in only one condition -- the protein's entire row is absent from the other MaxQuant sheet, not just zero. No fold change or p-value is statistically valid when one condition has zero data points."
Cthrc1,Q9D1D6,UP,treated_only,0.0,21060000.0,,,"qualitative: identified in only one condition -- the protein's entire row is absent from the other MaxQuant sheet, not just zero. No fold change or p-value is statistically valid when one condition has zero data points."
Ctnnb1,Q02248,UP,treated_only,0.0,37742000.0,,,"qualitative: identified in only one condition -- the protein's entire row is absent from the other MaxQuant sheet, not just zero. No fold change or p-value is statistically valid when one condition has zero data points."
Ctsf,Q9R013,UP,treated_only,88269000.0,67971000.0,,,"qualitative: identified in only one condition -- the protein's entire row is absent from the other MaxQuant sheet, not just zero. No fold change or p-value is statistically valid when one condition has zero data points."
Ctsk,P55097,UP,treated_only,33218000.0,29155000.0,,,"qualitative: identified in only one condition -- the protein's entire row is absent from the other MaxQuant sheet, not just zero. No fold change or p-value is statistically valid when one condition has zero data points."
Ctss,O70370,UP,treated_only,21963000.0,34018000.0,,,"qualitative: identified in only one condition -- the protein's entire row is absent from the other MaxQuant sheet, not just zero. No fold change or p-value is statistically valid when one condition has zero data points."
Cyb5b,Q9CQX2,UP,treated_only,13127000.0,0.0,,,"qualitative: identified in only one condition -- the protein's entire row is absent from the other MaxQuant sheet, not just zero. No fold change or p-value is statistically valid when one condition has zero data points."
Dbnl,Q62418,UP,treated_only,17445000.0,7862800.0,,,"qualitative: identified in only one condition -- the protein's entire row is absent from the other MaxQuant sheet, not just zero. No fold change or p-value is statistically valid when one condition has zero data points."
Dctd,Q8K2D6,UP,treated_only,3476000.0,0.0,,,"qualitative: identified in only one condition -- the protein's entire row is absent from the other MaxQuant sheet, not just zero. No fold change or p-value is statistically valid when one condition has zero data points."
Dctn6,Q9WUB4,UP,treated_only,13977000.0,0.0,,,"qualitative: identified in only one condition -- the protein's entire row is absent from the other MaxQuant sheet, not just zero. No fold change or p-value is statistically valid when one condition has zero data points."
Ddi2,A2ADY9,UP,treated_only,18604000.0,15715000.0,,,"qualitative: identified in only one condition -- the protein's entire row is absent from the other MaxQuant sheet, not just zero. No fold change or p-value is statistically valid when one condition has zero data points."
Ddx3y;D1Pas1;Ddx3x,Q62095;P16381;Q62167,UP,treated_only,8922300.0,8252300.0,,,"qualitative: identified in only one condition -- the protein's entire row is absent from the other MaxQuant sheet, not just zero. No fold change or p-value is statistically valid when one condition has zero data points."
Ddx5,Q61656,UP,treated_only,40599000.0,41609000.0,,,"qualitative: identified in only one condition -- the protein's entire row is absent from the other MaxQuant sheet, not just zero. No fold change or p-value is statistically valid when one condition has zero data points."
Ddx58,Q6Q899,UP,treated_only,59059000.0,0.0,,,"qualitative: identified in only one condition -- the protein's entire row is absent from the other MaxQuant sheet, not just zero. No fold change or p-value is statistically valid when one condition has zero data points."
Dis3,Q9CSH3,UP,treated_only,13644000.0,0.0,,,"qualitative: identified in only one condition -- the protein's entire row is absent from the other MaxQuant sheet, not just zero. No fold change or p-value is statistically valid when one condition has zero data points."
Dnajc1,Q61712,UP,treated_only,11736000.0,0.0,,,"qualitative: identified in only one condition -- the protein's entire row is absent from the other MaxQuant sheet, not just zero. No fold change or p-value is statistically valid when one condition has zero data points."
Dnajc2,P54103,UP,treated_only,5392600.0,7571100.0,,,"qualitative: identified in only one condition -- the protein's entire row is absent from the other MaxQuant sheet, not just zero. No fold change or p-value is statistically valid when one condition has zero data points."
Dnajc3,Q91YW3,UP,treated_only,93185000.0,219280000.0,,,"qualitative: identified in only one condition -- the protein's entire row is absent from the other MaxQuant sheet, not just zero. No fold change or p-value is statistically valid when one condition has zero data points."
Dnajc7,Q9QYI3,UP,treated_only,13050000.0,2037600.0,,,"qualitative: identified in only one condition -- the protein's entire row is absent from the other MaxQuant sheet, not just zero. No fold change or p-value is statistically valid when one condition has zero data points."
Dnase1l2,Q9D1G0,UP,treated_only,2648400.0,1702600.0,,,"qualitative: identified in only one condition -- the protein's entire row is absent from the other MaxQuant sheet, not just zero. No fold change or p-value is statistically valid when one condition has zero data points."
Dpp4,P28843,UP,treated_only,0.0,17837000.0,,,"qualitative: identified in only one condition -- the protein's entire row is absent from the other MaxQuant sheet, not just zero. No fold change or p-value is statistically valid when one condition has zero data points."
Drap1,Q9D6N5,UP,treated_only,13638000.0,0.0,,,"qualitative: identified in only one condition -- the protein's entire row is absent from the other MaxQuant sheet, not just zero. No fold change or p-value is statistically valid when one condition has zero data points."
Dsc1,P55849,UP,treated_only,2720700.0,79762000.0,,,"qualitative: identified in only one condition -- the protein's entire row is absent from the other MaxQuant sheet, not just zero. No fold change or p-value is statistically valid when one condition has zero data points."
Dsg1c;Dsg1a;Dsg1b,Q7TSF0;Q61495;Q7TSF1,UP,treated_only,72049000.0,7722600.0,,,"qualitative: identified in only one condition -- the protein's entire row is absent from the other MaxQuant sheet, not just zero. No fold change or p-value is statistically valid when one condition has zero data points."
Dusp23,Q6NT99,UP,treated_only,2749300.0,0.0,,,"qualitative: identified in only one condition -- the protein's entire row is absent from the other MaxQuant sheet, not just zero. No fold change or p-value is statistically valid when one condition has zero data points."
Dync1i2,O88487,UP,treated_only,57516000.0,33284000.0,,,"qualitative: identified in only one condition -- the protein's entire row is absent from the other MaxQuant sheet, not just zero. No fold change or p-value is statistically valid when one condition has zero data points."
Echdc1,Q9D9V3,UP,treated_only,46078000.0,0.0,,,"qualitative: identified in only one condition -- the protein's entire row is absent from the other MaxQuant sheet, not just zero. No fold change or p-value is statistically valid when one condition has zero data points."
Ehd2,Q8BH64,UP,treated_only,6457900.0,2630100.0,,,"qualitative: identified in only one condition -- the protein's entire row is absent from the other MaxQuant sheet, not just zero. No fold change or p-value is statistically valid when one condition has zero data points."
Eif2b2,Q99LD9,UP,treated_only,11513000.0,0.0,,,"qualitative: identified in only one condition -- the protein's entire row is absent from the other MaxQuant sheet, not just zero. No fold change or p-value is statistically valid when one condition has zero data points."
Eif4e2,Q8BMB3,UP,treated_only,0.0,0.0,,,"qualitative: identified in only one condition -- the protein's entire row is absent from the other MaxQuant sheet, not just zero. No fold change or p-value is statistically valid when one condition has zero data points."
Eif4ebp2,P70445,UP,treated_only,16106000.0,7366700.0,,,"qualitative: identified in only one condition -- the protein's entire row is absent from the other MaxQuant sheet, not just zero. No fold change or p-value is statistically valid when one condition has zero data points."
Eif5b,Q05D44,UP,treated_only,0.0,9044900.0,,,"qualitative: identified in only one condition -- the protein's entire row is absent from the other MaxQuant sheet, not just zero. No fold change or p-value is statistically valid when one condition has zero data points."
Eprs,Q8CGC7,UP,treated_only,7539700.0,9000000.0,,,"qualitative: identified in only one condition -- the protein's entire row is absent from the other MaxQuant sheet, not just zero. No fold change or p-value is statistically valid when one condition has zero data points."
Eps15,P42567,UP,treated_only,59579000.0,0.0,,,"qualitative: identified in only one condition -- the protein's entire row is absent from the other MaxQuant sheet, not just zero. No fold change or p-value is statistically valid when one condition has zero data points."
Exosc7,Q9D0M0,UP,treated_only,73649000.0,52300000.0,,,"qualitative: identified in only one condition -- the protein's entire row is absent from the other MaxQuant sheet, not just zero. No fold change or p-value is statistically valid when one condition has zero data points."
FAM120A,Q6A0A9,UP,treated_only,13542000.0,3184600.0,,,"qualitative: identified in only one condition -- the protein's entire row is absent from the other MaxQuant sheet, not just zero. No fold change or p-value is statistically valid when one condition has zero data points."
Fam169a,Q5XG69,UP,treated_only,12902000.0,0.0,,,"qualitative: identified in only one condition -- the protein's entire row is absent from the other MaxQuant sheet, not just zero. No fold change or p-value is statistically valid when one condition has zero data points."
Fam172a,Q3TNH5,UP,treated_only,6688800.0,0.0,,,"qualitative: identified in only one condition -- the protein's entire row is absent from the other MaxQuant sheet, not just zero. No fold change or p-value is statistically valid when one condition has zero data points."
Fam195b,Q3UGS4,UP,treated_only,4973100.0,0.0,,,"qualitative: identified in only one condition -- the protein's entire row is absent from the other MaxQuant sheet, not just zero. No fold change or p-value is statistically valid when one condition has zero data points."
Fat2,Q5F226,UP,treated_only,0.0,9272700.0,,,"qualitative: identified in only one condition -- the protein's entire row is absent from the other MaxQuant sheet, not just zero. No fold change or p-value is statistically valid when one condition has zero data points."
Fdx1l,Q9CPW2,UP,treated_only,0.0,0.0,,,"qualitative: identified in only one condition -- the protein's entire row is absent from the other MaxQuant sheet, not just zero. No fold change or p-value is statistically valid when one condition has zero data points."
Fhit,O89106,UP,treated_only,11651000.0,0.0,,,"qualitative: identified in only one condition -- the protein's entire row is absent from the other MaxQuant sheet, not just zero. No fold change or p-value is statistically valid when one condition has zero data points."
Fhl1,P97447,UP,treated_only,25937000.0,23732000.0,,,"qualitative: identified in only one condition -- the protein's entire row is absent from the other MaxQuant sheet, not just zero. No fold change or p-value is statistically valid when one condition has zero data points."
Fuom,Q8R2K1,UP,treated_only,20620000.0,15239000.0,,,"qualitative: identified in only one condition -- the protein's entire row is absent from the other MaxQuant sheet, not just zero. No fold change or p-value is statistically valid when one condition has zero data points."
Fut11,Q8BHC9,UP,treated_only,0.0,43036000.0,,,"qualitative: identified in only one condition -- the protein's entire row is absent from the other MaxQuant sheet, not just zero. No fold change or p-value is statistically valid when one condition has zero data points."
Galnt2,Q6PB93,UP,treated_only,139860000.0,284230000.0,,,"qualitative: identified in only one condition -- the protein's entire row is absent from the other MaxQuant sheet, not just zero. No fold change or p-value is statistically valid when one condition has zero data points."
Gcat,O88986,UP,treated_only,48412000.0,8028400.0,,,"qualitative: identified in only one condition -- the protein's entire row is absent from the other MaxQuant sheet, not just zero. No fold change or p-value is statistically valid when one condition has zero data points."
Gcn1l1,E9PVA8,UP,treated_only,37505000.0,339300000.0,,,"qualitative: identified in only one condition -- the protein's entire row is absent from the other MaxQuant sheet, not just zero. No fold change or p-value is statistically valid when one condition has zero data points."
Get4,Q9D1H7,UP,treated_only,17267000.0,0.0,,,"qualitative: identified in only one condition -- the protein's entire row is absent from the other MaxQuant sheet, not just zero. No fold change or p-value is statistically valid when one condition has zero data points."
Git2;Git1,Q9JLQ2;Q68FF6,UP,treated_only,4348800.0,76891000.0,,,"qualitative: identified in only one condition -- the protein's entire row is absent from the other MaxQuant sheet, not just zero. No fold change or p-value is statistically valid when one condition has zero data points."
Gkap1,Q9JMB0,UP,treated_only,0.0,11555000.0,,,"qualitative: identified in only one condition -- the protein's entire row is absent from the other MaxQuant sheet, not just zero. No fold change or p-value is statistically valid when one condition has zero data points."
Glb1l3,A2RSQ1,UP,treated_only,37686000.0,0.0,,,"qualitative: identified in only one condition -- the protein's entire row is absent from the other MaxQuant sheet, not just zero. No fold change or p-value is statistically valid when one condition has zero data points."
Glmn,Q8BZM1,UP,treated_only,8324800.0,0.0,,,"qualitative: identified in only one condition -- the protein's entire row is absent from the other MaxQuant sheet, not just zero. No fold change or p-value is statistically valid when one condition has zero data points."
Gmppb,Q8BTZ7,UP,treated_only,36525000.0,0.0,,,"qualitative: identified in only one condition -- the protein's entire row is absent from the other MaxQuant sheet, not just zero. No fold change or p-value is statistically valid when one condition has zero data points."
Gnai2;Gnat1;Gnai3;Gnat3;Gnat2;Gnao1;Gnai1;Gnal;Gnas,P08752;P20612;Q9DC51;Q3V3I2;P50149;P18872;B2RSH2;Q8CGK7;P63094;Q6R0H7,UP,treated_only,90587000.0,75718000.0,,,"qualitative: identified in only one condition -- the protein's entire row is absent from the other MaxQuant sheet, not just zero. No fold change or p-value is statistically valid when one condition has zero data points."
Gng5,Q80SZ7,UP,treated_only,5557600.0,9903500.0,,,"qualitative: identified in only one condition -- the protein's entire row is absent from the other MaxQuant sheet, not just zero. No fold change or p-value is statistically valid when one condition has zero data points."
Golga3,P55937,UP,on_with_treatment,5696000.0,18883000.0,0.0,0.0,"qualitative: identified in both MaxQuant sheets, but every replicate on one side reads null/zero. No fold change or p-value is statistically valid when one condition has zero variance."
Grik4,Q8BMF5,UP,treated_only,11198000.0,1168600000.0,,,"qualitative: identified in only one condition -- the protein's entire row is absent from the other MaxQuant sheet, not just zero. No fold change or p-value is statistically valid when one condition has zero data points."
Gstp1,P19157,UP,treated_only,2020800000.0,3792100000.0,,,"qualitative: identified in only one condition -- the protein's entire row is absent from the other MaxQuant sheet, not just zero. No fold change or p-value is statistically valid when one condition has zero data points."
Gstt1,Q64471,UP,treated_only,20185000.0,38256000.0,,,"qualitative: identified in only one condition -- the protein's entire row is absent from the other MaxQuant sheet, not just zero. No fold change or p-value is statistically valid when one condition has zero data points."
Gstz1,Q9WVL0,UP,treated_only,24770000.0,0.0,,,"qualitative: identified in only one condition -- the protein's entire row is absent from the other MaxQuant sheet, not just zero. No fold change or p-value is statistically valid when one condition has zero data points."
Gtf2e1,Q9D0D5,UP,treated_only,62003000.0,0.0,,,"qualitative: identified in only one condition -- the protein's entire row is absent from the other MaxQuant sheet, not just zero. No fold change or p-value is statistically valid when one condition has zero data points."
Gtf2f2,Q8R0A0,UP,treated_only,0.0,16939000.0,,,"qualitative: identified in only one condition -- the protein's entire row is absent from the other MaxQuant sheet, not just zero. No fold change or p-value is statistically valid when one condition has zero data points."
H2-D1,P01899,UP,treated_only,888380000.0,711320000.0,,,"qualitative: identified in only one condition -- the protein's entire row is absent from the other MaxQuant sheet, not just zero. No fold change or p-value is statistically valid when one condition has zero data points."
H2-Q8,P14430,UP,treated_only,0.0,36792000.0,,,"qualitative: identified in only one condition -- the protein's entire row is absent from the other MaxQuant sheet, not just zero. No fold change or p-value is statistically valid when one condition has zero data points."
H2afj,Q8R1M2,UP,treated_only,145100000.0,239260000.0,,,"qualitative: identified in only one condition -- the protein's entire row is absent from the other MaxQuant sheet, not just zero. No fold change or p-value is statistically valid when one condition has zero data points."
H3f3a;Hist1h3b;Hist1h3a;H3f3c,P84244;P84228;P68433;P02301,UP,treated_only,2820100000.0,2904000000.0,,,"qualitative: identified in only one condition -- the protein's entire row is absent from the other MaxQuant sheet, not just zero. No fold change or p-value is statistically valid when one condition has zero data points."
Hbb-b2;Hbb-b1,P02089;P02088,UP,treated_only,18881000.0,21483000.0,,,"qualitative: identified in only one condition -- the protein's entire row is absent from the other MaxQuant sheet, not just zero. No fold change or p-value is statistically valid when one condition has zero data points."
Heg1,E9Q7X6,UP,treated_only,36745000.0,58375000.0,,,"qualitative: identified in only one condition -- the protein's entire row is absent from the other MaxQuant sheet, not just zero. No fold change or p-value is statistically valid when one condition has zero data points."
Hexim1,Q8R409,UP,treated_only,5024300.0,3279800.0,,,"qualitative: identified in only one condition -- the protein's entire row is absent from the other MaxQuant sheet, not just zero. No fold change or p-value is statistically valid when one condition has zero data points."
Hint2,Q9D0S9,UP,treated_only,8003600.0,43726000.0,,,"qualitative: identified in only one condition -- the protein's entire row is absent from the other MaxQuant sheet, not just zero. No fold change or p-value is statistically valid when one condition has zero data points."
Hist1h2bp;Hist1h2bb;Hist1h2bf;Hist1h2bk;Hist3h2ba;Hist3h2bb;Hist2h2be,Q8CGP2;Q64475;P10853;Q8CGP1;Q9D2U9;Q8CGP0;Q64524,UP,treated_only,28007000.0,4545300.0,,,"qualitative: identified in only one condition -- the protein's entire row is absent from the other MaxQuant sheet, not just zero. No fold change or p-value is statistically valid when one condition has zero data points."
Hist2h2aa1;Hist2h2ac,Q6GSS7;Q64523,UP,treated_only,1743000000.0,2046400000.0,,,"qualitative: identified in only one condition -- the protein's entire row is absent from the other MaxQuant sheet, not just zero. No fold change or p-value is statistically valid when one condition has zero data points."
Hk2,O08528,UP,treated_only,50756000.0,25999000.0,,,"qualitative: identified in only one condition -- the protein's entire row is absent from the other MaxQuant sheet, not just zero. No fold change or p-value is statistically valid when one condition has zero data points."
Hmgb3,O54879,UP,treated_only,9884700.0,90688000.0,,,"qualitative: identified in only one condition -- the protein's entire row is absent from the other MaxQuant sheet, not just zero. No fold change or p-value is statistically valid when one condition has zero data points."
Hn1,P97825,UP,treated_only,25816000.0,0.0,,,"qualitative: identified in only one condition -- the protein's entire row is absent from the other MaxQuant sheet, not just zero. No fold change or p-value is statistically valid when one condition has zero data points."
Homer3;Homer2;Homer1,Q99JP6;Q9QWW1;Q9Z2Y3,UP,treated_only,6004600.0,3687800.0,,,"qualitative: identified in only one condition -- the protein's entire row is absent from the other MaxQuant sheet, not just zero. No fold change or p-value is statistically valid when one condition has zero data points."
Hpdl,Q8K248,UP,treated_only,7142100.0,0.0,,,"qualitative: identified in only one condition -- the protein's entire row is absent from the other MaxQuant sheet, not just zero. No fold change or p-value is statistically valid when one condition has zero data points."
Huwe1,Q7TMY8,UP,treated_only,24786000.0,2260000.0,,,"qualitative: identified in only one condition -- the protein's entire row is absent from the other MaxQuant sheet, not just zero. No fold change or p-value is statistically valid when one condition has zero data points."
Icoslg,Q9JHJ8,UP,treated_only,91080000.0,84422000.0,,,"qualitative: identified in only one condition -- the protein's entire row is absent from the other MaxQuant sheet, not just zero. No fold change or p-value is statistically valid when one condition has zero data points."
Idua,P48441,UP,treated_only,85174000.0,34085000.0,,,"qualitative: identified in only one condition -- the protein's entire row is absent from the other MaxQuant sheet, not just zero. No fold change or p-value is statistically valid when one condition has zero data points."
Il36a,Q9JLA2,UP,treated_only,0.0,5326300.0,,,"qualitative: identified in only one condition -- the protein's entire row is absent from the other MaxQuant sheet, not just zero. No fold change or p-value is statistically valid when one condition has zero data points."
Iscu,Q9D7P6,UP,treated_only,14492000.0,0.0,,,"qualitative: identified in only one condition -- the protein's entire row is absent from the other MaxQuant sheet, not just zero. No fold change or p-value is statistically valid when one condition has zero data points."
Isg15,Q64339,UP,treated_only,0.0,57574000.0,,,"qualitative: identified in only one condition -- the protein's entire row is absent from the other MaxQuant sheet, not just zero. No fold change or p-value is statistically valid when one condition has zero data points."
Itgav,P43406,UP,treated_only,6262700.0,6645100.0,,,"qualitative: identified in only one condition -- the protein's entire row is absent from the other MaxQuant sheet, not just zero. No fold change or p-value is statistically valid when one condition has zero data points."
Jam3,Q9D8B7,UP,treated_only,60571000.0,18332000.0,,,"qualitative: identified in only one condition -- the protein's entire row is absent from the other MaxQuant sheet, not just zero. No fold change or p-value is statistically valid when one condition has zero data points."
Kiaa1033,Q3UMB9,UP,treated_only,0.0,191180000.0,,,"qualitative: identified in only one condition -- the protein's entire row is absent from the other MaxQuant sheet, not just zero. No fold change or p-value is statistically valid when one condition has zero data points."
Kiaa1429,A2AIV2,UP,treated_only,0.0,58744000.0,,,"qualitative: identified in only one condition -- the protein's entire row is absent from the other MaxQuant sheet, not just zero. No fold change or p-value is statistically valid when one condition has zero data points."
Kif18b,Q6PFD6,UP,treated_only,384260000.0,23616000.0,,,"qualitative: identified in only one condition -- the protein's entire row is absent from the other MaxQuant sheet, not just zero. No fold change or p-value is statistically valid when one condition has zero data points."
Kif2b,Q8C0N1,UP,treated_only,0.0,0.0,,,"qualitative: identified in only one condition -- the protein's entire row is absent from the other MaxQuant sheet, not just zero. No fold change or p-value is statistically valid when one condition has zero data points."
Kirrel2,Q7TSU7,UP,treated_only,296740000.0,146630000.0,,,"qualitative: identified in only one condition -- the protein's entire row is absent from the other MaxQuant sheet, not just zero. No fold change or p-value is statistically valid when one condition has zero data points."
Lamtor4,Q8CF66,UP,treated_only,20006000.0,0.0,,,"qualitative: identified in only one condition -- the protein's entire row is absent from the other MaxQuant sheet, not just zero. No fold change or p-value is statistically valid when one condition has zero data points."
Larp1,Q6ZQ58,UP,treated_only,12490000.0,6422700.0,,,"qualitative: identified in only one condition -- the protein's entire row is absent from the other MaxQuant sheet, not just zero. No fold change or p-value is statistically valid when one condition has zero data points."
Lman2l,P59481,UP,treated_only,0.0,20788000.0,,,"qualitative: identified in only one condition -- the protein's entire row is absent from the other MaxQuant sheet, not just zero. No fold change or p-value is statistically valid when one condition has zero data points."
Lonp1,Q8CGK3,UP,treated_only,0.0,3929100.0,,,"qualitative: identified in only one condition -- the protein's entire row is absent from the other MaxQuant sheet, not just zero. No fold change or p-value is statistically valid when one condition has zero data points."
Lrp6,O88572,UP,treated_only,0.0,8315600.0,,,"qualitative: identified in only one condition -- the protein's entire row is absent from the other MaxQuant sheet, not just zero. No fold change or p-value is statistically valid when one condition has zero data points."
Lrrc6,O88978,UP,treated_only,91530000.0,11694000.0,,,"qualitative: identified in only one condition -- the protein's entire row is absent from the other MaxQuant sheet, not just zero. No fold change or p-value is statistically valid when one condition has zero data points."
Lrrfip1,Q3UZ39,UP,treated_only,12945000.0,0.0,,,"qualitative: identified in only one condition -- the protein's entire row is absent from the other MaxQuant sheet, not just zero. No fold change or p-value is statistically valid when one condition has zero data points."
Luc7l;Luc7l2,Q9CYI4;Q7TNC4,UP,treated_only,32272000.0,15591000.0,,,"qualitative: identified in only one condition -- the protein's entire row is absent from the other MaxQuant sheet, not just zero. No fold change or p-value is statistically valid when one condition has zero data points."
Mageb4,A2A9R3,UP,treated_only,2013600.0,7700900.0,,,"qualitative: identified in only one condition -- the protein's entire row is absent from the other MaxQuant sheet, not just zero. No fold change or p-value is statistically valid when one condition has zero data points."
Map1lc3a,Q91VR7,UP,treated_only,43110000.0,8034400.0,,,"qualitative: identified in only one condition -- the protein's entire row is absent from the other MaxQuant sheet, not just zero. No fold change or p-value is statistically valid when one condition has zero data points."
Map2k1,P31938,UP,treated_only,3889500.0,0.0,,,"qualitative: identified in only one condition -- the protein's entire row is absent from the other MaxQuant sheet, not just zero. No fold change or p-value is statistically valid when one condition has zero data points."
Map7,O88735,UP,treated_only,9667000.0,0.0,,,"qualitative: identified in only one condition -- the protein's entire row is absent from the other MaxQuant sheet, not just zero. No fold change or p-value is statistically valid when one condition has zero data points."
Map7d2,A2AG50,UP,treated_only,80496000.0,68971000.0,,,"qualitative: identified in only one condition -- the protein's entire row is absent from the other MaxQuant sheet, not just zero. No fold change or p-value is statistically valid when one condition has zero data points."
Mapk15,Q80Y86,UP,treated_only,97052000.0,87146000.0,,,"qualitative: identified in only one condition -- the protein's entire row is absent from the other MaxQuant sheet, not just zero. No fold change or p-value is statistically valid when one condition has zero data points."
Mapk9,Q9WTU6,UP,treated_only,141810000.0,122260000.0,,,"qualitative: identified in only one condition -- the protein's entire row is absent from the other MaxQuant sheet, not just zero. No fold change or p-value is statistically valid when one condition has zero data points."
Masp1,P98064,UP,treated_only,24686000.0,0.0,,,"qualitative: identified in only one condition -- the protein's entire row is absent from the other MaxQuant sheet, not just zero. No fold change or p-value is statistically valid when one condition has zero data points."
Mat2b,Q99LB6,UP,treated_only,125190000.0,75566000.0,,,"qualitative: identified in only one condition -- the protein's entire row is absent from the other MaxQuant sheet, not just zero. No fold change or p-value is statistically valid when one condition has zero data points."
Mbd5,B1AYB6,UP,treated_only,0.0,69899000.0,,,"qualitative: identified in only one condition -- the protein's entire row is absent from the other MaxQuant sheet, not just zero. No fold change or p-value is statistically valid when one condition has zero data points."
Mblac1,Q8BWY4,UP,treated_only,4102000.0,0.0,,,"qualitative: identified in only one condition -- the protein's entire row is absent from the other MaxQuant sheet, not just zero. No fold change or p-value is statistically valid when one condition has zero data points."
Mcm3,P25206,UP,treated_only,13201000.0,2719700.0,,,"qualitative: identified in only one condition -- the protein's entire row is absent from the other MaxQuant sheet, not just zero. No fold change or p-value is statistically valid when one condition has zero data points."
Mdc1,Q5PSV9,UP,treated_only,12426000.0,0.0,,,"qualitative: identified in only one condition -- the protein's entire row is absent from the other MaxQuant sheet, not just zero. No fold change or p-value is statistically valid when one condition has zero data points."
Mecp2,Q9Z2D6,UP,treated_only,24644000.0,11574000.0,,,"qualitative: identified in only one condition -- the protein's entire row is absent from the other MaxQuant sheet, not just zero. No fold change or p-value is statistically valid when one condition has zero data points."
Mettl10,Q9D853,UP,treated_only,24807000.0,0.0,,,"qualitative: identified in only one condition -- the protein's entire row is absent from the other MaxQuant sheet, not just zero. No fold change or p-value is statistically valid when one condition has zero data points."
Mettl21A,Q9CQL0,UP,treated_only,32728000.0,18160000.0,,,"qualitative: identified in only one condition -- the protein's entire row is absent from the other MaxQuant sheet, not just zero. No fold change or p-value is statistically valid when one condition has zero data points."
Mif4gd,Q3UBZ5,UP,treated_only,13536000.0,0.0,,,"qualitative: identified in only one condition -- the protein's entire row is absent from the other MaxQuant sheet, not just zero. No fold change or p-value is statistically valid when one condition has zero data points."
Mlst8,Q9DCJ1,UP,treated_only,25937000.0,0.0,,,"qualitative: identified in only one condition -- the protein's entire row is absent from the other MaxQuant sheet, not just zero. No fold change or p-value is statistically valid when one condition has zero data points."
Mme,Q61391,UP,on_with_treatment,21032000.0,28573000.0,0.0,0.0,"qualitative: identified in both MaxQuant sheets, but every replicate on one side reads null/zero. No fold change or p-value is statistically valid when one condition has zero variance."
Mmp13,P33435,UP,treated_only,0.0,40343000.0,,,"qualitative: identified in only one condition -- the protein's entire row is absent from the other MaxQuant sheet, not just zero. No fold change or p-value is statistically valid when one condition has zero data points."
Mob1a,Q921Y0,UP,treated_only,323620000.0,141820000.0,,,"qualitative: identified in only one condition -- the protein's entire row is absent from the other MaxQuant sheet, not just zero. No fold change or p-value is statistically valid when one condition has zero data points."
Mob1b,Q8BPB0,UP,treated_only,41175000.0,44136000.0,,,"qualitative: identified in only one condition -- the protein's entire row is absent from the other MaxQuant sheet, not just zero. No fold change or p-value is statistically valid when one condition has zero data points."
Mob2,Q8VI63,UP,treated_only,12714000.0,23764000.0,,,"qualitative: identified in only one condition -- the protein's entire row is absent from the other MaxQuant sheet, not just zero. No fold change or p-value is statistically valid when one condition has zero data points."
Mon2,Q80TL7,UP,treated_only,44644000.0,0.0,,,"qualitative: identified in only one condition -- the protein's entire row is absent from the other MaxQuant sheet, not just zero. No fold change or p-value is statistically valid when one condition has zero data points."
Mrpl12,Q9DB15,UP,treated_only,5587700.0,0.0,,,"qualitative: identified in only one condition -- the protein's entire row is absent from the other MaxQuant sheet, not just zero. No fold change or p-value is statistically valid when one condition has zero data points."
Mrrf,Q9D6S7,UP,treated_only,36260000.0,28783000.0,,,"qualitative: identified in only one condition -- the protein's entire row is absent from the other MaxQuant sheet, not just zero. No fold change or p-value is statistically valid when one condition has zero data points."
Mtus1,Q5HZI1,UP,treated_only,0.0,171920000.0,,,"qualitative: identified in only one condition -- the protein's entire row is absent from the other MaxQuant sheet, not just zero. No fold change or p-value is statistically valid when one condition has zero data points."
Mug1;Mug2,P28665;P28666,UP,treated_only,12079000.0,0.0,,,"qualitative: identified in only one condition -- the protein's entire row is absent from the other MaxQuant sheet, not just zero. No fold change or p-value is statistically valid when one condition has zero data points."
Mut,P16332,UP,treated_only,54887000.0,0.0,,,"qualitative: identified in only one condition -- the protein's entire row is absent from the other MaxQuant sheet, not just zero. No fold change or p-value is statistically valid when one condition has zero data points."
Myh10,Q61879,UP,treated_only,0.0,1830600.0,,,"qualitative: identified in only one condition -- the protein's entire row is absent from the other MaxQuant sheet, not just zero. No fold change or p-value is statistically valid when one condition has zero data points."
Myh14,Q6URW6,UP,treated_only,98102000.0,20676000.0,,,"qualitative: identified in only one condition -- the protein's entire row is absent from the other MaxQuant sheet, not just zero. No fold change or p-value is statistically valid when one condition has zero data points."
Myo10,F8VQB6,UP,treated_only,14498000.0,0.0,,,"qualitative: identified in only one condition -- the protein's entire row is absent from the other MaxQuant sheet, not just zero. No fold change or p-value is statistically valid when one condition has zero data points."
Myoc,O70624,UP,treated_only,0.0,163980000.0,,,"qualitative: identified in only one condition -- the protein's entire row is absent from the other MaxQuant sheet, not just zero. No fold change or p-value is statistically valid when one condition has zero data points."
Naa10,Q9QY36,UP,treated_only,8536800.0,9958700.0,,,"qualitative: identified in only one condition -- the protein's entire row is absent from the other MaxQuant sheet, not just zero. No fold change or p-value is statistically valid when one condition has zero data points."
Ncbp2,Q9CQ49,UP,treated_only,6291200.0,0.0,,,"qualitative: identified in only one condition -- the protein's entire row is absent from the other MaxQuant sheet, not just zero. No fold change or p-value is statistically valid when one condition has zero data points."
Nckap1,P28660,UP,treated_only,57445000.0,11926000.0,,,"qualitative: identified in only one condition -- the protein's entire row is absent from the other MaxQuant sheet, not just zero. No fold change or p-value is statistically valid when one condition has zero data points."
Ndrg3,Q9QYF9,UP,treated_only,23880000.0,0.0,,,"qualitative: identified in only one condition -- the protein's entire row is absent from the other MaxQuant sheet, not just zero. No fold change or p-value is statistically valid when one condition has zero data points."
Ndufa2,Q9CQ75,UP,treated_only,3957900.0,0.0,,,"qualitative: identified in only one condition -- the protein's entire row is absent from the other MaxQuant sheet, not just zero. No fold change or p-value is statistically valid when one condition has zero data points."
Ndufv3,Q8BK30,UP,treated_only,13542000.0,0.0,,,"qualitative: identified in only one condition -- the protein's entire row is absent from the other MaxQuant sheet, not just zero. No fold change or p-value is statistically valid when one condition has zero data points."
Nisch,Q80TM9,UP,treated_only,0.0,4461400.0,,,"qualitative: identified in only one condition -- the protein's entire row is absent from the other MaxQuant sheet, not just zero. No fold change or p-value is statistically valid when one condition has zero data points."
Nme4,Q9WV84,UP,treated_only,5311700.0,2871700.0,,,"qualitative: identified in only one condition -- the protein's entire row is absent from the other MaxQuant sheet, not just zero. No fold change or p-value is statistically valid when one condition has zero data points."
Npm3,Q9CPP0,UP,on_with_treatment,0.0,40432000.0,0.0,0.0,"qualitative: identified in both MaxQuant sheets, but every replicate on one side reads null/zero. No fold change or p-value is statistically valid when one condition has zero variance."
Nrp2,O35375,UP,treated_only,0.0,13785000.0,,,"qualitative: identified in only one condition -- the protein's entire row is absent from the other MaxQuant sheet, not just zero. No fold change or p-value is statistically valid when one condition has zero data points."
Nudcd3,Q8R1N4,UP,treated_only,21607000.0,0.0,,,"qualitative: identified in only one condition -- the protein's entire row is absent from the other MaxQuant sheet, not just zero. No fold change or p-value is statistically valid when one condition has zero data points."
Nudt11;Nudt10,P0C028;P0C027,UP,treated_only,0.0,0.0,,,"qualitative: identified in only one condition -- the protein's entire row is absent from the other MaxQuant sheet, not just zero. No fold change or p-value is statistically valid when one condition has zero data points."
Nup93,Q8BJ71,UP,treated_only,0.0,0.0,,,"qualitative: identified in only one condition -- the protein's entire row is absent from the other MaxQuant sheet, not just zero. No fold change or p-value is statistically valid when one condition has zero data points."
Nup98,Q6PFD9,UP,treated_only,10819000.0,12080000.0,,,"qualitative: identified in only one condition -- the protein's entire row is absent from the other MaxQuant sheet, not just zero. No fold change or p-value is statistically valid when one condition has zero data points."
Nxt1;Nxt2,Q9QZV9;Q3UNA4,UP,treated_only,88515000.0,28602000.0,,,"qualitative: identified in only one condition -- the protein's entire row is absent from the other MaxQuant sheet, not just zero. No fold change or p-value is statistically valid when one condition has zero data points."
Otud6b,Q8K2H2,UP,treated_only,0.0,7112800.0,,,"qualitative: identified in only one condition -- the protein's entire row is absent from the other MaxQuant sheet, not just zero. No fold change or p-value is statistically valid when one condition has zero data points."
Paip2,Q9D6V8,UP,treated_only,18619000.0,0.0,,,"qualitative: identified in only one condition -- the protein's entire row is absent from the other MaxQuant sheet, not just zero. No fold change or p-value is statistically valid when one condition has zero data points."
Pak2;Pak3;Pak1,Q8CIN4;Q61036;O88643,UP,treated_only,126920000.0,118640000.0,,,"qualitative: identified in only one condition -- the protein's entire row is absent from the other MaxQuant sheet, not just zero. No fold change or p-value is statistically valid when one condition has zero data points."
Pccb,Q99MN9,UP,treated_only,20344000.0,0.0,,,"qualitative: identified in only one condition -- the protein's entire row is absent from the other MaxQuant sheet, not just zero. No fold change or p-value is statistically valid when one condition has zero data points."
Pcnp,Q6P8I4,UP,treated_only,52191000.0,78321000.0,,,"qualitative: identified in only one condition -- the protein's entire row is absent from the other MaxQuant sheet, not just zero. No fold change or p-value is statistically valid when one condition has zero data points."
Pdgfa,P20033,UP,treated_only,121830000.0,89823000.0,,,"qualitative: identified in only one condition -- the protein's entire row is absent from the other MaxQuant sheet, not just zero. No fold change or p-value is statistically valid when one condition has zero data points."
Pdgfrl,Q6PE55,UP,treated_only,0.0,142600000.0,,,"qualitative: identified in only one condition -- the protein's entire row is absent from the other MaxQuant sheet, not just zero. No fold change or p-value is statistically valid when one condition has zero data points."
Pdlim5,Q8CI51,UP,treated_only,21705000.0,195030000.0,,,"qualitative: identified in only one condition -- the protein's entire row is absent from the other MaxQuant sheet, not just zero. No fold change or p-value is statistically valid when one condition has zero data points."
Pecr,Q99MZ7,UP,treated_only,16605000.0,9552700.0,,,"qualitative: identified in only one condition -- the protein's entire row is absent from the other MaxQuant sheet, not just zero. No fold change or p-value is statistically valid when one condition has zero data points."
Peg3,Q3URU2,UP,treated_only,83074000.0,0.0,,,"qualitative: identified in only one condition -- the protein's entire row is absent from the other MaxQuant sheet, not just zero. No fold change or p-value is statistically valid when one condition has zero data points."
Pggt1b,Q8BUY9,UP,treated_only,47638000.0,51425000.0,,,"qualitative: identified in only one condition -- the protein's entire row is absent from the other MaxQuant sheet, not just zero. No fold change or p-value is statistically valid when one condition has zero data points."
Phyhd1,Q9DB26,UP,treated_only,0.0,15730000.0,,,"qualitative: identified in only one condition -- the protein's entire row is absent from the other MaxQuant sheet, not just zero. No fold change or p-value is statistically valid when one condition has zero data points."
Pip,P02816,UP,treated_only,0.0,3426400.0,,,"qualitative: identified in only one condition -- the protein's entire row is absent from the other MaxQuant sheet, not just zero. No fold change or p-value is statistically valid when one condition has zero data points."
Pla2r1,Q62028,UP,treated_only,9873700.0,0.0,,,"qualitative: identified in only one condition -- the protein's entire row is absent from the other MaxQuant sheet, not just zero. No fold change or p-value is statistically valid when one condition has zero data points."
Plg,P20918,UP,treated_only,47492000.0,20518000.0,,,"qualitative: identified in only one condition -- the protein's entire row is absent from the other MaxQuant sheet, not just zero. No fold change or p-value is statistically valid when one condition has zero data points."
Pmm2,Q9Z2M7,UP,treated_only,34600000.0,65659000.0,,,"qualitative: identified in only one condition -- the protein's entire row is absent from the other MaxQuant sheet, not just zero. No fold change or p-value is statistically valid when one condition has zero data points."
Poglut1,Q8BYB9,UP,treated_only,20154000.0,9424900.0,,,"qualitative: identified in only one condition -- the protein's entire row is absent from the other MaxQuant sheet, not just zero. No fold change or p-value is statistically valid when one condition has zero data points."
Pole3,Q9JKP7,UP,treated_only,39554000.0,0.0,,,"qualitative: identified in only one condition -- the protein's entire row is absent from the other MaxQuant sheet, not just zero. No fold change or p-value is statistically valid when one condition has zero data points."
Ppm1g,Q61074,UP,treated_only,1310100.0,27578000.0,,,"qualitative: identified in only one condition -- the protein's entire row is absent from the other MaxQuant sheet, not just zero. No fold change or p-value is statistically valid when one condition has zero data points."
Ppp1r11,Q8K1L5,UP,treated_only,56289000.0,0.0,,,"qualitative: identified in only one condition -- the protein's entire row is absent from the other MaxQuant sheet, not just zero. No fold change or p-value is statistically valid when one condition has zero data points."
Ppp1r14a,Q91VC7,UP,treated_only,22000000.0,0.0,,,"qualitative: identified in only one condition -- the protein's entire row is absent from the other MaxQuant sheet, not just zero. No fold change or p-value is statistically valid when one condition has zero data points."
Ppp3ca;Ppp3cb,P63328;P48453,UP,treated_only,232190000.0,155030000.0,,,"qualitative: identified in only one condition -- the protein's entire row is absent from the other MaxQuant sheet, not just zero. No fold change or p-value is statistically valid when one condition has zero data points."
Prmt5,Q8CIG8,UP,on_with_treatment,79637000.0,18136000.0,0.0,0.0,"qualitative: identified in both MaxQuant sheets, but every replicate on one side reads null/zero. No fold change or p-value is statistically valid when one condition has zero variance."
Prpf8,Q99PV0,UP,treated_only,4934400.0,11309000.0,,,"qualitative: identified in only one condition -- the protein's entire row is absent from the other MaxQuant sheet, not just zero. No fold change or p-value is statistically valid when one condition has zero data points."
Prpsap2;Prpsap1,Q8R574;Q9D0M1,UP,treated_only,0.0,5624600.0,,,"qualitative: identified in only one condition -- the protein's entire row is absent from the other MaxQuant sheet, not just zero. No fold change or p-value is statistically valid when one condition has zero data points."
Prss27,Q8BJR6,UP,treated_only,0.0,44492000.0,,,"qualitative: identified in only one condition -- the protein's entire row is absent from the other MaxQuant sheet, not just zero. No fold change or p-value is statistically valid when one condition has zero data points."
Psd,Q5DTT2,UP,treated_only,27225000.0,0.0,,,"qualitative: identified in only one condition -- the protein's entire row is absent from the other MaxQuant sheet, not just zero. No fold change or p-value is statistically valid when one condition has zero data points."
Psmg3,Q9CZH3,UP,treated_only,3480600.0,0.0,,,"qualitative: identified in only one condition -- the protein's entire row is absent from the other MaxQuant sheet, not just zero. No fold change or p-value is statistically valid when one condition has zero data points."
Ptbp1;Ptbp3,P17225;Q8BHD7,UP,treated_only,37009000.0,123530000.0,,,"qualitative: identified in only one condition -- the protein's entire row is absent from the other MaxQuant sheet, not just zero. No fold change or p-value is statistically valid when one condition has zero data points."
Pter,Q60866,UP,on_with_treatment,30424000.0,0.0,0.0,0.0,"qualitative: identified in both MaxQuant sheets, but every replicate on one side reads null/zero. No fold change or p-value is statistically valid when one condition has zero variance."
Ptprs,B0V2N1,UP,treated_only,0.0,6841300.0,,,"qualitative: identified in only one condition -- the protein's entire row is absent from the other MaxQuant sheet, not just zero. No fold change or p-value is statistically valid when one condition has zero data points."
Qprt,Q91X91,UP,treated_only,0.0,12813000.0,,,"qualitative: identified in only one condition -- the protein's entire row is absent from the other MaxQuant sheet, not just zero. No fold change or p-value is statistically valid when one condition has zero data points."
Rab10;Rab13;Rab15,P61027;Q9DD03;Q8K386,UP,treated_only,0.0,23931000.0,,,"qualitative: identified in only one condition -- the protein's entire row is absent from the other MaxQuant sheet, not just zero. No fold change or p-value is statistically valid when one condition has zero data points."
Rab31;Rab22a,Q921E2;P35285,UP,treated_only,7626000.0,0.0,,,"qualitative: identified in only one condition -- the protein's entire row is absent from the other MaxQuant sheet, not just zero. No fold change or p-value is statistically valid when one condition has zero data points."
Rab5a,Q9CQD1,UP,treated_only,0.0,13768000.0,,,"qualitative: identified in only one condition -- the protein's entire row is absent from the other MaxQuant sheet, not just zero. No fold change or p-value is statistically valid when one condition has zero data points."
Rad1,Q9QWZ1,UP,treated_only,18067000.0,0.0,,,"qualitative: identified in only one condition -- the protein's entire row is absent from the other MaxQuant sheet, not just zero. No fold change or p-value is statistically valid when one condition has zero data points."
Raly,Q64012,UP,treated_only,13727000.0,31958000.0,,,"qualitative: identified in only one condition -- the protein's entire row is absent from the other MaxQuant sheet, not just zero. No fold change or p-value is statistically valid when one condition has zero data points."
Ran,P62827,UP,treated_only,3280600000.0,3007500000.0,,,"qualitative: identified in only one condition -- the protein's entire row is absent from the other MaxQuant sheet, not just zero. No fold change or p-value is statistically valid when one condition has zero data points."
Rangap1,P46061,UP,treated_only,97484000.0,133280000.0,,,"qualitative: identified in only one condition -- the protein's entire row is absent from the other MaxQuant sheet, not just zero. No fold change or p-value is statistically valid when one condition has zero data points."
Rap2c;Rap2a;Rap2b,Q8BU31;Q80ZJ1;P61226,UP,treated_only,8590000.0,15495000.0,,,"qualitative: identified in only one condition -- the protein's entire row is absent from the other MaxQuant sheet, not just zero. No fold change or p-value is statistically valid when one condition has zero data points."
Rbks,Q8R1Q9,UP,treated_only,45992000.0,0.0,,,"qualitative: identified in only one condition -- the protein's entire row is absent from the other MaxQuant sheet, not just zero. No fold change or p-value is statistically valid when one condition has zero data points."
Rbm25,B2RY56,UP,treated_only,20796000.0,14776000.0,,,"qualitative: identified in only one condition -- the protein's entire row is absent from the other MaxQuant sheet, not just zero. No fold change or p-value is statistically valid when one condition has zero data points."
Rbpms;Rbpms2,Q9WVB0;Q8VC52,UP,treated_only,2682700.0,4595100.0,,,"qualitative: identified in only one condition -- the protein's entire row is absent from the other MaxQuant sheet, not just zero. No fold change or p-value is statistically valid when one condition has zero data points."
Rbsn,Q80Y56,UP,treated_only,0.0,0.0,,,"qualitative: identified in only one condition -- the protein's entire row is absent from the other MaxQuant sheet, not just zero. No fold change or p-value is statistically valid when one condition has zero data points."
Rcc1,Q8VE37,UP,treated_only,2327600.0,0.0,,,"qualitative: identified in only one condition -- the protein's entire row is absent from the other MaxQuant sheet, not just zero. No fold change or p-value is statistically valid when one condition has zero data points."
Reep2,Q8VCD6,UP,treated_only,4313500.0,0.0,,,"qualitative: identified in only one condition -- the protein's entire row is absent from the other MaxQuant sheet, not just zero. No fold change or p-value is statistically valid when one condition has zero data points."
Reg3b,P35230,UP,treated_only,10161000.0,29221000.0,,,"qualitative: identified in only one condition -- the protein's entire row is absent from the other MaxQuant sheet, not just zero. No fold change or p-value is statistically valid when one condition has zero data points."
Rgmb,Q7TQ33,UP,treated_only,39164000.0,19152000.0,,,"qualitative: identified in only one condition -- the protein's entire row is absent from the other MaxQuant sheet, not just zero. No fold change or p-value is statistically valid when one condition has zero data points."
Rhebl1,Q9D8T3,UP,treated_only,83415000.0,0.0,,,"qualitative: identified in only one condition -- the protein's entire row is absent from the other MaxQuant sheet, not just zero. No fold change or p-value is statistically valid when one condition has zero data points."
Rnaseh2c,Q9CQ18,UP,treated_only,12050000.0,0.0,,,"qualitative: identified in only one condition -- the protein's entire row is absent from the other MaxQuant sheet, not just zero. No fold change or p-value is statistically valid when one condition has zero data points."
Rnf7,Q9WTZ1,UP,treated_only,13107000.0,18061000.0,,,"qualitative: identified in only one condition -- the protein's entire row is absent from the other MaxQuant sheet, not just zero. No fold change or p-value is statistically valid when one condition has zero data points."
Rpl17,Q9CPR4,UP,treated_only,33771000.0,26636000.0,,,"qualitative: identified in only one condition -- the protein's entire row is absent from the other MaxQuant sheet, not just zero. No fold change or p-value is statistically valid when one condition has zero data points."
Rpl18a,P62717,UP,on_with_treatment,0.0,123710000.0,0.0,0.0,"qualitative: identified in both MaxQuant sheets, but every replicate on one side reads null/zero. No fold change or p-value is statistically valid when one condition has zero variance."
Rpl19,P84099,UP,treated_only,2147100.0,3659500.0,,,"qualitative: identified in only one condition -- the protein's entire row is absent from the other MaxQuant sheet, not just zero. No fold change or p-value is statistically valid when one condition has zero data points."
Rpl23,P62830,UP,treated_only,34097000.0,26256000.0,,,"qualitative: identified in only one condition -- the protein's entire row is absent from the other MaxQuant sheet, not just zero. No fold change or p-value is statistically valid when one condition has zero data points."
Rpl31,P62900,UP,treated_only,0.0,40370000.0,,,"qualitative: identified in only one condition -- the protein's entire row is absent from the other MaxQuant sheet, not just zero. No fold change or p-value is statistically valid when one condition has zero data points."
Rpl38,Q9JJI8,UP,treated_only,8051900.0,10194000.0,,,"qualitative: identified in only one condition -- the protein's entire row is absent from the other MaxQuant sheet, not just zero. No fold change or p-value is statistically valid when one condition has zero data points."
Rpl9,P51410,UP,treated_only,43112000.0,53880000.0,,,"qualitative: identified in only one condition -- the protein's entire row is absent from the other MaxQuant sheet, not just zero. No fold change or p-value is statistically valid when one condition has zero data points."
Rprd1b,Q9CSU0,UP,treated_only,13133000.0,31829000.0,,,"qualitative: identified in only one condition -- the protein's entire row is absent from the other MaxQuant sheet, not just zero. No fold change or p-value is statistically valid when one condition has zero data points."
Rps23,P62267,UP,treated_only,0.0,19516000.0,,,"qualitative: identified in only one condition -- the protein's entire row is absent from the other MaxQuant sheet, not just zero. No fold change or p-value is statistically valid when one condition has zero data points."
Rps6kb2;Rps6kb1,Q9Z1M4;Q8BSK8,UP,treated_only,22282000.0,36588000.0,,,"qualitative: identified in only one condition -- the protein's entire row is absent from the other MaxQuant sheet, not just zero. No fold change or p-value is statistically valid when one condition has zero data points."
Rwdd1,Q9CQK7,UP,treated_only,1340800000.0,0.0,,,"qualitative: identified in only one condition -- the protein's entire row is absent from the other MaxQuant sheet, not just zero. No fold change or p-value is statistically valid when one condition has zero data points."
Rwdd4,Q9CPR1,UP,treated_only,17959000.0,13356000.0,,,"qualitative: identified in only one condition -- the protein's entire row is absent from the other MaxQuant sheet, not just zero. No fold change or p-value is statistically valid when one condition has zero data points."
Safb,D3YXK2,UP,treated_only,36940000.0,2421400.0,,,"qualitative: identified in only one condition -- the protein's entire row is absent from the other MaxQuant sheet, not just zero. No fold change or p-value is statistically valid when one condition has zero data points."
Sap18,O55128,UP,treated_only,35310000.0,15622000.0,,,"qualitative: identified in only one condition -- the protein's entire row is absent from the other MaxQuant sheet, not just zero. No fold change or p-value is statistically valid when one condition has zero data points."
Sbsn,Q8CIT9,UP,treated_only,3104500.0,0.0,,,"qualitative: identified in only one condition -- the protein's entire row is absent from the other MaxQuant sheet, not just zero. No fold change or p-value is statistically valid when one condition has zero data points."
Scg3,P47867,UP,treated_only,10899000.0,0.0,,,"qualitative: identified in only one condition -- the protein's entire row is absent from the other MaxQuant sheet, not just zero. No fold change or p-value is statistically valid when one condition has zero data points."
Scin,Q60604,UP,on_with_treatment,19642000.0,14845000.0,0.0,0.0,"qualitative: identified in both MaxQuant sheets, but every replicate on one side reads null/zero. No fold change or p-value is statistically valid when one condition has zero variance."
Sdhaf2,Q8C6I2,UP,treated_only,16787000.0,15068000.0,,,"qualitative: identified in only one condition -- the protein's entire row is absent from the other MaxQuant sheet, not just zero. No fold change or p-value is statistically valid when one condition has zero data points."
Sema3a,O08665,UP,treated_only,0.0,134080000.0,,,"qualitative: identified in only one condition -- the protein's entire row is absent from the other MaxQuant sheet, not just zero. No fold change or p-value is statistically valid when one condition has zero data points."
Serpina3c,P29621,UP,treated_only,0.0,134640000.0,,,"qualitative: identified in only one condition -- the protein's entire row is absent from the other MaxQuant sheet, not just zero. No fold change or p-value is statistically valid when one condition has zero data points."
Sf3b6,P59708,UP,treated_only,0.0,14683000.0,,,"qualitative: identified in only one condition -- the protein's entire row is absent from the other MaxQuant sheet, not just zero. No fold change or p-value is statistically valid when one condition has zero data points."
Sfrp2,P97299,UP,treated_only,0.0,46668000.0,,,"qualitative: identified in only one condition -- the protein's entire row is absent from the other MaxQuant sheet, not just zero. No fold change or p-value is statistically valid when one condition has zero data points."
Sgsm3,Q8VCZ6,UP,treated_only,0.0,0.0,,,"qualitative: identified in only one condition -- the protein's entire row is absent from the other MaxQuant sheet, not just zero. No fold change or p-value is statistically valid when one condition has zero data points."
Sh3bgr,Q9WUZ7,UP,treated_only,0.0,0.0,,,"qualitative: identified in only one condition -- the protein's entire row is absent from the other MaxQuant sheet, not just zero. No fold change or p-value is statistically valid when one condition has zero data points."
Smarca5;Smarca1,Q91ZW3;Q6PGB8,UP,treated_only,56843000.0,52747000.0,,,"qualitative: identified in only one condition -- the protein's entire row is absent from the other MaxQuant sheet, not just zero. No fold change or p-value is statistically valid when one condition has zero data points."
Smarcc1,P97496,UP,treated_only,0.0,28887000.0,,,"qualitative: identified in only one condition -- the protein's entire row is absent from the other MaxQuant sheet, not just zero. No fold change or p-value is statistically valid when one condition has zero data points."
Smc3,Q9CW03,UP,treated_only,0.0,9856600.0,,,"qualitative: identified in only one condition -- the protein's entire row is absent from the other MaxQuant sheet, not just zero. No fold change or p-value is statistically valid when one condition has zero data points."
Smurf1,Q9CUN6,UP,treated_only,31415000.0,0.0,,,"qualitative: identified in only one condition -- the protein's entire row is absent from the other MaxQuant sheet, not just zero. No fold change or p-value is statistically valid when one condition has zero data points."
Snx18,Q91ZR2,UP,treated_only,14832000.0,0.0,,,"qualitative: identified in only one condition -- the protein's entire row is absent from the other MaxQuant sheet, not just zero. No fold change or p-value is statistically valid when one condition has zero data points."
Sp4,Q62445,UP,treated_only,0.0,23834000.0,,,"qualitative: identified in only one condition -- the protein's entire row is absent from the other MaxQuant sheet, not just zero. No fold change or p-value is statistically valid when one condition has zero data points."
Spink8,Q09TK9,UP,treated_only,0.0,0.0,,,"qualitative: identified in only one condition -- the protein's entire row is absent from the other MaxQuant sheet, not just zero. No fold change or p-value is statistically valid when one condition has zero data points."
Spint1,Q9R097,UP,treated_only,0.0,28106000.0,,,"qualitative: identified in only one condition -- the protein's entire row is absent from the other MaxQuant sheet, not just zero. No fold change or p-value is statistically valid when one condition has zero data points."
Spire2,Q8K1S6,UP,treated_only,0.0,12628000.0,,,"qualitative: identified in only one condition -- the protein's entire row is absent from the other MaxQuant sheet, not just zero. No fold change or p-value is statistically valid when one condition has zero data points."
Sprr2d;Sprr2k;Sprr2g;Sprr2b;Sprr2h,O70555;O70562;O70558;O70554;O70559,UP,treated_only,219870000.0,46947000.0,,,"qualitative: identified in only one condition -- the protein's entire row is absent from the other MaxQuant sheet, not just zero. No fold change or p-value is statistically valid when one condition has zero data points."
Srcin1,Q9QWI6,UP,treated_only,109750000.0,100370000.0,,,"qualitative: identified in only one condition -- the protein's entire row is absent from the other MaxQuant sheet, not just zero. No fold change or p-value is statistically valid when one condition has zero data points."
Srsf10,Q9R0U0,UP,treated_only,3854500.0,0.0,,,"qualitative: identified in only one condition -- the protein's entire row is absent from the other MaxQuant sheet, not just zero. No fold change or p-value is statistically valid when one condition has zero data points."
Stk31;Ncam2,Q99MW1;O35136,UP,treated_only,8533900.0,0.0,,,"qualitative: identified in only one condition -- the protein's entire row is absent from the other MaxQuant sheet, not just zero. No fold change or p-value is statistically valid when one condition has zero data points."
Stom,P54116,UP,treated_only,0.0,9038200.0,,,"qualitative: identified in only one condition -- the protein's entire row is absent from the other MaxQuant sheet, not just zero. No fold change or p-value is statistically valid when one condition has zero data points."
Stx4,P70452,UP,treated_only,3746500.0,0.0,,,"qualitative: identified in only one condition -- the protein's entire row is absent from the other MaxQuant sheet, not just zero. No fold change or p-value is statistically valid when one condition has zero data points."
Suclg1,Q9WUM5,UP,treated_only,18341000.0,21930000.0,,,"qualitative: identified in only one condition -- the protein's entire row is absent from the other MaxQuant sheet, not just zero. No fold change or p-value is statistically valid when one condition has zero data points."
Suclg2,Q9Z2I8,UP,treated_only,83010000.0,0.0,,,"qualitative: identified in only one condition -- the protein's entire row is absent from the other MaxQuant sheet, not just zero. No fold change or p-value is statistically valid when one condition has zero data points."
Suox,Q8R086,UP,treated_only,0.0,21420000.0,,,"qualitative: identified in only one condition -- the protein's entire row is absent from the other MaxQuant sheet, not just zero. No fold change or p-value is statistically valid when one condition has zero data points."
Synj2bp,Q9D6K5,UP,treated_only,3748800.0,0.0,,,"qualitative: identified in only one condition -- the protein's entire row is absent from the other MaxQuant sheet, not just zero. No fold change or p-value is statistically valid when one condition has zero data points."
Szrd1,Q6NXN1,UP,treated_only,5532200.0,0.0,,,"qualitative: identified in only one condition -- the protein's entire row is absent from the other MaxQuant sheet, not just zero. No fold change or p-value is statistically valid when one condition has zero data points."
Tatdn1,Q6P8M1,UP,treated_only,63781000.0,50244000.0,,,"qualitative: identified in only one condition -- the protein's entire row is absent from the other MaxQuant sheet, not just zero. No fold change or p-value is statistically valid when one condition has zero data points."
Tcea1,P10711,UP,treated_only,22811000.0,73862000.0,,,"qualitative: identified in only one condition -- the protein's entire row is absent from the other MaxQuant sheet, not just zero. No fold change or p-value is statistically valid when one condition has zero data points."
Tceal3;Tceal5,Q8R0A5;Q8CCT4,UP,treated_only,63785000.0,7485000.0,,,"qualitative: identified in only one condition -- the protein's entire row is absent from the other MaxQuant sheet, not just zero. No fold change or p-value is statistically valid when one condition has zero data points."
Tep1,P97499,UP,treated_only,3537300.0,0.0,,,"qualitative: identified in only one condition -- the protein's entire row is absent from the other MaxQuant sheet, not just zero. No fold change or p-value is statistically valid when one condition has zero data points."
Tgm1,Q9JLF6,UP,treated_only,6385000.0,0.0,,,"qualitative: identified in only one condition -- the protein's entire row is absent from the other MaxQuant sheet, not just zero. No fold change or p-value is statistically valid when one condition has zero data points."
Tgm3,Q08189,UP,treated_only,6372000.0,0.0,,,"qualitative: identified in only one condition -- the protein's entire row is absent from the other MaxQuant sheet, not just zero. No fold change or p-value is statistically valid when one condition has zero data points."
Tigar,Q8BZA9,UP,treated_only,0.0,0.0,,,"qualitative: identified in only one condition -- the protein's entire row is absent from the other MaxQuant sheet, not just zero. No fold change or p-value is statistically valid when one condition has zero data points."
Tjp1,P39447,UP,treated_only,6451900.0,17931000.0,,,"qualitative: identified in only one condition -- the protein's entire row is absent from the other MaxQuant sheet, not just zero. No fold change or p-value is statistically valid when one condition has zero data points."
Tmem106b,Q80X71,UP,treated_only,14406000.0,28359000.0,,,"qualitative: identified in only one condition -- the protein's entire row is absent from the other MaxQuant sheet, not just zero. No fold change or p-value is statistically valid when one condition has zero data points."
Tnfrsf1a,P25118,UP,treated_only,29690000.0,33591000.0,,,"qualitative: identified in only one condition -- the protein's entire row is absent from the other MaxQuant sheet, not just zero. No fold change or p-value is statistically valid when one condition has zero data points."
Tnpo3,Q6P2B1,UP,treated_only,85936000.0,14079000.0,,,"qualitative: identified in only one condition -- the protein's entire row is absent from the other MaxQuant sheet, not just zero. No fold change or p-value is statistically valid when one condition has zero data points."
Tp53bp1,P70399,UP,treated_only,0.0,13968000.0,,,"qualitative: identified in only one condition -- the protein's entire row is absent from the other MaxQuant sheet, not just zero. No fold change or p-value is statistically valid when one condition has zero data points."
Tpk1,Q9R0M5,UP,treated_only,32468000.0,19457000.0,,,"qualitative: identified in only one condition -- the protein's entire row is absent from the other MaxQuant sheet, not just zero. No fold change or p-value is statistically valid when one condition has zero data points."
Tra2b;Tra2a,P62996;Q6PFR5,UP,treated_only,1374200.0,6472300.0,,,"qualitative: identified in only one condition -- the protein's entire row is absent from the other MaxQuant sheet, not just zero. No fold change or p-value is statistically valid when one condition has zero data points."
Triobp,Q99KW3,UP,treated_only,0.0,3943100.0,,,"qualitative: identified in only one condition -- the protein's entire row is absent from the other MaxQuant sheet, not just zero. No fold change or p-value is statistically valid when one condition has zero data points."
Tshb,P12656,UP,treated_only,5301600.0,0.0,,,"qualitative: identified in only one condition -- the protein's entire row is absent from the other MaxQuant sheet, not just zero. No fold change or p-value is statistically valid when one condition has zero data points."
Tst,P52196,UP,treated_only,92685000.0,89481000.0,,,"qualitative: identified in only one condition -- the protein's entire row is absent from the other MaxQuant sheet, not just zero. No fold change or p-value is statistically valid when one condition has zero data points."
Ttc23l,A6H6E9,UP,treated_only,23112000.0,0.0,,,"qualitative: identified in only one condition -- the protein's entire row is absent from the other MaxQuant sheet, not just zero. No fold change or p-value is statistically valid when one condition has zero data points."
Tuba1b;Tuba4a,P05213;P68368,UP,treated_only,500300000.0,0.0,,,"qualitative: identified in only one condition -- the protein's entire row is absent from the other MaxQuant sheet, not just zero. No fold change or p-value is statistically valid when one condition has zero data points."
Ube2d2,P62838,UP,treated_only,156640000.0,127510000.0,,,"qualitative: identified in only one condition -- the protein's entire row is absent from the other MaxQuant sheet, not just zero. No fold change or p-value is statistically valid when one condition has zero data points."
Ube2d3;Ube2d2b,P61079;Q6ZWY6,UP,treated_only,547620000.0,683110000.0,,,"qualitative: identified in only one condition -- the protein's entire row is absent from the other MaxQuant sheet, not just zero. No fold change or p-value is statistically valid when one condition has zero data points."
Ube2l6,Q9QZU9,UP,treated_only,13112000.0,14253000.0,,,"qualitative: identified in only one condition -- the protein's entire row is absent from the other MaxQuant sheet, not just zero. No fold change or p-value is statistically valid when one condition has zero data points."
Ube2q2;Ube2q1,Q8K2Z8;Q7TSS2,UP,treated_only,72499000.0,0.0,,,"qualitative: identified in only one condition -- the protein's entire row is absent from the other MaxQuant sheet, not just zero. No fold change or p-value is statistically valid when one condition has zero data points."
Ube2s,Q921J4,UP,treated_only,15480000.0,0.0,,,"qualitative: identified in only one condition -- the protein's entire row is absent from the other MaxQuant sheet, not just zero. No fold change or p-value is statistically valid when one condition has zero data points."
Ube2z,Q3UE37,UP,treated_only,33384000.0,49911000.0,,,"qualitative: identified in only one condition -- the protein's entire row is absent from the other MaxQuant sheet, not just zero. No fold change or p-value is statistically valid when one condition has zero data points."
Ubl4a,P21126,UP,treated_only,32546000.0,17199000.0,,,"qualitative: identified in only one condition -- the protein's entire row is absent from the other MaxQuant sheet, not just zero. No fold change or p-value is statistically valid when one condition has zero data points."
Ubqln1,Q8R317,UP,treated_only,79125000.0,76732000.0,,,"qualitative: identified in only one condition -- the protein's entire row is absent from the other MaxQuant sheet, not just zero. No fold change or p-value is statistically valid when one condition has zero data points."
Ubr4,A2AN08,UP,treated_only,53236000.0,6889800.0,,,"qualitative: identified in only one condition -- the protein's entire row is absent from the other MaxQuant sheet, not just zero. No fold change or p-value is statistically valid when one condition has zero data points."
Ubxn1,Q922Y1,UP,treated_only,64784000.0,19546000.0,,,"qualitative: identified in only one condition -- the protein's entire row is absent from the other MaxQuant sheet, not just zero. No fold change or p-value is statistically valid when one condition has zero data points."
Ulk1,O70405,UP,treated_only,169840000.0,249380000.0,,,"qualitative: identified in only one condition -- the protein's entire row is absent from the other MaxQuant sheet, not just zero. No fold change or p-value is statistically valid when one condition has zero data points."
Uqcrc1,Q9CZ13,UP,treated_only,66964000.0,0.0,,,"qualitative: identified in only one condition -- the protein's entire row is absent from the other MaxQuant sheet, not just zero. No fold change or p-value is statistically valid when one condition has zero data points."
Usp24,B1AY13,UP,treated_only,3531300.0,0.0,,,"qualitative: identified in only one condition -- the protein's entire row is absent from the other MaxQuant sheet, not just zero. No fold change or p-value is statistically valid when one condition has zero data points."
Usp4,P35123,UP,treated_only,22431000.0,0.0,,,"qualitative: identified in only one condition -- the protein's entire row is absent from the other MaxQuant sheet, not just zero. No fold change or p-value is statistically valid when one condition has zero data points."
Vtn,P29788,UP,treated_only,0.0,2682800.0,,,"qualitative: identified in only one condition -- the protein's entire row is absent from the other MaxQuant sheet, not just zero. No fold change or p-value is statistically valid when one condition has zero data points."
Wasl,Q91YD9,UP,treated_only,0.0,7055900.0,,,"qualitative: identified in only one condition -- the protein's entire row is absent from the other MaxQuant sheet, not just zero. No fold change or p-value is statistically valid when one condition has zero data points."
Wfdc1,Q9ESH5,UP,treated_only,11071000.0,0.0,,,"qualitative: identified in only one condition -- the protein's entire row is absent from the other MaxQuant sheet, not just zero. No fold change or p-value is statistically valid when one condition has zero data points."
Wibg,Q8CHP5,UP,treated_only,11855000.0,2113300.0,,,"qualitative: identified in only one condition -- the protein's entire row is absent from the other MaxQuant sheet, not just zero. No fold change or p-value is statistically valid when one condition has zero data points."
Wipi2,Q80W47,UP,treated_only,31963000.0,0.0,,,"qualitative: identified in only one condition -- the protein's entire row is absent from the other MaxQuant sheet, not just zero. No fold change or p-value is statistically valid when one condition has zero data points."
Ypel5,P62700,UP,treated_only,0.0,4630100.0,,,"qualitative: identified in only one condition -- the protein's entire row is absent from the other MaxQuant sheet, not just zero. No fold change or p-value is statistically valid when one condition has zero data points."
Ythdf1;Ythdf3;Ythdf2,P59326;Q8BYK6;Q91YT7,UP,treated_only,0.0,10182000.0,,,"qualitative: identified in only one condition -- the protein's entire row is absent from the other MaxQuant sheet, not just zero. No fold change or p-value is statistically valid when one condition has zero data points."
,P0DOV1,DOWN,control_only,,,0.0,41355000.0,"qualitative: identified in only one condition -- the protein's entire row is absent from the other MaxQuant sheet, not just zero. No fold change or p-value is statistically valid when one condition has zero data points."
,Q9CQF4,DOWN,control_only,,,0.0,24894000.0,"qualitative: identified in only one condition -- the protein's entire row is absent from the other MaxQuant sheet, not just zero. No fold change or p-value is statistically valid when one condition has zero data points."
,Q9CRC6,DOWN,control_only,,,0.0,3008900.0,"qualitative: identified in only one condition -- the protein's entire row is absent from the other MaxQuant sheet, not just zero. No fold change or p-value is statistically valid when one condition has zero data points."
Aasdhppt,Q9CQF6,DOWN,control_only,,,11306000.0,0.0,"qualitative: identified in only one condition -- the protein's entire row is absent from the other MaxQuant sheet, not just zero. No fold change or p-value is statistically valid when one condition has zero data points."
Aatf,Q9JKX4,DOWN,control_only,,,139020000.0,29623000.0,"qualitative: identified in only one condition -- the protein's entire row is absent from the other MaxQuant sheet, not just zero. No fold change or p-value is statistically valid when one condition has zero data points."
Abca6,Q8K441,DOWN,control_only,,,42849000.0,48266000.0,"qualitative: identified in only one condition -- the protein's entire row is absent from the other MaxQuant sheet, not just zero. No fold change or p-value is statistically valid when one condition has zero data points."
Abcf1,Q6P542,DOWN,control_only,,,198480000.0,1094200000.0,"qualitative: identified in only one condition -- the protein's entire row is absent from the other MaxQuant sheet, not just zero. No fold change or p-value is statistically valid when one condition has zero data points."
Actc1;Acta2;Actg2;Acta1,P68033;P62737;P63268;P68134,DOWN,control_only,,,4402100000.0,4382200000.0,"qualitative: identified in only one condition -- the protein's entire row is absent from the other MaxQuant sheet, not just zero. No fold change or p-value is statistically valid when one condition has zero data points."
Adh7,Q64437,DOWN,control_only,,,21058000.0,24531000.0,"qualitative: identified in only one condition -- the protein's entire row is absent from the other MaxQuant sheet, not just zero. No fold change or p-value is statistically valid when one condition has zero data points."
Adpgk,Q8VDL4,DOWN,control_only,,,0.0,0.0,"qualitative: identified in only one condition -- the protein's entire row is absent from the other MaxQuant sheet, not just zero. No fold change or p-value is statistically valid when one condition has zero data points."
Ago1;Ago3;Ago4,Q8CJG1;Q8CJF9;Q8CJF8,DOWN,control_only,,,25091000.0,0.0,"qualitative: identified in only one condition -- the protein's entire row is absent from the other MaxQuant sheet, not just zero. No fold change or p-value is statistically valid when one condition has zero data points."
Aimp2,Q8R010,DOWN,control_only,,,0.0,18423000.0,"qualitative: identified in only one condition -- the protein's entire row is absent from the other MaxQuant sheet, not just zero. No fold change or p-value is statistically valid when one condition has zero data points."
Als2,Q920R0,DOWN,control_only,,,24419000.0,13935000.0,"qualitative: identified in only one condition -- the protein's entire row is absent from the other MaxQuant sheet, not just zero. No fold change or p-value is statistically valid when one condition has zero data points."
Ankrd6,Q69ZU8,DOWN,control_only,,,18667000.0,13757000.0,"qualitative: identified in only one condition -- the protein's entire row is absent from the other MaxQuant sheet, not just zero. No fold change or p-value is statistically valid when one condition has zero data points."
Anxa1,P10107,DOWN,control_only,,,3208500.0,107990000.0,"qualitative: identified in only one condition -- the protein's entire row is absent from the other MaxQuant sheet, not just zero. No fold change or p-value is statistically valid when one condition has zero data points."
Anxa4,P97429,DOWN,control_only,,,0.0,5783700.0,"qualitative: identified in only one condition -- the protein's entire row is absent from the other MaxQuant sheet, not just zero. No fold change or p-value is statistically valid when one condition has zero data points."
Aox2,Q5SGK3,DOWN,control_only,,,5136400.0,0.0,"qualitative: identified in only one condition -- the protein's entire row is absent from the other MaxQuant sheet, not just zero. No fold change or p-value is statistically valid when one condition has zero data points."
Ap2a1;Ap2a2,P17426;P17427,DOWN,control_only,,,150540000.0,118380000.0,"qualitative: identified in only one condition -- the protein's entire row is absent from the other MaxQuant sheet, not just zero. No fold change or p-value is statistically valid when one condition has zero data points."
Arf5,P84084,DOWN,control_only,,,13531000.0,0.0,"qualitative: identified in only one condition -- the protein's entire row is absent from the other MaxQuant sheet, not just zero. No fold change or p-value is statistically valid when one condition has zero data points."
Arf6,P62331,DOWN,control_only,,,0.0,4095700.0,"qualitative: identified in only one condition -- the protein's entire row is absent from the other MaxQuant sheet, not just zero. No fold change or p-value is statistically valid when one condition has zero data points."
Arl8b,Q9CQW2,DOWN,control_only,,,8377400.0,9860400.0,"qualitative: identified in only one condition -- the protein's entire row is absent from the other MaxQuant sheet, not just zero. No fold change or p-value is statistically valid when one condition has zero data points."
Atp5c1,Q91VR2,DOWN,control_only,,,14828000.0,11012000.0,"qualitative: identified in only one condition -- the protein's entire row is absent from the other MaxQuant sheet, not just zero. No fold change or p-value is statistically valid when one condition has zero data points."
Atp5i,Q06185,DOWN,control_only,,,4394100.0,5488700.0,"qualitative: identified in only one condition -- the protein's entire row is absent from the other MaxQuant sheet, not just zero. No fold change or p-value is statistically valid when one condition has zero data points."
Atp6v1e1,P50518,DOWN,control_only,,,122720000.0,76116000.0,"qualitative: identified in only one condition -- the protein's entire row is absent from the other MaxQuant sheet, not just zero. No fold change or p-value is statistically valid when one condition has zero data points."
Banf1,O54962,DOWN,control_only,,,35413000.0,19051000.0,"qualitative: identified in only one condition -- the protein's entire row is absent from the other MaxQuant sheet, not just zero. No fold change or p-value is statistically valid when one condition has zero data points."
Bcap31,Q61335,DOWN,control_only,,,0.0,8144500.0,"qualitative: identified in only one condition -- the protein's entire row is absent from the other MaxQuant sheet, not just zero. No fold change or p-value is statistically valid when one condition has zero data points."
Bccip,Q9CWI3,DOWN,control_only,,,0.0,9866600.0,"qualitative: identified in only one condition -- the protein's entire row is absent from the other MaxQuant sheet, not just zero. No fold change or p-value is statistically valid when one condition has zero data points."
Bclaf1,Q8K019,DOWN,control_only,,,6342600.0,0.0,"qualitative: identified in only one condition -- the protein's entire row is absent from the other MaxQuant sheet, not just zero. No fold change or p-value is statistically valid when one condition has zero data points."
Btnl10,Q9JK39,DOWN,control_only,,,181010000.0,0.0,"qualitative: identified in only one condition -- the protein's entire row is absent from the other MaxQuant sheet, not just zero. No fold change or p-value is statistically valid when one condition has zero data points."
Cage1,Q5IR70,DOWN,control_only,,,0.0,0.0,"qualitative: identified in only one condition -- the protein's entire row is absent from the other MaxQuant sheet, not just zero. No fold change or p-value is statistically valid when one condition has zero data points."
Calm1;Calml3,P62204;Q9D6P8,DOWN,control_only,,,4763000000.0,10628000000.0,"qualitative: identified in only one condition -- the protein's entire row is absent from the other MaxQuant sheet, not just zero. No fold change or p-value is statistically valid when one condition has zero data points."
Camk1;Camk1d,Q91YS8;Q8BW96,DOWN,control_only,,,32926000.0,109290000.0,"qualitative: identified in only one condition -- the protein's entire row is absent from the other MaxQuant sheet, not just zero. No fold change or p-value is statistically valid when one condition has zero data points."
Cand2,Q6ZQ73,DOWN,control_only,,,0.0,27876000.0,"qualitative: identified in only one condition -- the protein's entire row is absent from the other MaxQuant sheet, not just zero. No fold change or p-value is statistically valid when one condition has zero data points."
Casp6,O08738,DOWN,control_only,,,18577000.0,3137000.0,"qualitative: identified in only one condition -- the protein's entire row is absent from the other MaxQuant sheet, not just zero. No fold change or p-value is statistically valid when one condition has zero data points."
Cast,P51125,DOWN,control_only,,,0.0,22158000.0,"qualitative: identified in only one condition -- the protein's entire row is absent from the other MaxQuant sheet, not just zero. No fold change or p-value is statistically valid when one condition has zero data points."
Ccdc136,Q3TVA9,DOWN,control_only,,,0.0,19154000.0,"qualitative: identified in only one condition -- the protein's entire row is absent from the other MaxQuant sheet, not just zero. No fold change or p-value is statistically valid when one condition has zero data points."
Ccdc158,Q8CDI6,DOWN,control_only,,,0.0,308200000.0,"qualitative: identified in only one condition -- the protein's entire row is absent from the other MaxQuant sheet, not just zero. No fold change or p-value is statistically valid when one condition has zero data points."
Cdc42bpb,Q7TT50,DOWN,control_only,,,0.0,2236800.0,"qualitative: identified in only one condition -- the protein's entire row is absent from the other MaxQuant sheet, not just zero. No fold change or p-value is statistically valid when one condition has zero data points."
Cdh3,P10287,DOWN,control_only,,,0.0,33465000.0,"qualitative: identified in only one condition -- the protein's entire row is absent from the other MaxQuant sheet, not just zero. No fold change or p-value is statistically valid when one condition has zero data points."
Cdkn1b,P46414,DOWN,control_only,,,7914900.0,0.0,"qualitative: identified in only one condition -- the protein's entire row is absent from the other MaxQuant sheet, not just zero. No fold change or p-value is statistically valid when one condition has zero data points."
Chchd4,Q8VEA4,DOWN,control_only,,,0.0,14597000.0,"qualitative: identified in only one condition -- the protein's entire row is absent from the other MaxQuant sheet, not just zero. No fold change or p-value is statistically valid when one condition has zero data points."
Chmp1a,Q921W0,DOWN,control_only,,,49103000.0,0.0,"qualitative: identified in only one condition -- the protein's entire row is absent from the other MaxQuant sheet, not just zero. No fold change or p-value is statistically valid when one condition has zero data points."
Chtf18,Q8BIW9,DOWN,control_only,,,131400000.0,230930000.0,"qualitative: identified in only one condition -- the protein's entire row is absent from the other MaxQuant sheet, not just zero. No fold change or p-value is statistically valid when one condition has zero data points."
Cks1b,P61025,DOWN,control_only,,,0.0,3483900.0,"qualitative: identified in only one condition -- the protein's entire row is absent from the other MaxQuant sheet, not just zero. No fold change or p-value is statistically valid when one condition has zero data points."
Clasp1,Q80TV8,DOWN,control_only,,,18956000.0,7510500.0,"qualitative: identified in only one condition -- the protein's entire row is absent from the other MaxQuant sheet, not just zero. No fold change or p-value is statistically valid when one condition has zero data points."
Clca2,Q8BG22,DOWN,control_only,,,0.0,121190000.0,"qualitative: identified in only one condition -- the protein's entire row is absent from the other MaxQuant sheet, not just zero. No fold change or p-value is statistically valid when one condition has zero data points."
Cln5,Q3UMW8,DOWN,control_only,,,0.0,43548000.0,"qualitative: identified in only one condition -- the protein's entire row is absent from the other MaxQuant sheet, not just zero. No fold change or p-value is statistically valid when one condition has zero data points."
Clns1a,Q61189,DOWN,control_only,,,14579000.0,55511000.0,"qualitative: identified in only one condition -- the protein's entire row is absent from the other MaxQuant sheet, not just zero. No fold change or p-value is statistically valid when one condition has zero data points."
Clpp,O88696,DOWN,control_only,,,37392000.0,0.0,"qualitative: identified in only one condition -- the protein's entire row is absent from the other MaxQuant sheet, not just zero. No fold change or p-value is statistically valid when one condition has zero data points."
Col2a1,P28481,DOWN,control_only,,,54388000.0,18241000.0,"qualitative: identified in only one condition -- the protein's entire row is absent from the other MaxQuant sheet, not just zero. No fold change or p-value is statistically valid when one condition has zero data points."
Commd2,Q8BXC6,DOWN,off_with_treatment,0.0,0.0,7140100.0,0.0,"qualitative: identified in both MaxQuant sheets, but every replicate on one side reads null/zero. No fold change or p-value is statistically valid when one condition has zero variance."
Cpsf6,Q6NVF9,DOWN,control_only,,,12183000.0,0.0,"qualitative: identified in only one condition -- the protein's entire row is absent from the other MaxQuant sheet, not just zero. No fold change or p-value is statistically valid when one condition has zero data points."
Crim1,Q9JLL0,DOWN,control_only,,,18596000.0,26566000.0,"qualitative: identified in only one condition -- the protein's entire row is absent from the other MaxQuant sheet, not just zero. No fold change or p-value is statistically valid when one condition has zero data points."
Crlf3,Q9Z2L7,DOWN,control_only,,,62847000.0,0.0,"qualitative: identified in only one condition -- the protein's entire row is absent from the other MaxQuant sheet, not just zero. No fold change or p-value is statistically valid when one condition has zero data points."
Csad,Q9DBE0,DOWN,control_only,,,39173000.0,0.0,"qualitative: identified in only one condition -- the protein's entire row is absent from the other MaxQuant sheet, not just zero. No fold change or p-value is statistically valid when one condition has zero data points."
Cst11,Q9D269,DOWN,control_only,,,0.0,35119000.0,"qualitative: identified in only one condition -- the protein's entire row is absent from the other MaxQuant sheet, not just zero. No fold change or p-value is statistically valid when one condition has zero data points."
Cul4a;Cul4b,Q3TCH7;A2A432,DOWN,control_only,,,0.0,6757500.0,"qualitative: identified in only one condition -- the protein's entire row is absent from the other MaxQuant sheet, not just zero. No fold change or p-value is statistically valid when one condition has zero data points."
Cxcl2,P10889,DOWN,control_only,,,0.0,44021000.0,"qualitative: identified in only one condition -- the protein's entire row is absent from the other MaxQuant sheet, not just zero. No fold change or p-value is statistically valid when one condition has zero data points."
Cystm1,Q8K353,DOWN,control_only,,,0.0,15151000.0,"qualitative: identified in only one condition -- the protein's entire row is absent from the other MaxQuant sheet, not just zero. No fold change or p-value is statistically valid when one condition has zero data points."
D1Pas1;Ddx3y;Ddx3x,P16381;Q62095;Q62167,DOWN,control_only,,,7900700.0,126930000.0,"qualitative: identified in only one condition -- the protein's entire row is absent from the other MaxQuant sheet, not just zero. No fold change or p-value is statistically valid when one condition has zero data points."
Dctn1,O08788,DOWN,control_only,,,5387900.0,13962000.0,"qualitative: identified in only one condition -- the protein's entire row is absent from the other MaxQuant sheet, not just zero. No fold change or p-value is statistically valid when one condition has zero data points."
Ddx17;Ddx5,Q501J6;Q61656,DOWN,control_only,,,70018000.0,10632000.0,"qualitative: identified in only one condition -- the protein's entire row is absent from the other MaxQuant sheet, not just zero. No fold change or p-value is statistically valid when one condition has zero data points."
Defb19,Q8K3I8,DOWN,control_only,,,1279500.0,0.0,"qualitative: identified in only one condition -- the protein's entire row is absent from the other MaxQuant sheet, not just zero. No fold change or p-value is statistically valid when one condition has zero data points."
Dhps,Q3TXU5,DOWN,control_only,,,0.0,19409000.0,"qualitative: identified in only one condition -- the protein's entire row is absent from the other MaxQuant sheet, not just zero. No fold change or p-value is statistically valid when one condition has zero data points."
Dhrs4,Q99LB2,DOWN,control_only,,,0.0,13968000.0,"qualitative: identified in only one condition -- the protein's entire row is absent from the other MaxQuant sheet, not just zero. No fold change or p-value is statistically valid when one condition has zero data points."
Dhx15,O35286,DOWN,control_only,,,0.0,49394000.0,"qualitative: identified in only one condition -- the protein's entire row is absent from the other MaxQuant sheet, not just zero. No fold change or p-value is statistically valid when one condition has zero data points."
Dkc1,Q9ESX5,DOWN,control_only,,,0.0,0.0,"qualitative: identified in only one condition -- the protein's entire row is absent from the other MaxQuant sheet, not just zero. No fold change or p-value is statistically valid when one condition has zero data points."
Dnah3,Q8BW94,DOWN,control_only,,,444960000.0,0.0,"qualitative: identified in only one condition -- the protein's entire row is absent from the other MaxQuant sheet, not just zero. No fold change or p-value is statistically valid when one condition has zero data points."
Dnajc9,Q91WN1,DOWN,control_only,,,8887700.0,0.0,"qualitative: identified in only one condition -- the protein's entire row is absent from the other MaxQuant sheet, not just zero. No fold change or p-value is statistically valid when one condition has zero data points."
Dnase2,P56542,DOWN,control_only,,,14270000.0,11824000.0,"qualitative: identified in only one condition -- the protein's entire row is absent from the other MaxQuant sheet, not just zero. No fold change or p-value is statistically valid when one condition has zero data points."
Dync1i2;Dync1i1,O88487;O88485,DOWN,control_only,,,25821000.0,69324000.0,"qualitative: identified in only one condition -- the protein's entire row is absent from the other MaxQuant sheet, not just zero. No fold change or p-value is statistically valid when one condition has zero data points."
Ear2,P97425,DOWN,control_only,,,0.0,9350100.0,"qualitative: identified in only one condition -- the protein's entire row is absent from the other MaxQuant sheet, not just zero. No fold change or p-value is statistically valid when one condition has zero data points."
Ece1,Q4PZA2,DOWN,control_only,,,20080000.0,0.0,"qualitative: identified in only one condition -- the protein's entire row is absent from the other MaxQuant sheet, not just zero. No fold change or p-value is statistically valid when one condition has zero data points."
Eef1e1,Q9D1M4,DOWN,control_only,,,69648000.0,32106000.0,"qualitative: identified in only one condition -- the protein's entire row is absent from the other MaxQuant sheet, not just zero. No fold change or p-value is statistically valid when one condition has zero data points."
Efna4,O08542,DOWN,control_only,,,47584000.0,162120000.0,"qualitative: identified in only one condition -- the protein's entire row is absent from the other MaxQuant sheet, not just zero. No fold change or p-value is statistically valid when one condition has zero data points."
Efna5,O08543,DOWN,control_only,,,0.0,67324000.0,"qualitative: identified in only one condition -- the protein's entire row is absent from the other MaxQuant sheet, not just zero. No fold change or p-value is statistically valid when one condition has zero data points."
Egf,P01132,DOWN,control_only,,,87500000.0,5212300.0,"qualitative: identified in only one condition -- the protein's entire row is absent from the other MaxQuant sheet, not just zero. No fold change or p-value is statistically valid when one condition has zero data points."
Eif2s3y,Q9Z0N2,DOWN,control_only,,,24281000.0,19206000.0,"qualitative: identified in only one condition -- the protein's entire row is absent from the other MaxQuant sheet, not just zero. No fold change or p-value is statistically valid when one condition has zero data points."
Elavl2,Q60899,DOWN,control_only,,,10187000.0,0.0,"qualitative: identified in only one condition -- the protein's entire row is absent from the other MaxQuant sheet, not just zero. No fold change or p-value is statistically valid when one condition has zero data points."
Eml3,Q8VC03,DOWN,control_only,,,2403800000.0,3240400000.0,"qualitative: identified in only one condition -- the protein's entire row is absent from the other MaxQuant sheet, not just zero. No fold change or p-value is statistically valid when one condition has zero data points."
Eny2,Q9JIX0,DOWN,control_only,,,2343200.0,245950.0,"qualitative: identified in only one condition -- the protein's entire row is absent from the other MaxQuant sheet, not just zero. No fold change or p-value is statistically valid when one condition has zero data points."
Ereg,Q61521,DOWN,control_only,,,21778000.0,34134000.0,"qualitative: identified in only one condition -- the protein's entire row is absent from the other MaxQuant sheet, not just zero. No fold change or p-value is statistically valid when one condition has zero data points."
Ero1lb,Q8R2E9,DOWN,control_only,,,124690000.0,0.0,"qualitative: identified in only one condition -- the protein's entire row is absent from the other MaxQuant sheet, not just zero. No fold change or p-value is statistically valid when one condition has zero data points."
Etfa,Q99LC5,DOWN,control_only,,,625040000.0,53559000.0,"qualitative: identified in only one condition -- the protein's entire row is absent from the other MaxQuant sheet, not just zero. No fold change or p-value is statistically valid when one condition has zero data points."
Etfb,Q9DCW4,DOWN,control_only,,,7075500.0,0.0,"qualitative: identified in only one condition -- the protein's entire row is absent from the other MaxQuant sheet, not just zero. No fold change or p-value is statistically valid when one condition has zero data points."
F11r,O88792,DOWN,control_only,,,15281000.0,30326000.0,"qualitative: identified in only one condition -- the protein's entire row is absent from the other MaxQuant sheet, not just zero. No fold change or p-value is statistically valid when one condition has zero data points."
Fadd,Q61160,DOWN,control_only,,,115170000.0,113020000.0,"qualitative: identified in only one condition -- the protein's entire row is absent from the other MaxQuant sheet, not just zero. No fold change or p-value is statistically valid when one condition has zero data points."
Fam198b,Q3UPI1,DOWN,control_only,,,117520000.0,37679000.0,"qualitative: identified in only one condition -- the protein's entire row is absent from the other MaxQuant sheet, not just zero. No fold change or p-value is statistically valid when one condition has zero data points."
Fbxo16,Q9QZM9,DOWN,control_only,,,124370000.0,24011000.0,"qualitative: identified in only one condition -- the protein's entire row is absent from the other MaxQuant sheet, not just zero. No fold change or p-value is statistically valid when one condition has zero data points."
Fbxo6,Q9QZN4,DOWN,control_only,,,23421000.0,0.0,"qualitative: identified in only one condition -- the protein's entire row is absent from the other MaxQuant sheet, not just zero. No fold change or p-value is statistically valid when one condition has zero data points."
Fgfbp1,O70514,DOWN,control_only,,,0.0,10293000.0,"qualitative: identified in only one condition -- the protein's entire row is absent from the other MaxQuant sheet, not just zero. No fold change or p-value is statistically valid when one condition has zero data points."
Fyco1,Q8VDC1,DOWN,control_only,,,0.0,164040000.0,"qualitative: identified in only one condition -- the protein's entire row is absent from the other MaxQuant sheet, not just zero. No fold change or p-value is statistically valid when one condition has zero data points."
Glipr2,Q9CYL5,DOWN,control_only,,,0.0,5795900.0,"qualitative: identified in only one condition -- the protein's entire row is absent from the other MaxQuant sheet, not just zero. No fold change or p-value is statistically valid when one condition has zero data points."
Gls2,Q571F8,DOWN,control_only,,,0.0,7726000.0,"qualitative: identified in only one condition -- the protein's entire row is absent from the other MaxQuant sheet, not just zero. No fold change or p-value is statistically valid when one condition has zero data points."
Gltp,Q9JL62,DOWN,control_only,,,18346000.0,0.0,"qualitative: identified in only one condition -- the protein's entire row is absent from the other MaxQuant sheet, not just zero. No fold change or p-value is statistically valid when one condition has zero data points."
Gnas;Gnat1;Gnai3;Gnat3;Gnat2;Gnao1;Gnai1;Gnai2;Gnal,P63094;Q6R0H7;P20612;Q9DC51;Q3V3I2;P50149;P18872;B2RSH2;P08752;Q8CGK7,DOWN,control_only,,,66220000.0,86748000.0,"qualitative: identified in only one condition -- the protein's entire row is absent from the other MaxQuant sheet, not just zero. No fold change or p-value is statistically valid when one condition has zero data points."
Gnpnat1,Q9JK38,DOWN,control_only,,,4634500.0,0.0,"qualitative: identified in only one condition -- the protein's entire row is absent from the other MaxQuant sheet, not just zero. No fold change or p-value is statistically valid when one condition has zero data points."
Golga2,Q921M4,DOWN,control_only,,,0.0,7453600.0,"qualitative: identified in only one condition -- the protein's entire row is absent from the other MaxQuant sheet, not just zero. No fold change or p-value is statistically valid when one condition has zero data points."
Gosr1,O88630,DOWN,control_only,,,0.0,9191300.0,"qualitative: identified in only one condition -- the protein's entire row is absent from the other MaxQuant sheet, not just zero. No fold change or p-value is statistically valid when one condition has zero data points."
Gpx3,P46412,DOWN,control_only,,,0.0,29700000.0,"qualitative: identified in only one condition -- the protein's entire row is absent from the other MaxQuant sheet, not just zero. No fold change or p-value is statistically valid when one condition has zero data points."
Gramd1a;Gramd1b,Q8VEF1;Q80TI0,DOWN,control_only,,,214580000.0,23140000.0,"qualitative: identified in only one condition -- the protein's entire row is absent from the other MaxQuant sheet, not just zero. No fold change or p-value is statistically valid when one condition has zero data points."
Gsdmdc1,Q9D8T2,DOWN,control_only,,,0.0,58815000.0,"qualitative: identified in only one condition -- the protein's entire row is absent from the other MaxQuant sheet, not just zero. No fold change or p-value is statistically valid when one condition has zero data points."
Gstp1;Gstp2,P19157;P46425,DOWN,control_only,,,2416700000.0,4724600000.0,"qualitative: identified in only one condition -- the protein's entire row is absent from the other MaxQuant sheet, not just zero. No fold change or p-value is statistically valid when one condition has zero data points."
Gstt3,Q99L20,DOWN,control_only,,,7283600.0,0.0,"qualitative: identified in only one condition -- the protein's entire row is absent from the other MaxQuant sheet, not just zero. No fold change or p-value is statistically valid when one condition has zero data points."
Gtf2b,P62915,DOWN,control_only,,,1519500.0,1810400.0,"qualitative: identified in only one condition -- the protein's entire row is absent from the other MaxQuant sheet, not just zero. No fold change or p-value is statistically valid when one condition has zero data points."
H2-D1;H2-L,P01899;P01897,DOWN,control_only,,,560060000.0,604630000.0,"qualitative: identified in only one condition -- the protein's entire row is absent from the other MaxQuant sheet, not just zero. No fold change or p-value is statistically valid when one condition has zero data points."
H2-Q10,P01898,DOWN,control_only,,,21512000.0,27120000.0,"qualitative: identified in only one condition -- the protein's entire row is absent from the other MaxQuant sheet, not just zero. No fold change or p-value is statistically valid when one condition has zero data points."
Hbb-b1;Hbb-b2,P02088;P02089,DOWN,control_only,,,16470000.0,100590000.0,"qualitative: identified in only one condition -- the protein's entire row is absent from the other MaxQuant sheet, not just zero. No fold change or p-value is statistically valid when one condition has zero data points."
Hdgfrp2,Q3UMU9,DOWN,control_only,,,6990600.0,0.0,"qualitative: identified in only one condition -- the protein's entire row is absent from the other MaxQuant sheet, not just zero. No fold change or p-value is statistically valid when one condition has zero data points."
Hist1h2ah;Hist1h2ak;Hist1h2af;Hist3h2a;Hist1h2ab,Q8CGP6;Q8CGP7;Q8CGP5;Q8BFU2;P22752,DOWN,control_only,,,484550000.0,2273800000.0,"qualitative: identified in only one condition -- the protein's entire row is absent from the other MaxQuant sheet, not just zero. No fold change or p-value is statistically valid when one condition has zero data points."
Hist1h2bp;Hist1h2bk;Hist1h2bb;Hist1h2bf,Q8CGP2;Q8CGP1;Q64475;P10853,DOWN,control_only,,,21660000.0,195650000.0,"qualitative: identified in only one condition -- the protein's entire row is absent from the other MaxQuant sheet, not just zero. No fold change or p-value is statistically valid when one condition has zero data points."
Hist1h3b;Hist1h3a;H3f3a;H3f3c,P84228;P68433;P84244;P02301,DOWN,control_only,,,290830000.0,1929100000.0,"qualitative: identified in only one condition -- the protein's entire row is absent from the other MaxQuant sheet, not just zero. No fold change or p-value is statistically valid when one condition has zero data points."
Hist2h2ac;Hist2h2aa1;Hist2h2ab,Q64523;Q6GSS7;Q64522,DOWN,control_only,,,0.0,116710000.0,"qualitative: identified in only one condition -- the protein's entire row is absent from the other MaxQuant sheet, not just zero. No fold change or p-value is statistically valid when one condition has zero data points."
Hmgcl,P38060,DOWN,control_only,,,47300000.0,0.0,"qualitative: identified in only one condition -- the protein's entire row is absent from the other MaxQuant sheet, not just zero. No fold change or p-value is statistically valid when one condition has zero data points."
Hnrnpll,Q921F4,DOWN,control_only,,,18971000.0,103920000.0,"qualitative: identified in only one condition -- the protein's entire row is absent from the other MaxQuant sheet, not just zero. No fold change or p-value is statistically valid when one condition has zero data points."
Hoga1,Q9DCU9,DOWN,control_only,,,0.0,15537000.0,"qualitative: identified in only one condition -- the protein's entire row is absent from the other MaxQuant sheet, not just zero. No fold change or p-value is statistically valid when one condition has zero data points."
Iba57,Q8CAK1,DOWN,control_only,,,17419000.0,14267000.0,"qualitative: identified in only one condition -- the protein's entire row is absent from the other MaxQuant sheet, not just zero. No fold change or p-value is statistically valid when one condition has zero data points."
Impad1,Q80V26,DOWN,control_only,,,27756000.0,0.0,"qualitative: identified in only one condition -- the protein's entire row is absent from the other MaxQuant sheet, not just zero. No fold change or p-value is statistically valid when one condition has zero data points."
Ipo11,Q8K2V6,DOWN,control_only,,,23675000.0,0.0,"qualitative: identified in only one condition -- the protein's entire row is absent from the other MaxQuant sheet, not just zero. No fold change or p-value is statistically valid when one condition has zero data points."
Itih4,A6X935,DOWN,control_only,,,5748300.0,0.0,"qualitative: identified in only one condition -- the protein's entire row is absent from the other MaxQuant sheet, not just zero. No fold change or p-value is statistically valid when one condition has zero data points."
Jmjd8,Q3TA59,DOWN,control_only,,,0.0,37516000.0,"qualitative: identified in only one condition -- the protein's entire row is absent from the other MaxQuant sheet, not just zero. No fold change or p-value is statistically valid when one condition has zero data points."
Kpna2,P52293,DOWN,control_only,,,63218000.0,18272000.0,"qualitative: identified in only one condition -- the protein's entire row is absent from the other MaxQuant sheet, not just zero. No fold change or p-value is statistically valid when one condition has zero data points."
Krt8,P11679,DOWN,control_only,,,7048500.0,216930000.0,"qualitative: identified in only one condition -- the protein's entire row is absent from the other MaxQuant sheet, not just zero. No fold change or p-value is statistically valid when one condition has zero data points."
Lcn5,A2AJB7,DOWN,control_only,,,0.0,32850000.0,"qualitative: identified in only one condition -- the protein's entire row is absent from the other MaxQuant sheet, not just zero. No fold change or p-value is statistically valid when one condition has zero data points."
Leprel2,Q8CG70,DOWN,control_only,,,32105000.0,46241000.0,"qualitative: identified in only one condition -- the protein's entire row is absent from the other MaxQuant sheet, not just zero. No fold change or p-value is statistically valid when one condition has zero data points."
Lrba,Q9ESE1,DOWN,control_only,,,3079900.0,0.0,"qualitative: identified in only one condition -- the protein's entire row is absent from the other MaxQuant sheet, not just zero. No fold change or p-value is statistically valid when one condition has zero data points."
Lrrc47,Q505F5,DOWN,control_only,,,0.0,56484000.0,"qualitative: identified in only one condition -- the protein's entire row is absent from the other MaxQuant sheet, not just zero. No fold change or p-value is statistically valid when one condition has zero data points."
Lsm12,Q9D0R8,DOWN,control_only,,,34013000.0,0.0,"qualitative: identified in only one condition -- the protein's entire row is absent from the other MaxQuant sheet, not just zero. No fold change or p-value is statistically valid when one condition has zero data points."
Luc7l2,Q7TNC4,DOWN,control_only,,,19995000.0,8018900.0,"qualitative: identified in only one condition -- the protein's entire row is absent from the other MaxQuant sheet, not just zero. No fold change or p-value is statistically valid when one condition has zero data points."
Map2k2,Q63932,DOWN,control_only,,,0.0,0.0,"qualitative: identified in only one condition -- the protein's entire row is absent from the other MaxQuant sheet, not just zero. No fold change or p-value is statistically valid when one condition has zero data points."
Mapk3,Q63844,DOWN,control_only,,,2315500.0,16513000.0,"qualitative: identified in only one condition -- the protein's entire row is absent from the other MaxQuant sheet, not just zero. No fold change or p-value is statistically valid when one condition has zero data points."
Mapk9;Mapk10,Q9WTU6;Q61831,DOWN,control_only,,,95062000.0,63200000.0,"qualitative: identified in only one condition -- the protein's entire row is absent from the other MaxQuant sheet, not just zero. No fold change or p-value is statistically valid when one condition has zero data points."
Mfap4,Q9D1H9,DOWN,control_only,,,170270000.0,32678000.0,"qualitative: identified in only one condition -- the protein's entire row is absent from the other MaxQuant sheet, not just zero. No fold change or p-value is statistically valid when one condition has zero data points."
Mllt4,Q9QZQ1,DOWN,control_only,,,0.0,8890900.0,"qualitative: identified in only one condition -- the protein's entire row is absent from the other MaxQuant sheet, not just zero. No fold change or p-value is statistically valid when one condition has zero data points."
Mob1b;Mob1a,Q8BPB0;Q921Y0,DOWN,control_only,,,524710000.0,635210000.0,"qualitative: identified in only one condition -- the protein's entire row is absent from the other MaxQuant sheet, not just zero. No fold change or p-value is statistically valid when one condition has zero data points."
Mocs2,Q9Z224,DOWN,control_only,,,27616000.0,14623000.0,"qualitative: identified in only one condition -- the protein's entire row is absent from the other MaxQuant sheet, not just zero. No fold change or p-value is statistically valid when one condition has zero data points."
Morf4l1,P60762,DOWN,control_only,,,21774000.0,0.0,"qualitative: identified in only one condition -- the protein's entire row is absent from the other MaxQuant sheet, not just zero. No fold change or p-value is statistically valid when one condition has zero data points."
Morf4l2,Q9R0Q4,DOWN,control_only,,,0.0,0.0,"qualitative: identified in only one condition -- the protein's entire row is absent from the other MaxQuant sheet, not just zero. No fold change or p-value is statistically valid when one condition has zero data points."
Mrfap1,Q9CQL7,DOWN,control_only,,,0.0,9701500.0,"qualitative: identified in only one condition -- the protein's entire row is absent from the other MaxQuant sheet, not just zero. No fold change or p-value is statistically valid when one condition has zero data points."
Mrpl47,Q8K2Y7,DOWN,control_only,,,10753000.0,0.0,"qualitative: identified in only one condition -- the protein's entire row is absent from the other MaxQuant sheet, not just zero. No fold change or p-value is statistically valid when one condition has zero data points."
Mrps27,Q8BK72,DOWN,control_only,,,45301000.0,0.0,"qualitative: identified in only one condition -- the protein's entire row is absent from the other MaxQuant sheet, not just zero. No fold change or p-value is statistically valid when one condition has zero data points."
Mthfd2,P18155,DOWN,control_only,,,88531000.0,34022000.0,"qualitative: identified in only one condition -- the protein's entire row is absent from the other MaxQuant sheet, not just zero. No fold change or p-value is statistically valid when one condition has zero data points."
Mug1,P28665,DOWN,control_only,,,12181000.0,0.0,"qualitative: identified in only one condition -- the protein's entire row is absent from the other MaxQuant sheet, not just zero. No fold change or p-value is statistically valid when one condition has zero data points."
Mum1l1,Q4VA55,DOWN,control_only,,,5988300.0,2668700.0,"qualitative: identified in only one condition -- the protein's entire row is absent from the other MaxQuant sheet, not just zero. No fold change or p-value is statistically valid when one condition has zero data points."
Naprt,Q8CC86,DOWN,control_only,,,0.0,60999000.0,"qualitative: identified in only one condition -- the protein's entire row is absent from the other MaxQuant sheet, not just zero. No fold change or p-value is statistically valid when one condition has zero data points."
Natd1,Q9DBW3,DOWN,control_only,,,0.0,2914500.0,"qualitative: identified in only one condition -- the protein's entire row is absent from the other MaxQuant sheet, not just zero. No fold change or p-value is statistically valid when one condition has zero data points."
Nck1,Q99M51,DOWN,control_only,,,0.0,0.0,"qualitative: identified in only one condition -- the protein's entire row is absent from the other MaxQuant sheet, not just zero. No fold change or p-value is statistically valid when one condition has zero data points."
Ndufab1,Q9CR21,DOWN,control_only,,,49373000.0,0.0,"qualitative: identified in only one condition -- the protein's entire row is absent from the other MaxQuant sheet, not just zero. No fold change or p-value is statistically valid when one condition has zero data points."
Ndufaf2,Q59J78,DOWN,control_only,,,2327400.0,0.0,"qualitative: identified in only one condition -- the protein's entire row is absent from the other MaxQuant sheet, not just zero. No fold change or p-value is statistically valid when one condition has zero data points."
Ndufs4,Q9CXZ1,DOWN,control_only,,,0.0,6923700.0,"qualitative: identified in only one condition -- the protein's entire row is absent from the other MaxQuant sheet, not just zero. No fold change or p-value is statistically valid when one condition has zero data points."
Nf1,Q04690,DOWN,control_only,,,0.0,112480000.0,"qualitative: identified in only one condition -- the protein's entire row is absent from the other MaxQuant sheet, not just zero. No fold change or p-value is statistically valid when one condition has zero data points."
Nf2,P46662,DOWN,control_only,,,183780000.0,0.0,"qualitative: identified in only one condition -- the protein's entire row is absent from the other MaxQuant sheet, not just zero. No fold change or p-value is statistically valid when one condition has zero data points."
Ngly1,Q9JI78,DOWN,off_with_treatment,0.0,0.0,54721000.0,20271000.0,"qualitative: identified in both MaxQuant sheets, but every replicate on one side reads null/zero. No fold change or p-value is statistically valid when one condition has zero variance."
Nmt2,O70311,DOWN,control_only,,,5173700.0,0.0,"qualitative: identified in only one condition -- the protein's entire row is absent from the other MaxQuant sheet, not just zero. No fold change or p-value is statistically valid when one condition has zero data points."
Nt5c,Q9JM14,DOWN,control_only,,,0.0,192880000.0,"qualitative: identified in only one condition -- the protein's entire row is absent from the other MaxQuant sheet, not just zero. No fold change or p-value is statistically valid when one condition has zero data points."
Nudcd2,Q9CQ48,DOWN,control_only,,,0.0,15674000.0,"qualitative: identified in only one condition -- the protein's entire row is absent from the other MaxQuant sheet, not just zero. No fold change or p-value is statistically valid when one condition has zero data points."
Nupl1,Q8R332,DOWN,control_only,,,0.0,17674000.0,"qualitative: identified in only one condition -- the protein's entire row is absent from the other MaxQuant sheet, not just zero. No fold change or p-value is statistically valid when one condition has zero data points."
Nxt2;Nxt1,Q3UNA4;Q9QZV9,DOWN,control_only,,,62678000.0,71762000.0,"qualitative: identified in only one condition -- the protein's entire row is absent from the other MaxQuant sheet, not just zero. No fold change or p-value is statistically valid when one condition has zero data points."
Osgep,Q8BWU5,DOWN,control_only,,,67434000.0,19900000.0,"qualitative: identified in only one condition -- the protein's entire row is absent from the other MaxQuant sheet, not just zero. No fold change or p-value is statistically valid when one condition has zero data points."
P4ha2,Q60716,DOWN,control_only,,,36865000.0,0.0,"qualitative: identified in only one condition -- the protein's entire row is absent from the other MaxQuant sheet, not just zero. No fold change or p-value is statistically valid when one condition has zero data points."
Pak2;Pak3,Q8CIN4;Q61036,DOWN,control_only,,,184940000.0,169280000.0,"qualitative: identified in only one condition -- the protein's entire row is absent from the other MaxQuant sheet, not just zero. No fold change or p-value is statistically valid when one condition has zero data points."
Pck2,Q8BH04,DOWN,control_only,,,0.0,19124000.0,"qualitative: identified in only one condition -- the protein's entire row is absent from the other MaxQuant sheet, not just zero. No fold change or p-value is statistically valid when one condition has zero data points."
Pcp4,P63054,DOWN,control_only,,,9406200.0,0.0,"qualitative: identified in only one condition -- the protein's entire row is absent from the other MaxQuant sheet, not just zero. No fold change or p-value is statistically valid when one condition has zero data points."
Pdha1,P35486,DOWN,control_only,,,0.0,0.0,"qualitative: identified in only one condition -- the protein's entire row is absent from the other MaxQuant sheet, not just zero. No fold change or p-value is statistically valid when one condition has zero data points."
Pdlim2,Q8R1G6,DOWN,control_only,,,4363900.0,3285300.0,"qualitative: identified in only one condition -- the protein's entire row is absent from the other MaxQuant sheet, not just zero. No fold change or p-value is statistically valid when one condition has zero data points."
Penk,P22005,DOWN,control_only,,,1972600.0,23627000.0,"qualitative: identified in only one condition -- the protein's entire row is absent from the other MaxQuant sheet, not just zero. No fold change or p-value is statistically valid when one condition has zero data points."
Pex19,Q8VCI5,DOWN,control_only,,,27238000.0,3109200.0,"qualitative: identified in only one condition -- the protein's entire row is absent from the other MaxQuant sheet, not just zero. No fold change or p-value is statistically valid when one condition has zero data points."
Pfn3,Q9DAD6,DOWN,control_only,,,14740000.0,0.0,"qualitative: identified in only one condition -- the protein's entire row is absent from the other MaxQuant sheet, not just zero. No fold change or p-value is statistically valid when one condition has zero data points."
Pglyrp3,A1A547,DOWN,control_only,,,0.0,132400000.0,"qualitative: identified in only one condition -- the protein's entire row is absent from the other MaxQuant sheet, not just zero. No fold change or p-value is statistically valid when one condition has zero data points."
Pgm5,Q8BZF8,DOWN,control_only,,,10268000.0,145020000.0,"qualitative: identified in only one condition -- the protein's entire row is absent from the other MaxQuant sheet, not just zero. No fold change or p-value is statistically valid when one condition has zero data points."
Pgrmc1,O55022,DOWN,control_only,,,17411000.0,18821000.0,"qualitative: identified in only one condition -- the protein's entire row is absent from the other MaxQuant sheet, not just zero. No fold change or p-value is statistically valid when one condition has zero data points."
Pin1,Q9QUR7,DOWN,control_only,,,6166300.0,6703400.0,"qualitative: identified in only one condition -- the protein's entire row is absent from the other MaxQuant sheet, not just zero. No fold change or p-value is statistically valid when one condition has zero data points."
Pnn,O35691,DOWN,control_only,,,11682000.0,0.0,"qualitative: identified in only one condition -- the protein's entire row is absent from the other MaxQuant sheet, not just zero. No fold change or p-value is statistically valid when one condition has zero data points."
Polr1c,P52432,DOWN,control_only,,,0.0,0.0,"qualitative: identified in only one condition -- the protein's entire row is absent from the other MaxQuant sheet, not just zero. No fold change or p-value is statistically valid when one condition has zero data points."
Ppcdc,Q8BZB2,DOWN,control_only,,,0.0,5091300.0,"qualitative: identified in only one condition -- the protein's entire row is absent from the other MaxQuant sheet, not just zero. No fold change or p-value is statistically valid when one condition has zero data points."
Ppil4,Q9CXG3,DOWN,control_only,,,8227400.0,31591000.0,"qualitative: identified in only one condition -- the protein's entire row is absent from the other MaxQuant sheet, not just zero. No fold change or p-value is statistically valid when one condition has zero data points."
Ppp3ca,P63328,DOWN,control_only,,,107190000.0,320160000.0,"qualitative: identified in only one condition -- the protein's entire row is absent from the other MaxQuant sheet, not just zero. No fold change or p-value is statistically valid when one condition has zero data points."
Prl2c3;Prl2c2,P04768;P04095,DOWN,control_only,,,0.0,34403000.0,"qualitative: identified in only one condition -- the protein's entire row is absent from the other MaxQuant sheet, not just zero. No fold change or p-value is statistically valid when one condition has zero data points."
Prpsap2,Q8R574,DOWN,control_only,,,0.0,27940000.0,"qualitative: identified in only one condition -- the protein's entire row is absent from the other MaxQuant sheet, not just zero. No fold change or p-value is statistically valid when one condition has zero data points."
Prune,Q8BIW1,DOWN,off_with_treatment,0.0,0.0,37090000.0,0.0,"qualitative: identified in both MaxQuant sheets, but every replicate on one side reads null/zero. No fold change or p-value is statistically valid when one condition has zero variance."
Ptbp1,P17225,DOWN,control_only,,,88708000.0,65699000.0,"qualitative: identified in only one condition -- the protein's entire row is absent from the other MaxQuant sheet, not just zero. No fold change or p-value is statistically valid when one condition has zero data points."
Ptgfrn,Q9WV91,DOWN,control_only,,,4881400.0,36254000.0,"qualitative: identified in only one condition -- the protein's entire row is absent from the other MaxQuant sheet, not just zero. No fold change or p-value is statistically valid when one condition has zero data points."
Ptpn11,P35235,DOWN,control_only,,,0.0,10896000.0,"qualitative: identified in only one condition -- the protein's entire row is absent from the other MaxQuant sheet, not just zero. No fold change or p-value is statistically valid when one condition has zero data points."
Qki,Q9QYS9,DOWN,control_only,,,0.0,3395300.0,"qualitative: identified in only one condition -- the protein's entire row is absent from the other MaxQuant sheet, not just zero. No fold change or p-value is statistically valid when one condition has zero data points."
Rab10,P61027,DOWN,control_only,,,11223000.0,54352000.0,"qualitative: identified in only one condition -- the protein's entire row is absent from the other MaxQuant sheet, not just zero. No fold change or p-value is statistically valid when one condition has zero data points."
Rabggta,Q9JHK4,DOWN,control_only,,,67893000.0,90788000.0,"qualitative: identified in only one condition -- the protein's entire row is absent from the other MaxQuant sheet, not just zero. No fold change or p-value is statistically valid when one condition has zero data points."
Ran;Rasl2-9,P62827;Q61820,DOWN,control_only,,,2689500000.0,2718000000.0,"qualitative: identified in only one condition -- the protein's entire row is absent from the other MaxQuant sheet, not just zero. No fold change or p-value is statistically valid when one condition has zero data points."
Rbm5,Q91YE7,DOWN,control_only,,,18185000.0,0.0,"qualitative: identified in only one condition -- the protein's entire row is absent from the other MaxQuant sheet, not just zero. No fold change or p-value is statistically valid when one condition has zero data points."
Rbmx,Q9WV02,DOWN,control_only,,,12235000.0,10390000.0,"qualitative: identified in only one condition -- the protein's entire row is absent from the other MaxQuant sheet, not just zero. No fold change or p-value is statistically valid when one condition has zero data points."
Rgma,Q6PCX7,DOWN,control_only,,,30297000.0,6840000.0,"qualitative: identified in only one condition -- the protein's entire row is absent from the other MaxQuant sheet, not just zero. No fold change or p-value is statistically valid when one condition has zero data points."
Rpl26,P61255,DOWN,control_only,,,0.0,6952300.0,"qualitative: identified in only one condition -- the protein's entire row is absent from the other MaxQuant sheet, not just zero. No fold change or p-value is statistically valid when one condition has zero data points."
Rpl28,P41105,DOWN,control_only,,,0.0,7810000.0,"qualitative: identified in only one condition -- the protein's entire row is absent from the other MaxQuant sheet, not just zero. No fold change or p-value is statistically valid when one condition has zero data points."
Rpl3,P27659,DOWN,control_only,,,76840000.0,41990000.0,"qualitative: identified in only one condition -- the protein's entire row is absent from the other MaxQuant sheet, not just zero. No fold change or p-value is statistically valid when one condition has zero data points."
Rpl6,P47911,DOWN,control_only,,,14905000.0,0.0,"qualitative: identified in only one condition -- the protein's entire row is absent from the other MaxQuant sheet, not just zero. No fold change or p-value is statistically valid when one condition has zero data points."
Rpp30,O88796,DOWN,control_only,,,0.0,23439000.0,"qualitative: identified in only one condition -- the protein's entire row is absent from the other MaxQuant sheet, not just zero. No fold change or p-value is statistically valid when one condition has zero data points."
Rps15,P62843,DOWN,control_only,,,5319400.0,33254000.0,"qualitative: identified in only one condition -- the protein's entire row is absent from the other MaxQuant sheet, not just zero. No fold change or p-value is statistically valid when one condition has zero data points."
Rps24,P62849,DOWN,control_only,,,0.0,8920500.0,"qualitative: identified in only one condition -- the protein's entire row is absent from the other MaxQuant sheet, not just zero. No fold change or p-value is statistically valid when one condition has zero data points."
Rtcb,Q99LF4,DOWN,control_only,,,2436600.0,0.0,"qualitative: identified in only one condition -- the protein's entire row is absent from the other MaxQuant sheet, not just zero. No fold change or p-value is statistically valid when one condition has zero data points."
Ryr2,E9Q401,DOWN,control_only,,,0.0,621410000.0,"qualitative: identified in only one condition -- the protein's entire row is absent from the other MaxQuant sheet, not just zero. No fold change or p-value is statistically valid when one condition has zero data points."
Sfrp4,Q9Z1N6,DOWN,control_only,,,57226000.0,0.0,"qualitative: identified in only one condition -- the protein's entire row is absent from the other MaxQuant sheet, not just zero. No fold change or p-value is statistically valid when one condition has zero data points."
Smarce1,O54941,DOWN,control_only,,,8452300.0,11847000.0,"qualitative: identified in only one condition -- the protein's entire row is absent from the other MaxQuant sheet, not just zero. No fold change or p-value is statistically valid when one condition has zero data points."
Smc1a,Q9CU62,DOWN,control_only,,,28675000.0,25160000.0,"qualitative: identified in only one condition -- the protein's entire row is absent from the other MaxQuant sheet, not just zero. No fold change or p-value is statistically valid when one condition has zero data points."
Snx2,Q9CWK8,DOWN,control_only,,,21494000.0,12310000.0,"qualitative: identified in only one condition -- the protein's entire row is absent from the other MaxQuant sheet, not just zero. No fold change or p-value is statistically valid when one condition has zero data points."
Snx27,Q3UHD6,DOWN,control_only,,,6964400.0,0.0,"qualitative: identified in only one condition -- the protein's entire row is absent from the other MaxQuant sheet, not just zero. No fold change or p-value is statistically valid when one condition has zero data points."
Sprr1b,Q62267,DOWN,control_only,,,0.0,22636000.0,"qualitative: identified in only one condition -- the protein's entire row is absent from the other MaxQuant sheet, not just zero. No fold change or p-value is statistically valid when one condition has zero data points."
Sprr2k;Sprr2g;Sprr2d;Sprr2b;Sprr2h,O70562;O70558;O70555;O70554;O70559,DOWN,control_only,,,21795000.0,9746700.0,"qualitative: identified in only one condition -- the protein's entire row is absent from the other MaxQuant sheet, not just zero. No fold change or p-value is statistically valid when one condition has zero data points."
Sqstm1,Q64337,DOWN,control_only,,,0.0,45274000.0,"qualitative: identified in only one condition -- the protein's entire row is absent from the other MaxQuant sheet, not just zero. No fold change or p-value is statistically valid when one condition has zero data points."
Srsf9,Q9D0B0,DOWN,control_only,,,4535800.0,10440000.0,"qualitative: identified in only one condition -- the protein's entire row is absent from the other MaxQuant sheet, not just zero. No fold change or p-value is statistically valid when one condition has zero data points."
Ssr4,Q62186,DOWN,control_only,,,0.0,3007100.0,"qualitative: identified in only one condition -- the protein's entire row is absent from the other MaxQuant sheet, not just zero. No fold change or p-value is statistically valid when one condition has zero data points."
Stau1,Q9Z108,DOWN,control_only,,,2367000.0,6627200.0,"qualitative: identified in only one condition -- the protein's entire row is absent from the other MaxQuant sheet, not just zero. No fold change or p-value is statistically valid when one condition has zero data points."
Strbp,Q91WM1,DOWN,control_only,,,0.0,0.0,"qualitative: identified in only one condition -- the protein's entire row is absent from the other MaxQuant sheet, not just zero. No fold change or p-value is statistically valid when one condition has zero data points."
Stub1,Q9WUD1,DOWN,control_only,,,1768300.0,0.0,"qualitative: identified in only one condition -- the protein's entire row is absent from the other MaxQuant sheet, not just zero. No fold change or p-value is statistically valid when one condition has zero data points."
Syce2,Q505B8,DOWN,control_only,,,14518000.0,0.0,"qualitative: identified in only one condition -- the protein's entire row is absent from the other MaxQuant sheet, not just zero. No fold change or p-value is statistically valid when one condition has zero data points."
Tbce,Q8CIV8,DOWN,control_only,,,2590900000.0,1546500000.0,"qualitative: identified in only one condition -- the protein's entire row is absent from the other MaxQuant sheet, not just zero. No fold change or p-value is statistically valid when one condition has zero data points."
Tdrd1,Q99MV1,DOWN,control_only,,,15143000.0,95071000.0,"qualitative: identified in only one condition -- the protein's entire row is absent from the other MaxQuant sheet, not just zero. No fold change or p-value is statistically valid when one condition has zero data points."
Tdrp,Q8C5P7,DOWN,control_only,,,5000200.0,0.0,"qualitative: identified in only one condition -- the protein's entire row is absent from the other MaxQuant sheet, not just zero. No fold change or p-value is statistically valid when one condition has zero data points."
Tfpi,O54819,DOWN,control_only,,,0.0,31554000.0,"qualitative: identified in only one condition -- the protein's entire row is absent from the other MaxQuant sheet, not just zero. No fold change or p-value is statistically valid when one condition has zero data points."
Thoc1,Q8R3N6,DOWN,control_only,,,3625200.0,11933000.0,"qualitative: identified in only one condition -- the protein's entire row is absent from the other MaxQuant sheet, not just zero. No fold change or p-value is statistically valid when one condition has zero data points."
Thoc2,B1AZI6,DOWN,control_only,,,0.0,14473000.0,"qualitative: identified in only one condition -- the protein's entire row is absent from the other MaxQuant sheet, not just zero. No fold change or p-value is statistically valid when one condition has zero data points."
Tm4sf1,Q64302,DOWN,control_only,,,0.0,169320000.0,"qualitative: identified in only one condition -- the protein's entire row is absent from the other MaxQuant sheet, not just zero. No fold change or p-value is statistically valid when one condition has zero data points."
Tmsb10,Q6ZWY8,DOWN,control_only,,,139120000.0,77362000.0,"qualitative: identified in only one condition -- the protein's entire row is absent from the other MaxQuant sheet, not just zero. No fold change or p-value is statistically valid when one condition has zero data points."
Tnpo3;Fanci,Q6P2B1;Q8K368,DOWN,control_only,,,18696000.0,7575800.0,"qualitative: identified in only one condition -- the protein's entire row is absent from the other MaxQuant sheet, not just zero. No fold change or p-value is statistically valid when one condition has zero data points."
Trappc10,Q3TLI0,DOWN,control_only,,,0.0,112890000.0,"qualitative: identified in only one condition -- the protein's entire row is absent from the other MaxQuant sheet, not just zero. No fold change or p-value is statistically valid when one condition has zero data points."
Trmt112,Q9DCG9,DOWN,control_only,,,67597000.0,120430000.0,"qualitative: identified in only one condition -- the protein's entire row is absent from the other MaxQuant sheet, not just zero. No fold change or p-value is statistically valid when one condition has zero data points."
Trmt6,Q8CE96,DOWN,control_only,,,2589000.0,0.0,"qualitative: identified in only one condition -- the protein's entire row is absent from the other MaxQuant sheet, not just zero. No fold change or p-value is statistically valid when one condition has zero data points."
Tuba1c,P68373,DOWN,control_only,,,16591000000.0,11024000000.0,"qualitative: identified in only one condition -- the protein's entire row is absent from the other MaxQuant sheet, not just zero. No fold change or p-value is statistically valid when one condition has zero data points."
Tubb6,Q922F4,DOWN,control_only,,,128470000.0,4900300.0,"qualitative: identified in only one condition -- the protein's entire row is absent from the other MaxQuant sheet, not just zero. No fold change or p-value is statistically valid when one condition has zero data points."
Tyro3,P55144,DOWN,control_only,,,127020000.0,290380000.0,"qualitative: identified in only one condition -- the protein's entire row is absent from the other MaxQuant sheet, not just zero. No fold change or p-value is statistically valid when one condition has zero data points."
Tyw5,A2RSX7,DOWN,control_only,,,34380000.0,57686000.0,"qualitative: identified in only one condition -- the protein's entire row is absent from the other MaxQuant sheet, not just zero. No fold change or p-value is statistically valid when one condition has zero data points."
U2surp,Q6NV83,DOWN,control_only,,,9447600.0,8261100.0,"qualitative: identified in only one condition -- the protein's entire row is absent from the other MaxQuant sheet, not just zero. No fold change or p-value is statistically valid when one condition has zero data points."
Ubap2l,Q80X50,DOWN,control_only,,,10106000.0,0.0,"qualitative: identified in only one condition -- the protein's entire row is absent from the other MaxQuant sheet, not just zero. No fold change or p-value is statistically valid when one condition has zero data points."
Ube2b,P63147,DOWN,control_only,,,0.0,0.0,"qualitative: identified in only one condition -- the protein's entire row is absent from the other MaxQuant sheet, not just zero. No fold change or p-value is statistically valid when one condition has zero data points."
Ube2d3,P61079,DOWN,control_only,,,146890000.0,720910000.0,"qualitative: identified in only one condition -- the protein's entire row is absent from the other MaxQuant sheet, not just zero. No fold change or p-value is statistically valid when one condition has zero data points."
Ube2g2,P60605,DOWN,control_only,,,5190100.0,24295000.0,"qualitative: identified in only one condition -- the protein's entire row is absent from the other MaxQuant sheet, not just zero. No fold change or p-value is statistically valid when one condition has zero data points."
Ubxn11,Q9D572,DOWN,control_only,,,17271000.0,156110000.0,"qualitative: identified in only one condition -- the protein's entire row is absent from the other MaxQuant sheet, not just zero. No fold change or p-value is statistically valid when one condition has zero data points."
Upp2,Q8CGR7,DOWN,control_only,,,47807000.0,10687000.0,"qualitative: identified in only one condition -- the protein's entire row is absent from the other MaxQuant sheet, not just zero. No fold change or p-value is statistically valid when one condition has zero data points."
Urah,Q9CRB3,DOWN,control_only,,,0.0,18353000.0,"qualitative: identified in only one condition -- the protein's entire row is absent from the other MaxQuant sheet, not just zero. No fold change or p-value is statistically valid when one condition has zero data points."
Vapb,Q9QY76,DOWN,control_only,,,76059000.0,63700000.0,"qualitative: identified in only one condition -- the protein's entire row is absent from the other MaxQuant sheet, not just zero. No fold change or p-value is statistically valid when one condition has zero data points."
Wasf2,Q8BH43,DOWN,control_only,,,1627000.0,10781000.0,"qualitative: identified in only one condition -- the protein's entire row is absent from the other MaxQuant sheet, not just zero. No fold change or p-value is statistically valid when one condition has zero data points."
Wbp2,P97765,DOWN,control_only,,,0.0,39769000.0,"qualitative: identified in only one condition -- the protein's entire row is absent from the other MaxQuant sheet, not just zero. No fold change or p-value is statistically valid when one condition has zero data points."
Wfdc18,P62810,DOWN,control_only,,,56575000.0,44149000.0,"qualitative: identified in only one condition -- the protein's entire row is absent from the other MaxQuant sheet, not just zero. No fold change or p-value is statistically valid when one condition has zero data points."
Zc3h6,Q8BYK8,DOWN,control_only,,,398270000.0,317590000.0,"qualitative: identified in only one condition -- the protein's entire row is absent from the other MaxQuant sheet, not just zero. No fold change or p-value is statistically valid when one condition has zero data points."
