10090.ENSMUSP00000000090	10090.ENSMUSP00000123765	Cox5a	Sucla2	10090	0.4	0	0	0	0.186	0	0	0.293
10090.ENSMUSP00000000090	10090.ENSMUSP00000025904	Cox5a	Prdx5	10090	0.408	0	0	0	0.263	0	0	0.229
10090.ENSMUSP00000000090	10090.ENSMUSP00000099757	Cox5a	Rps8	10090	0.41	0	0	0	0.355	0	0	0.122
10090.ENSMUSP00000000090	10090.ENSMUSP00000020504	Cox5a	Hint1	10090	0.413	0	0	0	0.396	0	0	0.068
10090.ENSMUSP00000000090	10090.ENSMUSP00000039335	Cox5a	Timm8b	10090	0.438	0	0	0	0.387	0	0	0.12
10090.ENSMUSP00000000090	10090.ENSMUSP00000102870	Cox5a	Rpl27	10090	0.459	0	0	0	0.459	0	0	0
10090.ENSMUSP00000000090	10090.ENSMUSP00000008812	Cox5a	Rps18	10090	0.465	0	0	0	0.435	0	0	0.092
10090.ENSMUSP00000000090	10090.ENSMUSP00000106481	Cox5a	Dld	10090	0.479	0	0	0	0.413	0	0	0.148
10090.ENSMUSP00000000090	10090.ENSMUSP00000130858	Cox5a	Tpi1	10090	0.492	0	0	0	0.194	0.211	0	0.265
10090.ENSMUSP00000000090	10090.ENSMUSP00000060346	Cox5a	Dlst	10090	0.535	0	0	0	0.318	0.253	0	0.16
10090.ENSMUSP00000000090	10090.ENSMUSP00000005923	Cox5a	Psmb4	10090	0.562	0	0	0	0.554	0	0	0.059
10090.ENSMUSP00000000090	10090.ENSMUSP00000004396	Cox5a	Atp6v1f	10090	0.58	0	0	0	0.305	0	0	0.419
10090.ENSMUSP00000000090	10090.ENSMUSP00000022268	Cox5a	Pdhb	10090	0.628	0	0	0	0.536	0.096	0	0.183
10090.ENSMUSP00000000090	10090.ENSMUSP00000023116	Cox5a	Aco2	10090	0.684	0	0	0	0.49	0	0	0.405
10090.ENSMUSP00000000090	10090.ENSMUSP00000099938	Cox5a	Mdh1	10090	0.7	0	0	0	0.663	0	0	0.148
10090.ENSMUSP00000000090	10090.ENSMUSP00000005826	Cox5a	Cs	10090	0.746	0	0	0	0.553	0.054	0	0.448
10090.ENSMUSP00000000090	10090.ENSMUSP00000028430	Cox5a	Cyct	10090	0.765	0	0	0	0.364	0.3	0	0.516
10090.ENSMUSP00000000090	10090.ENSMUSP00000022062	Cox5a	Sdha	10090	0.873	0	0	0	0.472	0.311	0	0.68
10090.ENSMUSP00000000090	10090.ENSMUSP00000101006	Cox5a	Atp5d	10090	0.985	0	0	0	0.934	0.282	0	0.723
10090.ENSMUSP00000000090	10090.ENSMUSP00000121557	Cox5a	Ndufv2	10090	0.993	0	0	0	0.923	0.83	0	0.542
10090.ENSMUSP00000000090	10090.ENSMUSP00000077744	Cox5a	Uqcrh	10090	0.996	0	0	0	0.676	0.919	0.72	0.555
10090.ENSMUSP00000000090	10090.ENSMUSP00000045284	Cox5a	Uqcrfs1	10090	0.999	0	0	0	0.963	0.99	0.72	0.777
10090.ENSMUSP00000000090	10090.ENSMUSP00000038961	Cox5a	Gm11273	10090	0.999	0	0	0	0.813	0.975	0.9	0.989
10090.ENSMUSP00000000193	10090.ENSMUSP00000043768	Ccl2	Cd81	10090	0.401	0	0	0	0.102	0	0	0.361
10090.ENSMUSP00000000193	10090.ENSMUSP00000103904	Ccl2	Lgals9	10090	0.404	0	0	0	0.086	0	0	0.375
10090.ENSMUSP00000000193	10090.ENSMUSP00000028735	Ccl2	Jag1	10090	0.404	0	0	0	0.066	0	0	0.388
10090.ENSMUSP00000000193	10090.ENSMUSP00000088493	Ccl2	Nes	10090	0.404	0	0	0	0.053	0.068	0	0.379
10090.ENSMUSP00000000193	10090.ENSMUSP00000035077	Ccl2	Ltf	10090	0.408	0	0	0	0	0	0	0.408
10090.ENSMUSP00000000193	10090.ENSMUSP00000101049	Ccl2	Col18a1	10090	0.409	0	0	0	0.061	0	0	0.397
10090.ENSMUSP00000000193	10090.ENSMUSP00000000769	Ccl2	Serpinf1	10090	0.409	0	0	0	0.078	0	0	0.385
10090.ENSMUSP00000000193	10090.ENSMUSP00000034723	Ccl2	Aldh1a2	10090	0.411	0	0	0	0.1	0	0	0.373
10090.ENSMUSP00000000193	10090.ENSMUSP00000023610	Ccl2	Adamts1	10090	0.412	0	0	0	0.127	0	0	0.355
10090.ENSMUSP00000000193	10090.ENSMUSP00000033824	Ccl2	Lamp1	10090	0.413	0	0	0	0	0	0	0.413
10090.ENSMUSP00000000193	10090.ENSMUSP00000034756	Ccl2	Anxa2	10090	0.417	0	0	0	0.168	0	0	0.328
10090.ENSMUSP00000000193	10090.ENSMUSP00000023707	Ccl2	Sod1	10090	0.433	0	0	0	0	0	0	0.433
10090.ENSMUSP00000000193	10090.ENSMUSP00000029140	Ccl2	Procr	10090	0.448	0	0	0	0.162	0	0	0.368
10090.ENSMUSP00000000193	10090.ENSMUSP00000004327	Ccl2	G6pdx	10090	0.45	0	0	0	0.049	0	0	0.446
10090.ENSMUSP00000000193	10090.ENSMUSP00000028430	Ccl2	Cyct	10090	0.453	0	0	0	0	0	0	0.453
10090.ENSMUSP00000000193	10090.ENSMUSP00000132435	Ccl2	Gbp2	10090	0.454	0	0	0	0.218	0	0	0.33
10090.ENSMUSP00000000193	10090.ENSMUSP00000001592	Ccl2	Jup	10090	0.465	0	0	0	0	0	0	0.465
10090.ENSMUSP00000000193	10090.ENSMUSP00000130660	Ccl2	Gba	10090	0.467	0	0	0	0.059	0	0	0.456
10090.ENSMUSP00000000193	10090.ENSMUSP00000031668	Ccl2	Col1a2	10090	0.467	0	0	0	0.126	0.068	0	0.398
10090.ENSMUSP00000000193	10090.ENSMUSP00000003808	Ccl2	Gdf15	10090	0.475	0	0	0	0.148	0	0	0.41
10090.ENSMUSP00000000193	10090.ENSMUSP00000099087	Ccl2	Adam17	10090	0.491	0	0	0	0.057	0	0	0.483
10090.ENSMUSP00000000193	10090.ENSMUSP00000003687	Ccl2	Tgfb3	10090	0.495	0	0	0	0.108	0	0	0.457
10090.ENSMUSP00000000193	10090.ENSMUSP00000029041	Ccl2	Fabp4	10090	0.502	0	0	0	0.083	0	0	0.479
10090.ENSMUSP00000000193	10090.ENSMUSP00000024866	Ccl2	Xdh	10090	0.509	0	0	0	0.094	0	0	0.48
10090.ENSMUSP00000000193	10090.ENSMUSP00000087457	Ccl2	Itgb1	10090	0.518	0	0	0	0.095	0	0	0.49
10090.ENSMUSP00000000193	10090.ENSMUSP00000089801	Ccl2	Lyz2	10090	0.519	0	0	0	0.104	0	0	0.486
10090.ENSMUSP00000000193	10090.ENSMUSP00000030332	Ccl2	Gpx7	10090	0.537	0	0	0	0.057	0	0	0.529
10090.ENSMUSP00000000193	10090.ENSMUSP00000029266	Ccl2	Anxa5	10090	0.55	0	0	0	0.153	0	0	0.49
10090.ENSMUSP00000000193	10090.ENSMUSP00000067066	Ccl2	Lif	10090	0.552	0	0	0	0.09	0	0	0.528
10090.ENSMUSP00000000193	10090.ENSMUSP00000033941	Ccl2	Plat	10090	0.569	0	0	0	0.142	0	0	0.518
10090.ENSMUSP00000000193	10090.ENSMUSP00000029421	Ccl2	Ptx3	10090	0.638	0	0	0	0.337	0	0	0.477
10090.ENSMUSP00000000193	10090.ENSMUSP00000082682	Ccl2	Hmgb1	10090	0.669	0	0	0	0	0	0	0.669
10090.ENSMUSP00000000193	10090.ENSMUSP00000147767	Ccl2	Casp3	10090	0.67	0	0	0	0.044	0	0	0.669
10090.ENSMUSP00000000193	10090.ENSMUSP00000004990	Ccl2	Mapk14	10090	0.692	0	0	0	0	0	0	0.692
10090.ENSMUSP00000000193	10090.ENSMUSP00000118169	Ccl2	Lgals3	10090	0.694	0	0	0	0.204	0	0	0.631
10090.ENSMUSP00000000193	10090.ENSMUSP00000098066	Ccl2	Actb	10090	0.708	0	0	0	0	0	0	0.708
10090.ENSMUSP00000000193	10090.ENSMUSP00000133302	Ccl2	Apoe	10090	0.744	0	0	0	0	0	0	0.744
10090.ENSMUSP00000000193	10090.ENSMUSP00000041149	Ccl2	Mif	10090	0.798	0	0	0	0.073	0	0	0.791
10090.ENSMUSP00000000193	10090.ENSMUSP00000084043	Ccl2	Spp1	10090	0.805	0	0	0	0.199	0	0	0.766
10090.ENSMUSP00000000193	10090.ENSMUSP00000141132	Ccl2	Stat1	10090	0.851	0	0	0	0.146	0	0	0.833
10090.ENSMUSP00000000193	10090.ENSMUSP00000002678	Ccl2	Tgfb1	10090	0.878	0	0	0	0.096	0	0	0.871
10090.ENSMUSP00000000193	10090.ENSMUSP00000031320	Ccl2	Pf4	10090	0.914	0	0	0	0.096	0.776	0	0.612
10090.ENSMUSP00000000193	10090.ENSMUSP00000110999	Ccl2	Timp1	10090	0.915	0	0	0	0.574	0	0	0.809
10090.ENSMUSP00000000193	10090.ENSMUSP00000031318	Ccl2	Cxcl5	10090	0.916	0	0	0	0.528	0.117	0	0.816
10090.ENSMUSP00000000193	10090.ENSMUSP00000031327	Ccl2	Cxcl1	10090	0.957	0	0	0	0.616	0.117	0	0.885
10090.ENSMUSP00000000193	10090.ENSMUSP00000021011	Ccl2	Ccl7	10090	0.999	0	0	0	0.999	0	0.9	0.115
10090.ENSMUSP00000000287	10090.ENSMUSP00000028332	Scpep1	Dpp7	10090	0.417	0	0	0	0.161	0	0	0.333
10090.ENSMUSP00000000287	10090.ENSMUSP00000065282	Scpep1	Abhd10	10090	0.473	0	0	0	0.054	0	0	0.466
10090.ENSMUSP00000000608	10090.ENSMUSP00000123564	Gm2a	Sort1	10090	0.41	0	0	0	0.079	0	0	0.385
10090.ENSMUSP00000000608	10090.ENSMUSP00000130660	Gm2a	Gba	10090	0.415	0	0	0	0.071	0	0	0.397
10090.ENSMUSP00000000608	10090.ENSMUSP00000055803	Gm2a	Glb1	10090	0.448	0	0	0	0.111	0	0	0.404
10090.ENSMUSP00000000608	10090.ENSMUSP00000022169	Gm2a	Hexb	10090	0.914	0	0	0	0.066	0.051	0.8	0.572
10090.ENSMUSP00000000769	10090.ENSMUSP00000126390	Serpinf1	Serpinh1	10090	0.402	0	0	0.193	0.14	0	0	0.206
10090.ENSMUSP00000000769	10090.ENSMUSP00000032203	Serpinf1	A2m	10090	0.405	0	0	0	0.091	0	0	0.372
10090.ENSMUSP00000000769	10090.ENSMUSP00000015234	Serpinf1	Ptgds	10090	0.418	0	0	0	0.047	0.319	0	0.176
10090.ENSMUSP00000000769	10090.ENSMUSP00000029421	Serpinf1	Ptx3	10090	0.421	0	0	0	0.096	0	0	0.386
10090.ENSMUSP00000000769	10090.ENSMUSP00000023994	Serpinf1	Serping1	10090	0.435	0	0	0.193	0.221	0.055	0	0.161
10090.ENSMUSP00000000769	10090.ENSMUSP00000110999	Serpinf1	Timp1	10090	0.498	0	0	0	0.134	0	0	0.444
10090.ENSMUSP00000000769	10090.ENSMUSP00000031668	Serpinf1	Col1a2	10090	0.586	0	0	0	0.281	0	0	0.447
10090.ENSMUSP00000000769	10090.ENSMUSP00000033941	Serpinf1	Plat	10090	0.619	0	0	0	0	0.084	0	0.601
10090.ENSMUSP00000000769	10090.ENSMUSP00000101049	Serpinf1	Col18a1	10090	0.683	0	0	0	0.222	0	0	0.61
10090.ENSMUSP00000000769	10090.ENSMUSP00000028081	Serpinf1	Plxdc2	10090	0.717	0	0	0	0	0	0	0.717
10090.ENSMUSP00000000925	10090.ENSMUSP00000147619	Smarcb1	Usp47	10090	0.405	0	0	0	0.046	0	0	0.402
10090.ENSMUSP00000000925	10090.ENSMUSP00000032165	Smarcb1	Ruvbl1	10090	0.449	0	0	0	0.292	0	0	0.253
10090.ENSMUSP00000000925	10090.ENSMUSP00000102724	Smarcb1	Plaa	10090	0.456	0	0	0	0.051	0	0	0.451
10090.ENSMUSP00000000925	10090.ENSMUSP00000101858	Smarcb1	Fus	10090	0.521	0	0	0	0.111	0.093	0	0.454
10090.ENSMUSP00000000925	10090.ENSMUSP00000033720	Smarcb1	Rbbp7	10090	0.573	0	0	0	0.319	0.182	0	0.294
10090.ENSMUSP00000000925	10090.ENSMUSP00000030207	Smarcb1	Psip1	10090	0.65	0	0	0	0.059	0.042	0	0.643
10090.ENSMUSP00000000925	10090.ENSMUSP00000098066	Smarcb1	Actb	10090	0.894	0	0	0	0.083	0.298	0.65	0.585
10090.ENSMUSP00000000925	10090.ENSMUSP00000029214	Smarcb1	Actl6a	10090	0.999	0	0	0	0.185	0.831	0.9	0.988
10090.ENSMUSP00000001027	10090.ENSMUSP00000027067	Aox1	Gsta3	10090	0.401	0	0	0	0.179	0	0	0.3
10090.ENSMUSP00000001027	10090.ENSMUSP00000024866	Aox1	Xdh	10090	0.434	0	0	0.068	0.071	0	0	0.399
10090.ENSMUSP00000001027	10090.ENSMUSP00000029610	Aox1	Hadh	10090	0.902	0	0	0	0.064	0	0.9	0.045
10090.ENSMUSP00000001027	10090.ENSMUSP00000063548	Aox1	Abat	10090	0.903	0	0	0	0.064	0	0.9	0.051
10090.ENSMUSP00000001027	10090.ENSMUSP00000086796	Aox1	Pdxp	10090	0.916	0	0	0	0	0	0.9	0.201
10090.ENSMUSP00000001027	10090.ENSMUSP00000005964	Aox1	Adh5	10090	0.925	0	0	0	0.068	0	0.9	0.261
10090.ENSMUSP00000001027	10090.ENSMUSP00000034723	Aox1	Aldh1a2	10090	0.931	0	0	0	0.077	0	0.9	0.319
10090.ENSMUSP00000001051	10090.ENSMUSP00000107795	S100a6	Tmsb4x	10090	0.405	0	0	0	0.166	0	0	0.316
10090.ENSMUSP00000001051	10090.ENSMUSP00000029266	S100a6	Anxa5	10090	0.477	0	0	0	0.327	0.058	0	0.241
10090.ENSMUSP00000001051	10090.ENSMUSP00000046311	S100a6	Nenf	10090	0.482	0	0	0	0.162	0.053	0	0.4
10090.ENSMUSP00000001051	10090.ENSMUSP00000095169	S100a6	Csrp1	10090	0.491	0	0	0	0.092	0.043	0	0.461
10090.ENSMUSP00000001051	10090.ENSMUSP00000087457	S100a6	Itgb1	10090	0.523	0	0	0	0.097	0.053	0	0.487
10090.ENSMUSP00000001051	10090.ENSMUSP00000032508	S100a6	Fkbp4	10090	0.548	0	0	0	0	0.526	0	0.086
10090.ENSMUSP00000001051	10090.ENSMUSP00000052942	S100a6	Sugt1	10090	0.573	0	0	0	0.07	0.331	0	0.369
10090.ENSMUSP00000001051	10090.ENSMUSP00000143680	S100a6	Crip1	10090	0.608	0	0	0	0.294	0.043	0	0.467
10090.ENSMUSP00000001051	10090.ENSMUSP00000118169	S100a6	Lgals3	10090	0.723	0	0	0	0.588	0	0	0.355
10090.ENSMUSP00000001051	10090.ENSMUSP00000047737	S100a6	S100a13	10090	0.78	0	0	0	0.253	0	0	0.718
10090.ENSMUSP00000001051	10090.ENSMUSP00000034756	S100a6	Anxa2	10090	0.942	0	0	0	0.587	0.235	0	0.831
10090.ENSMUSP00000001147	10090.ENSMUSP00000023610	Col6a1	Adamts1	10090	0.41	0	0	0	0.119	0	0	0.358
10090.ENSMUSP00000001147	10090.ENSMUSP00000038909	Col6a1	Cspg4	10090	0.413	0	0	0	0.18	0	0	0.313
10090.ENSMUSP00000001147	10090.ENSMUSP00000018816	Col6a1	Copz2	10090	0.417	0	0	0	0.217	0	0	0.286
10090.ENSMUSP00000001147	10090.ENSMUSP00000043768	Col6a1	Cd81	10090	0.438	0	0	0	0.079	0	0	0.415
10090.ENSMUSP00000001147	10090.ENSMUSP00000003687	Col6a1	Tgfb3	10090	0.465	0	0	0	0.179	0.059	0	0.363
10090.ENSMUSP00000001147	10090.ENSMUSP00000110999	Col6a1	Timp1	10090	0.476	0	0	0	0.173	0	0	0.393
10090.ENSMUSP00000001147	10090.ENSMUSP00000022340	Col6a1	Nid2	10090	0.487	0	0	0	0.155	0	0	0.418
10090.ENSMUSP00000001147	10090.ENSMUSP00000097097	Col6a1	Ccdc80	10090	0.502	0	0	0	0.382	0.045	0	0.224
10090.ENSMUSP00000001147	10090.ENSMUSP00000110411	Col6a1	Fstl1	10090	0.528	0	0	0	0.442	0	0	0.19
10090.ENSMUSP00000001147	10090.ENSMUSP00000009789	Col6a1	P4ha1	10090	0.529	0	0	0	0.058	0.058	0.4	0.22
10090.ENSMUSP00000001147	10090.ENSMUSP00000084043	Col6a1	Spp1	10090	0.554	0	0	0	0.061	0	0.4	0.272
10090.ENSMUSP00000001147	10090.ENSMUSP00000064719	Col6a1	Efemp2	10090	0.573	0	0	0	0.296	0.079	0	0.393
10090.ENSMUSP00000001147	10090.ENSMUSP00000054583	Col6a1	Fbln1	10090	0.598	0	0	0	0.353	0.079	0	0.38
10090.ENSMUSP00000001147	10090.ENSMUSP00000004968	Col6a1	Plod3	10090	0.622	0	0	0	0.077	0.086	0.5	0.21
10090.ENSMUSP00000001147	10090.ENSMUSP00000035802	Col6a1	Col16a1	10090	0.692	0	0	0	0.328	0.073	0.4	0.274
10090.ENSMUSP00000001147	10090.ENSMUSP00000101049	Col6a1	Col18a1	10090	0.756	0	0	0.163	0.126	0.093	0.4	0.482
10090.ENSMUSP00000001147	10090.ENSMUSP00000090304	Col6a1	Lama2	10090	0.773	0	0	0	0.21	0.055	0	0.721
10090.ENSMUSP00000001147	10090.ENSMUSP00000087457	Col6a1	Itgb1	10090	0.782	0	0	0	0.11	0.063	0.65	0.341
10090.ENSMUSP00000001147	10090.ENSMUSP00000071662	Col6a1	Col12a1	10090	0.787	0	0	0	0.241	0.073	0.4	0.556
10090.ENSMUSP00000001147	10090.ENSMUSP00000099981	Col6a1	Col15a1	10090	0.793	0	0	0	0.312	0.082	0.4	0.519
10090.ENSMUSP00000001147	10090.ENSMUSP00000028280	Col6a1	Col5a1	10090	0.832	0	0	0	0.584	0.075	0.4	0.359
10090.ENSMUSP00000001147	10090.ENSMUSP00000113556	Col6a1	Itga3	10090	0.835	0	0	0	0.07	0.064	0.65	0.522
10090.ENSMUSP00000001147	10090.ENSMUSP00000126390	Col6a1	Serpinh1	10090	0.857	0	0	0	0.376	0	0.5	0.578
10090.ENSMUSP00000001147	10090.ENSMUSP00000033898	Col6a1	Col4a1	10090	0.875	0	0	0	0.444	0.073	0.4	0.646
10090.ENSMUSP00000001147	10090.ENSMUSP00000031668	Col6a1	Col1a2	10090	0.891	0	0	0.162	0.712	0.068	0.4	0.32
10090.ENSMUSP00000001147	10090.ENSMUSP00000083620	Col6a1	Col5a2	10090	0.916	0	0	0.129	0.606	0.068	0.4	0.633
10090.ENSMUSP00000001147	10090.ENSMUSP00000001181	Col6a1	Col6a2	10090	0.999	0	0	0.119	0.938	0.067	0.8	0.924
10090.ENSMUSP00000001181	10090.ENSMUSP00000035271	Col6a2	Prss35	10090	0.4	0	0	0	0.098	0.051	0	0.356
10090.ENSMUSP00000001181	10090.ENSMUSP00000110999	Col6a2	Timp1	10090	0.425	0	0	0	0.171	0.051	0	0.328
10090.ENSMUSP00000001181	10090.ENSMUSP00000071868	Col6a2	Mfap2	10090	0.442	0	0	0	0.261	0.051	0	0.268
10090.ENSMUSP00000001181	10090.ENSMUSP00000016072	Col6a2	Rrbp1	10090	0.449	0	0	0	0.071	0.095	0	0.398
10090.ENSMUSP00000001181	10090.ENSMUSP00000022340	Col6a2	Nid2	10090	0.451	0	0	0	0.177	0	0	0.36
10090.ENSMUSP00000001181	10090.ENSMUSP00000009789	Col6a2	P4ha1	10090	0.483	0	0	0	0.049	0.071	0.4	0.14
10090.ENSMUSP00000001181	10090.ENSMUSP00000097097	Col6a2	Ccdc80	10090	0.487	0	0	0	0.394	0.045	0	0.185
10090.ENSMUSP00000001181	10090.ENSMUSP00000084043	Col6a2	Spp1	10090	0.501	0	0	0	0.057	0	0.4	0.19
10090.ENSMUSP00000001181	10090.ENSMUSP00000097909	Col6a2	Mrc2	10090	0.521	0	0	0	0.496	0	0	0.09
10090.ENSMUSP00000001181	10090.ENSMUSP00000003687	Col6a2	Tgfb3	10090	0.555	0	0	0	0.168	0.059	0	0.477
10090.ENSMUSP00000001181	10090.ENSMUSP00000018816	Col6a2	Copz2	10090	0.572	0	0	0	0.298	0	0	0.415
10090.ENSMUSP00000001181	10090.ENSMUSP00000064719	Col6a2	Efemp2	10090	0.591	0	0	0	0.24	0.079	0	0.463
10090.ENSMUSP00000001181	10090.ENSMUSP00000004968	Col6a2	Plod3	10090	0.612	0	0	0	0.077	0.1	0.5	0.176
10090.ENSMUSP00000001181	10090.ENSMUSP00000090304	Col6a2	Lama2	10090	0.616	0	0	0	0.206	0.055	0	0.529
10090.ENSMUSP00000001181	10090.ENSMUSP00000101049	Col6a2	Col18a1	10090	0.626	0	0	0.144	0.126	0.059	0.4	0.252
10090.ENSMUSP00000001181	10090.ENSMUSP00000110411	Col6a2	Fstl1	10090	0.634	0	0	0	0.314	0.422	0	0.152
10090.ENSMUSP00000001181	10090.ENSMUSP00000054583	Col6a2	Fbln1	10090	0.64	0	0	0	0.372	0.079	0	0.427
10090.ENSMUSP00000001181	10090.ENSMUSP00000087457	Col6a2	Itgb1	10090	0.764	0	0	0	0.07	0.066	0.65	0.317
10090.ENSMUSP00000001181	10090.ENSMUSP00000071662	Col6a2	Col12a1	10090	0.772	0	0	0	0.231	0	0.4	0.547
10090.ENSMUSP00000001181	10090.ENSMUSP00000113556	Col6a2	Itga3	10090	0.775	0	0	0	0.08	0.043	0.65	0.356
10090.ENSMUSP00000001181	10090.ENSMUSP00000099981	Col6a2	Col15a1	10090	0.812	0	0	0	0.39	0.059	0.4	0.518
10090.ENSMUSP00000001181	10090.ENSMUSP00000033898	Col6a2	Col4a1	10090	0.816	0	0	0.116	0.307	0	0.4	0.559
10090.ENSMUSP00000001181	10090.ENSMUSP00000126390	Col6a2	Serpinh1	10090	0.825	0	0	0	0.303	0	0.5	0.537
10090.ENSMUSP00000001181	10090.ENSMUSP00000035802	Col6a2	Col16a1	10090	0.85	0	0	0.108	0.317	0.422	0.4	0.399
10090.ENSMUSP00000001181	10090.ENSMUSP00000083620	Col6a2	Col5a2	10090	0.854	0	0	0.118	0.596	0	0.4	0.4
10090.ENSMUSP00000001181	10090.ENSMUSP00000028280	Col6a2	Col5a1	10090	0.87	0	0	0.107	0.589	0.075	0.4	0.459
10090.ENSMUSP00000001181	10090.ENSMUSP00000031668	Col6a2	Col1a2	10090	0.929	0	0	0.177	0.683	0	0.4	0.601
10090.ENSMUSP00000001592	10090.ENSMUSP00000086542	Jup	Nsfl1c	10090	0.4	0	0	0	0	0	0.4	0
10090.ENSMUSP00000001592	10090.ENSMUSP00000097442	Jup	Mtr	10090	0.407	0.041	0	0	0.053	0	0.4	0
10090.ENSMUSP00000001592	10090.ENSMUSP00000098066	Jup	Actb	10090	0.415	0	0	0	0	0.053	0	0.407
10090.ENSMUSP00000001592	10090.ENSMUSP00000114764	Jup	Ube2v1	10090	0.427	0	0	0	0.104	0	0	0.387
10090.ENSMUSP00000001592	10090.ENSMUSP00000034650	Jup	Mcam	10090	0.43	0	0	0	0.063	0.041	0.4	0.069
10090.ENSMUSP00000001592	10090.ENSMUSP00000058321	Jup	Cavin1	10090	0.449	0	0	0	0.066	0	0.4	0.096
10090.ENSMUSP00000001592	10090.ENSMUSP00000106963	Jup	Arhgap1	10090	0.462	0	0	0	0.046	0.137	0.4	0
10090.ENSMUSP00000001592	10090.ENSMUSP00000034756	Jup	Anxa2	10090	0.487	0	0	0	0.045	0.097	0	0.453
10090.ENSMUSP00000001592	10090.ENSMUSP00000016771	Jup	Myh9	10090	0.505	0	0	0	0.07	0	0	0.49
10090.ENSMUSP00000001592	10090.ENSMUSP00000032165	Jup	Ruvbl1	10090	0.505	0	0	0	0.064	0.449	0	0.118
10090.ENSMUSP00000001592	10090.ENSMUSP00000003687	Jup	Tgfb3	10090	0.582	0	0	0	0.051	0	0	0.577
10090.ENSMUSP00000001592	10090.ENSMUSP00000128278	Jup	Iqgap1	10090	0.593	0	0	0	0.089	0.136	0.4	0.24
10090.ENSMUSP00000001592	10090.ENSMUSP00000117022	Jup	Nme1	10090	0.651	0	0	0	0	0	0	0.651
10090.ENSMUSP00000001592	10090.ENSMUSP00000156728	Jup	Tjp2	10090	0.71	0	0	0	0.079	0.051	0.4	0.512
10090.ENSMUSP00000001592	10090.ENSMUSP00000027667	Jup	Pkp1	10090	0.932	0	0	0	0.066	0.11	0.5	0.856
10090.ENSMUSP00000001592	10090.ENSMUSP00000074702	Jup	Dsc2	10090	0.996	0	0	0	0.135	0.136	0.5	0.992
10090.ENSMUSP00000001592	10090.ENSMUSP00000115062	Jup	Dsp	10090	0.999	0	0	0	0.118	0.564	0.8	0.998
10090.ENSMUSP00000001620	10090.ENSMUSP00000120115	Fxr1	Hnrnpm	10090	0.413	0	0	0	0.115	0.163	0	0.271
10090.ENSMUSP00000001620	10090.ENSMUSP00000048153	Fxr1	Rbmxl1	10090	0.426	0	0	0	0.142	0.047	0	0.353
10090.ENSMUSP00000001620	10090.ENSMUSP00000026667	Fxr1	Eif4a3	10090	0.426	0	0	0	0.145	0.123	0	0.296
10090.ENSMUSP00000001620	10090.ENSMUSP00000127774	Fxr1	Eif4b	10090	0.461	0	0	0	0.094	0.047	0	0.425
10090.ENSMUSP00000001620	10090.ENSMUSP00000047571	Fxr1	Hnrnpu	10090	0.463	0	0	0	0.101	0.163	0	0.343
10090.ENSMUSP00000001620	10090.ENSMUSP00000106090	Fxr1	Cops2	10090	0.474	0	0	0	0.454	0	0	0.076
10090.ENSMUSP00000001620	10090.ENSMUSP00000111120	Fxr1	Eif4g1	10090	0.54	0	0	0	0.101	0.237	0	0.383
10090.ENSMUSP00000001620	10090.ENSMUSP00000143859	Fxr1	Ube3a	10090	0.557	0	0	0	0.251	0	0	0.433
10090.ENSMUSP00000001620	10090.ENSMUSP00000020640	Fxr1	Rack1	10090	0.558	0	0	0	0.114	0.064	0	0.51
10090.ENSMUSP00000001620	10090.ENSMUSP00000101858	Fxr1	Fus	10090	0.572	0	0	0	0.115	0.099	0	0.506
10090.ENSMUSP00000001620	10090.ENSMUSP00000039110	Fxr1	Serbp1	10090	0.609	0	0	0	0.083	0.381	0	0.366
10090.ENSMUSP00000001620	10090.ENSMUSP00000081142	Fxr1	Tardbp	10090	0.642	0	0	0	0.202	0.084	0	0.549
10090.ENSMUSP00000001620	10090.ENSMUSP00000126897	Fxr1	Mov10	10090	0.764	0	0	0	0	0	0	0.764
10090.ENSMUSP00000001620	10090.ENSMUSP00000027438	Fxr1	Ncl	10090	0.78	0	0	0	0.079	0.066	0	0.765
10090.ENSMUSP00000001620	10090.ENSMUSP00000029803	Fxr1	Eif4e	10090	0.793	0	0	0	0.116	0	0	0.776
10090.ENSMUSP00000001620	10090.ENSMUSP00000028607	Fxr1	Caprin1	10090	0.84	0	0	0	0.073	0.461	0	0.705
10090.ENSMUSP00000001620	10090.ENSMUSP00000112104	Fxr1	Hnrnpk	10090	0.843	0	0	0	0.159	0.163	0	0.795
10090.ENSMUSP00000001620	10090.ENSMUSP00000078589	Fxr1	Ybx1	10090	0.863	0	0	0	0.068	0.093	0	0.851
10090.ENSMUSP00000001620	10090.ENSMUSP00000059404	Fxr1	Pura	10090	0.905	0	0	0	0.052	0.191	0	0.886
10090.ENSMUSP00000001825	10090.ENSMUSP00000106090	Chordc1	Cops2	10090	0.403	0	0	0	0.338	0	0	0.135
10090.ENSMUSP00000001825	10090.ENSMUSP00000022256	Chordc1	Psmd6	10090	0.425	0	0	0	0.329	0	0	0.177
10090.ENSMUSP00000001825	10090.ENSMUSP00000025918	Chordc1	Stip1	10090	0.476	0	0	0	0.381	0.066	0	0.166
10090.ENSMUSP00000001825	10090.ENSMUSP00000032508	Chordc1	Fkbp4	10090	0.498	0	0	0	0.212	0.276	0	0.191
10090.ENSMUSP00000001825	10090.ENSMUSP00000019615	Chordc1	Cdc37	10090	0.517	0	0	0	0.061	0.314	0	0.31
10090.ENSMUSP00000001825	10090.ENSMUSP00000050292	Chordc1	Ptges3	10090	0.518	0	0	0	0.188	0	0	0.43
10090.ENSMUSP00000001825	10090.ENSMUSP00000060900	Chordc1	Trnt1	10090	0.581	0	0	0	0.581	0	0	0
10090.ENSMUSP00000001825	10090.ENSMUSP00000129730	Chordc1	Dnaja1	10090	0.683	0	0	0	0.568	0.042	0	0.295
10090.ENSMUSP00000001825	10090.ENSMUSP00000052942	Chordc1	Sugt1	10090	0.762	0	0	0	0.151	0.51	0	0.473
10090.ENSMUSP00000001825	10090.ENSMUSP00000003183	Chordc1	Ppp5c	10090	0.778	0	0	0	0.095	0.623	0	0.402
10090.ENSMUSP00000001825	10090.ENSMUSP00000144413	Chordc1	Hsph1	10090	0.824	0	0	0	0.7	0.052	0	0.433
10090.ENSMUSP00000001825	10090.ENSMUSP00000091921	Chordc1	Hsp90aa1	10090	0.947	0	0	0	0.313	0.822	0	0.606
10090.ENSMUSP00000002064	10090.ENSMUSP00000021114	Blvra	Galk1	10090	0.48	0.063	0	0	0.111	0.304	0	0.209
10090.ENSMUSP00000002064	10090.ENSMUSP00000026576	Blvra	Taldo1	10090	0.482	0.101	0	0	0.176	0	0	0.356
10090.ENSMUSP00000002064	10090.ENSMUSP00000004327	Blvra	G6pdx	10090	0.552	0	0	0	0.098	0.056	0	0.516
10090.ENSMUSP00000002064	10090.ENSMUSP00000030830	Blvra	H6pd	10090	0.626	0.088	0	0	0.091	0.056	0	0.579
10090.ENSMUSP00000002133	10090.ENSMUSP00000028392	Sdf2	Dnajc10	10090	0.406	0	0	0	0.061	0.237	0	0.237
10090.ENSMUSP00000002133	10090.ENSMUSP00000076521	Sdf2	Pdia4	10090	0.512	0	0	0	0.091	0	0	0.485
10090.ENSMUSP00000002133	10090.ENSMUSP00000042009	Sdf2	Bag2	10090	0.72	0	0	0	0	0	0.72	0
10090.ENSMUSP00000002133	10090.ENSMUSP00000003183	Sdf2	Ppp5c	10090	0.723	0	0	0	0.053	0	0.72	0
10090.ENSMUSP00000002133	10090.ENSMUSP00000050292	Sdf2	Ptges3	10090	0.724	0	0	0	0.058	0	0.72	0
10090.ENSMUSP00000002133	10090.ENSMUSP00000158738	Sdf2	Cct6a	10090	0.728	0	0	0	0.071	0	0.72	0
10090.ENSMUSP00000002133	10090.ENSMUSP00000032165	Sdf2	Ruvbl1	10090	0.732	0	0	0	0.065	0.061	0.72	0
10090.ENSMUSP00000002133	10090.ENSMUSP00000032078	Sdf2	Cct7	10090	0.734	0	0	0	0.091	0	0.72	0
10090.ENSMUSP00000002133	10090.ENSMUSP00000116108	Sdf2	Tcp1	10090	0.737	0	0	0	0.083	0	0.72	0.06
10090.ENSMUSP00000002133	10090.ENSMUSP00000022842	Sdf2	Cct5	10090	0.74	0	0	0	0.11	0	0.72	0
10090.ENSMUSP00000002133	10090.ENSMUSP00000019615	Sdf2	Cdc37	10090	0.749	0	0	0	0.078	0	0.72	0.105
10090.ENSMUSP00000002133	10090.ENSMUSP00000025918	Sdf2	Stip1	10090	0.757	0	0	0	0.053	0	0.72	0.158
10090.ENSMUSP00000002198	10090.ENSMUSP00000066181	Sf3a1	Immt	10090	0.407	0	0	0	0.067	0	0	0.39
10090.ENSMUSP00000002198	10090.ENSMUSP00000007814	Sf3a1	Khsrp	10090	0.42	0	0	0	0.281	0	0	0.226
10090.ENSMUSP00000002198	10090.ENSMUSP00000112104	Sf3a1	Hnrnpk	10090	0.44	0	0	0	0.115	0.068	0	0.376
10090.ENSMUSP00000002198	10090.ENSMUSP00000092242	Sf3a1	Dnajc8	10090	0.454	0	0	0	0.146	0.387	0	0
10090.ENSMUSP00000002198	10090.ENSMUSP00000079722	Sf3a1	Thrap3	10090	0.457	0	0	0	0.23	0.103	0	0.277
10090.ENSMUSP00000002198	10090.ENSMUSP00000133649	Sf3a1	Syncrip	10090	0.46	0	0	0	0.184	0.248	0	0.19
10090.ENSMUSP00000002198	10090.ENSMUSP00000048153	Sf3a1	Rbmxl1	10090	0.47	0	0	0	0.12	0.236	0	0.275
10090.ENSMUSP00000002198	10090.ENSMUSP00000043123	Sf3a1	Srrt	10090	0.474	0	0	0	0.46	0.066	0	0
10090.ENSMUSP00000002198	10090.ENSMUSP00000026667	Sf3a1	Eif4a3	10090	0.49	0	0	0	0.198	0.248	0	0.222
10090.ENSMUSP00000002198	10090.ENSMUSP00000081142	Sf3a1	Tardbp	10090	0.492	0	0	0	0.293	0.236	0	0.134
10090.ENSMUSP00000002198	10090.ENSMUSP00000032824	Sf3a1	Psmc4	10090	0.497	0	0	0	0.066	0	0	0.483
10090.ENSMUSP00000002198	10090.ENSMUSP00000047571	Sf3a1	Hnrnpu	10090	0.501	0	0	0	0.141	0.25	0	0.288
10090.ENSMUSP00000002198	10090.ENSMUSP00000101924	Sf3a1	Ppih	10090	0.553	0	0	0	0.091	0.472	0	0.144
10090.ENSMUSP00000002198	10090.ENSMUSP00000027777	Sf3a1	Parp1	10090	0.606	0	0	0	0.587	0	0	0.084
10090.ENSMUSP00000002198	10090.ENSMUSP00000120115	Sf3a1	Hnrnpm	10090	0.645	0	0	0	0.305	0.362	0	0.263
10090.ENSMUSP00000002198	10090.ENSMUSP00000114968	Sf3a1	Plrg1	10090	0.945	0	0	0	0.169	0.873	0	0.528
10090.ENSMUSP00000002198	10090.ENSMUSP00000119841	Sf3a1	Lsm6	10090	0.949	0	0	0	0.054	0.825	0.72	0
10090.ENSMUSP00000002198	10090.ENSMUSP00000057238	Sf3a1	Lsm8	10090	0.96	0	0	0	0.049	0.822	0.72	0.259
10090.ENSMUSP00000002198	10090.ENSMUSP00000007266	Sf3a1	Lsm2	10090	0.96	0	0	0	0.079	0.825	0.72	0.22
10090.ENSMUSP00000002198	10090.ENSMUSP00000034311	Sf3a1	Lsm4	10090	0.964	0	0	0	0.063	0.85	0.72	0.211
10090.ENSMUSP00000002198	10090.ENSMUSP00000020397	Sf3a1	Snrpd3	10090	0.967	0	0	0	0.137	0.827	0.72	0.316
10090.ENSMUSP00000002198	10090.ENSMUSP00000037597	Sf3a1	Snrpd2	10090	0.978	0	0	0	0.134	0.88	0.72	0.355
10090.ENSMUSP00000002198	10090.ENSMUSP00000021306	Sf3a1	Eftud2	10090	0.988	0	0	0	0.367	0.867	0.72	0.552
10090.ENSMUSP00000002198	10090.ENSMUSP00000136858	Sf3a1	Prpf19	10090	0.989	0	0	0	0.149	0.978	0	0.499
10090.ENSMUSP00000002198	10090.ENSMUSP00000086987	Sf3a1	Snrpg	10090	0.99	0	0	0	0.117	0.963	0.72	0.08
10090.ENSMUSP00000002198	10090.ENSMUSP00000002551	Sf3a1	Snrpd1	10090	0.996	0	0	0	0.066	0.974	0.72	0.561
10090.ENSMUSP00000002198	10090.ENSMUSP00000133245	Sf3a1	Ddx46	10090	0.996	0	0	0	0.237	0.978	0.5	0.631
10090.ENSMUSP00000002198	10090.ENSMUSP00000117947	Sf3a1	Snrpa1	10090	0.997	0	0	0	0.15	0.978	0.72	0.565
10090.ENSMUSP00000002198	10090.ENSMUSP00000099509	Sf3a1	Snrnp200	10090	0.998	0	0	0	0.293	0.978	0.72	0.64
10090.ENSMUSP00000002400	10090.ENSMUSP00000022256	Mdp1	Psmd6	10090	0.409	0	0	0	0.066	0	0	0.393
10090.ENSMUSP00000002445	10090.ENSMUSP00000099930	Ranbp3	Set	10090	0.444	0	0	0	0.187	0.345	0	0
10090.ENSMUSP00000002445	10090.ENSMUSP00000008594	Ranbp3	Nutf2	10090	0.475	0	0	0	0.089	0	0	0.447
10090.ENSMUSP00000002445	10090.ENSMUSP00000036555	Ranbp3	Ipo4	10090	0.498	0	0	0	0.149	0	0	0.434
10090.ENSMUSP00000002445	10090.ENSMUSP00000021514	Ranbp3	Ppm1a	10090	0.593	0	0	0	0.048	0.238	0	0.484
10090.ENSMUSP00000002445	10090.ENSMUSP00000022496	Ranbp3	Kpna3	10090	0.641	0	0	0	0.07	0.491	0	0.303
10090.ENSMUSP00000002551	10090.ENSMUSP00000025204	Snrpd1	Pfdn1	10090	0.408	0	0	0	0.4	0	0	0.053
10090.ENSMUSP00000002551	10090.ENSMUSP00000038964	Snrpd1	Rbm3	10090	0.409	0	0	0	0.172	0.238	0	0.138
10090.ENSMUSP00000002551	10090.ENSMUSP00000121005	Snrpd1	Hnrnpdl	10090	0.418	0	0	0	0.116	0.238	0	0.205
10090.ENSMUSP00000002551	10090.ENSMUSP00000096777	Snrpd1	Eif2s2	10090	0.437	0	0	0	0.261	0	0	0.269
10090.ENSMUSP00000002551	10090.ENSMUSP00000007980	Snrpd1	Hnrnpa0	10090	0.444	0	0	0	0.223	0.238	0	0.137
10090.ENSMUSP00000002551	10090.ENSMUSP00000032440	Snrpd1	Sec13	10090	0.452	0	0	0	0.125	0	0.4	0
10090.ENSMUSP00000002551	10090.ENSMUSP00000048153	Snrpd1	Rbmxl1	10090	0.455	0	0	0	0.162	0.238	0	0.215
10090.ENSMUSP00000002551	10090.ENSMUSP00000101858	Snrpd1	Fus	10090	0.46	0	0	0	0.182	0.244	0	0.197
10090.ENSMUSP00000002551	10090.ENSMUSP00000075067	Snrpd1	Npm1	10090	0.479	0	0	0	0.254	0.227	0	0.169
10090.ENSMUSP00000002551	10090.ENSMUSP00000027173	Snrpd1	Wdr12	10090	0.481	0	0.392	0	0.18	0	0	0
10090.ENSMUSP00000002551	10090.ENSMUSP00000133649	Snrpd1	Syncrip	10090	0.485	0	0	0	0.267	0.221	0	0.171
10090.ENSMUSP00000002551	10090.ENSMUSP00000032165	Snrpd1	Ruvbl1	10090	0.491	0	0	0	0.333	0.086	0	0.232
10090.ENSMUSP00000002551	10090.ENSMUSP00000117616	Snrpd1	Tpr	10090	0.509	0	0	0	0.119	0.146	0.4	0
10090.ENSMUSP00000002551	10090.ENSMUSP00000081142	Snrpd1	Tardbp	10090	0.515	0	0	0	0.305	0.238	0	0.158
10090.ENSMUSP00000002551	10090.ENSMUSP00000034226	Snrpd1	Fam192a	10090	0.534	0	0	0	0.043	0.534	0	0
10090.ENSMUSP00000002551	10090.ENSMUSP00000143910	Snrpd1	Eif4h	10090	0.546	0	0	0	0.12	0.238	0	0.377
10090.ENSMUSP00000002551	10090.ENSMUSP00000133728	Snrpd1	Hnrnpl	10090	0.547	0	0	0	0.375	0.1	0	0.259
10090.ENSMUSP00000002551	10090.ENSMUSP00000047571	Snrpd1	Hnrnpu	10090	0.585	0	0	0	0.166	0.171	0	0.448
10090.ENSMUSP00000002551	10090.ENSMUSP00000005923	Snrpd1	Psmb4	10090	0.597	0	0.296	0	0.228	0	0	0.318
10090.ENSMUSP00000002551	10090.ENSMUSP00000026667	Snrpd1	Eif4a3	10090	0.605	0	0	0	0.275	0.413	0	0.145
10090.ENSMUSP00000002551	10090.ENSMUSP00000120115	Snrpd1	Hnrnpm	10090	0.626	0	0	0	0.309	0.294	0	0.294
10090.ENSMUSP00000002551	10090.ENSMUSP00000112104	Snrpd1	Hnrnpk	10090	0.676	0	0	0	0.424	0.365	0	0.186
10090.ENSMUSP00000002551	10090.ENSMUSP00000078589	Snrpd1	Ybx1	10090	0.812	0	0	0	0.065	0.262	0.72	0.144
10090.ENSMUSP00000002551	10090.ENSMUSP00000019882	Snrpd1	Polr2i	10090	0.824	0	0	0	0.159	0.8	0	0
10090.ENSMUSP00000002551	10090.ENSMUSP00000004786	Snrpd1	Polr2e	10090	0.834	0	0	0	0.154	0.8	0	0.102
10090.ENSMUSP00000002551	10090.ENSMUSP00000021405	Snrpd1	Polr2h	10090	0.859	0	0	0	0.206	0.8	0	0.185
10090.ENSMUSP00000002551	10090.ENSMUSP00000129620	Snrpd1	Erh	10090	0.901	0	0	0	0.643	0	0.72	0.091
10090.ENSMUSP00000002551	10090.ENSMUSP00000068267	Snrpd1	Strap	10090	0.911	0	0	0	0.232	0.211	0.72	0.537
10090.ENSMUSP00000002551	10090.ENSMUSP00000101924	Snrpd1	Ppih	10090	0.932	0	0	0	0.51	0.416	0.72	0.26
10090.ENSMUSP00000002551	10090.ENSMUSP00000114968	Snrpd1	Plrg1	10090	0.977	0	0	0	0.097	0.914	0.72	0.104
10090.ENSMUSP00000002551	10090.ENSMUSP00000034311	Snrpd1	Lsm4	10090	0.99	0	0	0	0.282	0.904	0.72	0.577
10090.ENSMUSP00000002551	10090.ENSMUSP00000133245	Snrpd1	Ddx46	10090	0.99	0	0	0	0.074	0.978	0.5	0.174
10090.ENSMUSP00000002551	10090.ENSMUSP00000119841	Snrpd1	Lsm6	10090	0.992	0	0	0	0.326	0.884	0.72	0.689
10090.ENSMUSP00000002551	10090.ENSMUSP00000007266	Snrpd1	Lsm2	10090	0.994	0	0	0	0.338	0.899	0.72	0.721
10090.ENSMUSP00000002551	10090.ENSMUSP00000099509	Snrpd1	Snrnp200	10090	0.995	0	0	0	0.098	0.978	0.72	0.299
10090.ENSMUSP00000002551	10090.ENSMUSP00000057238	Snrpd1	Lsm8	10090	0.995	0	0	0	0.342	0.927	0.72	0.702
10090.ENSMUSP00000002551	10090.ENSMUSP00000136858	Snrpd1	Prpf19	10090	0.996	0	0	0	0.181	0.984	0.72	0.21
10090.ENSMUSP00000002551	10090.ENSMUSP00000021306	Snrpd1	Eftud2	10090	0.998	0	0	0	0.192	0.982	0.72	0.679
10090.ENSMUSP00000002551	10090.ENSMUSP00000117947	Snrpd1	Snrpa1	10090	0.998	0	0	0	0.392	0.981	0.72	0.44
10090.ENSMUSP00000002551	10090.ENSMUSP00000086987	Snrpd1	Snrpg	10090	0.999	0	0	0	0.861	0.991	0.9	0.803
10090.ENSMUSP00000002551	10090.ENSMUSP00000037597	Snrpd1	Snrpd2	10090	0.999	0	0	0	0.884	0.992	0.9	0.997
10090.ENSMUSP00000002551	10090.ENSMUSP00000020397	Snrpd1	Snrpd3	10090	0.999	0	0	0	0.872	0.99	0.9	0.949
10090.ENSMUSP00000002678	10090.ENSMUSP00000033093	Tgfb1	Bax	10090	0.415	0	0	0	0.1	0	0	0.377
10090.ENSMUSP00000002678	10090.ENSMUSP00000099087	Tgfb1	Adam17	10090	0.416	0	0	0	0.046	0	0	0.413
10090.ENSMUSP00000002678	10090.ENSMUSP00000034650	Tgfb1	Mcam	10090	0.417	0	0	0	0.053	0	0	0.41
10090.ENSMUSP00000002678	10090.ENSMUSP00000023610	Tgfb1	Adamts1	10090	0.438	0	0	0	0	0	0	0.438
10090.ENSMUSP00000002678	10090.ENSMUSP00000091921	Tgfb1	Hsp90aa1	10090	0.442	0	0	0	0	0	0	0.442
10090.ENSMUSP00000002678	10090.ENSMUSP00000105173	Tgfb1	Vcan	10090	0.442	0	0	0	0	0	0	0.442
10090.ENSMUSP00000002678	10090.ENSMUSP00000024866	Tgfb1	Xdh	10090	0.451	0	0	0	0.057	0	0	0.442
10090.ENSMUSP00000002678	10090.ENSMUSP00000041149	Tgfb1	Mif	10090	0.453	0	0	0	0.042	0	0	0.453
10090.ENSMUSP00000002678	10090.ENSMUSP00000028280	Tgfb1	Col5a1	10090	0.457	0	0	0	0.064	0.117	0	0.396
10090.ENSMUSP00000002678	10090.ENSMUSP00000126390	Tgfb1	Serpinh1	10090	0.459	0	0	0	0.053	0	0	0.452
10090.ENSMUSP00000002678	10090.ENSMUSP00000101049	Tgfb1	Col18a1	10090	0.462	0	0	0	0.05	0	0	0.457
10090.ENSMUSP00000002678	10090.ENSMUSP00000155052	Tgfb1	Myh11	10090	0.464	0	0	0	0.05	0	0	0.459
10090.ENSMUSP00000002678	10090.ENSMUSP00000043768	Tgfb1	Cd81	10090	0.467	0	0	0	0.086	0	0	0.441
10090.ENSMUSP00000002678	10090.ENSMUSP00000033941	Tgfb1	Plat	10090	0.472	0	0	0	0.041	0	0	0.472
10090.ENSMUSP00000002678	10090.ENSMUSP00000110411	Tgfb1	Fstl1	10090	0.476	0	0	0	0	0.117	0	0.431
10090.ENSMUSP00000002678	10090.ENSMUSP00000080302	Tgfb1	Pgk1	10090	0.481	0	0	0	0	0	0	0.481
10090.ENSMUSP00000002678	10090.ENSMUSP00000028430	Tgfb1	Cyct	10090	0.485	0	0	0	0	0	0	0.485
10090.ENSMUSP00000002678	10090.ENSMUSP00000006367	Tgfb1	Htra1	10090	0.494	0	0	0	0	0.292	0	0.315
10090.ENSMUSP00000002678	10090.ENSMUSP00000067066	Tgfb1	Lif	10090	0.501	0	0	0	0.072	0	0	0.484
10090.ENSMUSP00000002678	10090.ENSMUSP00000088493	Tgfb1	Nes	10090	0.515	0	0	0	0.064	0.059	0	0.494
10090.ENSMUSP00000002678	10090.ENSMUSP00000031318	Tgfb1	Cxcl5	10090	0.516	0	0	0	0.043	0	0	0.515
10090.ENSMUSP00000002678	10090.ENSMUSP00000082682	Tgfb1	Hmgb1	10090	0.539	0	0	0	0	0	0	0.539
10090.ENSMUSP00000002678	10090.ENSMUSP00000068267	Tgfb1	Strap	10090	0.54	0	0	0	0	0	0.5	0.118
10090.ENSMUSP00000002678	10090.ENSMUSP00000033898	Tgfb1	Col4a1	10090	0.542	0	0	0	0.103	0.059	0	0.501
10090.ENSMUSP00000002678	10090.ENSMUSP00000159109	Tgfb1	Cgn	10090	0.546	0	0	0	0	0	0.5	0.131
10090.ENSMUSP00000002678	10090.ENSMUSP00000030332	Tgfb1	Gpx7	10090	0.55	0	0	0	0.09	0	0	0.526
10090.ENSMUSP00000002678	10090.ENSMUSP00000054583	Tgfb1	Fbln1	10090	0.552	0	0	0	0.054	0.071	0	0.531
10090.ENSMUSP00000002678	10090.ENSMUSP00000133302	Tgfb1	Apoe	10090	0.573	0	0	0	0.043	0	0	0.573
10090.ENSMUSP00000002678	10090.ENSMUSP00000118169	Tgfb1	Lgals3	10090	0.574	0	0	0	0.066	0	0	0.563
10090.ENSMUSP00000002678	10090.ENSMUSP00000141132	Tgfb1	Stat1	10090	0.59	0	0	0	0.057	0	0	0.583
10090.ENSMUSP00000002678	10090.ENSMUSP00000156375	Tgfb1	Fst	10090	0.596	0	0	0	0	0.127	0	0.556
10090.ENSMUSP00000002678	10090.ENSMUSP00000031327	Tgfb1	Cxcl1	10090	0.618	0	0	0	0.062	0	0	0.61
10090.ENSMUSP00000002678	10090.ENSMUSP00000028735	Tgfb1	Jag1	10090	0.626	0	0	0	0.054	0.071	0	0.609
10090.ENSMUSP00000002678	10090.ENSMUSP00000107760	Tgfb1	Pzp	10090	0.639	0	0	0	0	0.075	0	0.626
10090.ENSMUSP00000002678	10090.ENSMUSP00000029266	Tgfb1	Anxa5	10090	0.654	0	0	0	0.131	0	0	0.618
10090.ENSMUSP00000002678	10090.ENSMUSP00000031320	Tgfb1	Pf4	10090	0.66	0	0	0	0.08	0	0	0.646
10090.ENSMUSP00000002678	10090.ENSMUSP00000113556	Tgfb1	Itga3	10090	0.689	0	0	0	0.042	0.263	0	0.596
10090.ENSMUSP00000002678	10090.ENSMUSP00000031668	Tgfb1	Col1a2	10090	0.694	0	0	0	0.041	0.059	0	0.688
10090.ENSMUSP00000002678	10090.ENSMUSP00000147767	Tgfb1	Casp3	10090	0.709	0	0	0	0	0	0	0.709
10090.ENSMUSP00000002678	10090.ENSMUSP00000084043	Tgfb1	Spp1	10090	0.713	0	0	0	0.054	0	0	0.709
10090.ENSMUSP00000002678	10090.ENSMUSP00000004990	Tgfb1	Mapk14	10090	0.728	0	0	0	0.068	0	0	0.72
10090.ENSMUSP00000002678	10090.ENSMUSP00000098066	Tgfb1	Actb	10090	0.77	0	0	0	0	0	0	0.77
10090.ENSMUSP00000002678	10090.ENSMUSP00000110999	Tgfb1	Timp1	10090	0.811	0	0	0	0.132	0.042	0	0.791
10090.ENSMUSP00000002678	10090.ENSMUSP00000032203	Tgfb1	A2m	10090	0.91	0	0	0	0	0.075	0	0.907
10090.ENSMUSP00000002678	10090.ENSMUSP00000087457	Tgfb1	Itgb1	10090	0.927	0	0	0	0.128	0.24	0.5	0.808
10090.ENSMUSP00000002678	10090.ENSMUSP00000003687	Tgfb1	Tgfb3	10090	0.983	0	0	0	0.045	0	0.9	0.844
10090.ENSMUSP00000002818	10090.ENSMUSP00000119102	Ykt6	Snx12	10090	0.436	0	0	0	0.164	0	0	0.353
10090.ENSMUSP00000002818	10090.ENSMUSP00000024963	Ykt6	Mcfd2	10090	0.509	0	0	0	0.06	0	0.5	0
10090.ENSMUSP00000002818	10090.ENSMUSP00000006629	Ykt6	Sptbn1	10090	0.515	0	0	0	0	0	0.5	0.07
10090.ENSMUSP00000002818	10090.ENSMUSP00000021940	Ykt6	Lman2	10090	0.52	0	0	0	0.081	0	0.5	0
10090.ENSMUSP00000002818	10090.ENSMUSP00000018816	Ykt6	Copz2	10090	0.531	0	0	0	0.101	0	0.5	0
10090.ENSMUSP00000002818	10090.ENSMUSP00000097738	Ykt6	Copz1	10090	0.537	0	0	0	0.113	0	0.5	0
10090.ENSMUSP00000002818	10090.ENSMUSP00000092157	Ykt6	Sec31a	10090	0.57	0	0	0	0.061	0	0.5	0.157
10090.ENSMUSP00000002818	10090.ENSMUSP00000025804	Ykt6	Rab1b	10090	0.677	0	0	0	0.119	0.061	0.5	0.311
10090.ENSMUSP00000002818	10090.ENSMUSP00000071078	Ykt6	Cope	10090	0.711	0	0	0	0.065	0	0.5	0.432
10090.ENSMUSP00000002818	10090.ENSMUSP00000021375	Ykt6	Sec23a	10090	0.722	0	0	0	0.117	0	0.5	0.422
10090.ENSMUSP00000002818	10090.ENSMUSP00000032440	Ykt6	Sec13	10090	0.729	0	0	0	0.187	0	0.5	0.386
10090.ENSMUSP00000002818	10090.ENSMUSP00000129481	Ykt6	Rabggtb	10090	0.82	0	0	0	0.077	0.773	0	0.213
10090.ENSMUSP00000002818	10090.ENSMUSP00000031355	Ykt6	Uso1	10090	0.863	0	0	0	0.154	0.232	0.5	0.628
10090.ENSMUSP00000002818	10090.ENSMUSP00000006181	Ykt6	Napa	10090	0.951	0	0	0	0.057	0.706	0.72	0.448
10090.ENSMUSP00000002818	10090.ENSMUSP00000029476	Ykt6	Sec22b	10090	0.987	0	0	0	0.064	0.721	0.72	0.849
10090.ENSMUSP00000003117	10090.ENSMUSP00000042283	Ap1m1	Supt16	10090	0.458	0	0.401	0	0.042	0	0	0.131
10090.ENSMUSP00000003117	10090.ENSMUSP00000043167	Ap1m1	Gns	10090	0.501	0	0	0	0.043	0	0.5	0
10090.ENSMUSP00000003117	10090.ENSMUSP00000006181	Ap1m1	Napa	10090	0.529	0	0	0	0.091	0	0.5	0.047
10090.ENSMUSP00000003117	10090.ENSMUSP00000019317	Ap1m1	Rab5c	10090	0.571	0	0	0	0.043	0	0.5	0.176
10090.ENSMUSP00000003117	10090.ENSMUSP00000123564	Ap1m1	Sort1	10090	0.574	0	0	0	0	0	0.5	0.183
10090.ENSMUSP00000003117	10090.ENSMUSP00000025181	Ap1m1	H2-K1	10090	0.69	0	0	0	0	0.151	0.65	0
10090.ENSMUSP00000003117	10090.ENSMUSP00000106709	Ap1m1	Ap1s1	10090	0.994	0	0	0	0.064	0.779	0.9	0.75
10090.ENSMUSP00000003117	10090.ENSMUSP00000090844	Ap1m1	Ap1g1	10090	0.997	0	0	0	0.068	0.868	0.9	0.82
10090.ENSMUSP00000003183	10090.ENSMUSP00000056604	Ppp5c	H2bc1	10090	0.4	0	0	0	0	0	0.4	0
10090.ENSMUSP00000003183	10090.ENSMUSP00000111443	Ppp5c	Ube2v2	10090	0.4	0	0	0	0	0	0.4	0
10090.ENSMUSP00000003183	10090.ENSMUSP00000099561	Ppp5c	Mrto4	10090	0.404	0	0	0	0.367	0	0	0.097
10090.ENSMUSP00000003183	10090.ENSMUSP00000021514	Ppp5c	Ppm1a	10090	0.406	0	0	0	0.042	0.062	0	0.392
10090.ENSMUSP00000003183	10090.ENSMUSP00000096932	Ppp5c	Ube2n	10090	0.427	0	0	0	0.064	0	0.4	0.063
10090.ENSMUSP00000003183	10090.ENSMUSP00000117690	Ppp5c	Tpd52l2	10090	0.513	0	0	0	0.053	0	0	0.507
10090.ENSMUSP00000003183	10090.ENSMUSP00000065983	Ppp5c	Mapk1	10090	0.515	0	0	0	0.073	0	0.4	0.198
10090.ENSMUSP00000003183	10090.ENSMUSP00000130195	Ppp5c	St13	10090	0.52	0	0	0	0.047	0	0	0.517
10090.ENSMUSP00000003183	10090.ENSMUSP00000099391	Ppp5c	Ptges3l	10090	0.654	0	0	0	0	0.472	0	0.373
10090.ENSMUSP00000003183	10090.ENSMUSP00000032508	Ppp5c	Fkbp4	10090	0.664	0	0	0	0.158	0.061	0.4	0.376
10090.ENSMUSP00000003183	10090.ENSMUSP00000042009	Ppp5c	Bag2	10090	0.727	0	0	0	0.05	0.059	0.72	0
10090.ENSMUSP00000003183	10090.ENSMUSP00000022842	Ppp5c	Cct5	10090	0.732	0	0.003	0	0.061	0	0.72	0.064
10090.ENSMUSP00000003183	10090.ENSMUSP00000032078	Ppp5c	Cct7	10090	0.739	0	0	0	0.087	0	0.72	0.064
10090.ENSMUSP00000003183	10090.ENSMUSP00000158738	Ppp5c	Cct6a	10090	0.747	0	0	0	0.114	0	0.72	0.064
10090.ENSMUSP00000003183	10090.ENSMUSP00000116108	Ppp5c	Tcp1	10090	0.773	0	0	0	0.069	0	0.72	0.2
10090.ENSMUSP00000003183	10090.ENSMUSP00000032165	Ppp5c	Ruvbl1	10090	0.776	0	0	0	0.198	0	0.72	0.083
10090.ENSMUSP00000003183	10090.ENSMUSP00000025918	Ppp5c	Stip1	10090	0.842	0	0	0	0.188	0.121	0.72	0.303
10090.ENSMUSP00000003183	10090.ENSMUSP00000050292	Ppp5c	Ptges3	10090	0.972	0	0	0	0.049	0.733	0.72	0.663
10090.ENSMUSP00000003183	10090.ENSMUSP00000091921	Ppp5c	Hsp90aa1	10090	0.976	0	0	0	0.06	0.791	0.5	0.792
10090.ENSMUSP00000003183	10090.ENSMUSP00000019615	Ppp5c	Cdc37	10090	0.977	0	0	0	0.131	0.637	0.72	0.774
10090.ENSMUSP00000003550	10090.ENSMUSP00000078589	Ncstn	Ybx1	10090	0.421	0	0	0	0	0	0.4	0.076
10090.ENSMUSP00000003550	10090.ENSMUSP00000098066	Ncstn	Actb	10090	0.427	0	0	0	0.048	0.051	0	0.417
10090.ENSMUSP00000003550	10090.ENSMUSP00000133302	Ncstn	Apoe	10090	0.48	0	0	0	0	0	0	0.48
10090.ENSMUSP00000003550	10090.ENSMUSP00000033824	Ncstn	Lamp1	10090	0.543	0	0	0	0.063	0.065	0	0.52
10090.ENSMUSP00000003550	10090.ENSMUSP00000028735	Ncstn	Jag1	10090	0.577	0	0	0	0	0.113	0	0.543
10090.ENSMUSP00000003550	10090.ENSMUSP00000146545	Ncstn	Adam9	10090	0.614	0	0	0	0.051	0	0	0.61
10090.ENSMUSP00000003550	10090.ENSMUSP00000137440	Ncstn	Canx	10090	0.634	0	0	0	0.051	0.096	0	0.607
10090.ENSMUSP00000003550	10090.ENSMUSP00000099087	Ncstn	Adam17	10090	0.741	0	0	0	0.058	0.09	0	0.722
10090.ENSMUSP00000003550	10090.ENSMUSP00000072428	Ncstn	Aplp2	10090	0.765	0	0	0	0.05	0.509	0	0.538
10090.ENSMUSP00000003550	10090.ENSMUSP00000141856	Ncstn	Apeh	10090	0.883	0	0	0	0.114	0	0	0.873
10090.ENSMUSP00000003572	10090.ENSMUSP00000091921	Gars	Hsp90aa1	10090	0.405	0	0	0	0.353	0	0	0.118
10090.ENSMUSP00000003572	10090.ENSMUSP00000022842	Gars	Cct5	10090	0.419	0	0	0	0.362	0	0	0.126
10090.ENSMUSP00000003572	10090.ENSMUSP00000130858	Gars	Tpi1	10090	0.422	0.093	0	0	0.214	0	0	0.255
10090.ENSMUSP00000003572	10090.ENSMUSP00000080302	Gars	Pgk1	10090	0.422	0.052	0	0	0.283	0	0	0.219
10090.ENSMUSP00000003572	10090.ENSMUSP00000032824	Gars	Psmc4	10090	0.429	0	0	0	0.294	0.11	0	0.165
10090.ENSMUSP00000003572	10090.ENSMUSP00000116108	Gars	Tcp1	10090	0.437	0	0	0	0.347	0	0	0.172
10090.ENSMUSP00000003572	10090.ENSMUSP00000068267	Gars	Strap	10090	0.438	0	0	0	0.313	0	0	0.216
10090.ENSMUSP00000003572	10090.ENSMUSP00000025918	Gars	Stip1	10090	0.451	0	0	0	0.223	0.077	0	0.295
10090.ENSMUSP00000003572	10090.ENSMUSP00000079180	Gars	Rps25	10090	0.453	0	0	0	0.367	0	0	0.172
10090.ENSMUSP00000003572	10090.ENSMUSP00000032998	Gars	Rps3	10090	0.539	0	0	0	0.294	0.101	0	0.332
10090.ENSMUSP00000003572	10090.ENSMUSP00000008812	Gars	Rps18	10090	0.569	0	0	0	0.535	0.077	0	0.078
10090.ENSMUSP00000003572	10090.ENSMUSP00000034349	Gars	Nae1	10090	0.596	0.042	0	0	0.098	0.093	0	0.545
10090.ENSMUSP00000003572	10090.ENSMUSP00000026667	Gars	Eif4a3	10090	0.6	0.046	0	0	0.563	0	0	0.118
10090.ENSMUSP00000003572	10090.ENSMUSP00000020286	Gars	Ppa1	10090	0.63	0.081	0	0	0.495	0	0	0.266
10090.ENSMUSP00000003572	10090.ENSMUSP00000032078	Gars	Cct7	10090	0.72	0	0	0	0.713	0	0	0.065
10090.ENSMUSP00000003572	10090.ENSMUSP00000018992	Gars	Rars	10090	0.756	0.101	0	0	0.387	0.262	0	0.471
10090.ENSMUSP00000003572	10090.ENSMUSP00000084572	Gars	Vars	10090	0.818	0.091	0	0	0.454	0	0	0.663
10090.ENSMUSP00000003572	10090.ENSMUSP00000022849	Gars	Tars	10090	0.831	0	0	0	0.342	0.117	0	0.733
10090.ENSMUSP00000003572	10090.ENSMUSP00000010899	Gars	Cars	10090	0.866	0.093	0	0	0.442	0.329	0	0.651
10090.ENSMUSP00000003572	10090.ENSMUSP00000132082	Gars	Iars	10090	0.906	0.102	0	0	0.453	0.37	0	0.734
10090.ENSMUSP00000003687	10090.ENSMUSP00000023610	Tgfb3	Adamts1	10090	0.411	0	0	0	0.146	0	0	0.338
10090.ENSMUSP00000003687	10090.ENSMUSP00000083620	Tgfb3	Col5a2	10090	0.413	0	0	0	0.18	0.059	0	0.3
10090.ENSMUSP00000003687	10090.ENSMUSP00000018816	Tgfb3	Copz2	10090	0.415	0	0	0	0.115	0	0	0.367
10090.ENSMUSP00000003687	10090.ENSMUSP00000028280	Tgfb3	Col5a1	10090	0.442	0	0	0	0.178	0.059	0	0.337
10090.ENSMUSP00000003687	10090.ENSMUSP00000074702	Tgfb3	Dsc2	10090	0.453	0	0	0	0.048	0	0	0.449
10090.ENSMUSP00000003687	10090.ENSMUSP00000004990	Tgfb3	Mapk14	10090	0.463	0	0	0	0.068	0	0	0.447
10090.ENSMUSP00000003687	10090.ENSMUSP00000064719	Tgfb3	Efemp2	10090	0.472	0	0	0	0.171	0	0	0.389
10090.ENSMUSP00000003687	10090.ENSMUSP00000098066	Tgfb3	Actb	10090	0.492	0	0	0	0	0	0	0.492
10090.ENSMUSP00000003687	10090.ENSMUSP00000084043	Tgfb3	Spp1	10090	0.5	0	0	0	0.059	0	0	0.49
10090.ENSMUSP00000003687	10090.ENSMUSP00000031668	Tgfb3	Col1a2	10090	0.574	0	0	0	0.153	0.059	0	0.508
10090.ENSMUSP00000003687	10090.ENSMUSP00000110999	Tgfb3	Timp1	10090	0.602	0	0	0	0.185	0.042	0	0.531
10090.ENSMUSP00000003687	10090.ENSMUSP00000156375	Tgfb3	Fst	10090	0.682	0	0	0	0.071	0.127	0	0.64
10090.ENSMUSP00000003687	10090.ENSMUSP00000087457	Tgfb3	Itgb1	10090	0.759	0	0	0	0.068	0.092	0.5	0.497
10090.ENSMUSP00000003759	10090.ENSMUSP00000113637	Ciao1	Nfu1	10090	0.429	0	0	0	0.087	0	0	0.4
10090.ENSMUSP00000003759	10090.ENSMUSP00000066621	Ciao1	Glrx3	10090	0.564	0	0	0	0.104	0.262	0	0.394
10090.ENSMUSP00000003759	10090.ENSMUSP00000084799	Ciao1	Nif3l1	10090	0.694	0	0.581	0	0.054	0	0	0.289
10090.ENSMUSP00000003808	10090.ENSMUSP00000110999	Gdf15	Timp1	10090	0.413	0	0	0	0.097	0.042	0	0.376
10090.ENSMUSP00000003808	10090.ENSMUSP00000156375	Gdf15	Fst	10090	0.447	0	0	0	0	0.127	0	0.392
10090.ENSMUSP00000003808	10090.ENSMUSP00000084043	Gdf15	Spp1	10090	0.453	0	0	0	0.108	0	0	0.412
10090.ENSMUSP00000003808	10090.ENSMUSP00000031327	Gdf15	Cxcl1	10090	0.481	0	0	0	0.203	0	0	0.376
10090.ENSMUSP00000003808	10090.ENSMUSP00000118169	Gdf15	Lgals3	10090	0.536	0	0	0	0.088	0	0	0.512
10090.ENSMUSP00000004327	10090.ENSMUSP00000099490	G6pdx	Acaca	10090	0.408	0	0	0	0.077	0	0	0.385
10090.ENSMUSP00000004327	10090.ENSMUSP00000023116	G6pdx	Aco2	10090	0.425	0	0	0	0.093	0	0	0.392
10090.ENSMUSP00000004327	10090.ENSMUSP00000047218	G6pdx	Grhpr	10090	0.441	0	0	0	0.118	0	0	0.393
10090.ENSMUSP00000004327	10090.ENSMUSP00000027810	G6pdx	Fh1	10090	0.446	0	0	0	0.058	0	0	0.436
10090.ENSMUSP00000004327	10090.ENSMUSP00000005826	G6pdx	Cs	10090	0.455	0	0	0	0.127	0	0	0.401
10090.ENSMUSP00000004327	10090.ENSMUSP00000090564	G6pdx	Fbp1	10090	0.491	0.101	0	0	0.092	0	0	0.427
10090.ENSMUSP00000004327	10090.ENSMUSP00000022062	G6pdx	Sdha	10090	0.499	0.052	0	0	0.066	0	0	0.48
10090.ENSMUSP00000004327	10090.ENSMUSP00000098066	G6pdx	Actb	10090	0.506	0	0	0	0.103	0.224	0	0.347
10090.ENSMUSP00000004327	10090.ENSMUSP00000080302	G6pdx	Pgk1	10090	0.558	0	0	0	0.094	0	0	0.532
10090.ENSMUSP00000004327	10090.ENSMUSP00000025439	G6pdx	Me2	10090	0.589	0.062	0	0	0.087	0	0	0.558
10090.ENSMUSP00000004327	10090.ENSMUSP00000099938	G6pdx	Mdh1	10090	0.621	0	0	0	0.089	0	0	0.601
10090.ENSMUSP00000004327	10090.ENSMUSP00000030332	G6pdx	Gpx7	10090	0.626	0.058	0	0	0.048	0	0	0.616
10090.ENSMUSP00000004327	10090.ENSMUSP00000017534	G6pdx	Aldoc	10090	0.861	0	0	0	0.056	0	0.8	0.323
10090.ENSMUSP00000004327	10090.ENSMUSP00000022268	G6pdx	Pdhb	10090	0.881	0	0	0	0.059	0	0.8	0.42
10090.ENSMUSP00000004327	10090.ENSMUSP00000026576	G6pdx	Taldo1	10090	0.887	0.119	0	0	0.507	0.236	0	0.701
10090.ENSMUSP00000004327	10090.ENSMUSP00000130858	G6pdx	Tpi1	10090	0.92	0	0	0	0.121	0	0.8	0.584
10090.ENSMUSP00000004327	10090.ENSMUSP00000030830	G6pdx	H6pd	10090	0.963	0.084	0	0.165	0.391	0	0.9	0.338
10090.ENSMUSP00000004327	10090.ENSMUSP00000081141	G6pdx	Pgd	10090	0.996	0.102	0.889	0.389	0.753	0.35	0	0.735
10090.ENSMUSP00000004396	10090.ENSMUSP00000039335	Atp6v1f	Timm8b	10090	0.411	0	0	0	0.198	0	0	0.296
10090.ENSMUSP00000004396	10090.ENSMUSP00000104068	Atp6v1f	Rps19	10090	0.411	0	0	0	0.114	0	0	0.363
10090.ENSMUSP00000004396	10090.ENSMUSP00000121557	Atp6v1f	Ndufv2	10090	0.43	0	0	0	0.175	0	0	0.338
10090.ENSMUSP00000004396	10090.ENSMUSP00000127566	Atp6v1f	Guk1	10090	0.438	0	0	0	0.132	0	0	0.38
10090.ENSMUSP00000004396	10090.ENSMUSP00000009693	Atp6v1f	Srp14	10090	0.441	0	0	0	0.362	0	0	0.16
10090.ENSMUSP00000004396	10090.ENSMUSP00000077856	Atp6v1f	Vps28	10090	0.447	0	0	0	0.183	0	0	0.352
10090.ENSMUSP00000004396	10090.ENSMUSP00000029722	Atp6v1f	Rps3a1	10090	0.448	0	0	0	0.448	0	0	0
10090.ENSMUSP00000004396	10090.ENSMUSP00000120528	Atp6v1f	Rps20	10090	0.456	0	0	0	0.408	0	0	0.119
10090.ENSMUSP00000004396	10090.ENSMUSP00000077744	Atp6v1f	Uqcrh	10090	0.487	0	0	0	0.368	0	0	0.221
10090.ENSMUSP00000004396	10090.ENSMUSP00000106481	Atp6v1f	Dld	10090	0.518	0	0	0	0.106	0	0	0.483
10090.ENSMUSP00000004396	10090.ENSMUSP00000038961	Atp6v1f	Gm11273	10090	0.519	0	0	0	0.15	0	0	0.457
10090.ENSMUSP00000004396	10090.ENSMUSP00000010520	Atp6v1f	Nedd8	10090	0.527	0	0	0	0.496	0.078	0	0.065
10090.ENSMUSP00000004396	10090.ENSMUSP00000005711	Atp6v1f	Chmp2a	10090	0.535	0	0	0	0.535	0	0	0
10090.ENSMUSP00000004396	10090.ENSMUSP00000022062	Atp6v1f	Sdha	10090	0.578	0	0	0	0.102	0	0	0.549
10090.ENSMUSP00000004396	10090.ENSMUSP00000032440	Atp6v1f	Sec13	10090	0.605	0	0	0	0.113	0	0.5	0.182
10090.ENSMUSP00000004396	10090.ENSMUSP00000033241	Atp6v1f	Lhpp	10090	0.65	0	0	0	0	0	0.65	0
10090.ENSMUSP00000004396	10090.ENSMUSP00000020286	Atp6v1f	Ppa1	10090	0.687	0	0	0	0.143	0	0.65	0.041
10090.ENSMUSP00000004396	10090.ENSMUSP00000101006	Atp6v1f	Atp5d	10090	0.909	0	0	0	0.245	0	0.72	0.605
10090.ENSMUSP00000004396	10090.ENSMUSP00000022904	Atp6v1f	Atp6v1c1	10090	0.994	0	0	0	0.198	0.876	0.72	0.82
10090.ENSMUSP00000004396	10090.ENSMUSP00000048770	Atp6v1f	Atp6v1g1	10090	0.995	0	0	0	0.631	0.824	0.72	0.802
10090.ENSMUSP00000004396	10090.ENSMUSP00000006435	Atp6v1f	Atp6v1b2	10090	0.998	0.12	0	0	0.732	0.878	0.72	0.822
10090.ENSMUSP00000004786	10090.ENSMUSP00000097738	Polr2e	Copz1	10090	0.4	0	0	0	0.136	0	0	0.334
10090.ENSMUSP00000004786	10090.ENSMUSP00000096777	Polr2e	Eif2s2	10090	0.406	0	0	0	0.406	0	0	0
10090.ENSMUSP00000004786	10090.ENSMUSP00000020608	Polr2e	Ppp2ca	10090	0.422	0	0	0	0.06	0.386	0	0.079
10090.ENSMUSP00000004786	10090.ENSMUSP00000009774	Polr2e	Ppp2cb	10090	0.426	0	0	0	0.104	0.386	0	0
10090.ENSMUSP00000004786	10090.ENSMUSP00000099587	Polr2e	Ppp1cc	10090	0.427	0	0	0	0.095	0.292	0	0.178
10090.ENSMUSP00000004786	10090.ENSMUSP00000032824	Polr2e	Psmc4	10090	0.432	0	0	0	0.332	0	0	0.185
10090.ENSMUSP00000004786	10090.ENSMUSP00000022925	Polr2e	Eif3h	10090	0.439	0	0	0	0.425	0	0	0.065
10090.ENSMUSP00000004786	10090.ENSMUSP00000031971	Polr2e	Ssbp1	10090	0.45	0	0	0	0.406	0	0	0.111
10090.ENSMUSP00000004786	10090.ENSMUSP00000116108	Polr2e	Tcp1	10090	0.451	0	0	0	0.216	0.05	0	0.322
10090.ENSMUSP00000004786	10090.ENSMUSP00000032998	Polr2e	Rps3	10090	0.454	0	0	0	0.263	0.29	0	0
10090.ENSMUSP00000004786	10090.ENSMUSP00000021306	Polr2e	Eftud2	10090	0.455	0.116	0	0	0.189	0.057	0	0.288
10090.ENSMUSP00000004786	10090.ENSMUSP00000129178	Polr2e	Pfdn5	10090	0.459	0	0	0	0.218	0	0	0.336
10090.ENSMUSP00000004786	10090.ENSMUSP00000120528	Polr2e	Rps20	10090	0.46	0.12	0	0	0.233	0.265	0	0
10090.ENSMUSP00000004786	10090.ENSMUSP00000032078	Polr2e	Cct7	10090	0.477	0	0	0	0.397	0.05	0	0.159
10090.ENSMUSP00000004786	10090.ENSMUSP00000058321	Polr2e	Cavin1	10090	0.499	0	0	0	0	0	0.5	0
10090.ENSMUSP00000004786	10090.ENSMUSP00000033720	Polr2e	Rbbp7	10090	0.501	0	0	0	0.128	0.094	0.4	0.071
10090.ENSMUSP00000004786	10090.ENSMUSP00000026667	Polr2e	Eif4a3	10090	0.503	0	0.007	0	0.414	0.068	0	0.162
10090.ENSMUSP00000004786	10090.ENSMUSP00000020286	Polr2e	Ppa1	10090	0.51	0	0	0	0.142	0	0	0.453
10090.ENSMUSP00000004786	10090.ENSMUSP00000025204	Polr2e	Pfdn1	10090	0.528	0	0	0	0.157	0	0	0.463
10090.ENSMUSP00000004786	10090.ENSMUSP00000139480	Polr2e	Eloc	10090	0.554	0	0	0	0.146	0	0.5	0
10090.ENSMUSP00000004786	10090.ENSMUSP00000106090	Polr2e	Cops2	10090	0.556	0	0	0	0.106	0	0.5	0.087
10090.ENSMUSP00000004786	10090.ENSMUSP00000071054	Polr2e	Psmc3	10090	0.557	0	0	0	0.278	0	0	0.411
10090.ENSMUSP00000004786	10090.ENSMUSP00000035884	Polr2e	Cops8	10090	0.571	0	0	0	0.178	0	0.5	0
10090.ENSMUSP00000004786	10090.ENSMUSP00000057238	Polr2e	Lsm8	10090	0.571	0	0	0	0.132	0	0	0.526
10090.ENSMUSP00000004786	10090.ENSMUSP00000039109	Polr2e	Ppp1ca	10090	0.576	0	0	0	0.226	0.292	0	0.289
10090.ENSMUSP00000004786	10090.ENSMUSP00000027173	Polr2e	Wdr12	10090	0.594	0	0	0	0.594	0	0	0
10090.ENSMUSP00000004786	10090.ENSMUSP00000113560	Polr2e	Wdr61	10090	0.623	0	0	0	0.124	0.534	0	0.152
10090.ENSMUSP00000004786	10090.ENSMUSP00000027050	Polr2e	Cops5	10090	0.623	0	0	0	0.184	0.066	0.5	0.129
10090.ENSMUSP00000004786	10090.ENSMUSP00000048416	Polr2e	Cops4	10090	0.627	0	0	0	0.153	0	0.5	0.192
10090.ENSMUSP00000004786	10090.ENSMUSP00000021049	Polr2e	Psmc5	10090	0.629	0	0	0	0.386	0.063	0	0.406
10090.ENSMUSP00000004786	10090.ENSMUSP00000066210	Polr2e	Elob	10090	0.631	0	0	0	0.275	0	0.5	0.066
10090.ENSMUSP00000004786	10090.ENSMUSP00000114434	Polr2e	Pa2g4	10090	0.637	0	0	0	0.637	0	0	0
10090.ENSMUSP00000004786	10090.ENSMUSP00000019638	Polr2e	Cops6	10090	0.664	0	0	0	0.294	0.066	0.5	0.102
10090.ENSMUSP00000004786	10090.ENSMUSP00000133855	Polr2e	Gps1	10090	0.668	0	0	0	0.264	0	0.5	0.17
10090.ENSMUSP00000004786	10090.ENSMUSP00000083705	Polr2e	Rplp0	10090	0.686	0	0	0	0.612	0.113	0	0.162
10090.ENSMUSP00000004786	10090.ENSMUSP00000020397	Polr2e	Snrpd3	10090	0.825	0	0	0	0.159	0.8	0	0.047
10090.ENSMUSP00000004786	10090.ENSMUSP00000086987	Polr2e	Snrpg	10090	0.869	0	0	0	0.352	0.806	0	0
10090.ENSMUSP00000004786	10090.ENSMUSP00000037597	Polr2e	Snrpd2	10090	0.89	0	0	0	0.341	0.8	0	0.236
10090.ENSMUSP00000004786	10090.ENSMUSP00000018337	Polr2e	Cdc73	10090	0.903	0	0	0	0	0.826	0	0.468
10090.ENSMUSP00000004786	10090.ENSMUSP00000042283	Polr2e	Supt16	10090	0.919	0	0	0	0.052	0.826	0.5	0.138
10090.ENSMUSP00000004786	10090.ENSMUSP00000099561	Polr2e	Mrto4	10090	0.933	0	0	0	0.894	0.377	0	0.068
10090.ENSMUSP00000004786	10090.ENSMUSP00000032165	Polr2e	Ruvbl1	10090	0.972	0	0	0	0.449	0.278	0.72	0.779
10090.ENSMUSP00000004786	10090.ENSMUSP00000040938	Polr2e	Wdr92	10090	0.994	0	0	0	0.063	0.166	0.72	0.977
10090.ENSMUSP00000004786	10090.ENSMUSP00000019882	Polr2e	Polr2i	10090	0.999	0	0	0	0.225	0.991	0.8	0.527
10090.ENSMUSP00000004786	10090.ENSMUSP00000021405	Polr2e	Polr2h	10090	0.999	0	0	0	0.617	0.991	0.8	0.758
10090.ENSMUSP00000004968	10090.ENSMUSP00000099981	Plod3	Col15a1	10090	0.56	0	0	0	0.063	0.066	0.5	0.113
10090.ENSMUSP00000004968	10090.ENSMUSP00000101049	Plod3	Col18a1	10090	0.621	0	0	0	0.091	0.072	0.5	0.208
10090.ENSMUSP00000004968	10090.ENSMUSP00000071662	Plod3	Col12a1	10090	0.634	0	0	0	0.087	0.1	0.5	0.215
10090.ENSMUSP00000004968	10090.ENSMUSP00000083620	Plod3	Col5a2	10090	0.636	0	0	0	0.094	0.1	0.5	0.213
10090.ENSMUSP00000004968	10090.ENSMUSP00000028280	Plod3	Col5a1	10090	0.64	0	0	0	0.103	0.1	0.5	0.214
10090.ENSMUSP00000004968	10090.ENSMUSP00000035802	Plod3	Col16a1	10090	0.666	0	0	0	0.09	0.116	0.5	0.268
10090.ENSMUSP00000004968	10090.ENSMUSP00000033898	Plod3	Col4a1	10090	0.676	0	0	0	0.108	0.138	0.5	0.256
10090.ENSMUSP00000004968	10090.ENSMUSP00000031668	Plod3	Col1a2	10090	0.684	0	0	0	0.09	0.1	0.5	0.319
10090.ENSMUSP00000004968	10090.ENSMUSP00000009789	Plod3	P4ha1	10090	0.707	0	0	0	0.168	0	0	0.663
10090.ENSMUSP00000004990	10090.ENSMUSP00000033941	Mapk14	Plat	10090	0.407	0	0	0	0.065	0.06	0	0.38
10090.ENSMUSP00000004990	10090.ENSMUSP00000088056	Mapk14	Ptprz1	10090	0.431	0	0	0	0	0.292	0	0.23
10090.ENSMUSP00000004990	10090.ENSMUSP00000038335	Mapk14	Rabif	10090	0.438	0	0	0	0	0	0	0.438
10090.ENSMUSP00000004990	10090.ENSMUSP00000009774	Mapk14	Ppp2cb	10090	0.456	0	0	0	0.101	0.144	0	0.35
10090.ENSMUSP00000004990	10090.ENSMUSP00000079107	Mapk14	Ppm1b	10090	0.463	0	0	0	0.145	0.247	0	0.234
10090.ENSMUSP00000004990	10090.ENSMUSP00000033093	Mapk14	Bax	10090	0.473	0	0	0	0.043	0.041	0	0.472
10090.ENSMUSP00000004990	10090.ENSMUSP00000021514	Mapk14	Ppm1a	10090	0.486	0	0	0	0.118	0.247	0	0.287
10090.ENSMUSP00000004990	10090.ENSMUSP00000081782	Mapk14	Ipo7	10090	0.493	0	0	0	0.047	0.067	0	0.476
10090.ENSMUSP00000004990	10090.ENSMUSP00000081142	Mapk14	Tardbp	10090	0.498	0	0	0	0.079	0.085	0	0.452
10090.ENSMUSP00000004990	10090.ENSMUSP00000087457	Mapk14	Itgb1	10090	0.499	0	0	0	0.041	0	0	0.5
10090.ENSMUSP00000004990	10090.ENSMUSP00000084043	Mapk14	Spp1	10090	0.503	0	0	0	0.066	0	0	0.49
10090.ENSMUSP00000004990	10090.ENSMUSP00000099087	Mapk14	Adam17	10090	0.515	0	0	0	0.057	0.066	0	0.493
10090.ENSMUSP00000004990	10090.ENSMUSP00000029803	Mapk14	Eif4e	10090	0.524	0	0	0	0	0	0	0.524
10090.ENSMUSP00000004990	10090.ENSMUSP00000024866	Mapk14	Xdh	10090	0.525	0	0	0	0	0	0	0.525
10090.ENSMUSP00000004990	10090.ENSMUSP00000110999	Mapk14	Timp1	10090	0.527	0	0	0	0.049	0	0	0.523
10090.ENSMUSP00000004990	10090.ENSMUSP00000023707	Mapk14	Sod1	10090	0.529	0	0	0	0.047	0.075	0	0.509
10090.ENSMUSP00000004990	10090.ENSMUSP00000020640	Mapk14	Rack1	10090	0.538	0	0.006	0	0.047	0.302	0	0.361
10090.ENSMUSP00000004990	10090.ENSMUSP00000025486	Mapk14	Lmnb1	10090	0.544	0	0	0	0	0.104	0	0.513
10090.ENSMUSP00000004990	10090.ENSMUSP00000031327	Mapk14	Cxcl1	10090	0.552	0	0	0	0	0	0	0.552
10090.ENSMUSP00000004990	10090.ENSMUSP00000102342	Mapk14	Lrp8	10090	0.586	0	0	0	0	0	0.5	0.207
10090.ENSMUSP00000004990	10090.ENSMUSP00000082682	Mapk14	Hmgb1	10090	0.596	0	0	0	0.064	0.07	0	0.573
10090.ENSMUSP00000004990	10090.ENSMUSP00000091921	Mapk14	Hsp90aa1	10090	0.627	0	0	0	0.049	0.118	0	0.591
10090.ENSMUSP00000004990	10090.ENSMUSP00000030332	Mapk14	Gpx7	10090	0.64	0	0	0	0.053	0	0	0.635
10090.ENSMUSP00000004990	10090.ENSMUSP00000046557	Mapk14	Gng12	10090	0.66	0	0	0	0.046	0	0.65	0.066
10090.ENSMUSP00000004990	10090.ENSMUSP00000027777	Mapk14	Parp1	10090	0.664	0	0	0	0.08	0.061	0	0.642
10090.ENSMUSP00000004990	10090.ENSMUSP00000029266	Mapk14	Anxa5	10090	0.666	0	0	0	0.056	0.042	0	0.661
10090.ENSMUSP00000004990	10090.ENSMUSP00000133302	Mapk14	Apoe	10090	0.705	0	0	0	0.044	0	0	0.705
10090.ENSMUSP00000004990	10090.ENSMUSP00000028430	Mapk14	Cyct	10090	0.712	0	0	0	0.047	0	0	0.71
10090.ENSMUSP00000004990	10090.ENSMUSP00000130123	Mapk14	Gnb1	10090	0.741	0	0	0	0.094	0.139	0.65	0.163
10090.ENSMUSP00000004990	10090.ENSMUSP00000141132	Mapk14	Stat1	10090	0.804	0	0	0	0.083	0.112	0	0.778
10090.ENSMUSP00000004990	10090.ENSMUSP00000147767	Mapk14	Casp3	10090	0.822	0	0	0	0.08	0.093	0	0.804
10090.ENSMUSP00000004990	10090.ENSMUSP00000007814	Mapk14	Khsrp	10090	0.836	0	0	0	0.065	0	0.75	0.356
10090.ENSMUSP00000004990	10090.ENSMUSP00000098066	Mapk14	Actb	10090	0.846	0	0	0	0.073	0.093	0	0.832
10090.ENSMUSP00000004990	10090.ENSMUSP00000065983	Mapk14	Mapk1	10090	0.963	0	0	0.066	0.133	0.371	0.9	0.39
10090.ENSMUSP00000005017	10090.ENSMUSP00000114434	Hdgf	Pa2g4	10090	0.416	0	0	0	0.308	0	0	0.19
10090.ENSMUSP00000005017	10090.ENSMUSP00000098066	Hdgf	Actb	10090	0.42	0	0	0	0.08	0.239	0	0.238
10090.ENSMUSP00000005017	10090.ENSMUSP00000088056	Hdgf	Ptprz1	10090	0.426	0	0	0	0	0	0	0.426
10090.ENSMUSP00000005017	10090.ENSMUSP00000147767	Hdgf	Casp3	10090	0.44	0	0	0	0.058	0.292	0	0.228
10090.ENSMUSP00000005017	10090.ENSMUSP00000078589	Hdgf	Ybx1	10090	0.652	0	0	0	0.194	0.051	0	0.582
10090.ENSMUSP00000005017	10090.ENSMUSP00000027438	Hdgf	Ncl	10090	0.728	0	0	0	0.104	0.234	0	0.635
10090.ENSMUSP00000005711	10090.ENSMUSP00000101924	Chmp2a	Ppih	10090	0.403	0	0	0	0.043	0.041	0	0.402
10090.ENSMUSP00000005711	10090.ENSMUSP00000028278	Chmp2a	Psmd14	10090	0.405	0	0	0	0.187	0.238	0	0.117
10090.ENSMUSP00000005711	10090.ENSMUSP00000019638	Chmp2a	Cops6	10090	0.413	0	0	0	0.198	0.238	0	0.117
10090.ENSMUSP00000005711	10090.ENSMUSP00000010520	Chmp2a	Nedd8	10090	0.443	0	0	0	0.438	0.051	0	0
10090.ENSMUSP00000005711	10090.ENSMUSP00000071078	Chmp2a	Cope	10090	0.446	0	0	0	0.443	0	0	0.047
10090.ENSMUSP00000005711	10090.ENSMUSP00000034131	Chmp2a	Vps35	10090	0.465	0	0	0	0.079	0	0	0.443
10090.ENSMUSP00000005711	10090.ENSMUSP00000084713	Chmp2a	Tuba3b	10090	0.499	0	0	0	0	0	0.5	0
10090.ENSMUSP00000005711	10090.ENSMUSP00000009693	Chmp2a	Srp14	10090	0.553	0	0	0	0.511	0	0	0.124
10090.ENSMUSP00000005711	10090.ENSMUSP00000005923	Chmp2a	Psmb4	10090	0.586	0	0	0	0.19	0	0	0.51
10090.ENSMUSP00000005711	10090.ENSMUSP00000015236	Chmp2a	Edf1	10090	0.646	0	0	0	0.646	0	0	0
10090.ENSMUSP00000005711	10090.ENSMUSP00000077856	Chmp2a	Vps28	10090	0.952	0	0	0	0.272	0.064	0.72	0.779
10090.ENSMUSP00000005711	10090.ENSMUSP00000036206	Chmp2a	Chmp4b	10090	0.994	0	0	0	0.082	0.855	0.72	0.86
10090.ENSMUSP00000005711	10090.ENSMUSP00000109815	Chmp2a	Chmp3	10090	0.996	0	0	0	0.407	0.899	0.72	0.808
10090.ENSMUSP00000005826	10090.ENSMUSP00000023707	Cs	Sod1	10090	0.402	0	0	0	0.054	0	0	0.394
10090.ENSMUSP00000005826	10090.ENSMUSP00000020286	Cs	Ppa1	10090	0.403	0	0	0	0.19	0.051	0	0.285
10090.ENSMUSP00000005826	10090.ENSMUSP00000146030	Cs	Txnrd2	10090	0.406	0.074	0	0	0.156	0.072	0	0.277
10090.ENSMUSP00000005826	10090.ENSMUSP00000030769	Cs	Psmc2	10090	0.408	0	0	0	0.32	0	0	0.164
10090.ENSMUSP00000005826	10090.ENSMUSP00000025385	Cs	Hsd17b4	10090	0.41	0.076	0	0	0.194	0.071	0	0.247
10090.ENSMUSP00000005826	10090.ENSMUSP00000076575	Cs	Hmbs	10090	0.427	0	0	0	0.053	0	0	0.42
10090.ENSMUSP00000005826	10090.ENSMUSP00000028278	Cs	Psmd14	10090	0.431	0.044	0	0	0.17	0.323	0	0.065
10090.ENSMUSP00000005826	10090.ENSMUSP00000032078	Cs	Cct7	10090	0.432	0	0	0	0.128	0	0	0.375
10090.ENSMUSP00000005826	10090.ENSMUSP00000022517	Cs	Cryl1	10090	0.437	0.086	0	0	0.199	0.051	0	0.286
10090.ENSMUSP00000005826	10090.ENSMUSP00000038961	Cs	Gm11273	10090	0.44	0	0	0	0.103	0.069	0	0.384
10090.ENSMUSP00000005826	10090.ENSMUSP00000091921	Cs	Hsp90aa1	10090	0.443	0	0	0	0.085	0.072	0	0.396
10090.ENSMUSP00000005826	10090.ENSMUSP00000098066	Cs	Actb	10090	0.447	0	0	0	0.075	0.041	0	0.426
10090.ENSMUSP00000005826	10090.ENSMUSP00000030332	Cs	Gpx7	10090	0.448	0	0	0	0	0	0	0.448
10090.ENSMUSP00000005826	10090.ENSMUSP00000066181	Cs	Immt	10090	0.456	0	0	0	0.29	0.079	0	0.235
10090.ENSMUSP00000005826	10090.ENSMUSP00000047218	Cs	Grhpr	10090	0.469	0	0	0	0.08	0	0	0.447
10090.ENSMUSP00000005826	10090.ENSMUSP00000023684	Cs	Gart	10090	0.486	0.067	0	0	0.073	0	0	0.454
10090.ENSMUSP00000005826	10090.ENSMUSP00000022419	Cs	Ppif	10090	0.488	0	0	0	0.083	0.301	0	0.265
10090.ENSMUSP00000005826	10090.ENSMUSP00000077744	Cs	Uqcrh	10090	0.496	0	0	0	0.18	0.312	0	0.178
10090.ENSMUSP00000005826	10090.ENSMUSP00000021049	Cs	Psmc5	10090	0.499	0	0	0	0.436	0	0	0.148
10090.ENSMUSP00000005826	10090.ENSMUSP00000045606	Cs	Hibch	10090	0.522	0.057	0	0	0.222	0.061	0	0.387
10090.ENSMUSP00000005826	10090.ENSMUSP00000084572	Cs	Vars	10090	0.555	0.042	0	0	0.094	0.05	0	0.524
10090.ENSMUSP00000005826	10090.ENSMUSP00000090564	Cs	Fbp1	10090	0.596	0	0	0	0.236	0	0	0.492
10090.ENSMUSP00000005826	10090.ENSMUSP00000080302	Cs	Pgk1	10090	0.605	0	0	0	0.192	0	0	0.531
10090.ENSMUSP00000005826	10090.ENSMUSP00000081141	Cs	Pgd	10090	0.626	0	0	0	0.179	0.053	0	0.557
10090.ENSMUSP00000005826	10090.ENSMUSP00000026576	Cs	Taldo1	10090	0.63	0	0	0	0.114	0.052	0	0.594
10090.ENSMUSP00000005826	10090.ENSMUSP00000101006	Cs	Atp5d	10090	0.641	0	0	0	0.482	0.063	0	0.319
10090.ENSMUSP00000005826	10090.ENSMUSP00000121557	Cs	Ndufv2	10090	0.674	0.045	0	0	0.35	0.303	0	0.335
10090.ENSMUSP00000005826	10090.ENSMUSP00000028430	Cs	Cyct	10090	0.684	0	0	0	0.092	0.051	0	0.663
10090.ENSMUSP00000005826	10090.ENSMUSP00000029610	Cs	Hadh	10090	0.709	0.086	0	0	0.239	0.054	0	0.61
10090.ENSMUSP00000005826	10090.ENSMUSP00000149803	Cs	Cryab	10090	0.729	0	0	0	0.079	0.321	0	0.601
10090.ENSMUSP00000005826	10090.ENSMUSP00000045284	Cs	Uqcrfs1	10090	0.734	0	0	0	0.385	0.3	0	0.433
10090.ENSMUSP00000005826	10090.ENSMUSP00000030830	Cs	H6pd	10090	0.743	0	0	0	0.091	0	0	0.729
10090.ENSMUSP00000005826	10090.ENSMUSP00000130858	Cs	Tpi1	10090	0.743	0	0	0	0.189	0	0	0.696
10090.ENSMUSP00000005826	10090.ENSMUSP00000022268	Cs	Pdhb	10090	0.792	0	0	0	0.356	0.302	0	0.573
10090.ENSMUSP00000005826	10090.ENSMUSP00000023432	Cs	Nit2	10090	0.81	0	0	0	0.057	0	0.8	0.075
10090.ENSMUSP00000005826	10090.ENSMUSP00000106481	Cs	Dld	10090	0.854	0.074	0	0	0.413	0.334	0	0.644
10090.ENSMUSP00000005826	10090.ENSMUSP00000153064	Cs	Hmgcs1	10090	0.854	0	0	0	0.058	0.077	0.8	0.262
10090.ENSMUSP00000005826	10090.ENSMUSP00000025439	Cs	Me2	10090	0.883	0.102	0	0	0.071	0.053	0.8	0.374
10090.ENSMUSP00000005826	10090.ENSMUSP00000124579	Cs	Asl	10090	0.886	0.07	0	0	0	0	0.8	0.441
10090.ENSMUSP00000005826	10090.ENSMUSP00000060346	Cs	Dlst	10090	0.899	0.092	0	0	0.737	0.333	0	0.441
10090.ENSMUSP00000005826	10090.ENSMUSP00000099490	Cs	Acaca	10090	0.901	0.09	0	0	0.116	0.043	0.8	0.456
10090.ENSMUSP00000005826	10090.ENSMUSP00000123765	Cs	Sucla2	10090	0.927	0.102	0	0	0.51	0.595	0	0.641
10090.ENSMUSP00000005826	10090.ENSMUSP00000007005	Cs	Acat2	10090	0.942	0.061	0	0	0.234	0.072	0.9	0.27
10090.ENSMUSP00000005826	10090.ENSMUSP00000022062	Cs	Sdha	10090	0.964	0.12	0	0	0.756	0.345	0	0.773
10090.ENSMUSP00000005826	10090.ENSMUSP00000027810	Cs	Fh1	10090	0.977	0.043	0	0	0.486	0.061	0.8	0.796
10090.ENSMUSP00000005826	10090.ENSMUSP00000099938	Cs	Mdh1	10090	0.978	0.064	0	0	0.456	0.137	0.9	0.589
10090.ENSMUSP00000005826	10090.ENSMUSP00000023116	Cs	Aco2	10090	0.998	0.102	0	0	0.896	0.389	0.9	0.85
10090.ENSMUSP00000005923	10090.ENSMUSP00000077744	Psmb4	Uqcrh	10090	0.406	0	0	0	0.406	0	0	0
10090.ENSMUSP00000005923	10090.ENSMUSP00000114764	Psmb4	Ube2v1	10090	0.417	0	0	0	0.217	0	0	0.285
10090.ENSMUSP00000005923	10090.ENSMUSP00000079628	Psmb4	Rps17	10090	0.418	0	0	0	0.332	0	0	0.165
10090.ENSMUSP00000005923	10090.ENSMUSP00000079180	Psmb4	Rps25	10090	0.424	0	0	0	0.389	0	0	0.096
10090.ENSMUSP00000005923	10090.ENSMUSP00000147816	Psmb4	Rpl18	10090	0.424	0	0	0	0.381	0	0	0.106
10090.ENSMUSP00000005923	10090.ENSMUSP00000020397	Psmb4	Snrpd3	10090	0.424	0	0	0	0.211	0	0	0.3
10090.ENSMUSP00000005923	10090.ENSMUSP00000045284	Psmb4	Uqcrfs1	10090	0.432	0	0	0	0.418	0	0	0.063
10090.ENSMUSP00000005923	10090.ENSMUSP00000026667	Psmb4	Eif4a3	10090	0.435	0	0.011	0	0.374	0.07	0	0.107
10090.ENSMUSP00000005923	10090.ENSMUSP00000157948	Psmb4	Rps14	10090	0.437	0	0	0	0.39	0	0	0.114
10090.ENSMUSP00000005923	10090.ENSMUSP00000086542	Psmb4	Nsfl1c	10090	0.44	0	0	0	0.44	0	0	0
10090.ENSMUSP00000005923	10090.ENSMUSP00000032998	Psmb4	Rps3	10090	0.441	0	0	0	0.372	0	0	0.145
10090.ENSMUSP00000005923	10090.ENSMUSP00000058432	Psmb4	Rps21	10090	0.443	0	0	0	0.34	0	0	0.19
10090.ENSMUSP00000005923	10090.ENSMUSP00000035486	Psmb4	Ccs	10090	0.449	0	0	0	0.138	0	0	0.388
10090.ENSMUSP00000005923	10090.ENSMUSP00000074448	Psmb4	Lamp2	10090	0.452	0	0	0	0.169	0	0	0.368
10090.ENSMUSP00000005923	10090.ENSMUSP00000120528	Psmb4	Rps20	10090	0.465	0	0	0	0.346	0	0	0.215
10090.ENSMUSP00000005923	10090.ENSMUSP00000031697	Psmb4	Cul1	10090	0.497	0	0	0	0.087	0.098	0.4	0.103
10090.ENSMUSP00000005923	10090.ENSMUSP00000033824	Psmb4	Lamp1	10090	0.503	0	0	0	0.241	0	0	0.371
10090.ENSMUSP00000005923	10090.ENSMUSP00000143910	Psmb4	Eif4h	10090	0.505	0	0	0	0.413	0.093	0	0.145
10090.ENSMUSP00000005923	10090.ENSMUSP00000009774	Psmb4	Ppp2cb	10090	0.517	0	0	0	0.084	0.192	0.4	0
10090.ENSMUSP00000005923	10090.ENSMUSP00000032078	Psmb4	Cct7	10090	0.519	0	0	0	0.454	0.059	0	0.139
10090.ENSMUSP00000005923	10090.ENSMUSP00000139480	Psmb4	Eloc	10090	0.529	0	0	0	0.223	0	0.4	0.07
10090.ENSMUSP00000005923	10090.ENSMUSP00000158375	Psmb4	Txnl1	10090	0.533	0	0	0	0.504	0.097	0	0
10090.ENSMUSP00000005923	10090.ENSMUSP00000123564	Psmb4	Sort1	10090	0.534	0	0	0	0	0.534	0	0
10090.ENSMUSP00000005923	10090.ENSMUSP00000020504	Psmb4	Hint1	10090	0.57	0	0	0	0.547	0	0	0.09
10090.ENSMUSP00000005923	10090.ENSMUSP00000019615	Psmb4	Cdc37	10090	0.572	0	0	0	0.572	0	0	0
10090.ENSMUSP00000005923	10090.ENSMUSP00000102870	Psmb4	Rpl27	10090	0.577	0	0	0	0.513	0	0	0.166
10090.ENSMUSP00000005923	10090.ENSMUSP00000020608	Psmb4	Ppp2ca	10090	0.595	0	0	0	0.232	0.192	0.4	0
10090.ENSMUSP00000005923	10090.ENSMUSP00000066210	Psmb4	Elob	10090	0.605	0	0	0	0.364	0	0.4	0.049
10090.ENSMUSP00000005923	10090.ENSMUSP00000098295	Psmb4	Psmd9	10090	0.611	0	0	0	0.057	0.33	0	0.433
10090.ENSMUSP00000005923	10090.ENSMUSP00000034311	Psmb4	Lsm4	10090	0.632	0	0	0	0.332	0	0	0.472
10090.ENSMUSP00000005923	10090.ENSMUSP00000066621	Psmb4	Glrx3	10090	0.69	0	0	0	0.69	0	0	0
10090.ENSMUSP00000005923	10090.ENSMUSP00000027050	Psmb4	Cops5	10090	0.714	0	0	0	0.445	0.443	0	0.15
10090.ENSMUSP00000005923	10090.ENSMUSP00000136858	Psmb4	Prpf19	10090	0.733	0	0	0	0.107	0.395	0	0.546
10090.ENSMUSP00000005923	10090.ENSMUSP00000099859	Psmb4	Ublcp1	10090	0.738	0	0	0	0.215	0.627	0	0.178
10090.ENSMUSP00000005923	10090.ENSMUSP00000019638	Psmb4	Cops6	10090	0.751	0	0	0	0.517	0.443	0	0.15
10090.ENSMUSP00000005923	10090.ENSMUSP00000023707	Psmb4	Sod1	10090	0.752	0	0	0	0.322	0	0.65	0
10090.ENSMUSP00000005923	10090.ENSMUSP00000028225	Psmb4	Psmd5	10090	0.763	0	0	0	0.097	0.541	0	0.474
10090.ENSMUSP00000005923	10090.ENSMUSP00000010520	Psmb4	Nedd8	10090	0.79	0	0	0	0.386	0.292	0.5	0.149
10090.ENSMUSP00000005923	10090.ENSMUSP00000140106	Psmb4	Uchl5	10090	0.981	0	0	0	0.103	0.947	0.5	0.29
10090.ENSMUSP00000005923	10090.ENSMUSP00000042590	Psmb4	Psma8	10090	0.988	0	0	0	0.581	0.771	0.8	0.474
10090.ENSMUSP00000005923	10090.ENSMUSP00000021049	Psmb4	Psmc5	10090	0.994	0	0	0	0.483	0.976	0	0.566
10090.ENSMUSP00000005923	10090.ENSMUSP00000071054	Psmb4	Psmc3	10090	0.996	0	0	0	0.762	0.952	0	0.709
10090.ENSMUSP00000005923	10090.ENSMUSP00000032824	Psmb4	Psmc4	10090	0.997	0	0	0	0.846	0.958	0	0.664
10090.ENSMUSP00000005923	10090.ENSMUSP00000022256	Psmb4	Psmd6	10090	0.997	0	0	0	0.733	0.983	0	0.488
10090.ENSMUSP00000005923	10090.ENSMUSP00000021063	Psmb4	Psmd12	10090	0.998	0	0	0	0.543	0.984	0	0.829
10090.ENSMUSP00000005923	10090.ENSMUSP00000030769	Psmb4	Psmc2	10090	0.998	0	0	0	0.641	0.973	0	0.88
10090.ENSMUSP00000005923	10090.ENSMUSP00000028278	Psmb4	Psmd14	10090	0.998	0	0	0	0.671	0.988	0	0.546
10090.ENSMUSP00000005923	10090.ENSMUSP00000021412	Psmb4	Psma6	10090	0.999	0	0	0	0.832	0.99	0.9	0.849
10090.ENSMUSP00000005923	10090.ENSMUSP00000034369	Psmb4	Psmb10	10090	0.999	0	0	0	0.719	0.992	0.9	0.592
10090.ENSMUSP00000005923	10090.ENSMUSP00000028083	Psmb4	Psmb7	10090	0.999	0	0	0	0.748	0.992	0.9	0.828
10090.ENSMUSP00000005964	10090.ENSMUSP00000022082	Adh5	Glrx	10090	0.41	0	0	0	0.09	0	0	0.378
10090.ENSMUSP00000005964	10090.ENSMUSP00000030830	Adh5	H6pd	10090	0.437	0	0	0	0.083	0	0	0.411
10090.ENSMUSP00000005964	10090.ENSMUSP00000099938	Adh5	Mdh1	10090	0.523	0	0	0	0.161	0.068	0	0.438
10090.ENSMUSP00000005964	10090.ENSMUSP00000025439	Adh5	Me2	10090	0.545	0	0	0	0.082	0	0	0.525
10090.ENSMUSP00000005964	10090.ENSMUSP00000027067	Adh5	Gsta3	10090	0.717	0	0	0	0.056	0.059	0.65	0.198
10090.ENSMUSP00000005964	10090.ENSMUSP00000034723	Adh5	Aldh1a2	10090	0.947	0.052	0	0	0.103	0.063	0.9	0.438
10090.ENSMUSP00000006128	10090.ENSMUSP00000064719	Rcn1	Efemp2	10090	0.424	0	0	0	0.132	0.067	0	0.346
10090.ENSMUSP00000006128	10090.ENSMUSP00000123700	Rcn1	Hyou1	10090	0.478	0	0	0	0.05	0.103	0	0.437
10090.ENSMUSP00000006128	10090.ENSMUSP00000076521	Rcn1	Pdia4	10090	0.559	0	0	0	0.112	0.123	0	0.479
10090.ENSMUSP00000006181	10090.ENSMUSP00000018816	Napa	Copz2	10090	0.501	0	0	0	0.044	0	0.5	0
10090.ENSMUSP00000006181	10090.ENSMUSP00000123564	Napa	Sort1	10090	0.504	0	0	0	0.043	0	0.5	0.047
10090.ENSMUSP00000006181	10090.ENSMUSP00000090844	Napa	Ap1g1	10090	0.506	0	0	0	0.054	0	0.5	0
10090.ENSMUSP00000006181	10090.ENSMUSP00000021940	Napa	Lman2	10090	0.51	0	0	0	0.061	0	0.5	0
10090.ENSMUSP00000006181	10090.ENSMUSP00000024963	Napa	Mcfd2	10090	0.51	0	0	0	0.061	0	0.5	0
10090.ENSMUSP00000006181	10090.ENSMUSP00000097738	Napa	Copz1	10090	0.526	0	0	0	0.091	0	0.5	0
10090.ENSMUSP00000006181	10090.ENSMUSP00000006629	Napa	Sptbn1	10090	0.528	0	0	0	0.046	0	0.5	0.091
10090.ENSMUSP00000006181	10090.ENSMUSP00000106709	Napa	Ap1s1	10090	0.533	0	0	0	0.105	0	0.5	0
10090.ENSMUSP00000006181	10090.ENSMUSP00000019317	Napa	Rab5c	10090	0.56	0	0	0	0.111	0	0.5	0.09
10090.ENSMUSP00000006181	10090.ENSMUSP00000021375	Napa	Sec23a	10090	0.579	0	0	0	0.048	0.055	0.5	0.176
10090.ENSMUSP00000006181	10090.ENSMUSP00000026479	Napa	Dctn2	10090	0.613	0	0	0	0.613	0	0	0
10090.ENSMUSP00000006181	10090.ENSMUSP00000031355	Napa	Uso1	10090	0.615	0	0	0	0.047	0.095	0.5	0.213
10090.ENSMUSP00000006181	10090.ENSMUSP00000025804	Napa	Rab1b	10090	0.654	0	0	0	0.169	0.051	0.5	0.225
10090.ENSMUSP00000006181	10090.ENSMUSP00000071078	Napa	Cope	10090	0.717	0	0	0	0.442	0	0.5	0.07
10090.ENSMUSP00000006181	10090.ENSMUSP00000029476	Napa	Sec22b	10090	0.934	0	0	0	0.107	0.569	0.72	0.462
10090.ENSMUSP00000006293	10090.ENSMUSP00000095507	Crkl	Macf1	10090	0.46	0	0	0	0.055	0	0	0.452
10090.ENSMUSP00000006293	10090.ENSMUSP00000102342	Crkl	Lrp8	10090	0.461	0	0	0	0	0	0	0.461
10090.ENSMUSP00000006293	10090.ENSMUSP00000042123	Crkl	Lasp1	10090	0.494	0	0	0	0.046	0.089	0	0.465
10090.ENSMUSP00000006293	10090.ENSMUSP00000038335	Crkl	Rabif	10090	0.583	0	0	0	0.14	0	0	0.535
10090.ENSMUSP00000006293	10090.ENSMUSP00000113556	Crkl	Itga3	10090	0.693	0	0	0	0.042	0	0.65	0.16
10090.ENSMUSP00000006293	10090.ENSMUSP00000032561	Crkl	Vasp	10090	0.694	0	0	0	0	0	0	0.694
10090.ENSMUSP00000006293	10090.ENSMUSP00000087457	Crkl	Itgb1	10090	0.767	0	0	0	0.053	0.093	0.65	0.315
10090.ENSMUSP00000006367	10090.ENSMUSP00000032754	Htra1	Sema4b	10090	0.432	0	0	0	0	0	0	0.432
10090.ENSMUSP00000006367	10090.ENSMUSP00000032824	Htra1	Psmc4	10090	0.455	0	0	0	0.049	0.373	0	0.159
10090.ENSMUSP00000006367	10090.ENSMUSP00000041149	Htra1	Mif	10090	0.47	0	0	0	0.048	0.092	0	0.436
10090.ENSMUSP00000006367	10090.ENSMUSP00000071054	Htra1	Psmc3	10090	0.478	0	0	0	0.05	0.373	0	0.193
10090.ENSMUSP00000006435	10090.ENSMUSP00000033824	Atp6v1b2	Lamp1	10090	0.438	0	0	0	0.093	0	0	0.405
10090.ENSMUSP00000006435	10090.ENSMUSP00000022062	Atp6v1b2	Sdha	10090	0.439	0	0	0	0.091	0	0	0.408
10090.ENSMUSP00000006435	10090.ENSMUSP00000021306	Atp6v1b2	Eftud2	10090	0.444	0	0	0	0.312	0	0	0.225
10090.ENSMUSP00000006435	10090.ENSMUSP00000153064	Atp6v1b2	Hmgcs1	10090	0.455	0	0	0	0.096	0.062	0	0.408
10090.ENSMUSP00000006435	10090.ENSMUSP00000076521	Atp6v1b2	Pdia4	10090	0.487	0	0	0	0.432	0.065	0	0.111
10090.ENSMUSP00000006435	10090.ENSMUSP00000074448	Atp6v1b2	Lamp2	10090	0.49	0	0	0	0.052	0.051	0	0.478
10090.ENSMUSP00000006435	10090.ENSMUSP00000032440	Atp6v1b2	Sec13	10090	0.529	0	0	0	0.091	0	0.5	0.047
10090.ENSMUSP00000006435	10090.ENSMUSP00000071078	Atp6v1b2	Cope	10090	0.598	0	0	0	0.598	0	0	0
10090.ENSMUSP00000006435	10090.ENSMUSP00000106481	Atp6v1b2	Dld	10090	0.602	0	0	0	0.458	0	0	0.295
10090.ENSMUSP00000006435	10090.ENSMUSP00000116108	Atp6v1b2	Tcp1	10090	0.618	0	0	0	0.584	0	0	0.12
10090.ENSMUSP00000006435	10090.ENSMUSP00000033241	Atp6v1b2	Lhpp	10090	0.668	0	0	0	0	0	0.65	0.093
10090.ENSMUSP00000006435	10090.ENSMUSP00000101006	Atp6v1b2	Atp5d	10090	0.76	0	0	0	0.06	0	0.72	0.163
10090.ENSMUSP00000006435	10090.ENSMUSP00000020286	Atp6v1b2	Ppa1	10090	0.773	0	0	0	0.269	0	0.65	0.185
10090.ENSMUSP00000006435	10090.ENSMUSP00000048770	Atp6v1b2	Atp6v1g1	10090	0.994	0	0	0	0.228	0.882	0.72	0.798
10090.ENSMUSP00000006435	10090.ENSMUSP00000022904	Atp6v1b2	Atp6v1c1	10090	0.998	0	0	0	0.548	0.874	0.72	0.901
10090.ENSMUSP00000006629	10090.ENSMUSP00000158375	Sptbn1	Txnl1	10090	0.412	0	0	0	0.046	0	0.4	0.056
10090.ENSMUSP00000006629	10090.ENSMUSP00000086716	Sptbn1	Usp9x	10090	0.42	0	0	0	0.073	0	0.4	0.042
10090.ENSMUSP00000006629	10090.ENSMUSP00000055122	Sptbn1	Epb41l2	10090	0.449	0	0	0	0.196	0.102	0	0.298
10090.ENSMUSP00000006629	10090.ENSMUSP00000025804	Sptbn1	Rab1b	10090	0.501	0	0	0	0.044	0	0.5	0
10090.ENSMUSP00000006629	10090.ENSMUSP00000018816	Sptbn1	Copz2	10090	0.503	0	0	0	0.047	0	0.5	0
10090.ENSMUSP00000006629	10090.ENSMUSP00000071078	Sptbn1	Cope	10090	0.505	0	0	0	0	0.051	0.5	0
10090.ENSMUSP00000006629	10090.ENSMUSP00000024047	Sptbn1	Twf2	10090	0.506	0	0	0	0	0	0.5	0.053
10090.ENSMUSP00000006629	10090.ENSMUSP00000097738	Sptbn1	Copz1	10090	0.527	0	0	0	0	0	0.5	0.094
10090.ENSMUSP00000006629	10090.ENSMUSP00000031355	Sptbn1	Uso1	10090	0.53	0	0	0	0	0	0.5	0.1
10090.ENSMUSP00000006629	10090.ENSMUSP00000113978	Sptbn1	Tpm3	10090	0.533	0	0	0	0.085	0.064	0.4	0.2
10090.ENSMUSP00000006629	10090.ENSMUSP00000016771	Sptbn1	Myh9	10090	0.611	0	0	0	0.086	0.051	0.5	0.209
10090.ENSMUSP00000006629	10090.ENSMUSP00000128278	Sptbn1	Iqgap1	10090	0.638	0	0	0	0.115	0.051	0.4	0.367
10090.ENSMUSP00000007005	10090.ENSMUSP00000028807	Acat2	Ivd	10090	0.541	0.054	0	0	0.323	0	0	0.341
10090.ENSMUSP00000007005	10090.ENSMUSP00000045606	Acat2	Hibch	10090	0.622	0.058	0	0	0.345	0.272	0	0.257
10090.ENSMUSP00000007005	10090.ENSMUSP00000022517	Acat2	Cryl1	10090	0.757	0.074	0	0	0.49	0.427	0	0.21
10090.ENSMUSP00000007005	10090.ENSMUSP00000060346	Acat2	Dlst	10090	0.833	0.061	0	0	0.087	0	0.8	0.144
10090.ENSMUSP00000007005	10090.ENSMUSP00000123765	Acat2	Sucla2	10090	0.842	0.061	0	0	0.105	0	0.8	0.172
10090.ENSMUSP00000007005	10090.ENSMUSP00000099490	Acat2	Acaca	10090	0.94	0.041	0	0	0.213	0	0.9	0.3
10090.ENSMUSP00000007005	10090.ENSMUSP00000029610	Acat2	Hadh	10090	0.978	0.074	0.037	0	0.523	0.427	0.9	0.291
10090.ENSMUSP00000007005	10090.ENSMUSP00000153064	Acat2	Hmgcs1	10090	0.989	0.074	0	0	0.633	0.427	0.9	0.56
10090.ENSMUSP00000007253	10090.ENSMUSP00000063895	Neu1	Nanp	10090	0.423	0	0	0	0.087	0	0	0.394
10090.ENSMUSP00000007253	10090.ENSMUSP00000099490	Neu1	Acaca	10090	0.436	0	0	0	0.436	0	0	0
10090.ENSMUSP00000007253	10090.ENSMUSP00000023707	Neu1	Sod1	10090	0.436	0	0	0	0.151	0	0	0.364
10090.ENSMUSP00000007253	10090.ENSMUSP00000033824	Neu1	Lamp1	10090	0.513	0	0	0	0.084	0	0	0.49
10090.ENSMUSP00000007253	10090.ENSMUSP00000022169	Neu1	Hexb	10090	0.602	0.114	0	0	0.101	0.236	0	0.423
10090.ENSMUSP00000007253	10090.ENSMUSP00000055803	Neu1	Glb1	10090	0.956	0.064	0	0	0.115	0.413	0.8	0.621
10090.ENSMUSP00000007255	10090.ENSMUSP00000055122	Ddah2	Epb41l2	10090	0.426	0	0	0	0.06	0.415	0	0
10090.ENSMUSP00000007266	10090.ENSMUSP00000134615	Lsm2	Rps28	10090	0.436	0	0	0	0.178	0.176	0	0.234
10090.ENSMUSP00000007266	10090.ENSMUSP00000133245	Lsm2	Ddx46	10090	0.469	0	0	0	0.054	0.201	0	0.354
10090.ENSMUSP00000007266	10090.ENSMUSP00000026667	Lsm2	Eif4a3	10090	0.477	0	0	0	0.096	0.43	0	0.065
10090.ENSMUSP00000007266	10090.ENSMUSP00000029708	Lsm2	Naxe	10090	0.506	0	0	0	0.109	0.238	0	0.331
10090.ENSMUSP00000007266	10090.ENSMUSP00000007980	Lsm2	Hnrnpa0	10090	0.545	0	0	0	0.072	0.096	0	0.501
10090.ENSMUSP00000007266	10090.ENSMUSP00000084572	Lsm2	Vars	10090	0.619	0	0	0	0.168	0	0	0.56
10090.ENSMUSP00000007266	10090.ENSMUSP00000114968	Lsm2	Plrg1	10090	0.689	0	0	0	0.074	0.642	0	0.138
10090.ENSMUSP00000007266	10090.ENSMUSP00000120115	Lsm2	Hnrnpm	10090	0.726	0	0	0	0.057	0.176	0	0.676
10090.ENSMUSP00000007266	10090.ENSMUSP00000101924	Lsm2	Ppih	10090	0.912	0	0	0	0.306	0.487	0.72	0.222
10090.ENSMUSP00000007266	10090.ENSMUSP00000117947	Lsm2	Snrpa1	10090	0.978	0	0	0	0.272	0.831	0.72	0.436
10090.ENSMUSP00000007266	10090.ENSMUSP00000021306	Lsm2	Eftud2	10090	0.982	0	0	0	0.115	0.92	0.72	0.212
10090.ENSMUSP00000007266	10090.ENSMUSP00000086987	Lsm2	Snrpg	10090	0.992	0	0	0	0.52	0.826	0.72	0.726
10090.ENSMUSP00000007266	10090.ENSMUSP00000020397	Lsm2	Snrpd3	10090	0.994	0	0	0	0.231	0.913	0.72	0.728
10090.ENSMUSP00000007266	10090.ENSMUSP00000099509	Lsm2	Snrnp200	10090	0.994	0	0	0	0.073	0.978	0.72	0.118
10090.ENSMUSP00000007266	10090.ENSMUSP00000037597	Lsm2	Snrpd2	10090	0.999	0	0	0	0.869	0.984	0.72	0.702
10090.ENSMUSP00000007266	10090.ENSMUSP00000057238	Lsm2	Lsm8	10090	0.999	0	0	0	0.296	0.982	0.9	0.977
10090.ENSMUSP00000007266	10090.ENSMUSP00000119841	Lsm2	Lsm6	10090	0.999	0	0	0	0.523	0.984	0.9	0.896
10090.ENSMUSP00000007266	10090.ENSMUSP00000034311	Lsm2	Lsm4	10090	0.999	0	0	0	0.34	0.982	0.9	0.781
10090.ENSMUSP00000007449	10090.ENSMUSP00000073459	Akr1b7	Akr7a5	10090	0.434	0.058	0	0	0.199	0.065	0	0.292
10090.ENSMUSP00000007449	10090.ENSMUSP00000055803	Akr1b7	Glb1	10090	0.901	0.041	0	0	0.058	0	0.9	0
10090.ENSMUSP00000007449	10090.ENSMUSP00000034570	Akr1b7	Pts	10090	0.903	0.042	0	0	0	0	0.9	0.077
10090.ENSMUSP00000007449	10090.ENSMUSP00000011526	Akr1b7	Dhdh	10090	0.945	0.05	0	0	0.08	0	0.9	0.448
10090.ENSMUSP00000007449	10090.ENSMUSP00000106180	Akr1b7	Sord	10090	0.948	0.065	0	0	0.117	0.093	0.9	0.414
10090.ENSMUSP00000007814	10090.ENSMUSP00000027438	Khsrp	Ncl	10090	0.427	0	0	0	0.065	0	0	0.412
10090.ENSMUSP00000007814	10090.ENSMUSP00000044188	Khsrp	Ptma	10090	0.448	0	0	0	0.112	0.311	0	0.169
10090.ENSMUSP00000007814	10090.ENSMUSP00000101858	Khsrp	Fus	10090	0.462	0	0	0	0.12	0.05	0	0.408
10090.ENSMUSP00000007814	10090.ENSMUSP00000028607	Khsrp	Caprin1	10090	0.472	0	0	0	0.051	0.327	0	0.239
10090.ENSMUSP00000007814	10090.ENSMUSP00000133649	Khsrp	Syncrip	10090	0.505	0	0	0	0.131	0.058	0	0.444
10090.ENSMUSP00000007814	10090.ENSMUSP00000043123	Khsrp	Srrt	10090	0.511	0	0	0	0.375	0	0	0.249
10090.ENSMUSP00000007814	10090.ENSMUSP00000033673	Khsrp	Nono	10090	0.529	0	0	0	0.095	0.045	0	0.499
10090.ENSMUSP00000007814	10090.ENSMUSP00000112104	Khsrp	Hnrnpk	10090	0.545	0	0	0	0.202	0.165	0	0.373
10090.ENSMUSP00000007814	10090.ENSMUSP00000047571	Khsrp	Hnrnpu	10090	0.547	0	0	0	0.253	0.042	0	0.417
10090.ENSMUSP00000007814	10090.ENSMUSP00000007980	Khsrp	Hnrnpa0	10090	0.559	0	0	0	0.202	0.123	0	0.42
10090.ENSMUSP00000007814	10090.ENSMUSP00000121005	Khsrp	Hnrnpdl	10090	0.561	0	0	0	0.049	0.069	0	0.544
10090.ENSMUSP00000007814	10090.ENSMUSP00000075067	Khsrp	Npm1	10090	0.566	0	0	0	0.043	0	0	0.566
10090.ENSMUSP00000007814	10090.ENSMUSP00000098066	Khsrp	Actb	10090	0.595	0	0	0	0.065	0.166	0	0.522
10090.ENSMUSP00000007814	10090.ENSMUSP00000120115	Khsrp	Hnrnpm	10090	0.639	0	0	0	0.334	0.103	0	0.444
10090.ENSMUSP00000007814	10090.ENSMUSP00000081142	Khsrp	Tardbp	10090	0.726	0	0	0	0.259	0.232	0	0.557
10090.ENSMUSP00000007814	10090.ENSMUSP00000130023	Khsrp	Hnrnpf	10090	0.764	0	0	0	0.15	0.309	0	0.631
10090.ENSMUSP00000007814	10090.ENSMUSP00000133728	Khsrp	Hnrnpl	10090	0.879	0	0	0	0.801	0.072	0	0.399
10090.ENSMUSP00000007980	10090.ENSMUSP00000129620	Hnrnpa0	Erh	10090	0.402	0	0	0	0.401	0.042	0	0
10090.ENSMUSP00000007980	10090.ENSMUSP00000021306	Hnrnpa0	Eftud2	10090	0.405	0	0	0	0.147	0.276	0	0.114
10090.ENSMUSP00000007980	10090.ENSMUSP00000114968	Hnrnpa0	Plrg1	10090	0.428	0	0	0	0.049	0.265	0	0.248
10090.ENSMUSP00000007980	10090.ENSMUSP00000048153	Hnrnpa0	Rbmxl1	10090	0.431	0	0	0.216	0.141	0.117	0	0.154
10090.ENSMUSP00000007980	10090.ENSMUSP00000099509	Hnrnpa0	Snrnp200	10090	0.432	0	0	0	0.152	0.264	0	0.162
10090.ENSMUSP00000007980	10090.ENSMUSP00000136858	Hnrnpa0	Prpf19	10090	0.46	0	0	0	0.253	0.265	0	0.096
10090.ENSMUSP00000007980	10090.ENSMUSP00000133649	Hnrnpa0	Syncrip	10090	0.471	0	0	0	0.301	0.117	0	0.211
10090.ENSMUSP00000007980	10090.ENSMUSP00000020397	Hnrnpa0	Snrpd3	10090	0.473	0	0	0	0.279	0.261	0	0.09
10090.ENSMUSP00000007980	10090.ENSMUSP00000130023	Hnrnpa0	Hnrnpf	10090	0.502	0	0	0	0.131	0.224	0	0.321
10090.ENSMUSP00000007980	10090.ENSMUSP00000086987	Hnrnpa0	Snrpg	10090	0.548	0	0	0	0.353	0.272	0	0.117
10090.ENSMUSP00000007980	10090.ENSMUSP00000037597	Hnrnpa0	Snrpd2	10090	0.584	0	0	0	0.391	0.259	0	0.152
10090.ENSMUSP00000007980	10090.ENSMUSP00000133728	Hnrnpa0	Hnrnpl	10090	0.652	0	0	0	0.412	0.236	0	0.288
10090.ENSMUSP00000007980	10090.ENSMUSP00000081142	Hnrnpa0	Tardbp	10090	0.684	0	0	0	0.487	0.321	0	0.166
10090.ENSMUSP00000007980	10090.ENSMUSP00000120115	Hnrnpa0	Hnrnpm	10090	0.772	0	0	0	0.394	0.276	0	0.521
10090.ENSMUSP00000007980	10090.ENSMUSP00000047571	Hnrnpa0	Hnrnpu	10090	0.814	0	0	0	0.302	0.255	0	0.671
10090.ENSMUSP00000007980	10090.ENSMUSP00000112104	Hnrnpa0	Hnrnpk	10090	0.846	0	0	0	0.522	0.367	0	0.533
10090.ENSMUSP00000008280	10090.ENSMUSP00000058321	Fhl2	Cavin1	10090	0.537	0	0	0	0.502	0.059	0	0.091
10090.ENSMUSP00000008280	10090.ENSMUSP00000065983	Fhl2	Mapk1	10090	0.567	0	0	0	0.056	0.101	0	0.53
10090.ENSMUSP00000008280	10090.ENSMUSP00000068479	Fhl2	Ak1	10090	0.577	0	0	0	0.115	0.093	0	0.516
10090.ENSMUSP00000008594	10090.ENSMUSP00000037597	Nutf2	Snrpd2	10090	0.419	0	0	0	0.419	0	0	0
10090.ENSMUSP00000008594	10090.ENSMUSP00000022496	Nutf2	Kpna3	10090	0.445	0	0	0	0.072	0.07	0	0.408
10090.ENSMUSP00000008594	10090.ENSMUSP00000038335	Nutf2	Rabif	10090	0.451	0	0	0	0.086	0	0	0.424
10090.ENSMUSP00000008594	10090.ENSMUSP00000028607	Nutf2	Caprin1	10090	0.488	0	0	0	0.064	0	0	0.476
10090.ENSMUSP00000008594	10090.ENSMUSP00000081782	Nutf2	Ipo7	10090	0.51	0	0	0	0.058	0	0	0.501
10090.ENSMUSP00000008812	10090.ENSMUSP00000081782	Rps18	Ipo7	10090	0.413	0	0	0	0.071	0.37	0	0.077
10090.ENSMUSP00000008812	10090.ENSMUSP00000038964	Rps18	Rbm3	10090	0.414	0	0	0	0.263	0.238	0	0
10090.ENSMUSP00000008812	10090.ENSMUSP00000031971	Rps18	Ssbp1	10090	0.416	0	0	0	0.364	0	0	0.12
10090.ENSMUSP00000008812	10090.ENSMUSP00000026667	Rps18	Eif4a3	10090	0.419	0	0	0	0.313	0.103	0	0.131
10090.ENSMUSP00000008812	10090.ENSMUSP00000075067	Rps18	Npm1	10090	0.425	0	0	0	0.401	0.058	0	0.063
10090.ENSMUSP00000008812	10090.ENSMUSP00000021332	Rps18	Fkbp3	10090	0.426	0	0	0	0.265	0.252	0	0
10090.ENSMUSP00000008812	10090.ENSMUSP00000020286	Rps18	Ppa1	10090	0.451	0	0	0	0.435	0	0	0.068
10090.ENSMUSP00000008812	10090.ENSMUSP00000101006	Rps18	Atp5d	10090	0.457	0	0	0	0.411	0	0	0.115
10090.ENSMUSP00000008812	10090.ENSMUSP00000028517	Rps18	Ola1	10090	0.459	0	0	0	0.156	0.079	0	0.361
10090.ENSMUSP00000008812	10090.ENSMUSP00000127774	Rps18	Eif4b	10090	0.46	0	0	0	0.069	0.377	0	0.143
10090.ENSMUSP00000008812	10090.ENSMUSP00000076575	Rps18	Hmbs	10090	0.463	0.041	0	0	0.061	0	0	0.451
10090.ENSMUSP00000008812	10090.ENSMUSP00000032824	Rps18	Psmc4	10090	0.466	0	0	0	0.413	0.079	0	0.092
10090.ENSMUSP00000008812	10090.ENSMUSP00000020504	Rps18	Hint1	10090	0.467	0	0	0	0.45	0	0	0.07
10090.ENSMUSP00000008812	10090.ENSMUSP00000080301	Rps18	Zc3h15	10090	0.494	0	0	0	0.164	0.42	0	0
10090.ENSMUSP00000008812	10090.ENSMUSP00000068479	Rps18	Ak1	10090	0.503	0.063	0	0	0.433	0	0	0.141
10090.ENSMUSP00000008812	10090.ENSMUSP00000028392	Rps18	Dnajc10	10090	0.504	0.063	0	0	0.087	0.454	0	0.065
10090.ENSMUSP00000008812	10090.ENSMUSP00000025218	Rps18	Etf1	10090	0.508	0	0	0	0.192	0.377	0	0.102
10090.ENSMUSP00000008812	10090.ENSMUSP00000111120	Rps18	Eif4g1	10090	0.514	0	0	0	0.108	0.377	0	0.195
10090.ENSMUSP00000008812	10090.ENSMUSP00000010520	Rps18	Nedd8	10090	0.515	0	0	0	0.32	0.289	0	0.078
10090.ENSMUSP00000008812	10090.ENSMUSP00000022062	Rps18	Sdha	10090	0.519	0	0	0	0.076	0	0	0.5
10090.ENSMUSP00000008812	10090.ENSMUSP00000084572	Rps18	Vars	10090	0.524	0	0	0	0.221	0.054	0	0.405
10090.ENSMUSP00000008812	10090.ENSMUSP00000009693	Rps18	Srp14	10090	0.558	0	0	0	0.12	0.377	0	0.258
10090.ENSMUSP00000008812	10090.ENSMUSP00000084387	Rps18	Eif1ax	10090	0.598	0.061	0	0	0.388	0.295	0	0.126
10090.ENSMUSP00000008812	10090.ENSMUSP00000023116	Rps18	Aco2	10090	0.621	0	0	0	0.087	0.552	0	0.148
10090.ENSMUSP00000008812	10090.ENSMUSP00000080302	Rps18	Pgk1	10090	0.634	0	0	0	0.365	0	0	0.447
10090.ENSMUSP00000008812	10090.ENSMUSP00000023684	Rps18	Gart	10090	0.645	0.042	0	0	0.645	0	0	0
10090.ENSMUSP00000008812	10090.ENSMUSP00000045606	Rps18	Hibch	10090	0.65	0	0	0	0	0.65	0	0
10090.ENSMUSP00000008812	10090.ENSMUSP00000015236	Rps18	Edf1	10090	0.71	0	0	0	0.148	0.645	0	0.12
10090.ENSMUSP00000008812	10090.ENSMUSP00000098066	Rps18	Actb	10090	0.72	0	0.022	0	0.441	0.08	0	0.5
10090.ENSMUSP00000008812	10090.ENSMUSP00000029804	Rps18	Metap1	10090	0.729	0.084	0	0	0.554	0.374	0	0.068
10090.ENSMUSP00000008812	10090.ENSMUSP00000032078	Rps18	Cct7	10090	0.729	0	0	0	0.701	0.051	0	0.121
10090.ENSMUSP00000008812	10090.ENSMUSP00000075031	Rps18	Gm10282	10090	0.741	0.07	0	0	0.48	0.428	0	0.175
10090.ENSMUSP00000008812	10090.ENSMUSP00000022925	Rps18	Eif3h	10090	0.742	0	0	0	0.448	0.552	0	0
10090.ENSMUSP00000008812	10090.ENSMUSP00000025955	Rps18	Eif3a	10090	0.78	0	0	0	0.227	0.727	0	0
10090.ENSMUSP00000008812	10090.ENSMUSP00000059395	Rps18	Eif2s3x	10090	0.795	0	0	0	0.144	0.558	0.5	0.048
10090.ENSMUSP00000008812	10090.ENSMUSP00000044188	Rps18	Ptma	10090	0.799	0	0	0	0.799	0	0	0
10090.ENSMUSP00000008812	10090.ENSMUSP00000022960	Rps18	Eif3e	10090	0.815	0	0	0	0.388	0.672	0	0.154
10090.ENSMUSP00000008812	10090.ENSMUSP00000021306	Rps18	Eftud2	10090	0.817	0.084	0	0	0.583	0.475	0	0.195
10090.ENSMUSP00000008812	10090.ENSMUSP00000114434	Rps18	Pa2g4	10090	0.824	0.084	0	0	0.571	0.56	0	0.104
10090.ENSMUSP00000008812	10090.ENSMUSP00000099561	Rps18	Mrto4	10090	0.887	0.101	0	0	0.639	0.559	0	0.304
10090.ENSMUSP00000008812	10090.ENSMUSP00000096777	Rps18	Eif2s2	10090	0.902	0	0	0	0.257	0.707	0.5	0.207
10090.ENSMUSP00000008812	10090.ENSMUSP00000039110	Rps18	Serbp1	10090	0.948	0	0	0	0.347	0.924	0	0
10090.ENSMUSP00000008812	10090.ENSMUSP00000118787	Rps18	Rpl22	10090	0.982	0	0	0	0.644	0.924	0	0.391
10090.ENSMUSP00000008812	10090.ENSMUSP00000020640	Rps18	Rack1	10090	0.994	0	0	0	0.859	0.956	0	0.212
10090.ENSMUSP00000008812	10090.ENSMUSP00000102870	Rps18	Rpl27	10090	0.997	0.084	0	0	0.931	0.94	0	0.524
10090.ENSMUSP00000008812	10090.ENSMUSP00000079628	Rps18	Rps17	10090	0.998	0	0	0	0.865	0.95	0.8	0.173
10090.ENSMUSP00000008812	10090.ENSMUSP00000083705	Rps18	Rplp0	10090	0.998	0.101	0	0	0.957	0.949	0	0.479
10090.ENSMUSP00000008812	10090.ENSMUSP00000134615	Rps18	Rps28	10090	0.999	0	0	0	0.983	0.956	0.8	0.524
10090.ENSMUSP00000008812	10090.ENSMUSP00000147816	Rps18	Rpl18	10090	0.999	0.119	0	0	0.982	0.956	0	0.597
10090.ENSMUSP00000008812	10090.ENSMUSP00000157948	Rps18	Rps14	10090	0.999	0.092	0	0	0.963	0.944	0.8	0.697
10090.ENSMUSP00000008812	10090.ENSMUSP00000104068	Rps18	Rps19	10090	0.999	0	0	0	0.957	0.956	0.8	0.658
10090.ENSMUSP00000008812	10090.ENSMUSP00000131489	Rps18	Rpl14	10090	0.999	0.084	0	0	0.954	0.956	0	0.568
10090.ENSMUSP00000008812	10090.ENSMUSP00000035105	Rps18	Rpsa	10090	0.999	0.084	0	0	0.958	0.956	0.8	0.353
10090.ENSMUSP00000008812	10090.ENSMUSP00000079180	Rps18	Rps25	10090	0.999	0	0	0	0.975	0.956	0.8	0.703
10090.ENSMUSP00000008812	10090.ENSMUSP00000126294	Rps18	Rps13	10090	0.999	0.041	0	0	0.957	0.956	0.8	0.582
10090.ENSMUSP00000008812	10090.ENSMUSP00000120528	Rps18	Rps20	10090	0.999	0.102	0	0	0.974	0.956	0.8	0.705
10090.ENSMUSP00000008812	10090.ENSMUSP00000032998	Rps18	Rps3	10090	0.999	0.119	0	0	0.962	0.95	0.8	0.771
10090.ENSMUSP00000008812	10090.ENSMUSP00000103940	Rps18	Rps16	10090	0.999	0.092	0	0	0.96	0.956	0.8	0.808
10090.ENSMUSP00000008812	10090.ENSMUSP00000099757	Rps18	Rps8	10090	0.999	0	0	0	0.954	0.952	0.8	0.73
10090.ENSMUSP00000008812	10090.ENSMUSP00000029722	Rps18	Rps3a1	10090	0.999	0	0	0	0.957	0.951	0.8	0.562
10090.ENSMUSP00000008812	10090.ENSMUSP00000058432	Rps18	Rps21	10090	0.999	0	0	0	0.948	0.956	0.8	0.29
10090.ENSMUSP00000009693	10090.ENSMUSP00000048770	Srp14	Atp6v1g1	10090	0.51	0	0	0	0.51	0	0	0
10090.ENSMUSP00000009693	10090.ENSMUSP00000079628	Srp14	Rps17	10090	0.564	0	0	0	0.104	0.534	0	0
10090.ENSMUSP00000009693	10090.ENSMUSP00000035105	Srp14	Rpsa	10090	0.571	0	0	0	0.053	0.534	0	0.106
10090.ENSMUSP00000009693	10090.ENSMUSP00000099561	Srp14	Mrto4	10090	0.587	0	0	0	0.118	0.552	0	0
10090.ENSMUSP00000009693	10090.ENSMUSP00000092242	Srp14	Dnajc8	10090	0.601	0	0	0	0.594	0.059	0	0
10090.ENSMUSP00000009693	10090.ENSMUSP00000020640	Srp14	Rack1	10090	0.616	0	0	0	0.134	0.534	0	0.125
10090.ENSMUSP00000009693	10090.ENSMUSP00000134615	Srp14	Rps28	10090	0.624	0	0	0	0.096	0.534	0	0.179
10090.ENSMUSP00000009693	10090.ENSMUSP00000058432	Srp14	Rps21	10090	0.65	0	0	0	0.222	0.534	0	0.114
10090.ENSMUSP00000009693	10090.ENSMUSP00000099757	Srp14	Rps8	10090	0.657	0	0	0	0.129	0.558	0	0.181
10090.ENSMUSP00000009693	10090.ENSMUSP00000126294	Srp14	Rps13	10090	0.659	0	0	0	0.172	0.534	0	0.188
10090.ENSMUSP00000009693	10090.ENSMUSP00000104068	Srp14	Rps19	10090	0.663	0	0	0	0.163	0.534	0	0.207
10090.ENSMUSP00000009693	10090.ENSMUSP00000120528	Srp14	Rps20	10090	0.666	0	0	0	0.187	0.534	0	0.19
10090.ENSMUSP00000009693	10090.ENSMUSP00000029722	Srp14	Rps3a1	10090	0.675	0	0	0	0.21	0.534	0	0.19
10090.ENSMUSP00000009693	10090.ENSMUSP00000157948	Srp14	Rps14	10090	0.677	0	0	0	0.208	0.534	0	0.196
10090.ENSMUSP00000009693	10090.ENSMUSP00000032998	Srp14	Rps3	10090	0.718	0	0	0	0.219	0.558	0	0.25
10090.ENSMUSP00000009693	10090.ENSMUSP00000079180	Srp14	Rps25	10090	0.732	0	0	0	0.317	0.558	0	0.185
10090.ENSMUSP00000009693	10090.ENSMUSP00000103940	Srp14	Rps16	10090	0.732	0	0	0	0.253	0.558	0	0.254
10090.ENSMUSP00000009693	10090.ENSMUSP00000118787	Srp14	Rpl22	10090	0.769	0	0	0	0.058	0.723	0	0.189
10090.ENSMUSP00000009693	10090.ENSMUSP00000083705	Srp14	Rplp0	10090	0.784	0	0	0	0.158	0.748	0	0.066
10090.ENSMUSP00000009693	10090.ENSMUSP00000010520	Srp14	Nedd8	10090	0.861	0	0	0	0.847	0.131	0	0
10090.ENSMUSP00000009693	10090.ENSMUSP00000102870	Srp14	Rpl27	10090	0.871	0	0	0	0.305	0.766	0	0.271
10090.ENSMUSP00000009693	10090.ENSMUSP00000131489	Srp14	Rpl14	10090	0.88	0	0	0	0.09	0.814	0	0.349
10090.ENSMUSP00000009693	10090.ENSMUSP00000147816	Srp14	Rpl18	10090	0.882	0	0	0	0.13	0.806	0	0.359
10090.ENSMUSP00000009774	10090.ENSMUSP00000098295	Ppp2cb	Psmd9	10090	0.403	0	0	0	0	0.047	0.4	0
10090.ENSMUSP00000009774	10090.ENSMUSP00000028225	Ppp2cb	Psmd5	10090	0.419	0	0	0	0.072	0	0.4	0
10090.ENSMUSP00000009774	10090.ENSMUSP00000026667	Ppp2cb	Eif4a3	10090	0.439	0	0	0	0.166	0.093	0	0.318
10090.ENSMUSP00000009774	10090.ENSMUSP00000022256	Ppp2cb	Psmd6	10090	0.441	0	0	0	0.102	0	0.4	0.047
10090.ENSMUSP00000009774	10090.ENSMUSP00000034369	Ppp2cb	Psmb10	10090	0.45	0	0	0	0	0.099	0.4	0.065
10090.ENSMUSP00000009774	10090.ENSMUSP00000030769	Ppp2cb	Psmc2	10090	0.453	0	0	0	0.103	0.059	0.4	0.047
10090.ENSMUSP00000009774	10090.ENSMUSP00000021063	Ppp2cb	Psmd12	10090	0.458	0	0	0	0.129	0	0.4	0.047
10090.ENSMUSP00000009774	10090.ENSMUSP00000028083	Ppp2cb	Psmb7	10090	0.468	0	0	0	0.073	0.099	0.4	0.065
10090.ENSMUSP00000009774	10090.ENSMUSP00000021049	Ppp2cb	Psmc5	10090	0.469	0	0	0	0.089	0.059	0.4	0.09
10090.ENSMUSP00000009774	10090.ENSMUSP00000086716	Ppp2cb	Usp9x	10090	0.473	0	0	0	0.05	0	0	0.468
10090.ENSMUSP00000009774	10090.ENSMUSP00000042590	Ppp2cb	Psma8	10090	0.487	0	0	0	0.065	0.138	0.4	0.065
10090.ENSMUSP00000009774	10090.ENSMUSP00000071054	Ppp2cb	Psmc3	10090	0.49	0	0	0	0.136	0.069	0.4	0.069
10090.ENSMUSP00000009774	10090.ENSMUSP00000158738	Ppp2cb	Cct6a	10090	0.533	0	0.002	0	0.176	0.423	0	0.097
10090.ENSMUSP00000009774	10090.ENSMUSP00000051223	Ppp2cb	Ywhag	10090	0.556	0	0	0	0.113	0.115	0	0.479
10090.ENSMUSP00000009774	10090.ENSMUSP00000021412	Ppp2cb	Psma6	10090	0.559	0	0	0	0.144	0.191	0.4	0.065
10090.ENSMUSP00000009774	10090.ENSMUSP00000019109	Ppp2cb	Ywhah	10090	0.562	0	0	0	0.161	0.115	0	0.457
10090.ENSMUSP00000009774	10090.ENSMUSP00000032824	Ppp2cb	Psmc4	10090	0.562	0	0	0	0.097	0.069	0.4	0.235
10090.ENSMUSP00000009774	10090.ENSMUSP00000112304	Ppp2cb	Mad2l1	10090	0.575	0	0	0	0.102	0.088	0.5	0.086
10090.ENSMUSP00000009774	10090.ENSMUSP00000098066	Ppp2cb	Actb	10090	0.582	0	0	0.229	0.061	0.118	0	0.422
10090.ENSMUSP00000009774	10090.ENSMUSP00000028278	Ppp2cb	Psmd14	10090	0.639	0	0	0	0.13	0.094	0.4	0.328
10090.ENSMUSP00000009774	10090.ENSMUSP00000031697	Ppp2cb	Cul1	10090	0.65	0	0	0	0.082	0.093	0.5	0.259
10090.ENSMUSP00000009774	10090.ENSMUSP00000079107	Ppp2cb	Ppm1b	10090	0.651	0	0	0	0.146	0.113	0	0.577
10090.ENSMUSP00000009774	10090.ENSMUSP00000032078	Ppp2cb	Cct7	10090	0.675	0	0.002	0	0.079	0.649	0	0.076
10090.ENSMUSP00000009774	10090.ENSMUSP00000116108	Ppp2cb	Tcp1	10090	0.692	0	0.003	0	0.111	0.649	0	0.094
10090.ENSMUSP00000009774	10090.ENSMUSP00000082652	Ppp2cb	Anp32a	10090	0.722	0	0	0	0.093	0.082	0	0.693
10090.ENSMUSP00000009774	10090.ENSMUSP00000022842	Ppp2cb	Cct5	10090	0.76	0	0.032	0	0.113	0.727	0	0.09
10090.ENSMUSP00000009774	10090.ENSMUSP00000099930	Ppp2cb	Set	10090	0.855	0	0	0	0.053	0.077	0	0.848
10090.ENSMUSP00000009774	10090.ENSMUSP00000125415	Ppp2cb	Mob4	10090	0.87	0	0	0	0.133	0.557	0	0.688
10090.ENSMUSP00000009774	10090.ENSMUSP00000065983	Ppp2cb	Mapk1	10090	0.958	0	0	0	0.145	0.144	0.9	0.498
10090.ENSMUSP00000009774	10090.ENSMUSP00000020608	Ppp2cb	Ppp2ca	10090	0.964	0	0	0.047	0.197	0.329	0.9	0.41
10090.ENSMUSP00000009774	10090.ENSMUSP00000046837	Ppp2cb	Ptpa	10090	0.967	0	0	0	0.043	0.75	0.54	0.739
10090.ENSMUSP00000009789	10090.ENSMUSP00000052912	P4ha1	Pdia6	10090	0.425	0	0	0	0.166	0.135	0	0.267
10090.ENSMUSP00000009789	10090.ENSMUSP00000099981	P4ha1	Col15a1	10090	0.445	0	0	0	0	0.045	0.4	0.109
10090.ENSMUSP00000009789	10090.ENSMUSP00000080302	P4ha1	Pgk1	10090	0.467	0	0	0	0.108	0.094	0	0.393
10090.ENSMUSP00000009789	10090.ENSMUSP00000035802	P4ha1	Col16a1	10090	0.485	0	0	0	0.058	0.08	0.4	0.127
10090.ENSMUSP00000009789	10090.ENSMUSP00000071662	P4ha1	Col12a1	10090	0.521	0	0	0	0.061	0.08	0.4	0.185
10090.ENSMUSP00000009789	10090.ENSMUSP00000083620	P4ha1	Col5a2	10090	0.522	0	0	0	0.067	0.08	0.4	0.182
10090.ENSMUSP00000009789	10090.ENSMUSP00000101049	P4ha1	Col18a1	10090	0.539	0	0	0	0	0.045	0.4	0.26
10090.ENSMUSP00000009789	10090.ENSMUSP00000076521	P4ha1	Pdia4	10090	0.565	0	0	0	0.078	0.294	0	0.385
10090.ENSMUSP00000009789	10090.ENSMUSP00000126390	P4ha1	Serpinh1	10090	0.581	0	0	0	0.159	0	0	0.522
10090.ENSMUSP00000009789	10090.ENSMUSP00000033898	P4ha1	Col4a1	10090	0.599	0	0	0	0.057	0.08	0.4	0.321
10090.ENSMUSP00000009789	10090.ENSMUSP00000028280	P4ha1	Col5a1	10090	0.619	0	0	0	0.068	0.08	0.4	0.348
10090.ENSMUSP00000009789	10090.ENSMUSP00000031668	P4ha1	Col1a2	10090	0.694	0	0	0	0.061	0.08	0.4	0.48
10090.ENSMUSP00000009789	10090.ENSMUSP00000040222	P4ha1	Lap3	10090	0.902	0	0	0	0	0	0.9	0.065
10090.ENSMUSP00000010520	10090.ENSMUSP00000091921	Nedd8	Hsp90aa1	10090	0.411	0	0	0	0.085	0.12	0	0.327
10090.ENSMUSP00000010520	10090.ENSMUSP00000121557	Nedd8	Ndufv2	10090	0.418	0	0	0	0.396	0	0	0.075
10090.ENSMUSP00000010520	10090.ENSMUSP00000035105	Nedd8	Rpsa	10090	0.42	0	0	0	0.143	0.278	0	0.137
10090.ENSMUSP00000010520	10090.ENSMUSP00000102724	Nedd8	Plaa	10090	0.42	0	0	0	0.051	0.305	0	0.192
10090.ENSMUSP00000010520	10090.ENSMUSP00000021148	Nedd8	Ube2g1	10090	0.433	0	0	0	0.066	0.174	0	0.324
10090.ENSMUSP00000010520	10090.ENSMUSP00000106242	Nedd8	Hypk	10090	0.435	0	0	0	0.125	0.105	0	0.337
10090.ENSMUSP00000010520	10090.ENSMUSP00000118787	Nedd8	Rpl22	10090	0.444	0	0	0	0.201	0.304	0	0.081
10090.ENSMUSP00000010520	10090.ENSMUSP00000083705	Nedd8	Rplp0	10090	0.447	0	0	0	0.183	0.304	0	0.106
10090.ENSMUSP00000010520	10090.ENSMUSP00000131489	Nedd8	Rpl14	10090	0.45	0	0	0	0.251	0.278	0	0.065
10090.ENSMUSP00000010520	10090.ENSMUSP00000022960	Nedd8	Eif3e	10090	0.452	0	0	0	0.157	0.369	0	0.053
10090.ENSMUSP00000010520	10090.ENSMUSP00000030158	Nedd8	Dctn3	10090	0.463	0	0	0	0.389	0	0	0.156
10090.ENSMUSP00000010520	10090.ENSMUSP00000077744	Nedd8	Uqcrh	10090	0.463	0	0	0	0.45	0	0	0.064
10090.ENSMUSP00000010520	10090.ENSMUSP00000126294	Nedd8	Rps13	10090	0.464	0	0	0	0.265	0.289	0	0.058
10090.ENSMUSP00000010520	10090.ENSMUSP00000103940	Nedd8	Rps16	10090	0.465	0	0	0	0.246	0.289	0	0.082
10090.ENSMUSP00000010520	10090.ENSMUSP00000096777	Nedd8	Eif2s2	10090	0.474	0	0	0	0.201	0.369	0	0
10090.ENSMUSP00000010520	10090.ENSMUSP00000022925	Nedd8	Eif3h	10090	0.476	0	0	0	0.184	0.289	0	0.169
10090.ENSMUSP00000010520	10090.ENSMUSP00000065337	Nedd8	Asna1	10090	0.477	0	0	0	0.191	0.292	0	0.16
10090.ENSMUSP00000010520	10090.ENSMUSP00000099561	Nedd8	Mrto4	10090	0.479	0	0	0	0.23	0.304	0	0.106
10090.ENSMUSP00000010520	10090.ENSMUSP00000025204	Nedd8	Pfdn1	10090	0.486	0	0	0	0.486	0	0	0
10090.ENSMUSP00000010520	10090.ENSMUSP00000120528	Nedd8	Rps20	10090	0.501	0	0	0	0.237	0.304	0	0.136
10090.ENSMUSP00000010520	10090.ENSMUSP00000020640	Nedd8	Rack1	10090	0.504	0	0	0	0.244	0.304	0	0.133
10090.ENSMUSP00000010520	10090.ENSMUSP00000092242	Nedd8	Dnajc8	10090	0.509	0	0	0	0.496	0.067	0	0
10090.ENSMUSP00000010520	10090.ENSMUSP00000099859	Nedd8	Ublcp1	10090	0.515	0	0	0	0.094	0.263	0	0.331
10090.ENSMUSP00000010520	10090.ENSMUSP00000048770	Nedd8	Atp6v1g1	10090	0.517	0	0	0	0.512	0	0	0.049
10090.ENSMUSP00000010520	10090.ENSMUSP00000111443	Nedd8	Ube2v2	10090	0.526	0	0	0	0.15	0.269	0	0.298
10090.ENSMUSP00000010520	10090.ENSMUSP00000041644	Nedd8	Brk1	10090	0.53	0	0	0	0.53	0	0	0
10090.ENSMUSP00000010520	10090.ENSMUSP00000098295	Nedd8	Psmd9	10090	0.543	0	0	0	0.071	0.058	0.5	0.08
10090.ENSMUSP00000010520	10090.ENSMUSP00000102870	Nedd8	Rpl27	10090	0.554	0	0	0	0.393	0.278	0	0.065
10090.ENSMUSP00000010520	10090.ENSMUSP00000020504	Nedd8	Hint1	10090	0.554	0	0	0	0.55	0.042	0	0.047
10090.ENSMUSP00000010520	10090.ENSMUSP00000140106	Nedd8	Uchl5	10090	0.557	0	0	0	0.074	0.173	0	0.469
10090.ENSMUSP00000010520	10090.ENSMUSP00000129178	Nedd8	Pfdn5	10090	0.566	0	0	0	0.555	0.042	0	0.065
10090.ENSMUSP00000010520	10090.ENSMUSP00000109585	Nedd8	Wdr5	10090	0.566	0	0	0	0.047	0.121	0.5	0.088
10090.ENSMUSP00000010520	10090.ENSMUSP00000037597	Nedd8	Snrpd2	10090	0.577	0	0	0	0.55	0.07	0	0.07
10090.ENSMUSP00000010520	10090.ENSMUSP00000147816	Nedd8	Rpl18	10090	0.578	0	0	0	0.272	0.413	0	0.093
10090.ENSMUSP00000010520	10090.ENSMUSP00000033720	Nedd8	Rbbp7	10090	0.591	0	0	0	0.085	0.173	0.5	0.048
10090.ENSMUSP00000010520	10090.ENSMUSP00000015236	Nedd8	Edf1	10090	0.597	0	0	0	0.445	0.304	0	0
10090.ENSMUSP00000010520	10090.ENSMUSP00000025679	Nedd8	Otub1	10090	0.597	0	0	0	0.169	0.29	0	0.372
10090.ENSMUSP00000010520	10090.ENSMUSP00000042590	Nedd8	Psma8	10090	0.607	0	0	0	0.056	0.168	0.5	0.117
10090.ENSMUSP00000010520	10090.ENSMUSP00000099757	Nedd8	Rps8	10090	0.623	0	0	0	0.36	0.413	0	0.078
10090.ENSMUSP00000010520	10090.ENSMUSP00000157948	Nedd8	Rps14	10090	0.63	0	0	0	0.402	0.289	0	0.2
10090.ENSMUSP00000010520	10090.ENSMUSP00000086987	Nedd8	Snrpg	10090	0.635	0	0	0	0.635	0	0	0
10090.ENSMUSP00000010520	10090.ENSMUSP00000030769	Nedd8	Psmc2	10090	0.642	0	0	0	0.16	0.164	0.5	0.102
10090.ENSMUSP00000010520	10090.ENSMUSP00000134615	Nedd8	Rps28	10090	0.644	0	0	0	0.37	0.413	0	0.116
10090.ENSMUSP00000010520	10090.ENSMUSP00000032998	Nedd8	Rps3	10090	0.646	0	0	0	0.32	0.413	0	0.186
10090.ENSMUSP00000010520	10090.ENSMUSP00000058432	Nedd8	Rps21	10090	0.649	0	0	0	0.426	0.413	0	0.042
10090.ENSMUSP00000010520	10090.ENSMUSP00000104068	Nedd8	Rps19	10090	0.65	0	0	0	0.365	0.413	0	0.136
10090.ENSMUSP00000010520	10090.ENSMUSP00000029722	Nedd8	Rps3a1	10090	0.65	0	0	0	0.416	0.413	0	0.062
10090.ENSMUSP00000010520	10090.ENSMUSP00000028225	Nedd8	Psmd5	10090	0.654	0	0	0	0.079	0.204	0.5	0.169
10090.ENSMUSP00000010520	10090.ENSMUSP00000034369	Nedd8	Psmb10	10090	0.654	0	0	0	0.183	0.168	0.5	0.102
10090.ENSMUSP00000010520	10090.ENSMUSP00000079180	Nedd8	Rps25	10090	0.673	0	0	0	0.433	0.413	0	0.096
10090.ENSMUSP00000010520	10090.ENSMUSP00000096932	Nedd8	Ube2n	10090	0.691	0	0	0	0.243	0.237	0	0.508
10090.ENSMUSP00000010520	10090.ENSMUSP00000114764	Nedd8	Ube2v1	10090	0.705	0	0	0	0.132	0.558	0	0.294
10090.ENSMUSP00000010520	10090.ENSMUSP00000020550	Nedd8	Cdc34	10090	0.707	0	0	0	0.073	0.174	0	0.648
10090.ENSMUSP00000010520	10090.ENSMUSP00000035166	Nedd8	Uba5	10090	0.712	0	0	0	0.117	0.201	0	0.625
10090.ENSMUSP00000010520	10090.ENSMUSP00000028083	Nedd8	Psmb7	10090	0.73	0	0	0	0.344	0.168	0.5	0.128
10090.ENSMUSP00000010520	10090.ENSMUSP00000021063	Nedd8	Psmd12	10090	0.747	0	0	0	0.199	0.329	0.5	0.17
10090.ENSMUSP00000010520	10090.ENSMUSP00000032824	Nedd8	Psmc4	10090	0.758	0	0	0	0.245	0.26	0.5	0.237
10090.ENSMUSP00000010520	10090.ENSMUSP00000021049	Nedd8	Psmc5	10090	0.764	0	0	0	0.374	0.164	0.5	0.207
10090.ENSMUSP00000010520	10090.ENSMUSP00000022256	Nedd8	Psmd6	10090	0.774	0	0	0	0.233	0.369	0.5	0.179
10090.ENSMUSP00000010520	10090.ENSMUSP00000156121	Nedd8	Ube2l3	10090	0.791	0	0	0	0.469	0.534	0	0.223
10090.ENSMUSP00000010520	10090.ENSMUSP00000071054	Nedd8	Psmc3	10090	0.801	0	0	0	0.423	0.26	0.5	0.178
10090.ENSMUSP00000010520	10090.ENSMUSP00000021412	Nedd8	Psma6	10090	0.853	0	0	0	0.639	0.168	0.5	0.135
10090.ENSMUSP00000010520	10090.ENSMUSP00000103817	Nedd8	Dcun1d1	10090	0.862	0	0	0	0.061	0.478	0.5	0.503
10090.ENSMUSP00000010520	10090.ENSMUSP00000106090	Nedd8	Cops2	10090	0.89	0	0	0	0.139	0.637	0.5	0.382
10090.ENSMUSP00000010520	10090.ENSMUSP00000028278	Nedd8	Psmd14	10090	0.898	0	0	0	0.417	0.235	0.5	0.599
10090.ENSMUSP00000010520	10090.ENSMUSP00000115044	Nedd8	Sumo2	10090	0.938	0	0	0	0.725	0.102	0	0.771
10090.ENSMUSP00000010520	10090.ENSMUSP00000133855	Nedd8	Gps1	10090	0.961	0	0	0	0.141	0.766	0.5	0.658
10090.ENSMUSP00000010520	10090.ENSMUSP00000048416	Nedd8	Cops4	10090	0.966	0	0	0	0.165	0.637	0.5	0.805
10090.ENSMUSP00000010520	10090.ENSMUSP00000035884	Nedd8	Cops8	10090	0.968	0	0	0	0.296	0.548	0.5	0.822
10090.ENSMUSP00000010520	10090.ENSMUSP00000019638	Nedd8	Cops6	10090	0.987	0	0	0	0.383	0.823	0.5	0.803
10090.ENSMUSP00000010520	10090.ENSMUSP00000066210	Nedd8	Elob	10090	0.989	0	0	0	0.419	0.556	0.5	0.928
10090.ENSMUSP00000010520	10090.ENSMUSP00000027050	Nedd8	Cops5	10090	0.989	0	0	0	0.261	0.823	0.5	0.859
10090.ENSMUSP00000010520	10090.ENSMUSP00000139480	Nedd8	Eloc	10090	0.99	0	0	0	0.284	0.637	0.5	0.932
10090.ENSMUSP00000010520	10090.ENSMUSP00000034349	Nedd8	Nae1	10090	0.998	0	0	0	0.073	0.889	0.5	0.979
10090.ENSMUSP00000010520	10090.ENSMUSP00000031697	Nedd8	Cul1	10090	0.999	0	0	0	0.067	0.969	0.5	0.989
10090.ENSMUSP00000010520	10090.ENSMUSP00000086701	Nedd8	Uba3	10090	0.999	0	0	0	0.073	0.861	0.9	0.98
10090.ENSMUSP00000010804	10090.ENSMUSP00000025403	Plcd1	Impa2	10090	0.728	0	0	0	0.041	0	0.65	0.255
10090.ENSMUSP00000010899	10090.ENSMUSP00000099561	Cars	Mrto4	10090	0.4	0.115	0	0	0.163	0	0	0.255
10090.ENSMUSP00000010899	10090.ENSMUSP00000032998	Cars	Rps3	10090	0.402	0	0	0	0.104	0	0	0.36
10090.ENSMUSP00000010899	10090.ENSMUSP00000066621	Cars	Glrx3	10090	0.418	0	0	0	0.059	0	0	0.407
10090.ENSMUSP00000010899	10090.ENSMUSP00000028517	Cars	Ola1	10090	0.419	0.12	0	0	0.191	0	0	0.25
10090.ENSMUSP00000010899	10090.ENSMUSP00000060900	Cars	Trnt1	10090	0.449	0.12	0	0	0.1	0	0	0.361
10090.ENSMUSP00000010899	10090.ENSMUSP00000099391	Cars	Ptges3l	10090	0.469	0	0	0	0.055	0	0	0.462
10090.ENSMUSP00000010899	10090.ENSMUSP00000146474	Cars	Nap1l4	10090	0.519	0	0.128	0	0.046	0	0	0.468
10090.ENSMUSP00000010899	10090.ENSMUSP00000103068	Cars	Alad	10090	0.527	0.12	0	0	0.044	0	0	0.483
10090.ENSMUSP00000010899	10090.ENSMUSP00000023684	Cars	Gart	10090	0.573	0.12	0	0	0.067	0	0	0.522
10090.ENSMUSP00000010899	10090.ENSMUSP00000034570	Cars	Pts	10090	0.643	0.061	0	0	0.367	0	0	0.448
10090.ENSMUSP00000010899	10090.ENSMUSP00000018992	Cars	Rars	10090	0.7	0.116	0	0	0.286	0	0	0.563
10090.ENSMUSP00000010899	10090.ENSMUSP00000130858	Cars	Tpi1	10090	0.707	0	0.322	0	0.236	0	0	0.479
10090.ENSMUSP00000010899	10090.ENSMUSP00000022849	Cars	Tars	10090	0.815	0.091	0	0	0.422	0	0	0.675
10090.ENSMUSP00000010899	10090.ENSMUSP00000084572	Cars	Vars	10090	0.859	0.1	0	0	0.351	0.135	0	0.754
10090.ENSMUSP00000010899	10090.ENSMUSP00000132082	Cars	Iars	10090	0.885	0.041	0	0	0.39	0	0	0.819
10090.ENSMUSP00000011526	10090.ENSMUSP00000106180	Dhdh	Sord	10090	0.529	0.103	0.015	0	0.153	0	0	0.43
10090.ENSMUSP00000011526	10090.ENSMUSP00000021114	Dhdh	Galk1	10090	0.673	0.063	0	0	0.116	0.547	0	0.233
10090.ENSMUSP00000013773	10090.ENSMUSP00000084882	Cad	Gda	10090	0.411	0.049	0	0	0.2	0	0	0.288
10090.ENSMUSP00000013773	10090.ENSMUSP00000047665	Cad	Adk	10090	0.432	0	0	0	0.076	0	0	0.41
10090.ENSMUSP00000013773	10090.ENSMUSP00000130858	Cad	Tpi1	10090	0.448	0.113	0	0	0.052	0	0	0.397
10090.ENSMUSP00000013773	10090.ENSMUSP00000132082	Cad	Iars	10090	0.454	0.084	0	0	0.276	0.064	0	0.225
10090.ENSMUSP00000013773	10090.ENSMUSP00000084572	Cad	Vars	10090	0.539	0.073	0	0	0.301	0.073	0	0.324
10090.ENSMUSP00000013773	10090.ENSMUSP00000112928	Cad	Dpysl3	10090	0.572	0.064	0	0	0.448	0.062	0	0.222
10090.ENSMUSP00000013773	10090.ENSMUSP00000124579	Cad	Asl	10090	0.76	0.116	0	0	0.483	0	0	0.518
10090.ENSMUSP00000013773	10090.ENSMUSP00000023684	Cad	Gart	10090	0.782	0.207	0	0	0.367	0	0	0.601
10090.ENSMUSP00000013773	10090.ENSMUSP00000016105	Cad	Adss	10090	0.963	0.093	0	0	0.276	0	0.9	0.508
10090.ENSMUSP00000013842	10090.ENSMUSP00000065983	Pea15a	Mapk1	10090	0.963	0	0	0	0.047	0.744	0.7	0.561
10090.ENSMUSP00000015100	10090.ENSMUSP00000020608	Ppp1cb	Ppp2ca	10090	0.402	0	0	0.057	0.237	0.067	0	0.213
10090.ENSMUSP00000015100	10090.ENSMUSP00000065983	Ppp1cb	Mapk1	10090	0.413	0	0	0	0.153	0.17	0	0.232
10090.ENSMUSP00000015100	10090.ENSMUSP00000040938	Ppp1cb	Wdr92	10090	0.435	0	0	0	0.053	0.296	0	0.221
10090.ENSMUSP00000015100	10090.ENSMUSP00000079107	Ppp1cb	Ppm1b	10090	0.451	0	0	0	0.133	0.113	0	0.342
10090.ENSMUSP00000015100	10090.ENSMUSP00000098066	Ppp1cb	Actb	10090	0.479	0	0	0.298	0.066	0.175	0	0.15
10090.ENSMUSP00000015100	10090.ENSMUSP00000131489	Ppp1cb	Rpl14	10090	0.487	0	0	0	0.058	0.455	0	0.081
10090.ENSMUSP00000015100	10090.ENSMUSP00000046837	Ppp1cb	Ptpa	10090	0.502	0	0	0	0	0.414	0	0.186
10090.ENSMUSP00000015100	10090.ENSMUSP00000083705	Ppp1cb	Rplp0	10090	0.563	0	0	0	0.05	0.549	0	0.062
10090.ENSMUSP00000015100	10090.ENSMUSP00000042364	Ppp1cb	Myl12b	10090	0.925	0	0	0	0.07	0.163	0.9	0.153
10090.ENSMUSP00000015100	10090.ENSMUSP00000085913	Ppp1cb	Myl9	10090	0.941	0	0	0	0	0.163	0.9	0.357
10090.ENSMUSP00000015100	10090.ENSMUSP00000027494	Ppp1cb	Ppp1r7	10090	0.948	0	0.021	0	0.125	0.776	0.54	0.498
10090.ENSMUSP00000015100	10090.ENSMUSP00000039109	Ppp1cb	Ppp1ca	10090	0.965	0	0	0.049	0.088	0.57	0.9	0.224
10090.ENSMUSP00000015100	10090.ENSMUSP00000099587	Ppp1cb	Ppp1cc	10090	0.976	0	0	0.049	0.161	0.543	0.9	0.442
10090.ENSMUSP00000015100	10090.ENSMUSP00000131406	Ppp1cb	Ppp1r12b	10090	0.981	0	0	0	0.112	0.635	0.9	0.509
10090.ENSMUSP00000015157	10090.ENSMUSP00000121557	Trappc2l	Ndufv2	10090	0.403	0	0	0	0.129	0	0	0.343
10090.ENSMUSP00000015157	10090.ENSMUSP00000066210	Trappc2l	Elob	10090	0.446	0	0	0	0.381	0	0	0.142
10090.ENSMUSP00000015157	10090.ENSMUSP00000125415	Trappc2l	Mob4	10090	0.601	0	0	0	0.069	0	0	0.589
10090.ENSMUSP00000015157	10090.ENSMUSP00000025804	Trappc2l	Rab1b	10090	0.639	0	0	0	0.051	0.096	0.5	0.258
10090.ENSMUSP00000015157	10090.ENSMUSP00000030660	Trappc2l	Trappc3	10090	0.995	0	0	0	0.086	0.86	0.8	0.832
10090.ENSMUSP00000015234	10090.ENSMUSP00000107795	Ptgds	Tmsb4x	10090	0.434	0	0	0	0	0.327	0	0.193
10090.ENSMUSP00000015234	10090.ENSMUSP00000050292	Ptgds	Ptges3	10090	0.95	0	0	0	0	0	0.9	0.521
10090.ENSMUSP00000015236	10090.ENSMUSP00000035486	Edf1	Ccs	10090	0.408	0	0	0	0.228	0	0	0.265
10090.ENSMUSP00000015236	10090.ENSMUSP00000103068	Edf1	Alad	10090	0.408	0	0	0	0.064	0	0	0.394
10090.ENSMUSP00000015236	10090.ENSMUSP00000091921	Edf1	Hsp90aa1	10090	0.409	0	0	0	0.303	0	0	0.186
10090.ENSMUSP00000015236	10090.ENSMUSP00000032824	Edf1	Psmc4	10090	0.421	0.119	0	0	0.346	0.076	0	0
10090.ENSMUSP00000015236	10090.ENSMUSP00000099561	Edf1	Mrto4	10090	0.463	0	0	0	0.091	0.416	0	0.071
10090.ENSMUSP00000015236	10090.ENSMUSP00000101006	Edf1	Atp5d	10090	0.492	0	0	0	0.447	0	0	0.12
10090.ENSMUSP00000015236	10090.ENSMUSP00000025918	Edf1	Stip1	10090	0.5	0	0	0	0.456	0	0	0.119
10090.ENSMUSP00000015236	10090.ENSMUSP00000021197	Edf1	Blmh	10090	0.52	0	0	0	0.053	0	0	0.514
10090.ENSMUSP00000015236	10090.ENSMUSP00000071054	Edf1	Psmc3	10090	0.529	0.119	0	0	0.347	0.093	0	0.204
10090.ENSMUSP00000015236	10090.ENSMUSP00000071078	Edf1	Cope	10090	0.549	0	0	0	0.549	0	0	0
10090.ENSMUSP00000015236	10090.ENSMUSP00000079628	Edf1	Rps17	10090	0.601	0	0	0	0.18	0.534	0	0
10090.ENSMUSP00000015236	10090.ENSMUSP00000083705	Edf1	Rplp0	10090	0.632	0	0	0	0.153	0.534	0	0.144
10090.ENSMUSP00000015236	10090.ENSMUSP00000118787	Edf1	Rpl22	10090	0.712	0	0	0	0.128	0.684	0	0
10090.ENSMUSP00000015236	10090.ENSMUSP00000157948	Edf1	Rps14	10090	0.783	0	0	0	0.207	0.738	0	0
10090.ENSMUSP00000015236	10090.ENSMUSP00000131489	Edf1	Rpl14	10090	0.832	0	0	0	0.132	0.815	0	0
10090.ENSMUSP00000015236	10090.ENSMUSP00000035105	Edf1	Rpsa	10090	0.842	0	0	0	0.134	0.825	0	0
10090.ENSMUSP00000015236	10090.ENSMUSP00000102870	Edf1	Rpl27	10090	0.846	0	0	0	0.203	0.815	0	0
10090.ENSMUSP00000015236	10090.ENSMUSP00000104068	Edf1	Rps19	10090	0.848	0	0	0	0.167	0.825	0	0.042
10090.ENSMUSP00000015236	10090.ENSMUSP00000079180	Edf1	Rps25	10090	0.849	0	0	0	0.176	0.825	0	0
10090.ENSMUSP00000015236	10090.ENSMUSP00000147816	Edf1	Rpl18	10090	0.849	0	0	0	0.219	0.815	0	0
10090.ENSMUSP00000015236	10090.ENSMUSP00000134615	Edf1	Rps28	10090	0.854	0	0	0	0.202	0.825	0	0
10090.ENSMUSP00000015236	10090.ENSMUSP00000029722	Edf1	Rps3a1	10090	0.855	0	0	0	0.142	0.828	0	0.099
10090.ENSMUSP00000015236	10090.ENSMUSP00000126294	Edf1	Rps13	10090	0.86	0	0	0	0.221	0.828	0	0
10090.ENSMUSP00000015236	10090.ENSMUSP00000103940	Edf1	Rps16	10090	0.864	0	0	0	0.157	0.827	0	0.148
10090.ENSMUSP00000015236	10090.ENSMUSP00000099757	Edf1	Rps8	10090	0.865	0	0	0	0.124	0.825	0	0.193
10090.ENSMUSP00000015236	10090.ENSMUSP00000058432	Edf1	Rps21	10090	0.878	0	0	0	0.229	0.828	0	0.158
10090.ENSMUSP00000015236	10090.ENSMUSP00000020640	Edf1	Rack1	10090	0.895	0	0	0	0.156	0.833	0	0.316
10090.ENSMUSP00000015236	10090.ENSMUSP00000120528	Edf1	Rps20	10090	0.918	0	0	0	0.182	0.828	0	0.468
10090.ENSMUSP00000015236	10090.ENSMUSP00000032998	Edf1	Rps3	10090	0.975	0	0	0	0.171	0.966	0	0.195
10090.ENSMUSP00000016072	10090.ENSMUSP00000018851	Rrbp1	Dync1h1	10090	0.411	0	0	0	0.071	0	0	0.393
10090.ENSMUSP00000016072	10090.ENSMUSP00000120528	Rrbp1	Rps20	10090	0.486	0	0	0	0.05	0.067	0	0.466
10090.ENSMUSP00000016072	10090.ENSMUSP00000029722	Rrbp1	Rps3a1	10090	0.496	0	0	0	0.049	0.041	0	0.492
10090.ENSMUSP00000016072	10090.ENSMUSP00000020640	Rrbp1	Rack1	10090	0.507	0	0	0	0.125	0.084	0	0.434
10090.ENSMUSP00000016072	10090.ENSMUSP00000102870	Rrbp1	Rpl27	10090	0.52	0	0	0	0	0.052	0	0.514
10090.ENSMUSP00000016105	10090.ENSMUSP00000087118	Adss	Mat2a	10090	0.406	0	0	0	0.061	0	0	0.394
10090.ENSMUSP00000016105	10090.ENSMUSP00000081141	Adss	Pgd	10090	0.408	0	0	0	0.114	0.055	0	0.349
10090.ENSMUSP00000016105	10090.ENSMUSP00000084882	Adss	Gda	10090	0.425	0.103	0	0	0	0	0	0.385
10090.ENSMUSP00000016105	10090.ENSMUSP00000083705	Adss	Rplp0	10090	0.433	0	0	0	0.31	0	0	0.212
10090.ENSMUSP00000016105	10090.ENSMUSP00000020286	Adss	Ppa1	10090	0.439	0.056	0	0	0.299	0	0	0.22
10090.ENSMUSP00000016105	10090.ENSMUSP00000099561	Adss	Mrto4	10090	0.443	0	0	0	0.323	0	0	0.212
10090.ENSMUSP00000016105	10090.ENSMUSP00000127566	Adss	Guk1	10090	0.465	0	0	0	0.064	0	0	0.451
10090.ENSMUSP00000016105	10090.ENSMUSP00000130023	Adss	Hnrnpf	10090	0.465	0	0	0	0.466	0	0	0
10090.ENSMUSP00000016105	10090.ENSMUSP00000022429	Adss	Arf4	10090	0.474	0	0	0	0.065	0	0	0.461
10090.ENSMUSP00000016105	10090.ENSMUSP00000027810	Adss	Fh1	10090	0.521	0	0	0	0.115	0	0	0.48
10090.ENSMUSP00000016105	10090.ENSMUSP00000061092	Adss	Mtap	10090	0.543	0	0	0	0.071	0	0	0.528
10090.ENSMUSP00000016105	10090.ENSMUSP00000130858	Adss	Tpi1	10090	0.558	0	0	0	0.112	0	0	0.522
10090.ENSMUSP00000016105	10090.ENSMUSP00000124579	Adss	Asl	10090	0.558	0	0	0	0.327	0	0	0.37
10090.ENSMUSP00000016105	10090.ENSMUSP00000033720	Adss	Rbbp7	10090	0.561	0	0	0	0.337	0.366	0	0
10090.ENSMUSP00000016105	10090.ENSMUSP00000075031	Adss	Gm10282	10090	0.564	0.083	0	0	0.484	0	0	0.153
10090.ENSMUSP00000016105	10090.ENSMUSP00000021306	Adss	Eftud2	10090	0.569	0	0	0	0.467	0	0	0.225
10090.ENSMUSP00000016105	10090.ENSMUSP00000104068	Adss	Rps19	10090	0.626	0.119	0	0	0.582	0	0	0.068
10090.ENSMUSP00000016105	10090.ENSMUSP00000084572	Adss	Vars	10090	0.654	0.063	0	0	0.297	0	0	0.517
10090.ENSMUSP00000016105	10090.ENSMUSP00000026576	Adss	Taldo1	10090	0.662	0	0	0	0.152	0.33	0	0.453
10090.ENSMUSP00000016105	10090.ENSMUSP00000047665	Adss	Adk	10090	0.688	0.093	0	0	0.102	0.259	0	0.543
10090.ENSMUSP00000016105	10090.ENSMUSP00000032998	Adss	Rps3	10090	0.721	0.061	0	0	0.692	0.058	0	0.097
10090.ENSMUSP00000016105	10090.ENSMUSP00000090360	Adss	Nt5c3b	10090	0.903	0	0	0	0.064	0.051	0.9	0.042
10090.ENSMUSP00000016105	10090.ENSMUSP00000035179	Adss	Nudt16	10090	0.906	0	0	0	0	0	0.9	0.106
10090.ENSMUSP00000016105	10090.ENSMUSP00000071939	Adss	Entpd5	10090	0.923	0	0	0	0	0	0.9	0.266
10090.ENSMUSP00000016105	10090.ENSMUSP00000099482	Adss	Itpa	10090	0.963	0.117	0	0	0.059	0.135	0.9	0.566
10090.ENSMUSP00000016105	10090.ENSMUSP00000023684	Adss	Gart	10090	0.975	0.352	0	0	0.893	0.115	0	0.644
10090.ENSMUSP00000016138	10090.ENSMUSP00000032078	Fnta	Cct7	10090	0.408	0	0	0	0.136	0	0	0.343
10090.ENSMUSP00000016138	10090.ENSMUSP00000146474	Fnta	Nap1l4	10090	0.533	0	0	0	0.33	0.241	0	0.156
10090.ENSMUSP00000016138	10090.ENSMUSP00000032440	Fnta	Sec13	10090	0.547	0	0	0	0.125	0	0	0.504
10090.ENSMUSP00000016138	10090.ENSMUSP00000129481	Fnta	Rabggtb	10090	0.74	0	0	0	0.061	0	0	0.734
10090.ENSMUSP00000016138	10090.ENSMUSP00000147767	Fnta	Casp3	10090	0.76	0	0	0	0	0	0.75	0.08
10090.ENSMUSP00000016771	10090.ENSMUSP00000020640	Myh9	Rack1	10090	0.406	0	0	0	0.081	0.072	0	0.36
10090.ENSMUSP00000016771	10090.ENSMUSP00000027438	Myh9	Ncl	10090	0.413	0	0	0	0.049	0.249	0	0.244
10090.ENSMUSP00000016771	10090.ENSMUSP00000087457	Myh9	Itgb1	10090	0.448	0	0	0	0.105	0	0	0.409
10090.ENSMUSP00000016771	10090.ENSMUSP00000112104	Myh9	Hnrnpk	10090	0.455	0	0	0	0.053	0	0	0.449
10090.ENSMUSP00000016771	10090.ENSMUSP00000099368	Myh9	Cttn	10090	0.46	0	0	0	0.054	0.121	0	0.403
10090.ENSMUSP00000016771	10090.ENSMUSP00000023538	Myh9	Mylk	10090	0.466	0	0	0	0.102	0.098	0	0.393
10090.ENSMUSP00000016771	10090.ENSMUSP00000032561	Myh9	Vasp	10090	0.467	0	0	0	0.161	0	0	0.391
10090.ENSMUSP00000016771	10090.ENSMUSP00000047571	Myh9	Hnrnpu	10090	0.473	0	0	0	0.058	0.068	0	0.448
10090.ENSMUSP00000016771	10090.ENSMUSP00000112570	Myh9	Ddr1	10090	0.477	0	0	0	0.06	0	0	0.467
10090.ENSMUSP00000016771	10090.ENSMUSP00000080302	Myh9	Pgk1	10090	0.481	0	0	0	0.059	0	0	0.471
10090.ENSMUSP00000016771	10090.ENSMUSP00000031625	Myh9	Arpc1a	10090	0.531	0	0.005	0	0	0.053	0.5	0.09
10090.ENSMUSP00000016771	10090.ENSMUSP00000024047	Myh9	Twf2	10090	0.531	0	0	0	0.054	0.059	0.5	0.07
10090.ENSMUSP00000016771	10090.ENSMUSP00000034915	Myh9	Ctsh	10090	0.535	0	0	0	0.097	0.061	0	0.496
10090.ENSMUSP00000016771	10090.ENSMUSP00000118169	Myh9	Lgals3	10090	0.581	0	0	0	0.129	0.076	0	0.522
10090.ENSMUSP00000016771	10090.ENSMUSP00000076933	Myh9	Arpc5	10090	0.592	0	0	0	0.071	0.058	0.5	0.177
10090.ENSMUSP00000016771	10090.ENSMUSP00000113978	Myh9	Tpm3	10090	0.622	0	0	0	0.169	0.251	0	0.442
10090.ENSMUSP00000016771	10090.ENSMUSP00000034756	Myh9	Anxa2	10090	0.637	0	0	0	0.139	0.059	0	0.589
10090.ENSMUSP00000016771	10090.ENSMUSP00000109451	Myh9	Arpc2	10090	0.682	0	0	0	0.145	0.059	0.5	0.303
10090.ENSMUSP00000016771	10090.ENSMUSP00000052020	Myh9	Flnb	10090	0.707	0	0	0	0.137	0.09	0	0.657
10090.ENSMUSP00000016771	10090.ENSMUSP00000106090	Myh9	Cops2	10090	0.72	0	0	0	0	0	0.72	0
10090.ENSMUSP00000016771	10090.ENSMUSP00000019638	Myh9	Cops6	10090	0.721	0	0	0	0.047	0	0.72	0
10090.ENSMUSP00000016771	10090.ENSMUSP00000133855	Myh9	Gps1	10090	0.723	0	0	0	0.054	0	0.72	0
10090.ENSMUSP00000016771	10090.ENSMUSP00000137503	Myh9	Actr3	10090	0.727	0	0	0	0.145	0.174	0.5	0.318
10090.ENSMUSP00000016771	10090.ENSMUSP00000035884	Myh9	Cops8	10090	0.771	0	0	0	0.042	0.218	0.72	0
10090.ENSMUSP00000016771	10090.ENSMUSP00000048416	Myh9	Cops4	10090	0.78	0	0	0	0	0.226	0.72	0.07
10090.ENSMUSP00000016771	10090.ENSMUSP00000027050	Myh9	Cops5	10090	0.787	0	0	0	0.047	0.231	0.72	0.087
10090.ENSMUSP00000016771	10090.ENSMUSP00000055122	Myh9	Epb41l2	10090	0.804	0	0	0	0.049	0.305	0.72	0.068
10090.ENSMUSP00000016771	10090.ENSMUSP00000128278	Myh9	Iqgap1	10090	0.817	0	0	0	0.475	0.409	0	0.457
10090.ENSMUSP00000016771	10090.ENSMUSP00000030187	Myh9	Tln1	10090	0.874	0	0	0	0.453	0.23	0	0.725
10090.ENSMUSP00000016771	10090.ENSMUSP00000155052	Myh9	Myh11	10090	0.936	0	0	0.051	0.052	0	0.9	0.38
10090.ENSMUSP00000016771	10090.ENSMUSP00000085913	Myh9	Myl9	10090	0.974	0	0	0	0.121	0.415	0.9	0.559
10090.ENSMUSP00000016771	10090.ENSMUSP00000042364	Myh9	Myl12b	10090	0.984	0	0	0	0.21	0.537	0.9	0.634
10090.ENSMUSP00000016771	10090.ENSMUSP00000098066	Myh9	Actb	10090	0.992	0	0	0	0.189	0.674	0.9	0.762
10090.ENSMUSP00000017430	10090.ENSMUSP00000026576	Glod4	Taldo1	10090	0.409	0.061	0	0	0.133	0.063	0	0.316
10090.ENSMUSP00000017430	10090.ENSMUSP00000022517	Glod4	Cryl1	10090	0.42	0.092	0	0	0.084	0	0	0.359
10090.ENSMUSP00000017430	10090.ENSMUSP00000022268	Glod4	Pdhb	10090	0.421	0.046	0	0	0.147	0	0	0.345
10090.ENSMUSP00000017430	10090.ENSMUSP00000084572	Glod4	Vars	10090	0.44	0.119	0	0	0.095	0	0	0.354
10090.ENSMUSP00000017430	10090.ENSMUSP00000027810	Glod4	Fh1	10090	0.443	0.044	0	0	0.142	0.064	0	0.36
10090.ENSMUSP00000017430	10090.ENSMUSP00000022062	Glod4	Sdha	10090	0.467	0.046	0	0	0.31	0.096	0	0.209
10090.ENSMUSP00000017430	10090.ENSMUSP00000130858	Glod4	Tpi1	10090	0.507	0.079	0	0	0.147	0	0	0.423
10090.ENSMUSP00000017430	10090.ENSMUSP00000045284	Glod4	Uqcrfs1	10090	0.535	0	0	0	0.474	0	0	0.153
10090.ENSMUSP00000017430	10090.ENSMUSP00000030830	Glod4	H6pd	10090	0.536	0	0	0	0.069	0.051	0	0.517
10090.ENSMUSP00000017430	10090.ENSMUSP00000120528	Glod4	Rps20	10090	0.565	0	0	0	0.136	0	0	0.518
10090.ENSMUSP00000017534	10090.ENSMUSP00000051223	Aldoc	Ywhag	10090	0.406	0	0	0	0.051	0.063	0	0.385
10090.ENSMUSP00000017534	10090.ENSMUSP00000099482	Aldoc	Itpa	10090	0.422	0	0	0	0	0.055	0	0.413
10090.ENSMUSP00000017534	10090.ENSMUSP00000023116	Aldoc	Aco2	10090	0.461	0	0	0	0.09	0.093	0	0.4
10090.ENSMUSP00000017534	10090.ENSMUSP00000114304	Aldoc	Aldh1l1	10090	0.586	0	0	0	0.127	0	0	0.545
10090.ENSMUSP00000017534	10090.ENSMUSP00000080302	Aldoc	Pgk1	10090	0.766	0.071	0	0	0.205	0.098	0	0.69
10090.ENSMUSP00000017534	10090.ENSMUSP00000030830	Aldoc	H6pd	10090	0.891	0	0	0	0.056	0	0.8	0.471
10090.ENSMUSP00000017534	10090.ENSMUSP00000022268	Aldoc	Pdhb	10090	0.898	0.043	0	0	0.079	0	0.8	0.493
10090.ENSMUSP00000017534	10090.ENSMUSP00000157520	Aldoc	Tkfc	10090	0.917	0	0	0	0.064	0	0.9	0.192
10090.ENSMUSP00000017534	10090.ENSMUSP00000090564	Aldoc	Fbp1	10090	0.949	0.044	0	0	0.11	0.061	0.9	0.467
10090.ENSMUSP00000017534	10090.ENSMUSP00000026576	Aldoc	Taldo1	10090	0.954	0	0	0	0.124	0.051	0.9	0.521
10090.ENSMUSP00000017534	10090.ENSMUSP00000130858	Aldoc	Tpi1	10090	0.977	0.044	0	0	0.317	0.069	0.9	0.693
10090.ENSMUSP00000017694	10090.ENSMUSP00000112304	Atad5	Mad2l1	10090	0.417	0	0	0	0.298	0.079	0	0.17
10090.ENSMUSP00000017694	10090.ENSMUSP00000096932	Atad5	Ube2n	10090	0.446	0	0	0	0.053	0.042	0	0.439
10090.ENSMUSP00000017694	10090.ENSMUSP00000115044	Atad5	Sumo2	10090	0.531	0	0	0	0.048	0.414	0	0.227
10090.ENSMUSP00000018337	10090.ENSMUSP00000102724	Cdc73	Plaa	10090	0.512	0	0	0	0.108	0.262	0	0.318
10090.ENSMUSP00000018337	10090.ENSMUSP00000056604	Cdc73	H2bc1	10090	0.711	0	0	0	0	0.306	0.5	0.236
10090.ENSMUSP00000018337	10090.ENSMUSP00000066210	Cdc73	Elob	10090	0.764	0	0	0	0	0.095	0.72	0.146
10090.ENSMUSP00000018337	10090.ENSMUSP00000139480	Cdc73	Eloc	10090	0.765	0	0	0	0.064	0	0.72	0.177
10090.ENSMUSP00000018337	10090.ENSMUSP00000019882	Cdc73	Polr2i	10090	0.851	0	0	0	0	0.825	0	0.185
10090.ENSMUSP00000018337	10090.ENSMUSP00000021405	Cdc73	Polr2h	10090	0.913	0	0	0	0	0.861	0	0.4
10090.ENSMUSP00000018337	10090.ENSMUSP00000042283	Cdc73	Supt16	10090	0.998	0	0	0	0.176	0.978	0.72	0.69
10090.ENSMUSP00000018337	10090.ENSMUSP00000113560	Cdc73	Wdr61	10090	0.999	0	0	0	0.046	0.916	0.8	0.986
10090.ENSMUSP00000018698	10090.ENSMUSP00000034138	Ybx2	Dnaja2	10090	0.493	0	0	0	0.053	0	0	0.487
10090.ENSMUSP00000018816	10090.ENSMUSP00000021249	Copz2	Scrn2	10090	0.409	0	0	0	0.057	0	0	0.399
10090.ENSMUSP00000018816	10090.ENSMUSP00000031668	Copz2	Col1a2	10090	0.5	0	0	0	0.186	0	0	0.41
10090.ENSMUSP00000018816	10090.ENSMUSP00000031355	Copz2	Uso1	10090	0.523	0	0	0	0	0.086	0.5	0
10090.ENSMUSP00000018816	10090.ENSMUSP00000035802	Copz2	Col16a1	10090	0.538	0	0	0	0.097	0	0	0.509
10090.ENSMUSP00000018816	10090.ENSMUSP00000025804	Copz2	Rab1b	10090	0.622	0	0	0	0.059	0.064	0.5	0.243
10090.ENSMUSP00000018816	10090.ENSMUSP00000064719	Copz2	Efemp2	10090	0.65	0	0	0	0.187	0	0	0.587
10090.ENSMUSP00000018816	10090.ENSMUSP00000022429	Copz2	Arf4	10090	0.66	0	0	0	0.061	0.182	0.5	0.218
10090.ENSMUSP00000018816	10090.ENSMUSP00000029476	Copz2	Sec22b	10090	0.688	0	0	0	0.099	0.082	0.5	0.336
10090.ENSMUSP00000018816	10090.ENSMUSP00000064622	Copz2	Wdyhv1	10090	0.712	0	0	0	0	0	0	0.712
10090.ENSMUSP00000018816	10090.ENSMUSP00000097738	Copz2	Copz1	10090	0.749	0	0	0.053	0.042	0	0.72	0.13
10090.ENSMUSP00000018816	10090.ENSMUSP00000071078	Copz2	Cope	10090	0.916	0	0	0	0.105	0.507	0.54	0.638
10090.ENSMUSP00000018851	10090.ENSMUSP00000109585	Dync1h1	Wdr5	10090	0.416	0	0	0	0.058	0	0	0.405
10090.ENSMUSP00000018851	10090.ENSMUSP00000032508	Dync1h1	Fkbp4	10090	0.456	0	0	0	0.064	0	0.4	0.109
10090.ENSMUSP00000018851	10090.ENSMUSP00000050292	Dync1h1	Ptges3	10090	0.462	0	0	0	0.044	0	0.4	0.137
10090.ENSMUSP00000018851	10090.ENSMUSP00000098066	Dync1h1	Actb	10090	0.501	0	0	0	0.065	0.264	0	0.333
10090.ENSMUSP00000018851	10090.ENSMUSP00000132142	Dync1h1	Galnt1	10090	0.504	0	0	0	0.05	0	0.5	0
10090.ENSMUSP00000018851	10090.ENSMUSP00000112304	Dync1h1	Mad2l1	10090	0.529	0	0	0	0	0.063	0.5	0.077
10090.ENSMUSP00000018851	10090.ENSMUSP00000022429	Dync1h1	Arf4	10090	0.545	0	0	0	0.043	0.07	0.5	0.1
10090.ENSMUSP00000018851	10090.ENSMUSP00000157011	Dync1h1	Rab18	10090	0.553	0	0	0	0.049	0	0.5	0.135
10090.ENSMUSP00000018851	10090.ENSMUSP00000084713	Dync1h1	Tuba3b	10090	0.763	0	0.016	0	0.047	0.27	0.65	0.142
10090.ENSMUSP00000018851	10090.ENSMUSP00000117616	Dync1h1	Tpr	10090	0.802	0	0	0	0.17	0.207	0.72	0.053
10090.ENSMUSP00000018851	10090.ENSMUSP00000091921	Dync1h1	Hsp90aa1	10090	0.891	0	0	0	0.084	0.064	0.8	0.444
10090.ENSMUSP00000018851	10090.ENSMUSP00000030158	Dync1h1	Dctn3	10090	0.924	0	0	0	0.044	0.534	0.8	0.257
10090.ENSMUSP00000018851	10090.ENSMUSP00000021091	Dync1h1	Pafah1b1	10090	0.975	0	0	0	0.22	0.77	0.8	0.387
10090.ENSMUSP00000018851	10090.ENSMUSP00000026479	Dync1h1	Dctn2	10090	0.983	0	0	0	0.101	0.823	0.8	0.539
10090.ENSMUSP00000018992	10090.ENSMUSP00000021063	Rars	Psmd12	10090	0.402	0	0	0	0.396	0.05	0	0
10090.ENSMUSP00000018992	10090.ENSMUSP00000114968	Rars	Plrg1	10090	0.403	0	0	0	0.403	0	0	0
10090.ENSMUSP00000018992	10090.ENSMUSP00000035105	Rars	Rpsa	10090	0.407	0.093	0	0	0.174	0	0	0.271
10090.ENSMUSP00000018992	10090.ENSMUSP00000157948	Rars	Rps14	10090	0.411	0.061	0	0	0.27	0	0	0.211
10090.ENSMUSP00000018992	10090.ENSMUSP00000025218	Rars	Etf1	10090	0.414	0.12	0	0	0.362	0	0	0
10090.ENSMUSP00000018992	10090.ENSMUSP00000029722	Rars	Rps3a1	10090	0.415	0	0	0	0.293	0	0	0.206
10090.ENSMUSP00000018992	10090.ENSMUSP00000021306	Rars	Eftud2	10090	0.423	0.047	0	0	0.282	0	0	0.225
10090.ENSMUSP00000018992	10090.ENSMUSP00000116108	Rars	Tcp1	10090	0.433	0	0	0	0.361	0	0	0.148
10090.ENSMUSP00000018992	10090.ENSMUSP00000060900	Rars	Trnt1	10090	0.435	0.073	0	0	0.29	0	0	0.21
10090.ENSMUSP00000018992	10090.ENSMUSP00000158738	Rars	Cct6a	10090	0.459	0	0	0	0.391	0	0	0.148
10090.ENSMUSP00000018992	10090.ENSMUSP00000103940	Rars	Rps16	10090	0.461	0	0.014	0	0.291	0.064	0	0.253
10090.ENSMUSP00000018992	10090.ENSMUSP00000021405	Rars	Polr2h	10090	0.477	0	0.432	0	0.117	0	0	0
10090.ENSMUSP00000018992	10090.ENSMUSP00000059395	Rars	Eif2s3x	10090	0.477	0.082	0	0	0.238	0.312	0	0
10090.ENSMUSP00000018992	10090.ENSMUSP00000021049	Rars	Psmc5	10090	0.536	0	0	0	0.256	0	0	0.402
10090.ENSMUSP00000018992	10090.ENSMUSP00000029912	Rars	Sdcbp	10090	0.537	0	0	0	0.068	0.524	0	0
10090.ENSMUSP00000018992	10090.ENSMUSP00000083705	Rars	Rplp0	10090	0.549	0	0	0	0.328	0	0	0.356
10090.ENSMUSP00000018992	10090.ENSMUSP00000099561	Rars	Mrto4	10090	0.634	0	0	0	0.485	0	0	0.319
10090.ENSMUSP00000018992	10090.ENSMUSP00000034723	Rars	Aldh1a2	10090	0.72	0	0	0	0	0	0	0.72
10090.ENSMUSP00000018992	10090.ENSMUSP00000029804	Rars	Metap1	10090	0.736	0.043	0	0	0.736	0	0	0
10090.ENSMUSP00000018992	10090.ENSMUSP00000032998	Rars	Rps3	10090	0.761	0	0	0	0.584	0	0	0.448
10090.ENSMUSP00000018992	10090.ENSMUSP00000028517	Rars	Ola1	10090	0.796	0.072	0	0	0.634	0	0	0.448
10090.ENSMUSP00000018992	10090.ENSMUSP00000022849	Rars	Tars	10090	0.869	0.067	0	0	0.623	0.255	0	0.561
10090.ENSMUSP00000018992	10090.ENSMUSP00000084572	Rars	Vars	10090	0.883	0.119	0	0	0.509	0.211	0	0.699
10090.ENSMUSP00000018992	10090.ENSMUSP00000132082	Rars	Iars	10090	0.998	0.116	0	0	0.543	0.819	0.72	0.921
10090.ENSMUSP00000019109	10090.ENSMUSP00000036555	Ywhah	Ipo4	10090	0.423	0	0	0	0	0.045	0	0.42
10090.ENSMUSP00000019109	10090.ENSMUSP00000020608	Ywhah	Ppp2ca	10090	0.447	0	0	0	0.198	0.115	0	0.283
10090.ENSMUSP00000019109	10090.ENSMUSP00000086716	Ywhah	Usp9x	10090	0.462	0	0	0	0.045	0.058	0	0.451
10090.ENSMUSP00000019109	10090.ENSMUSP00000137503	Ywhah	Actr3	10090	0.465	0	0	0	0.263	0.088	0	0.268
10090.ENSMUSP00000019109	10090.ENSMUSP00000098066	Ywhah	Actb	10090	0.528	0	0	0.309	0.09	0.088	0	0.275
10090.ENSMUSP00000019109	10090.ENSMUSP00000091921	Ywhah	Hsp90aa1	10090	0.595	0	0	0	0.176	0.381	0	0.27
10090.ENSMUSP00000019109	10090.ENSMUSP00000070993	Ywhah	Ywhae	10090	0.897	0	0	0.056	0.153	0.627	0.5	0.416
10090.ENSMUSP00000019109	10090.ENSMUSP00000051223	Ywhah	Ywhag	10090	0.918	0	0	0.049	0.151	0.693	0.5	0.438
10090.ENSMUSP00000019317	10090.ENSMUSP00000020640	Rab5c	Rack1	10090	0.426	0	0	0	0.077	0.067	0	0.387
10090.ENSMUSP00000019317	10090.ENSMUSP00000036206	Rab5c	Chmp4b	10090	0.435	0	0	0	0.226	0.093	0	0.259
10090.ENSMUSP00000019317	10090.ENSMUSP00000034131	Rab5c	Vps35	10090	0.475	0	0	0	0.066	0.156	0	0.387
10090.ENSMUSP00000019317	10090.ENSMUSP00000074448	Rab5c	Lamp2	10090	0.502	0	0	0	0.127	0	0	0.453
10090.ENSMUSP00000019317	10090.ENSMUSP00000106709	Rab5c	Ap1s1	10090	0.515	0	0	0	0.047	0	0.5	0.065
10090.ENSMUSP00000019317	10090.ENSMUSP00000087457	Rab5c	Itgb1	10090	0.55	0	0	0	0.09	0.064	0	0.514
10090.ENSMUSP00000019317	10090.ENSMUSP00000129481	Rab5c	Rabggtb	10090	0.561	0	0	0	0.042	0.116	0.5	0.086
10090.ENSMUSP00000019317	10090.ENSMUSP00000090844	Rab5c	Ap1g1	10090	0.584	0	0	0	0.066	0	0.5	0.182
10090.ENSMUSP00000019317	10090.ENSMUSP00000123564	Rab5c	Sort1	10090	0.61	0	0	0	0.042	0.09	0.5	0.211
10090.ENSMUSP00000019317	10090.ENSMUSP00000118751	Rab5c	Ankfy1	10090	0.638	0	0	0	0.084	0.423	0	0.37
10090.ENSMUSP00000019317	10090.ENSMUSP00000033824	Rab5c	Lamp1	10090	0.677	0	0	0	0.128	0	0	0.644
10090.ENSMUSP00000019615	10090.ENSMUSP00000129730	Cdc37	Dnaja1	10090	0.42	0	0	0	0.09	0.132	0	0.325
10090.ENSMUSP00000019615	10090.ENSMUSP00000112570	Cdc37	Ddr1	10090	0.44	0	0	0	0	0.124	0	0.388
10090.ENSMUSP00000019615	10090.ENSMUSP00000034138	Cdc37	Dnaja2	10090	0.441	0	0.019	0	0.214	0.132	0	0.246
10090.ENSMUSP00000019615	10090.ENSMUSP00000130195	Cdc37	St13	10090	0.445	0	0	0	0.065	0	0	0.431
10090.ENSMUSP00000019615	10090.ENSMUSP00000120115	Cdc37	Hnrnpm	10090	0.494	0	0	0	0.142	0.117	0	0.386
10090.ENSMUSP00000019615	10090.ENSMUSP00000144413	Cdc37	Hsph1	10090	0.495	0	0	0	0.139	0.051	0	0.431
10090.ENSMUSP00000019615	10090.ENSMUSP00000052942	Cdc37	Sugt1	10090	0.537	0	0	0	0.066	0.069	0	0.511
10090.ENSMUSP00000019615	10090.ENSMUSP00000099391	Cdc37	Ptges3l	10090	0.583	0	0	0	0.091	0.117	0	0.522
10090.ENSMUSP00000019615	10090.ENSMUSP00000098066	Cdc37	Actb	10090	0.638	0	0	0	0.058	0.222	0	0.546
10090.ENSMUSP00000019615	10090.ENSMUSP00000032508	Cdc37	Fkbp4	10090	0.651	0	0	0	0.188	0.117	0	0.553
10090.ENSMUSP00000019615	10090.ENSMUSP00000116108	Cdc37	Tcp1	10090	0.783	0	0	0	0.137	0	0.72	0.176
10090.ENSMUSP00000019615	10090.ENSMUSP00000022842	Cdc37	Cct5	10090	0.787	0	0	0	0.173	0	0.72	0.154
10090.ENSMUSP00000019615	10090.ENSMUSP00000158738	Cdc37	Cct6a	10090	0.789	0	0	0	0.093	0	0.72	0.237
10090.ENSMUSP00000019615	10090.ENSMUSP00000032078	Cdc37	Cct7	10090	0.806	0	0	0	0.267	0	0.72	0.13
10090.ENSMUSP00000019615	10090.ENSMUSP00000032165	Cdc37	Ruvbl1	10090	0.812	0	0	0	0.189	0	0.72	0.242
10090.ENSMUSP00000019615	10090.ENSMUSP00000042009	Cdc37	Bag2	10090	0.825	0	0	0	0.047	0	0.72	0.399
10090.ENSMUSP00000019615	10090.ENSMUSP00000050292	Cdc37	Ptges3	10090	0.957	0	0	0	0.125	0.138	0.72	0.821
10090.ENSMUSP00000019615	10090.ENSMUSP00000025918	Cdc37	Stip1	10090	0.979	0	0	0	0.212	0.581	0.72	0.799
10090.ENSMUSP00000019615	10090.ENSMUSP00000091921	Cdc37	Hsp90aa1	10090	0.999	0	0	0	0.085	0.817	0.8	0.997
10090.ENSMUSP00000019638	10090.ENSMUSP00000065337	Cops6	Asna1	10090	0.411	0	0	0	0.177	0.202	0	0.176
10090.ENSMUSP00000019638	10090.ENSMUSP00000079180	Cops6	Rps25	10090	0.413	0	0	0	0.126	0.299	0	0.119
10090.ENSMUSP00000019638	10090.ENSMUSP00000032078	Cops6	Cct7	10090	0.413	0	0	0	0.366	0.089	0	0.066
10090.ENSMUSP00000019638	10090.ENSMUSP00000134615	Cops6	Rps28	10090	0.42	0	0	0	0.134	0.354	0	0.047
10090.ENSMUSP00000019638	10090.ENSMUSP00000086701	Cops6	Uba3	10090	0.422	0.052	0	0	0.179	0.095	0	0.276
10090.ENSMUSP00000019638	10090.ENSMUSP00000021412	Cops6	Psma6	10090	0.425	0	0	0	0.247	0.22	0	0.099
10090.ENSMUSP00000019638	10090.ENSMUSP00000034349	Cops6	Nae1	10090	0.427	0.052	0	0	0.151	0.095	0	0.306
10090.ENSMUSP00000019638	10090.ENSMUSP00000030769	Cops6	Psmc2	10090	0.433	0	0	0	0.238	0.24	0	0.1
10090.ENSMUSP00000019638	10090.ENSMUSP00000025955	Cops6	Eif3a	10090	0.448	0	0	0	0.073	0.361	0	0.143
10090.ENSMUSP00000019638	10090.ENSMUSP00000099757	Cops6	Rps8	10090	0.449	0	0	0	0.136	0.378	0	0.057
10090.ENSMUSP00000019638	10090.ENSMUSP00000109585	Cops6	Wdr5	10090	0.45	0	0	0	0.065	0.094	0.4	0.047
10090.ENSMUSP00000019638	10090.ENSMUSP00000028225	Cops6	Psmd5	10090	0.452	0	0	0	0.217	0.273	0	0.115
10090.ENSMUSP00000019638	10090.ENSMUSP00000029214	Cops6	Actl6a	10090	0.459	0	0	0	0.083	0.096	0.4	0
10090.ENSMUSP00000019638	10090.ENSMUSP00000020640	Cops6	Rack1	10090	0.463	0	0	0	0.184	0.306	0	0.128
10090.ENSMUSP00000019638	10090.ENSMUSP00000029722	Cops6	Rps3a1	10090	0.48	0	0	0	0.178	0.393	0	0
10090.ENSMUSP00000019638	10090.ENSMUSP00000033720	Cops6	Rbbp7	10090	0.49	0	0	0	0.185	0	0.4	0.041
10090.ENSMUSP00000019638	10090.ENSMUSP00000104068	Cops6	Rps19	10090	0.491	0	0	0	0.099	0.376	0	0.168
10090.ENSMUSP00000019638	10090.ENSMUSP00000140106	Cops6	Uchl5	10090	0.504	0	0	0	0.127	0.258	0	0.296
10090.ENSMUSP00000019638	10090.ENSMUSP00000032998	Cops6	Rps3	10090	0.522	0	0	0	0.171	0.415	0	0.093
10090.ENSMUSP00000019638	10090.ENSMUSP00000028083	Cops6	Psmb7	10090	0.526	0	0	0	0.361	0.22	0	0.126
10090.ENSMUSP00000019638	10090.ENSMUSP00000025679	Cops6	Otub1	10090	0.526	0	0	0	0.272	0	0	0.376
10090.ENSMUSP00000019638	10090.ENSMUSP00000032165	Cops6	Ruvbl1	10090	0.531	0	0	0	0.192	0.111	0.4	0
10090.ENSMUSP00000019638	10090.ENSMUSP00000099859	Cops6	Ublcp1	10090	0.543	0	0	0	0.125	0.417	0	0.176
10090.ENSMUSP00000019638	10090.ENSMUSP00000021405	Cops6	Polr2h	10090	0.556	0	0	0	0.148	0	0.5	0
10090.ENSMUSP00000019638	10090.ENSMUSP00000032824	Cops6	Psmc4	10090	0.565	0.044	0	0	0.306	0.327	0	0.14
10090.ENSMUSP00000019638	10090.ENSMUSP00000103817	Cops6	Dcun1d1	10090	0.573	0	0	0	0.061	0.067	0.4	0.284
10090.ENSMUSP00000019638	10090.ENSMUSP00000019882	Cops6	Polr2i	10090	0.583	0	0	0	0.116	0.082	0.5	0.094
10090.ENSMUSP00000019638	10090.ENSMUSP00000158375	Cops6	Txnl1	10090	0.603	0	0	0	0.324	0.214	0	0.314
10090.ENSMUSP00000019638	10090.ENSMUSP00000066210	Cops6	Elob	10090	0.644	0	0	0	0.217	0.547	0	0.077
10090.ENSMUSP00000019638	10090.ENSMUSP00000066621	Cops6	Glrx3	10090	0.659	0	0	0	0.606	0.052	0	0.161
10090.ENSMUSP00000019638	10090.ENSMUSP00000022960	Cops6	Eif3e	10090	0.663	0	0	0	0.187	0.435	0	0.325
10090.ENSMUSP00000019638	10090.ENSMUSP00000028278	Cops6	Psmd14	10090	0.697	0	0	0	0.25	0.072	0	0.6
10090.ENSMUSP00000019638	10090.ENSMUSP00000139480	Cops6	Eloc	10090	0.72	0	0	0	0.137	0.641	0	0.17
10090.ENSMUSP00000019638	10090.ENSMUSP00000121557	Cops6	Ndufv2	10090	0.722	0	0	0	0.678	0	0	0.172
10090.ENSMUSP00000019638	10090.ENSMUSP00000071054	Cops6	Psmc3	10090	0.732	0.044	0	0	0.5	0.327	0	0.266
10090.ENSMUSP00000019638	10090.ENSMUSP00000022256	Cops6	Psmd6	10090	0.748	0	0	0	0.452	0.476	0	0.194
10090.ENSMUSP00000019638	10090.ENSMUSP00000055122	Cops6	Epb41l2	10090	0.799	0	0	0	0	0.312	0.72	0
10090.ENSMUSP00000019638	10090.ENSMUSP00000021049	Cops6	Psmc5	10090	0.802	0	0	0	0.706	0.24	0	0.187
10090.ENSMUSP00000019638	10090.ENSMUSP00000022925	Cops6	Eif3h	10090	0.809	0	0	0	0.25	0.422	0	0.594
10090.ENSMUSP00000019638	10090.ENSMUSP00000086542	Cops6	Nsfl1c	10090	0.828	0	0	0	0.823	0.066	0	0
10090.ENSMUSP00000019638	10090.ENSMUSP00000031697	Cops6	Cul1	10090	0.84	0	0	0	0.084	0.556	0	0.639
10090.ENSMUSP00000019638	10090.ENSMUSP00000021063	Cops6	Psmd12	10090	0.901	0	0	0	0.699	0.477	0	0.422
10090.ENSMUSP00000019638	10090.ENSMUSP00000133855	Cops6	Gps1	10090	0.999	0	0	0	0.372	0.968	0.9	0.854
10090.ENSMUSP00000019638	10090.ENSMUSP00000106090	Cops6	Cops2	10090	0.999	0	0	0	0.192	0.989	0.9	0.868
10090.ENSMUSP00000019638	10090.ENSMUSP00000035884	Cops6	Cops8	10090	0.999	0	0	0	0.466	0.97	0.9	0.952
10090.ENSMUSP00000019638	10090.ENSMUSP00000048416	Cops6	Cops4	10090	0.999	0	0	0	0.382	0.988	0.9	0.968
10090.ENSMUSP00000019638	10090.ENSMUSP00000027050	Cops6	Cops5	10090	0.999	0	0	0	0.524	0.972	0.9	0.975
10090.ENSMUSP00000019882	10090.ENSMUSP00000039335	Polr2i	Timm8b	10090	0.409	0	0	0	0.409	0	0	0
10090.ENSMUSP00000019882	10090.ENSMUSP00000033720	Polr2i	Rbbp7	10090	0.418	0	0	0	0.07	0	0.4	0
10090.ENSMUSP00000019882	10090.ENSMUSP00000034524	Polr2i	Rexo2	10090	0.489	0	0	0	0.095	0	0	0.459
10090.ENSMUSP00000019882	10090.ENSMUSP00000102716	Polr2i	Bola1	10090	0.503	0	0	0	0.486	0	0	0.072
10090.ENSMUSP00000019882	10090.ENSMUSP00000048416	Polr2i	Cops4	10090	0.513	0	0	0	0.066	0	0.5	0
10090.ENSMUSP00000019882	10090.ENSMUSP00000106090	Polr2i	Cops2	10090	0.53	0	0	0	0.089	0	0.5	0.052
10090.ENSMUSP00000019882	10090.ENSMUSP00000035884	Polr2i	Cops8	10090	0.546	0	0	0	0.13	0	0.5	0
10090.ENSMUSP00000019882	10090.ENSMUSP00000113560	Polr2i	Wdr61	10090	0.568	0	0	0	0.086	0.534	0	0.068
10090.ENSMUSP00000019882	10090.ENSMUSP00000133855	Polr2i	Gps1	10090	0.571	0	0	0	0.178	0	0.5	0
10090.ENSMUSP00000019882	10090.ENSMUSP00000027050	Polr2i	Cops5	10090	0.583	0	0	0	0.115	0.082	0.5	0.094
10090.ENSMUSP00000019882	10090.ENSMUSP00000139480	Polr2i	Eloc	10090	0.6	0	0	0	0.107	0	0.5	0.176
10090.ENSMUSP00000019882	10090.ENSMUSP00000066210	Polr2i	Elob	10090	0.661	0	0	0	0.349	0	0.5	0
10090.ENSMUSP00000019882	10090.ENSMUSP00000020397	Polr2i	Snrpd3	10090	0.83	0	0	0	0.189	0.8	0	0
10090.ENSMUSP00000019882	10090.ENSMUSP00000086987	Polr2i	Snrpg	10090	0.858	0	0	0	0.323	0.8	0	0
10090.ENSMUSP00000019882	10090.ENSMUSP00000042283	Polr2i	Supt16	10090	0.916	0	0	0	0	0.814	0.5	0.173
10090.ENSMUSP00000019882	10090.ENSMUSP00000037597	Polr2i	Snrpd2	10090	0.917	0	0	0	0.401	0.8	0	0.362
10090.ENSMUSP00000019882	10090.ENSMUSP00000021405	Polr2i	Polr2h	10090	0.999	0	0	0	0.165	0.991	0.8	0.527
10090.ENSMUSP00000020286	10090.ENSMUSP00000098066	Ppa1	Actb	10090	0.4	0	0	0	0.18	0	0	0.298
10090.ENSMUSP00000020286	10090.ENSMUSP00000068267	Ppa1	Strap	10090	0.401	0	0	0	0.153	0	0	0.321
10090.ENSMUSP00000020286	10090.ENSMUSP00000103068	Ppa1	Alad	10090	0.401	0.119	0	0	0.161	0	0	0.255
10090.ENSMUSP00000020286	10090.ENSMUSP00000023684	Ppa1	Gart	10090	0.418	0.322	0	0	0.067	0	0	0.154
10090.ENSMUSP00000020286	10090.ENSMUSP00000106481	Ppa1	Dld	10090	0.419	0.062	0	0	0.26	0	0	0.23
10090.ENSMUSP00000020286	10090.ENSMUSP00000116108	Ppa1	Tcp1	10090	0.424	0	0	0	0.341	0.042	0	0.16
10090.ENSMUSP00000020286	10090.ENSMUSP00000021306	Ppa1	Eftud2	10090	0.442	0	0	0	0.302	0	0	0.234
10090.ENSMUSP00000020286	10090.ENSMUSP00000040222	Ppa1	Lap3	10090	0.449	0	0	0	0.309	0	0	0.235
10090.ENSMUSP00000020286	10090.ENSMUSP00000099482	Ppa1	Itpa	10090	0.452	0.118	0	0	0.167	0.073	0	0.289
10090.ENSMUSP00000020286	10090.ENSMUSP00000022062	Ppa1	Sdha	10090	0.455	0	0	0	0.091	0	0	0.424
10090.ENSMUSP00000020286	10090.ENSMUSP00000099757	Ppa1	Rps8	10090	0.459	0	0	0	0.459	0	0	0
10090.ENSMUSP00000020286	10090.ENSMUSP00000068479	Ppa1	Ak1	10090	0.465	0.068	0	0	0.276	0	0	0.272
10090.ENSMUSP00000020286	10090.ENSMUSP00000091921	Ppa1	Hsp90aa1	10090	0.472	0	0	0	0.363	0	0	0.205
10090.ENSMUSP00000020286	10090.ENSMUSP00000030830	Ppa1	H6pd	10090	0.477	0.119	0	0	0.127	0	0	0.374
10090.ENSMUSP00000020286	10090.ENSMUSP00000035486	Ppa1	Ccs	10090	0.479	0.062	0	0	0.291	0.058	0	0.266
10090.ENSMUSP00000020286	10090.ENSMUSP00000033720	Ppa1	Rbbp7	10090	0.495	0	0	0	0.146	0.269	0	0.256
10090.ENSMUSP00000020286	10090.ENSMUSP00000121557	Ppa1	Ndufv2	10090	0.509	0.12	0	0	0.148	0	0	0.397
10090.ENSMUSP00000020286	10090.ENSMUSP00000083705	Ppa1	Rplp0	10090	0.516	0	0	0	0.469	0	0	0.125
10090.ENSMUSP00000020286	10090.ENSMUSP00000032998	Ppa1	Rps3	10090	0.524	0	0	0	0.395	0.082	0	0.211
10090.ENSMUSP00000020286	10090.ENSMUSP00000099561	Ppa1	Mrto4	10090	0.532	0	0	0	0.513	0	0	0.078
10090.ENSMUSP00000020286	10090.ENSMUSP00000117022	Ppa1	Nme1	10090	0.534	0.061	0	0	0.45	0	0	0.17
10090.ENSMUSP00000020286	10090.ENSMUSP00000084572	Ppa1	Vars	10090	0.54	0.117	0	0	0.142	0.084	0	0.414
10090.ENSMUSP00000020286	10090.ENSMUSP00000027810	Ppa1	Fh1	10090	0.546	0.061	0	0	0.199	0	0	0.445
10090.ENSMUSP00000020286	10090.ENSMUSP00000026576	Ppa1	Taldo1	10090	0.546	0.06	0	0	0.234	0	0	0.42
10090.ENSMUSP00000020286	10090.ENSMUSP00000035105	Ppa1	Rpsa	10090	0.551	0	0	0	0.455	0.077	0	0.177
10090.ENSMUSP00000020286	10090.ENSMUSP00000080302	Ppa1	Pgk1	10090	0.598	0.061	0	0	0.383	0	0	0.363
10090.ENSMUSP00000020286	10090.ENSMUSP00000130858	Ppa1	Tpi1	10090	0.615	0.046	0	0	0.236	0.058	0	0.506
10090.ENSMUSP00000020286	10090.ENSMUSP00000120528	Ppa1	Rps20	10090	0.634	0	0	0	0.613	0.082	0	0.053
10090.ENSMUSP00000020286	10090.ENSMUSP00000048770	Ppa1	Atp6v1g1	10090	0.665	0	0	0	0.059	0	0.65	0.065
10090.ENSMUSP00000020286	10090.ENSMUSP00000101006	Ppa1	Atp5d	10090	0.706	0	0	0	0.194	0	0.65	0
10090.ENSMUSP00000020286	10090.ENSMUSP00000022904	Ppa1	Atp6v1c1	10090	0.71	0	0	0	0.047	0	0.65	0.2
10090.ENSMUSP00000020286	10090.ENSMUSP00000033241	Ppa1	Lhpp	10090	0.944	0	0	0	0.041	0	0.9	0.47
10090.ENSMUSP00000020298	10090.ENSMUSP00000123564	Pcbd1	Sort1	10090	0.471	0	0	0	0.127	0	0	0.419
10090.ENSMUSP00000020298	10090.ENSMUSP00000034570	Pcbd1	Pts	10090	0.536	0.119	0	0	0.047	0	0	0.492
10090.ENSMUSP00000020298	10090.ENSMUSP00000084572	Pcbd1	Vars	10090	0.599	0.154	0	0	0.09	0	0	0.521
10090.ENSMUSP00000020298	10090.ENSMUSP00000021958	Pcbd1	Pcbd2	10090	0.949	0	0	0.057	0.071	0.483	0.9	0.056
10090.ENSMUSP00000020339	10090.ENSMUSP00000020343	Tbc1d15	Rab21	10090	0.451	0	0.11	0	0.111	0	0	0.362
10090.ENSMUSP00000020339	10090.ENSMUSP00000090130	Tbc1d15	Vps26a	10090	0.488	0	0	0	0.214	0	0	0.376
10090.ENSMUSP00000020339	10090.ENSMUSP00000023684	Tbc1d15	Gart	10090	0.493	0	0	0	0.043	0	0	0.492
10090.ENSMUSP00000020339	10090.ENSMUSP00000034131	Tbc1d15	Vps35	10090	0.669	0	0	0	0.284	0	0	0.557
10090.ENSMUSP00000020343	10090.ENSMUSP00000118751	Rab21	Ankfy1	10090	0.47	0	0	0	0.051	0.089	0	0.436
10090.ENSMUSP00000020343	10090.ENSMUSP00000129481	Rab21	Rabggtb	10090	0.532	0	0	0	0.05	0	0.5	0.094
10090.ENSMUSP00000020343	10090.ENSMUSP00000132082	Rab21	Iars	10090	0.538	0	0	0	0	0	0	0.538
10090.ENSMUSP00000020343	10090.ENSMUSP00000038335	Rab21	Rabif	10090	0.659	0	0	0	0.124	0	0	0.627
10090.ENSMUSP00000020343	10090.ENSMUSP00000087457	Rab21	Itgb1	10090	0.702	0	0	0	0.054	0.238	0	0.62
10090.ENSMUSP00000020397	10090.ENSMUSP00000038964	Snrpd3	Rbm3	10090	0.411	0	0	0	0.1	0.261	0	0.186
10090.ENSMUSP00000020397	10090.ENSMUSP00000099561	Snrpd3	Mrto4	10090	0.417	0	0	0	0.333	0	0	0.162
10090.ENSMUSP00000020397	10090.ENSMUSP00000043123	Snrpd3	Srrt	10090	0.424	0	0	0	0.233	0	0	0.279
10090.ENSMUSP00000020397	10090.ENSMUSP00000147816	Snrpd3	Rpl18	10090	0.439	0	0	0	0.14	0	0	0.375
10090.ENSMUSP00000020397	10090.ENSMUSP00000048153	Snrpd3	Rbmxl1	10090	0.451	0	0	0	0.179	0.261	0	0.167
10090.ENSMUSP00000020397	10090.ENSMUSP00000117616	Snrpd3	Tpr	10090	0.451	0	0	0	0.122	0	0.4	0
10090.ENSMUSP00000020397	10090.ENSMUSP00000101858	Snrpd3	Fus	10090	0.453	0	0	0	0.255	0.134	0	0.22
10090.ENSMUSP00000020397	10090.ENSMUSP00000042283	Snrpd3	Supt16	10090	0.459	0	0	0	0.054	0	0	0.452
10090.ENSMUSP00000020397	10090.ENSMUSP00000092242	Snrpd3	Dnajc8	10090	0.459	0	0	0	0.245	0.313	0	0
10090.ENSMUSP00000020397	10090.ENSMUSP00000032440	Snrpd3	Sec13	10090	0.476	0	0	0	0.151	0.054	0.4	0
10090.ENSMUSP00000020397	10090.ENSMUSP00000133649	Snrpd3	Syncrip	10090	0.481	0	0	0	0.238	0.222	0	0.194
10090.ENSMUSP00000020397	10090.ENSMUSP00000115044	Snrpd3	Sumo2	10090	0.484	0	0	0	0.306	0.088	0	0.25
10090.ENSMUSP00000020397	10090.ENSMUSP00000133728	Snrpd3	Hnrnpl	10090	0.497	0	0	0	0.413	0	0	0.179
10090.ENSMUSP00000020397	10090.ENSMUSP00000130023	Snrpd3	Hnrnpf	10090	0.499	0	0	0	0.214	0.307	0	0.154
10090.ENSMUSP00000020397	10090.ENSMUSP00000061092	Snrpd3	Mtap	10090	0.518	0	0	0	0.082	0	0	0.496
10090.ENSMUSP00000020397	10090.ENSMUSP00000034226	Snrpd3	Fam192a	10090	0.54	0	0	0	0.054	0.534	0	0
10090.ENSMUSP00000020397	10090.ENSMUSP00000112104	Snrpd3	Hnrnpk	10090	0.641	0	0	0	0.404	0.312	0	0.196
10090.ENSMUSP00000020397	10090.ENSMUSP00000032165	Snrpd3	Ruvbl1	10090	0.668	0	0	0	0.338	0	0	0.519
10090.ENSMUSP00000020397	10090.ENSMUSP00000081142	Snrpd3	Tardbp	10090	0.685	0	0	0	0.502	0.261	0	0.212
10090.ENSMUSP00000020397	10090.ENSMUSP00000120115	Snrpd3	Hnrnpm	10090	0.746	0	0	0	0.416	0.375	0	0.36
10090.ENSMUSP00000020397	10090.ENSMUSP00000050292	Snrpd3	Ptges3	10090	0.758	0	0	0	0.147	0	0.72	0.068
10090.ENSMUSP00000020397	10090.ENSMUSP00000026667	Snrpd3	Eif4a3	10090	0.79	0	0	0	0.265	0.662	0	0.222
10090.ENSMUSP00000020397	10090.ENSMUSP00000047571	Snrpd3	Hnrnpu	10090	0.826	0	0	0	0.192	0.19	0.72	0.166
10090.ENSMUSP00000020397	10090.ENSMUSP00000078589	Snrpd3	Ybx1	10090	0.832	0	0	0	0.13	0.259	0.72	0.183
10090.ENSMUSP00000020397	10090.ENSMUSP00000068267	Snrpd3	Strap	10090	0.856	0	0	0	0.146	0.23	0.72	0.313
10090.ENSMUSP00000020397	10090.ENSMUSP00000021405	Snrpd3	Polr2h	10090	0.884	0	0	0	0.383	0.8	0	0.138
10090.ENSMUSP00000020397	10090.ENSMUSP00000101924	Snrpd3	Ppih	10090	0.899	0	0	0	0.328	0.416	0.72	0.194
10090.ENSMUSP00000020397	10090.ENSMUSP00000129620	Snrpd3	Erh	10090	0.918	0	0	0	0.601	0.307	0.72	0.07
10090.ENSMUSP00000020397	10090.ENSMUSP00000133245	Snrpd3	Ddx46	10090	0.932	0	0	0	0.085	0.815	0.5	0.296
10090.ENSMUSP00000020397	10090.ENSMUSP00000114968	Snrpd3	Plrg1	10090	0.97	0	0	0	0.096	0.892	0.72	0.043
10090.ENSMUSP00000020397	10090.ENSMUSP00000034311	Snrpd3	Lsm4	10090	0.994	0	0	0	0.496	0.919	0.72	0.578
10090.ENSMUSP00000020397	10090.ENSMUSP00000119841	Snrpd3	Lsm6	10090	0.994	0	0	0	0.472	0.911	0.72	0.642
10090.ENSMUSP00000020397	10090.ENSMUSP00000057238	Snrpd3	Lsm8	10090	0.994	0	0	0	0.402	0.917	0.72	0.668
10090.ENSMUSP00000020397	10090.ENSMUSP00000099509	Snrpd3	Snrnp200	10090	0.996	0	0	0	0.165	0.982	0.72	0.327
10090.ENSMUSP00000020397	10090.ENSMUSP00000117947	Snrpd3	Snrpa1	10090	0.997	0	0	0	0.27	0.978	0.72	0.573
10090.ENSMUSP00000020397	10090.ENSMUSP00000136858	Snrpd3	Prpf19	10090	0.997	0	0	0	0.457	0.983	0.72	0
10090.ENSMUSP00000020397	10090.ENSMUSP00000021306	Snrpd3	Eftud2	10090	0.998	0	0	0	0.234	0.984	0.72	0.506
10090.ENSMUSP00000020397	10090.ENSMUSP00000086987	Snrpd3	Snrpg	10090	0.999	0	0	0	0.84	0.992	0.9	0.881
10090.ENSMUSP00000020397	10090.ENSMUSP00000037597	Snrpd3	Snrpd2	10090	0.999	0	0	0	0.912	0.99	0.9	0.991
10090.ENSMUSP00000020504	10090.ENSMUSP00000086987	Hint1	Snrpg	10090	0.402	0	0	0	0.337	0	0	0.134
10090.ENSMUSP00000020504	10090.ENSMUSP00000147816	Hint1	Rpl18	10090	0.402	0	0	0	0.395	0	0	0.053
10090.ENSMUSP00000020504	10090.ENSMUSP00000079180	Hint1	Rps25	10090	0.406	0	0	0	0.31	0	0	0.175
10090.ENSMUSP00000020504	10090.ENSMUSP00000066210	Hint1	Elob	10090	0.423	0	0	0	0.402	0	0	0.075
10090.ENSMUSP00000020504	10090.ENSMUSP00000134615	Hint1	Rps28	10090	0.444	0	0	0	0.403	0	0	0.106
10090.ENSMUSP00000020504	10090.ENSMUSP00000032165	Hint1	Ruvbl1	10090	0.456	0	0	0	0.083	0.082	0	0.406
10090.ENSMUSP00000020504	10090.ENSMUSP00000058432	Hint1	Rps21	10090	0.468	0	0	0	0.422	0	0	0.117
10090.ENSMUSP00000020504	10090.ENSMUSP00000041149	Hint1	Mif	10090	0.5	0	0	0	0.482	0.057	0	0.058
10090.ENSMUSP00000020504	10090.ENSMUSP00000127566	Hint1	Guk1	10090	0.501	0	0	0	0.13	0.051	0	0.444
10090.ENSMUSP00000020504	10090.ENSMUSP00000039335	Hint1	Timm8b	10090	0.502	0	0	0	0.502	0	0	0
10090.ENSMUSP00000020504	10090.ENSMUSP00000103940	Hint1	Rps16	10090	0.589	0	0	0	0.588	0	0	0.044
10090.ENSMUSP00000020504	10090.ENSMUSP00000077744	Hint1	Uqcrh	10090	0.598	0	0	0	0.598	0	0	0
10090.ENSMUSP00000020504	10090.ENSMUSP00000117022	Hint1	Nme1	10090	0.601	0	0	0	0.48	0.093	0	0.222
10090.ENSMUSP00000020504	10090.ENSMUSP00000102870	Hint1	Rpl27	10090	0.629	0	0	0	0.595	0.072	0	0.091
10090.ENSMUSP00000020550	10090.ENSMUSP00000115044	Cdc34	Sumo2	10090	0.462	0	0	0	0.075	0.262	0	0.275
10090.ENSMUSP00000020550	10090.ENSMUSP00000091921	Cdc34	Hsp90aa1	10090	0.503	0	0	0	0.082	0.077	0	0.46
10090.ENSMUSP00000020550	10090.ENSMUSP00000021148	Cdc34	Ube2g1	10090	0.524	0	0	0	0.058	0	0.5	0.071
10090.ENSMUSP00000020550	10090.ENSMUSP00000139480	Cdc34	Eloc	10090	0.537	0	0	0	0.059	0.052	0	0.522
10090.ENSMUSP00000020550	10090.ENSMUSP00000034349	Cdc34	Nae1	10090	0.557	0.043	0	0	0.043	0.217	0	0.456
10090.ENSMUSP00000020550	10090.ENSMUSP00000156121	Cdc34	Ube2l3	10090	0.563	0	0	0	0.077	0	0.5	0.129
10090.ENSMUSP00000020550	10090.ENSMUSP00000025679	Cdc34	Otub1	10090	0.637	0	0	0	0.066	0.247	0	0.525
10090.ENSMUSP00000020550	10090.ENSMUSP00000035166	Cdc34	Uba5	10090	0.642	0.043	0	0	0.047	0.217	0.5	0.152
10090.ENSMUSP00000020550	10090.ENSMUSP00000096932	Cdc34	Ube2n	10090	0.693	0	0	0	0.095	0.051	0.5	0.369
10090.ENSMUSP00000020550	10090.ENSMUSP00000111443	Cdc34	Ube2v2	10090	0.787	0	0	0	0.054	0.274	0.5	0.454
10090.ENSMUSP00000020550	10090.ENSMUSP00000086701	Cdc34	Uba3	10090	0.804	0.043	0	0	0.047	0.217	0.5	0.536
10090.ENSMUSP00000020550	10090.ENSMUSP00000114764	Cdc34	Ube2v1	10090	0.882	0	0	0	0.136	0.507	0.5	0.512
10090.ENSMUSP00000020550	10090.ENSMUSP00000031697	Cdc34	Cul1	10090	0.951	0	0	0	0.049	0.502	0.5	0.819
10090.ENSMUSP00000020608	10090.ENSMUSP00000032165	Ppp2ca	Ruvbl1	10090	0.407	0	0	0	0.079	0.137	0	0.314
10090.ENSMUSP00000020608	10090.ENSMUSP00000070993	Ppp2ca	Ywhae	10090	0.409	0	0	0	0.212	0.115	0	0.22
10090.ENSMUSP00000020608	10090.ENSMUSP00000079107	Ppp2ca	Ppm1b	10090	0.41	0	0	0	0.176	0.113	0	0.257
10090.ENSMUSP00000020608	10090.ENSMUSP00000072428	Ppp2ca	Aplp2	10090	0.43	0	0	0	0.12	0.363	0	0.065
10090.ENSMUSP00000020608	10090.ENSMUSP00000028087	Ppp2ca	Ppp6c	10090	0.437	0	0	0.057	0.198	0.278	0	0.09
10090.ENSMUSP00000020608	10090.ENSMUSP00000098295	Ppp2ca	Psmd9	10090	0.44	0	0	0	0.054	0.047	0.4	0.087
10090.ENSMUSP00000020608	10090.ENSMUSP00000028225	Ppp2ca	Psmd5	10090	0.442	0	0	0	0.087	0	0.4	0.063
10090.ENSMUSP00000020608	10090.ENSMUSP00000034369	Ppp2ca	Psmb10	10090	0.45	0	0	0	0	0.099	0.4	0.065
10090.ENSMUSP00000020608	10090.ENSMUSP00000098066	Ppp2ca	Actb	10090	0.453	0	0	0.23	0.084	0.118	0	0.224
10090.ENSMUSP00000020608	10090.ENSMUSP00000022256	Ppp2ca	Psmd6	10090	0.454	0	0	0	0.123	0	0.4	0.047
10090.ENSMUSP00000020608	10090.ENSMUSP00000051223	Ppp2ca	Ywhag	10090	0.469	0	0	0	0.183	0.115	0	0.325
10090.ENSMUSP00000020608	10090.ENSMUSP00000028083	Ppp2ca	Psmb7	10090	0.472	0	0	0	0.079	0.099	0.4	0.065
10090.ENSMUSP00000020608	10090.ENSMUSP00000021514	Ppp2ca	Ppm1a	10090	0.482	0	0	0	0.228	0.113	0	0.304
10090.ENSMUSP00000020608	10090.ENSMUSP00000071054	Ppp2ca	Psmc3	10090	0.487	0	0	0	0.105	0.069	0.4	0.095
10090.ENSMUSP00000020608	10090.ENSMUSP00000042590	Ppp2ca	Psma8	10090	0.487	0	0	0	0.065	0.138	0.4	0.065
10090.ENSMUSP00000020608	10090.ENSMUSP00000021063	Ppp2ca	Psmd12	10090	0.488	0	0	0	0.177	0	0.4	0.047
10090.ENSMUSP00000020608	10090.ENSMUSP00000021049	Ppp2ca	Psmc5	10090	0.5	0	0	0	0.1	0.059	0.4	0.133
10090.ENSMUSP00000020608	10090.ENSMUSP00000028278	Ppp2ca	Psmd14	10090	0.514	0	0	0	0.177	0.094	0.4	0
10090.ENSMUSP00000020608	10090.ENSMUSP00000025486	Ppp2ca	Lmnb1	10090	0.514	0	0	0	0.069	0	0.5	0
10090.ENSMUSP00000020608	10090.ENSMUSP00000032824	Ppp2ca	Psmc4	10090	0.518	0	0	0	0.149	0.069	0.4	0.107
10090.ENSMUSP00000020608	10090.ENSMUSP00000158738	Ppp2ca	Cct6a	10090	0.519	0	0.002	0	0.126	0.423	0	0.123
10090.ENSMUSP00000020608	10090.ENSMUSP00000030769	Ppp2ca	Psmc2	10090	0.526	0	0	0	0.176	0.059	0.4	0.102
10090.ENSMUSP00000020608	10090.ENSMUSP00000111120	Ppp2ca	Eif4g1	10090	0.565	0	0	0	0.067	0	0.5	0.142
10090.ENSMUSP00000020608	10090.ENSMUSP00000112304	Ppp2ca	Mad2l1	10090	0.577	0	0	0	0.105	0.088	0.5	0.086
10090.ENSMUSP00000020608	10090.ENSMUSP00000021412	Ppp2ca	Psma6	10090	0.579	0	0	0	0.183	0.191	0.4	0.065
10090.ENSMUSP00000020608	10090.ENSMUSP00000022842	Ppp2ca	Cct5	10090	0.668	0	0.032	0	0.12	0.619	0	0.09
10090.ENSMUSP00000020608	10090.ENSMUSP00000032078	Ppp2ca	Cct7	10090	0.679	0	0.002	0	0.092	0.649	0	0.076
10090.ENSMUSP00000020608	10090.ENSMUSP00000116108	Ppp2ca	Tcp1	10090	0.691	0	0.003	0	0.108	0.649	0	0.094
10090.ENSMUSP00000020608	10090.ENSMUSP00000031697	Ppp2ca	Cul1	10090	0.697	0	0	0	0.189	0.093	0.5	0.273
10090.ENSMUSP00000020608	10090.ENSMUSP00000099587	Ppp2ca	Ppp1cc	10090	0.718	0	0	0.059	0.674	0.067	0	0.129
10090.ENSMUSP00000020608	10090.ENSMUSP00000125415	Ppp2ca	Mob4	10090	0.87	0	0	0	0.152	0.64	0	0.61
10090.ENSMUSP00000020608	10090.ENSMUSP00000065983	Ppp2ca	Mapk1	10090	0.95	0	0	0	0.328	0.144	0.9	0.236
10090.ENSMUSP00000020608	10090.ENSMUSP00000046837	Ppp2ca	Ptpa	10090	0.966	0	0	0	0	0.825	0.54	0.621
10090.ENSMUSP00000020640	10090.ENSMUSP00000021412	Rack1	Psma6	10090	0.404	0	0	0	0.342	0.072	0	0.102
10090.ENSMUSP00000020640	10090.ENSMUSP00000046557	Rack1	Gng12	10090	0.404	0	0	0	0.052	0.068	0	0.38
10090.ENSMUSP00000020640	10090.ENSMUSP00000032508	Rack1	Fkbp4	10090	0.41	0	0	0	0.144	0.243	0	0.162
10090.ENSMUSP00000020640	10090.ENSMUSP00000048153	Rack1	Rbmxl1	10090	0.413	0	0	0	0.181	0.236	0	0.137
10090.ENSMUSP00000020640	10090.ENSMUSP00000028607	Rack1	Caprin1	10090	0.42	0	0	0	0.154	0.06	0	0.329
10090.ENSMUSP00000020640	10090.ENSMUSP00000112104	Rack1	Hnrnpk	10090	0.423	0	0	0	0.263	0	0	0.248
10090.ENSMUSP00000020640	10090.ENSMUSP00000032165	Rack1	Ruvbl1	10090	0.425	0	0	0	0.323	0.093	0	0.139
10090.ENSMUSP00000020640	10090.ENSMUSP00000038964	Rack1	Rbm3	10090	0.43	0	0	0	0.216	0.236	0	0.125
10090.ENSMUSP00000020640	10090.ENSMUSP00000071054	Rack1	Psmc3	10090	0.442	0	0	0	0.251	0.168	0	0.177
10090.ENSMUSP00000020640	10090.ENSMUSP00000032824	Rack1	Psmc4	10090	0.449	0	0	0	0.335	0.109	0	0.145
10090.ENSMUSP00000020640	10090.ENSMUSP00000029610	Rack1	Hadh	10090	0.458	0	0	0	0.06	0	0	0.448
10090.ENSMUSP00000020640	10090.ENSMUSP00000113556	Rack1	Itga3	10090	0.459	0	0	0	0.068	0.363	0	0.161
10090.ENSMUSP00000020640	10090.ENSMUSP00000078589	Rack1	Ybx1	10090	0.459	0	0	0	0.253	0.053	0	0.296
10090.ENSMUSP00000020640	10090.ENSMUSP00000021049	Rack1	Psmc5	10090	0.467	0	0	0	0.437	0.093	0	0
10090.ENSMUSP00000020640	10090.ENSMUSP00000065983	Rack1	Mapk1	10090	0.469	0	0.006	0	0.066	0.302	0	0.252
10090.ENSMUSP00000020640	10090.ENSMUSP00000028583	Rack1	Lin7c	10090	0.472	0	0	0	0.136	0	0	0.414
10090.ENSMUSP00000020640	10090.ENSMUSP00000084387	Rack1	Eif1ax	10090	0.473	0	0	0	0.093	0.415	0	0.087
10090.ENSMUSP00000020640	10090.ENSMUSP00000029804	Rack1	Metap1	10090	0.477	0	0	0	0.117	0.415	0	0.068
10090.ENSMUSP00000020640	10090.ENSMUSP00000028278	Rack1	Psmd14	10090	0.479	0	0	0	0.275	0.306	0	0.047
10090.ENSMUSP00000020640	10090.ENSMUSP00000023684	Rack1	Gart	10090	0.483	0	0	0	0.335	0	0	0.254
10090.ENSMUSP00000020640	10090.ENSMUSP00000131514	Rack1	Isoc2a	10090	0.486	0	0	0	0	0	0	0.486
10090.ENSMUSP00000020640	10090.ENSMUSP00000028517	Rack1	Ola1	10090	0.493	0	0	0	0.263	0.093	0	0.302
10090.ENSMUSP00000020640	10090.ENSMUSP00000027050	Rack1	Cops5	10090	0.494	0	0	0	0.149	0.306	0	0.212
10090.ENSMUSP00000020640	10090.ENSMUSP00000080302	Rack1	Pgk1	10090	0.498	0	0	0	0.21	0.224	0	0.247
10090.ENSMUSP00000020640	10090.ENSMUSP00000128278	Rack1	Iqgap1	10090	0.516	0	0	0	0.057	0	0	0.508
10090.ENSMUSP00000020640	10090.ENSMUSP00000026520	Rack1	Paip1	10090	0.531	0	0	0	0.068	0.422	0	0.2
10090.ENSMUSP00000020640	10090.ENSMUSP00000028392	Rack1	Dnajc10	10090	0.534	0	0	0	0.077	0.468	0	0.128
10090.ENSMUSP00000020640	10090.ENSMUSP00000081142	Rack1	Tardbp	10090	0.54	0	0	0	0.162	0.236	0	0.338
10090.ENSMUSP00000020640	10090.ENSMUSP00000033673	Rack1	Nono	10090	0.545	0	0	0	0.468	0.051	0	0.172
10090.ENSMUSP00000020640	10090.ENSMUSP00000030187	Rack1	Tln1	10090	0.546	0	0	0	0.05	0	0	0.542
10090.ENSMUSP00000020640	10090.ENSMUSP00000116108	Rack1	Tcp1	10090	0.548	0	0	0	0.492	0.064	0	0.124
10090.ENSMUSP00000020640	10090.ENSMUSP00000087457	Rack1	Itgb1	10090	0.551	0	0	0	0.057	0.168	0	0.474
10090.ENSMUSP00000020640	10090.ENSMUSP00000081782	Rack1	Ipo7	10090	0.554	0	0	0	0.114	0.447	0	0.162
10090.ENSMUSP00000020640	10090.ENSMUSP00000130123	Rack1	Gnb1	10090	0.593	0	0	0.098	0.057	0.488	0	0.175
10090.ENSMUSP00000020640	10090.ENSMUSP00000032078	Rack1	Cct7	10090	0.612	0	0	0	0.577	0.064	0	0.099
10090.ENSMUSP00000020640	10090.ENSMUSP00000133649	Rack1	Syncrip	10090	0.613	0	0	0	0.383	0.258	0	0.224
10090.ENSMUSP00000020640	10090.ENSMUSP00000044188	Rack1	Ptma	10090	0.624	0	0	0	0.588	0	0	0.124
10090.ENSMUSP00000020640	10090.ENSMUSP00000098066	Rack1	Actb	10090	0.627	0	0	0	0.267	0.212	0	0.406
10090.ENSMUSP00000020640	10090.ENSMUSP00000070993	Rack1	Ywhae	10090	0.632	0	0	0	0.232	0.073	0	0.525
10090.ENSMUSP00000020640	10090.ENSMUSP00000021332	Rack1	Fkbp3	10090	0.637	0	0	0	0.275	0.502	0	0.077
10090.ENSMUSP00000020640	10090.ENSMUSP00000104296	Rack1	Sat2	10090	0.646	0	0	0	0.08	0.069	0	0.62
10090.ENSMUSP00000020640	10090.ENSMUSP00000027438	Rack1	Ncl	10090	0.653	0	0	0	0.547	0.096	0	0.22
10090.ENSMUSP00000020640	10090.ENSMUSP00000143910	Rack1	Eif4h	10090	0.667	0	0	0	0.295	0.416	0	0.257
10090.ENSMUSP00000020640	10090.ENSMUSP00000029803	Rack1	Eif4e	10090	0.681	0	0	0	0.179	0.137	0	0.586
10090.ENSMUSP00000020640	10090.ENSMUSP00000111120	Rack1	Eif4g1	10090	0.71	0	0	0	0.138	0.534	0	0.336
10090.ENSMUSP00000020640	10090.ENSMUSP00000021306	Rack1	Eftud2	10090	0.719	0	0	0	0.32	0.549	0	0.158
10090.ENSMUSP00000020640	10090.ENSMUSP00000075031	Rack1	Gm10282	10090	0.726	0	0	0	0.448	0.505	0	0.081
10090.ENSMUSP00000020640	10090.ENSMUSP00000022842	Rack1	Cct5	10090	0.728	0	0	0	0.668	0.093	0	0.168
10090.ENSMUSP00000020640	10090.ENSMUSP00000066210	Rack1	Elob	10090	0.743	0	0	0	0.218	0.226	0	0.61
10090.ENSMUSP00000020640	10090.ENSMUSP00000127774	Rack1	Eif4b	10090	0.757	0	0	0	0.249	0.534	0	0.361
10090.ENSMUSP00000020640	10090.ENSMUSP00000080301	Rack1	Zc3h15	10090	0.759	0	0	0	0.127	0.736	0	0
10090.ENSMUSP00000020640	10090.ENSMUSP00000075067	Rack1	Npm1	10090	0.795	0	0	0	0.637	0.063	0	0.447
10090.ENSMUSP00000020640	10090.ENSMUSP00000059395	Rack1	Eif2s3x	10090	0.802	0	0	0	0.436	0.639	0	0.105
10090.ENSMUSP00000020640	10090.ENSMUSP00000091921	Rack1	Hsp90aa1	10090	0.811	0	0	0	0.285	0.087	0	0.734
10090.ENSMUSP00000020640	10090.ENSMUSP00000025218	Rack1	Etf1	10090	0.818	0	0	0	0.307	0.737	0	0.085
10090.ENSMUSP00000020640	10090.ENSMUSP00000113560	Rack1	Wdr61	10090	0.837	0	0.008	0.138	0.054	0.809	0	0.081
10090.ENSMUSP00000020640	10090.ENSMUSP00000096777	Rack1	Eif2s2	10090	0.85	0	0	0	0.346	0.749	0	0.163
10090.ENSMUSP00000020640	10090.ENSMUSP00000022925	Rack1	Eif3h	10090	0.89	0	0	0	0.425	0.767	0	0.247
10090.ENSMUSP00000020640	10090.ENSMUSP00000114434	Rack1	Pa2g4	10090	0.896	0	0	0	0.35	0.812	0	0.216
10090.ENSMUSP00000020640	10090.ENSMUSP00000099561	Rack1	Mrto4	10090	0.91	0	0	0	0.641	0.651	0	0.341
10090.ENSMUSP00000020640	10090.ENSMUSP00000139480	Rack1	Eloc	10090	0.917	0	0	0	0.137	0.267	0	0.879
10090.ENSMUSP00000020640	10090.ENSMUSP00000141132	Rack1	Stat1	10090	0.939	0	0	0	0.05	0.168	0.9	0.321
10090.ENSMUSP00000020640	10090.ENSMUSP00000022960	Rack1	Eif3e	10090	0.943	0	0	0	0.651	0.781	0	0.323
10090.ENSMUSP00000020640	10090.ENSMUSP00000025955	Rack1	Eif3a	10090	0.957	0	0	0	0.346	0.913	0	0.312
10090.ENSMUSP00000020640	10090.ENSMUSP00000079628	Rack1	Rps17	10090	0.995	0	0	0	0.843	0.971	0	0.103
10090.ENSMUSP00000020640	10090.ENSMUSP00000118787	Rack1	Rpl22	10090	0.996	0	0	0	0.863	0.97	0	0.291
10090.ENSMUSP00000020640	10090.ENSMUSP00000039110	Rack1	Serbp1	10090	0.997	0	0	0	0.693	0.988	0	0.447
10090.ENSMUSP00000020640	10090.ENSMUSP00000035105	Rack1	Rpsa	10090	0.999	0	0	0	0.965	0.99	0	0.395
10090.ENSMUSP00000020640	10090.ENSMUSP00000079180	Rack1	Rps25	10090	0.999	0	0	0	0.928	0.991	0	0.602
10090.ENSMUSP00000020640	10090.ENSMUSP00000032998	Rack1	Rps3	10090	0.999	0	0	0	0.988	0.99	0	0.744
10090.ENSMUSP00000020640	10090.ENSMUSP00000120528	Rack1	Rps20	10090	0.999	0	0	0	0.97	0.99	0	0.758
10090.ENSMUSP00000020640	10090.ENSMUSP00000126294	Rack1	Rps13	10090	0.999	0	0	0	0.971	0.99	0	0.255
10090.ENSMUSP00000020640	10090.ENSMUSP00000147816	Rack1	Rpl18	10090	0.999	0	0	0	0.976	0.99	0	0.262
10090.ENSMUSP00000020640	10090.ENSMUSP00000134615	Rack1	Rps28	10090	0.999	0	0	0	0.952	0.99	0	0.352
10090.ENSMUSP00000020640	10090.ENSMUSP00000104068	Rack1	Rps19	10090	0.999	0	0	0	0.962	0.99	0	0.253
10090.ENSMUSP00000020640	10090.ENSMUSP00000157948	Rack1	Rps14	10090	0.999	0	0	0	0.911	0.985	0	0.377
10090.ENSMUSP00000020640	10090.ENSMUSP00000131489	Rack1	Rpl14	10090	0.999	0	0	0	0.95	0.99	0	0.204
10090.ENSMUSP00000020640	10090.ENSMUSP00000083705	Rack1	Rplp0	10090	0.999	0	0	0	0.98	0.99	0	0.393
10090.ENSMUSP00000020640	10090.ENSMUSP00000099757	Rack1	Rps8	10090	0.999	0	0	0	0.984	0.99	0	0.245
10090.ENSMUSP00000020640	10090.ENSMUSP00000102870	Rack1	Rpl27	10090	0.999	0	0	0	0.968	0.99	0	0.432
10090.ENSMUSP00000020640	10090.ENSMUSP00000029722	Rack1	Rps3a1	10090	0.999	0	0	0	0.968	0.99	0	0.522
10090.ENSMUSP00000020640	10090.ENSMUSP00000058432	Rack1	Rps21	10090	0.999	0	0	0	0.919	0.99	0	0.14
10090.ENSMUSP00000020640	10090.ENSMUSP00000103940	Rack1	Rps16	10090	0.999	0	0	0	0.954	0.99	0	0.361
10090.ENSMUSP00000020957	10090.ENSMUSP00000047778	Adi1	Nudt19	10090	0.418	0	0	0	0.053	0	0	0.41
10090.ENSMUSP00000020957	10090.ENSMUSP00000107749	Adi1	Mlec	10090	0.469	0	0	0	0.054	0	0	0.462
10090.ENSMUSP00000020957	10090.ENSMUSP00000087118	Adi1	Mat2a	10090	0.47	0	0	0	0.051	0	0	0.465
10090.ENSMUSP00000020957	10090.ENSMUSP00000121557	Adi1	Ndufv2	10090	0.491	0.191	0	0	0.091	0	0	0.364
10090.ENSMUSP00000020957	10090.ENSMUSP00000097442	Adi1	Mtr	10090	0.509	0.097	0	0	0.29	0	0	0.296
10090.ENSMUSP00000020957	10090.ENSMUSP00000061092	Adi1	Mtap	10090	0.551	0.079	0	0	0.046	0.1	0	0.499
10090.ENSMUSP00000020957	10090.ENSMUSP00000122623	Adi1	Mri1	10090	0.821	0.223	0	0.232	0.262	0.074	0	0.629
10090.ENSMUSP00000021011	10090.ENSMUSP00000031320	Ccl7	Pf4	10090	0.458	0	0	0	0.087	0	0	0.431
10090.ENSMUSP00000021011	10090.ENSMUSP00000029421	Ccl7	Ptx3	10090	0.465	0	0	0	0.382	0	0	0.17
10090.ENSMUSP00000021011	10090.ENSMUSP00000041149	Ccl7	Mif	10090	0.627	0	0	0	0.053	0	0	0.623
10090.ENSMUSP00000021011	10090.ENSMUSP00000110999	Ccl7	Timp1	10090	0.676	0	0	0	0.446	0	0	0.44
10090.ENSMUSP00000021011	10090.ENSMUSP00000031318	Ccl7	Cxcl5	10090	0.716	0	0	0	0.181	0	0	0.668
10090.ENSMUSP00000021011	10090.ENSMUSP00000031327	Ccl7	Cxcl1	10090	0.857	0	0	0	0.522	0	0	0.714
10090.ENSMUSP00000021049	10090.ENSMUSP00000157948	Psmc5	Rps14	10090	0.409	0	0	0	0.388	0.075	0	0
10090.ENSMUSP00000021049	10090.ENSMUSP00000052942	Psmc5	Sugt1	10090	0.417	0	0	0	0.114	0	0	0.368
10090.ENSMUSP00000021049	10090.ENSMUSP00000123866	Psmc5	Pcmt1	10090	0.426	0	0	0	0.413	0	0	0.062
10090.ENSMUSP00000021049	10090.ENSMUSP00000099757	Psmc5	Rps8	10090	0.431	0	0	0	0.384	0.096	0	0.06
10090.ENSMUSP00000021049	10090.ENSMUSP00000032998	Psmc5	Rps3	10090	0.435	0	0	0	0.386	0.096	0	0.064
10090.ENSMUSP00000021049	10090.ENSMUSP00000136858	Psmc5	Prpf19	10090	0.438	0	0	0	0.123	0.292	0	0.167
10090.ENSMUSP00000021049	10090.ENSMUSP00000116108	Psmc5	Tcp1	10090	0.442	0	0	0	0.352	0.078	0	0.14
10090.ENSMUSP00000021049	10090.ENSMUSP00000139480	Psmc5	Eloc	10090	0.445	0	0	0	0.09	0	0.4	0.065
10090.ENSMUSP00000021049	10090.ENSMUSP00000038977	Psmc5	Naa25	10090	0.45	0	0	0	0.104	0	0	0.411
10090.ENSMUSP00000021049	10090.ENSMUSP00000096932	Psmc5	Ube2n	10090	0.456	0	0.014	0	0.294	0.062	0	0.244
10090.ENSMUSP00000021049	10090.ENSMUSP00000104068	Psmc5	Rps19	10090	0.469	0	0	0	0.385	0.088	0	0.13
10090.ENSMUSP00000021049	10090.ENSMUSP00000158375	Psmc5	Txnl1	10090	0.469	0	0	0	0.282	0.102	0	0.242
10090.ENSMUSP00000021049	10090.ENSMUSP00000065337	Psmc5	Asna1	10090	0.484	0	0	0	0.221	0.059	0	0.352
10090.ENSMUSP00000021049	10090.ENSMUSP00000126294	Psmc5	Rps13	10090	0.516	0.061	0	0	0.358	0.262	0	0
10090.ENSMUSP00000021049	10090.ENSMUSP00000066210	Psmc5	Elob	10090	0.52	0	0	0	0.189	0	0.4	0.091
10090.ENSMUSP00000021049	10090.ENSMUSP00000091921	Psmc5	Hsp90aa1	10090	0.531	0	0	0	0.127	0.09	0	0.457
10090.ENSMUSP00000021049	10090.ENSMUSP00000025918	Psmc5	Stip1	10090	0.58	0	0	0	0.528	0.075	0	0.114
10090.ENSMUSP00000021049	10090.ENSMUSP00000022842	Psmc5	Cct5	10090	0.581	0	0	0	0.491	0.078	0	0.18
10090.ENSMUSP00000021049	10090.ENSMUSP00000022268	Psmc5	Pdhb	10090	0.592	0	0	0	0.563	0	0	0.105
10090.ENSMUSP00000021049	10090.ENSMUSP00000031697	Psmc5	Cul1	10090	0.606	0	0	0	0.116	0.122	0.4	0.254
10090.ENSMUSP00000021049	10090.ENSMUSP00000032143	Psmc5	Rpn1	10090	0.609	0	0	0	0.117	0	0	0.576
10090.ENSMUSP00000021049	10090.ENSMUSP00000023707	Psmc5	Sod1	10090	0.677	0	0	0	0.065	0	0.65	0.094
10090.ENSMUSP00000021049	10090.ENSMUSP00000027050	Psmc5	Cops5	10090	0.678	0	0	0	0.477	0.24	0	0.255
10090.ENSMUSP00000021049	10090.ENSMUSP00000048416	Psmc5	Cops4	10090	0.684	0	0	0	0.635	0.054	0	0.159
10090.ENSMUSP00000021049	10090.ENSMUSP00000032078	Psmc5	Cct7	10090	0.736	0	0	0	0.671	0.078	0	0.197
10090.ENSMUSP00000021049	10090.ENSMUSP00000133855	Psmc5	Gps1	10090	0.809	0	0	0	0.806	0	0	0.057
10090.ENSMUSP00000021049	10090.ENSMUSP00000086542	Psmc5	Nsfl1c	10090	0.835	0	0	0	0.827	0.085	0	0
10090.ENSMUSP00000021049	10090.ENSMUSP00000034369	Psmc5	Psmb10	10090	0.896	0	0	0	0.134	0.766	0	0.527
10090.ENSMUSP00000021049	10090.ENSMUSP00000032165	Psmc5	Ruvbl1	10090	0.902	0	0.001	0	0.233	0.093	0.8	0.379
10090.ENSMUSP00000021049	10090.ENSMUSP00000042590	Psmc5	Psma8	10090	0.913	0	0	0	0.267	0.767	0	0.536
10090.ENSMUSP00000021049	10090.ENSMUSP00000099859	Psmc5	Ublcp1	10090	0.95	0	0	0	0.287	0.824	0	0.636
10090.ENSMUSP00000021049	10090.ENSMUSP00000098295	Psmc5	Psmd9	10090	0.983	0.043	0	0	0.061	0.832	0.72	0.676
10090.ENSMUSP00000021049	10090.ENSMUSP00000140106	Psmc5	Uchl5	10090	0.988	0	0	0	0.161	0.947	0.5	0.517
10090.ENSMUSP00000021049	10090.ENSMUSP00000028083	Psmc5	Psmb7	10090	0.992	0	0	0	0.808	0.876	0	0.699
10090.ENSMUSP00000021049	10090.ENSMUSP00000028225	Psmc5	Psmd5	10090	0.996	0	0	0	0.172	0.948	0.9	0.263
10090.ENSMUSP00000021049	10090.ENSMUSP00000022256	Psmc5	Psmd6	10090	0.999	0	0	0	0.848	0.985	0.9	0.748
10090.ENSMUSP00000021049	10090.ENSMUSP00000071054	Psmc5	Psmc3	10090	0.999	0	0	0.082	0.956	0.988	0.9	0.587
10090.ENSMUSP00000021049	10090.ENSMUSP00000021412	Psmc5	Psma6	10090	0.999	0	0	0	0.809	0.983	0	0.718
10090.ENSMUSP00000021049	10090.ENSMUSP00000032824	Psmc5	Psmc4	10090	0.999	0	0	0.077	0.931	0.985	0.9	0.592
10090.ENSMUSP00000021049	10090.ENSMUSP00000028278	Psmc5	Psmd14	10090	0.999	0	0	0	0.899	0.989	0.9	0.691
10090.ENSMUSP00000021049	10090.ENSMUSP00000021063	Psmc5	Psmd12	10090	0.999	0	0	0	0.866	0.984	0.9	0.837
10090.ENSMUSP00000021049	10090.ENSMUSP00000030769	Psmc5	Psmc2	10090	0.999	0	0	0.073	0.863	0.984	0.9	0.814
10090.ENSMUSP00000021063	10090.ENSMUSP00000034349	Psmd12	Nae1	10090	0.404	0	0	0	0.352	0	0	0.118
10090.ENSMUSP00000021063	10090.ENSMUSP00000086701	Psmd12	Uba3	10090	0.408	0	0	0	0.356	0	0	0.118
10090.ENSMUSP00000021063	10090.ENSMUSP00000075067	Psmd12	Npm1	10090	0.408	0	0	0	0.228	0.225	0	0.09
10090.ENSMUSP00000021063	10090.ENSMUSP00000084799	Psmd12	Nif3l1	10090	0.413	0	0	0	0.097	0	0	0.376
10090.ENSMUSP00000021063	10090.ENSMUSP00000123765	Psmd12	Sucla2	10090	0.422	0	0	0	0.387	0	0	0.096
10090.ENSMUSP00000021063	10090.ENSMUSP00000114764	Psmd12	Ube2v1	10090	0.426	0	0	0	0.193	0	0	0.317
10090.ENSMUSP00000021063	10090.ENSMUSP00000070993	Psmd12	Ywhae	10090	0.432	0	0	0	0.307	0.073	0	0.187
10090.ENSMUSP00000021063	10090.ENSMUSP00000030296	Psmd12	Txndc12	10090	0.434	0	0	0	0.156	0.136	0	0.286
10090.ENSMUSP00000021063	10090.ENSMUSP00000133855	Psmd12	Gps1	10090	0.445	0	0	0	0.356	0	0	0.173
10090.ENSMUSP00000021063	10090.ENSMUSP00000023684	Psmd12	Gart	10090	0.455	0	0	0	0.189	0	0	0.356
10090.ENSMUSP00000021063	10090.ENSMUSP00000032078	Psmd12	Cct7	10090	0.463	0	0	0	0.455	0.055	0	0
10090.ENSMUSP00000021063	10090.ENSMUSP00000022849	Psmd12	Tars	10090	0.47	0	0	0	0.354	0	0	0.214
10090.ENSMUSP00000021063	10090.ENSMUSP00000034138	Psmd12	Dnaja2	10090	0.471	0	0	0	0.451	0	0	0.076
10090.ENSMUSP00000021063	10090.ENSMUSP00000066210	Psmd12	Elob	10090	0.478	0	0	0	0.165	0	0.4	0
10090.ENSMUSP00000021063	10090.ENSMUSP00000027810	Psmd12	Fh1	10090	0.483	0	0	0	0.483	0	0	0
10090.ENSMUSP00000021063	10090.ENSMUSP00000143859	Psmd12	Ube3a	10090	0.49	0	0	0	0.141	0.385	0	0.112
10090.ENSMUSP00000021063	10090.ENSMUSP00000096777	Psmd12	Eif2s2	10090	0.505	0	0	0	0.398	0.212	0	0
10090.ENSMUSP00000021063	10090.ENSMUSP00000080301	Psmd12	Zc3h15	10090	0.516	0	0	0	0.421	0	0	0.199
10090.ENSMUSP00000021063	10090.ENSMUSP00000102724	Psmd12	Plaa	10090	0.552	0	0	0	0.55	0	0	0.047
10090.ENSMUSP00000021063	10090.ENSMUSP00000139480	Psmd12	Eloc	10090	0.585	0	0	0	0.229	0	0.4	0.175
10090.ENSMUSP00000021063	10090.ENSMUSP00000022842	Psmd12	Cct5	10090	0.625	0	0	0	0.561	0.051	0	0.171
10090.ENSMUSP00000021063	10090.ENSMUSP00000116108	Psmd12	Tcp1	10090	0.636	0	0	0	0.613	0.051	0	0.089
10090.ENSMUSP00000021063	10090.ENSMUSP00000023707	Psmd12	Sod1	10090	0.659	0	0	0	0.066	0	0.65	0
10090.ENSMUSP00000021063	10090.ENSMUSP00000106090	Psmd12	Cops2	10090	0.665	0	0	0	0.48	0	0	0.382
10090.ENSMUSP00000021063	10090.ENSMUSP00000031697	Psmd12	Cul1	10090	0.684	0	0	0	0.355	0.07	0.4	0.225
10090.ENSMUSP00000021063	10090.ENSMUSP00000035884	Psmd12	Cops8	10090	0.702	0	0	0	0.59	0	0	0.303
10090.ENSMUSP00000021063	10090.ENSMUSP00000086542	Psmd12	Nsfl1c	10090	0.71	0	0	0	0.694	0.093	0	0
10090.ENSMUSP00000021063	10090.ENSMUSP00000048416	Psmd12	Cops4	10090	0.717	0	0	0	0.392	0	0	0.553
10090.ENSMUSP00000021063	10090.ENSMUSP00000066621	Psmd12	Glrx3	10090	0.735	0	0	0	0.735	0	0	0
10090.ENSMUSP00000021063	10090.ENSMUSP00000158375	Psmd12	Txnl1	10090	0.771	0	0	0	0.634	0.34	0	0.13
10090.ENSMUSP00000021063	10090.ENSMUSP00000022960	Psmd12	Eif3e	10090	0.82	0	0	0	0.262	0.534	0	0.519
10090.ENSMUSP00000021063	10090.ENSMUSP00000034369	Psmd12	Psmb10	10090	0.867	0	0	0	0.281	0.776	0	0.24
10090.ENSMUSP00000021063	10090.ENSMUSP00000042590	Psmd12	Psma8	10090	0.915	0	0	0	0.387	0.781	0	0.418
10090.ENSMUSP00000021063	10090.ENSMUSP00000099859	Psmd12	Ublcp1	10090	0.946	0	0	0	0.489	0.827	0	0.447
10090.ENSMUSP00000021063	10090.ENSMUSP00000098295	Psmd12	Psmd9	10090	0.964	0	0	0	0.086	0.677	0.72	0.621
10090.ENSMUSP00000021063	10090.ENSMUSP00000027050	Psmd12	Cops5	10090	0.965	0	0	0	0.85	0.55	0	0.525
10090.ENSMUSP00000021063	10090.ENSMUSP00000140106	Psmd12	Uchl5	10090	0.985	0	0	0	0.356	0.947	0.5	0.232
10090.ENSMUSP00000021063	10090.ENSMUSP00000028083	Psmd12	Psmb7	10090	0.996	0	0	0	0.531	0.878	0.8	0.738
10090.ENSMUSP00000021063	10090.ENSMUSP00000021412	Psmd12	Psma6	10090	0.998	0	0	0	0.708	0.984	0	0.796
10090.ENSMUSP00000021063	10090.ENSMUSP00000028225	Psmd12	Psmd5	10090	0.998	0	0	0	0.321	0.962	0.9	0.535
10090.ENSMUSP00000021063	10090.ENSMUSP00000071054	Psmd12	Psmc3	10090	0.999	0	0	0	0.947	0.982	0.9	0.848
10090.ENSMUSP00000021063	10090.ENSMUSP00000022256	Psmd12	Psmd6	10090	0.999	0	0	0	0.922	0.982	0.9	0.832
10090.ENSMUSP00000021063	10090.ENSMUSP00000030769	Psmd12	Psmc2	10090	0.999	0	0	0	0.744	0.983	0.9	0.884
10090.ENSMUSP00000021063	10090.ENSMUSP00000028278	Psmd12	Psmd14	10090	0.999	0	0	0	0.941	0.983	0.9	0.803
10090.ENSMUSP00000021063	10090.ENSMUSP00000032824	Psmd12	Psmc4	10090	0.999	0	0	0	0.729	0.985	0.9	0.762
10090.ENSMUSP00000021091	10090.ENSMUSP00000102342	Pafah1b1	Lrp8	10090	0.409	0	0	0	0	0	0	0.409
10090.ENSMUSP00000021091	10090.ENSMUSP00000106963	Pafah1b1	Arhgap1	10090	0.422	0	0	0	0.044	0.292	0	0.215
10090.ENSMUSP00000021091	10090.ENSMUSP00000108987	Pafah1b1	Cab39	10090	0.47	0	0	0	0.47	0	0	0
10090.ENSMUSP00000021091	10090.ENSMUSP00000112304	Pafah1b1	Mad2l1	10090	0.499	0	0	0	0	0	0.5	0
10090.ENSMUSP00000021091	10090.ENSMUSP00000157011	Pafah1b1	Rab18	10090	0.52	0	0	0	0.08	0	0.5	0
10090.ENSMUSP00000021091	10090.ENSMUSP00000132142	Pafah1b1	Galnt1	10090	0.522	0	0	0	0.084	0	0.5	0
10090.ENSMUSP00000021091	10090.ENSMUSP00000051223	Pafah1b1	Ywhag	10090	0.656	0	0	0	0.534	0.074	0	0.267
10090.ENSMUSP00000021091	10090.ENSMUSP00000030158	Pafah1b1	Dctn3	10090	0.861	0	0	0	0.054	0.308	0.8	0.068
10090.ENSMUSP00000021091	10090.ENSMUSP00000070993	Pafah1b1	Ywhae	10090	0.959	0	0	0	0.247	0.064	0.72	0.819
10090.ENSMUSP00000021091	10090.ENSMUSP00000026479	Pafah1b1	Dctn2	10090	0.969	0	0	0	0.09	0.417	0.8	0.745
10090.ENSMUSP00000021114	10090.ENSMUSP00000125478	Galk1	Man2c1	10090	0.402	0	0	0	0.388	0	0	0.062
10090.ENSMUSP00000021114	10090.ENSMUSP00000106983	Galk1	Uap1	10090	0.411	0.093	0	0	0.067	0	0	0.359
10090.ENSMUSP00000021114	10090.ENSMUSP00000064755	Galk1	Phgdh	10090	0.432	0	0	0	0.123	0	0	0.379
10090.ENSMUSP00000021114	10090.ENSMUSP00000106180	Galk1	Sord	10090	0.476	0	0	0	0.096	0	0	0.444
10090.ENSMUSP00000021114	10090.ENSMUSP00000026576	Galk1	Taldo1	10090	0.488	0.058	0	0	0.162	0	0	0.403
10090.ENSMUSP00000021114	10090.ENSMUSP00000030830	Galk1	H6pd	10090	0.502	0.062	0	0	0.154	0	0	0.422
10090.ENSMUSP00000021114	10090.ENSMUSP00000130858	Galk1	Tpi1	10090	0.605	0	0	0	0.208	0	0	0.522
10090.ENSMUSP00000021148	10090.ENSMUSP00000108963	Ube2g1	Ubr2	10090	0.407	0	0	0	0.062	0.256	0	0.218
10090.ENSMUSP00000021148	10090.ENSMUSP00000139480	Ube2g1	Eloc	10090	0.463	0	0	0	0.089	0.052	0	0.429
10090.ENSMUSP00000021148	10090.ENSMUSP00000034349	Ube2g1	Nae1	10090	0.533	0.043	0	0	0.099	0.217	0	0.391
10090.ENSMUSP00000021148	10090.ENSMUSP00000156121	Ube2g1	Ube2l3	10090	0.576	0	0	0	0.083	0	0.5	0.149
10090.ENSMUSP00000021148	10090.ENSMUSP00000096932	Ube2g1	Ube2n	10090	0.581	0	0	0	0.105	0.051	0.5	0.129
10090.ENSMUSP00000021148	10090.ENSMUSP00000035166	Ube2g1	Uba5	10090	0.615	0.043	0	0	0.053	0.217	0.5	0.084
10090.ENSMUSP00000021148	10090.ENSMUSP00000031697	Ube2g1	Cul1	10090	0.648	0	0	0	0.217	0.393	0	0.319
10090.ENSMUSP00000021148	10090.ENSMUSP00000086701	Ube2g1	Uba3	10090	0.755	0.043	0	0	0.154	0.217	0.5	0.346
10090.ENSMUSP00000021148	10090.ENSMUSP00000114764	Ube2g1	Ube2v1	10090	0.835	0	0	0	0.066	0.507	0.5	0.37
10090.ENSMUSP00000021148	10090.ENSMUSP00000111443	Ube2g1	Ube2v2	10090	0.871	0	0	0	0.083	0.274	0.5	0.659
10090.ENSMUSP00000021158	10090.ENSMUSP00000146030	Txndc17	Txnrd2	10090	0.403	0	0	0	0	0.093	0	0.369
10090.ENSMUSP00000021158	10090.ENSMUSP00000022082	Txndc17	Glrx	10090	0.417	0	0	0	0.1	0	0	0.378
10090.ENSMUSP00000021158	10090.ENSMUSP00000158375	Txndc17	Txnl1	10090	0.579	0	0	0	0.083	0.073	0	0.545
10090.ENSMUSP00000021158	10090.ENSMUSP00000039335	Txndc17	Timm8b	10090	0.602	0	0	0	0.602	0	0	0
10090.ENSMUSP00000021197	10090.ENSMUSP00000025851	Blmh	Dpp3	10090	0.402	0	0	0	0.089	0	0	0.37
10090.ENSMUSP00000021197	10090.ENSMUSP00000102255	Blmh	Nrd1	10090	0.405	0	0	0	0.082	0	0	0.378
10090.ENSMUSP00000021197	10090.ENSMUSP00000033598	Blmh	Sh3bgrl	10090	0.432	0	0	0	0.047	0	0	0.429
10090.ENSMUSP00000021197	10090.ENSMUSP00000064622	Blmh	Wdyhv1	10090	0.45	0	0	0	0	0.222	0	0.322
10090.ENSMUSP00000021197	10090.ENSMUSP00000085244	Blmh	Tpp2	10090	0.637	0	0	0	0.079	0	0	0.622
10090.ENSMUSP00000021204	10090.ENSMUSP00000158375	Nxn	Txnl1	10090	0.467	0	0	0	0.044	0	0	0.466
10090.ENSMUSP00000021249	10090.ENSMUSP00000107448	Scrn2	Gmfb	10090	0.436	0	0	0	0	0.406	0	0.091
10090.ENSMUSP00000021249	10090.ENSMUSP00000047218	Scrn2	Grhpr	10090	0.467	0	0	0	0.467	0	0	0
10090.ENSMUSP00000021249	10090.ENSMUSP00000038755	Scrn2	Abhd14b	10090	0.504	0	0	0	0.151	0	0	0.439
10090.ENSMUSP00000021249	10090.ENSMUSP00000031625	Scrn2	Arpc1a	10090	0.688	0	0	0	0.127	0.561	0	0.253
10090.ENSMUSP00000021249	10090.ENSMUSP00000076933	Scrn2	Arpc5	10090	0.688	0	0	0	0.127	0.561	0	0.253
10090.ENSMUSP00000021306	10090.ENSMUSP00000042283	Eftud2	Supt16	10090	0.406	0	0	0	0.122	0.11	0	0.3
10090.ENSMUSP00000021306	10090.ENSMUSP00000117022	Eftud2	Nme1	10090	0.413	0.061	0	0	0.324	0.11	0	0.084
10090.ENSMUSP00000021306	10090.ENSMUSP00000036555	Eftud2	Ipo4	10090	0.415	0	0	0	0.394	0.051	0	0.065
10090.ENSMUSP00000021306	10090.ENSMUSP00000031971	Eftud2	Ssbp1	10090	0.42	0.071	0	0	0.228	0	0	0.256
10090.ENSMUSP00000021306	10090.ENSMUSP00000127774	Eftud2	Eif4b	10090	0.427	0	0	0	0.115	0.276	0	0.177
10090.ENSMUSP00000021306	10090.ENSMUSP00000143910	Eftud2	Eif4h	10090	0.435	0	0	0	0.171	0.276	0	0.134
10090.ENSMUSP00000021306	10090.ENSMUSP00000116108	Eftud2	Tcp1	10090	0.436	0	0	0	0.264	0.135	0	0.184
10090.ENSMUSP00000021306	10090.ENSMUSP00000027777	Eftud2	Parp1	10090	0.441	0	0	0	0.418	0	0	0.077
10090.ENSMUSP00000021306	10090.ENSMUSP00000047571	Eftud2	Hnrnpu	10090	0.441	0	0	0	0.16	0.201	0	0.232
10090.ENSMUSP00000021306	10090.ENSMUSP00000027438	Eftud2	Ncl	10090	0.443	0	0	0	0.269	0.138	0	0.186
10090.ENSMUSP00000021306	10090.ENSMUSP00000133649	Eftud2	Syncrip	10090	0.449	0	0	0	0.148	0.24	0	0.218
10090.ENSMUSP00000021306	10090.ENSMUSP00000068479	Eftud2	Ak1	10090	0.456	0.062	0	0	0.382	0	0	0.137
10090.ENSMUSP00000021306	10090.ENSMUSP00000043123	Eftud2	Srrt	10090	0.456	0	0	0	0.338	0	0	0.212
10090.ENSMUSP00000021306	10090.ENSMUSP00000080302	Eftud2	Pgk1	10090	0.471	0.083	0	0	0.318	0.042	0	0.222
10090.ENSMUSP00000021306	10090.ENSMUSP00000130858	Eftud2	Tpi1	10090	0.472	0	0	0	0.257	0	0	0.319
10090.ENSMUSP00000021306	10090.ENSMUSP00000084387	Eftud2	Eif1ax	10090	0.48	0.061	0	0	0.372	0.117	0	0.12
10090.ENSMUSP00000021306	10090.ENSMUSP00000026576	Eftud2	Taldo1	10090	0.484	0	0	0	0.286	0	0	0.307
10090.ENSMUSP00000021306	10090.ENSMUSP00000048153	Eftud2	Rbmxl1	10090	0.489	0	0	0	0.163	0.276	0	0.224
10090.ENSMUSP00000021306	10090.ENSMUSP00000022849	Eftud2	Tars	10090	0.495	0	0	0	0.311	0.132	0	0.223
10090.ENSMUSP00000021306	10090.ENSMUSP00000132082	Eftud2	Iars	10090	0.498	0.091	0	0	0.258	0	0	0.315
10090.ENSMUSP00000021306	10090.ENSMUSP00000101006	Eftud2	Atp5d	10090	0.512	0	0	0	0.381	0	0	0.244
10090.ENSMUSP00000021306	10090.ENSMUSP00000081142	Eftud2	Tardbp	10090	0.515	0	0	0	0.267	0.276	0	0.159
10090.ENSMUSP00000021306	10090.ENSMUSP00000032165	Eftud2	Ruvbl1	10090	0.523	0	0	0	0.248	0.133	0	0.326
10090.ENSMUSP00000021306	10090.ENSMUSP00000027050	Eftud2	Cops5	10090	0.542	0	0	0	0.075	0.091	0	0.499
10090.ENSMUSP00000021306	10090.ENSMUSP00000133728	Eftud2	Hnrnpl	10090	0.542	0	0	0	0.225	0.051	0	0.427
10090.ENSMUSP00000021306	10090.ENSMUSP00000028517	Eftud2	Ola1	10090	0.548	0.063	0	0	0.21	0.086	0	0.411
10090.ENSMUSP00000021306	10090.ENSMUSP00000034226	Eftud2	Fam192a	10090	0.552	0	0	0	0.079	0.534	0	0
10090.ENSMUSP00000021306	10090.ENSMUSP00000112104	Eftud2	Hnrnpk	10090	0.554	0	0	0	0.235	0.305	0	0.227
10090.ENSMUSP00000021306	10090.ENSMUSP00000023684	Eftud2	Gart	10090	0.565	0	0	0	0.384	0	0	0.323
10090.ENSMUSP00000021306	10090.ENSMUSP00000120115	Eftud2	Hnrnpm	10090	0.565	0	0	0	0.303	0.165	0	0.313
10090.ENSMUSP00000021306	10090.ENSMUSP00000039110	Eftud2	Serbp1	10090	0.603	0	0	0	0.14	0.486	0	0.174
10090.ENSMUSP00000021306	10090.ENSMUSP00000118787	Eftud2	Rpl22	10090	0.607	0	0	0	0.102	0.549	0	0.108
10090.ENSMUSP00000021306	10090.ENSMUSP00000131489	Eftud2	Rpl14	10090	0.65	0.043	0	0	0.403	0.423	0	0.065
10090.ENSMUSP00000021306	10090.ENSMUSP00000102870	Eftud2	Rpl27	10090	0.655	0.043	0	0	0.412	0.423	0	0.065
10090.ENSMUSP00000021306	10090.ENSMUSP00000029804	Eftud2	Metap1	10090	0.658	0.074	0	0	0.435	0.314	0	0.16
10090.ENSMUSP00000021306	10090.ENSMUSP00000058432	Eftud2	Rps21	10090	0.686	0	0	0	0.114	0.652	0	0.064
10090.ENSMUSP00000021306	10090.ENSMUSP00000133245	Eftud2	Ddx46	10090	0.686	0	0	0	0.125	0.233	0	0.57
10090.ENSMUSP00000021306	10090.ENSMUSP00000075031	Eftud2	Gm10282	10090	0.7	0.064	0	0	0.448	0.392	0	0.16
10090.ENSMUSP00000021306	10090.ENSMUSP00000137440	Eftud2	Canx	10090	0.702	0	0.662	0	0.08	0	0	0.119
10090.ENSMUSP00000021306	10090.ENSMUSP00000114434	Eftud2	Pa2g4	10090	0.717	0.074	0	0	0.459	0.314	0	0.274
10090.ENSMUSP00000021306	10090.ENSMUSP00000079180	Eftud2	Rps25	10090	0.741	0	0	0	0.226	0.652	0	0.118
10090.ENSMUSP00000021306	10090.ENSMUSP00000035105	Eftud2	Rpsa	10090	0.762	0.05	0	0	0.511	0.426	0	0.214
10090.ENSMUSP00000021306	10090.ENSMUSP00000084572	Eftud2	Vars	10090	0.768	0.043	0	0	0.558	0.086	0	0.471
10090.ENSMUSP00000021306	10090.ENSMUSP00000126294	Eftud2	Rps13	10090	0.778	0.044	0	0	0.489	0.476	0	0.234
10090.ENSMUSP00000021306	10090.ENSMUSP00000147816	Eftud2	Rpl18	10090	0.794	0	0	0	0.361	0.652	0	0.148
10090.ENSMUSP00000021306	10090.ENSMUSP00000099757	Eftud2	Rps8	10090	0.804	0	0	0	0.288	0.653	0	0.272
10090.ENSMUSP00000021306	10090.ENSMUSP00000157948	Eftud2	Rps14	10090	0.814	0.084	0	0	0.577	0.476	0	0.194
10090.ENSMUSP00000021306	10090.ENSMUSP00000022062	Eftud2	Sdha	10090	0.84	0.056	0	0	0.108	0.776	0	0.255
10090.ENSMUSP00000021306	10090.ENSMUSP00000083705	Eftud2	Rplp0	10090	0.853	0.093	0	0	0.592	0.549	0	0.225
10090.ENSMUSP00000021306	10090.ENSMUSP00000120528	Eftud2	Rps20	10090	0.855	0.093	0	0	0.596	0.55	0	0.225
10090.ENSMUSP00000021306	10090.ENSMUSP00000103940	Eftud2	Rps16	10090	0.868	0.084	0	0	0.576	0.476	0	0.428
10090.ENSMUSP00000021306	10090.ENSMUSP00000104068	Eftud2	Rps19	10090	0.884	0	0	0	0.634	0.652	0	0.167
10090.ENSMUSP00000021306	10090.ENSMUSP00000099561	Eftud2	Mrto4	10090	0.887	0.093	0	0	0.64	0.549	0	0.324
10090.ENSMUSP00000021306	10090.ENSMUSP00000134615	Eftud2	Rps28	10090	0.891	0	0	0	0.637	0.652	0	0.212
10090.ENSMUSP00000021306	10090.ENSMUSP00000029722	Eftud2	Rps3a1	10090	0.906	0	0	0	0.697	0.652	0	0.18
10090.ENSMUSP00000021306	10090.ENSMUSP00000101924	Eftud2	Ppih	10090	0.906	0	0	0	0.157	0.556	0.72	0.209
10090.ENSMUSP00000021306	10090.ENSMUSP00000026667	Eftud2	Eif4a3	10090	0.906	0	0	0	0.401	0.701	0	0.519
10090.ENSMUSP00000021306	10090.ENSMUSP00000032998	Eftud2	Rps3	10090	0.939	0.116	0	0	0.7	0.652	0	0.423
10090.ENSMUSP00000021306	10090.ENSMUSP00000119841	Eftud2	Lsm6	10090	0.952	0	0	0	0.046	0.833	0.72	0.069
10090.ENSMUSP00000021306	10090.ENSMUSP00000034311	Eftud2	Lsm4	10090	0.971	0	0	0	0.164	0.868	0.72	0.187
10090.ENSMUSP00000021306	10090.ENSMUSP00000057238	Eftud2	Lsm8	10090	0.995	0	0	0	0.132	0.978	0.72	0.286
10090.ENSMUSP00000021306	10090.ENSMUSP00000086987	Eftud2	Snrpg	10090	0.996	0	0	0	0.235	0.981	0.72	0.311
10090.ENSMUSP00000021306	10090.ENSMUSP00000037597	Eftud2	Snrpd2	10090	0.997	0	0	0	0.293	0.982	0.72	0.309
10090.ENSMUSP00000021306	10090.ENSMUSP00000117947	Eftud2	Snrpa1	10090	0.997	0	0	0	0.177	0.978	0.72	0.518
10090.ENSMUSP00000021306	10090.ENSMUSP00000136858	Eftud2	Prpf19	10090	0.998	0	0	0	0.481	0.984	0.72	0.404
10090.ENSMUSP00000021306	10090.ENSMUSP00000114968	Eftud2	Plrg1	10090	0.998	0	0	0	0.13	0.983	0.72	0.599
10090.ENSMUSP00000021306	10090.ENSMUSP00000099509	Eftud2	Snrnp200	10090	0.999	0	0	0	0.458	0.984	0.8	0.807
10090.ENSMUSP00000021332	10090.ENSMUSP00000022842	Fkbp3	Cct5	10090	0.411	0	0	0	0.262	0	0	0.234
10090.ENSMUSP00000021332	10090.ENSMUSP00000028517	Fkbp3	Ola1	10090	0.411	0	0	0	0.327	0	0	0.161
10090.ENSMUSP00000021332	10090.ENSMUSP00000111443	Fkbp3	Ube2v2	10090	0.412	0	0	0	0.412	0	0	0
10090.ENSMUSP00000021332	10090.ENSMUSP00000117022	Fkbp3	Nme1	10090	0.428	0.048	0	0	0.297	0.098	0	0.165
10090.ENSMUSP00000021332	10090.ENSMUSP00000117947	Fkbp3	Snrpa1	10090	0.428	0	0	0	0.364	0.063	0	0.117
10090.ENSMUSP00000021332	10090.ENSMUSP00000079180	Fkbp3	Rps25	10090	0.431	0	0	0	0.222	0.294	0	0.047
10090.ENSMUSP00000021332	10090.ENSMUSP00000115044	Fkbp3	Sumo2	10090	0.435	0	0	0	0.4	0.07	0	0.07
10090.ENSMUSP00000021332	10090.ENSMUSP00000022419	Fkbp3	Ppif	10090	0.439	0.042	0	0	0.251	0.133	0	0.205
10090.ENSMUSP00000021332	10090.ENSMUSP00000104068	Fkbp3	Rps19	10090	0.439	0	0	0	0.19	0.294	0	0.098
10090.ENSMUSP00000021332	10090.ENSMUSP00000102870	Fkbp3	Rpl27	10090	0.449	0	0	0	0.211	0.294	0	0.091
10090.ENSMUSP00000021332	10090.ENSMUSP00000147816	Fkbp3	Rpl18	10090	0.452	0	0	0	0.256	0.294	0	0
10090.ENSMUSP00000021332	10090.ENSMUSP00000084387	Fkbp3	Eif1ax	10090	0.456	0	0	0	0.451	0.051	0	0
10090.ENSMUSP00000021332	10090.ENSMUSP00000126294	Fkbp3	Rps13	10090	0.457	0	0	0	0.164	0.377	0	0.042
10090.ENSMUSP00000021332	10090.ENSMUSP00000068267	Fkbp3	Strap	10090	0.459	0	0	0	0.262	0	0	0.296
10090.ENSMUSP00000021332	10090.ENSMUSP00000091921	Fkbp3	Hsp90aa1	10090	0.465	0	0	0	0.185	0.17	0	0.272
10090.ENSMUSP00000021332	10090.ENSMUSP00000035105	Fkbp3	Rpsa	10090	0.468	0	0	0	0.269	0.294	0	0.053
10090.ENSMUSP00000021332	10090.ENSMUSP00000040938	Fkbp3	Wdr92	10090	0.469	0	0	0	0.096	0.422	0	0.066
10090.ENSMUSP00000021332	10090.ENSMUSP00000157948	Fkbp3	Rps14	10090	0.477	0	0	0	0.29	0.266	0	0.077
10090.ENSMUSP00000021332	10090.ENSMUSP00000109257	Fkbp3	Pin4	10090	0.484	0	0	0	0.282	0.095	0	0.27
10090.ENSMUSP00000021332	10090.ENSMUSP00000134615	Fkbp3	Rps28	10090	0.487	0	0	0	0.303	0.294	0	0
10090.ENSMUSP00000021332	10090.ENSMUSP00000099757	Fkbp3	Rps8	10090	0.489	0	0	0	0.189	0.376	0	0.071
10090.ENSMUSP00000021332	10090.ENSMUSP00000029722	Fkbp3	Rps3a1	10090	0.489	0	0	0	0.209	0.373	0	0.053
10090.ENSMUSP00000021332	10090.ENSMUSP00000058432	Fkbp3	Rps21	10090	0.492	0	0	0	0.196	0.395	0	0
10090.ENSMUSP00000021332	10090.ENSMUSP00000120528	Fkbp3	Rps20	10090	0.51	0	0	0	0.225	0.377	0	0.068
10090.ENSMUSP00000021332	10090.ENSMUSP00000131489	Fkbp3	Rpl14	10090	0.518	0	0	0	0.341	0.294	0	0.048
10090.ENSMUSP00000021332	10090.ENSMUSP00000022341	Fkbp3	Rtraf	10090	0.532	0	0	0	0.337	0.323	0	0
10090.ENSMUSP00000021332	10090.ENSMUSP00000032998	Fkbp3	Rps3	10090	0.541	0	0	0	0.215	0.44	0	0
10090.ENSMUSP00000021375	10090.ENSMUSP00000071078	Sec23a	Cope	10090	0.429	0	0	0	0.141	0	0	0.362
10090.ENSMUSP00000021375	10090.ENSMUSP00000022429	Sec23a	Arf4	10090	0.439	0	0	0	0.111	0	0	0.395
10090.ENSMUSP00000021375	10090.ENSMUSP00000076521	Sec23a	Pdia4	10090	0.446	0	0	0	0.362	0	0	0.167
10090.ENSMUSP00000021375	10090.ENSMUSP00000032143	Sec23a	Rpn1	10090	0.461	0	0	0	0.116	0	0	0.415
10090.ENSMUSP00000021375	10090.ENSMUSP00000025181	Sec23a	H2-K1	10090	0.499	0	0	0	0	0	0.5	0
10090.ENSMUSP00000021375	10090.ENSMUSP00000038335	Sec23a	Rabif	10090	0.584	0	0	0	0.069	0	0	0.571
10090.ENSMUSP00000021375	10090.ENSMUSP00000024963	Sec23a	Mcfd2	10090	0.598	0	0	0	0.083	0	0.5	0.195
10090.ENSMUSP00000021375	10090.ENSMUSP00000021940	Sec23a	Lman2	10090	0.687	0	0	0	0.075	0.095	0.5	0.34
10090.ENSMUSP00000021375	10090.ENSMUSP00000025804	Sec23a	Rab1b	10090	0.696	0	0	0	0.043	0.18	0	0.644
10090.ENSMUSP00000021375	10090.ENSMUSP00000028916	Sec23a	Sec23b	10090	0.716	0	0	0.048	0.049	0	0.54	0.399
10090.ENSMUSP00000021375	10090.ENSMUSP00000022060	Sec23a	Pdcd6	10090	0.766	0	0	0	0.047	0.072	0.72	0.169
10090.ENSMUSP00000021375	10090.ENSMUSP00000137440	Sec23a	Canx	10090	0.769	0	0	0	0.079	0	0.5	0.539
10090.ENSMUSP00000021375	10090.ENSMUSP00000031355	Sec23a	Uso1	10090	0.784	0	0	0	0.16	0.051	0.5	0.523
10090.ENSMUSP00000021375	10090.ENSMUSP00000030660	Sec23a	Trappc3	10090	0.82	0	0	0	0.057	0	0	0.817
10090.ENSMUSP00000021375	10090.ENSMUSP00000029476	Sec23a	Sec22b	10090	0.983	0	0	0	0.104	0.703	0.8	0.734
10090.ENSMUSP00000021375	10090.ENSMUSP00000092157	Sec23a	Sec31a	10090	0.999	0	0	0	0.235	0.773	0.9	0.969
10090.ENSMUSP00000021375	10090.ENSMUSP00000032440	Sec23a	Sec13	10090	0.999	0	0	0	0.075	0.806	0.9	0.998
10090.ENSMUSP00000021405	10090.ENSMUSP00000082682	Polr2h	Hmgb1	10090	0.4	0	0	0	0.099	0.064	0	0.345
10090.ENSMUSP00000021405	10090.ENSMUSP00000033720	Polr2h	Rbbp7	10090	0.441	0	0	0	0.101	0	0.4	0.047
10090.ENSMUSP00000021405	10090.ENSMUSP00000083705	Polr2h	Rplp0	10090	0.458	0	0	0	0.398	0	0	0.136
10090.ENSMUSP00000021405	10090.ENSMUSP00000058321	Polr2h	Cavin1	10090	0.499	0	0	0	0	0	0.5	0
10090.ENSMUSP00000021405	10090.ENSMUSP00000066210	Polr2h	Elob	10090	0.513	0	0	0	0.066	0	0.5	0
10090.ENSMUSP00000021405	10090.ENSMUSP00000035884	Polr2h	Cops8	10090	0.514	0	0	0	0.069	0	0.5	0
10090.ENSMUSP00000021405	10090.ENSMUSP00000133855	Polr2h	Gps1	10090	0.517	0	0	0	0.074	0	0.5	0
10090.ENSMUSP00000021405	10090.ENSMUSP00000139480	Polr2h	Eloc	10090	0.519	0	0	0	0.079	0	0.5	0
10090.ENSMUSP00000021405	10090.ENSMUSP00000106090	Polr2h	Cops2	10090	0.521	0	0	0	0.054	0	0.5	0.068
10090.ENSMUSP00000021405	10090.ENSMUSP00000048416	Polr2h	Cops4	10090	0.538	0	0	0	0.115	0	0.5	0
10090.ENSMUSP00000021405	10090.ENSMUSP00000027050	Polr2h	Cops5	10090	0.543	0	0	0	0.124	0	0.5	0
10090.ENSMUSP00000021405	10090.ENSMUSP00000113560	Polr2h	Wdr61	10090	0.598	0	0	0	0.173	0.534	0	0
10090.ENSMUSP00000021405	10090.ENSMUSP00000027173	Polr2h	Wdr12	10090	0.605	0	0	0	0.335	0	0	0.43
10090.ENSMUSP00000021405	10090.ENSMUSP00000099561	Polr2h	Mrto4	10090	0.713	0	0	0	0.688	0	0	0.119
10090.ENSMUSP00000021405	10090.ENSMUSP00000086987	Polr2h	Snrpg	10090	0.894	0	0	0	0.342	0.8	0	0.265
10090.ENSMUSP00000021405	10090.ENSMUSP00000037597	Polr2h	Snrpd2	10090	0.894	0	0	0	0.375	0.8	0	0.22
10090.ENSMUSP00000021405	10090.ENSMUSP00000042283	Polr2h	Supt16	10090	0.927	0	0	0	0.053	0.814	0.5	0.271
10090.ENSMUSP00000021412	10090.ENSMUSP00000032998	Psma6	Rps3	10090	0.403	0	0	0	0.271	0.183	0	0.078
10090.ENSMUSP00000021412	10090.ENSMUSP00000143859	Psma6	Ube3a	10090	0.423	0	0	0	0.082	0.368	0	0.085
10090.ENSMUSP00000021412	10090.ENSMUSP00000156121	Psma6	Ube2l3	10090	0.428	0	0	0	0.351	0.08	0	0.119
10090.ENSMUSP00000021412	10090.ENSMUSP00000120528	Psma6	Rps20	10090	0.434	0	0	0	0.346	0.053	0	0.16
10090.ENSMUSP00000021412	10090.ENSMUSP00000057238	Psma6	Lsm8	10090	0.439	0	0	0	0.174	0	0	0.349
10090.ENSMUSP00000021412	10090.ENSMUSP00000106090	Psma6	Cops2	10090	0.447	0	0	0	0.175	0.093	0	0.32
10090.ENSMUSP00000021412	10090.ENSMUSP00000129178	Psma6	Pfdn5	10090	0.447	0	0	0	0.425	0	0	0.078
10090.ENSMUSP00000021412	10090.ENSMUSP00000032078	Psma6	Cct7	10090	0.451	0	0	0	0.39	0.063	0	0.117
10090.ENSMUSP00000021412	10090.ENSMUSP00000111443	Psma6	Ube2v2	10090	0.453	0	0	0	0.349	0	0	0.194
10090.ENSMUSP00000021412	10090.ENSMUSP00000125874	Psma6	Ccdc58	10090	0.465	0	0	0	0.465	0	0	0
10090.ENSMUSP00000021412	10090.ENSMUSP00000022960	Psma6	Eif3e	10090	0.488	0	0	0	0.403	0	0	0.178
10090.ENSMUSP00000021412	10090.ENSMUSP00000031697	Psma6	Cul1	10090	0.489	0	0	0	0.113	0.095	0.4	0.065
10090.ENSMUSP00000021412	10090.ENSMUSP00000098295	Psma6	Psmd9	10090	0.497	0	0	0	0.16	0.281	0	0.234
10090.ENSMUSP00000021412	10090.ENSMUSP00000066210	Psma6	Elob	10090	0.518	0	0	0	0.203	0	0.4	0.073
10090.ENSMUSP00000021412	10090.ENSMUSP00000071078	Psma6	Cope	10090	0.535	0	0.396	0	0.261	0	0	0
10090.ENSMUSP00000021412	10090.ENSMUSP00000027050	Psma6	Cops5	10090	0.546	0	0	0	0.406	0.22	0	0.099
10090.ENSMUSP00000021412	10090.ENSMUSP00000115044	Psma6	Sumo2	10090	0.547	0	0	0	0.516	0.096	0	0.047
10090.ENSMUSP00000021412	10090.ENSMUSP00000116108	Psma6	Tcp1	10090	0.572	0	0	0	0.391	0.094	0	0.285
10090.ENSMUSP00000021412	10090.ENSMUSP00000028225	Psma6	Psmd5	10090	0.573	0	0	0	0.158	0.487	0	0.091
10090.ENSMUSP00000021412	10090.ENSMUSP00000123564	Psma6	Sort1	10090	0.605	0	0	0	0	0.534	0	0.188
10090.ENSMUSP00000021412	10090.ENSMUSP00000139480	Psma6	Eloc	10090	0.613	0	0	0	0.35	0	0.4	0.087
10090.ENSMUSP00000021412	10090.ENSMUSP00000158375	Psma6	Txnl1	10090	0.614	0	0	0	0.412	0.364	0	0.052
10090.ENSMUSP00000021412	10090.ENSMUSP00000096932	Psma6	Ube2n	10090	0.643	0	0	0	0.366	0.08	0	0.438
10090.ENSMUSP00000021412	10090.ENSMUSP00000023707	Psma6	Sod1	10090	0.709	0	0	0	0.136	0	0.65	0.115
10090.ENSMUSP00000021412	10090.ENSMUSP00000022842	Psma6	Cct5	10090	0.721	0	0	0	0.53	0.094	0	0.398
10090.ENSMUSP00000021412	10090.ENSMUSP00000099859	Psma6	Ublcp1	10090	0.743	0	0	0	0.136	0.675	0	0.161
10090.ENSMUSP00000021412	10090.ENSMUSP00000042590	Psma6	Psma8	10090	0.98	0	0	0	0.572	0.774	0.8	0.112
10090.ENSMUSP00000021412	10090.ENSMUSP00000140106	Psma6	Uchl5	10090	0.981	0	0	0	0.208	0.945	0.5	0.237
10090.ENSMUSP00000021412	10090.ENSMUSP00000022256	Psma6	Psmd6	10090	0.997	0	0	0	0.741	0.98	0	0.524
10090.ENSMUSP00000021412	10090.ENSMUSP00000030769	Psma6	Psmc2	10090	0.997	0	0	0	0.564	0.984	0	0.707
10090.ENSMUSP00000021412	10090.ENSMUSP00000071054	Psma6	Psmc3	10090	0.998	0.062	0	0	0.594	0.984	0	0.762
10090.ENSMUSP00000021412	10090.ENSMUSP00000032824	Psma6	Psmc4	10090	0.998	0.062	0	0	0.847	0.983	0	0.603
10090.ENSMUSP00000021412	10090.ENSMUSP00000034369	Psma6	Psmb10	10090	0.999	0	0	0	0.452	0.981	0.9	0.451
10090.ENSMUSP00000021412	10090.ENSMUSP00000028083	Psma6	Psmb7	10090	0.999	0	0	0	0.893	0.992	0.9	0.843
10090.ENSMUSP00000021412	10090.ENSMUSP00000028278	Psma6	Psmd14	10090	0.999	0	0	0	0.935	0.983	0	0.367
10090.ENSMUSP00000021514	10090.ENSMUSP00000108987	Ppm1a	Cab39	10090	0.475	0	0	0	0.442	0	0	0.097
10090.ENSMUSP00000021514	10090.ENSMUSP00000039109	Ppm1a	Ppp1ca	10090	0.595	0	0	0	0.07	0.113	0	0.548
10090.ENSMUSP00000021514	10090.ENSMUSP00000079107	Ppm1a	Ppm1b	10090	0.775	0	0	0.052	0.62	0.416	0	0.057
10090.ENSMUSP00000021667	10090.ENSMUSP00000130858	Isca2	Tpi1	10090	0.422	0.119	0	0	0.064	0	0	0.356
10090.ENSMUSP00000021667	10090.ENSMUSP00000076575	Isca2	Hmbs	10090	0.466	0	0	0	0.169	0	0	0.384
10090.ENSMUSP00000021667	10090.ENSMUSP00000125874	Isca2	Ccdc58	10090	0.482	0	0	0	0.101	0	0	0.448
10090.ENSMUSP00000021667	10090.ENSMUSP00000126298	Isca2	Timm9	10090	0.515	0	0	0	0.117	0	0	0.474
10090.ENSMUSP00000021667	10090.ENSMUSP00000023116	Isca2	Aco2	10090	0.567	0.063	0	0	0.071	0	0	0.543
10090.ENSMUSP00000021667	10090.ENSMUSP00000022082	Isca2	Glrx	10090	0.622	0.07	0	0	0.351	0	0	0.424
10090.ENSMUSP00000021667	10090.ENSMUSP00000045284	Isca2	Uqcrfs1	10090	0.646	0	0	0	0.342	0	0	0.484
10090.ENSMUSP00000021667	10090.ENSMUSP00000066621	Isca2	Glrx3	10090	0.66	0.096	0	0	0.129	0.113	0	0.57
10090.ENSMUSP00000021667	10090.ENSMUSP00000102716	Isca2	Bola1	10090	0.843	0.085	0	0	0.052	0.086	0	0.825
10090.ENSMUSP00000021667	10090.ENSMUSP00000113637	Isca2	Nfu1	10090	0.932	0.119	0	0	0.452	0.147	0	0.855
10090.ENSMUSP00000021940	10090.ENSMUSP00000028916	Lman2	Sec23b	10090	0.442	0	0	0	0.105	0.095	0	0.366
10090.ENSMUSP00000021940	10090.ENSMUSP00000106983	Lman2	Uap1	10090	0.446	0	0	0	0.053	0	0	0.439
10090.ENSMUSP00000021940	10090.ENSMUSP00000107749	Lman2	Mlec	10090	0.476	0	0	0	0.212	0	0	0.362
10090.ENSMUSP00000021940	10090.ENSMUSP00000137440	Lman2	Canx	10090	0.498	0	0	0	0.117	0.064	0	0.442
10090.ENSMUSP00000021940	10090.ENSMUSP00000031355	Lman2	Uso1	10090	0.517	0	0	0	0.061	0	0.5	0.054
10090.ENSMUSP00000021940	10090.ENSMUSP00000032143	Lman2	Rpn1	10090	0.591	0	0	0	0.461	0	0	0.272
10090.ENSMUSP00000021940	10090.ENSMUSP00000092157	Lman2	Sec31a	10090	0.618	0	0	0	0.124	0	0.5	0.199
10090.ENSMUSP00000021940	10090.ENSMUSP00000029476	Lman2	Sec22b	10090	0.625	0	0	0	0.085	0.07	0.5	0.223
10090.ENSMUSP00000021940	10090.ENSMUSP00000032440	Lman2	Sec13	10090	0.68	0	0	0	0.164	0.051	0.5	0.289
10090.ENSMUSP00000021940	10090.ENSMUSP00000024963	Lman2	Mcfd2	10090	0.761	0	0	0	0.123	0	0.5	0.5
10090.ENSMUSP00000021958	10090.ENSMUSP00000143488	Pcbd2	Ift22	10090	0.464	0	0	0	0.046	0	0	0.462
10090.ENSMUSP00000021958	10090.ENSMUSP00000034570	Pcbd2	Pts	10090	0.465	0.119	0	0	0.09	0	0	0.386
10090.ENSMUSP00000021958	10090.ENSMUSP00000084572	Pcbd2	Vars	10090	0.599	0.154	0	0	0.09	0	0	0.521
10090.ENSMUSP00000022060	10090.ENSMUSP00000133728	Pdcd6	Hnrnpl	10090	0.422	0	0	0	0.042	0	0	0.421
10090.ENSMUSP00000022060	10090.ENSMUSP00000035884	Pdcd6	Cops8	10090	0.426	0	0	0	0.115	0	0	0.378
10090.ENSMUSP00000022060	10090.ENSMUSP00000036206	Pdcd6	Chmp4b	10090	0.522	0	0	0	0.05	0.082	0	0.496
10090.ENSMUSP00000022060	10090.ENSMUSP00000028607	Pdcd6	Caprin1	10090	0.582	0	0	0	0.059	0	0	0.574
10090.ENSMUSP00000022060	10090.ENSMUSP00000028916	Pdcd6	Sec23b	10090	0.612	0	0	0	0.09	0.072	0.54	0.121
10090.ENSMUSP00000022060	10090.ENSMUSP00000032440	Pdcd6	Sec13	10090	0.798	0	0	0	0.137	0.114	0.72	0.169
10090.ENSMUSP00000022060	10090.ENSMUSP00000092157	Pdcd6	Sec31a	10090	0.93	0	0	0	0.06	0.54	0.72	0.494
10090.ENSMUSP00000022062	10090.ENSMUSP00000147816	Sdha	Rpl18	10090	0.402	0	0	0	0.048	0	0	0.397
10090.ENSMUSP00000022062	10090.ENSMUSP00000087457	Sdha	Itgb1	10090	0.412	0	0	0	0.093	0	0	0.378
10090.ENSMUSP00000022062	10090.ENSMUSP00000023707	Sdha	Sod1	10090	0.416	0	0	0	0.154	0	0	0.338
10090.ENSMUSP00000022062	10090.ENSMUSP00000132082	Sdha	Iars	10090	0.419	0	0	0	0.129	0	0	0.361
10090.ENSMUSP00000022062	10090.ENSMUSP00000022517	Sdha	Cryl1	10090	0.42	0	0	0	0.106	0	0	0.378
10090.ENSMUSP00000022062	10090.ENSMUSP00000030769	Sdha	Psmc2	10090	0.421	0.053	0.239	0	0.155	0	0	0.16
10090.ENSMUSP00000022062	10090.ENSMUSP00000091921	Sdha	Hsp90aa1	10090	0.438	0.046	0	0	0.094	0.097	0	0.364
10090.ENSMUSP00000022062	10090.ENSMUSP00000081141	Sdha	Pgd	10090	0.448	0	0	0	0.076	0	0	0.428
10090.ENSMUSP00000022062	10090.ENSMUSP00000033098	Sdha	Bcat2	10090	0.448	0	0	0	0.093	0.057	0	0.407
10090.ENSMUSP00000022062	10090.ENSMUSP00000087118	Sdha	Mat2a	10090	0.451	0.061	0	0	0.139	0	0	0.376
10090.ENSMUSP00000022062	10090.ENSMUSP00000103068	Sdha	Alad	10090	0.457	0.115	0	0	0.066	0	0	0.395
10090.ENSMUSP00000022062	10090.ENSMUSP00000113637	Sdha	Nfu1	10090	0.461	0.061	0	0	0.347	0	0	0.19
10090.ENSMUSP00000022062	10090.ENSMUSP00000090564	Sdha	Fbp1	10090	0.49	0	0	0	0.082	0	0	0.467
10090.ENSMUSP00000022062	10090.ENSMUSP00000029708	Sdha	Naxe	10090	0.493	0.115	0	0	0.111	0.072	0	0.388
10090.ENSMUSP00000022062	10090.ENSMUSP00000032998	Sdha	Rps3	10090	0.515	0.083	0	0	0.054	0	0	0.486
10090.ENSMUSP00000022062	10090.ENSMUSP00000083705	Sdha	Rplp0	10090	0.538	0.09	0	0	0.05	0	0	0.508
10090.ENSMUSP00000022062	10090.ENSMUSP00000066181	Sdha	Immt	10090	0.539	0	0	0	0.253	0.099	0	0.37
10090.ENSMUSP00000022062	10090.ENSMUSP00000047218	Sdha	Grhpr	10090	0.54	0.114	0	0	0.095	0	0	0.473
10090.ENSMUSP00000022062	10090.ENSMUSP00000025439	Sdha	Me2	10090	0.556	0.119	0	0	0.276	0	0	0.361
10090.ENSMUSP00000022062	10090.ENSMUSP00000106180	Sdha	Sord	10090	0.567	0.097	0	0	0.096	0	0	0.512
10090.ENSMUSP00000022062	10090.ENSMUSP00000023684	Sdha	Gart	10090	0.582	0.085	0	0	0.09	0	0	0.538
10090.ENSMUSP00000022062	10090.ENSMUSP00000146030	Sdha	Txnrd2	10090	0.591	0.099	0	0	0.334	0.047	0	0.37
10090.ENSMUSP00000022062	10090.ENSMUSP00000026576	Sdha	Taldo1	10090	0.613	0	0	0	0.078	0	0	0.597
10090.ENSMUSP00000022062	10090.ENSMUSP00000109312	Sdha	Myg1	10090	0.629	0	0	0	0.629	0	0	0
10090.ENSMUSP00000022062	10090.ENSMUSP00000030830	Sdha	H6pd	10090	0.675	0.071	0	0	0.066	0	0	0.656
10090.ENSMUSP00000022062	10090.ENSMUSP00000098066	Sdha	Actb	10090	0.686	0	0	0	0.053	0	0	0.682
10090.ENSMUSP00000022062	10090.ENSMUSP00000029610	Sdha	Hadh	10090	0.695	0	0	0	0.216	0.214	0	0.545
10090.ENSMUSP00000022062	10090.ENSMUSP00000080302	Sdha	Pgk1	10090	0.738	0.067	0	0	0.192	0	0	0.68
10090.ENSMUSP00000022062	10090.ENSMUSP00000130858	Sdha	Tpi1	10090	0.747	0.204	0	0	0.122	0	0	0.667
10090.ENSMUSP00000022062	10090.ENSMUSP00000028430	Sdha	Cyct	10090	0.765	0	0	0	0.417	0.06	0	0.607
10090.ENSMUSP00000022062	10090.ENSMUSP00000037597	Sdha	Snrpd2	10090	0.776	0	0	0	0.042	0.776	0	0
10090.ENSMUSP00000022062	10090.ENSMUSP00000136858	Sdha	Prpf19	10090	0.782	0	0	0	0.061	0.776	0	0.047
10090.ENSMUSP00000022062	10090.ENSMUSP00000099938	Sdha	Mdh1	10090	0.835	0.084	0	0	0.58	0.231	0	0.507
10090.ENSMUSP00000022062	10090.ENSMUSP00000038961	Sdha	Gm11273	10090	0.837	0	0	0	0.661	0	0	0.538
10090.ENSMUSP00000022062	10090.ENSMUSP00000076575	Sdha	Hmbs	10090	0.85	0.12	0	0	0.095	0	0	0.827
10090.ENSMUSP00000022062	10090.ENSMUSP00000106481	Sdha	Dld	10090	0.861	0.099	0	0	0.459	0.311	0	0.636
10090.ENSMUSP00000022062	10090.ENSMUSP00000022268	Sdha	Pdhb	10090	0.869	0.061	0	0	0.333	0.309	0	0.733
10090.ENSMUSP00000022062	10090.ENSMUSP00000055827	Sdha	Fahd1	10090	0.871	0.119	0	0	0.183	0	0.8	0.214
10090.ENSMUSP00000022062	10090.ENSMUSP00000124579	Sdha	Asl	10090	0.885	0	0	0	0.042	0	0.8	0.448
10090.ENSMUSP00000022062	10090.ENSMUSP00000060346	Sdha	Dlst	10090	0.909	0.116	0.009	0	0.614	0.3	0	0.667
10090.ENSMUSP00000022062	10090.ENSMUSP00000101006	Sdha	Atp5d	10090	0.916	0.066	0	0	0.628	0.31	0	0.692
10090.ENSMUSP00000022062	10090.ENSMUSP00000077744	Sdha	Uqcrh	10090	0.927	0	0	0	0.786	0	0	0.676
10090.ENSMUSP00000022062	10090.ENSMUSP00000121557	Sdha	Ndufv2	10090	0.954	0	0	0	0.735	0.308	0	0.773
10090.ENSMUSP00000022062	10090.ENSMUSP00000023116	Sdha	Aco2	10090	0.98	0.093	0	0	0.874	0.323	0	0.774
10090.ENSMUSP00000022062	10090.ENSMUSP00000045284	Sdha	Uqcrfs1	10090	0.993	0.119	0	0	0.908	0.345	0	0.886
10090.ENSMUSP00000022062	10090.ENSMUSP00000123765	Sdha	Sucla2	10090	0.994	0.119	0.007	0	0.74	0.33	0.9	0.709
10090.ENSMUSP00000022062	10090.ENSMUSP00000027810	Sdha	Fh1	10090	0.998	0.223	0.533	0	0.827	0.238	0.9	0.676
10090.ENSMUSP00000022082	10090.ENSMUSP00000113637	Glrx	Nfu1	10090	0.427	0.112	0	0	0.049	0	0	0.376
10090.ENSMUSP00000022082	10090.ENSMUSP00000024866	Glrx	Xdh	10090	0.443	0	0	0	0.057	0	0	0.434
10090.ENSMUSP00000022082	10090.ENSMUSP00000101006	Glrx	Atp5d	10090	0.471	0.118	0	0	0.094	0	0	0.392
10090.ENSMUSP00000022082	10090.ENSMUSP00000028430	Glrx	Cyct	10090	0.473	0	0	0	0.085	0.063	0	0.435
10090.ENSMUSP00000022082	10090.ENSMUSP00000032309	Glrx	Ybx3	10090	0.5	0	0	0	0.054	0	0	0.493
10090.ENSMUSP00000022082	10090.ENSMUSP00000023116	Glrx	Aco2	10090	0.508	0.102	0	0	0.07	0	0	0.458
10090.ENSMUSP00000022082	10090.ENSMUSP00000035486	Glrx	Ccs	10090	0.509	0.12	0	0	0.044	0	0	0.463
10090.ENSMUSP00000022082	10090.ENSMUSP00000102716	Glrx	Bola1	10090	0.538	0.093	0	0	0.077	0.051	0	0.487
10090.ENSMUSP00000022082	10090.ENSMUSP00000030830	Glrx	H6pd	10090	0.546	0.119	0	0	0.1	0	0	0.473
10090.ENSMUSP00000022082	10090.ENSMUSP00000023707	Glrx	Sod1	10090	0.626	0	0	0	0.053	0.057	0	0.615
10090.ENSMUSP00000022082	10090.ENSMUSP00000025904	Glrx	Prdx5	10090	0.705	0	0	0	0.235	0	0	0.631
10090.ENSMUSP00000022082	10090.ENSMUSP00000146030	Glrx	Txnrd2	10090	0.743	0.084	0	0	0.065	0.08	0	0.712
10090.ENSMUSP00000022082	10090.ENSMUSP00000030332	Glrx	Gpx7	10090	0.763	0.071	0	0	0.123	0.088	0	0.718
10090.ENSMUSP00000022082	10090.ENSMUSP00000066621	Glrx	Glrx3	10090	0.777	0.12	0	0	0.103	0.098	0	0.723
10090.ENSMUSP00000022169	10090.ENSMUSP00000113499	Hexb	Fuca2	10090	0.405	0.093	0	0	0.122	0	0	0.313
10090.ENSMUSP00000022169	10090.ENSMUSP00000030434	Hexb	Fuca1	10090	0.443	0.093	0	0	0.144	0	0	0.341
10090.ENSMUSP00000022169	10090.ENSMUSP00000112277	Hexb	Renbp	10090	0.905	0	0	0	0.091	0	0.9	0
10090.ENSMUSP00000022169	10090.ENSMUSP00000109482	Hexb	Nagk	10090	0.912	0.093	0	0	0.097	0	0.9	0.053
10090.ENSMUSP00000022169	10090.ENSMUSP00000043167	Hexb	Gns	10090	0.931	0	0	0	0.177	0	0.9	0.236
10090.ENSMUSP00000022169	10090.ENSMUSP00000023088	Hexb	Naga	10090	0.948	0	0	0	0.091	0	0.9	0.475
10090.ENSMUSP00000022169	10090.ENSMUSP00000055803	Hexb	Glb1	10090	0.958	0.062	0	0	0.226	0	0.9	0.491
10090.ENSMUSP00000022256	10090.ENSMUSP00000035884	Psmd6	Cops8	10090	0.407	0	0	0	0.332	0	0	0.149
10090.ENSMUSP00000022256	10090.ENSMUSP00000102724	Psmd6	Plaa	10090	0.411	0	0	0	0.411	0	0	0
10090.ENSMUSP00000022256	10090.ENSMUSP00000025918	Psmd6	Stip1	10090	0.415	0	0	0	0.348	0	0	0.139
10090.ENSMUSP00000022256	10090.ENSMUSP00000123765	Psmd6	Sucla2	10090	0.42	0	0	0	0.369	0	0	0.119
10090.ENSMUSP00000022256	10090.ENSMUSP00000106481	Psmd6	Dld	10090	0.425	0	0	0	0.374	0	0	0.119
10090.ENSMUSP00000022256	10090.ENSMUSP00000022849	Psmd6	Tars	10090	0.428	0	0	0	0.34	0	0	0.168
10090.ENSMUSP00000022256	10090.ENSMUSP00000099482	Psmd6	Itpa	10090	0.432	0	0	0	0.432	0	0	0
10090.ENSMUSP00000022256	10090.ENSMUSP00000024031	Psmd6	Acy1	10090	0.444	0	0	0	0	0	0	0.444
10090.ENSMUSP00000022256	10090.ENSMUSP00000143859	Psmd6	Ube3a	10090	0.459	0	0	0	0.079	0.413	0	0.081
10090.ENSMUSP00000022256	10090.ENSMUSP00000023684	Psmd6	Gart	10090	0.46	0	0	0	0.065	0	0	0.447
10090.ENSMUSP00000022256	10090.ENSMUSP00000113560	Psmd6	Wdr61	10090	0.465	0	0	0	0.465	0	0	0
10090.ENSMUSP00000022256	10090.ENSMUSP00000066210	Psmd6	Elob	10090	0.469	0	0	0	0.152	0	0.4	0
10090.ENSMUSP00000022256	10090.ENSMUSP00000139480	Psmd6	Eloc	10090	0.493	0	0	0	0.19	0	0.4	0
10090.ENSMUSP00000022256	10090.ENSMUSP00000114968	Psmd6	Plrg1	10090	0.509	0	0	0	0.463	0	0	0.123
10090.ENSMUSP00000022256	10090.ENSMUSP00000032078	Psmd6	Cct7	10090	0.513	0	0	0	0.442	0.059	0	0.146
10090.ENSMUSP00000022256	10090.ENSMUSP00000116108	Psmd6	Tcp1	10090	0.526	0	0	0	0.405	0.218	0	0.062
10090.ENSMUSP00000022256	10090.ENSMUSP00000022960	Psmd6	Eif3e	10090	0.545	0	0	0	0.206	0	0	0.451
10090.ENSMUSP00000022256	10090.ENSMUSP00000031697	Psmd6	Cul1	10090	0.552	0	0	0	0.203	0	0.4	0.139
10090.ENSMUSP00000022256	10090.ENSMUSP00000158375	Psmd6	Txnl1	10090	0.571	0	0	0	0.541	0.103	0	0
10090.ENSMUSP00000022256	10090.ENSMUSP00000086542	Psmd6	Nsfl1c	10090	0.583	0	0	0	0.567	0	0	0.076
10090.ENSMUSP00000022256	10090.ENSMUSP00000022842	Psmd6	Cct5	10090	0.628	0	0	0	0.618	0.061	0	0.047
10090.ENSMUSP00000022256	10090.ENSMUSP00000023707	Psmd6	Sod1	10090	0.691	0	0	0	0.066	0	0.65	0.131
10090.ENSMUSP00000022256	10090.ENSMUSP00000048416	Psmd6	Cops4	10090	0.862	0	0	0	0.806	0	0	0.319
10090.ENSMUSP00000022256	10090.ENSMUSP00000034369	Psmd6	Psmb10	10090	0.894	0	0	0	0.445	0.767	0	0.246
10090.ENSMUSP00000022256	10090.ENSMUSP00000042590	Psmd6	Psma8	10090	0.902	0	0	0	0.445	0.788	0	0.234
10090.ENSMUSP00000022256	10090.ENSMUSP00000027050	Psmd6	Cops5	10090	0.908	0	0	0	0.697	0.476	0	0.468
10090.ENSMUSP00000022256	10090.ENSMUSP00000099859	Psmd6	Ublcp1	10090	0.925	0	0	0	0.292	0.823	0	0.452
10090.ENSMUSP00000022256	10090.ENSMUSP00000098295	Psmd6	Psmd9	10090	0.94	0	0	0	0.071	0.477	0.72	0.616
10090.ENSMUSP00000022256	10090.ENSMUSP00000140106	Psmd6	Uchl5	10090	0.982	0	0	0	0.22	0.947	0.5	0.23
10090.ENSMUSP00000022256	10090.ENSMUSP00000028083	Psmd6	Psmb7	10090	0.996	0	0	0	0.583	0.878	0.8	0.661
10090.ENSMUSP00000022256	10090.ENSMUSP00000071054	Psmd6	Psmc3	10090	0.999	0	0	0	0.871	0.982	0.9	0.838
10090.ENSMUSP00000022256	10090.ENSMUSP00000030769	Psmd6	Psmc2	10090	0.999	0	0	0	0.932	0.983	0.9	0.78
10090.ENSMUSP00000022256	10090.ENSMUSP00000028225	Psmd6	Psmd5	10090	0.999	0	0	0	0.195	0.963	0.9	0.713
10090.ENSMUSP00000022256	10090.ENSMUSP00000032824	Psmd6	Psmc4	10090	0.999	0	0	0	0.821	0.985	0.9	0.861
10090.ENSMUSP00000022256	10090.ENSMUSP00000028278	Psmd6	Psmd14	10090	0.999	0	0	0	0.973	0.982	0.9	0.85
10090.ENSMUSP00000022268	10090.ENSMUSP00000099490	Pdhb	Acaca	10090	0.412	0.106	0	0	0.099	0	0	0.329
10090.ENSMUSP00000022268	10090.ENSMUSP00000033098	Pdhb	Bcat2	10090	0.413	0.056	0	0	0.124	0.082	0	0.318
10090.ENSMUSP00000022268	10090.ENSMUSP00000116108	Pdhb	Tcp1	10090	0.417	0	0	0	0.252	0.101	0	0.203
10090.ENSMUSP00000022268	10090.ENSMUSP00000029610	Pdhb	Hadh	10090	0.508	0.094	0	0	0.166	0	0	0.4
10090.ENSMUSP00000022268	10090.ENSMUSP00000070993	Pdhb	Ywhae	10090	0.513	0	0	0	0.08	0.061	0	0.482
10090.ENSMUSP00000022268	10090.ENSMUSP00000152229	Pdhb	Pitrm1	10090	0.523	0	0	0	0.049	0.505	0	0.069
10090.ENSMUSP00000022268	10090.ENSMUSP00000090564	Pdhb	Fbp1	10090	0.533	0	0	0	0.091	0	0	0.508
10090.ENSMUSP00000022268	10090.ENSMUSP00000080302	Pdhb	Pgk1	10090	0.567	0.048	0	0	0.147	0	0	0.51
10090.ENSMUSP00000022268	10090.ENSMUSP00000035105	Pdhb	Rpsa	10090	0.652	0	0	0	0.171	0.073	0	0.583
10090.ENSMUSP00000022268	10090.ENSMUSP00000101006	Pdhb	Atp5d	10090	0.673	0	0	0	0.44	0	0	0.439
10090.ENSMUSP00000022268	10090.ENSMUSP00000027810	Pdhb	Fh1	10090	0.693	0	0	0	0.386	0	0	0.521
10090.ENSMUSP00000022268	10090.ENSMUSP00000099938	Pdhb	Mdh1	10090	0.694	0	0	0	0.412	0.09	0	0.474
10090.ENSMUSP00000022268	10090.ENSMUSP00000121557	Pdhb	Ndufv2	10090	0.695	0	0	0	0.457	0.307	0	0.254
10090.ENSMUSP00000022268	10090.ENSMUSP00000130858	Pdhb	Tpi1	10090	0.724	0.079	0	0	0.191	0	0	0.66
10090.ENSMUSP00000022268	10090.ENSMUSP00000045284	Pdhb	Uqcrfs1	10090	0.755	0	0	0	0.455	0.303	0	0.407
10090.ENSMUSP00000022268	10090.ENSMUSP00000146030	Pdhb	Txnrd2	10090	0.778	0.091	0	0	0.54	0.372	0	0.255
10090.ENSMUSP00000022268	10090.ENSMUSP00000023116	Pdhb	Aco2	10090	0.84	0	0	0	0.395	0.282	0	0.661
10090.ENSMUSP00000022268	10090.ENSMUSP00000026576	Pdhb	Taldo1	10090	0.902	0	0	0	0.123	0	0.8	0.487
10090.ENSMUSP00000022268	10090.ENSMUSP00000030830	Pdhb	H6pd	10090	0.914	0	0	0	0.055	0	0.8	0.584
10090.ENSMUSP00000022268	10090.ENSMUSP00000025439	Pdhb	Me2	10090	0.93	0	0	0	0.15	0	0.9	0.25
10090.ENSMUSP00000022268	10090.ENSMUSP00000123765	Pdhb	Sucla2	10090	0.956	0	0	0	0.821	0.242	0	0.704
10090.ENSMUSP00000022268	10090.ENSMUSP00000060346	Pdhb	Dlst	10090	0.961	0.093	0.071	0.228	0.623	0.565	0.4	0.531
10090.ENSMUSP00000022268	10090.ENSMUSP00000106481	Pdhb	Dld	10090	0.999	0.091	0.019	0	0.932	0.868	0.9	0.833
10090.ENSMUSP00000022340	10090.ENSMUSP00000071868	Nid2	Mfap2	10090	0.403	0	0	0	0.124	0	0	0.346
10090.ENSMUSP00000022340	10090.ENSMUSP00000071662	Nid2	Col12a1	10090	0.404	0	0	0	0.145	0.067	0	0.313
10090.ENSMUSP00000022340	10090.ENSMUSP00000054583	Nid2	Fbln1	10090	0.427	0	0	0	0.122	0.126	0	0.313
10090.ENSMUSP00000022340	10090.ENSMUSP00000028280	Nid2	Col5a1	10090	0.467	0	0	0	0.225	0.06	0	0.327
10090.ENSMUSP00000022340	10090.ENSMUSP00000031668	Nid2	Col1a2	10090	0.477	0	0	0	0.204	0.06	0	0.356
10090.ENSMUSP00000022340	10090.ENSMUSP00000083620	Nid2	Col5a2	10090	0.485	0	0	0	0.25	0.06	0	0.329
10090.ENSMUSP00000022340	10090.ENSMUSP00000099981	Nid2	Col15a1	10090	0.547	0	0	0	0.178	0	0	0.471
10090.ENSMUSP00000022340	10090.ENSMUSP00000033898	Nid2	Col4a1	10090	0.625	0	0	0	0.222	0.093	0	0.511
10090.ENSMUSP00000022340	10090.ENSMUSP00000101049	Nid2	Col18a1	10090	0.706	0	0	0	0.126	0	0	0.678
10090.ENSMUSP00000022340	10090.ENSMUSP00000090304	Nid2	Lama2	10090	0.859	0	0	0	0.088	0.131	0.5	0.686
10090.ENSMUSP00000022341	10090.ENSMUSP00000047571	Rtraf	Hnrnpu	10090	0.41	0	0	0	0.126	0.214	0	0.209
10090.ENSMUSP00000022341	10090.ENSMUSP00000086987	Rtraf	Snrpg	10090	0.455	0	0	0	0.328	0.222	0	0
10090.ENSMUSP00000022341	10090.ENSMUSP00000121005	Rtraf	Hnrnpdl	10090	0.513	0	0	0	0.077	0	0	0.493
10090.ENSMUSP00000022419	10090.ENSMUSP00000023116	Ppif	Aco2	10090	0.415	0	0	0	0.113	0.063	0	0.352
10090.ENSMUSP00000022419	10090.ENSMUSP00000030332	Ppif	Gpx7	10090	0.44	0	0	0	0.066	0.084	0	0.398
10090.ENSMUSP00000022419	10090.ENSMUSP00000044004	Ppif	Lrp1	10090	0.441	0	0	0	0	0	0	0.441
10090.ENSMUSP00000022419	10090.ENSMUSP00000136858	Ppif	Prpf19	10090	0.455	0	0	0	0.069	0.384	0	0.127
10090.ENSMUSP00000022419	10090.ENSMUSP00000023707	Ppif	Sod1	10090	0.462	0.061	0	0	0.067	0.098	0	0.4
10090.ENSMUSP00000022419	10090.ENSMUSP00000065983	Ppif	Mapk1	10090	0.503	0	0	0	0.076	0.05	0	0.479
10090.ENSMUSP00000022419	10090.ENSMUSP00000031971	Ppif	Ssbp1	10090	0.531	0.064	0	0	0.09	0	0	0.494
10090.ENSMUSP00000022419	10090.ENSMUSP00000147767	Ppif	Casp3	10090	0.538	0	0	0	0	0	0	0.538
10090.ENSMUSP00000022419	10090.ENSMUSP00000101924	Ppif	Ppih	10090	0.546	0	0	0.074	0.054	0.252	0	0.389
10090.ENSMUSP00000022419	10090.ENSMUSP00000032508	Ppif	Fkbp4	10090	0.667	0.042	0.552	0	0.118	0.101	0	0.17
10090.ENSMUSP00000022419	10090.ENSMUSP00000033093	Ppif	Bax	10090	0.88	0	0	0	0.046	0.051	0.72	0.585
10090.ENSMUSP00000022419	10090.ENSMUSP00000091921	Ppif	Hsp90aa1	10090	0.974	0	0	0	0.125	0.14	0	0.969
10090.ENSMUSP00000022419	10090.ENSMUSP00000028430	Ppif	Cyct	10090	0.984	0	0	0	0.078	0	0.9	0.84
10090.ENSMUSP00000022428	10090.ENSMUSP00000067434	Rnase4	Ang	10090	0.684	0	0	0.078	0.665	0	0	0.059
10090.ENSMUSP00000022429	10090.ENSMUSP00000143488	Arf4	Ift22	10090	0.437	0	0	0	0.088	0	0	0.407
10090.ENSMUSP00000022429	10090.ENSMUSP00000032440	Arf4	Sec13	10090	0.477	0	0	0	0.251	0.051	0	0.323
10090.ENSMUSP00000022429	10090.ENSMUSP00000038335	Arf4	Rabif	10090	0.478	0	0	0	0	0.059	0	0.468
10090.ENSMUSP00000022429	10090.ENSMUSP00000030158	Arf4	Dctn3	10090	0.509	0	0	0	0.054	0	0.5	0.046
10090.ENSMUSP00000022429	10090.ENSMUSP00000027444	Arf4	Pde6d	10090	0.54	0	0	0	0.047	0.117	0	0.497
10090.ENSMUSP00000022429	10090.ENSMUSP00000026479	Arf4	Dctn2	10090	0.569	0	0	0	0.081	0	0.5	0.138
10090.ENSMUSP00000022429	10090.ENSMUSP00000090844	Arf4	Ap1g1	10090	0.602	0	0	0	0.052	0.369	0	0.388
10090.ENSMUSP00000022429	10090.ENSMUSP00000025804	Arf4	Rab1b	10090	0.624	0	0	0	0.078	0.101	0.5	0.199
10090.ENSMUSP00000022429	10090.ENSMUSP00000031355	Arf4	Uso1	10090	0.646	0	0	0	0.089	0.048	0.5	0.281
10090.ENSMUSP00000022429	10090.ENSMUSP00000071078	Arf4	Cope	10090	0.647	0	0	0	0.135	0.124	0.5	0.179
10090.ENSMUSP00000022429	10090.ENSMUSP00000029476	Arf4	Sec22b	10090	0.648	0	0	0	0.165	0.082	0.5	0.19
10090.ENSMUSP00000022429	10090.ENSMUSP00000097738	Arf4	Copz1	10090	0.7	0	0	0	0.194	0.182	0.5	0.198
10090.ENSMUSP00000022496	10090.ENSMUSP00000025218	Kpna3	Etf1	10090	0.404	0	0	0	0.266	0.222	0	0
10090.ENSMUSP00000022496	10090.ENSMUSP00000086701	Kpna3	Uba3	10090	0.419	0	0	0	0.367	0	0	0.12
10090.ENSMUSP00000022496	10090.ENSMUSP00000025486	Kpna3	Lmnb1	10090	0.419	0	0	0	0.079	0.119	0	0.341
10090.ENSMUSP00000022496	10090.ENSMUSP00000028278	Kpna3	Psmd14	10090	0.421	0	0	0	0.305	0.168	0	0.08
10090.ENSMUSP00000022496	10090.ENSMUSP00000028583	Kpna3	Lin7c	10090	0.421	0	0	0	0.418	0	0	0.046
10090.ENSMUSP00000022496	10090.ENSMUSP00000112104	Kpna3	Hnrnpk	10090	0.424	0	0	0	0.052	0.259	0	0.246
10090.ENSMUSP00000022496	10090.ENSMUSP00000031697	Kpna3	Cul1	10090	0.427	0	0	0	0.362	0.042	0	0.137
10090.ENSMUSP00000022496	10090.ENSMUSP00000081782	Kpna3	Ipo7	10090	0.546	0	0	0	0.151	0.115	0	0.444
10090.ENSMUSP00000022496	10090.ENSMUSP00000081142	Kpna3	Tardbp	10090	0.552	0	0	0	0.137	0.129	0	0.451
10090.ENSMUSP00000022496	10090.ENSMUSP00000036555	Kpna3	Ipo4	10090	0.555	0	0	0	0.108	0.175	0	0.443
10090.ENSMUSP00000022496	10090.ENSMUSP00000106090	Kpna3	Cops2	10090	0.621	0	0	0	0.621	0	0	0
10090.ENSMUSP00000022496	10090.ENSMUSP00000102724	Kpna3	Plaa	10090	0.705	0	0	0	0.694	0	0	0.077
10090.ENSMUSP00000022517	10090.ENSMUSP00000023760	Cryl1	Gpd1	10090	0.401	0.1	0	0	0.098	0	0	0.321
10090.ENSMUSP00000022517	10090.ENSMUSP00000130858	Cryl1	Tpi1	10090	0.403	0.044	0	0	0.069	0	0	0.384
10090.ENSMUSP00000022517	10090.ENSMUSP00000027810	Cryl1	Fh1	10090	0.414	0	0	0	0.091	0	0	0.382
10090.ENSMUSP00000022517	10090.ENSMUSP00000079628	Cryl1	Rps17	10090	0.441	0	0.419	0	0	0	0	0.078
10090.ENSMUSP00000022517	10090.ENSMUSP00000047218	Cryl1	Grhpr	10090	0.442	0.043	0	0	0.125	0	0	0.388
10090.ENSMUSP00000022517	10090.ENSMUSP00000028807	Cryl1	Ivd	10090	0.485	0.063	0	0	0.407	0	0	0.148
10090.ENSMUSP00000022517	10090.ENSMUSP00000106180	Cryl1	Sord	10090	0.521	0.054	0	0	0.126	0	0	0.467
10090.ENSMUSP00000022704	10090.ENSMUSP00000072428	Itm2b	Aplp2	10090	0.474	0	0	0	0.157	0	0	0.401
10090.ENSMUSP00000022704	10090.ENSMUSP00000137440	Itm2b	Canx	10090	0.501	0	0	0	0.059	0.065	0	0.479
10090.ENSMUSP00000022808	10090.ENSMUSP00000099757	Pabpn1	Rps8	10090	0.417	0	0	0	0.115	0.278	0	0.16
10090.ENSMUSP00000022808	10090.ENSMUSP00000099509	Pabpn1	Snrnp200	10090	0.426	0	0	0	0.242	0	0	0.274
10090.ENSMUSP00000022808	10090.ENSMUSP00000136858	Pabpn1	Prpf19	10090	0.429	0	0	0	0.321	0.059	0	0.178
10090.ENSMUSP00000022808	10090.ENSMUSP00000029803	Pabpn1	Eif4e	10090	0.436	0	0	0	0.09	0	0	0.405
10090.ENSMUSP00000022808	10090.ENSMUSP00000027438	Pabpn1	Ncl	10090	0.447	0	0	0	0.114	0.155	0	0.32
10090.ENSMUSP00000022808	10090.ENSMUSP00000098066	Pabpn1	Actb	10090	0.452	0	0	0	0.224	0.216	0	0.171
10090.ENSMUSP00000022808	10090.ENSMUSP00000032078	Pabpn1	Cct7	10090	0.474	0	0	0	0.429	0	0	0.115
10090.ENSMUSP00000022808	10090.ENSMUSP00000026520	Pabpn1	Paip1	10090	0.478	0	0	0	0.046	0.268	0	0.312
10090.ENSMUSP00000022808	10090.ENSMUSP00000039493	Pabpn1	Arglu1	10090	0.487	0	0	0	0.174	0.098	0	0.366
10090.ENSMUSP00000022808	10090.ENSMUSP00000133728	Pabpn1	Hnrnpl	10090	0.495	0	0	0	0.25	0.064	0	0.337
10090.ENSMUSP00000022808	10090.ENSMUSP00000078589	Pabpn1	Ybx1	10090	0.528	0	0	0	0.14	0.316	0	0.261
10090.ENSMUSP00000022808	10090.ENSMUSP00000043123	Pabpn1	Srrt	10090	0.531	0	0	0	0.217	0	0	0.426
10090.ENSMUSP00000022808	10090.ENSMUSP00000038964	Pabpn1	Rbm3	10090	0.535	0	0	0.29	0.099	0.15	0	0.246
10090.ENSMUSP00000022808	10090.ENSMUSP00000120115	Pabpn1	Hnrnpm	10090	0.539	0	0	0	0.217	0.297	0	0.229
10090.ENSMUSP00000022808	10090.ENSMUSP00000101858	Pabpn1	Fus	10090	0.585	0	0	0	0.327	0.092	0	0.375
10090.ENSMUSP00000022808	10090.ENSMUSP00000111120	Pabpn1	Eif4g1	10090	0.586	0	0	0	0.068	0.268	0	0.442
10090.ENSMUSP00000022808	10090.ENSMUSP00000112104	Pabpn1	Hnrnpk	10090	0.645	0	0	0	0.275	0	0	0.53
10090.ENSMUSP00000022808	10090.ENSMUSP00000133649	Pabpn1	Syncrip	10090	0.694	0	0	0	0.159	0.314	0	0.513
10090.ENSMUSP00000022808	10090.ENSMUSP00000026667	Pabpn1	Eif4a3	10090	0.718	0	0	0	0.246	0.413	0	0.415
10090.ENSMUSP00000022808	10090.ENSMUSP00000081142	Pabpn1	Tardbp	10090	0.781	0	0	0	0.262	0.299	0	0.61
10090.ENSMUSP00000022842	10090.ENSMUSP00000027438	Cct5	Ncl	10090	0.401	0	0	0	0.337	0	0	0.133
10090.ENSMUSP00000022842	10090.ENSMUSP00000086542	Cct5	Nsfl1c	10090	0.411	0	0	0	0.282	0	0	0.212
10090.ENSMUSP00000022842	10090.ENSMUSP00000038964	Cct5	Rbm3	10090	0.416	0	0	0	0.382	0.089	0	0.047
10090.ENSMUSP00000022842	10090.ENSMUSP00000131489	Cct5	Rpl14	10090	0.428	0	0	0	0.345	0	0	0.163
10090.ENSMUSP00000022842	10090.ENSMUSP00000084572	Cct5	Vars	10090	0.431	0.055	0	0	0.182	0.108	0	0.272
10090.ENSMUSP00000022842	10090.ENSMUSP00000028392	Cct5	Dnajc10	10090	0.433	0.08	0	0	0.277	0.114	0	0.151
10090.ENSMUSP00000022842	10090.ENSMUSP00000025955	Cct5	Eif3a	10090	0.436	0	0	0	0.326	0.06	0	0.181
10090.ENSMUSP00000022842	10090.ENSMUSP00000022925	Cct5	Eif3h	10090	0.437	0	0	0	0.412	0	0	0.081
10090.ENSMUSP00000022842	10090.ENSMUSP00000048153	Cct5	Rbmxl1	10090	0.438	0	0	0	0.382	0.089	0	0.081
10090.ENSMUSP00000022842	10090.ENSMUSP00000103940	Cct5	Rps16	10090	0.441	0	0	0	0.383	0.044	0	0.129
10090.ENSMUSP00000022842	10090.ENSMUSP00000132082	Cct5	Iars	10090	0.446	0.062	0	0	0.231	0.073	0	0.269
10090.ENSMUSP00000022842	10090.ENSMUSP00000027810	Cct5	Fh1	10090	0.453	0	0	0	0.361	0	0	0.179
10090.ENSMUSP00000022842	10090.ENSMUSP00000130858	Cct5	Tpi1	10090	0.454	0.044	0	0	0.205	0	0	0.339
10090.ENSMUSP00000022842	10090.ENSMUSP00000123700	Cct5	Hyou1	10090	0.467	0.044	0	0	0.276	0.124	0	0.224
10090.ENSMUSP00000022842	10090.ENSMUSP00000028517	Cct5	Ola1	10090	0.47	0	0	0	0.35	0	0	0.218
10090.ENSMUSP00000022842	10090.ENSMUSP00000052912	Cct5	Pdia6	10090	0.476	0	0	0	0.175	0.089	0	0.358
10090.ENSMUSP00000022842	10090.ENSMUSP00000022960	Cct5	Eif3e	10090	0.478	0	0	0	0.429	0	0	0.124
10090.ENSMUSP00000022842	10090.ENSMUSP00000099930	Cct5	Set	10090	0.482	0	0	0	0.298	0.292	0	0
10090.ENSMUSP00000022842	10090.ENSMUSP00000104068	Cct5	Rps19	10090	0.482	0	0	0	0.348	0.06	0	0.222
10090.ENSMUSP00000022842	10090.ENSMUSP00000098066	Cct5	Actb	10090	0.483	0	0	0	0.145	0.262	0	0.246
10090.ENSMUSP00000022842	10090.ENSMUSP00000047571	Cct5	Hnrnpu	10090	0.483	0	0	0	0.35	0	0	0.237
10090.ENSMUSP00000022842	10090.ENSMUSP00000052942	Cct5	Sugt1	10090	0.485	0	0	0	0.441	0	0	0.117
10090.ENSMUSP00000022842	10090.ENSMUSP00000147816	Cct5	Rpl18	10090	0.498	0	0	0	0.376	0	0	0.227
10090.ENSMUSP00000022842	10090.ENSMUSP00000066621	Cct5	Glrx3	10090	0.515	0	0	0	0.426	0.075	0	0.16
10090.ENSMUSP00000022842	10090.ENSMUSP00000144413	Cct5	Hsph1	10090	0.516	0.044	0	0	0.336	0.124	0	0.232
10090.ENSMUSP00000022842	10090.ENSMUSP00000025218	Cct5	Etf1	10090	0.526	0	0	0	0.479	0	0	0.128
10090.ENSMUSP00000022842	10090.ENSMUSP00000022849	Cct5	Tars	10090	0.529	0.043	0	0	0.378	0.102	0	0.221
10090.ENSMUSP00000022842	10090.ENSMUSP00000102870	Cct5	Rpl27	10090	0.531	0	0	0	0.436	0	0	0.202
10090.ENSMUSP00000022842	10090.ENSMUSP00000030769	Cct5	Psmc2	10090	0.534	0	0	0	0.431	0.078	0	0.183
10090.ENSMUSP00000022842	10090.ENSMUSP00000032824	Cct5	Psmc4	10090	0.541	0	0	0	0.422	0.1	0	0.188
10090.ENSMUSP00000022842	10090.ENSMUSP00000139480	Cct5	Eloc	10090	0.543	0	0	0	0.16	0	0	0.478
10090.ENSMUSP00000022842	10090.ENSMUSP00000099757	Cct5	Rps8	10090	0.545	0	0	0	0.518	0.085	0	0.053
10090.ENSMUSP00000022842	10090.ENSMUSP00000120528	Cct5	Rps20	10090	0.545	0	0	0	0.46	0.07	0	0.166
10090.ENSMUSP00000022842	10090.ENSMUSP00000039109	Cct5	Ppp1ca	10090	0.545	0	0.014	0	0.422	0.134	0	0.164
10090.ENSMUSP00000022842	10090.ENSMUSP00000029722	Cct5	Rps3a1	10090	0.546	0	0	0	0.528	0.06	0	0.059
10090.ENSMUSP00000022842	10090.ENSMUSP00000046557	Cct5	Gng12	10090	0.551	0	0	0	0.042	0	0.5	0.138
10090.ENSMUSP00000022842	10090.ENSMUSP00000026667	Cct5	Eif4a3	10090	0.555	0	0	0	0.506	0.078	0	0.102
10090.ENSMUSP00000022842	10090.ENSMUSP00000023684	Cct5	Gart	10090	0.561	0.063	0	0	0.456	0.095	0	0.161
10090.ENSMUSP00000022842	10090.ENSMUSP00000080302	Cct5	Pgk1	10090	0.561	0	0	0	0.412	0.057	0	0.271
10090.ENSMUSP00000022842	10090.ENSMUSP00000070993	Cct5	Ywhae	10090	0.563	0	0	0	0.435	0.061	0	0.241
10090.ENSMUSP00000022842	10090.ENSMUSP00000059395	Cct5	Eif2s3x	10090	0.563	0	0	0	0.518	0	0	0.13
10090.ENSMUSP00000022842	10090.ENSMUSP00000115044	Cct5	Sumo2	10090	0.59	0	0	0	0.567	0.094	0	0
10090.ENSMUSP00000022842	10090.ENSMUSP00000034138	Cct5	Dnaja2	10090	0.595	0.042	0	0	0.311	0.066	0	0.421
10090.ENSMUSP00000022842	10090.ENSMUSP00000083705	Cct5	Rplp0	10090	0.596	0	0	0	0.503	0.069	0	0.196
10090.ENSMUSP00000022842	10090.ENSMUSP00000129730	Cct5	Dnaja1	10090	0.617	0.042	0	0	0.32	0.066	0	0.445
10090.ENSMUSP00000022842	10090.ENSMUSP00000114434	Cct5	Pa2g4	10090	0.62	0.051	0	0	0.551	0	0	0.179
10090.ENSMUSP00000022842	10090.ENSMUSP00000025204	Cct5	Pfdn1	10090	0.639	0	0	0	0.207	0.534	0	0.102
10090.ENSMUSP00000022842	10090.ENSMUSP00000075067	Cct5	Npm1	10090	0.652	0	0	0	0.619	0.054	0	0.112
10090.ENSMUSP00000022842	10090.ENSMUSP00000028278	Cct5	Psmd14	10090	0.663	0	0	0	0.553	0.171	0	0.163
10090.ENSMUSP00000022842	10090.ENSMUSP00000032998	Cct5	Rps3	10090	0.67	0	0.011	0	0.504	0.118	0	0.306
10090.ENSMUSP00000022842	10090.ENSMUSP00000035105	Cct5	Rpsa	10090	0.68	0.052	0	0	0.569	0.123	0	0.213
10090.ENSMUSP00000022842	10090.ENSMUSP00000129178	Cct5	Pfdn5	10090	0.725	0	0	0	0.238	0.534	0	0.289
10090.ENSMUSP00000022842	10090.ENSMUSP00000042009	Cct5	Bag2	10090	0.732	0	0	0	0.065	0	0.72	0.06
10090.ENSMUSP00000022842	10090.ENSMUSP00000033673	Cct5	Nono	10090	0.759	0	0	0	0.73	0	0	0.141
10090.ENSMUSP00000022842	10090.ENSMUSP00000071054	Cct5	Psmc3	10090	0.762	0	0	0	0.709	0.1	0	0.163
10090.ENSMUSP00000022842	10090.ENSMUSP00000112104	Cct5	Hnrnpk	10090	0.781	0	0	0	0.743	0	0	0.183
10090.ENSMUSP00000022842	10090.ENSMUSP00000125415	Cct5	Mob4	10090	0.787	0	0	0	0.073	0.776	0	0.057
10090.ENSMUSP00000022842	10090.ENSMUSP00000050292	Cct5	Ptges3	10090	0.826	0	0	0	0.332	0	0.72	0.145
10090.ENSMUSP00000022842	10090.ENSMUSP00000130123	Cct5	Gnb1	10090	0.858	0	0	0	0.104	0.649	0.5	0.204
10090.ENSMUSP00000022842	10090.ENSMUSP00000091921	Cct5	Hsp90aa1	10090	0.875	0	0	0	0.65	0.125	0	0.626
10090.ENSMUSP00000022842	10090.ENSMUSP00000032165	Cct5	Ruvbl1	10090	0.909	0	0	0	0.545	0.093	0.72	0.306
10090.ENSMUSP00000022842	10090.ENSMUSP00000025918	Cct5	Stip1	10090	0.94	0	0	0	0.681	0.044	0.72	0.381
10090.ENSMUSP00000022842	10090.ENSMUSP00000116108	Cct5	Tcp1	10090	0.999	0	0	0.079	0.983	0.989	0.9	0.729
10090.ENSMUSP00000022842	10090.ENSMUSP00000032078	Cct5	Cct7	10090	0.999	0	0	0.086	0.986	0.984	0.9	0.989
10090.ENSMUSP00000022842	10090.ENSMUSP00000158738	Cct5	Cct6a	10090	0.999	0	0	0	0.789	0.901	0.9	0.974
10090.ENSMUSP00000022849	10090.ENSMUSP00000130858	Tars	Tpi1	10090	0.401	0.093	0	0	0.176	0.052	0	0.255
10090.ENSMUSP00000022849	10090.ENSMUSP00000075031	Tars	Gm10282	10090	0.41	0	0	0	0.088	0.302	0	0.148
10090.ENSMUSP00000022849	10090.ENSMUSP00000096777	Tars	Eif2s2	10090	0.415	0	0	0	0.294	0	0	0.206
10090.ENSMUSP00000022849	10090.ENSMUSP00000116108	Tars	Tcp1	10090	0.433	0.043	0	0	0.332	0.102	0	0.129
10090.ENSMUSP00000022849	10090.ENSMUSP00000080301	Tars	Zc3h15	10090	0.436	0	0	0	0.093	0	0	0.404
10090.ENSMUSP00000022849	10090.ENSMUSP00000023684	Tars	Gart	10090	0.443	0.096	0	0	0.265	0	0	0.228
10090.ENSMUSP00000022849	10090.ENSMUSP00000103940	Tars	Rps16	10090	0.451	0	0	0	0.157	0.303	0	0.141
10090.ENSMUSP00000022849	10090.ENSMUSP00000032078	Tars	Cct7	10090	0.459	0.043	0	0	0.369	0.102	0	0.12
10090.ENSMUSP00000022849	10090.ENSMUSP00000066621	Tars	Glrx3	10090	0.496	0	0	0	0.145	0.273	0	0.255
10090.ENSMUSP00000022849	10090.ENSMUSP00000120528	Tars	Rps20	10090	0.518	0	0	0	0.211	0.402	0	0.062
10090.ENSMUSP00000022849	10090.ENSMUSP00000126294	Tars	Rps13	10090	0.526	0.075	0	0	0.053	0.419	0	0.179
10090.ENSMUSP00000022849	10090.ENSMUSP00000035105	Tars	Rpsa	10090	0.532	0.042	0	0	0.127	0.295	0	0.3
10090.ENSMUSP00000022849	10090.ENSMUSP00000029803	Tars	Eif4e	10090	0.563	0	0	0	0.147	0	0	0.508
10090.ENSMUSP00000022849	10090.ENSMUSP00000157948	Tars	Rps14	10090	0.577	0	0	0	0.186	0.349	0	0.266
10090.ENSMUSP00000022849	10090.ENSMUSP00000028517	Tars	Ola1	10090	0.635	0.078	0	0	0.215	0	0	0.536
10090.ENSMUSP00000022849	10090.ENSMUSP00000084572	Tars	Vars	10090	0.899	0.099	0	0	0.447	0	0	0.814
10090.ENSMUSP00000022849	10090.ENSMUSP00000132082	Tars	Iars	10090	0.925	0.074	0	0	0.603	0.17	0	0.783
10090.ENSMUSP00000022904	10090.ENSMUSP00000034131	Atp6v1c1	Vps35	10090	0.413	0	0	0	0.17	0.242	0	0.142
10090.ENSMUSP00000022904	10090.ENSMUSP00000032440	Atp6v1c1	Sec13	10090	0.53	0	0	0	0.088	0	0.5	0.053
10090.ENSMUSP00000022904	10090.ENSMUSP00000033241	Atp6v1c1	Lhpp	10090	0.668	0	0	0	0.056	0	0.65	0.078
10090.ENSMUSP00000022904	10090.ENSMUSP00000101006	Atp6v1c1	Atp5d	10090	0.775	0	0	0	0.064	0	0.72	0.212
10090.ENSMUSP00000022904	10090.ENSMUSP00000048770	Atp6v1c1	Atp6v1g1	10090	0.99	0	0	0	0.353	0.832	0.72	0.719
10090.ENSMUSP00000022925	10090.ENSMUSP00000118787	Eif3h	Rpl22	10090	0.424	0	0	0	0.401	0	0	0.078
10090.ENSMUSP00000022925	10090.ENSMUSP00000048416	Eif3h	Cops4	10090	0.432	0	0	0	0.142	0.093	0	0.328
10090.ENSMUSP00000022925	10090.ENSMUSP00000076505	Eif3h	Ext1	10090	0.434	0	0	0	0.066	0	0	0.418
10090.ENSMUSP00000022925	10090.ENSMUSP00000034311	Eif3h	Lsm4	10090	0.435	0	0	0	0.145	0	0	0.367
10090.ENSMUSP00000022925	10090.ENSMUSP00000075067	Eif3h	Npm1	10090	0.441	0	0	0	0.215	0.223	0	0.157
10090.ENSMUSP00000022925	10090.ENSMUSP00000048153	Eif3h	Rbmxl1	10090	0.459	0	0	0	0.122	0.196	0	0.296
10090.ENSMUSP00000022925	10090.ENSMUSP00000035884	Eif3h	Cops8	10090	0.503	0	0	0	0.073	0.075	0	0.468
10090.ENSMUSP00000022925	10090.ENSMUSP00000045284	Eif3h	Uqcrfs1	10090	0.512	0	0	0	0.058	0	0	0.504
10090.ENSMUSP00000022925	10090.ENSMUSP00000083705	Eif3h	Rplp0	10090	0.515	0	0	0	0.406	0.218	0	0
10090.ENSMUSP00000022925	10090.ENSMUSP00000038964	Eif3h	Rbm3	10090	0.539	0	0	0	0.343	0.196	0	0.197
10090.ENSMUSP00000022925	10090.ENSMUSP00000026520	Eif3h	Paip1	10090	0.595	0	0	0	0.077	0.426	0	0.297
10090.ENSMUSP00000022925	10090.ENSMUSP00000143910	Eif3h	Eif4h	10090	0.626	0	0	0	0.176	0.424	0	0.275
10090.ENSMUSP00000022925	10090.ENSMUSP00000029803	Eif3h	Eif4e	10090	0.633	0	0	0	0.102	0.103	0	0.581
10090.ENSMUSP00000022925	10090.ENSMUSP00000079628	Eif3h	Rps17	10090	0.727	0	0	0	0.388	0.534	0	0.122
10090.ENSMUSP00000022925	10090.ENSMUSP00000028278	Eif3h	Psmd14	10090	0.731	0	0	0	0.248	0.422	0	0.431
10090.ENSMUSP00000022925	10090.ENSMUSP00000027050	Eif3h	Cops5	10090	0.734	0	0	0	0.218	0.422	0	0.459
10090.ENSMUSP00000022925	10090.ENSMUSP00000111120	Eif3h	Eif4g1	10090	0.783	0	0	0	0.091	0.653	0	0.368
10090.ENSMUSP00000022925	10090.ENSMUSP00000084387	Eif3h	Eif1ax	10090	0.801	0	0	0	0.153	0.305	0.65	0.148
10090.ENSMUSP00000022925	10090.ENSMUSP00000120528	Eif3h	Rps20	10090	0.839	0	0	0	0.347	0.763	0	0.047
10090.ENSMUSP00000022925	10090.ENSMUSP00000157948	Eif3h	Rps14	10090	0.846	0	0	0	0.347	0.757	0	0.107
10090.ENSMUSP00000022925	10090.ENSMUSP00000147816	Eif3h	Rpl18	10090	0.85	0	0	0	0.669	0	0.54	0.094
10090.ENSMUSP00000022925	10090.ENSMUSP00000127774	Eif3h	Eif4b	10090	0.854	0	0	0	0.22	0.549	0	0.62
10090.ENSMUSP00000022925	10090.ENSMUSP00000103940	Eif3h	Rps16	10090	0.86	0	0	0	0.303	0.767	0	0.207
10090.ENSMUSP00000022925	10090.ENSMUSP00000035105	Eif3h	Rpsa	10090	0.863	0	0	0	0.341	0.757	0	0.213
10090.ENSMUSP00000022925	10090.ENSMUSP00000029722	Eif3h	Rps3a1	10090	0.872	0	0	0	0.432	0.751	0	0.168
10090.ENSMUSP00000022925	10090.ENSMUSP00000059395	Eif3h	Eif2s3x	10090	0.885	0	0	0	0.218	0.551	0.65	0.177
10090.ENSMUSP00000022925	10090.ENSMUSP00000104068	Eif3h	Rps19	10090	0.889	0	0	0	0.349	0.778	0	0.294
10090.ENSMUSP00000022925	10090.ENSMUSP00000032998	Eif3h	Rps3	10090	0.901	0	0	0	0.559	0.762	0	0.133
10090.ENSMUSP00000022925	10090.ENSMUSP00000096777	Eif3h	Eif2s2	10090	0.903	0	0	0	0.23	0.534	0.65	0.324
10090.ENSMUSP00000022925	10090.ENSMUSP00000134615	Eif3h	Rps28	10090	0.904	0	0	0	0.195	0.762	0.54	0.044
10090.ENSMUSP00000022925	10090.ENSMUSP00000079180	Eif3h	Rps25	10090	0.912	0	0	0	0.543	0.759	0	0.269
10090.ENSMUSP00000022925	10090.ENSMUSP00000058432	Eif3h	Rps21	10090	0.916	0	0	0	0.303	0.759	0.54	0
10090.ENSMUSP00000022925	10090.ENSMUSP00000126294	Eif3h	Rps13	10090	0.917	0	0	0	0.625	0.762	0	0.15
10090.ENSMUSP00000022925	10090.ENSMUSP00000099757	Eif3h	Rps8	10090	0.929	0	0	0	0.613	0.759	0	0.307
10090.ENSMUSP00000022925	10090.ENSMUSP00000022960	Eif3h	Eif3e	10090	0.999	0	0	0	0.92	0.984	0.9	0.975
10090.ENSMUSP00000022925	10090.ENSMUSP00000025955	Eif3h	Eif3a	10090	0.999	0	0	0	0.142	0.989	0.9	0.903
10090.ENSMUSP00000022960	10090.ENSMUSP00000146474	Eif3e	Nap1l4	10090	0.4	0	0	0	0.116	0.138	0	0.275
10090.ENSMUSP00000022960	10090.ENSMUSP00000132082	Eif3e	Iars	10090	0.401	0	0	0	0.236	0	0	0.248
10090.ENSMUSP00000022960	10090.ENSMUSP00000025218	Eif3e	Etf1	10090	0.401	0	0	0	0.227	0	0	0.256
10090.ENSMUSP00000022960	10090.ENSMUSP00000027438	Eif3e	Ncl	10090	0.401	0	0	0	0.256	0	0	0.227
10090.ENSMUSP00000022960	10090.ENSMUSP00000131489	Eif3e	Rpl14	10090	0.41	0	0	0	0.311	0	0	0.179
10090.ENSMUSP00000022960	10090.ENSMUSP00000038964	Eif3e	Rbm3	10090	0.411	0	0	0	0.237	0.236	0	0.071
10090.ENSMUSP00000022960	10090.ENSMUSP00000028517	Eif3e	Ola1	10090	0.417	0	0	0	0.31	0	0	0.188
10090.ENSMUSP00000022960	10090.ENSMUSP00000034369	Eif3e	Psmb10	10090	0.425	0	0	0	0.068	0	0	0.409
10090.ENSMUSP00000022960	10090.ENSMUSP00000030769	Eif3e	Psmc2	10090	0.429	0	0	0	0.234	0.065	0	0.266
10090.ENSMUSP00000022960	10090.ENSMUSP00000102870	Eif3e	Rpl27	10090	0.43	0	0	0	0.33	0	0	0.183
10090.ENSMUSP00000022960	10090.ENSMUSP00000081782	Eif3e	Ipo7	10090	0.44	0	0	0	0.09	0.35	0	0.13
10090.ENSMUSP00000022960	10090.ENSMUSP00000099561	Eif3e	Mrto4	10090	0.446	0	0	0	0.303	0	0	0.239
10090.ENSMUSP00000022960	10090.ENSMUSP00000026667	Eif3e	Eif4a3	10090	0.463	0	0	0	0.184	0.165	0	0.275
10090.ENSMUSP00000022960	10090.ENSMUSP00000133649	Eif3e	Syncrip	10090	0.466	0	0	0	0.177	0.283	0	0.169
10090.ENSMUSP00000022960	10090.ENSMUSP00000120115	Eif3e	Hnrnpm	10090	0.489	0	0	0	0.119	0	0	0.443
10090.ENSMUSP00000022960	10090.ENSMUSP00000118787	Eif3e	Rpl22	10090	0.494	0	0	0	0.394	0	0	0.2
10090.ENSMUSP00000022960	10090.ENSMUSP00000147816	Eif3e	Rpl18	10090	0.494	0	0	0	0.323	0	0	0.283
10090.ENSMUSP00000022960	10090.ENSMUSP00000028083	Eif3e	Psmb7	10090	0.5	0	0	0	0.189	0	0	0.409
10090.ENSMUSP00000022960	10090.ENSMUSP00000116108	Eif3e	Tcp1	10090	0.531	0	0	0	0.466	0	0	0.157
10090.ENSMUSP00000022960	10090.ENSMUSP00000075067	Eif3e	Npm1	10090	0.561	0	0	0	0.431	0.118	0	0.195
10090.ENSMUSP00000022960	10090.ENSMUSP00000035884	Eif3e	Cops8	10090	0.584	0	0	0	0.08	0.207	0	0.476
10090.ENSMUSP00000022960	10090.ENSMUSP00000048416	Eif3e	Cops4	10090	0.595	0	0	0	0.146	0	0	0.545
10090.ENSMUSP00000022960	10090.ENSMUSP00000143910	Eif3e	Eif4h	10090	0.661	0	0	0	0.132	0.416	0	0.385
10090.ENSMUSP00000022960	10090.ENSMUSP00000083705	Eif3e	Rplp0	10090	0.672	0	0	0	0.529	0	0	0.331
10090.ENSMUSP00000022960	10090.ENSMUSP00000026520	Eif3e	Paip1	10090	0.693	0	0	0	0.048	0.408	0	0.499
10090.ENSMUSP00000022960	10090.ENSMUSP00000028278	Eif3e	Psmd14	10090	0.696	0	0	0	0.304	0.435	0	0.289
10090.ENSMUSP00000022960	10090.ENSMUSP00000079628	Eif3e	Rps17	10090	0.699	0	0	0	0.286	0.534	0	0.169
10090.ENSMUSP00000022960	10090.ENSMUSP00000027050	Eif3e	Cops5	10090	0.723	0	0	0	0.19	0.435	0	0.444
10090.ENSMUSP00000022960	10090.ENSMUSP00000029803	Eif3e	Eif4e	10090	0.766	0	0	0	0.09	0.073	0	0.745
10090.ENSMUSP00000022960	10090.ENSMUSP00000127774	Eif3e	Eif4b	10090	0.801	0	0	0	0.212	0.534	0	0.501
10090.ENSMUSP00000022960	10090.ENSMUSP00000084387	Eif3e	Eif1ax	10090	0.836	0	0	0	0.263	0.413	0.65	0.048
10090.ENSMUSP00000022960	10090.ENSMUSP00000111120	Eif3e	Eif4g1	10090	0.837	0	0	0	0.052	0.579	0	0.625
10090.ENSMUSP00000022960	10090.ENSMUSP00000157948	Eif3e	Rps14	10090	0.86	0	0	0	0.258	0.766	0	0.26
10090.ENSMUSP00000022960	10090.ENSMUSP00000126294	Eif3e	Rps13	10090	0.865	0	0	0	0.322	0.766	0	0.219
10090.ENSMUSP00000022960	10090.ENSMUSP00000058432	Eif3e	Rps21	10090	0.871	0	0	0	0.194	0.83	0	0.135
10090.ENSMUSP00000022960	10090.ENSMUSP00000134615	Eif3e	Rps28	10090	0.888	0	0	0	0.23	0.832	0	0.208
10090.ENSMUSP00000022960	10090.ENSMUSP00000120528	Eif3e	Rps20	10090	0.905	0	0	0	0.363	0.835	0	0.171
10090.ENSMUSP00000022960	10090.ENSMUSP00000035105	Eif3e	Rpsa	10090	0.917	0	0	0	0.47	0.766	0	0.391
10090.ENSMUSP00000022960	10090.ENSMUSP00000103940	Eif3e	Rps16	10090	0.918	0	0	0	0.317	0.867	0	0.176
10090.ENSMUSP00000022960	10090.ENSMUSP00000079180	Eif3e	Rps25	10090	0.934	0	0	0	0.401	0.859	0	0.284
10090.ENSMUSP00000022960	10090.ENSMUSP00000104068	Eif3e	Rps19	10090	0.936	0	0	0	0.357	0.862	0	0.334
10090.ENSMUSP00000022960	10090.ENSMUSP00000099757	Eif3e	Rps8	10090	0.94	0	0	0	0.406	0.859	0	0.342
10090.ENSMUSP00000022960	10090.ENSMUSP00000029722	Eif3e	Rps3a1	10090	0.958	0	0	0	0.661	0.838	0	0.309
10090.ENSMUSP00000022960	10090.ENSMUSP00000032998	Eif3e	Rps3	10090	0.966	0	0	0	0.643	0.862	0	0.38
10090.ENSMUSP00000022960	10090.ENSMUSP00000059395	Eif3e	Eif2s3x	10090	0.967	0	0	0	0.546	0.76	0.65	0.255
10090.ENSMUSP00000022960	10090.ENSMUSP00000096777	Eif3e	Eif2s2	10090	0.974	0	0	0	0.268	0.822	0.65	0.503
10090.ENSMUSP00000022960	10090.ENSMUSP00000025955	Eif3e	Eif3a	10090	0.999	0	0	0	0.324	0.989	0.9	0.876
10090.ENSMUSP00000023088	10090.ENSMUSP00000130660	Naga	Gba	10090	0.484	0	0	0	0.179	0	0	0.396
10090.ENSMUSP00000023088	10090.ENSMUSP00000030434	Naga	Fuca1	10090	0.578	0	0	0	0.16	0	0	0.518
10090.ENSMUSP00000023116	10090.ENSMUSP00000064755	Aco2	Phgdh	10090	0.4	0.061	0	0	0.084	0.097	0	0.318
10090.ENSMUSP00000023116	10090.ENSMUSP00000063548	Aco2	Abat	10090	0.404	0	0	0	0.074	0.103	0	0.339
10090.ENSMUSP00000023116	10090.ENSMUSP00000066621	Aco2	Glrx3	10090	0.41	0	0	0	0.093	0	0	0.376
10090.ENSMUSP00000023116	10090.ENSMUSP00000025904	Aco2	Prdx5	10090	0.411	0	0	0	0.108	0.055	0	0.358
10090.ENSMUSP00000023116	10090.ENSMUSP00000157948	Aco2	Rps14	10090	0.414	0	0	0	0.091	0.382	0	0
10090.ENSMUSP00000023116	10090.ENSMUSP00000117509	Aco2	Gpd1l	10090	0.422	0.094	0	0	0.058	0.102	0	0.334
10090.ENSMUSP00000023116	10090.ENSMUSP00000023760	Aco2	Gpd1	10090	0.429	0.094	0	0	0.223	0.102	0	0.204
10090.ENSMUSP00000023116	10090.ENSMUSP00000038961	Aco2	Gm11273	10090	0.434	0	0	0	0.067	0	0	0.418
10090.ENSMUSP00000023116	10090.ENSMUSP00000133302	Aco2	Apoe	10090	0.436	0	0	0	0.047	0	0	0.432
10090.ENSMUSP00000023116	10090.ENSMUSP00000106180	Aco2	Sord	10090	0.447	0	0	0	0.07	0	0	0.429
10090.ENSMUSP00000023116	10090.ENSMUSP00000028807	Aco2	Ivd	10090	0.448	0	0	0	0.212	0	0	0.328
10090.ENSMUSP00000023116	10090.ENSMUSP00000103940	Aco2	Rps16	10090	0.45	0	0	0	0.08	0.384	0	0.107
10090.ENSMUSP00000023116	10090.ENSMUSP00000076575	Aco2	Hmbs	10090	0.451	0	0	0	0.098	0	0	0.415
10090.ENSMUSP00000023116	10090.ENSMUSP00000035105	Aco2	Rpsa	10090	0.467	0	0	0	0.075	0.369	0	0.16
10090.ENSMUSP00000023116	10090.ENSMUSP00000090564	Aco2	Fbp1	10090	0.482	0	0	0	0	0	0	0.482
10090.ENSMUSP00000023116	10090.ENSMUSP00000030332	Aco2	Gpx7	10090	0.489	0	0	0	0.049	0	0	0.484
10090.ENSMUSP00000023116	10090.ENSMUSP00000126294	Aco2	Rps13	10090	0.508	0	0	0	0.109	0.413	0	0.135
10090.ENSMUSP00000023116	10090.ENSMUSP00000026625	Aco2	Clybl	10090	0.518	0	0	0	0.068	0.295	0	0.325
10090.ENSMUSP00000023116	10090.ENSMUSP00000120528	Aco2	Rps20	10090	0.534	0	0	0	0.091	0.427	0	0.177
10090.ENSMUSP00000023116	10090.ENSMUSP00000124579	Aco2	Asl	10090	0.557	0.112	0	0	0.066	0	0	0.509
10090.ENSMUSP00000023116	10090.ENSMUSP00000029610	Aco2	Hadh	10090	0.559	0	0	0	0.161	0	0	0.496
10090.ENSMUSP00000023116	10090.ENSMUSP00000023684	Aco2	Gart	10090	0.59	0.12	0	0	0.073	0	0	0.538
10090.ENSMUSP00000023116	10090.ENSMUSP00000023707	Aco2	Sod1	10090	0.609	0	0	0	0.113	0.136	0	0.53
10090.ENSMUSP00000023116	10090.ENSMUSP00000066181	Aco2	Immt	10090	0.613	0	0	0	0.377	0.1	0	0.364
10090.ENSMUSP00000023116	10090.ENSMUSP00000081141	Aco2	Pgd	10090	0.617	0	0	0	0.104	0.051	0	0.585
10090.ENSMUSP00000023116	10090.ENSMUSP00000080302	Aco2	Pgk1	10090	0.644	0	0	0	0.132	0	0	0.606
10090.ENSMUSP00000023116	10090.ENSMUSP00000030830	Aco2	H6pd	10090	0.688	0.067	0	0	0.069	0.051	0	0.666
10090.ENSMUSP00000023116	10090.ENSMUSP00000028430	Aco2	Cyct	10090	0.708	0	0	0	0.251	0.058	0	0.619
10090.ENSMUSP00000023116	10090.ENSMUSP00000026576	Aco2	Taldo1	10090	0.719	0	0	0	0.176	0.099	0	0.652
10090.ENSMUSP00000023116	10090.ENSMUSP00000101006	Aco2	Atp5d	10090	0.74	0.062	0	0	0.56	0.305	0	0.201
10090.ENSMUSP00000023116	10090.ENSMUSP00000045284	Aco2	Uqcrfs1	10090	0.744	0	0	0	0.393	0.304	0	0.443
10090.ENSMUSP00000023116	10090.ENSMUSP00000099938	Aco2	Mdh1	10090	0.751	0.062	0	0	0.298	0.067	0	0.642
10090.ENSMUSP00000023116	10090.ENSMUSP00000079628	Aco2	Rps17	10090	0.784	0	0	0	0.079	0.765	0	0.085
10090.ENSMUSP00000023116	10090.ENSMUSP00000113637	Aco2	Nfu1	10090	0.808	0	0	0	0.297	0.093	0	0.722
10090.ENSMUSP00000023116	10090.ENSMUSP00000130858	Aco2	Tpi1	10090	0.813	0.045	0	0	0.214	0.13	0	0.747
10090.ENSMUSP00000023116	10090.ENSMUSP00000106481	Aco2	Dld	10090	0.85	0	0	0	0.272	0.287	0	0.735
10090.ENSMUSP00000023116	10090.ENSMUSP00000045606	Aco2	Hibch	10090	0.858	0	0	0	0.12	0.805	0	0.239
10090.ENSMUSP00000023116	10090.ENSMUSP00000123765	Aco2	Sucla2	10090	0.869	0.092	0	0	0.203	0.314	0	0.767
10090.ENSMUSP00000023116	10090.ENSMUSP00000121557	Aco2	Ndufv2	10090	0.876	0	0	0	0.421	0.306	0	0.716
10090.ENSMUSP00000023116	10090.ENSMUSP00000060346	Aco2	Dlst	10090	0.941	0	0	0	0.772	0.287	0	0.667
10090.ENSMUSP00000023116	10090.ENSMUSP00000027810	Aco2	Fh1	10090	0.942	0.119	0	0	0.488	0.359	0	0.824
10090.ENSMUSP00000023432	10090.ENSMUSP00000034226	Nit2	Fam192a	10090	0.441	0	0	0	0.044	0	0	0.439
10090.ENSMUSP00000023432	10090.ENSMUSP00000101825	Nit2	Kyat3	10090	0.448	0.062	0	0	0.209	0	0	0.315
10090.ENSMUSP00000023432	10090.ENSMUSP00000047218	Nit2	Grhpr	10090	0.464	0.066	0	0	0.199	0	0	0.341
10090.ENSMUSP00000023432	10090.ENSMUSP00000131514	Nit2	Isoc2a	10090	0.562	0.071	0	0	0	0.05	0	0.544
10090.ENSMUSP00000023432	10090.ENSMUSP00000099938	Nit2	Mdh1	10090	0.818	0.056	0	0	0.059	0	0.8	0.098
10090.ENSMUSP00000023538	10090.ENSMUSP00000114434	Mylk	Pa2g4	10090	0.404	0	0	0	0.199	0.259	0	0.077
10090.ENSMUSP00000023538	10090.ENSMUSP00000031697	Mylk	Cul1	10090	0.416	0	0	0	0	0.041	0	0.417
10090.ENSMUSP00000023538	10090.ENSMUSP00000131406	Mylk	Ppp1r12b	10090	0.442	0	0	0	0.058	0.077	0	0.409
10090.ENSMUSP00000023538	10090.ENSMUSP00000064719	Mylk	Efemp2	10090	0.486	0	0	0	0.047	0.082	0	0.46
10090.ENSMUSP00000023538	10090.ENSMUSP00000052020	Mylk	Flnb	10090	0.572	0	0	0	0.046	0.198	0	0.485
10090.ENSMUSP00000023538	10090.ENSMUSP00000030187	Mylk	Tln1	10090	0.625	0	0	0	0.071	0.055	0.5	0.247
10090.ENSMUSP00000023538	10090.ENSMUSP00000099368	Mylk	Cttn	10090	0.664	0	0	0	0	0.252	0	0.569
10090.ENSMUSP00000023538	10090.ENSMUSP00000113978	Mylk	Tpm3	10090	0.741	0	0	0	0.069	0.052	0.5	0.483
10090.ENSMUSP00000023538	10090.ENSMUSP00000042364	Mylk	Myl12b	10090	0.935	0	0	0	0.055	0.123	0.9	0.316
10090.ENSMUSP00000023538	10090.ENSMUSP00000155052	Mylk	Myh11	10090	0.96	0	0	0	0.587	0.098	0.5	0.812
10090.ENSMUSP00000023538	10090.ENSMUSP00000085913	Mylk	Myl9	10090	0.986	0	0	0	0.427	0.123	0.9	0.762
10090.ENSMUSP00000023601	10090.ENSMUSP00000149505	St6gal1	Siae	10090	0.422	0	0	0	0.051	0	0	0.416
10090.ENSMUSP00000023601	10090.ENSMUSP00000087457	St6gal1	Itgb1	10090	0.429	0	0	0	0.102	0	0	0.391
10090.ENSMUSP00000023601	10090.ENSMUSP00000152220	St6gal1	Eipr1	10090	0.432	0	0	0	0	0	0	0.432
10090.ENSMUSP00000023601	10090.ENSMUSP00000118169	St6gal1	Lgals3	10090	0.447	0	0	0	0	0	0	0.447
10090.ENSMUSP00000023601	10090.ENSMUSP00000057905	St6gal1	Mgat2	10090	0.455	0	0	0	0	0	0	0.455
10090.ENSMUSP00000023601	10090.ENSMUSP00000132142	St6gal1	Galnt1	10090	0.471	0	0	0	0.044	0	0	0.469
10090.ENSMUSP00000023601	10090.ENSMUSP00000030121	St6gal1	B4galt1	10090	0.991	0	0	0	0.049	0	0.9	0.919
10090.ENSMUSP00000023610	10090.ENSMUSP00000107760	Adamts1	Pzp	10090	0.401	0	0	0	0	0.075	0	0.38
10090.ENSMUSP00000023610	10090.ENSMUSP00000032203	Adamts1	A2m	10090	0.404	0	0	0	0.049	0.075	0	0.377
10090.ENSMUSP00000023610	10090.ENSMUSP00000033941	Adamts1	Plat	10090	0.452	0	0	0	0.169	0	0	0.368
10090.ENSMUSP00000023610	10090.ENSMUSP00000101049	Adamts1	Col18a1	10090	0.467	0	0	0	0.074	0	0	0.448
10090.ENSMUSP00000023610	10090.ENSMUSP00000099087	Adamts1	Adam17	10090	0.512	0	0	0	0	0	0	0.512
10090.ENSMUSP00000023610	10090.ENSMUSP00000110999	Adamts1	Timp1	10090	0.806	0	0	0	0.082	0.042	0	0.797
10090.ENSMUSP00000023610	10090.ENSMUSP00000105173	Adamts1	Vcan	10090	0.836	0	0	0	0.071	0	0	0.831
10090.ENSMUSP00000023610	10090.ENSMUSP00000054583	Adamts1	Fbln1	10090	0.889	0	0	0	0.074	0	0	0.886
10090.ENSMUSP00000023684	10090.ENSMUSP00000086796	Gart	Pdxp	10090	0.401	0.119	0	0	0.124	0	0	0.286
10090.ENSMUSP00000023684	10090.ENSMUSP00000129178	Gart	Pfdn5	10090	0.404	0.041	0	0	0.113	0	0	0.356
10090.ENSMUSP00000023684	10090.ENSMUSP00000158738	Gart	Cct6a	10090	0.404	0.063	0	0	0.261	0.095	0	0.161
10090.ENSMUSP00000023684	10090.ENSMUSP00000061851	Gart	Ahcy	10090	0.41	0	0	0	0.156	0	0	0.329
10090.ENSMUSP00000023684	10090.ENSMUSP00000028517	Gart	Ola1	10090	0.411	0.346	0	0	0.137	0	0	0
10090.ENSMUSP00000023684	10090.ENSMUSP00000146474	Gart	Nap1l4	10090	0.413	0	0	0	0.396	0	0	0.068
10090.ENSMUSP00000023684	10090.ENSMUSP00000103940	Gart	Rps16	10090	0.417	0	0	0	0.4	0	0	0.068
10090.ENSMUSP00000023684	10090.ENSMUSP00000147816	Gart	Rpl18	10090	0.418	0	0	0	0.396	0	0	0.076
10090.ENSMUSP00000023684	10090.ENSMUSP00000063548	Gart	Abat	10090	0.426	0	0	0	0.126	0	0	0.371
10090.ENSMUSP00000023684	10090.ENSMUSP00000027973	Gart	Sephs1	10090	0.426	0.071	0	0	0.233	0.251	0	0.053
10090.ENSMUSP00000023684	10090.ENSMUSP00000034723	Gart	Aldh1a2	10090	0.427	0.062	0	0	0.066	0	0	0.399
10090.ENSMUSP00000023684	10090.ENSMUSP00000099368	Gart	Cttn	10090	0.43	0.062	0	0	0.082	0	0	0.391
10090.ENSMUSP00000023684	10090.ENSMUSP00000123866	Gart	Pcmt1	10090	0.436	0.089	0	0	0	0	0	0.406
10090.ENSMUSP00000023684	10090.ENSMUSP00000091921	Gart	Hsp90aa1	10090	0.446	0.119	0	0	0.122	0.051	0	0.334
10090.ENSMUSP00000023684	10090.ENSMUSP00000099938	Gart	Mdh1	10090	0.45	0.162	0	0	0.083	0	0	0.342
10090.ENSMUSP00000023684	10090.ENSMUSP00000028392	Gart	Dnajc10	10090	0.459	0.306	0	0	0.084	0.05	0	0.21
10090.ENSMUSP00000023684	10090.ENSMUSP00000026576	Gart	Taldo1	10090	0.479	0.302	0	0	0	0	0	0.284
10090.ENSMUSP00000023684	10090.ENSMUSP00000128278	Gart	Iqgap1	10090	0.48	0	0	0	0	0	0	0.48
10090.ENSMUSP00000023684	10090.ENSMUSP00000033098	Gart	Bcat2	10090	0.482	0.066	0	0	0.053	0	0	0.462
10090.ENSMUSP00000023684	10090.ENSMUSP00000064755	Gart	Phgdh	10090	0.486	0.102	0	0	0.239	0	0	0.307
10090.ENSMUSP00000023684	10090.ENSMUSP00000061092	Gart	Mtap	10090	0.488	0.089	0	0	0.192	0	0	0.36
10090.ENSMUSP00000023684	10090.ENSMUSP00000029708	Gart	Naxe	10090	0.493	0.299	0	0	0.117	0	0	0.248
10090.ENSMUSP00000023684	10090.ENSMUSP00000120528	Gart	Rps20	10090	0.499	0	0	0	0.404	0	0	0.193
10090.ENSMUSP00000023684	10090.ENSMUSP00000027810	Gart	Fh1	10090	0.502	0.326	0	0	0.132	0	0	0.217
10090.ENSMUSP00000023684	10090.ENSMUSP00000027777	Gart	Parp1	10090	0.512	0	0	0	0.462	0	0	0.131
10090.ENSMUSP00000023684	10090.ENSMUSP00000131489	Gart	Rpl14	10090	0.516	0	0	0	0.512	0	0	0.048
10090.ENSMUSP00000023684	10090.ENSMUSP00000080302	Gart	Pgk1	10090	0.518	0	0	0	0.07	0	0	0.503
10090.ENSMUSP00000023684	10090.ENSMUSP00000124579	Gart	Asl	10090	0.518	0.119	0	0	0.079	0	0	0.454
10090.ENSMUSP00000023684	10090.ENSMUSP00000025439	Gart	Me2	10090	0.519	0.116	0	0	0.237	0	0	0.344
10090.ENSMUSP00000023684	10090.ENSMUSP00000032078	Gart	Cct7	10090	0.521	0.063	0	0	0.406	0.095	0	0.161
10090.ENSMUSP00000023684	10090.ENSMUSP00000034570	Gart	Pts	10090	0.528	0.202	0	0	0	0	0	0.433
10090.ENSMUSP00000023684	10090.ENSMUSP00000124423	Gart	Thnsl2	10090	0.532	0.044	0	0	0.077	0	0	0.513
10090.ENSMUSP00000023684	10090.ENSMUSP00000065337	Gart	Asna1	10090	0.539	0	0	0	0.079	0	0	0.52
10090.ENSMUSP00000023684	10090.ENSMUSP00000058432	Gart	Rps21	10090	0.54	0	0	0	0.394	0	0	0.271
10090.ENSMUSP00000023684	10090.ENSMUSP00000031971	Gart	Ssbp1	10090	0.548	0.319	0	0	0.061	0	0	0.35
10090.ENSMUSP00000023684	10090.ENSMUSP00000101006	Gart	Atp5d	10090	0.559	0.047	0	0	0.051	0	0	0.551
10090.ENSMUSP00000023684	10090.ENSMUSP00000035105	Gart	Rpsa	10090	0.569	0.091	0	0	0.501	0	0	0.125
10090.ENSMUSP00000023684	10090.ENSMUSP00000106481	Gart	Dld	10090	0.57	0.091	0	0	0.059	0	0	0.538
10090.ENSMUSP00000023684	10090.ENSMUSP00000068479	Gart	Ak1	10090	0.578	0.055	0	0	0.079	0	0	0.554
10090.ENSMUSP00000023684	10090.ENSMUSP00000084882	Gart	Gda	10090	0.579	0.077	0	0	0.094	0	0	0.538
10090.ENSMUSP00000023684	10090.ENSMUSP00000047218	Gart	Grhpr	10090	0.582	0.32	0	0	0.127	0	0	0.353
10090.ENSMUSP00000023684	10090.ENSMUSP00000023707	Gart	Sod1	10090	0.585	0	0	0	0	0	0	0.585
10090.ENSMUSP00000023684	10090.ENSMUSP00000047665	Gart	Adk	10090	0.589	0.284	0	0	0.105	0	0	0.411
10090.ENSMUSP00000023684	10090.ENSMUSP00000076575	Gart	Hmbs	10090	0.589	0.061	0	0	0.15	0	0	0.527
10090.ENSMUSP00000023684	10090.ENSMUSP00000130858	Gart	Tpi1	10090	0.605	0.061	0	0	0.112	0	0	0.564
10090.ENSMUSP00000023684	10090.ENSMUSP00000127566	Gart	Guk1	10090	0.613	0.046	0	0	0.109	0.075	0	0.566
10090.ENSMUSP00000023684	10090.ENSMUSP00000117022	Gart	Nme1	10090	0.615	0	0	0	0.142	0.096	0	0.543
10090.ENSMUSP00000023684	10090.ENSMUSP00000030830	Gart	H6pd	10090	0.616	0.12	0	0	0.125	0	0	0.541
10090.ENSMUSP00000023684	10090.ENSMUSP00000123765	Gart	Sucla2	10090	0.623	0.265	0	0	0.092	0	0	0.481
10090.ENSMUSP00000023684	10090.ENSMUSP00000126294	Gart	Rps13	10090	0.629	0.121	0	0	0.464	0	0	0.276
10090.ENSMUSP00000023684	10090.ENSMUSP00000038335	Gart	Rabif	10090	0.674	0	0	0	0.044	0	0	0.673
10090.ENSMUSP00000023684	10090.ENSMUSP00000032998	Gart	Rps3	10090	0.677	0	0	0	0.587	0.105	0	0.197
10090.ENSMUSP00000023684	10090.ENSMUSP00000112928	Gart	Dpysl3	10090	0.681	0.305	0	0	0.087	0	0	0.538
10090.ENSMUSP00000023684	10090.ENSMUSP00000087118	Gart	Mat2a	10090	0.682	0.061	0	0	0.307	0	0	0.551
10090.ENSMUSP00000023684	10090.ENSMUSP00000106963	Gart	Arhgap1	10090	0.689	0	0	0	0.042	0	0	0.689
10090.ENSMUSP00000023684	10090.ENSMUSP00000134615	Gart	Rps28	10090	0.69	0	0	0	0.505	0	0	0.401
10090.ENSMUSP00000023684	10090.ENSMUSP00000099561	Gart	Mrto4	10090	0.703	0	0	0	0.384	0	0	0.538
10090.ENSMUSP00000023684	10090.ENSMUSP00000079180	Gart	Rps25	10090	0.711	0	0	0	0.697	0	0	0.085
10090.ENSMUSP00000023684	10090.ENSMUSP00000099482	Gart	Itpa	10090	0.712	0.268	0	0	0.067	0	0	0.612
10090.ENSMUSP00000023684	10090.ENSMUSP00000132082	Gart	Iars	10090	0.719	0.353	0	0	0.281	0	0	0.446
10090.ENSMUSP00000023684	10090.ENSMUSP00000084572	Gart	Vars	10090	0.754	0.366	0	0	0.228	0	0	0.538
10090.ENSMUSP00000023684	10090.ENSMUSP00000099757	Gart	Rps8	10090	0.787	0	0	0	0.782	0	0	0.065
10090.ENSMUSP00000023684	10090.ENSMUSP00000031399	Gart	Psph	10090	0.797	0.327	0	0	0.33	0	0	0.586
10090.ENSMUSP00000023684	10090.ENSMUSP00000083705	Gart	Rplp0	10090	0.804	0	0	0	0.593	0	0	0.538
10090.ENSMUSP00000023684	10090.ENSMUSP00000029722	Gart	Rps3a1	10090	0.812	0	0	0	0.812	0	0	0
10090.ENSMUSP00000023684	10090.ENSMUSP00000104068	Gart	Rps19	10090	0.887	0.092	0	0	0.795	0.088	0	0.413
10090.ENSMUSP00000023684	10090.ENSMUSP00000114304	Gart	Aldh1l1	10090	0.959	0.062	0	0	0.066	0	0.9	0.594
10090.ENSMUSP00000023684	10090.ENSMUSP00000097442	Gart	Mtr	10090	0.961	0	0	0	0.118	0	0.9	0.6
10090.ENSMUSP00000023707	10090.ENSMUSP00000134615	Sod1	Rps28	10090	0.402	0	0	0	0.309	0	0	0.17
10090.ENSMUSP00000023707	10090.ENSMUSP00000102870	Sod1	Rpl27	10090	0.404	0	0	0	0.335	0	0	0.139
10090.ENSMUSP00000023707	10090.ENSMUSP00000157948	Sod1	Rps14	10090	0.409	0	0	0	0.409	0	0	0
10090.ENSMUSP00000023707	10090.ENSMUSP00000029850	Sod1	Cryz	10090	0.41	0	0	0	0.092	0	0	0.377
10090.ENSMUSP00000023707	10090.ENSMUSP00000034215	Sod1	Mt1	10090	0.411	0	0	0	0.05	0.061	0	0.393
10090.ENSMUSP00000023707	10090.ENSMUSP00000030830	Sod1	H6pd	10090	0.415	0	0	0	0.05	0.046	0	0.406
10090.ENSMUSP00000023707	10090.ENSMUSP00000032078	Sod1	Cct7	10090	0.418	0	0	0	0.282	0.053	0	0.212
10090.ENSMUSP00000023707	10090.ENSMUSP00000030187	Sod1	Tln1	10090	0.423	0	0	0	0	0	0.4	0.079
10090.ENSMUSP00000023707	10090.ENSMUSP00000144413	Sod1	Hsph1	10090	0.429	0	0	0	0.071	0.135	0	0.347
10090.ENSMUSP00000023707	10090.ENSMUSP00000130858	Sod1	Tpi1	10090	0.43	0	0	0	0.128	0.187	0	0.26
10090.ENSMUSP00000023707	10090.ENSMUSP00000103940	Sod1	Rps16	10090	0.442	0	0	0	0.305	0.208	0	0.068
10090.ENSMUSP00000023707	10090.ENSMUSP00000099938	Sod1	Mdh1	10090	0.447	0	0	0	0.217	0.067	0	0.304
10090.ENSMUSP00000023707	10090.ENSMUSP00000146030	Sod1	Txnrd2	10090	0.477	0	0	0	0.054	0.078	0	0.448
10090.ENSMUSP00000023707	10090.ENSMUSP00000149803	Sod1	Cryab	10090	0.497	0	0	0	0.068	0.231	0	0.354
10090.ENSMUSP00000023707	10090.ENSMUSP00000133302	Sod1	Apoe	10090	0.502	0	0	0	0.106	0	0	0.466
10090.ENSMUSP00000023707	10090.ENSMUSP00000125761	Sod1	Matr3	10090	0.515	0	0	0	0.065	0	0	0.502
10090.ENSMUSP00000023707	10090.ENSMUSP00000026576	Sod1	Taldo1	10090	0.552	0	0.296	0	0.275	0.096	0	0.143
10090.ENSMUSP00000023707	10090.ENSMUSP00000041149	Sod1	Mif	10090	0.584	0	0	0	0.139	0.095	0	0.509
10090.ENSMUSP00000023707	10090.ENSMUSP00000029266	Sod1	Anxa5	10090	0.652	0	0	0	0.06	0.092	0.4	0.401
10090.ENSMUSP00000023707	10090.ENSMUSP00000024866	Sod1	Xdh	10090	0.655	0	0	0	0	0	0	0.655
10090.ENSMUSP00000023707	10090.ENSMUSP00000147767	Sod1	Casp3	10090	0.662	0	0	0	0	0.061	0	0.655
10090.ENSMUSP00000023707	10090.ENSMUSP00000026479	Sod1	Dctn2	10090	0.666	0	0	0	0.052	0.06	0.65	0.056
10090.ENSMUSP00000023707	10090.ENSMUSP00000028083	Sod1	Psmb7	10090	0.672	0	0	0	0.084	0	0.65	0.06
10090.ENSMUSP00000023707	10090.ENSMUSP00000042590	Sod1	Psma8	10090	0.674	0	0	0	0.091	0	0.65	0.06
10090.ENSMUSP00000023707	10090.ENSMUSP00000030158	Sod1	Dctn3	10090	0.677	0	0	0	0.085	0	0.65	0.075
10090.ENSMUSP00000023707	10090.ENSMUSP00000030769	Sod1	Psmc2	10090	0.69	0	0	0	0.109	0	0.65	0.087
10090.ENSMUSP00000023707	10090.ENSMUSP00000028278	Sod1	Psmd14	10090	0.694	0	0	0	0.097	0.088	0.65	0.065
10090.ENSMUSP00000023707	10090.ENSMUSP00000071054	Sod1	Psmc3	10090	0.697	0	0	0	0.103	0	0.65	0.113
10090.ENSMUSP00000023707	10090.ENSMUSP00000098295	Sod1	Psmd9	10090	0.702	0	0	0	0.057	0	0.65	0.17
10090.ENSMUSP00000023707	10090.ENSMUSP00000028430	Sod1	Cyct	10090	0.705	0	0	0	0	0	0	0.705
10090.ENSMUSP00000023707	10090.ENSMUSP00000045284	Sod1	Uqcrfs1	10090	0.705	0	0	0	0.044	0.578	0	0.328
10090.ENSMUSP00000023707	10090.ENSMUSP00000098066	Sod1	Actb	10090	0.731	0	0	0	0.271	0	0	0.646
10090.ENSMUSP00000023707	10090.ENSMUSP00000091921	Sod1	Hsp90aa1	10090	0.735	0	0	0	0.109	0.051	0	0.712
10090.ENSMUSP00000023707	10090.ENSMUSP00000025904	Sod1	Prdx5	10090	0.742	0	0	0	0.119	0.353	0	0.584
10090.ENSMUSP00000023707	10090.ENSMUSP00000032824	Sod1	Psmc4	10090	0.752	0	0	0	0.195	0	0.65	0.191
10090.ENSMUSP00000023707	10090.ENSMUSP00000030332	Sod1	Gpx7	10090	0.816	0	0	0	0.121	0.082	0	0.79
10090.ENSMUSP00000023707	10090.ENSMUSP00000081142	Sod1	Tardbp	10090	0.974	0	0	0	0.049	0	0	0.974
10090.ENSMUSP00000023707	10090.ENSMUSP00000035486	Sod1	Ccs	10090	0.977	0	0	0.079	0.199	0.84	0.7	0.461
10090.ENSMUSP00000023707	10090.ENSMUSP00000101858	Sod1	Fus	10090	0.978	0	0	0	0.168	0.042	0	0.974
10090.ENSMUSP00000023760	10090.ENSMUSP00000030830	Gpd1	H6pd	10090	0.495	0.043	0	0	0.174	0	0	0.413
10090.ENSMUSP00000023760	10090.ENSMUSP00000031399	Gpd1	Psph	10090	0.556	0.117	0.415	0	0	0	0	0.209
10090.ENSMUSP00000023760	10090.ENSMUSP00000130858	Gpd1	Tpi1	10090	0.609	0.074	0	0	0.115	0.054	0	0.555
10090.ENSMUSP00000023760	10090.ENSMUSP00000099938	Gpd1	Mdh1	10090	0.637	0.049	0	0	0.087	0.244	0	0.511
10090.ENSMUSP00000023760	10090.ENSMUSP00000157520	Gpd1	Tkfc	10090	0.849	0	0	0	0.071	0	0.8	0.255
10090.ENSMUSP00000023760	10090.ENSMUSP00000117509	Gpd1	Gpd1l	10090	0.901	0	0	0.052	0	0	0.9	0
10090.ENSMUSP00000023994	10090.ENSMUSP00000133117	Serping1	Fga	10090	0.402	0	0	0	0.212	0	0	0.271
10090.ENSMUSP00000023994	10090.ENSMUSP00000110999	Serping1	Timp1	10090	0.424	0	0	0	0.212	0	0	0.3
10090.ENSMUSP00000023994	10090.ENSMUSP00000044004	Serping1	Lrp1	10090	0.471	0	0	0	0.07	0	0	0.455
10090.ENSMUSP00000023994	10090.ENSMUSP00000034915	Serping1	Ctsh	10090	0.483	0	0	0	0.413	0.059	0	0.139
10090.ENSMUSP00000023994	10090.ENSMUSP00000132435	Serping1	Gbp2	10090	0.511	0	0	0	0.194	0	0	0.418
10090.ENSMUSP00000023994	10090.ENSMUSP00000133302	Serping1	Apoe	10090	0.522	0	0	0	0.348	0	0	0.297
10090.ENSMUSP00000023994	10090.ENSMUSP00000033941	Serping1	Plat	10090	0.528	0	0	0	0.093	0.091	0	0.474
10090.ENSMUSP00000023994	10090.ENSMUSP00000032203	Serping1	A2m	10090	0.738	0	0	0	0.104	0.068	0	0.711
10090.ENSMUSP00000023994	10090.ENSMUSP00000107760	Serping1	Pzp	10090	0.746	0	0	0	0.129	0.068	0	0.712
10090.ENSMUSP00000023994	10090.ENSMUSP00000069418	Serping1	C4b	10090	0.843	0	0	0	0.48	0.089	0	0.696
10090.ENSMUSP00000024031	10090.ENSMUSP00000141856	Acy1	Apeh	10090	0.461	0	0	0	0.171	0	0	0.376
10090.ENSMUSP00000024031	10090.ENSMUSP00000099482	Acy1	Itpa	10090	0.465	0.093	0	0	0.059	0	0	0.423
10090.ENSMUSP00000024031	10090.ENSMUSP00000124579	Acy1	Asl	10090	0.552	0.116	0	0	0.184	0	0	0.428
10090.ENSMUSP00000024031	10090.ENSMUSP00000050056	Acy1	Acy3	10090	0.751	0	0	0	0.133	0	0	0.725
10090.ENSMUSP00000024047	10090.ENSMUSP00000137503	Twf2	Actr3	10090	0.414	0	0	0	0.144	0.236	0	0.177
10090.ENSMUSP00000024047	10090.ENSMUSP00000032561	Twf2	Vasp	10090	0.418	0	0	0	0.089	0	0	0.387
10090.ENSMUSP00000024047	10090.ENSMUSP00000098066	Twf2	Actb	10090	0.43	0	0	0	0.113	0.285	0	0.173
10090.ENSMUSP00000024047	10090.ENSMUSP00000107448	Twf2	Gmfb	10090	0.523	0	0	0	0.064	0.066	0	0.498
10090.ENSMUSP00000024047	10090.ENSMUSP00000072087	Twf2	Tmod3	10090	0.532	0	0	0	0.066	0.303	0	0.338
10090.ENSMUSP00000024866	10090.ENSMUSP00000030830	Xdh	H6pd	10090	0.432	0	0	0	0.123	0	0	0.379
10090.ENSMUSP00000024866	10090.ENSMUSP00000098066	Xdh	Actb	10090	0.465	0	0	0	0	0	0	0.465
10090.ENSMUSP00000024866	10090.ENSMUSP00000133302	Xdh	Apoe	10090	0.478	0	0	0	0.071	0	0	0.461
10090.ENSMUSP00000024866	10090.ENSMUSP00000088964	Xdh	Arsb	10090	0.531	0	0	0	0.061	0.522	0	0.041
10090.ENSMUSP00000024866	10090.ENSMUSP00000147767	Xdh	Casp3	10090	0.559	0	0	0	0.043	0	0	0.558
10090.ENSMUSP00000024866	10090.ENSMUSP00000082682	Xdh	Hmgb1	10090	0.561	0	0	0	0	0	0	0.561
10090.ENSMUSP00000024866	10090.ENSMUSP00000028430	Xdh	Cyct	10090	0.66	0	0	0	0	0	0	0.66
10090.ENSMUSP00000024866	10090.ENSMUSP00000030332	Xdh	Gpx7	10090	0.8	0	0	0	0	0	0	0.8
10090.ENSMUSP00000024866	10090.ENSMUSP00000130065	Xdh	Nat2	10090	0.928	0	0	0	0.129	0	0.9	0.241
10090.ENSMUSP00000024866	10090.ENSMUSP00000084882	Xdh	Gda	10090	0.967	0.091	0	0.222	0.171	0	0.9	0.531
10090.ENSMUSP00000024963	10090.ENSMUSP00000028916	Mcfd2	Sec23b	10090	0.41	0	0	0	0.159	0	0	0.328
10090.ENSMUSP00000024963	10090.ENSMUSP00000031355	Mcfd2	Uso1	10090	0.569	0	0	0	0.154	0	0.5	0.065
10090.ENSMUSP00000024963	10090.ENSMUSP00000029476	Mcfd2	Sec22b	10090	0.62	0	0	0	0.162	0	0.5	0.167
10090.ENSMUSP00000024963	10090.ENSMUSP00000032440	Mcfd2	Sec13	10090	0.623	0	0	0	0.104	0.065	0.5	0.208
10090.ENSMUSP00000024963	10090.ENSMUSP00000137440	Mcfd2	Canx	10090	0.639	0	0	0	0.168	0	0	0.584
10090.ENSMUSP00000024963	10090.ENSMUSP00000092157	Mcfd2	Sec31a	10090	0.642	0	0	0	0.089	0	0.5	0.278
10090.ENSMUSP00000025027	10090.ENSMUSP00000035486	Cuta	Ccs	10090	0.4	0	0	0	0.087	0	0	0.37
10090.ENSMUSP00000025181	10090.ENSMUSP00000141132	H2-K1	Stat1	10090	0.452	0	0	0	0.244	0.051	0	0.297
10090.ENSMUSP00000025181	10090.ENSMUSP00000087457	H2-K1	Itgb1	10090	0.483	0	0	0	0.088	0	0	0.457
10090.ENSMUSP00000025181	10090.ENSMUSP00000092157	H2-K1	Sec31a	10090	0.499	0	0	0	0	0	0.5	0
10090.ENSMUSP00000025181	10090.ENSMUSP00000032440	H2-K1	Sec13	10090	0.499	0	0	0	0	0	0.5	0
10090.ENSMUSP00000025181	10090.ENSMUSP00000132435	H2-K1	Gbp2	10090	0.515	0	0	0	0.361	0	0	0.272
10090.ENSMUSP00000025181	10090.ENSMUSP00000137440	H2-K1	Canx	10090	0.579	0	0	0	0.042	0	0.5	0.192
10090.ENSMUSP00000025181	10090.ENSMUSP00000106709	H2-K1	Ap1s1	10090	0.677	0	0	0	0.041	0.116	0.65	0
10090.ENSMUSP00000025181	10090.ENSMUSP00000090844	H2-K1	Ap1g1	10090	0.696	0	0	0	0	0.168	0.65	0
10090.ENSMUSP00000025204	10090.ENSMUSP00000109257	Pfdn1	Pin4	10090	0.402	0	0	0	0.317	0	0	0.16
10090.ENSMUSP00000025204	10090.ENSMUSP00000037597	Pfdn1	Snrpd2	10090	0.448	0	0	0	0.448	0	0	0
10090.ENSMUSP00000025204	10090.ENSMUSP00000039335	Pfdn1	Timm8b	10090	0.451	0	0	0	0.323	0	0	0.223
10090.ENSMUSP00000025204	10090.ENSMUSP00000158738	Pfdn1	Cct6a	10090	0.604	0	0	0	0.093	0.444	0	0.278
10090.ENSMUSP00000025204	10090.ENSMUSP00000106242	Pfdn1	Hypk	10090	0.668	0	0	0	0.349	0	0	0.512
10090.ENSMUSP00000025204	10090.ENSMUSP00000032078	Pfdn1	Cct7	10090	0.759	0	0	0	0.199	0.692	0	0.102
10090.ENSMUSP00000025204	10090.ENSMUSP00000116108	Pfdn1	Tcp1	10090	0.877	0	0	0	0.127	0.747	0	0.488
10090.ENSMUSP00000025204	10090.ENSMUSP00000129178	Pfdn1	Pfdn5	10090	0.999	0	0	0	0.686	0.984	0.72	0.826
10090.ENSMUSP00000025218	10090.ENSMUSP00000028517	Etf1	Ola1	10090	0.404	0.12	0	0	0.315	0	0	0.09
10090.ENSMUSP00000025218	10090.ENSMUSP00000112104	Etf1	Hnrnpk	10090	0.405	0	0	0	0.247	0	0	0.242
10090.ENSMUSP00000025218	10090.ENSMUSP00000111120	Etf1	Eif4g1	10090	0.408	0	0	0	0.211	0.076	0	0.252
10090.ENSMUSP00000025218	10090.ENSMUSP00000036555	Etf1	Ipo4	10090	0.411	0	0	0	0.356	0.122	0	0
10090.ENSMUSP00000025218	10090.ENSMUSP00000118751	Etf1	Ankfy1	10090	0.414	0	0	0	0.061	0.078	0	0.377
10090.ENSMUSP00000025218	10090.ENSMUSP00000027438	Etf1	Ncl	10090	0.434	0	0	0	0.241	0.135	0	0.206
10090.ENSMUSP00000025218	10090.ENSMUSP00000032078	Etf1	Cct7	10090	0.44	0	0	0	0.44	0	0	0
10090.ENSMUSP00000025218	10090.ENSMUSP00000032165	Etf1	Ruvbl1	10090	0.441	0	0	0	0.385	0.093	0	0.079
10090.ENSMUSP00000025218	10090.ENSMUSP00000114764	Etf1	Ube2v1	10090	0.441	0	0	0	0.153	0	0	0.368
10090.ENSMUSP00000025218	10090.ENSMUSP00000026520	Etf1	Paip1	10090	0.453	0	0	0	0.126	0.076	0	0.378
10090.ENSMUSP00000025218	10090.ENSMUSP00000116108	Etf1	Tcp1	10090	0.459	0	0	0	0.459	0	0	0
10090.ENSMUSP00000025218	10090.ENSMUSP00000028278	Etf1	Psmd14	10090	0.461	0	0	0	0.29	0.256	0	0.062
10090.ENSMUSP00000025218	10090.ENSMUSP00000143910	Etf1	Eif4h	10090	0.529	0	0	0	0.307	0.042	0	0.348
10090.ENSMUSP00000025218	10090.ENSMUSP00000127774	Etf1	Eif4b	10090	0.534	0	0	0	0.292	0.042	0	0.368
10090.ENSMUSP00000025218	10090.ENSMUSP00000079628	Etf1	Rps17	10090	0.552	0	0	0	0.079	0.534	0	0
10090.ENSMUSP00000025218	10090.ENSMUSP00000029804	Etf1	Metap1	10090	0.566	0	0	0	0.44	0.258	0	0
10090.ENSMUSP00000025218	10090.ENSMUSP00000118787	Etf1	Rpl22	10090	0.577	0	0	0	0.104	0.534	0	0.07
10090.ENSMUSP00000025218	10090.ENSMUSP00000058432	Etf1	Rps21	10090	0.588	0	0	0	0.152	0.534	0	0
10090.ENSMUSP00000025218	10090.ENSMUSP00000157948	Etf1	Rps14	10090	0.59	0	0	0	0.158	0.534	0	0
10090.ENSMUSP00000025218	10090.ENSMUSP00000026667	Etf1	Eif4a3	10090	0.595	0	0.006	0	0.199	0	0	0.515
10090.ENSMUSP00000025218	10090.ENSMUSP00000029803	Etf1	Eif4e	10090	0.598	0	0	0	0.288	0.086	0	0.432
10090.ENSMUSP00000025218	10090.ENSMUSP00000099561	Etf1	Mrto4	10090	0.608	0	0	0	0.401	0.338	0	0.091
10090.ENSMUSP00000025218	10090.ENSMUSP00000080301	Etf1	Zc3h15	10090	0.609	0	0	0	0.521	0.093	0	0.171
10090.ENSMUSP00000025218	10090.ENSMUSP00000079180	Etf1	Rps25	10090	0.613	0	0	0	0.181	0.534	0	0.069
10090.ENSMUSP00000025218	10090.ENSMUSP00000134615	Etf1	Rps28	10090	0.614	0	0	0	0.182	0.534	0	0.069
10090.ENSMUSP00000025218	10090.ENSMUSP00000133649	Etf1	Syncrip	10090	0.632	0	0	0	0.602	0	0	0.113
10090.ENSMUSP00000025218	10090.ENSMUSP00000131489	Etf1	Rpl14	10090	0.633	0	0	0	0.242	0.534	0	0.045
10090.ENSMUSP00000025218	10090.ENSMUSP00000147816	Etf1	Rpl18	10090	0.642	0	0	0	0.234	0.534	0	0.076
10090.ENSMUSP00000025218	10090.ENSMUSP00000103940	Etf1	Rps16	10090	0.651	0	0	0	0.281	0.534	0	0
10090.ENSMUSP00000025218	10090.ENSMUSP00000083705	Etf1	Rplp0	10090	0.673	0	0	0	0.281	0.534	0	0.103
10090.ENSMUSP00000025218	10090.ENSMUSP00000059395	Etf1	Eif2s3x	10090	0.683	0	0	0	0.603	0	0	0.235
10090.ENSMUSP00000025218	10090.ENSMUSP00000124291	Etf1	Naa50	10090	0.687	0	0	0	0.687	0	0	0
10090.ENSMUSP00000025218	10090.ENSMUSP00000104068	Etf1	Rps19	10090	0.687	0.047	0	0	0.133	0.616	0	0.131
10090.ENSMUSP00000025218	10090.ENSMUSP00000099757	Etf1	Rps8	10090	0.695	0	0	0	0.295	0.534	0	0.146
10090.ENSMUSP00000025218	10090.ENSMUSP00000102870	Etf1	Rpl27	10090	0.714	0	0	0	0.362	0.534	0	0.116
10090.ENSMUSP00000025218	10090.ENSMUSP00000025955	Etf1	Eif3a	10090	0.718	0	0	0	0.354	0.27	0	0.449
10090.ENSMUSP00000025218	10090.ENSMUSP00000029722	Etf1	Rps3a1	10090	0.721	0	0	0	0.304	0.616	0	0
10090.ENSMUSP00000025218	10090.ENSMUSP00000126294	Etf1	Rps13	10090	0.725	0.041	0	0	0.185	0.628	0	0.166
10090.ENSMUSP00000025218	10090.ENSMUSP00000096777	Etf1	Eif2s2	10090	0.771	0	0	0	0.581	0.222	0	0.353
10090.ENSMUSP00000025218	10090.ENSMUSP00000035105	Etf1	Rpsa	10090	0.798	0	0	0	0.395	0.616	0	0.2
10090.ENSMUSP00000025218	10090.ENSMUSP00000120528	Etf1	Rps20	10090	0.814	0.041	0	0	0.385	0.628	0	0.254
10090.ENSMUSP00000025218	10090.ENSMUSP00000032998	Etf1	Rps3	10090	0.849	0	0	0	0.244	0.737	0	0.302
10090.ENSMUSP00000025218	10090.ENSMUSP00000114434	Etf1	Pa2g4	10090	0.851	0	0	0	0.654	0.534	0	0.15
10090.ENSMUSP00000025385	10090.ENSMUSP00000048830	Hsd17b4	Akr1d1	10090	0.528	0	0	0	0.054	0	0	0.522
10090.ENSMUSP00000025385	10090.ENSMUSP00000099490	Hsd17b4	Acaca	10090	0.533	0	0	0	0.049	0	0	0.53
10090.ENSMUSP00000025385	10090.ENSMUSP00000124480	Hsd17b4	Cyb5a	10090	0.535	0	0	0	0.366	0	0	0.296
10090.ENSMUSP00000025385	10090.ENSMUSP00000029877	Hsd17b4	Decr1	10090	0.544	0.044	0	0	0.373	0	0	0.3
10090.ENSMUSP00000025385	10090.ENSMUSP00000029610	Hsd17b4	Hadh	10090	0.589	0.076	0	0	0.223	0.222	0	0.351
10090.ENSMUSP00000025385	10090.ENSMUSP00000066092	Hsd17b4	Ech1	10090	0.654	0	0	0	0.357	0	0	0.484
10090.ENSMUSP00000025385	10090.ENSMUSP00000066915	Hsd17b4	Amacr	10090	0.739	0.084	0	0	0.124	0	0	0.7
10090.ENSMUSP00000025403	10090.ENSMUSP00000029804	Impa2	Metap1	10090	0.403	0	0	0	0.106	0	0	0.36
10090.ENSMUSP00000025403	10090.ENSMUSP00000106180	Impa2	Sord	10090	0.435	0.092	0	0	0.091	0	0	0.37
10090.ENSMUSP00000025403	10090.ENSMUSP00000130858	Impa2	Tpi1	10090	0.454	0.057	0	0	0.152	0	0	0.372
10090.ENSMUSP00000025403	10090.ENSMUSP00000120528	Impa2	Rps20	10090	0.495	0	0	0	0.073	0.338	0	0.244
10090.ENSMUSP00000025439	10090.ENSMUSP00000106983	Me2	Uap1	10090	0.412	0	0	0	0.054	0	0	0.404
10090.ENSMUSP00000025439	10090.ENSMUSP00000033098	Me2	Bcat2	10090	0.422	0.041	0	0	0.062	0.05	0	0.403
10090.ENSMUSP00000025439	10090.ENSMUSP00000130858	Me2	Tpi1	10090	0.462	0	0	0	0.106	0	0	0.422
10090.ENSMUSP00000025439	10090.ENSMUSP00000081141	Me2	Pgd	10090	0.497	0	0	0	0.103	0	0	0.462
10090.ENSMUSP00000025439	10090.ENSMUSP00000030830	Me2	H6pd	10090	0.643	0.109	0	0	0.048	0	0	0.613
10090.ENSMUSP00000025439	10090.ENSMUSP00000026576	Me2	Taldo1	10090	0.691	0.041	0	0	0.536	0	0	0.361
10090.ENSMUSP00000025439	10090.ENSMUSP00000027810	Me2	Fh1	10090	0.964	0.119	0	0	0.288	0	0.9	0.502
10090.ENSMUSP00000025439	10090.ENSMUSP00000099938	Me2	Mdh1	10090	0.967	0.062	0	0	0.127	0.051	0.9	0.648
10090.ENSMUSP00000025486	10090.ENSMUSP00000034650	Lmnb1	Mcam	10090	0.406	0	0	0	0.051	0	0.4	0
10090.ENSMUSP00000025486	10090.ENSMUSP00000106963	Lmnb1	Arhgap1	10090	0.418	0	0	0	0	0	0.4	0.07
10090.ENSMUSP00000025486	10090.ENSMUSP00000156728	Lmnb1	Tjp2	10090	0.447	0	0	0	0.074	0.053	0	0.421
10090.ENSMUSP00000025486	10090.ENSMUSP00000137440	Lmnb1	Canx	10090	0.454	0	0	0	0	0.051	0	0.448
10090.ENSMUSP00000025486	10090.ENSMUSP00000065940	Lmnb1	Hmgb2	10090	0.47	0	0	0	0.357	0.054	0	0.198
10090.ENSMUSP00000025486	10090.ENSMUSP00000091921	Lmnb1	Hsp90aa1	10090	0.492	0	0	0	0.097	0.051	0	0.455
10090.ENSMUSP00000025486	10090.ENSMUSP00000062030	Lmnb1	H1f1	10090	0.494	0	0	0	0.099	0.042	0.4	0.138
10090.ENSMUSP00000025486	10090.ENSMUSP00000029266	Lmnb1	Anxa5	10090	0.564	0	0	0	0.113	0.057	0	0.521
10090.ENSMUSP00000025486	10090.ENSMUSP00000027777	Lmnb1	Parp1	10090	0.582	0	0	0	0.114	0.093	0	0.521
10090.ENSMUSP00000025486	10090.ENSMUSP00000027438	Lmnb1	Ncl	10090	0.634	0	0	0	0.128	0.05	0	0.594
10090.ENSMUSP00000025486	10090.ENSMUSP00000147767	Lmnb1	Casp3	10090	0.708	0	0	0	0.118	0.1	0	0.662
10090.ENSMUSP00000025486	10090.ENSMUSP00000075067	Lmnb1	Npm1	10090	0.783	0	0	0	0.165	0.051	0	0.749
10090.ENSMUSP00000025486	10090.ENSMUSP00000098066	Lmnb1	Actb	10090	0.843	0	0	0	0.047	0.081	0	0.835
10090.ENSMUSP00000025679	10090.ENSMUSP00000114764	Otub1	Ube2v1	10090	0.439	0	0	0	0.068	0.215	0	0.294
10090.ENSMUSP00000025679	10090.ENSMUSP00000147619	Otub1	Usp47	10090	0.464	0	0	0	0.044	0.07	0	0.446
10090.ENSMUSP00000025679	10090.ENSMUSP00000156121	Otub1	Ube2l3	10090	0.505	0	0	0	0.115	0.247	0	0.317
10090.ENSMUSP00000025679	10090.ENSMUSP00000028278	Otub1	Psmd14	10090	0.565	0	0	0	0.158	0	0	0.504
10090.ENSMUSP00000025679	10090.ENSMUSP00000027050	Otub1	Cops5	10090	0.603	0	0	0	0.139	0	0	0.558
10090.ENSMUSP00000025679	10090.ENSMUSP00000140106	Otub1	Uchl5	10090	0.631	0	0	0	0.085	0	0	0.613
10090.ENSMUSP00000025679	10090.ENSMUSP00000086716	Otub1	Usp9x	10090	0.642	0	0	0	0.048	0.222	0	0.555
10090.ENSMUSP00000025679	10090.ENSMUSP00000111443	Otub1	Ube2v2	10090	0.747	0	0	0	0.106	0.628	0	0.302
10090.ENSMUSP00000025679	10090.ENSMUSP00000096932	Otub1	Ube2n	10090	0.999	0	0	0	0.115	0.891	0	0.991
10090.ENSMUSP00000025684	10090.ENSMUSP00000034131	Ehd1	Vps35	10090	0.459	0	0	0	0	0	0	0.459
10090.ENSMUSP00000025684	10090.ENSMUSP00000090130	Ehd1	Vps26a	10090	0.599	0	0	0	0.048	0.238	0	0.492
10090.ENSMUSP00000025684	10090.ENSMUSP00000118751	Ehd1	Ankfy1	10090	0.651	0	0	0	0.058	0.37	0	0.459
10090.ENSMUSP00000025804	10090.ENSMUSP00000028916	Rab1b	Sec23b	10090	0.479	0	0	0	0.051	0.18	0	0.384
10090.ENSMUSP00000025804	10090.ENSMUSP00000099587	Rab1b	Ppp1cc	10090	0.487	0	0	0	0.099	0	0	0.453
10090.ENSMUSP00000025804	10090.ENSMUSP00000032440	Rab1b	Sec13	10090	0.526	0	0	0	0.118	0.054	0	0.478
10090.ENSMUSP00000025804	10090.ENSMUSP00000071078	Rab1b	Cope	10090	0.603	0	0	0	0.115	0	0.5	0.176
10090.ENSMUSP00000025804	10090.ENSMUSP00000097738	Rab1b	Copz1	10090	0.634	0	0	0	0.178	0.064	0.5	0.162
10090.ENSMUSP00000025804	10090.ENSMUSP00000038335	Rab1b	Rabif	10090	0.709	0	0	0	0.044	0.487	0	0.455
10090.ENSMUSP00000025804	10090.ENSMUSP00000129481	Rab1b	Rabggtb	10090	0.774	0	0	0	0	0.333	0.5	0.377
10090.ENSMUSP00000025804	10090.ENSMUSP00000029476	Rab1b	Sec22b	10090	0.804	0	0	0	0.089	0.236	0.5	0.505
10090.ENSMUSP00000025804	10090.ENSMUSP00000030660	Rab1b	Trappc3	10090	0.901	0	0	0	0.21	0.637	0.5	0.392
10090.ENSMUSP00000025804	10090.ENSMUSP00000031355	Rab1b	Uso1	10090	0.936	0	0	0	0.092	0.509	0.7	0.577
10090.ENSMUSP00000025851	10090.ENSMUSP00000127250	Dpp3	Mvp	10090	0.495	0	0	0	0.086	0	0	0.47
10090.ENSMUSP00000025851	10090.ENSMUSP00000028332	Dpp3	Dpp7	10090	0.562	0	0	0	0.053	0	0	0.557
10090.ENSMUSP00000025851	10090.ENSMUSP00000076564	Dpp3	Rnpep	10090	0.57	0	0	0	0.066	0	0	0.558
10090.ENSMUSP00000025851	10090.ENSMUSP00000075683	Dpp3	Pepd	10090	0.57	0	0	0	0.063	0.317	0	0.381
10090.ENSMUSP00000025904	10090.ENSMUSP00000101006	Prdx5	Atp5d	10090	0.412	0	0	0	0.325	0	0	0.164
10090.ENSMUSP00000025904	10090.ENSMUSP00000052912	Prdx5	Pdia6	10090	0.412	0	0	0	0.065	0.242	0	0.237
10090.ENSMUSP00000025904	10090.ENSMUSP00000076521	Prdx5	Pdia4	10090	0.422	0	0	0	0.081	0.242	0	0.237
10090.ENSMUSP00000025904	10090.ENSMUSP00000130858	Prdx5	Tpi1	10090	0.432	0	0	0	0.215	0	0	0.306
10090.ENSMUSP00000025904	10090.ENSMUSP00000080302	Prdx5	Pgk1	10090	0.436	0	0	0	0.226	0	0	0.3
10090.ENSMUSP00000025904	10090.ENSMUSP00000028392	Prdx5	Dnajc10	10090	0.487	0.061	0	0	0.078	0.281	0	0.274
10090.ENSMUSP00000025904	10090.ENSMUSP00000066621	Prdx5	Glrx3	10090	0.505	0	0	0	0.052	0	0	0.5
10090.ENSMUSP00000025904	10090.ENSMUSP00000146030	Prdx5	Txnrd2	10090	0.513	0.104	0	0	0	0	0	0.479
10090.ENSMUSP00000025904	10090.ENSMUSP00000065282	Prdx5	Abhd10	10090	0.515	0	0	0	0	0	0	0.515
10090.ENSMUSP00000025904	10090.ENSMUSP00000028583	Prdx5	Lin7c	10090	0.646	0	0	0	0.069	0.558	0	0.211
10090.ENSMUSP00000025904	10090.ENSMUSP00000030332	Prdx5	Gpx7	10090	0.682	0	0	0	0.199	0.1	0	0.595
10090.ENSMUSP00000025918	10090.ENSMUSP00000026667	Stip1	Eif4a3	10090	0.401	0	0	0	0.287	0.049	0	0.188
10090.ENSMUSP00000025918	10090.ENSMUSP00000031697	Stip1	Cul1	10090	0.413	0	0	0	0.194	0.255	0	0.101
10090.ENSMUSP00000025918	10090.ENSMUSP00000028278	Stip1	Psmd14	10090	0.425	0	0	0	0.337	0.168	0	0
10090.ENSMUSP00000025918	10090.ENSMUSP00000099391	Stip1	Ptges3l	10090	0.448	0	0	0	0.151	0.252	0	0.201
10090.ENSMUSP00000025918	10090.ENSMUSP00000071054	Stip1	Psmc3	10090	0.452	0	0	0	0.4	0.124	0	0
10090.ENSMUSP00000025918	10090.ENSMUSP00000080302	Stip1	Pgk1	10090	0.455	0.041	0	0	0.096	0.059	0	0.411
10090.ENSMUSP00000025918	10090.ENSMUSP00000130195	Stip1	St13	10090	0.459	0	0	0	0.104	0	0	0.421
10090.ENSMUSP00000025918	10090.ENSMUSP00000068267	Stip1	Strap	10090	0.466	0	0	0	0.127	0	0	0.413
10090.ENSMUSP00000025918	10090.ENSMUSP00000032824	Stip1	Psmc4	10090	0.485	0	0	0	0.46	0.065	0	0.062
10090.ENSMUSP00000025918	10090.ENSMUSP00000035105	Stip1	Rpsa	10090	0.502	0.041	0	0	0.128	0.054	0	0.445
10090.ENSMUSP00000025918	10090.ENSMUSP00000052942	Stip1	Sugt1	10090	0.502	0	0	0	0.071	0.135	0	0.43
10090.ENSMUSP00000025918	10090.ENSMUSP00000133855	Stip1	Gps1	10090	0.537	0	0	0	0.519	0.042	0	0.076
10090.ENSMUSP00000025918	10090.ENSMUSP00000078589	Stip1	Ybx1	10090	0.557	0	0	0	0.057	0	0	0.549
10090.ENSMUSP00000025918	10090.ENSMUSP00000096932	Stip1	Ube2n	10090	0.586	0	0	0	0.203	0.118	0	0.459
10090.ENSMUSP00000025918	10090.ENSMUSP00000084882	Stip1	Gda	10090	0.704	0.041	0	0	0	0	0	0.704
10090.ENSMUSP00000025918	10090.ENSMUSP00000042009	Stip1	Bag2	10090	0.817	0	0	0	0.073	0.098	0.72	0.31
10090.ENSMUSP00000025918	10090.ENSMUSP00000158738	Stip1	Cct6a	10090	0.817	0	0	0	0.233	0	0.72	0.219
10090.ENSMUSP00000025918	10090.ENSMUSP00000034138	Stip1	Dnaja2	10090	0.839	0	0	0	0.17	0.415	0.5	0.415
10090.ENSMUSP00000025918	10090.ENSMUSP00000032165	Stip1	Ruvbl1	10090	0.87	0	0	0	0.377	0.238	0.72	0.14
10090.ENSMUSP00000025918	10090.ENSMUSP00000116108	Stip1	Tcp1	10090	0.883	0	0	0	0.407	0.06	0.72	0.343
10090.ENSMUSP00000025918	10090.ENSMUSP00000032078	Stip1	Cct7	10090	0.901	0	0	0	0.563	0	0.72	0.258
10090.ENSMUSP00000025918	10090.ENSMUSP00000129730	Stip1	Dnaja1	10090	0.921	0	0	0	0.245	0.415	0.5	0.685
10090.ENSMUSP00000025918	10090.ENSMUSP00000032508	Stip1	Fkbp4	10090	0.934	0	0	0	0.418	0.359	0.5	0.688
10090.ENSMUSP00000025918	10090.ENSMUSP00000144413	Stip1	Hsph1	10090	0.962	0	0	0	0.758	0.645	0	0.6
10090.ENSMUSP00000025918	10090.ENSMUSP00000050292	Stip1	Ptges3	10090	0.983	0	0	0	0.418	0.554	0.72	0.804
10090.ENSMUSP00000025918	10090.ENSMUSP00000091921	Stip1	Hsp90aa1	10090	0.999	0	0	0	0.669	0.831	0.5	0.988
10090.ENSMUSP00000025955	10090.ENSMUSP00000080301	Eif3a	Zc3h15	10090	0.412	0	0	0	0.378	0.093	0	0
10090.ENSMUSP00000025955	10090.ENSMUSP00000075067	Eif3a	Npm1	10090	0.436	0	0	0	0.386	0.094	0	0.069
10090.ENSMUSP00000025955	10090.ENSMUSP00000133245	Eif3a	Ddx46	10090	0.445	0	0	0	0.352	0.135	0	0.09
10090.ENSMUSP00000025955	10090.ENSMUSP00000036555	Eif3a	Ipo4	10090	0.446	0	0	0	0.274	0	0	0.268
10090.ENSMUSP00000025955	10090.ENSMUSP00000091921	Eif3a	Hsp90aa1	10090	0.45	0	0	0	0.312	0.049	0	0.227
10090.ENSMUSP00000025955	10090.ENSMUSP00000083705	Eif3a	Rplp0	10090	0.46	0	0	0	0.33	0	0	0.227
10090.ENSMUSP00000025955	10090.ENSMUSP00000079722	Eif3a	Thrap3	10090	0.461	0	0	0	0.396	0.065	0	0.121
10090.ENSMUSP00000025955	10090.ENSMUSP00000027050	Eif3a	Cops5	10090	0.474	0	0	0	0.118	0.361	0	0.143
10090.ENSMUSP00000025955	10090.ENSMUSP00000081142	Eif3a	Tardbp	10090	0.509	0	0	0	0.39	0.165	0	0.113
10090.ENSMUSP00000025955	10090.ENSMUSP00000028278	Eif3a	Psmd14	10090	0.514	0	0	0	0.184	0.361	0	0.143
10090.ENSMUSP00000025955	10090.ENSMUSP00000116108	Eif3a	Tcp1	10090	0.546	0	0	0	0.488	0.06	0	0.132
10090.ENSMUSP00000025955	10090.ENSMUSP00000047571	Eif3a	Hnrnpu	10090	0.55	0	0	0	0.467	0	0	0.19
10090.ENSMUSP00000025955	10090.ENSMUSP00000114434	Eif3a	Pa2g4	10090	0.563	0	0	0	0.504	0.047	0	0.15
10090.ENSMUSP00000025955	10090.ENSMUSP00000081782	Eif3a	Ipo7	10090	0.563	0	0	0	0.28	0.284	0	0.22
10090.ENSMUSP00000025955	10090.ENSMUSP00000042283	Eif3a	Supt16	10090	0.609	0	0	0	0.187	0	0	0.539
10090.ENSMUSP00000025955	10090.ENSMUSP00000133649	Eif3a	Syncrip	10090	0.628	0	0	0	0.442	0.258	0	0.174
10090.ENSMUSP00000025955	10090.ENSMUSP00000079628	Eif3a	Rps17	10090	0.7	0	0	0	0.117	0.534	0	0.331
10090.ENSMUSP00000025955	10090.ENSMUSP00000039110	Eif3a	Serbp1	10090	0.703	0	0	0	0.6	0.066	0	0.268
10090.ENSMUSP00000025955	10090.ENSMUSP00000143910	Eif3a	Eif4h	10090	0.707	0	0	0	0.214	0.434	0	0.395
10090.ENSMUSP00000025955	10090.ENSMUSP00000026520	Eif3a	Paip1	10090	0.744	0	0	0	0.157	0.554	0	0.372
10090.ENSMUSP00000025955	10090.ENSMUSP00000029803	Eif3a	Eif4e	10090	0.769	0	0	0	0.142	0.137	0	0.713
10090.ENSMUSP00000025955	10090.ENSMUSP00000157948	Eif3a	Rps14	10090	0.808	0	0	0	0.198	0.766	0	0.06
10090.ENSMUSP00000025955	10090.ENSMUSP00000084387	Eif3a	Eif1ax	10090	0.83	0	0	0	0.176	0.414	0.65	0.117
10090.ENSMUSP00000025955	10090.ENSMUSP00000117616	Eif3a	Tpr	10090	0.833	0	0	0	0.833	0	0	0
10090.ENSMUSP00000025955	10090.ENSMUSP00000127774	Eif3a	Eif4b	10090	0.859	0	0	0	0.249	0.631	0	0.533
10090.ENSMUSP00000025955	10090.ENSMUSP00000134615	Eif3a	Rps28	10090	0.865	0	0	0	0.171	0.831	0	0.116
10090.ENSMUSP00000025955	10090.ENSMUSP00000103940	Eif3a	Rps16	10090	0.877	0	0	0	0.24	0.833	0	0.111
10090.ENSMUSP00000025955	10090.ENSMUSP00000027438	Eif3a	Ncl	10090	0.894	0	0	0	0.852	0.111	0	0.259
10090.ENSMUSP00000025955	10090.ENSMUSP00000099757	Eif3a	Rps8	10090	0.897	0	0	0	0.251	0.833	0	0.244
10090.ENSMUSP00000025955	10090.ENSMUSP00000058432	Eif3a	Rps21	10090	0.898	0	0	0	0.123	0.838	0	0.341
10090.ENSMUSP00000025955	10090.ENSMUSP00000104068	Eif3a	Rps19	10090	0.901	0	0	0	0.163	0.881	0	0.092
10090.ENSMUSP00000025955	10090.ENSMUSP00000079180	Eif3a	Rps25	10090	0.929	0	0	0	0.217	0.887	0	0.26
10090.ENSMUSP00000025955	10090.ENSMUSP00000111120	Eif3a	Eif4g1	10090	0.931	0	0	0	0.306	0.82	0	0.495
10090.ENSMUSP00000025955	10090.ENSMUSP00000126294	Eif3a	Rps13	10090	0.933	0	0	0	0.206	0.906	0	0.181
10090.ENSMUSP00000025955	10090.ENSMUSP00000059395	Eif3a	Eif2s3x	10090	0.957	0	0	0	0.224	0.785	0.65	0.361
10090.ENSMUSP00000025955	10090.ENSMUSP00000120528	Eif3a	Rps20	10090	0.961	0	0	0	0.254	0.901	0	0.515
10090.ENSMUSP00000025955	10090.ENSMUSP00000035105	Eif3a	Rpsa	10090	0.963	0	0	0	0.292	0.888	0	0.574
10090.ENSMUSP00000025955	10090.ENSMUSP00000029722	Eif3a	Rps3a1	10090	0.977	0	0	0	0.299	0.927	0	0.589
10090.ENSMUSP00000025955	10090.ENSMUSP00000032998	Eif3a	Rps3	10090	0.98	0	0	0	0.35	0.934	0	0.588
10090.ENSMUSP00000025955	10090.ENSMUSP00000096777	Eif3a	Eif2s2	10090	0.992	0	0	0	0.306	0.936	0.65	0.56
10090.ENSMUSP00000026479	10090.ENSMUSP00000137503	Dctn2	Actr3	10090	0.444	0	0	0	0.054	0.289	0	0.24
10090.ENSMUSP00000026479	10090.ENSMUSP00000050292	Dctn2	Ptges3	10090	0.445	0	0	0	0.113	0	0.4	0
10090.ENSMUSP00000026479	10090.ENSMUSP00000086542	Dctn2	Nsfl1c	10090	0.481	0	0	0	0.481	0	0	0
10090.ENSMUSP00000026479	10090.ENSMUSP00000132142	Dctn2	Galnt1	10090	0.509	0	0	0	0.051	0	0.5	0.049
10090.ENSMUSP00000026479	10090.ENSMUSP00000071054	Dctn2	Psmc3	10090	0.534	0	0	0	0.347	0.064	0	0.299
10090.ENSMUSP00000026479	10090.ENSMUSP00000157011	Dctn2	Rab18	10090	0.541	0	0	0	0.12	0	0.5	0
10090.ENSMUSP00000026479	10090.ENSMUSP00000032508	Dctn2	Fkbp4	10090	0.555	0	0	0	0.115	0	0.4	0.23
10090.ENSMUSP00000026479	10090.ENSMUSP00000055637	Dctn2	Marcksl1	10090	0.569	0	0	0	0.053	0.238	0	0.451
10090.ENSMUSP00000026479	10090.ENSMUSP00000091921	Dctn2	Hsp90aa1	10090	0.838	0	0	0	0.061	0.066	0.8	0.185
10090.ENSMUSP00000026479	10090.ENSMUSP00000098066	Dctn2	Actb	10090	0.923	0	0	0	0.061	0.854	0	0.487
10090.ENSMUSP00000026479	10090.ENSMUSP00000030158	Dctn2	Dctn3	10090	0.999	0	0	0	0.211	0.931	0.9	0.847
10090.ENSMUSP00000026520	10090.ENSMUSP00000120528	Paip1	Rps20	10090	0.408	0	0	0	0.103	0.338	0	0.083
10090.ENSMUSP00000026520	10090.ENSMUSP00000079180	Paip1	Rps25	10090	0.425	0	0	0	0.093	0.338	0	0.119
10090.ENSMUSP00000026520	10090.ENSMUSP00000126294	Paip1	Rps13	10090	0.427	0	0	0	0.114	0.338	0	0.102
10090.ENSMUSP00000026520	10090.ENSMUSP00000134615	Paip1	Rps28	10090	0.433	0	0	0	0.095	0.338	0	0.13
10090.ENSMUSP00000026520	10090.ENSMUSP00000032998	Paip1	Rps3	10090	0.442	0	0	0	0.104	0.287	0	0.197
10090.ENSMUSP00000026520	10090.ENSMUSP00000099757	Paip1	Rps8	10090	0.449	0	0	0	0.096	0.338	0	0.154
10090.ENSMUSP00000026520	10090.ENSMUSP00000027438	Paip1	Ncl	10090	0.459	0	0	0	0.089	0.361	0	0.145
10090.ENSMUSP00000026520	10090.ENSMUSP00000103940	Paip1	Rps16	10090	0.461	0	0	0	0	0.384	0	0.161
10090.ENSMUSP00000026520	10090.ENSMUSP00000035105	Paip1	Rpsa	10090	0.505	0	0	0	0.053	0.391	0	0.21
10090.ENSMUSP00000026520	10090.ENSMUSP00000143910	Paip1	Eif4h	10090	0.597	0	0	0	0.149	0.274	0	0.4
10090.ENSMUSP00000026520	10090.ENSMUSP00000026667	Paip1	Eif4a3	10090	0.648	0	0	0	0.082	0.17	0.5	0.186
10090.ENSMUSP00000026520	10090.ENSMUSP00000096777	Paip1	Eif2s2	10090	0.65	0	0	0	0.114	0.338	0	0.451
10090.ENSMUSP00000026520	10090.ENSMUSP00000111120	Paip1	Eif4g1	10090	0.889	0	0	0	0	0	0.8	0.472
10090.ENSMUSP00000026520	10090.ENSMUSP00000127774	Paip1	Eif4b	10090	0.941	0	0	0	0.155	0.28	0.8	0.574
10090.ENSMUSP00000026520	10090.ENSMUSP00000029803	Paip1	Eif4e	10090	0.957	0	0	0	0.102	0.539	0.8	0.543
10090.ENSMUSP00000026520	10090.ENSMUSP00000133649	Paip1	Syncrip	10090	0.974	0	0	0	0.098	0.238	0.72	0.882
10090.ENSMUSP00000026576	10090.ENSMUSP00000101006	Taldo1	Atp5d	10090	0.4	0.223	0	0	0.077	0	0	0.231
10090.ENSMUSP00000026576	10090.ENSMUSP00000132082	Taldo1	Iars	10090	0.411	0.063	0	0	0.167	0	0	0.306
10090.ENSMUSP00000026576	10090.ENSMUSP00000146030	Taldo1	Txnrd2	10090	0.425	0.062	0	0	0.183	0	0	0.31
10090.ENSMUSP00000026576	10090.ENSMUSP00000029610	Taldo1	Hadh	10090	0.435	0.044	0	0	0.138	0	0	0.369
10090.ENSMUSP00000026576	10090.ENSMUSP00000047665	Taldo1	Adk	10090	0.439	0.109	0	0	0.112	0	0	0.347
10090.ENSMUSP00000026576	10090.ENSMUSP00000123765	Taldo1	Sucla2	10090	0.448	0.091	0	0	0.13	0	0	0.359
10090.ENSMUSP00000026576	10090.ENSMUSP00000098066	Taldo1	Actb	10090	0.457	0	0	0	0.232	0	0	0.321
10090.ENSMUSP00000026576	10090.ENSMUSP00000031399	Taldo1	Psph	10090	0.48	0.223	0	0	0.061	0	0	0.344
10090.ENSMUSP00000026576	10090.ENSMUSP00000035105	Taldo1	Rpsa	10090	0.509	0	0	0	0.273	0.082	0	0.323
10090.ENSMUSP00000026576	10090.ENSMUSP00000027810	Taldo1	Fh1	10090	0.614	0	0	0	0.121	0.102	0	0.551
10090.ENSMUSP00000026576	10090.ENSMUSP00000124579	Taldo1	Asl	10090	0.619	0.223	0	0	0	0	0	0.53
10090.ENSMUSP00000026576	10090.ENSMUSP00000047218	Taldo1	Grhpr	10090	0.725	0.056	0	0	0.357	0.046	0	0.581
10090.ENSMUSP00000026576	10090.ENSMUSP00000106180	Taldo1	Sord	10090	0.742	0.093	0	0	0.118	0.35	0	0.562
10090.ENSMUSP00000026576	10090.ENSMUSP00000080302	Taldo1	Pgk1	10090	0.806	0.093	0	0	0.187	0	0	0.758
10090.ENSMUSP00000026576	10090.ENSMUSP00000090564	Taldo1	Fbp1	10090	0.958	0.119	0	0	0.114	0	0.9	0.533
10090.ENSMUSP00000026576	10090.ENSMUSP00000030830	Taldo1	H6pd	10090	0.961	0.331	0	0	0.584	0.282	0	0.83
10090.ENSMUSP00000026576	10090.ENSMUSP00000130858	Taldo1	Tpi1	10090	0.972	0.12	0	0	0.392	0.138	0.8	0.748
10090.ENSMUSP00000026576	10090.ENSMUSP00000081141	Taldo1	Pgd	10090	0.988	0.12	0	0	0.874	0.335	0	0.856
10090.ENSMUSP00000026625	10090.ENSMUSP00000052544	Clybl	Zadh2	10090	0.405	0	0	0	0.054	0	0	0.397
10090.ENSMUSP00000026625	10090.ENSMUSP00000091921	Clybl	Hsp90aa1	10090	0.405	0.041	0	0	0.272	0.156	0	0.11
10090.ENSMUSP00000026625	10090.ENSMUSP00000121557	Clybl	Ndufv2	10090	0.411	0	0	0	0.063	0.291	0	0.185
10090.ENSMUSP00000026625	10090.ENSMUSP00000029877	Clybl	Decr1	10090	0.415	0	0	0	0.127	0.343	0	0.061
10090.ENSMUSP00000026625	10090.ENSMUSP00000144413	Clybl	Hsph1	10090	0.421	0	0	0	0.253	0.236	0	0.068
10090.ENSMUSP00000026625	10090.ENSMUSP00000045606	Clybl	Hibch	10090	0.466	0.042	0	0	0.248	0.302	0	0.064
10090.ENSMUSP00000026625	10090.ENSMUSP00000066621	Clybl	Glrx3	10090	0.474	0	0	0	0.055	0.058	0	0.456
10090.ENSMUSP00000026667	10090.ENSMUSP00000096777	Eif4a3	Eif2s2	10090	0.404	0	0	0	0.131	0.109	0	0.291
10090.ENSMUSP00000026667	10090.ENSMUSP00000126897	Eif4a3	Mov10	10090	0.408	0	0	0	0	0.102	0	0.368
10090.ENSMUSP00000026667	10090.ENSMUSP00000068267	Eif4a3	Strap	10090	0.415	0	0	0	0.213	0.104	0	0.237
10090.ENSMUSP00000026667	10090.ENSMUSP00000048153	Eif4a3	Rbmxl1	10090	0.424	0	0	0	0.218	0.112	0	0.238
10090.ENSMUSP00000026667	10090.ENSMUSP00000039109	Eif4a3	Ppp1ca	10090	0.435	0	0	0	0.381	0.093	0	0.074
10090.ENSMUSP00000026667	10090.ENSMUSP00000146474	Eif4a3	Nap1l4	10090	0.44	0	0.001	0	0.375	0.064	0	0.12
10090.ENSMUSP00000026667	10090.ENSMUSP00000077744	Eif4a3	Uqcrh	10090	0.44	0	0	0	0.126	0	0	0.386
10090.ENSMUSP00000026667	10090.ENSMUSP00000133649	Eif4a3	Syncrip	10090	0.445	0	0	0	0.129	0.251	0	0.218
10090.ENSMUSP00000026667	10090.ENSMUSP00000034226	Eif4a3	Fam192a	10090	0.451	0	0	0	0.155	0.377	0	0
10090.ENSMUSP00000026667	10090.ENSMUSP00000103940	Eif4a3	Rps16	10090	0.454	0	0	0	0.222	0.218	0	0.175
10090.ENSMUSP00000026667	10090.ENSMUSP00000083705	Eif4a3	Rplp0	10090	0.459	0	0	0	0.203	0.226	0	0.193
10090.ENSMUSP00000026667	10090.ENSMUSP00000120528	Eif4a3	Rps20	10090	0.46	0	0	0	0.314	0.106	0	0.19
10090.ENSMUSP00000026667	10090.ENSMUSP00000032165	Eif4a3	Ruvbl1	10090	0.463	0	0	0	0.389	0.075	0	0.126
10090.ENSMUSP00000026667	10090.ENSMUSP00000079180	Eif4a3	Rps25	10090	0.468	0	0	0	0.289	0.117	0	0.221
10090.ENSMUSP00000026667	10090.ENSMUSP00000158738	Eif4a3	Cct6a	10090	0.472	0	0	0	0.408	0.078	0	0.108
10090.ENSMUSP00000026667	10090.ENSMUSP00000133855	Eif4a3	Gps1	10090	0.477	0	0	0	0.475	0	0	0.046
10090.ENSMUSP00000026667	10090.ENSMUSP00000047571	Eif4a3	Hnrnpu	10090	0.481	0	0	0	0.131	0.209	0	0.305
10090.ENSMUSP00000026667	10090.ENSMUSP00000086987	Eif4a3	Snrpg	10090	0.49	0	0	0	0.193	0.377	0	0.068
10090.ENSMUSP00000026667	10090.ENSMUSP00000102870	Eif4a3	Rpl27	10090	0.495	0	0	0	0.3	0.166	0	0.205
10090.ENSMUSP00000026667	10090.ENSMUSP00000032824	Eif4a3	Psmc4	10090	0.5	0	0	0	0.454	0.048	0	0.115
10090.ENSMUSP00000026667	10090.ENSMUSP00000038964	Eif4a3	Rbm3	10090	0.51	0	0	0	0.31	0.112	0	0.264
10090.ENSMUSP00000026667	10090.ENSMUSP00000078589	Eif4a3	Ybx1	10090	0.524	0.044	0	0	0.073	0.354	0	0.266
10090.ENSMUSP00000026667	10090.ENSMUSP00000120115	Eif4a3	Hnrnpm	10090	0.526	0.042	0	0	0.244	0.178	0	0.297
10090.ENSMUSP00000026667	10090.ENSMUSP00000027438	Eif4a3	Ncl	10090	0.542	0	0	0	0.114	0.137	0	0.449
10090.ENSMUSP00000026667	10090.ENSMUSP00000114434	Eif4a3	Pa2g4	10090	0.544	0	0	0	0.493	0.063	0	0.117
10090.ENSMUSP00000026667	10090.ENSMUSP00000117616	Eif4a3	Tpr	10090	0.557	0	0	0	0.122	0.071	0.5	0.042
10090.ENSMUSP00000026667	10090.ENSMUSP00000091435	Eif4a3	Sept9	10090	0.561	0	0	0	0.046	0.049	0	0.555
10090.ENSMUSP00000026667	10090.ENSMUSP00000034311	Eif4a3	Lsm4	10090	0.564	0	0.004	0	0.292	0.238	0	0.257
10090.ENSMUSP00000026667	10090.ENSMUSP00000027173	Eif4a3	Wdr12	10090	0.572	0	0	0	0.375	0.268	0	0.14
10090.ENSMUSP00000026667	10090.ENSMUSP00000143910	Eif4a3	Eif4h	10090	0.582	0	0	0	0.242	0.112	0	0.429
10090.ENSMUSP00000026667	10090.ENSMUSP00000032998	Eif4a3	Rps3	10090	0.593	0	0	0	0.363	0.184	0	0.28
10090.ENSMUSP00000026667	10090.ENSMUSP00000116108	Eif4a3	Tcp1	10090	0.598	0	0	0	0.412	0.078	0	0.319
10090.ENSMUSP00000026667	10090.ENSMUSP00000117947	Eif4a3	Snrpa1	10090	0.603	0	0	0	0.288	0.377	0	0.176
10090.ENSMUSP00000026667	10090.ENSMUSP00000129620	Eif4a3	Erh	10090	0.606	0	0	0	0.335	0.36	0	0.148
10090.ENSMUSP00000026667	10090.ENSMUSP00000099561	Eif4a3	Mrto4	10090	0.606	0	0	0	0.457	0.226	0	0.139
10090.ENSMUSP00000026667	10090.ENSMUSP00000147816	Eif4a3	Rpl18	10090	0.626	0	0	0	0.364	0.419	0	0.069
10090.ENSMUSP00000026667	10090.ENSMUSP00000133728	Eif4a3	Hnrnpl	10090	0.631	0	0	0	0.165	0.096	0	0.55
10090.ENSMUSP00000026667	10090.ENSMUSP00000130023	Eif4a3	Hnrnpf	10090	0.64	0	0	0	0.341	0.349	0	0.227
10090.ENSMUSP00000026667	10090.ENSMUSP00000032078	Eif4a3	Cct7	10090	0.658	0	0	0	0.618	0.078	0	0.105
10090.ENSMUSP00000026667	10090.ENSMUSP00000037597	Eif4a3	Snrpd2	10090	0.664	0	0	0	0.297	0.505	0	0.114
10090.ENSMUSP00000026667	10090.ENSMUSP00000081142	Eif4a3	Tardbp	10090	0.7	0	0	0	0.184	0.112	0	0.619
10090.ENSMUSP00000026667	10090.ENSMUSP00000112104	Eif4a3	Hnrnpk	10090	0.701	0	0	0	0.372	0.37	0	0.304
10090.ENSMUSP00000026667	10090.ENSMUSP00000114968	Eif4a3	Plrg1	10090	0.771	0	0	0	0.299	0.658	0	0.12
10090.ENSMUSP00000026667	10090.ENSMUSP00000101858	Eif4a3	Fus	10090	0.773	0	0	0	0.211	0.094	0	0.707
10090.ENSMUSP00000026667	10090.ENSMUSP00000079722	Eif4a3	Thrap3	10090	0.828	0	0	0	0.113	0.252	0.72	0.185
10090.ENSMUSP00000026667	10090.ENSMUSP00000127774	Eif4a3	Eif4b	10090	0.849	0	0	0	0.094	0.112	0.5	0.67
10090.ENSMUSP00000026667	10090.ENSMUSP00000043123	Eif4a3	Srrt	10090	0.865	0	0	0	0.197	0.053	0.8	0.219
10090.ENSMUSP00000026667	10090.ENSMUSP00000111120	Eif4a3	Eif4g1	10090	0.868	0	0	0	0.104	0.17	0.5	0.688
10090.ENSMUSP00000026667	10090.ENSMUSP00000136858	Eif4a3	Prpf19	10090	0.901	0	0	0	0.232	0.663	0.54	0.272
10090.ENSMUSP00000026667	10090.ENSMUSP00000032440	Eif4a3	Sec13	10090	0.903	0	0	0	0.795	0.058	0.5	0.116
10090.ENSMUSP00000026667	10090.ENSMUSP00000099509	Eif4a3	Snrnp200	10090	0.935	0	0	0	0.231	0.64	0.72	0.264
10090.ENSMUSP00000026667	10090.ENSMUSP00000029803	Eif4a3	Eif4e	10090	0.981	0	0	0	0.096	0.171	0.5	0.955
10090.ENSMUSP00000026698	10090.ENSMUSP00000079752	Podxl	Lrp2	10090	0.412	0	0	0	0.053	0.052	0	0.398
10090.ENSMUSP00000026698	10090.ENSMUSP00000087457	Podxl	Itgb1	10090	0.436	0	0	0	0.057	0.065	0	0.412
10090.ENSMUSP00000026698	10090.ENSMUSP00000130660	Podxl	Gba	10090	0.471	0	0	0	0	0.041	0	0.471
10090.ENSMUSP00000026698	10090.ENSMUSP00000034131	Podxl	Vps35	10090	0.473	0	0	0	0	0.068	0	0.458
10090.ENSMUSP00000026698	10090.ENSMUSP00000113556	Podxl	Itga3	10090	0.479	0	0	0	0.153	0	0	0.41
10090.ENSMUSP00000026698	10090.ENSMUSP00000111120	Podxl	Eif4g1	10090	0.482	0	0	0	0.061	0.077	0	0.451
10090.ENSMUSP00000027050	10090.ENSMUSP00000134615	Cops5	Rps28	10090	0.4	0	0	0	0.105	0.354	0	0.047
10090.ENSMUSP00000027050	10090.ENSMUSP00000156121	Cops5	Ube2l3	10090	0.403	0.043	0	0	0.314	0.071	0	0.136
10090.ENSMUSP00000027050	10090.ENSMUSP00000050036	Cops5	Cnrip1	10090	0.405	0	0	0	0	0	0	0.405
10090.ENSMUSP00000027050	10090.ENSMUSP00000028517	Cops5	Ola1	10090	0.41	0	0	0	0.34	0.118	0	0.068
10090.ENSMUSP00000027050	10090.ENSMUSP00000109815	Cops5	Chmp3	10090	0.413	0	0	0	0.135	0.266	0	0.15
10090.ENSMUSP00000027050	10090.ENSMUSP00000102724	Cops5	Plaa	10090	0.433	0	0	0	0.32	0.066	0	0.178
10090.ENSMUSP00000027050	10090.ENSMUSP00000115044	Cops5	Sumo2	10090	0.441	0	0	0	0.139	0.098	0	0.338
10090.ENSMUSP00000027050	10090.ENSMUSP00000030769	Cops5	Psmc2	10090	0.443	0	0	0	0.237	0.24	0	0.117
10090.ENSMUSP00000027050	10090.ENSMUSP00000099757	Cops5	Rps8	10090	0.45	0	0	0	0.137	0.378	0	0.057
10090.ENSMUSP00000027050	10090.ENSMUSP00000033720	Cops5	Rbbp7	10090	0.455	0	0	0	0.129	0	0.4	0.041
10090.ENSMUSP00000027050	10090.ENSMUSP00000028225	Cops5	Psmd5	10090	0.461	0	0	0	0.211	0.273	0	0.136
10090.ENSMUSP00000027050	10090.ENSMUSP00000147619	Cops5	Usp47	10090	0.463	0	0	0	0.095	0	0	0.43
10090.ENSMUSP00000027050	10090.ENSMUSP00000029722	Cops5	Rps3a1	10090	0.469	0	0	0	0.161	0.393	0	0
10090.ENSMUSP00000027050	10090.ENSMUSP00000109585	Cops5	Wdr5	10090	0.469	0	0	0	0.057	0.094	0.4	0.087
10090.ENSMUSP00000027050	10090.ENSMUSP00000032165	Cops5	Ruvbl1	10090	0.507	0	0	0	0.15	0.111	0.4	0
10090.ENSMUSP00000027050	10090.ENSMUSP00000032998	Cops5	Rps3	10090	0.514	0	0	0	0.157	0.415	0	0.093
10090.ENSMUSP00000027050	10090.ENSMUSP00000028083	Cops5	Psmb7	10090	0.522	0	0	0	0.375	0.22	0	0.099
10090.ENSMUSP00000027050	10090.ENSMUSP00000086716	Cops5	Usp9x	10090	0.526	0	0	0	0.072	0.076	0	0.492
10090.ENSMUSP00000027050	10090.ENSMUSP00000096777	Cops5	Eif2s2	10090	0.529	0	0	0	0.34	0.274	0	0.096
10090.ENSMUSP00000027050	10090.ENSMUSP00000084387	Cops5	Eif1ax	10090	0.531	0	0	0	0.476	0.142	0	0
10090.ENSMUSP00000027050	10090.ENSMUSP00000029214	Cops5	Actl6a	10090	0.535	0	0	0	0.212	0.096	0.4	0
10090.ENSMUSP00000027050	10090.ENSMUSP00000032824	Cops5	Psmc4	10090	0.541	0.044	0	0	0.268	0.327	0	0.14
10090.ENSMUSP00000027050	10090.ENSMUSP00000121557	Cops5	Ndufv2	10090	0.545	0	0	0	0.532	0	0	0.067
10090.ENSMUSP00000027050	10090.ENSMUSP00000096932	Cops5	Ube2n	10090	0.576	0.043	0	0	0.19	0.071	0	0.48
10090.ENSMUSP00000027050	10090.ENSMUSP00000099859	Cops5	Ublcp1	10090	0.589	0	0	0	0.136	0.417	0	0.251
10090.ENSMUSP00000027050	10090.ENSMUSP00000066210	Cops5	Elob	10090	0.605	0	0	0	0.082	0.47	0	0.254
10090.ENSMUSP00000027050	10090.ENSMUSP00000099509	Cops5	Snrnp200	10090	0.609	0	0	0	0.099	0	0	0.583
10090.ENSMUSP00000027050	10090.ENSMUSP00000086542	Cops5	Nsfl1c	10090	0.641	0	0	0	0.631	0.066	0	0
10090.ENSMUSP00000027050	10090.ENSMUSP00000071054	Cops5	Psmc3	10090	0.675	0.044	0	0	0.458	0.327	0	0.178
10090.ENSMUSP00000027050	10090.ENSMUSP00000103817	Cops5	Dcun1d1	10090	0.684	0	0	0	0.086	0.097	0.4	0.438
10090.ENSMUSP00000027050	10090.ENSMUSP00000104068	Cops5	Rps19	10090	0.717	0	0	0	0.09	0.376	0	0.542
10090.ENSMUSP00000027050	10090.ENSMUSP00000034349	Cops5	Nae1	10090	0.745	0.052	0	0	0.202	0.095	0	0.671
10090.ENSMUSP00000027050	10090.ENSMUSP00000028278	Cops5	Psmd14	10090	0.755	0	0	0	0.556	0.097	0	0.438
10090.ENSMUSP00000027050	10090.ENSMUSP00000055122	Cops5	Epb41l2	10090	0.779	0	0	0	0	0.243	0.72	0
10090.ENSMUSP00000027050	10090.ENSMUSP00000140106	Cops5	Uchl5	10090	0.784	0	0	0	0.321	0.258	0	0.606
10090.ENSMUSP00000027050	10090.ENSMUSP00000086701	Cops5	Uba3	10090	0.815	0.052	0	0	0.286	0.137	0	0.72
10090.ENSMUSP00000027050	10090.ENSMUSP00000066621	Cops5	Glrx3	10090	0.818	0	0	0	0.809	0.052	0	0.077
10090.ENSMUSP00000027050	10090.ENSMUSP00000158375	Cops5	Txnl1	10090	0.878	0	0	0	0.822	0.214	0	0.197
10090.ENSMUSP00000027050	10090.ENSMUSP00000139480	Cops5	Eloc	10090	0.88	0	0	0	0.299	0.631	0	0.573
10090.ENSMUSP00000027050	10090.ENSMUSP00000041149	Cops5	Mif	10090	0.895	0	0	0	0.098	0.267	0	0.853
10090.ENSMUSP00000027050	10090.ENSMUSP00000031697	Cops5	Cul1	10090	0.977	0	0	0	0.177	0.767	0	0.894
10090.ENSMUSP00000027050	10090.ENSMUSP00000133855	Cops5	Gps1	10090	0.999	0	0	0	0.248	0.976	0.9	0.82
10090.ENSMUSP00000027050	10090.ENSMUSP00000106090	Cops5	Cops2	10090	0.999	0	0	0	0.486	0.988	0.9	0.828
10090.ENSMUSP00000027050	10090.ENSMUSP00000048416	Cops5	Cops4	10090	0.999	0	0	0	0.452	0.985	0.9	0.941
10090.ENSMUSP00000027050	10090.ENSMUSP00000035884	Cops5	Cops8	10090	0.999	0	0	0	0.385	0.915	0.9	0.914
10090.ENSMUSP00000027067	10090.ENSMUSP00000030296	Gsta3	Txndc12	10090	0.705	0	0	0	0.056	0	0.65	0.179
10090.ENSMUSP00000027067	10090.ENSMUSP00000030332	Gsta3	Gpx7	10090	0.783	0	0	0	0.062	0	0.65	0.392
10090.ENSMUSP00000027173	10090.ENSMUSP00000029803	Wdr12	Eif4e	10090	0.405	0	0.247	0	0.242	0	0	0
10090.ENSMUSP00000027173	10090.ENSMUSP00000027438	Wdr12	Ncl	10090	0.415	0	0	0	0.198	0	0	0.301
10090.ENSMUSP00000027173	10090.ENSMUSP00000075067	Wdr12	Npm1	10090	0.427	0	0	0	0.173	0.068	0	0.316
10090.ENSMUSP00000027173	10090.ENSMUSP00000104068	Wdr12	Rps19	10090	0.449	0	0	0	0.087	0.088	0	0.391
10090.ENSMUSP00000027173	10090.ENSMUSP00000029804	Wdr12	Metap1	10090	0.572	0	0	0	0.46	0	0	0.239
10090.ENSMUSP00000027173	10090.ENSMUSP00000103940	Wdr12	Rps16	10090	0.628	0	0	0	0.108	0.552	0	0.143
10090.ENSMUSP00000027173	10090.ENSMUSP00000118787	Wdr12	Rpl22	10090	0.851	0	0	0	0.057	0.68	0.5	0.134
10090.ENSMUSP00000027173	10090.ENSMUSP00000147816	Wdr12	Rpl18	10090	0.909	0	0	0	0.102	0.814	0.5	0
10090.ENSMUSP00000027173	10090.ENSMUSP00000114434	Wdr12	Pa2g4	10090	0.921	0	0	0	0.832	0	0	0.552
10090.ENSMUSP00000027173	10090.ENSMUSP00000102870	Wdr12	Rpl27	10090	0.923	0	0	0	0.112	0.797	0.5	0.255
10090.ENSMUSP00000027173	10090.ENSMUSP00000131489	Wdr12	Rpl14	10090	0.927	0	0	0	0.093	0.814	0.5	0.24
10090.ENSMUSP00000027173	10090.ENSMUSP00000083705	Wdr12	Rplp0	10090	0.935	0	0	0	0.38	0.766	0.5	0.211
10090.ENSMUSP00000027173	10090.ENSMUSP00000099561	Wdr12	Mrto4	10090	0.995	0	0	0	0.718	0.913	0.54	0.666
10090.ENSMUSP00000027438	10090.ENSMUSP00000087457	Ncl	Itgb1	10090	0.404	0	0	0	0.102	0	0	0.364
10090.ENSMUSP00000027438	10090.ENSMUSP00000035105	Ncl	Rpsa	10090	0.405	0	0	0	0.224	0.064	0	0.247
10090.ENSMUSP00000027438	10090.ENSMUSP00000048153	Ncl	Rbmxl1	10090	0.409	0	0	0.19	0.152	0.127	0	0.13
10090.ENSMUSP00000027438	10090.ENSMUSP00000121005	Ncl	Hnrnpdl	10090	0.431	0	0	0.128	0.212	0.127	0	0.162
10090.ENSMUSP00000027438	10090.ENSMUSP00000082652	Ncl	Anp32a	10090	0.441	0	0	0	0.108	0.061	0	0.386
10090.ENSMUSP00000027438	10090.ENSMUSP00000081142	Ncl	Tardbp	10090	0.451	0	0	0	0.266	0.127	0	0.211
10090.ENSMUSP00000027438	10090.ENSMUSP00000104068	Ncl	Rps19	10090	0.452	0	0	0	0.199	0.093	0	0.306
10090.ENSMUSP00000027438	10090.ENSMUSP00000125761	Ncl	Matr3	10090	0.47	0	0	0	0.221	0.052	0	0.34
10090.ENSMUSP00000027438	10090.ENSMUSP00000079722	Ncl	Thrap3	10090	0.473	0	0	0	0.414	0.053	0	0.127
10090.ENSMUSP00000027438	10090.ENSMUSP00000044188	Ncl	Ptma	10090	0.476	0	0	0	0.402	0.067	0	0.136
10090.ENSMUSP00000027438	10090.ENSMUSP00000083705	Ncl	Rplp0	10090	0.486	0	0	0	0.25	0.191	0	0.221
10090.ENSMUSP00000027438	10090.ENSMUSP00000056604	Ncl	H2bc1	10090	0.489	0	0	0	0	0.061	0	0.479
10090.ENSMUSP00000027438	10090.ENSMUSP00000118169	Ncl	Lgals3	10090	0.492	0	0	0	0.048	0	0	0.489
10090.ENSMUSP00000027438	10090.ENSMUSP00000099757	Ncl	Rps8	10090	0.495	0	0	0	0.255	0.226	0	0.193
10090.ENSMUSP00000027438	10090.ENSMUSP00000137440	Ncl	Canx	10090	0.496	0	0	0	0.103	0	0	0.461
10090.ENSMUSP00000027438	10090.ENSMUSP00000075031	Ncl	Gm10282	10090	0.509	0	0	0	0.047	0.058	0	0.498
10090.ENSMUSP00000027438	10090.ENSMUSP00000029722	Ncl	Rps3a1	10090	0.512	0	0	0	0.297	0.194	0	0.207
10090.ENSMUSP00000027438	10090.ENSMUSP00000109585	Ncl	Wdr5	10090	0.517	0	0	0	0.107	0.061	0	0.471
10090.ENSMUSP00000027438	10090.ENSMUSP00000116108	Ncl	Tcp1	10090	0.557	0	0	0	0.503	0	0	0.145
10090.ENSMUSP00000027438	10090.ENSMUSP00000133302	Ncl	Apoe	10090	0.561	0	0	0	0	0	0	0.561
10090.ENSMUSP00000027438	10090.ENSMUSP00000027777	Ncl	Parp1	10090	0.564	0	0	0	0.162	0.089	0	0.474
10090.ENSMUSP00000027438	10090.ENSMUSP00000038964	Ncl	Rbm3	10090	0.575	0	0	0.108	0.193	0.127	0	0.404
10090.ENSMUSP00000027438	10090.ENSMUSP00000143910	Ncl	Eif4h	10090	0.576	0	0	0	0.19	0.127	0	0.448
10090.ENSMUSP00000027438	10090.ENSMUSP00000120115	Ncl	Hnrnpm	10090	0.576	0	0	0	0.425	0.078	0	0.264
10090.ENSMUSP00000027438	10090.ENSMUSP00000111120	Ncl	Eif4g1	10090	0.586	0	0	0	0.16	0.361	0	0.291
10090.ENSMUSP00000027438	10090.ENSMUSP00000101858	Ncl	Fus	10090	0.588	0	0	0	0.362	0.237	0	0.221
10090.ENSMUSP00000027438	10090.ENSMUSP00000157948	Ncl	Rps14	10090	0.599	0	0	0	0.144	0.063	0.4	0.265
10090.ENSMUSP00000027438	10090.ENSMUSP00000120528	Ncl	Rps20	10090	0.6	0	0	0	0.228	0.085	0	0.48
10090.ENSMUSP00000027438	10090.ENSMUSP00000098066	Ncl	Actb	10090	0.607	0	0	0	0.116	0.192	0	0.493
10090.ENSMUSP00000027438	10090.ENSMUSP00000114434	Ncl	Pa2g4	10090	0.615	0	0	0	0.381	0.267	0	0.219
10090.ENSMUSP00000027438	10090.ENSMUSP00000117616	Ncl	Tpr	10090	0.618	0	0	0	0.435	0.104	0	0.306
10090.ENSMUSP00000027438	10090.ENSMUSP00000033673	Ncl	Nono	10090	0.623	0	0	0	0.179	0.076	0	0.544
10090.ENSMUSP00000027438	10090.ENSMUSP00000042283	Ncl	Supt16	10090	0.627	0	0	0	0.23	0	0	0.536
10090.ENSMUSP00000027438	10090.ENSMUSP00000130023	Ncl	Hnrnpf	10090	0.628	0	0	0	0.15	0.048	0	0.577
10090.ENSMUSP00000027438	10090.ENSMUSP00000035077	Ncl	Ltf	10090	0.633	0	0	0	0	0.117	0	0.602
10090.ENSMUSP00000027438	10090.ENSMUSP00000099930	Ncl	Set	10090	0.641	0	0	0	0.443	0	0	0.381
10090.ENSMUSP00000027438	10090.ENSMUSP00000133649	Ncl	Syncrip	10090	0.66	0	0	0	0.492	0.25	0	0.181
10090.ENSMUSP00000027438	10090.ENSMUSP00000133728	Ncl	Hnrnpl	10090	0.683	0	0	0	0.178	0	0	0.63
10090.ENSMUSP00000027438	10090.ENSMUSP00000034756	Ncl	Anxa2	10090	0.698	0	0	0	0.043	0	0	0.698
10090.ENSMUSP00000027438	10090.ENSMUSP00000091921	Ncl	Hsp90aa1	10090	0.706	0	0	0	0.546	0.062	0	0.366
10090.ENSMUSP00000027438	10090.ENSMUSP00000029803	Ncl	Eif4e	10090	0.713	0	0	0	0.161	0.488	0	0.385
10090.ENSMUSP00000027438	10090.ENSMUSP00000059404	Ncl	Pura	10090	0.727	0	0	0	0	0	0	0.727
10090.ENSMUSP00000027438	10090.ENSMUSP00000032998	Ncl	Rps3	10090	0.752	0	0	0	0.387	0.189	0	0.541
10090.ENSMUSP00000027438	10090.ENSMUSP00000065940	Ncl	Hmgb2	10090	0.798	0	0	0	0.137	0.059	0	0.771
10090.ENSMUSP00000027438	10090.ENSMUSP00000039110	Ncl	Serbp1	10090	0.889	0	0	0	0.836	0.227	0	0.193
10090.ENSMUSP00000027438	10090.ENSMUSP00000101049	Ncl	Col18a1	10090	0.9	0	0	0	0	0.264	0	0.869
10090.ENSMUSP00000027438	10090.ENSMUSP00000047571	Ncl	Hnrnpu	10090	0.929	0	0	0	0.666	0.201	0	0.756
10090.ENSMUSP00000027438	10090.ENSMUSP00000078589	Ncl	Ybx1	10090	0.95	0	0	0	0.24	0.254	0	0.919
10090.ENSMUSP00000027438	10090.ENSMUSP00000112104	Ncl	Hnrnpk	10090	0.979	0	0	0	0.283	0.139	0	0.969
10090.ENSMUSP00000027438	10090.ENSMUSP00000075067	Ncl	Npm1	10090	0.999	0	0	0	0.843	0.682	0	0.994
10090.ENSMUSP00000027444	10090.ENSMUSP00000071939	Pde6d	Entpd5	10090	0.65	0	0	0	0	0	0.65	0
10090.ENSMUSP00000027444	10090.ENSMUSP00000090360	Pde6d	Nt5c3b	10090	0.673	0	0	0	0.066	0	0.65	0.081
10090.ENSMUSP00000027444	10090.ENSMUSP00000099482	Pde6d	Itpa	10090	0.901	0	0	0	0.052	0	0.9	0
10090.ENSMUSP00000027444	10090.ENSMUSP00000127566	Pde6d	Guk1	10090	0.904	0	0	0	0.057	0	0.9	0.068
10090.ENSMUSP00000027494	10090.ENSMUSP00000112304	Ppp1r7	Mad2l1	10090	0.421	0	0	0	0.082	0	0	0.394
10090.ENSMUSP00000027494	10090.ENSMUSP00000030158	Ppp1r7	Dctn3	10090	0.422	0	0	0	0.133	0	0	0.36
10090.ENSMUSP00000027494	10090.ENSMUSP00000131406	Ppp1r7	Ppp1r12b	10090	0.46	0	0	0	0.042	0.095	0	0.427
10090.ENSMUSP00000027494	10090.ENSMUSP00000086542	Ppp1r7	Nsfl1c	10090	0.673	0	0	0	0.191	0.549	0	0.177
10090.ENSMUSP00000027494	10090.ENSMUSP00000099587	Ppp1r7	Ppp1cc	10090	0.924	0	0.043	0	0.117	0.725	0.36	0.57
10090.ENSMUSP00000027494	10090.ENSMUSP00000039109	Ppp1r7	Ppp1ca	10090	0.996	0	0.021	0	0.1	0.983	0.54	0.595
10090.ENSMUSP00000027667	10090.ENSMUSP00000051223	Pkp1	Ywhag	10090	0.522	0	0	0	0.082	0.081	0	0.48
10090.ENSMUSP00000027667	10090.ENSMUSP00000078589	Pkp1	Ybx1	10090	0.72	0	0	0	0	0	0.72	0.042
10090.ENSMUSP00000027667	10090.ENSMUSP00000147767	Pkp1	Casp3	10090	0.763	0	0	0	0.046	0.067	0.75	0.064
10090.ENSMUSP00000027667	10090.ENSMUSP00000074702	Pkp1	Dsc2	10090	0.873	0	0	0	0.126	0.138	0.5	0.703
10090.ENSMUSP00000027667	10090.ENSMUSP00000115062	Pkp1	Dsp	10090	0.967	0	0	0	0.067	0.376	0.4	0.917
10090.ENSMUSP00000027777	10090.ENSMUSP00000030332	Parp1	Gpx7	10090	0.4	0	0	0	0.058	0	0	0.389
10090.ENSMUSP00000027777	10090.ENSMUSP00000029803	Parp1	Eif4e	10090	0.409	0	0	0	0.065	0	0	0.394
10090.ENSMUSP00000027777	10090.ENSMUSP00000081142	Parp1	Tardbp	10090	0.421	0	0	0	0.211	0.086	0	0.262
10090.ENSMUSP00000027777	10090.ENSMUSP00000056604	Parp1	H2bc1	10090	0.423	0	0	0	0.057	0.237	0	0.263
10090.ENSMUSP00000027777	10090.ENSMUSP00000141132	Parp1	Stat1	10090	0.434	0	0	0	0	0	0	0.434
10090.ENSMUSP00000027777	10090.ENSMUSP00000031971	Parp1	Ssbp1	10090	0.439	0	0	0	0.061	0	0	0.427
10090.ENSMUSP00000027777	10090.ENSMUSP00000065983	Parp1	Mapk1	10090	0.443	0	0	0	0.108	0.082	0	0.374
10090.ENSMUSP00000027777	10090.ENSMUSP00000055757	Parp1	Pcsk9	10090	0.445	0	0	0	0	0	0	0.445
10090.ENSMUSP00000027777	10090.ENSMUSP00000127250	Parp1	Mvp	10090	0.467	0	0	0	0.054	0.18	0	0.368
10090.ENSMUSP00000027777	10090.ENSMUSP00000042283	Parp1	Supt16	10090	0.479	0	0	0	0.146	0.135	0	0.351
10090.ENSMUSP00000027777	10090.ENSMUSP00000082682	Parp1	Hmgb1	10090	0.492	0	0	0	0.163	0.102	0	0.379
10090.ENSMUSP00000027777	10090.ENSMUSP00000111443	Parp1	Ube2v2	10090	0.499	0	0	0	0	0	0.5	0
10090.ENSMUSP00000027777	10090.ENSMUSP00000033093	Parp1	Bax	10090	0.541	0	0	0	0.108	0.042	0	0.506
10090.ENSMUSP00000027777	10090.ENSMUSP00000101858	Parp1	Fus	10090	0.588	0	0	0	0.126	0.096	0	0.521
10090.ENSMUSP00000027777	10090.ENSMUSP00000096932	Parp1	Ube2n	10090	0.612	0	0	0	0.058	0.063	0.5	0.226
10090.ENSMUSP00000027777	10090.ENSMUSP00000099677	Parp1	Adprhl2	10090	0.653	0	0	0	0.08	0	0	0.638
10090.ENSMUSP00000027777	10090.ENSMUSP00000115044	Parp1	Sumo2	10090	0.66	0	0	0	0.099	0.123	0.5	0.241
10090.ENSMUSP00000027777	10090.ENSMUSP00000091921	Parp1	Hsp90aa1	10090	0.69	0	0	0	0.122	0	0	0.661
10090.ENSMUSP00000027777	10090.ENSMUSP00000075067	Parp1	Npm1	10090	0.696	0	0	0	0.198	0.051	0	0.632
10090.ENSMUSP00000027777	10090.ENSMUSP00000028430	Parp1	Cyct	10090	0.811	0	0	0	0	0	0	0.811
10090.ENSMUSP00000027777	10090.ENSMUSP00000098066	Parp1	Actb	10090	0.824	0	0	0	0.047	0	0	0.823
10090.ENSMUSP00000027777	10090.ENSMUSP00000029266	Parp1	Anxa5	10090	0.849	0	0	0	0	0	0	0.849
10090.ENSMUSP00000027777	10090.ENSMUSP00000147767	Parp1	Casp3	10090	0.997	0	0	0	0.063	0.727	0.9	0.908
10090.ENSMUSP00000027810	10090.ENSMUSP00000028278	Fh1	Psmd14	10090	0.404	0	0	0	0.313	0.168	0	0
10090.ENSMUSP00000027810	10090.ENSMUSP00000090564	Fh1	Fbp1	10090	0.51	0	0	0	0.109	0	0	0.472
10090.ENSMUSP00000027810	10090.ENSMUSP00000084572	Fh1	Vars	10090	0.551	0.179	0	0	0.131	0	0	0.421
10090.ENSMUSP00000027810	10090.ENSMUSP00000081141	Fh1	Pgd	10090	0.552	0	0	0	0.056	0.054	0	0.538
10090.ENSMUSP00000027810	10090.ENSMUSP00000047218	Fh1	Grhpr	10090	0.561	0.12	0	0	0.151	0	0	0.46
10090.ENSMUSP00000027810	10090.ENSMUSP00000029610	Fh1	Hadh	10090	0.59	0	0	0	0.212	0	0	0.502
10090.ENSMUSP00000027810	10090.ENSMUSP00000101006	Fh1	Atp5d	10090	0.595	0	0	0	0.296	0	0	0.448
10090.ENSMUSP00000027810	10090.ENSMUSP00000080302	Fh1	Pgk1	10090	0.609	0	0	0	0.225	0.058	0	0.507
10090.ENSMUSP00000027810	10090.ENSMUSP00000030830	Fh1	H6pd	10090	0.654	0.119	0	0	0.056	0.061	0	0.609
10090.ENSMUSP00000027810	10090.ENSMUSP00000045284	Fh1	Uqcrfs1	10090	0.667	0	0	0	0.44	0.235	0	0.284
10090.ENSMUSP00000027810	10090.ENSMUSP00000121557	Fh1	Ndufv2	10090	0.715	0	0	0	0.503	0	0	0.45
10090.ENSMUSP00000027810	10090.ENSMUSP00000130858	Fh1	Tpi1	10090	0.756	0.041	0	0	0.168	0.102	0	0.7
10090.ENSMUSP00000027810	10090.ENSMUSP00000060346	Fh1	Dlst	10090	0.849	0	0	0	0.439	0.073	0.36	0.6
10090.ENSMUSP00000027810	10090.ENSMUSP00000055827	Fh1	Fahd1	10090	0.859	0.045	0	0	0.158	0.062	0.8	0.209
10090.ENSMUSP00000027810	10090.ENSMUSP00000124579	Fh1	Asl	10090	0.896	0	0	0	0.127	0	0.8	0.454
10090.ENSMUSP00000027810	10090.ENSMUSP00000123765	Fh1	Sucla2	10090	0.902	0.063	0	0	0.627	0.058	0.36	0.609
10090.ENSMUSP00000027810	10090.ENSMUSP00000106481	Fh1	Dld	10090	0.957	0	0	0	0.846	0.064	0.36	0.59
10090.ENSMUSP00000027810	10090.ENSMUSP00000099938	Fh1	Mdh1	10090	0.981	0.083	0	0	0.494	0.054	0.9	0.646
10090.ENSMUSP00000027973	10090.ENSMUSP00000112304	Sephs1	Mad2l1	10090	0.413	0	0.276	0	0.115	0	0	0.157
10090.ENSMUSP00000027973	10090.ENSMUSP00000066621	Sephs1	Glrx3	10090	0.475	0	0	0	0.082	0	0	0.451
10090.ENSMUSP00000027973	10090.ENSMUSP00000146030	Sephs1	Txnrd2	10090	0.935	0.059	0	0	0.066	0	0.9	0.349
10090.ENSMUSP00000028081	10090.ENSMUSP00000099368	Plxdc2	Cttn	10090	0.527	0	0	0	0	0	0	0.527
10090.ENSMUSP00000028083	10090.ENSMUSP00000032440	Psmb7	Sec13	10090	0.408	0	0	0	0.261	0	0	0.232
10090.ENSMUSP00000028083	10090.ENSMUSP00000065337	Psmb7	Asna1	10090	0.412	0	0	0	0.213	0.117	0	0.221
10090.ENSMUSP00000028083	10090.ENSMUSP00000066621	Psmb7	Glrx3	10090	0.44	0	0	0	0.338	0	0	0.189
10090.ENSMUSP00000028083	10090.ENSMUSP00000116108	Psmb7	Tcp1	10090	0.449	0	0	0	0.363	0.063	0	0.15
10090.ENSMUSP00000028083	10090.ENSMUSP00000031697	Psmb7	Cul1	10090	0.457	0	0	0	0.093	0	0.4	0.082
10090.ENSMUSP00000028083	10090.ENSMUSP00000139480	Psmb7	Eloc	10090	0.48	0	0	0	0.163	0	0.4	0.047
10090.ENSMUSP00000028083	10090.ENSMUSP00000096777	Psmb7	Eif2s2	10090	0.504	0	0	0	0.182	0	0	0.418
10090.ENSMUSP00000028083	10090.ENSMUSP00000102870	Psmb7	Rpl27	10090	0.528	0	0	0	0.235	0.057	0	0.398
10090.ENSMUSP00000028083	10090.ENSMUSP00000066210	Psmb7	Elob	10090	0.537	0	0	0	0.185	0	0.4	0.129
10090.ENSMUSP00000028083	10090.ENSMUSP00000123564	Psmb7	Sort1	10090	0.539	0	0	0	0	0.534	0	0.053
10090.ENSMUSP00000028083	10090.ENSMUSP00000098295	Psmb7	Psmd9	10090	0.543	0	0	0	0.095	0.35	0	0.285
10090.ENSMUSP00000028083	10090.ENSMUSP00000028225	Psmb7	Psmd5	10090	0.59	0	0	0	0.132	0.396	0	0.28
10090.ENSMUSP00000028083	10090.ENSMUSP00000099859	Psmb7	Ublcp1	10090	0.651	0	0	0	0.215	0.513	0	0.161
10090.ENSMUSP00000028083	10090.ENSMUSP00000034369	Psmb7	Psmb10	10090	0.936	0	0	0.06	0.085	0.33	0.9	0.065
10090.ENSMUSP00000028083	10090.ENSMUSP00000140106	Psmb7	Uchl5	10090	0.981	0	0	0	0.148	0.947	0.5	0.269
10090.ENSMUSP00000028083	10090.ENSMUSP00000032824	Psmb7	Psmc4	10090	0.986	0.062	0	0	0.609	0.876	0	0.741
10090.ENSMUSP00000028083	10090.ENSMUSP00000028278	Psmb7	Psmd14	10090	0.995	0	0	0	0.715	0.866	0.8	0.502
10090.ENSMUSP00000028083	10090.ENSMUSP00000030769	Psmb7	Psmc2	10090	0.996	0	0	0	0.467	0.868	0.8	0.785
10090.ENSMUSP00000028083	10090.ENSMUSP00000042590	Psmb7	Psma8	10090	0.997	0	0	0	0.391	0.969	0.8	0.43
10090.ENSMUSP00000028083	10090.ENSMUSP00000071054	Psmb7	Psmc3	10090	0.997	0.062	0	0	0.652	0.861	0.8	0.747
10090.ENSMUSP00000028087	10090.ENSMUSP00000079107	Ppp6c	Ppm1b	10090	0.471	0	0	0	0.161	0.113	0	0.346
10090.ENSMUSP00000028087	10090.ENSMUSP00000046837	Ppp6c	Ptpa	10090	0.817	0	0	0	0	0.592	0	0.57
10090.ENSMUSP00000028225	10090.ENSMUSP00000066210	Psmd5	Elob	10090	0.428	0	0	0	0.086	0	0.4	0
10090.ENSMUSP00000028225	10090.ENSMUSP00000139480	Psmd5	Eloc	10090	0.439	0	0	0	0.104	0	0.4	0
10090.ENSMUSP00000028225	10090.ENSMUSP00000031697	Psmd5	Cul1	10090	0.565	0	0	0	0.215	0	0.4	0.151
10090.ENSMUSP00000028225	10090.ENSMUSP00000140106	Psmd5	Uchl5	10090	0.754	0	0	0	0.188	0.325	0.5	0.21
10090.ENSMUSP00000028225	10090.ENSMUSP00000098295	Psmd5	Psmd9	10090	0.94	0	0	0	0.122	0.357	0.72	0.667
10090.ENSMUSP00000028225	10090.ENSMUSP00000032824	Psmd5	Psmc4	10090	0.998	0	0	0	0.168	0.963	0.9	0.542
10090.ENSMUSP00000028225	10090.ENSMUSP00000028278	Psmd5	Psmd14	10090	0.998	0	0	0	0.26	0.967	0.9	0.425
10090.ENSMUSP00000028225	10090.ENSMUSP00000030769	Psmd5	Psmc2	10090	0.999	0	0	0	0.153	0.983	0.9	0.39
10090.ENSMUSP00000028225	10090.ENSMUSP00000071054	Psmd5	Psmc3	10090	0.999	0	0	0	0.181	0.976	0.9	0.583
10090.ENSMUSP00000028278	10090.ENSMUSP00000086542	Psmd14	Nsfl1c	10090	0.4	0	0	0	0.364	0.095	0	0
10090.ENSMUSP00000028278	10090.ENSMUSP00000147619	Psmd14	Usp47	10090	0.404	0	0	0	0.079	0	0	0.379
10090.ENSMUSP00000028278	10090.ENSMUSP00000102724	Psmd14	Plaa	10090	0.408	0	0	0	0.36	0.093	0	0.062
10090.ENSMUSP00000028278	10090.ENSMUSP00000066621	Psmd14	Glrx3	10090	0.417	0	0	0	0.372	0.076	0	0.077
10090.ENSMUSP00000028278	10090.ENSMUSP00000125874	Psmd14	Ccdc58	10090	0.419	0	0	0	0.413	0.051	0	0
10090.ENSMUSP00000028278	10090.ENSMUSP00000086716	Psmd14	Usp9x	10090	0.425	0	0	0	0.077	0.052	0	0.396
10090.ENSMUSP00000028278	10090.ENSMUSP00000035105	Psmd14	Rpsa	10090	0.426	0	0	0	0.223	0.272	0	0.068
10090.ENSMUSP00000028278	10090.ENSMUSP00000123866	Psmd14	Pcmt1	10090	0.435	0	0	0	0.364	0.053	0	0.136
10090.ENSMUSP00000028278	10090.ENSMUSP00000156121	Psmd14	Ube2l3	10090	0.437	0.043	0	0	0.292	0.071	0	0.21
10090.ENSMUSP00000028278	10090.ENSMUSP00000114434	Psmd14	Pa2g4	10090	0.438	0	0	0	0.315	0.093	0	0.168
10090.ENSMUSP00000028278	10090.ENSMUSP00000059395	Psmd14	Eif2s3x	10090	0.442	0	0	0	0.231	0.261	0	0.097
10090.ENSMUSP00000028278	10090.ENSMUSP00000032440	Psmd14	Sec13	10090	0.444	0	0	0	0.401	0.11	0	0
10090.ENSMUSP00000028278	10090.ENSMUSP00000106481	Psmd14	Dld	10090	0.446	0	0	0	0.367	0.068	0	0.137
10090.ENSMUSP00000028278	10090.ENSMUSP00000075290	Psmd14	Tsnax	10090	0.448	0.043	0.383	0	0.14	0	0	0
10090.ENSMUSP00000028278	10090.ENSMUSP00000028517	Psmd14	Ola1	10090	0.459	0	0	0	0.277	0.201	0	0.139
10090.ENSMUSP00000028278	10090.ENSMUSP00000158738	Psmd14	Cct6a	10090	0.474	0	0	0	0.389	0.139	0	0.08
10090.ENSMUSP00000028278	10090.ENSMUSP00000134615	Psmd14	Rps28	10090	0.475	0	0	0	0.119	0.354	0	0.152
10090.ENSMUSP00000028278	10090.ENSMUSP00000120528	Psmd14	Rps20	10090	0.475	0	0	0	0.193	0.303	0	0.141
10090.ENSMUSP00000028278	10090.ENSMUSP00000029803	Psmd14	Eif4e	10090	0.48	0	0	0	0.408	0.082	0	0.12
10090.ENSMUSP00000028278	10090.ENSMUSP00000099757	Psmd14	Rps8	10090	0.483	0	0	0	0.189	0.378	0	0.057
10090.ENSMUSP00000028278	10090.ENSMUSP00000079180	Psmd14	Rps25	10090	0.487	0	0	0	0.152	0.299	0	0.207
10090.ENSMUSP00000028278	10090.ENSMUSP00000052942	Psmd14	Sugt1	10090	0.487	0	0	0	0.245	0.063	0	0.332
10090.ENSMUSP00000028278	10090.ENSMUSP00000103940	Psmd14	Rps16	10090	0.495	0	0	0	0.188	0.283	0	0.202
10090.ENSMUSP00000028278	10090.ENSMUSP00000157948	Psmd14	Rps14	10090	0.496	0	0	0	0.132	0.283	0	0.255
10090.ENSMUSP00000028278	10090.ENSMUSP00000126294	Psmd14	Rps13	10090	0.5	0	0	0	0.134	0.282	0	0.261
10090.ENSMUSP00000028278	10090.ENSMUSP00000115044	Psmd14	Sumo2	10090	0.507	0	0	0	0.382	0.098	0	0.186
10090.ENSMUSP00000028278	10090.ENSMUSP00000104068	Psmd14	Rps19	10090	0.509	0	0	0	0.104	0.376	0	0.193
10090.ENSMUSP00000028278	10090.ENSMUSP00000029722	Psmd14	Rps3a1	10090	0.524	0	0	0	0.219	0.393	0	0.076
10090.ENSMUSP00000028278	10090.ENSMUSP00000111443	Psmd14	Ube2v2	10090	0.543	0	0	0	0.302	0.089	0	0.339
10090.ENSMUSP00000028278	10090.ENSMUSP00000034349	Psmd14	Nae1	10090	0.557	0.052	0	0	0.388	0.095	0	0.256
10090.ENSMUSP00000028278	10090.ENSMUSP00000091921	Psmd14	Hsp90aa1	10090	0.564	0	0	0	0.272	0.235	0	0.279
10090.ENSMUSP00000028278	10090.ENSMUSP00000065337	Psmd14	Asna1	10090	0.575	0	0	0	0.134	0.53	0	0
10090.ENSMUSP00000028278	10090.ENSMUSP00000035884	Psmd14	Cops8	10090	0.582	0	0	0	0.23	0.321	0	0.266
10090.ENSMUSP00000028278	10090.ENSMUSP00000096777	Psmd14	Eif2s2	10090	0.598	0	0	0	0.407	0.274	0	0.141
10090.ENSMUSP00000028278	10090.ENSMUSP00000133855	Psmd14	Gps1	10090	0.6	0	0	0	0.237	0.414	0	0.179
10090.ENSMUSP00000028278	10090.ENSMUSP00000032998	Psmd14	Rps3	10090	0.602	0	0	0	0.27	0.415	0	0.142
10090.ENSMUSP00000028278	10090.ENSMUSP00000086701	Psmd14	Uba3	10090	0.645	0.052	0	0	0.342	0.095	0	0.445
10090.ENSMUSP00000028278	10090.ENSMUSP00000032078	Psmd14	Cct7	10090	0.649	0	0	0	0.445	0.292	0	0.178
10090.ENSMUSP00000028278	10090.ENSMUSP00000139480	Psmd14	Eloc	10090	0.658	0	0	0	0.299	0.18	0.4	0.127
10090.ENSMUSP00000028278	10090.ENSMUSP00000106090	Psmd14	Cops2	10090	0.665	0	0	0	0.27	0.428	0	0.263
10090.ENSMUSP00000028278	10090.ENSMUSP00000099859	Psmd14	Ublcp1	10090	0.703	0	0	0	0.141	0.59	0	0.225
10090.ENSMUSP00000028278	10090.ENSMUSP00000096932	Psmd14	Ube2n	10090	0.708	0.043	0	0	0.469	0.081	0	0.449
10090.ENSMUSP00000028278	10090.ENSMUSP00000116108	Psmd14	Tcp1	10090	0.708	0	0	0	0.576	0.286	0	0.111
10090.ENSMUSP00000028278	10090.ENSMUSP00000143859	Psmd14	Ube3a	10090	0.753	0	0	0	0.082	0.703	0	0.167
10090.ENSMUSP00000028278	10090.ENSMUSP00000066210	Psmd14	Elob	10090	0.769	0	0	0	0.177	0.152	0.4	0.513
10090.ENSMUSP00000028278	10090.ENSMUSP00000048416	Psmd14	Cops4	10090	0.798	0	0	0	0.455	0.445	0	0.387
10090.ENSMUSP00000028278	10090.ENSMUSP00000031697	Psmd14	Cul1	10090	0.831	0	0	0	0.331	0.262	0.4	0.497
10090.ENSMUSP00000028278	10090.ENSMUSP00000042590	Psmd14	Psma8	10090	0.908	0	0	0	0.33	0.799	0	0.375
10090.ENSMUSP00000028278	10090.ENSMUSP00000034369	Psmd14	Psmb10	10090	0.911	0	0	0	0.382	0.803	0	0.33
10090.ENSMUSP00000028278	10090.ENSMUSP00000158375	Psmd14	Txnl1	10090	0.914	0	0	0	0.555	0.674	0	0.458
10090.ENSMUSP00000028278	10090.ENSMUSP00000098295	Psmd14	Psmd9	10090	0.918	0	0	0	0.081	0.566	0.72	0.359
10090.ENSMUSP00000028278	10090.ENSMUSP00000140106	Psmd14	Uchl5	10090	0.995	0	0	0	0.322	0.945	0.5	0.769
10090.ENSMUSP00000028278	10090.ENSMUSP00000032824	Psmd14	Psmc4	10090	0.999	0.044	0	0	0.878	0.983	0.9	0.73
10090.ENSMUSP00000028278	10090.ENSMUSP00000030769	Psmd14	Psmc2	10090	0.999	0	0	0	0.888	0.984	0.9	0.719
10090.ENSMUSP00000028278	10090.ENSMUSP00000071054	Psmd14	Psmc3	10090	0.999	0.044	0	0	0.922	0.984	0.9	0.781
10090.ENSMUSP00000028280	10090.ENSMUSP00000110411	Col5a1	Fstl1	10090	0.419	0	0	0	0.336	0	0	0.162
10090.ENSMUSP00000028280	10090.ENSMUSP00000031320	Col5a1	Pf4	10090	0.478	0	0	0	0.089	0.098	0	0.416
10090.ENSMUSP00000028280	10090.ENSMUSP00000133302	Col5a1	Apoe	10090	0.481	0	0	0	0	0.056	0	0.473
10090.ENSMUSP00000028280	10090.ENSMUSP00000054583	Col5a1	Fbln1	10090	0.49	0	0	0	0.163	0.079	0	0.392
10090.ENSMUSP00000028280	10090.ENSMUSP00000090304	Col5a1	Lama2	10090	0.512	0	0	0	0.115	0.055	0	0.463
10090.ENSMUSP00000028280	10090.ENSMUSP00000097097	Col5a1	Ccdc80	10090	0.531	0	0	0	0.434	0.045	0	0.202
10090.ENSMUSP00000028280	10090.ENSMUSP00000064719	Col5a1	Efemp2	10090	0.565	0	0	0	0.377	0.079	0	0.303
10090.ENSMUSP00000028280	10090.ENSMUSP00000101049	Col5a1	Col18a1	10090	0.573	0	0	0	0.169	0.06	0.4	0.197
10090.ENSMUSP00000028280	10090.ENSMUSP00000105173	Col5a1	Vcan	10090	0.574	0	0	0	0.115	0	0	0.538
10090.ENSMUSP00000028280	10090.ENSMUSP00000110999	Col5a1	Timp1	10090	0.576	0	0	0	0.271	0.093	0	0.411
10090.ENSMUSP00000028280	10090.ENSMUSP00000071662	Col5a1	Col12a1	10090	0.752	0	0	0	0.307	0	0.4	0.452
10090.ENSMUSP00000028280	10090.ENSMUSP00000033898	Col5a1	Col4a1	10090	0.782	0	0	0.112	0.392	0	0.4	0.407
10090.ENSMUSP00000028280	10090.ENSMUSP00000099981	Col5a1	Col15a1	10090	0.789	0	0	0.112	0.213	0.06	0.4	0.548
10090.ENSMUSP00000028280	10090.ENSMUSP00000035802	Col5a1	Col16a1	10090	0.803	0	0	0.11	0.368	0	0.54	0.329
10090.ENSMUSP00000028280	10090.ENSMUSP00000126390	Col5a1	Serpinh1	10090	0.877	0	0	0	0.348	0.422	0.5	0.424
10090.ENSMUSP00000028280	10090.ENSMUSP00000031668	Col5a1	Col1a2	10090	0.975	0	0	0.087	0.642	0.327	0.72	0.669
10090.ENSMUSP00000028280	10090.ENSMUSP00000083620	Col5a1	Col5a2	10090	0.988	0	0	0.086	0.677	0.422	0.8	0.703
10090.ENSMUSP00000028332	10090.ENSMUSP00000039335	Dpp7	Timm8b	10090	0.446	0	0	0	0.047	0	0	0.443
10090.ENSMUSP00000028332	10090.ENSMUSP00000141856	Dpp7	Apeh	10090	0.453	0	0	0	0.065	0	0	0.439
10090.ENSMUSP00000028332	10090.ENSMUSP00000130660	Dpp7	Gba	10090	0.469	0	0	0	0.24	0.222	0	0.174
10090.ENSMUSP00000028332	10090.ENSMUSP00000055803	Dpp7	Glb1	10090	0.525	0	0	0	0.157	0	0	0.46
10090.ENSMUSP00000028332	10090.ENSMUSP00000149505	Dpp7	Siae	10090	0.583	0	0.004	0	0.051	0.323	0	0.404
10090.ENSMUSP00000028332	10090.ENSMUSP00000043167	Dpp7	Gns	10090	0.63	0	0	0	0.282	0.329	0	0.294
10090.ENSMUSP00000028392	10090.ENSMUSP00000103940	Dnajc10	Rps16	10090	0.418	0	0	0	0.068	0.374	0	0.082
10090.ENSMUSP00000028392	10090.ENSMUSP00000042009	Dnajc10	Bag2	10090	0.423	0	0	0	0.061	0.125	0	0.354
10090.ENSMUSP00000028392	10090.ENSMUSP00000116108	Dnajc10	Tcp1	10090	0.427	0.08	0	0	0.28	0.114	0	0.138
10090.ENSMUSP00000028392	10090.ENSMUSP00000032078	Dnajc10	Cct7	10090	0.44	0.08	0	0	0.28	0.114	0	0.159
10090.ENSMUSP00000028392	10090.ENSMUSP00000106481	Dnajc10	Dld	10090	0.443	0.061	0	0	0.135	0.258	0	0.186
10090.ENSMUSP00000028392	10090.ENSMUSP00000030296	Dnajc10	Txndc12	10090	0.448	0	0	0	0.062	0.094	0	0.402
10090.ENSMUSP00000028392	10090.ENSMUSP00000029266	Dnajc10	Anxa5	10090	0.448	0	0	0	0.068	0.061	0	0.42
10090.ENSMUSP00000028392	10090.ENSMUSP00000130858	Dnajc10	Tpi1	10090	0.46	0.119	0	0	0.095	0.101	0	0.336
10090.ENSMUSP00000028392	10090.ENSMUSP00000126294	Dnajc10	Rps13	10090	0.46	0.067	0	0	0.066	0.418	0	0.062
10090.ENSMUSP00000028392	10090.ENSMUSP00000158738	Dnajc10	Cct6a	10090	0.464	0.08	0	0	0.271	0.114	0	0.203
10090.ENSMUSP00000028392	10090.ENSMUSP00000125478	Dnajc10	Man2c1	10090	0.467	0	0	0	0.058	0	0	0.457
10090.ENSMUSP00000028392	10090.ENSMUSP00000032143	Dnajc10	Rpn1	10090	0.481	0	0	0	0.183	0.235	0	0.235
10090.ENSMUSP00000028392	10090.ENSMUSP00000157948	Dnajc10	Rps14	10090	0.49	0.064	0	0	0.056	0.451	0	0.073
10090.ENSMUSP00000028392	10090.ENSMUSP00000146030	Dnajc10	Txnrd2	10090	0.493	0.061	0	0	0.111	0.258	0	0.278
10090.ENSMUSP00000028392	10090.ENSMUSP00000035105	Dnajc10	Rpsa	10090	0.498	0	0	0	0.056	0.418	0	0.159
10090.ENSMUSP00000028392	10090.ENSMUSP00000092242	Dnajc10	Dnajc8	10090	0.525	0	0	0	0.054	0	0	0.518
10090.ENSMUSP00000028392	10090.ENSMUSP00000084572	Dnajc10	Vars	10090	0.539	0.092	0	0	0.083	0.285	0	0.317
10090.ENSMUSP00000028392	10090.ENSMUSP00000120528	Dnajc10	Rps20	10090	0.567	0	0	0	0.068	0.497	0	0.151
10090.ENSMUSP00000028392	10090.ENSMUSP00000144413	Dnajc10	Hsph1	10090	0.657	0.065	0	0	0.284	0.323	0	0.332
10090.ENSMUSP00000028392	10090.ENSMUSP00000075031	Dnajc10	Gm10282	10090	0.662	0	0	0	0.091	0.63	0	0.077
10090.ENSMUSP00000028392	10090.ENSMUSP00000121557	Dnajc10	Ndufv2	10090	0.682	0.047	0	0	0.049	0.646	0	0.126
10090.ENSMUSP00000028392	10090.ENSMUSP00000091921	Dnajc10	Hsp90aa1	10090	0.686	0.061	0	0	0.313	0.303	0	0.385
10090.ENSMUSP00000028392	10090.ENSMUSP00000045284	Dnajc10	Uqcrfs1	10090	0.702	0.049	0	0	0.047	0.643	0	0.187
10090.ENSMUSP00000028392	10090.ENSMUSP00000137440	Dnajc10	Canx	10090	0.735	0	0	0	0.176	0.222	0	0.62
10090.ENSMUSP00000028392	10090.ENSMUSP00000052912	Dnajc10	Pdia6	10090	0.807	0	0	0	0.126	0.127	0.72	0.207
10090.ENSMUSP00000028392	10090.ENSMUSP00000076521	Dnajc10	Pdia4	10090	0.861	0	0	0	0.117	0.252	0.72	0.339
10090.ENSMUSP00000028392	10090.ENSMUSP00000123700	Dnajc10	Hyou1	10090	0.946	0.065	0	0	0.276	0.45	0.72	0.568
10090.ENSMUSP00000028430	10090.ENSMUSP00000141132	Cyct	Stat1	10090	0.408	0	0	0	0	0	0	0.408
10090.ENSMUSP00000028430	10090.ENSMUSP00000106481	Cyct	Dld	10090	0.408	0	0	0	0.127	0.097	0	0.31
10090.ENSMUSP00000028430	10090.ENSMUSP00000080302	Cyct	Pgk1	10090	0.411	0	0	0	0.121	0	0	0.357
10090.ENSMUSP00000028430	10090.ENSMUSP00000074448	Cyct	Lamp2	10090	0.414	0	0	0	0	0	0	0.414
10090.ENSMUSP00000028430	10090.ENSMUSP00000033824	Cyct	Lamp1	10090	0.415	0	0	0	0	0	0	0.415
10090.ENSMUSP00000028430	10090.ENSMUSP00000101006	Cyct	Atp5d	10090	0.468	0	0	0	0.254	0.065	0	0.298
10090.ENSMUSP00000028430	10090.ENSMUSP00000030830	Cyct	H6pd	10090	0.471	0	0	0	0.091	0	0	0.442
10090.ENSMUSP00000028430	10090.ENSMUSP00000146030	Cyct	Txnrd2	10090	0.488	0	0	0	0.077	0.084	0	0.443
10090.ENSMUSP00000028430	10090.ENSMUSP00000082682	Cyct	Hmgb1	10090	0.502	0	0	0	0.066	0	0	0.489
10090.ENSMUSP00000028430	10090.ENSMUSP00000029850	Cyct	Cryz	10090	0.521	0	0	0	0	0	0	0.521
10090.ENSMUSP00000028430	10090.ENSMUSP00000066181	Cyct	Immt	10090	0.526	0	0	0	0.058	0.077	0	0.498
10090.ENSMUSP00000028430	10090.ENSMUSP00000121557	Cyct	Ndufv2	10090	0.56	0	0	0	0.38	0	0	0.32
10090.ENSMUSP00000028430	10090.ENSMUSP00000137440	Cyct	Canx	10090	0.565	0	0	0	0	0	0	0.565
10090.ENSMUSP00000028430	10090.ENSMUSP00000030332	Cyct	Gpx7	10090	0.734	0	0	0	0.053	0	0	0.731
10090.ENSMUSP00000028430	10090.ENSMUSP00000124480	Cyct	Cyb5a	10090	0.749	0	0	0	0.062	0.052	0	0.741
10090.ENSMUSP00000028430	10090.ENSMUSP00000077744	Cyct	Uqcrh	10090	0.766	0	0	0	0.629	0	0	0.396
10090.ENSMUSP00000028430	10090.ENSMUSP00000091921	Cyct	Hsp90aa1	10090	0.788	0	0	0	0.071	0	0	0.781
10090.ENSMUSP00000028430	10090.ENSMUSP00000098066	Cyct	Actb	10090	0.801	0	0	0	0.054	0	0	0.798
10090.ENSMUSP00000028430	10090.ENSMUSP00000038961	Cyct	Gm11273	10090	0.83	0	0	0	0.301	0.402	0	0.627
10090.ENSMUSP00000028430	10090.ENSMUSP00000029266	Cyct	Anxa5	10090	0.837	0	0	0	0	0	0	0.837
10090.ENSMUSP00000028430	10090.ENSMUSP00000045284	Cyct	Uqcrfs1	10090	0.957	0.116	0	0	0.585	0.556	0	0.771
10090.ENSMUSP00000028430	10090.ENSMUSP00000033093	Cyct	Bax	10090	0.986	0	0	0	0	0.093	0.9	0.858
10090.ENSMUSP00000028430	10090.ENSMUSP00000147767	Cyct	Casp3	10090	0.994	0	0	0	0.068	0.215	0.9	0.938
10090.ENSMUSP00000028517	10090.ENSMUSP00000059395	Ola1	Eif2s3x	10090	0.401	0	0	0	0.384	0	0	0.067
10090.ENSMUSP00000028517	10090.ENSMUSP00000116108	Ola1	Tcp1	10090	0.405	0	0	0	0.35	0	0	0.122
10090.ENSMUSP00000028517	10090.ENSMUSP00000120528	Ola1	Rps20	10090	0.414	0	0	0	0.227	0.093	0	0.231
10090.ENSMUSP00000028517	10090.ENSMUSP00000158738	Ola1	Cct6a	10090	0.417	0	0	0	0.287	0	0	0.215
10090.ENSMUSP00000028517	10090.ENSMUSP00000114434	Ola1	Pa2g4	10090	0.444	0.062	0	0	0.336	0	0	0.178
10090.ENSMUSP00000028517	10090.ENSMUSP00000124579	Ola1	Asl	10090	0.478	0	0	0	0.085	0	0	0.453
10090.ENSMUSP00000028517	10090.ENSMUSP00000157948	Ola1	Rps14	10090	0.48	0.053	0	0	0.174	0.082	0	0.361
10090.ENSMUSP00000028517	10090.ENSMUSP00000130195	Ola1	St13	10090	0.496	0	0	0	0.232	0	0	0.37
10090.ENSMUSP00000028517	10090.ENSMUSP00000132082	Ola1	Iars	10090	0.506	0.12	0	0	0.257	0	0	0.305
10090.ENSMUSP00000028517	10090.ENSMUSP00000084387	Ola1	Eif1ax	10090	0.515	0.061	0	0	0.444	0	0	0.145
10090.ENSMUSP00000028517	10090.ENSMUSP00000035105	Ola1	Rpsa	10090	0.518	0	0	0	0.288	0	0	0.35
10090.ENSMUSP00000028517	10090.ENSMUSP00000126294	Ola1	Rps13	10090	0.519	0.066	0	0	0.26	0	0	0.361
10090.ENSMUSP00000028517	10090.ENSMUSP00000032998	Ola1	Rps3	10090	0.69	0	0	0	0.336	0.093	0	0.527
10090.ENSMUSP00000028517	10090.ENSMUSP00000084572	Ola1	Vars	10090	0.711	0.072	0	0	0.245	0.13	0	0.581
10090.ENSMUSP00000028583	10090.ENSMUSP00000086701	Lin7c	Uba3	10090	0.434	0	0	0	0.175	0.283	0	0.121
10090.ENSMUSP00000028607	10090.ENSMUSP00000158738	Caprin1	Cct6a	10090	0.406	0	0	0	0.307	0.062	0	0.158
10090.ENSMUSP00000028607	10090.ENSMUSP00000120115	Caprin1	Hnrnpm	10090	0.434	0	0	0	0.331	0	0	0.189
10090.ENSMUSP00000028607	10090.ENSMUSP00000047571	Caprin1	Hnrnpu	10090	0.434	0	0	0	0.258	0	0	0.268
10090.ENSMUSP00000028607	10090.ENSMUSP00000111120	Caprin1	Eif4g1	10090	0.502	0	0	0	0.234	0.076	0	0.354
10090.ENSMUSP00000028607	10090.ENSMUSP00000101858	Caprin1	Fus	10090	0.508	0	0	0	0.1	0.125	0	0.425
10090.ENSMUSP00000028607	10090.ENSMUSP00000127774	Caprin1	Eif4b	10090	0.509	0	0	0	0.33	0	0	0.297
10090.ENSMUSP00000028607	10090.ENSMUSP00000112104	Caprin1	Hnrnpk	10090	0.523	0	0	0	0.286	0	0	0.359
10090.ENSMUSP00000028607	10090.ENSMUSP00000116108	Caprin1	Tcp1	10090	0.541	0	0	0	0.531	0.062	0	0
10090.ENSMUSP00000028607	10090.ENSMUSP00000133649	Caprin1	Syncrip	10090	0.577	0	0	0	0.291	0.07	0	0.41
10090.ENSMUSP00000028607	10090.ENSMUSP00000078589	Caprin1	Ybx1	10090	0.628	0	0	0	0.127	0.093	0	0.567
10090.ENSMUSP00000028607	10090.ENSMUSP00000141132	Caprin1	Stat1	10090	0.655	0	0	0	0.058	0	0	0.648
10090.ENSMUSP00000028607	10090.ENSMUSP00000029803	Caprin1	Eif4e	10090	0.668	0	0	0	0.087	0.064	0	0.643
10090.ENSMUSP00000028607	10090.ENSMUSP00000081142	Caprin1	Tardbp	10090	0.732	0	0	0	0.283	0	0	0.642
10090.ENSMUSP00000028607	10090.ENSMUSP00000033673	Caprin1	Nono	10090	0.756	0	0	0	0.681	0	0	0.266
10090.ENSMUSP00000028624	10090.ENSMUSP00000063548	Gatm	Abat	10090	0.802	0	0	0	0.049	0	0.8	0.047
10090.ENSMUSP00000028624	10090.ENSMUSP00000124579	Gatm	Asl	10090	0.879	0.043	0	0	0	0	0.8	0.422
10090.ENSMUSP00000028735	10090.ENSMUSP00000147767	Jag1	Casp3	10090	0.429	0	0	0	0.051	0.082	0	0.397
10090.ENSMUSP00000028735	10090.ENSMUSP00000087457	Jag1	Itgb1	10090	0.462	0	0	0	0.061	0.068	0	0.435
10090.ENSMUSP00000028735	10090.ENSMUSP00000043123	Jag1	Srrt	10090	0.465	0	0	0	0	0	0	0.465
10090.ENSMUSP00000028735	10090.ENSMUSP00000071868	Jag1	Mfap2	10090	0.511	0	0	0	0.049	0.051	0	0.502
10090.ENSMUSP00000028735	10090.ENSMUSP00000088493	Jag1	Nes	10090	0.523	0	0	0	0.07	0.079	0	0.488
10090.ENSMUSP00000028735	10090.ENSMUSP00000099087	Jag1	Adam17	10090	0.554	0	0	0	0.071	0.093	0	0.513
10090.ENSMUSP00000028735	10090.ENSMUSP00000098066	Jag1	Actb	10090	0.558	0	0	0	0	0.104	0	0.527
10090.ENSMUSP00000028735	10090.ENSMUSP00000084043	Jag1	Spp1	10090	0.671	0	0	0	0.046	0	0	0.67
10090.ENSMUSP00000028807	10090.ENSMUSP00000033098	Ivd	Bcat2	10090	0.566	0	0	0	0.118	0	0	0.528
10090.ENSMUSP00000028807	10090.ENSMUSP00000045606	Ivd	Hibch	10090	0.633	0.048	0	0	0.315	0.097	0	0.45
10090.ENSMUSP00000028807	10090.ENSMUSP00000029610	Ivd	Hadh	10090	0.71	0.063	0.041	0	0.459	0	0	0.474
10090.ENSMUSP00000028916	10090.ENSMUSP00000030660	Sec23b	Trappc3	10090	0.419	0	0	0	0.073	0	0	0.399
10090.ENSMUSP00000028916	10090.ENSMUSP00000038335	Sec23b	Rabif	10090	0.422	0	0	0	0.082	0	0	0.396
10090.ENSMUSP00000028916	10090.ENSMUSP00000031355	Sec23b	Uso1	10090	0.454	0	0	0	0.221	0.051	0	0.32
10090.ENSMUSP00000028916	10090.ENSMUSP00000076521	Sec23b	Pdia4	10090	0.456	0	0	0	0.405	0	0	0.123
10090.ENSMUSP00000028916	10090.ENSMUSP00000035166	Sec23b	Uba5	10090	0.456	0	0	0	0.165	0	0	0.376
10090.ENSMUSP00000028916	10090.ENSMUSP00000029476	Sec23b	Sec22b	10090	0.822	0	0	0	0.171	0.634	0	0.462
10090.ENSMUSP00000028916	10090.ENSMUSP00000092157	Sec23b	Sec31a	10090	0.994	0	0	0	0.262	0.727	0.9	0.748
10090.ENSMUSP00000028916	10090.ENSMUSP00000032440	Sec23b	Sec13	10090	0.996	0	0	0	0.18	0.831	0.9	0.799
10090.ENSMUSP00000028935	10090.ENSMUSP00000035027	Cst9	Clstn2	10090	0.42	0	0	0	0	0	0	0.421
10090.ENSMUSP00000029002	10090.ENSMUSP00000081142	Stmn2	Tardbp	10090	0.476	0	0	0	0	0.079	0	0.455
10090.ENSMUSP00000029038	10090.ENSMUSP00000077150	Fabp9	Tex101	10090	0.43	0	0	0	0.281	0	0	0.239
10090.ENSMUSP00000029038	10090.ENSMUSP00000106180	Fabp9	Sord	10090	0.491	0	0	0	0	0	0	0.491
10090.ENSMUSP00000029041	10090.ENSMUSP00000084043	Fabp4	Spp1	10090	0.475	0	0	0	0.054	0	0	0.468
10090.ENSMUSP00000029041	10090.ENSMUSP00000133302	Fabp4	Apoe	10090	0.505	0	0	0	0.09	0	0	0.479
10090.ENSMUSP00000029041	10090.ENSMUSP00000098066	Fabp4	Actb	10090	0.574	0	0	0	0	0	0	0.574
10090.ENSMUSP00000029041	10090.ENSMUSP00000099490	Fabp4	Acaca	10090	0.64	0	0	0	0.053	0	0	0.635
10090.ENSMUSP00000029140	10090.ENSMUSP00000046131	Procr	Fgl2	10090	0.49	0	0	0	0.087	0	0	0.465
10090.ENSMUSP00000029140	10090.ENSMUSP00000033941	Procr	Plat	10090	0.55	0	0	0	0.087	0.107	0	0.493
10090.ENSMUSP00000029140	10090.ENSMUSP00000102342	Procr	Lrp8	10090	0.612	0	0	0	0.043	0	0	0.612
10090.ENSMUSP00000029140	10090.ENSMUSP00000031320	Procr	Pf4	10090	0.836	0	0	0	0.057	0	0.75	0.362
10090.ENSMUSP00000029214	10090.ENSMUSP00000035884	Actl6a	Cops8	10090	0.407	0	0	0	0.053	0	0.4	0
10090.ENSMUSP00000029214	10090.ENSMUSP00000112304	Actl6a	Mad2l1	10090	0.426	0	0	0	0.349	0.066	0	0.131
10090.ENSMUSP00000029214	10090.ENSMUSP00000133855	Actl6a	Gps1	10090	0.434	0	0	0	0.08	0	0.4	0.057
10090.ENSMUSP00000029214	10090.ENSMUSP00000106090	Actl6a	Cops2	10090	0.45	0	0	0	0.122	0	0.4	0
10090.ENSMUSP00000029214	10090.ENSMUSP00000048416	Actl6a	Cops4	10090	0.466	0	0	0	0.146	0	0.4	0
10090.ENSMUSP00000029214	10090.ENSMUSP00000033720	Actl6a	Rbbp7	10090	0.483	0	0	0	0.301	0.094	0	0.249
10090.ENSMUSP00000029214	10090.ENSMUSP00000109585	Actl6a	Wdr5	10090	0.783	0	0	0	0.136	0.079	0.72	0.142
10090.ENSMUSP00000029214	10090.ENSMUSP00000140106	Actl6a	Uchl5	10090	0.812	0	0	0	0.12	0.27	0.72	0.081
10090.ENSMUSP00000029214	10090.ENSMUSP00000098066	Actl6a	Actb	10090	0.982	0	0	0	0.053	0.446	0.8	0.856
10090.ENSMUSP00000029214	10090.ENSMUSP00000032165	Actl6a	Ruvbl1	10090	0.995	0	0	0	0.263	0.763	0.8	0.877
10090.ENSMUSP00000029266	10090.ENSMUSP00000031327	Anxa5	Cxcl1	10090	0.406	0	0	0	0.083	0	0	0.379
10090.ENSMUSP00000029266	10090.ENSMUSP00000084043	Anxa5	Spp1	10090	0.419	0	0	0	0.094	0	0	0.385
10090.ENSMUSP00000029266	10090.ENSMUSP00000110999	Anxa5	Timp1	10090	0.423	0	0	0	0.167	0	0	0.336
10090.ENSMUSP00000029266	10090.ENSMUSP00000088493	Anxa5	Nes	10090	0.425	0	0	0	0	0	0	0.425
10090.ENSMUSP00000029266	10090.ENSMUSP00000075067	Anxa5	Npm1	10090	0.429	0	0	0	0.078	0.064	0	0.392
10090.ENSMUSP00000029266	10090.ENSMUSP00000074448	Anxa5	Lamp2	10090	0.437	0	0	0	0.136	0	0	0.375
10090.ENSMUSP00000029266	10090.ENSMUSP00000030332	Anxa5	Gpx7	10090	0.454	0	0	0	0.053	0.042	0	0.446
10090.ENSMUSP00000029266	10090.ENSMUSP00000046131	Anxa5	Fgl2	10090	0.456	0	0	0	0.082	0	0	0.432
10090.ENSMUSP00000029266	10090.ENSMUSP00000133302	Anxa5	Apoe	10090	0.461	0	0	0	0.091	0	0	0.432
10090.ENSMUSP00000029266	10090.ENSMUSP00000137440	Anxa5	Canx	10090	0.484	0	0	0	0.041	0	0	0.484
10090.ENSMUSP00000029266	10090.ENSMUSP00000029912	Anxa5	Sdcbp	10090	0.508	0	0	0	0.162	0.051	0	0.43
10090.ENSMUSP00000029266	10090.ENSMUSP00000118169	Anxa5	Lgals3	10090	0.515	0	0	0	0.209	0	0	0.412
10090.ENSMUSP00000029266	10090.ENSMUSP00000082682	Anxa5	Hmgb1	10090	0.517	0	0	0	0	0.055	0	0.51
10090.ENSMUSP00000029266	10090.ENSMUSP00000076521	Anxa5	Pdia4	10090	0.521	0	0	0	0.054	0.097	0	0.484
10090.ENSMUSP00000029266	10090.ENSMUSP00000141132	Anxa5	Stat1	10090	0.53	0	0	0	0.071	0.042	0	0.514
10090.ENSMUSP00000029266	10090.ENSMUSP00000058321	Anxa5	Cavin1	10090	0.541	0	0	0	0.154	0	0	0.48
10090.ENSMUSP00000029266	10090.ENSMUSP00000030187	Anxa5	Tln1	10090	0.545	0	0	0	0.08	0	0.4	0.242
10090.ENSMUSP00000029266	10090.ENSMUSP00000055757	Anxa5	Pcsk9	10090	0.559	0	0	0	0	0.057	0	0.552
10090.ENSMUSP00000029266	10090.ENSMUSP00000070993	Anxa5	Ywhae	10090	0.568	0	0	0	0.055	0	0	0.561
10090.ENSMUSP00000029266	10090.ENSMUSP00000080302	Anxa5	Pgk1	10090	0.583	0	0	0	0.065	0.091	0	0.549
10090.ENSMUSP00000029266	10090.ENSMUSP00000087457	Anxa5	Itgb1	10090	0.613	0	0	0	0.186	0.051	0	0.539
10090.ENSMUSP00000029266	10090.ENSMUSP00000091921	Anxa5	Hsp90aa1	10090	0.618	0	0	0	0.046	0	0	0.616
10090.ENSMUSP00000029266	10090.ENSMUSP00000033824	Anxa5	Lamp1	10090	0.643	0	0	0	0.174	0	0	0.586
10090.ENSMUSP00000029266	10090.ENSMUSP00000033093	Anxa5	Bax	10090	0.663	0	0	0	0.102	0	0	0.641
10090.ENSMUSP00000029266	10090.ENSMUSP00000034756	Anxa5	Anxa2	10090	0.699	0	0	0.081	0.622	0.095	0	0.155
10090.ENSMUSP00000029266	10090.ENSMUSP00000043768	Anxa5	Cd81	10090	0.703	0	0	0	0.16	0	0	0.661
10090.ENSMUSP00000029266	10090.ENSMUSP00000098066	Anxa5	Actb	10090	0.887	0	0	0	0.046	0.063	0	0.884
10090.ENSMUSP00000029266	10090.ENSMUSP00000147767	Anxa5	Casp3	10090	0.925	0	0	0	0.047	0.041	0	0.925
10090.ENSMUSP00000029421	10090.ENSMUSP00000031327	Ptx3	Cxcl1	10090	0.457	0	0	0	0.223	0	0	0.33
10090.ENSMUSP00000029421	10090.ENSMUSP00000110999	Ptx3	Timp1	10090	0.572	0	0	0	0.273	0	0	0.435
10090.ENSMUSP00000029421	10090.ENSMUSP00000105173	Ptx3	Vcan	10090	0.612	0	0	0	0.225	0.062	0	0.51
10090.ENSMUSP00000029421	10090.ENSMUSP00000035077	Ptx3	Ltf	10090	0.623	0	0	0	0	0	0	0.623
10090.ENSMUSP00000029423	10090.ENSMUSP00000044004	Serpini1	Lrp1	10090	0.499	0	0	0	0	0	0	0.5
10090.ENSMUSP00000029423	10090.ENSMUSP00000109451	Serpini1	Arpc2	10090	0.561	0	0.561	0	0	0	0	0
10090.ENSMUSP00000029423	10090.ENSMUSP00000033941	Serpini1	Plat	10090	0.803	0	0	0	0	0.093	0	0.792
10090.ENSMUSP00000029476	10090.ENSMUSP00000033824	Sec22b	Lamp1	10090	0.45	0	0	0	0.083	0	0	0.425
10090.ENSMUSP00000029476	10090.ENSMUSP00000065337	Sec22b	Asna1	10090	0.512	0	0	0	0.079	0.446	0	0.121
10090.ENSMUSP00000029476	10090.ENSMUSP00000157011	Sec22b	Rab18	10090	0.514	0	0	0	0.182	0	0	0.43
10090.ENSMUSP00000029476	10090.ENSMUSP00000032143	Sec22b	Rpn1	10090	0.532	0	0	0	0.111	0	0	0.495
10090.ENSMUSP00000029476	10090.ENSMUSP00000030660	Sec22b	Trappc3	10090	0.549	0	0	0	0.112	0.242	0	0.383
10090.ENSMUSP00000029476	10090.ENSMUSP00000071078	Sec22b	Cope	10090	0.67	0	0	0	0.164	0.096	0.5	0.23
10090.ENSMUSP00000029476	10090.ENSMUSP00000137440	Sec22b	Canx	10090	0.711	0	0	0	0.068	0.051	0	0.699
10090.ENSMUSP00000029476	10090.ENSMUSP00000031355	Sec22b	Uso1	10090	0.802	0	0	0	0.205	0.226	0.5	0.434
10090.ENSMUSP00000029476	10090.ENSMUSP00000097738	Sec22b	Copz1	10090	0.806	0	0	0	0.184	0.338	0.5	0.368
10090.ENSMUSP00000029476	10090.ENSMUSP00000092157	Sec22b	Sec31a	10090	0.808	0	0	0	0.117	0.078	0.5	0.584
10090.ENSMUSP00000029476	10090.ENSMUSP00000032440	Sec22b	Sec13	10090	0.851	0	0	0	0.28	0.052	0.5	0.617
10090.ENSMUSP00000029575	10090.ENSMUSP00000076505	Extl2	Ext1	10090	0.56	0	0	0	0.042	0.366	0	0.335
10090.ENSMUSP00000029575	10090.ENSMUSP00000032892	Extl2	Xylt1	10090	0.708	0	0	0	0	0	0	0.708
10090.ENSMUSP00000029610	10090.ENSMUSP00000117509	Hadh	Gpd1l	10090	0.422	0.1	0	0	0.093	0	0	0.349
10090.ENSMUSP00000029610	10090.ENSMUSP00000080302	Hadh	Pgk1	10090	0.425	0	0	0	0.115	0	0	0.377
10090.ENSMUSP00000029610	10090.ENSMUSP00000124579	Hadh	Asl	10090	0.429	0	0	0	0.064	0	0	0.415
10090.ENSMUSP00000029610	10090.ENSMUSP00000030830	Hadh	H6pd	10090	0.442	0	0	0	0.07	0	0	0.425
10090.ENSMUSP00000029610	10090.ENSMUSP00000033098	Hadh	Bcat2	10090	0.454	0.043	0	0	0.113	0	0	0.408
10090.ENSMUSP00000029610	10090.ENSMUSP00000099490	Hadh	Acaca	10090	0.463	0.049	0	0	0.046	0	0	0.456
10090.ENSMUSP00000029610	10090.ENSMUSP00000106180	Hadh	Sord	10090	0.472	0.054	0	0	0.165	0	0	0.385
10090.ENSMUSP00000029610	10090.ENSMUSP00000045284	Hadh	Uqcrfs1	10090	0.481	0	0	0	0.134	0	0	0.426
10090.ENSMUSP00000029610	10090.ENSMUSP00000130858	Hadh	Tpi1	10090	0.546	0.044	0	0	0.118	0	0	0.505
10090.ENSMUSP00000029610	10090.ENSMUSP00000123765	Hadh	Sucla2	10090	0.559	0.044	0	0	0.232	0	0	0.447
10090.ENSMUSP00000029610	10090.ENSMUSP00000066092	Hadh	Ech1	10090	0.692	0	0	0	0.267	0.272	0	0.468
10090.ENSMUSP00000029610	10090.ENSMUSP00000029877	Hadh	Decr1	10090	0.741	0	0	0	0.261	0.329	0	0.519
10090.ENSMUSP00000029610	10090.ENSMUSP00000063548	Hadh	Abat	10090	0.916	0	0	0	0.052	0	0.9	0.193
10090.ENSMUSP00000029610	10090.ENSMUSP00000045606	Hadh	Hibch	10090	0.947	0.064	0	0	0.297	0	0.9	0.29
10090.ENSMUSP00000029610	10090.ENSMUSP00000153064	Hadh	Hmgcs1	10090	0.948	0	0	0	0.049	0	0.9	0.502
10090.ENSMUSP00000029708	10090.ENSMUSP00000121557	Naxe	Ndufv2	10090	0.459	0	0	0	0.168	0.377	0	0
10090.ENSMUSP00000029708	10090.ENSMUSP00000134615	Naxe	Rps28	10090	0.485	0	0	0	0.123	0.14	0	0.372
10090.ENSMUSP00000029708	10090.ENSMUSP00000047778	Naxe	Nudt19	10090	0.5	0.052	0	0	0.073	0.413	0	0.145
10090.ENSMUSP00000029708	10090.ENSMUSP00000077856	Naxe	Vps28	10090	0.536	0	0	0	0.536	0	0	0
10090.ENSMUSP00000029708	10090.ENSMUSP00000030154	Naxe	Nudt2	10090	0.557	0.052	0	0	0.18	0.413	0	0.145
10090.ENSMUSP00000029708	10090.ENSMUSP00000034311	Naxe	Lsm4	10090	0.62	0	0	0	0.158	0.251	0	0.447
10090.ENSMUSP00000029708	10090.ENSMUSP00000152599	Naxe	Nudt14	10090	0.757	0.052	0	0	0.166	0.413	0	0.538
10090.ENSMUSP00000029722	10090.ENSMUSP00000065983	Rps3a1	Mapk1	10090	0.405	0	0	0	0.065	0.287	0	0.18
10090.ENSMUSP00000029722	10090.ENSMUSP00000078589	Rps3a1	Ybx1	10090	0.411	0	0	0	0.187	0.21	0	0.157
10090.ENSMUSP00000029722	10090.ENSMUSP00000084572	Rps3a1	Vars	10090	0.416	0	0	0	0.364	0	0	0.12
10090.ENSMUSP00000029722	10090.ENSMUSP00000036555	Rps3a1	Ipo4	10090	0.422	0	0	0	0.111	0.242	0	0.211
10090.ENSMUSP00000029722	10090.ENSMUSP00000113560	Rps3a1	Wdr61	10090	0.426	0	0	0	0.057	0.416	0	0.042
10090.ENSMUSP00000029722	10090.ENSMUSP00000039109	Rps3a1	Ppp1ca	10090	0.434	0	0	0	0.216	0.28	0	0.078
10090.ENSMUSP00000029722	10090.ENSMUSP00000091921	Rps3a1	Hsp90aa1	10090	0.446	0	0	0	0.165	0.235	0	0.202
10090.ENSMUSP00000029722	10090.ENSMUSP00000030769	Rps3a1	Psmc2	10090	0.462	0	0	0	0.354	0.105	0	0.144
10090.ENSMUSP00000029722	10090.ENSMUSP00000044188	Rps3a1	Ptma	10090	0.474	0	0	0	0.415	0	0	0.138
10090.ENSMUSP00000029722	10090.ENSMUSP00000115044	Rps3a1	Sumo2	10090	0.475	0	0	0	0.436	0.067	0	0.081
10090.ENSMUSP00000029722	10090.ENSMUSP00000127774	Rps3a1	Eif4b	10090	0.481	0	0	0	0.177	0.378	0	0.069
10090.ENSMUSP00000029722	10090.ENSMUSP00000098066	Rps3a1	Actb	10090	0.489	0	0	0	0.23	0.185	0	0.25
10090.ENSMUSP00000029722	10090.ENSMUSP00000117022	Rps3a1	Nme1	10090	0.513	0	0	0	0.415	0.062	0	0.184
10090.ENSMUSP00000029722	10090.ENSMUSP00000081782	Rps3a1	Ipo7	10090	0.532	0	0	0	0.056	0.525	0	0
10090.ENSMUSP00000029722	10090.ENSMUSP00000143910	Rps3a1	Eif4h	10090	0.564	0	0	0	0.224	0.378	0	0.169
10090.ENSMUSP00000029722	10090.ENSMUSP00000133649	Rps3a1	Syncrip	10090	0.58	0	0	0	0.341	0.357	0	0.089
10090.ENSMUSP00000029722	10090.ENSMUSP00000111120	Rps3a1	Eif4g1	10090	0.58	0	0	0	0.112	0.534	0	0.068
10090.ENSMUSP00000029722	10090.ENSMUSP00000084387	Rps3a1	Eif1ax	10090	0.584	0	0	0	0.249	0.418	0	0.124
10090.ENSMUSP00000029722	10090.ENSMUSP00000032078	Rps3a1	Cct7	10090	0.585	0	0	0	0.498	0.06	0	0.19
10090.ENSMUSP00000029722	10090.ENSMUSP00000129178	Rps3a1	Pfdn5	10090	0.621	0	0	0	0.621	0	0	0
10090.ENSMUSP00000029722	10090.ENSMUSP00000099482	Rps3a1	Itpa	10090	0.623	0.217	0.53	0	0.057	0	0	0
10090.ENSMUSP00000029722	10090.ENSMUSP00000080301	Rps3a1	Zc3h15	10090	0.624	0	0	0	0.171	0.565	0	0
10090.ENSMUSP00000029722	10090.ENSMUSP00000029804	Rps3a1	Metap1	10090	0.638	0	0	0	0.26	0.527	0	0.05
10090.ENSMUSP00000029722	10090.ENSMUSP00000075067	Rps3a1	Npm1	10090	0.719	0	0	0	0.549	0.292	0	0.19
10090.ENSMUSP00000029722	10090.ENSMUSP00000075031	Rps3a1	Gm10282	10090	0.871	0	0	0	0.633	0.609	0	0.177
10090.ENSMUSP00000029722	10090.ENSMUSP00000114434	Rps3a1	Pa2g4	10090	0.885	0	0	0	0.384	0.802	0	0.137
10090.ENSMUSP00000029722	10090.ENSMUSP00000059395	Rps3a1	Eif2s3x	10090	0.937	0.041	0	0	0.353	0.809	0.5	0.098
10090.ENSMUSP00000029722	10090.ENSMUSP00000099561	Rps3a1	Mrto4	10090	0.967	0	0	0	0.823	0.787	0	0.203
10090.ENSMUSP00000029722	10090.ENSMUSP00000096777	Rps3a1	Eif2s2	10090	0.971	0	0	0	0.283	0.911	0.5	0.221
10090.ENSMUSP00000029722	10090.ENSMUSP00000039110	Rps3a1	Serbp1	10090	0.978	0	0	0	0.425	0.963	0	0
10090.ENSMUSP00000029722	10090.ENSMUSP00000118787	Rps3a1	Rpl22	10090	0.996	0	0	0	0.815	0.962	0	0.503
10090.ENSMUSP00000029722	10090.ENSMUSP00000079628	Rps3a1	Rps17	10090	0.999	0	0	0	0.764	0.99	0.8	0.368
10090.ENSMUSP00000029722	10090.ENSMUSP00000083705	Rps3a1	Rplp0	10090	0.999	0	0	0	0.986	0.99	0	0.566
10090.ENSMUSP00000029722	10090.ENSMUSP00000099757	Rps3a1	Rps8	10090	0.999	0	0	0	0.975	0.99	0.8	0.774
10090.ENSMUSP00000029722	10090.ENSMUSP00000102870	Rps3a1	Rpl27	10090	0.999	0	0	0	0.95	0.99	0	0.784
10090.ENSMUSP00000029722	10090.ENSMUSP00000058432	Rps3a1	Rps21	10090	0.999	0	0	0	0.951	0.99	0.8	0.691
10090.ENSMUSP00000029722	10090.ENSMUSP00000103940	Rps3a1	Rps16	10090	0.999	0	0	0	0.986	0.99	0.8	0.765
10090.ENSMUSP00000029722	10090.ENSMUSP00000035105	Rps3a1	Rpsa	10090	0.999	0.114	0	0	0.986	0.99	0.8	0.738
10090.ENSMUSP00000029722	10090.ENSMUSP00000079180	Rps3a1	Rps25	10090	0.999	0	0	0	0.969	0.99	0.8	0.703
10090.ENSMUSP00000029722	10090.ENSMUSP00000126294	Rps3a1	Rps13	10090	0.999	0.119	0	0	0.973	0.99	0.8	0.739
10090.ENSMUSP00000029722	10090.ENSMUSP00000120528	Rps3a1	Rps20	10090	0.999	0	0	0	0.974	0.99	0.8	0.811
10090.ENSMUSP00000029722	10090.ENSMUSP00000032998	Rps3a1	Rps3	10090	0.999	0	0	0	0.985	0.99	0.8	0.831
10090.ENSMUSP00000029722	10090.ENSMUSP00000134615	Rps3a1	Rps28	10090	0.999	0	0	0	0.975	0.99	0.8	0.762
10090.ENSMUSP00000029722	10090.ENSMUSP00000147816	Rps3a1	Rpl18	10090	0.999	0	0	0	0.985	0.99	0	0.473
10090.ENSMUSP00000029722	10090.ENSMUSP00000157948	Rps3a1	Rps14	10090	0.999	0	0	0	0.965	0.99	0.8	0.656
10090.ENSMUSP00000029722	10090.ENSMUSP00000104068	Rps3a1	Rps19	10090	0.999	0	0	0	0.975	0.99	0.8	0.626
10090.ENSMUSP00000029722	10090.ENSMUSP00000131489	Rps3a1	Rpl14	10090	0.999	0	0	0	0.986	0.99	0	0.754
10090.ENSMUSP00000029773	10090.ENSMUSP00000084713	Cnn3	Tuba3b	10090	0.404	0	0	0	0.056	0.278	0	0.197
10090.ENSMUSP00000029773	10090.ENSMUSP00000155052	Cnn3	Myh11	10090	0.427	0	0	0	0.091	0	0	0.396
10090.ENSMUSP00000029773	10090.ENSMUSP00000052020	Cnn3	Flnb	10090	0.447	0	0	0	0.115	0	0	0.401
10090.ENSMUSP00000029773	10090.ENSMUSP00000098066	Cnn3	Actb	10090	0.489	0	0	0	0.166	0.286	0	0.21
10090.ENSMUSP00000029773	10090.ENSMUSP00000072087	Cnn3	Tmod3	10090	0.491	0	0	0	0.056	0	0	0.483
10090.ENSMUSP00000029803	10090.ENSMUSP00000133649	Eif4e	Syncrip	10090	0.404	0	0	0	0.163	0	0	0.317
10090.ENSMUSP00000029803	10090.ENSMUSP00000075067	Eif4e	Npm1	10090	0.412	0	0	0	0.185	0	0	0.307
10090.ENSMUSP00000029803	10090.ENSMUSP00000031668	Eif4e	Col1a2	10090	0.413	0	0	0	0	0	0	0.413
10090.ENSMUSP00000029803	10090.ENSMUSP00000047571	Eif4e	Hnrnpu	10090	0.414	0	0	0	0.121	0.222	0	0.212
10090.ENSMUSP00000029803	10090.ENSMUSP00000034311	Eif4e	Lsm4	10090	0.421	0	0	0	0.103	0.167	0	0.288
10090.ENSMUSP00000029803	10090.ENSMUSP00000079180	Eif4e	Rps25	10090	0.446	0	0	0	0.151	0	0	0.374
10090.ENSMUSP00000029803	10090.ENSMUSP00000081142	Eif4e	Tardbp	10090	0.448	0	0	0	0.11	0.139	0	0.337
10090.ENSMUSP00000029803	10090.ENSMUSP00000117616	Eif4e	Tpr	10090	0.456	0	0	0	0.074	0	0.4	0.1
10090.ENSMUSP00000029803	10090.ENSMUSP00000038335	Eif4e	Rabif	10090	0.474	0	0	0	0.076	0	0	0.454
10090.ENSMUSP00000029803	10090.ENSMUSP00000059404	Eif4e	Pura	10090	0.479	0	0	0	0	0	0	0.479
10090.ENSMUSP00000029803	10090.ENSMUSP00000112104	Eif4e	Hnrnpk	10090	0.498	0	0	0	0.132	0	0	0.445
10090.ENSMUSP00000029803	10090.ENSMUSP00000096932	Eif4e	Ube2n	10090	0.498	0	0	0	0.48	0	0	0.074
10090.ENSMUSP00000029803	10090.ENSMUSP00000039110	Eif4e	Serbp1	10090	0.505	0	0	0	0.187	0	0	0.416
10090.ENSMUSP00000029803	10090.ENSMUSP00000032440	Eif4e	Sec13	10090	0.518	0	0	0	0.061	0	0.4	0.213
10090.ENSMUSP00000029803	10090.ENSMUSP00000147767	Eif4e	Casp3	10090	0.53	0	0	0	0.048	0.071	0	0.511
10090.ENSMUSP00000029803	10090.ENSMUSP00000091921	Eif4e	Hsp90aa1	10090	0.555	0	0	0	0.224	0.048	0	0.445
10090.ENSMUSP00000029803	10090.ENSMUSP00000078589	Eif4e	Ybx1	10090	0.634	0	0	0	0.097	0.239	0	0.51
10090.ENSMUSP00000029803	10090.ENSMUSP00000059395	Eif4e	Eif2s3x	10090	0.653	0	0	0	0.164	0.072	0.5	0.211
10090.ENSMUSP00000029803	10090.ENSMUSP00000098066	Eif4e	Actb	10090	0.68	0	0	0	0.08	0.166	0	0.616
10090.ENSMUSP00000029803	10090.ENSMUSP00000032998	Eif4e	Rps3	10090	0.749	0	0	0	0.17	0.138	0	0.678
10090.ENSMUSP00000029803	10090.ENSMUSP00000096777	Eif4e	Eif2s2	10090	0.862	0	0	0	0.376	0	0.5	0.594
10090.ENSMUSP00000029803	10090.ENSMUSP00000143910	Eif4e	Eif4h	10090	0.942	0	0	0	0.184	0.139	0.5	0.856
10090.ENSMUSP00000029803	10090.ENSMUSP00000127774	Eif4e	Eif4b	10090	0.999	0	0	0	0.165	0.139	0.8	0.998
10090.ENSMUSP00000029803	10090.ENSMUSP00000111120	Eif4e	Eif4g1	10090	0.999	0	0	0	0.092	0.922	0.9	0.995
10090.ENSMUSP00000029804	10090.ENSMUSP00000052942	Metap1	Sugt1	10090	0.404	0	0	0	0.103	0	0	0.363
10090.ENSMUSP00000029804	10090.ENSMUSP00000066621	Metap1	Glrx3	10090	0.407	0.096	0	0	0.116	0	0	0.318
10090.ENSMUSP00000029804	10090.ENSMUSP00000084387	Metap1	Eif1ax	10090	0.412	0.061	0	0	0.334	0	0	0.135
10090.ENSMUSP00000029804	10090.ENSMUSP00000147674	Metap1	Bpnt1	10090	0.428	0	0	0	0.099	0	0	0.392
10090.ENSMUSP00000029804	10090.ENSMUSP00000084572	Metap1	Vars	10090	0.434	0.062	0	0	0.133	0	0	0.359
10090.ENSMUSP00000029804	10090.ENSMUSP00000075683	Metap1	Pepd	10090	0.441	0.068	0	0	0.088	0	0	0.394
10090.ENSMUSP00000029804	10090.ENSMUSP00000068479	Metap1	Ak1	10090	0.457	0.062	0	0	0.378	0.05	0	0.136
10090.ENSMUSP00000029804	10090.ENSMUSP00000118787	Metap1	Rpl22	10090	0.459	0	0	0	0.105	0.421	0	0
10090.ENSMUSP00000029804	10090.ENSMUSP00000039110	Metap1	Serbp1	10090	0.46	0	0	0	0.153	0.389	0	0
10090.ENSMUSP00000029804	10090.ENSMUSP00000102870	Metap1	Rpl27	10090	0.479	0.074	0	0	0.256	0.293	0	0.057
10090.ENSMUSP00000029804	10090.ENSMUSP00000131489	Metap1	Rpl14	10090	0.484	0.074	0	0	0.271	0.293	0	0.047
10090.ENSMUSP00000029804	10090.ENSMUSP00000079180	Metap1	Rps25	10090	0.512	0	0	0	0.07	0.478	0	0.075
10090.ENSMUSP00000029804	10090.ENSMUSP00000075031	Metap1	Gm10282	10090	0.514	0.062	0	0	0.343	0.258	0	0.064
10090.ENSMUSP00000029804	10090.ENSMUSP00000058432	Metap1	Rps21	10090	0.532	0	0	0	0.069	0.478	0	0.114
10090.ENSMUSP00000029804	10090.ENSMUSP00000134615	Metap1	Rps28	10090	0.538	0	0	0	0.15	0.478	0	0.043
10090.ENSMUSP00000029804	10090.ENSMUSP00000116108	Metap1	Tcp1	10090	0.547	0.051	0	0	0.209	0	0	0.445
10090.ENSMUSP00000029804	10090.ENSMUSP00000099757	Metap1	Rps8	10090	0.583	0	0	0	0.12	0.527	0	0.078
10090.ENSMUSP00000029804	10090.ENSMUSP00000147816	Metap1	Rpl18	10090	0.594	0.05	0	0	0.119	0.549	0	0.053
10090.ENSMUSP00000029804	10090.ENSMUSP00000104068	Metap1	Rps19	10090	0.6	0	0	0	0.174	0.527	0	0.058
10090.ENSMUSP00000029804	10090.ENSMUSP00000152229	Metap1	Pitrm1	10090	0.604	0	0	0	0.18	0.085	0	0.514
10090.ENSMUSP00000029804	10090.ENSMUSP00000126294	Metap1	Rps13	10090	0.624	0	0	0	0.281	0.37	0	0.237
10090.ENSMUSP00000029804	10090.ENSMUSP00000035105	Metap1	Rpsa	10090	0.666	0.074	0	0	0.445	0.303	0	0.177
10090.ENSMUSP00000029804	10090.ENSMUSP00000120528	Metap1	Rps20	10090	0.691	0.093	0	0	0.572	0.263	0	0.047
10090.ENSMUSP00000029804	10090.ENSMUSP00000102724	Metap1	Plaa	10090	0.696	0	0	0	0.696	0	0	0
10090.ENSMUSP00000029804	10090.ENSMUSP00000103940	Metap1	Rps16	10090	0.696	0.084	0	0	0.489	0.374	0	0.084
10090.ENSMUSP00000029804	10090.ENSMUSP00000157948	Metap1	Rps14	10090	0.697	0.084	0	0	0.5	0.367	0	0.081
10090.ENSMUSP00000029804	10090.ENSMUSP00000083705	Metap1	Rplp0	10090	0.797	0.092	0	0	0.578	0.428	0	0.185
10090.ENSMUSP00000029804	10090.ENSMUSP00000099561	Metap1	Mrto4	10090	0.828	0.092	0	0	0.619	0.428	0	0.234
10090.ENSMUSP00000029804	10090.ENSMUSP00000032998	Metap1	Rps3	10090	0.882	0.116	0	0	0.691	0.531	0	0.19
10090.ENSMUSP00000029850	10090.ENSMUSP00000098066	Cryz	Actb	10090	0.409	0	0	0	0.045	0	0	0.407
10090.ENSMUSP00000029850	10090.ENSMUSP00000147767	Cryz	Casp3	10090	0.455	0	0	0	0	0	0	0.455
10090.ENSMUSP00000029850	10090.ENSMUSP00000030830	Cryz	H6pd	10090	0.515	0	0	0	0.134	0	0	0.463
10090.ENSMUSP00000029850	10090.ENSMUSP00000053809	Cryz	Nqo2	10090	0.627	0.044	0	0	0.066	0	0	0.616
10090.ENSMUSP00000029850	10090.ENSMUSP00000030332	Cryz	Gpx7	10090	0.701	0	0	0	0.086	0.05	0	0.683
10090.ENSMUSP00000029877	10090.ENSMUSP00000064755	Decr1	Phgdh	10090	0.48	0	0	0	0	0.058	0	0.47
10090.ENSMUSP00000029877	10090.ENSMUSP00000045606	Decr1	Hibch	10090	0.511	0.042	0	0	0.152	0.346	0	0.187
10090.ENSMUSP00000029877	10090.ENSMUSP00000066092	Decr1	Ech1	10090	0.768	0	0	0	0.386	0.329	0	0.482
10090.ENSMUSP00000029912	10090.ENSMUSP00000076933	Sdcbp	Arpc5	10090	0.405	0	0	0	0.354	0	0	0.117
10090.ENSMUSP00000029912	10090.ENSMUSP00000091921	Sdcbp	Hsp90aa1	10090	0.405	0	0	0	0.07	0	0	0.386
10090.ENSMUSP00000029912	10090.ENSMUSP00000058321	Sdcbp	Cavin1	10090	0.414	0	0	0	0	0	0	0.415
10090.ENSMUSP00000029912	10090.ENSMUSP00000103940	Sdcbp	Rps16	10090	0.438	0	0	0	0.114	0.042	0	0.391
10090.ENSMUSP00000029912	10090.ENSMUSP00000109815	Sdcbp	Chmp3	10090	0.44	0	0	0	0.117	0	0	0.392
10090.ENSMUSP00000029912	10090.ENSMUSP00000147674	Sdcbp	Bpnt1	10090	0.465	0	0	0	0	0	0	0.466
10090.ENSMUSP00000029912	10090.ENSMUSP00000099368	Sdcbp	Cttn	10090	0.471	0	0	0	0.051	0.101	0	0.43
10090.ENSMUSP00000029912	10090.ENSMUSP00000078589	Sdcbp	Ybx1	10090	0.484	0	0	0	0.049	0	0	0.48
10090.ENSMUSP00000029912	10090.ENSMUSP00000051223	Sdcbp	Ywhag	10090	0.494	0	0	0	0.052	0.101	0	0.453
10090.ENSMUSP00000029912	10090.ENSMUSP00000132082	Sdcbp	Iars	10090	0.516	0	0	0	0	0.479	0	0.109
10090.ENSMUSP00000029912	10090.ENSMUSP00000137440	Sdcbp	Canx	10090	0.539	0	0	0	0.136	0	0	0.488
10090.ENSMUSP00000029912	10090.ENSMUSP00000087457	Sdcbp	Itgb1	10090	0.628	0	0	0	0.097	0	0	0.605
10090.ENSMUSP00000029912	10090.ENSMUSP00000034756	Sdcbp	Anxa2	10090	0.685	0	0	0	0.141	0.051	0	0.645
10090.ENSMUSP00000029912	10090.ENSMUSP00000050716	Sdcbp	Efnb1	10090	0.858	0	0	0	0	0.323	0.5	0.614
10090.ENSMUSP00000029912	10090.ENSMUSP00000043768	Sdcbp	Cd81	10090	0.902	0	0	0	0.054	0.051	0	0.899
10090.ENSMUSP00000030121	10090.ENSMUSP00000032892	B4galt1	Xylt1	10090	0.45	0	0	0	0	0.115	0	0.404
10090.ENSMUSP00000030121	10090.ENSMUSP00000057905	B4galt1	Mgat2	10090	0.497	0	0	0	0.062	0	0	0.485
10090.ENSMUSP00000030121	10090.ENSMUSP00000095949	B4galt1	Man2a2	10090	0.536	0	0	0	0.047	0.097	0	0.505
10090.ENSMUSP00000030121	10090.ENSMUSP00000125478	B4galt1	Man2c1	10090	0.573	0	0	0	0.043	0	0	0.572
10090.ENSMUSP00000030121	10090.ENSMUSP00000055803	B4galt1	Glb1	10090	0.917	0	0	0	0.048	0	0.9	0.201
10090.ENSMUSP00000030154	10090.ENSMUSP00000031250	Nudt2	Nudt9	10090	0.643	0	0	0	0.057	0.05	0	0.634
10090.ENSMUSP00000030154	10090.ENSMUSP00000047778	Nudt2	Nudt19	10090	0.649	0	0	0	0.079	0	0	0.634
10090.ENSMUSP00000030154	10090.ENSMUSP00000152599	Nudt2	Nudt14	10090	0.744	0	0	0	0.066	0	0	0.737
10090.ENSMUSP00000030154	10090.ENSMUSP00000117022	Nudt2	Nme1	10090	0.909	0	0	0	0.095	0	0.9	0.076
10090.ENSMUSP00000030154	10090.ENSMUSP00000099482	Nudt2	Itpa	10090	0.95	0	0	0	0.224	0	0.9	0.414
10090.ENSMUSP00000030158	10090.ENSMUSP00000050292	Dctn3	Ptges3	10090	0.401	0	0	0	0.044	0	0.4	0
10090.ENSMUSP00000030158	10090.ENSMUSP00000032508	Dctn3	Fkbp4	10090	0.407	0	0	0	0.053	0	0.4	0
10090.ENSMUSP00000030158	10090.ENSMUSP00000132142	Dctn3	Galnt1	10090	0.501	0	0	0	0.043	0	0.5	0
10090.ENSMUSP00000030158	10090.ENSMUSP00000157011	Dctn3	Rab18	10090	0.52	0	0	0	0.081	0	0.5	0
10090.ENSMUSP00000030158	10090.ENSMUSP00000091921	Dctn3	Hsp90aa1	10090	0.8	0	0	0	0.044	0	0.8	0
10090.ENSMUSP00000030187	10090.ENSMUSP00000084043	Tln1	Spp1	10090	0.41	0	0	0	0.061	0	0	0.397
10090.ENSMUSP00000030187	10090.ENSMUSP00000071687	Tln1	Nptx2	10090	0.422	0	0	0	0	0	0	0.422
10090.ENSMUSP00000030187	10090.ENSMUSP00000074448	Tln1	Lamp2	10090	0.442	0	0	0	0.061	0	0	0.431
10090.ENSMUSP00000030187	10090.ENSMUSP00000133117	Tln1	Fga	10090	0.496	0	0	0	0	0.07	0.4	0.17
10090.ENSMUSP00000030187	10090.ENSMUSP00000038335	Tln1	Rabif	10090	0.501	0	0	0	0.048	0	0	0.498
10090.ENSMUSP00000030187	10090.ENSMUSP00000034756	Tln1	Anxa2	10090	0.529	0	0	0	0.087	0	0	0.506
10090.ENSMUSP00000030187	10090.ENSMUSP00000065983	Tln1	Mapk1	10090	0.582	0	0	0	0.043	0	0.5	0.198
10090.ENSMUSP00000030187	10090.ENSMUSP00000098066	Tln1	Actb	10090	0.608	0	0	0	0.057	0	0	0.602
10090.ENSMUSP00000030187	10090.ENSMUSP00000042364	Tln1	Myl12b	10090	0.611	0	0	0	0.112	0	0.5	0.194
10090.ENSMUSP00000030187	10090.ENSMUSP00000113978	Tln1	Tpm3	10090	0.616	0	0	0	0.103	0	0.5	0.212
10090.ENSMUSP00000030187	10090.ENSMUSP00000085913	Tln1	Myl9	10090	0.628	0	0	0	0.137	0	0.5	0.207
10090.ENSMUSP00000030187	10090.ENSMUSP00000155052	Tln1	Myh11	10090	0.652	0	0	0	0.145	0.051	0.5	0.242
10090.ENSMUSP00000030187	10090.ENSMUSP00000113556	Tln1	Itga3	10090	0.807	0	0	0	0.055	0.069	0.65	0.449
10090.ENSMUSP00000030187	10090.ENSMUSP00000128278	Tln1	Iqgap1	10090	0.831	0	0	0	0.104	0	0.4	0.711
10090.ENSMUSP00000030187	10090.ENSMUSP00000099368	Tln1	Cttn	10090	0.942	0	0	0	0.072	0	0	0.94
10090.ENSMUSP00000030187	10090.ENSMUSP00000032561	Tln1	Vasp	10090	0.947	0	0	0	0.159	0	0	0.94
10090.ENSMUSP00000030187	10090.ENSMUSP00000052020	Tln1	Flnb	10090	0.993	0	0	0	0.107	0	0	0.993
10090.ENSMUSP00000030187	10090.ENSMUSP00000087457	Tln1	Itgb1	10090	0.999	0	0	0	0.156	0.611	0.65	0.995
10090.ENSMUSP00000030207	10090.ENSMUSP00000078589	Psip1	Ybx1	10090	0.45	0	0	0	0.077	0.051	0	0.423
10090.ENSMUSP00000030207	10090.ENSMUSP00000112104	Psip1	Hnrnpk	10090	0.539	0	0	0	0.079	0	0	0.52
10090.ENSMUSP00000030207	10090.ENSMUSP00000109585	Psip1	Wdr5	10090	0.678	0	0	0	0.044	0.06	0	0.671
10090.ENSMUSP00000030296	10090.ENSMUSP00000109257	Txndc12	Pin4	10090	0.401	0	0	0	0.093	0.052	0	0.359
10090.ENSMUSP00000030296	10090.ENSMUSP00000098295	Txndc12	Psmd9	10090	0.408	0	0	0	0.068	0.088	0	0.359
10090.ENSMUSP00000030296	10090.ENSMUSP00000084572	Txndc12	Vars	10090	0.442	0	0	0	0.096	0.127	0	0.35
10090.ENSMUSP00000030296	10090.ENSMUSP00000076521	Txndc12	Pdia4	10090	0.445	0	0	0	0.068	0.068	0	0.412
10090.ENSMUSP00000030332	10090.ENSMUSP00000106180	Gpx7	Sord	10090	0.404	0	0	0	0.048	0	0	0.4
10090.ENSMUSP00000030332	10090.ENSMUSP00000110999	Gpx7	Timp1	10090	0.414	0	0	0	0.125	0	0	0.358
10090.ENSMUSP00000030332	10090.ENSMUSP00000091921	Gpx7	Hsp90aa1	10090	0.415	0	0	0	0	0	0	0.415
10090.ENSMUSP00000030332	10090.ENSMUSP00000081141	Gpx7	Pgd	10090	0.418	0	0	0	0.053	0	0	0.411
10090.ENSMUSP00000030332	10090.ENSMUSP00000103068	Gpx7	Alad	10090	0.457	0.041	0	0	0.052	0	0	0.451
10090.ENSMUSP00000030332	10090.ENSMUSP00000033093	Gpx7	Bax	10090	0.487	0	0	0	0.052	0	0	0.481
10090.ENSMUSP00000030332	10090.ENSMUSP00000035486	Gpx7	Ccs	10090	0.525	0	0	0	0.091	0	0	0.499
10090.ENSMUSP00000030332	10090.ENSMUSP00000098066	Gpx7	Actb	10090	0.612	0	0	0	0	0	0	0.612
10090.ENSMUSP00000030332	10090.ENSMUSP00000146030	Gpx7	Txnrd2	10090	0.63	0.052	0	0	0.056	0.055	0	0.614
10090.ENSMUSP00000030332	10090.ENSMUSP00000133302	Gpx7	Apoe	10090	0.682	0	0	0	0.081	0	0	0.668
10090.ENSMUSP00000030332	10090.ENSMUSP00000030830	Gpx7	H6pd	10090	0.719	0.119	0	0	0.05	0	0	0.691
10090.ENSMUSP00000030332	10090.ENSMUSP00000147767	Gpx7	Casp3	10090	0.741	0	0	0	0.049	0	0	0.739
10090.ENSMUSP00000030385	10090.ENSMUSP00000101825	Ppcs	Kyat3	10090	0.824	0.062	0	0	0.081	0.101	0.8	0
10090.ENSMUSP00000030434	10090.ENSMUSP00000125478	Fuca1	Man2c1	10090	0.438	0.12	0	0	0.063	0	0	0.374
10090.ENSMUSP00000030434	10090.ENSMUSP00000055803	Fuca1	Glb1	10090	0.756	0.078	0	0.203	0.133	0	0	0.662
10090.ENSMUSP00000030434	10090.ENSMUSP00000113499	Fuca1	Fuca2	10090	0.917	0	0	0.066	0.142	0.066	0.9	0.068
10090.ENSMUSP00000030651	10090.ENSMUSP00000107795	Sh3bgrl3	Tmsb4x	10090	0.473	0	0	0	0.393	0	0	0.167
10090.ENSMUSP00000030660	10090.ENSMUSP00000092157	Trappc3	Sec31a	10090	0.494	0	0	0	0.061	0	0	0.483
10090.ENSMUSP00000030660	10090.ENSMUSP00000038335	Trappc3	Rabif	10090	0.532	0	0	0	0.085	0	0	0.51
10090.ENSMUSP00000030660	10090.ENSMUSP00000031355	Trappc3	Uso1	10090	0.582	0	0	0	0.063	0	0	0.572
10090.ENSMUSP00000030660	10090.ENSMUSP00000032440	Trappc3	Sec13	10090	0.609	0	0	0	0.073	0	0	0.595
10090.ENSMUSP00000030660	10090.ENSMUSP00000116108	Trappc3	Tcp1	10090	0.774	0	0.755	0	0.096	0.051	0	0.053
10090.ENSMUSP00000030769	10090.ENSMUSP00000079180	Psmc2	Rps25	10090	0.417	0	0	0	0.399	0	0	0.069
10090.ENSMUSP00000030769	10090.ENSMUSP00000032998	Psmc2	Rps3	10090	0.423	0	0	0	0.369	0.096	0	0.069
10090.ENSMUSP00000030769	10090.ENSMUSP00000157948	Psmc2	Rps14	10090	0.428	0	0	0	0.403	0.082	0	0
10090.ENSMUSP00000030769	10090.ENSMUSP00000083705	Psmc2	Rplp0	10090	0.442	0	0	0	0.323	0.174	0	0.081
10090.ENSMUSP00000030769	10090.ENSMUSP00000050292	Psmc2	Ptges3	10090	0.445	0	0	0	0.418	0.049	0	0.078
10090.ENSMUSP00000030769	10090.ENSMUSP00000035884	Psmc2	Cops8	10090	0.446	0	0	0	0.137	0	0	0.384
10090.ENSMUSP00000030769	10090.ENSMUSP00000099757	Psmc2	Rps8	10090	0.458	0	0	0	0.279	0.096	0	0.234
10090.ENSMUSP00000030769	10090.ENSMUSP00000139480	Psmc2	Eloc	10090	0.472	0	0	0	0.157	0	0.4	0
10090.ENSMUSP00000030769	10090.ENSMUSP00000096932	Psmc2	Ube2n	10090	0.477	0	0.009	0	0.141	0.062	0	0.403
10090.ENSMUSP00000030769	10090.ENSMUSP00000126294	Psmc2	Rps13	10090	0.477	0.061	0	0	0.362	0.078	0	0.164
10090.ENSMUSP00000030769	10090.ENSMUSP00000066210	Psmc2	Elob	10090	0.483	0	0	0	0.132	0	0.4	0.088
10090.ENSMUSP00000030769	10090.ENSMUSP00000032078	Psmc2	Cct7	10090	0.503	0	0	0	0.456	0.078	0	0.089
10090.ENSMUSP00000030769	10090.ENSMUSP00000104068	Psmc2	Rps19	10090	0.516	0	0	0	0.388	0.088	0	0.202
10090.ENSMUSP00000030769	10090.ENSMUSP00000035105	Psmc2	Rpsa	10090	0.554	0	0	0	0.229	0.095	0	0.412
10090.ENSMUSP00000030769	10090.ENSMUSP00000031697	Psmc2	Cul1	10090	0.605	0	0	0	0.189	0.116	0.4	0.19
10090.ENSMUSP00000030769	10090.ENSMUSP00000116108	Psmc2	Tcp1	10090	0.62	0	0	0	0.512	0.078	0	0.222
10090.ENSMUSP00000030769	10090.ENSMUSP00000066181	Psmc2	Immt	10090	0.799	0	0	0	0.799	0	0	0
10090.ENSMUSP00000030769	10090.ENSMUSP00000034131	Psmc2	Vps35	10090	0.801	0	0	0	0.798	0	0	0.058
10090.ENSMUSP00000030769	10090.ENSMUSP00000034369	Psmc2	Psmb10	10090	0.929	0	0	0	0.391	0.797	0	0.473
10090.ENSMUSP00000030769	10090.ENSMUSP00000099859	Psmc2	Ublcp1	10090	0.933	0	0	0	0.344	0.825	0	0.466
10090.ENSMUSP00000030769	10090.ENSMUSP00000042590	Psmc2	Psma8	10090	0.94	0	0	0	0.445	0.803	0	0.503
10090.ENSMUSP00000030769	10090.ENSMUSP00000098295	Psmc2	Psmd9	10090	0.956	0.043	0	0	0.066	0.564	0.72	0.663
10090.ENSMUSP00000030769	10090.ENSMUSP00000140106	Psmc2	Uchl5	10090	0.989	0	0	0	0.249	0.942	0.5	0.57
10090.ENSMUSP00000030769	10090.ENSMUSP00000071054	Psmc2	Psmc3	10090	0.999	0	0	0.094	0.922	0.984	0.9	0.673
10090.ENSMUSP00000030769	10090.ENSMUSP00000032824	Psmc2	Psmc4	10090	0.999	0	0	0.081	0.922	0.984	0.9	0.705
10090.ENSMUSP00000030830	10090.ENSMUSP00000101825	H6pd	Kyat3	10090	0.434	0.093	0	0	0.047	0.097	0	0.361
10090.ENSMUSP00000030830	10090.ENSMUSP00000084572	H6pd	Vars	10090	0.434	0.077	0	0	0.12	0	0	0.359
10090.ENSMUSP00000030830	10090.ENSMUSP00000153064	H6pd	Hmgcs1	10090	0.442	0	0	0	0	0	0	0.442
10090.ENSMUSP00000030830	10090.ENSMUSP00000117509	H6pd	Gpd1l	10090	0.443	0.043	0	0	0.145	0	0	0.374
10090.ENSMUSP00000030830	10090.ENSMUSP00000101006	H6pd	Atp5d	10090	0.451	0.098	0	0	0.104	0	0	0.376
10090.ENSMUSP00000030830	10090.ENSMUSP00000099490	H6pd	Acaca	10090	0.468	0	0	0	0.042	0	0	0.468
10090.ENSMUSP00000030830	10090.ENSMUSP00000098066	H6pd	Actb	10090	0.474	0	0	0	0.103	0.051	0	0.431
10090.ENSMUSP00000030830	10090.ENSMUSP00000106983	H6pd	Uap1	10090	0.489	0	0	0	0.076	0	0	0.47
10090.ENSMUSP00000030830	10090.ENSMUSP00000064755	H6pd	Phgdh	10090	0.495	0.12	0	0	0.052	0	0	0.443
10090.ENSMUSP00000030830	10090.ENSMUSP00000099938	H6pd	Mdh1	10090	0.502	0	0	0	0.089	0	0	0.476
10090.ENSMUSP00000030830	10090.ENSMUSP00000031399	H6pd	Psph	10090	0.525	0.19	0	0	0	0	0	0.437
10090.ENSMUSP00000030830	10090.ENSMUSP00000087118	H6pd	Mat2a	10090	0.536	0	0	0	0.088	0	0	0.513
10090.ENSMUSP00000030830	10090.ENSMUSP00000123765	H6pd	Sucla2	10090	0.555	0.042	0	0	0.054	0	0	0.549
10090.ENSMUSP00000030830	10090.ENSMUSP00000060346	H6pd	Dlst	10090	0.578	0	0	0	0.061	0	0	0.569
10090.ENSMUSP00000030830	10090.ENSMUSP00000033098	H6pd	Bcat2	10090	0.6	0	0	0	0.115	0	0	0.567
10090.ENSMUSP00000030830	10090.ENSMUSP00000076575	H6pd	Hmbs	10090	0.614	0.042	0	0	0.07	0	0	0.601
10090.ENSMUSP00000030830	10090.ENSMUSP00000106481	H6pd	Dld	10090	0.639	0.113	0	0	0.179	0	0	0.545
10090.ENSMUSP00000030830	10090.ENSMUSP00000047218	H6pd	Grhpr	10090	0.643	0.097	0	0	0.206	0.051	0	0.538
10090.ENSMUSP00000030830	10090.ENSMUSP00000047665	H6pd	Adk	10090	0.646	0.164	0	0	0.109	0	0	0.562
10090.ENSMUSP00000030830	10090.ENSMUSP00000146030	H6pd	Txnrd2	10090	0.671	0.113	0	0	0.204	0	0	0.571
10090.ENSMUSP00000030830	10090.ENSMUSP00000090564	H6pd	Fbp1	10090	0.723	0.101	0	0	0.16	0	0	0.662
10090.ENSMUSP00000030830	10090.ENSMUSP00000106180	H6pd	Sord	10090	0.749	0.121	0	0	0.215	0	0	0.666
10090.ENSMUSP00000030830	10090.ENSMUSP00000080302	H6pd	Pgk1	10090	0.821	0	0	0	0.055	0	0	0.819
10090.ENSMUSP00000030830	10090.ENSMUSP00000130858	H6pd	Tpi1	10090	0.955	0.108	0	0	0.131	0	0.8	0.749
10090.ENSMUSP00000030830	10090.ENSMUSP00000081141	H6pd	Pgd	10090	0.998	0.298	0.016	0.348	0.611	0.097	0.9	0.923
10090.ENSMUSP00000031250	10090.ENSMUSP00000099482	Nudt9	Itpa	10090	0.43	0	0	0	0.066	0	0	0.415
10090.ENSMUSP00000031250	10090.ENSMUSP00000099677	Nudt9	Adprhl2	10090	0.578	0	0	0	0.053	0	0	0.573
10090.ENSMUSP00000031250	10090.ENSMUSP00000152599	Nudt9	Nudt14	10090	0.651	0	0	0	0.048	0.067	0	0.639
10090.ENSMUSP00000031318	10090.ENSMUSP00000098066	Cxcl5	Actb	10090	0.41	0	0	0	0	0	0	0.41
10090.ENSMUSP00000031318	10090.ENSMUSP00000041149	Cxcl5	Mif	10090	0.456	0	0	0	0.061	0	0	0.444
10090.ENSMUSP00000031318	10090.ENSMUSP00000067066	Cxcl5	Lif	10090	0.458	0	0	0	0.119	0	0	0.41
10090.ENSMUSP00000031318	10090.ENSMUSP00000141132	Cxcl5	Stat1	10090	0.494	0	0	0	0.048	0	0	0.49
10090.ENSMUSP00000031318	10090.ENSMUSP00000084043	Cxcl5	Spp1	10090	0.497	0	0	0	0.152	0	0	0.431
10090.ENSMUSP00000031318	10090.ENSMUSP00000101049	Cxcl5	Col18a1	10090	0.525	0	0	0	0.051	0	0	0.521
10090.ENSMUSP00000031318	10090.ENSMUSP00000031320	Cxcl5	Pf4	10090	0.62	0	0	0	0.085	0.282	0.4	0.15
10090.ENSMUSP00000031318	10090.ENSMUSP00000110999	Cxcl5	Timp1	10090	0.811	0	0	0	0.303	0	0	0.741
10090.ENSMUSP00000031318	10090.ENSMUSP00000031327	Cxcl5	Cxcl1	10090	0.957	0	0	0.082	0.41	0.712	0.4	0.614
10090.ENSMUSP00000031320	10090.ENSMUSP00000069418	Pf4	C4b	10090	0.43	0	0	0	0	0	0	0.43
10090.ENSMUSP00000031320	10090.ENSMUSP00000082682	Pf4	Hmgb1	10090	0.455	0	0	0	0	0	0	0.455
10090.ENSMUSP00000031320	10090.ENSMUSP00000110999	Pf4	Timp1	10090	0.463	0	0	0	0.064	0	0	0.45
10090.ENSMUSP00000031320	10090.ENSMUSP00000133302	Pf4	Apoe	10090	0.504	0	0	0	0.071	0	0	0.488
10090.ENSMUSP00000031320	10090.ENSMUSP00000089801	Pf4	Lyz2	10090	0.508	0	0	0	0.33	0	0	0.296
10090.ENSMUSP00000031320	10090.ENSMUSP00000101049	Pf4	Col18a1	10090	0.692	0	0	0	0.044	0	0	0.692
10090.ENSMUSP00000031320	10090.ENSMUSP00000031327	Pf4	Cxcl1	10090	0.778	0	0	0.068	0.096	0.559	0.4	0.16
10090.ENSMUSP00000031327	10090.ENSMUSP00000035077	Cxcl1	Ltf	10090	0.406	0	0	0	0.056	0	0	0.396
10090.ENSMUSP00000031327	10090.ENSMUSP00000118169	Cxcl1	Lgals3	10090	0.427	0	0	0	0.092	0	0	0.395
10090.ENSMUSP00000031327	10090.ENSMUSP00000133302	Cxcl1	Apoe	10090	0.46	0	0	0	0.054	0	0	0.453
10090.ENSMUSP00000031327	10090.ENSMUSP00000089801	Cxcl1	Lyz2	10090	0.467	0	0	0	0.084	0	0	0.442
10090.ENSMUSP00000031327	10090.ENSMUSP00000067066	Cxcl1	Lif	10090	0.485	0	0	0	0.13	0	0	0.432
10090.ENSMUSP00000031327	10090.ENSMUSP00000147767	Cxcl1	Casp3	10090	0.5	0	0	0	0.055	0	0	0.492
10090.ENSMUSP00000031327	10090.ENSMUSP00000082682	Cxcl1	Hmgb1	10090	0.504	0	0	0	0.045	0	0	0.502
10090.ENSMUSP00000031327	10090.ENSMUSP00000084043	Cxcl1	Spp1	10090	0.523	0	0	0	0.104	0	0	0.49
10090.ENSMUSP00000031327	10090.ENSMUSP00000101049	Cxcl1	Col18a1	10090	0.538	0	0	0	0.066	0	0	0.526
10090.ENSMUSP00000031327	10090.ENSMUSP00000041149	Cxcl1	Mif	10090	0.569	0	0	0	0.078	0	0	0.552
10090.ENSMUSP00000031327	10090.ENSMUSP00000141132	Cxcl1	Stat1	10090	0.578	0	0	0	0.052	0	0	0.573
10090.ENSMUSP00000031327	10090.ENSMUSP00000098066	Cxcl1	Actb	10090	0.606	0	0	0	0	0	0	0.606
10090.ENSMUSP00000031327	10090.ENSMUSP00000110999	Cxcl1	Timp1	10090	0.779	0	0	0	0.285	0	0	0.704
10090.ENSMUSP00000031355	10090.ENSMUSP00000097738	Uso1	Copz1	10090	0.534	0	0	0	0.064	0.086	0.5	0
10090.ENSMUSP00000031355	10090.ENSMUSP00000092157	Uso1	Sec31a	10090	0.569	0	0	0	0.17	0	0	0.502
10090.ENSMUSP00000031355	10090.ENSMUSP00000099368	Uso1	Cttn	10090	0.598	0	0	0	0.089	0.561	0	0.076
10090.ENSMUSP00000031355	10090.ENSMUSP00000071078	Uso1	Cope	10090	0.614	0	0	0	0.17	0	0.5	0.145
10090.ENSMUSP00000031355	10090.ENSMUSP00000032440	Uso1	Sec13	10090	0.836	0	0	0	0.129	0	0	0.819
10090.ENSMUSP00000031399	10090.ENSMUSP00000106180	Psph	Sord	10090	0.42	0.119	0	0	0.067	0	0	0.352
10090.ENSMUSP00000031399	10090.ENSMUSP00000097442	Psph	Mtr	10090	0.433	0.062	0	0	0	0	0	0.42
10090.ENSMUSP00000031399	10090.ENSMUSP00000060900	Psph	Trnt1	10090	0.452	0.221	0	0	0.099	0	0	0.283
10090.ENSMUSP00000031399	10090.ENSMUSP00000099482	Psph	Itpa	10090	0.453	0.121	0	0	0.161	0	0	0.318
10090.ENSMUSP00000031399	10090.ENSMUSP00000126036	Psph	Sumf2	10090	0.465	0	0	0	0.066	0.041	0	0.451
10090.ENSMUSP00000031399	10090.ENSMUSP00000033098	Psph	Bcat2	10090	0.473	0.12	0	0	0.05	0	0	0.42
10090.ENSMUSP00000031399	10090.ENSMUSP00000124423	Psph	Thnsl2	10090	0.49	0	0	0	0.065	0.093	0	0.448
10090.ENSMUSP00000031399	10090.ENSMUSP00000117509	Psph	Gpd1l	10090	0.585	0.117	0.42	0	0	0	0	0.255
10090.ENSMUSP00000031399	10090.ENSMUSP00000124579	Psph	Asl	10090	0.698	0.209	0	0	0.1	0	0	0.609
10090.ENSMUSP00000031399	10090.ENSMUSP00000064755	Psph	Phgdh	10090	0.938	0.119	0	0	0.224	0.068	0	0.914
10090.ENSMUSP00000031625	10090.ENSMUSP00000046557	Arpc1a	Gng12	10090	0.404	0	0	0	0.052	0	0	0.398
10090.ENSMUSP00000031625	10090.ENSMUSP00000071078	Arpc1a	Cope	10090	0.443	0	0	0	0.426	0	0	0.07
10090.ENSMUSP00000031625	10090.ENSMUSP00000049440	Arpc1a	Arpin	10090	0.469	0	0	0	0	0.258	0	0.314
10090.ENSMUSP00000031625	10090.ENSMUSP00000107448	Arpc1a	Gmfb	10090	0.585	0	0	0	0.081	0.523	0	0.13
10090.ENSMUSP00000031625	10090.ENSMUSP00000116108	Arpc1a	Tcp1	10090	0.625	0	0	0	0.615	0.061	0	0.048
10090.ENSMUSP00000031625	10090.ENSMUSP00000041644	Arpc1a	Brk1	10090	0.934	0	0	0	0.175	0	0.9	0.274
10090.ENSMUSP00000031625	10090.ENSMUSP00000098066	Arpc1a	Actb	10090	0.94	0	0	0	0.114	0.283	0.9	0.179
10090.ENSMUSP00000031625	10090.ENSMUSP00000137503	Arpc1a	Actr3	10090	0.988	0	0	0	0.469	0.758	0.72	0.721
10090.ENSMUSP00000031625	10090.ENSMUSP00000076933	Arpc1a	Arpc5	10090	0.997	0	0	0	0.207	0.788	0.9	0.856
10090.ENSMUSP00000031625	10090.ENSMUSP00000109451	Arpc1a	Arpc2	10090	0.998	0	0	0	0.289	0.825	0.9	0.928
10090.ENSMUSP00000031668	10090.ENSMUSP00000085913	Col1a2	Myl9	10090	0.414	0	0	0	0.204	0.083	0	0.262
10090.ENSMUSP00000031668	10090.ENSMUSP00000105173	Col1a2	Vcan	10090	0.438	0	0	0	0.115	0	0	0.391
10090.ENSMUSP00000031668	10090.ENSMUSP00000133302	Col1a2	Apoe	10090	0.439	0	0	0	0	0.056	0	0.431
10090.ENSMUSP00000031668	10090.ENSMUSP00000155052	Col1a2	Myh11	10090	0.474	0	0	0	0.143	0.05	0	0.406
10090.ENSMUSP00000031668	10090.ENSMUSP00000098066	Col1a2	Actb	10090	0.477	0	0	0	0	0.1	0	0.443
10090.ENSMUSP00000031668	10090.ENSMUSP00000090304	Col1a2	Lama2	10090	0.536	0	0	0	0.23	0.055	0	0.413
10090.ENSMUSP00000031668	10090.ENSMUSP00000071868	Col1a2	Mfap2	10090	0.547	0	0	0	0.427	0.051	0	0.233
10090.ENSMUSP00000031668	10090.ENSMUSP00000084043	Col1a2	Spp1	10090	0.57	0	0	0	0.178	0	0	0.498
10090.ENSMUSP00000031668	10090.ENSMUSP00000101049	Col1a2	Col18a1	10090	0.584	0	0	0.138	0.118	0.06	0.4	0.179
10090.ENSMUSP00000031668	10090.ENSMUSP00000064719	Col1a2	Efemp2	10090	0.604	0	0	0	0.344	0.079	0	0.396
10090.ENSMUSP00000031668	10090.ENSMUSP00000054583	Col1a2	Fbln1	10090	0.63	0	0	0	0.358	0.079	0	0.425
10090.ENSMUSP00000031668	10090.ENSMUSP00000097097	Col1a2	Ccdc80	10090	0.633	0	0	0	0.49	0.045	0	0.307
10090.ENSMUSP00000031668	10090.ENSMUSP00000099981	Col1a2	Col15a1	10090	0.689	0	0	0.154	0.253	0.06	0.4	0.261
10090.ENSMUSP00000031668	10090.ENSMUSP00000033898	Col1a2	Col4a1	10090	0.715	0	0	0.112	0.365	0	0.4	0.256
10090.ENSMUSP00000031668	10090.ENSMUSP00000110999	Col1a2	Timp1	10090	0.717	0	0	0	0.225	0.062	0	0.642
10090.ENSMUSP00000031668	10090.ENSMUSP00000035802	Col1a2	Col16a1	10090	0.748	0	0	0.127	0.258	0	0.54	0.253
10090.ENSMUSP00000031668	10090.ENSMUSP00000113556	Col1a2	Itga3	10090	0.752	0	0	0	0.051	0.046	0.65	0.31
10090.ENSMUSP00000031668	10090.ENSMUSP00000110411	Col1a2	Fstl1	10090	0.763	0	0	0	0.58	0	0	0.461
10090.ENSMUSP00000031668	10090.ENSMUSP00000071662	Col1a2	Col12a1	10090	0.779	0	0	0	0.246	0	0.4	0.552
10090.ENSMUSP00000031668	10090.ENSMUSP00000126390	Col1a2	Serpinh1	10090	0.873	0	0	0	0.489	0	0.5	0.545
10090.ENSMUSP00000031668	10090.ENSMUSP00000087457	Col1a2	Itgb1	10090	0.984	0	0	0	0.111	0.068	0.9	0.829
10090.ENSMUSP00000031668	10090.ENSMUSP00000083620	Col1a2	Col5a2	10090	0.994	0	0	0.073	0.897	0.319	0.72	0.741
10090.ENSMUSP00000031697	10090.ENSMUSP00000091921	Cul1	Hsp90aa1	10090	0.404	0	0	0	0.087	0.051	0	0.367
10090.ENSMUSP00000031697	10090.ENSMUSP00000115044	Cul1	Sumo2	10090	0.414	0	0	0	0.113	0.046	0	0.363
10090.ENSMUSP00000031697	10090.ENSMUSP00000034369	Cul1	Psmb10	10090	0.428	0	0	0	0.05	0	0.4	0.077
10090.ENSMUSP00000031697	10090.ENSMUSP00000098295	Cul1	Psmd9	10090	0.433	0	0	0	0.063	0	0.4	0.073
10090.ENSMUSP00000031697	10090.ENSMUSP00000042590	Cul1	Psma8	10090	0.441	0	0	0	0	0.085	0.4	0.065
10090.ENSMUSP00000031697	10090.ENSMUSP00000098066	Cul1	Actb	10090	0.451	0	0	0	0.046	0.05	0	0.443
10090.ENSMUSP00000031697	10090.ENSMUSP00000052942	Cul1	Sugt1	10090	0.452	0	0	0	0.086	0.235	0	0.278
10090.ENSMUSP00000031697	10090.ENSMUSP00000130195	Cul1	St13	10090	0.457	0	0	0	0.134	0	0	0.399
10090.ENSMUSP00000031697	10090.ENSMUSP00000086716	Cul1	Usp9x	10090	0.507	0	0	0	0.225	0	0	0.389
10090.ENSMUSP00000031697	10090.ENSMUSP00000071054	Cul1	Psmc3	10090	0.515	0	0.001	0	0.145	0	0.4	0.13
10090.ENSMUSP00000031697	10090.ENSMUSP00000032824	Cul1	Psmc4	10090	0.522	0	0	0	0.129	0	0.4	0.159
10090.ENSMUSP00000031697	10090.ENSMUSP00000096932	Cul1	Ube2n	10090	0.615	0	0	0	0.148	0.259	0	0.439
10090.ENSMUSP00000031697	10090.ENSMUSP00000156121	Cul1	Ube2l3	10090	0.632	0	0	0	0.073	0.534	0	0.218
10090.ENSMUSP00000031697	10090.ENSMUSP00000133855	Cul1	Gps1	10090	0.799	0	0	0	0.148	0.712	0	0.245
10090.ENSMUSP00000031697	10090.ENSMUSP00000103817	Cul1	Dcun1d1	10090	0.818	0	0	0	0.16	0.636	0	0.454
10090.ENSMUSP00000031697	10090.ENSMUSP00000106090	Cul1	Cops2	10090	0.823	0	0	0	0.285	0.667	0	0.316
10090.ENSMUSP00000031697	10090.ENSMUSP00000048416	Cul1	Cops4	10090	0.832	0	0	0	0.15	0.508	0	0.631
10090.ENSMUSP00000031697	10090.ENSMUSP00000035884	Cul1	Cops8	10090	0.84	0	0	0	0.227	0.574	0	0.553
10090.ENSMUSP00000031697	10090.ENSMUSP00000066210	Cul1	Elob	10090	0.893	0	0	0	0	0	0	0.893
10090.ENSMUSP00000031697	10090.ENSMUSP00000034349	Cul1	Nae1	10090	0.912	0	0	0	0.33	0.105	0.5	0.742
10090.ENSMUSP00000031697	10090.ENSMUSP00000139480	Cul1	Eloc	10090	0.915	0	0	0	0.053	0.165	0	0.902
10090.ENSMUSP00000031697	10090.ENSMUSP00000086701	Cul1	Uba3	10090	0.94	0	0	0	0.236	0.265	0.5	0.811
10090.ENSMUSP00000031971	10090.ENSMUSP00000032998	Ssbp1	Rps3	10090	0.4	0	0	0	0.359	0	0	0.102
10090.ENSMUSP00000031971	10090.ENSMUSP00000086987	Ssbp1	Snrpg	10090	0.423	0	0	0	0.423	0	0	0
10090.ENSMUSP00000031971	10090.ENSMUSP00000099482	Ssbp1	Itpa	10090	0.424	0.12	0	0	0.303	0	0	0.136
10090.ENSMUSP00000031971	10090.ENSMUSP00000075067	Ssbp1	Npm1	10090	0.432	0	0	0	0.379	0	0	0.123
10090.ENSMUSP00000031971	10090.ENSMUSP00000084387	Ssbp1	Eif1ax	10090	0.455	0	0	0	0.394	0	0	0.138
10090.ENSMUSP00000031971	10090.ENSMUSP00000039110	Ssbp1	Serbp1	10090	0.471	0	0	0	0.173	0	0	0.387
10090.ENSMUSP00000031971	10090.ENSMUSP00000109257	Ssbp1	Pin4	10090	0.476	0.118	0	0	0.395	0	0	0.097
10090.ENSMUSP00000031971	10090.ENSMUSP00000157948	Ssbp1	Rps14	10090	0.494	0	0	0	0.291	0	0	0.316
10090.ENSMUSP00000031971	10090.ENSMUSP00000119841	Ssbp1	Lsm6	10090	0.496	0	0	0	0.462	0	0	0.102
10090.ENSMUSP00000031971	10090.ENSMUSP00000075031	Ssbp1	Gm10282	10090	0.542	0.061	0	0	0.478	0.096	0	0.09
10090.ENSMUSP00000031971	10090.ENSMUSP00000113560	Ssbp1	Wdr61	10090	0.568	0	0	0	0.559	0	0	0.059
10090.ENSMUSP00000031971	10090.ENSMUSP00000103940	Ssbp1	Rps16	10090	0.568	0	0	0	0.357	0.085	0	0.325
10090.ENSMUSP00000031971	10090.ENSMUSP00000060900	Ssbp1	Trnt1	10090	0.571	0.12	0	0	0.137	0	0	0.481
10090.ENSMUSP00000031971	10090.ENSMUSP00000035105	Ssbp1	Rpsa	10090	0.625	0	0	0	0.593	0.116	0	0
10090.ENSMUSP00000031971	10090.ENSMUSP00000125874	Ssbp1	Ccdc58	10090	0.661	0	0	0	0.661	0	0	0
10090.ENSMUSP00000031971	10090.ENSMUSP00000083705	Ssbp1	Rplp0	10090	0.724	0	0	0	0.724	0	0	0
10090.ENSMUSP00000031971	10090.ENSMUSP00000099561	Ssbp1	Mrto4	10090	0.727	0	0	0	0.727	0	0	0
10090.ENSMUSP00000031971	10090.ENSMUSP00000120528	Ssbp1	Rps20	10090	0.834	0	0	0	0.696	0.092	0	0.447
10090.ENSMUSP00000032078	10090.ENSMUSP00000131489	Cct7	Rpl14	10090	0.415	0	0	0	0.405	0	0	0.058
10090.ENSMUSP00000032078	10090.ENSMUSP00000032440	Cct7	Sec13	10090	0.416	0	0	0	0.311	0.042	0	0.187
10090.ENSMUSP00000032078	10090.ENSMUSP00000075067	Cct7	Npm1	10090	0.419	0	0	0	0.329	0	0	0.17
10090.ENSMUSP00000032078	10090.ENSMUSP00000133649	Cct7	Syncrip	10090	0.424	0	0	0	0.292	0	0	0.218
10090.ENSMUSP00000032078	10090.ENSMUSP00000130858	Cct7	Tpi1	10090	0.442	0.044	0	0	0.221	0	0	0.311
10090.ENSMUSP00000032078	10090.ENSMUSP00000033673	Cct7	Nono	10090	0.443	0	0	0	0.443	0	0	0
10090.ENSMUSP00000032078	10090.ENSMUSP00000132082	Cct7	Iars	10090	0.448	0.062	0	0	0.276	0.058	0	0.238
10090.ENSMUSP00000032078	10090.ENSMUSP00000052912	Cct7	Pdia6	10090	0.451	0	0	0	0.175	0.089	0	0.327
10090.ENSMUSP00000032078	10090.ENSMUSP00000143910	Cct7	Eif4h	10090	0.464	0	0	0	0.406	0.08	0	0.097
10090.ENSMUSP00000032078	10090.ENSMUSP00000039109	Cct7	Ppp1ca	10090	0.472	0	0.001	0	0.393	0.134	0	0.076
10090.ENSMUSP00000032078	10090.ENSMUSP00000032508	Cct7	Fkbp4	10090	0.476	0	0	0	0.409	0	0	0.149
10090.ENSMUSP00000032078	10090.ENSMUSP00000084572	Cct7	Vars	10090	0.479	0.055	0	0	0.173	0.108	0	0.341
10090.ENSMUSP00000032078	10090.ENSMUSP00000144413	Cct7	Hsph1	10090	0.491	0.044	0	0	0.322	0.124	0	0.21
10090.ENSMUSP00000032078	10090.ENSMUSP00000080302	Cct7	Pgk1	10090	0.492	0	0	0	0.4	0.057	0	0.174
10090.ENSMUSP00000032078	10090.ENSMUSP00000034138	Cct7	Dnaja2	10090	0.497	0.042	0	0	0.292	0.066	0	0.299
10090.ENSMUSP00000032078	10090.ENSMUSP00000070993	Cct7	Ywhae	10090	0.498	0	0	0	0.321	0	0	0.29
10090.ENSMUSP00000032078	10090.ENSMUSP00000039110	Cct7	Serbp1	10090	0.501	0	0	0	0.345	0.063	0	0.252
10090.ENSMUSP00000032078	10090.ENSMUSP00000046557	Cct7	Gng12	10090	0.502	0	0	0	0	0	0.5	0.046
10090.ENSMUSP00000032078	10090.ENSMUSP00000076521	Cct7	Pdia4	10090	0.505	0	0	0	0.456	0.089	0	0.081
10090.ENSMUSP00000032078	10090.ENSMUSP00000112104	Cct7	Hnrnpk	10090	0.508	0	0	0	0.49	0	0	0.074
10090.ENSMUSP00000032078	10090.ENSMUSP00000104068	Cct7	Rps19	10090	0.509	0	0	0	0.429	0.06	0	0.159
10090.ENSMUSP00000032078	10090.ENSMUSP00000139480	Cct7	Eloc	10090	0.515	0	0	0	0.184	0	0	0.43
10090.ENSMUSP00000032078	10090.ENSMUSP00000126294	Cct7	Rps13	10090	0.518	0	0	0	0.429	0.093	0	0.144
10090.ENSMUSP00000032078	10090.ENSMUSP00000115044	Cct7	Sumo2	10090	0.519	0	0	0	0.512	0.055	0	0
10090.ENSMUSP00000032078	10090.ENSMUSP00000059395	Cct7	Eif2s3x	10090	0.529	0	0	0	0.401	0	0	0.247
10090.ENSMUSP00000032078	10090.ENSMUSP00000114434	Cct7	Pa2g4	10090	0.533	0.051	0	0	0.472	0	0	0.142
10090.ENSMUSP00000032078	10090.ENSMUSP00000099757	Cct7	Rps8	10090	0.558	0	0	0	0.503	0.085	0	0.106
10090.ENSMUSP00000032078	10090.ENSMUSP00000101006	Cct7	Atp5d	10090	0.564	0.062	0	0	0.168	0	0	0.486
10090.ENSMUSP00000032078	10090.ENSMUSP00000086542	Cct7	Nsfl1c	10090	0.578	0	0	0	0.578	0	0	0
10090.ENSMUSP00000032078	10090.ENSMUSP00000133855	Cct7	Gps1	10090	0.579	0	0	0	0.569	0	0	0.064
10090.ENSMUSP00000032078	10090.ENSMUSP00000130123	Cct7	Gnb1	10090	0.591	0	0	0	0.098	0.116	0.5	0.095
10090.ENSMUSP00000032078	10090.ENSMUSP00000129730	Cct7	Dnaja1	10090	0.597	0.042	0	0	0.311	0.066	0	0.424
10090.ENSMUSP00000032078	10090.ENSMUSP00000079180	Cct7	Rps25	10090	0.604	0	0	0	0.599	0	0	0.053
10090.ENSMUSP00000032078	10090.ENSMUSP00000066621	Cct7	Glrx3	10090	0.607	0	0	0	0.547	0.051	0	0.16
10090.ENSMUSP00000032078	10090.ENSMUSP00000134615	Cct7	Rps28	10090	0.611	0	0	0	0.59	0	0	0.089
10090.ENSMUSP00000032078	10090.ENSMUSP00000098066	Cct7	Actb	10090	0.614	0	0	0	0.387	0.28	0	0.196
10090.ENSMUSP00000032078	10090.ENSMUSP00000058432	Cct7	Rps21	10090	0.615	0	0	0	0.606	0	0	0.064
10090.ENSMUSP00000032078	10090.ENSMUSP00000103940	Cct7	Rps16	10090	0.627	0	0	0	0.571	0.044	0	0.162
10090.ENSMUSP00000032078	10090.ENSMUSP00000083705	Cct7	Rplp0	10090	0.641	0	0	0	0.591	0.069	0	0.131
10090.ENSMUSP00000032078	10090.ENSMUSP00000147816	Cct7	Rpl18	10090	0.644	0	0	0	0.642	0	0	0.047
10090.ENSMUSP00000032078	10090.ENSMUSP00000035105	Cct7	Rpsa	10090	0.661	0.052	0	0	0.536	0.123	0	0.224
10090.ENSMUSP00000032078	10090.ENSMUSP00000032824	Cct7	Psmc4	10090	0.661	0	0	0	0.557	0.1	0	0.219
10090.ENSMUSP00000032078	10090.ENSMUSP00000044188	Cct7	Ptma	10090	0.663	0	0	0	0.645	0	0	0.091
10090.ENSMUSP00000032078	10090.ENSMUSP00000120528	Cct7	Rps20	10090	0.715	0	0	0	0.663	0.093	0	0.141
10090.ENSMUSP00000032078	10090.ENSMUSP00000157948	Cct7	Rps14	10090	0.732	0	0	0	0.695	0.082	0	0.121
10090.ENSMUSP00000032078	10090.ENSMUSP00000042009	Cct7	Bag2	10090	0.759	0	0	0	0.123	0	0.72	0.098
10090.ENSMUSP00000032078	10090.ENSMUSP00000091921	Cct7	Hsp90aa1	10090	0.761	0	0	0	0.569	0.125	0	0.417
10090.ENSMUSP00000032078	10090.ENSMUSP00000102870	Cct7	Rpl27	10090	0.764	0	0	0	0.744	0	0	0.116
10090.ENSMUSP00000032078	10090.ENSMUSP00000125415	Cct7	Mob4	10090	0.788	0	0	0	0.078	0.776	0	0.057
10090.ENSMUSP00000032078	10090.ENSMUSP00000032998	Cct7	Rps3	10090	0.82	0	0.014	0	0.748	0.118	0	0.256
10090.ENSMUSP00000032078	10090.ENSMUSP00000050292	Cct7	Ptges3	10090	0.834	0	0	0	0.244	0	0.72	0.279
10090.ENSMUSP00000032078	10090.ENSMUSP00000071054	Cct7	Psmc3	10090	0.845	0	0	0	0.719	0.1	0	0.439
10090.ENSMUSP00000032078	10090.ENSMUSP00000129178	Cct7	Pfdn5	10090	0.861	0	0	0	0.246	0.584	0	0.593
10090.ENSMUSP00000032078	10090.ENSMUSP00000032165	Cct7	Ruvbl1	10090	0.925	0	0	0	0.673	0.093	0.72	0.209
10090.ENSMUSP00000032078	10090.ENSMUSP00000116108	Cct7	Tcp1	10090	0.999	0	0	0.071	0.981	0.989	0.9	0.672
10090.ENSMUSP00000032078	10090.ENSMUSP00000158738	Cct7	Cct6a	10090	0.999	0	0	0	0.803	0.86	0.9	0.891
10090.ENSMUSP00000032143	10090.ENSMUSP00000091921	Rpn1	Hsp90aa1	10090	0.429	0	0	0	0.128	0.082	0	0.344
10090.ENSMUSP00000032143	10090.ENSMUSP00000114968	Rpn1	Plrg1	10090	0.434	0	0	0	0.065	0	0	0.42
10090.ENSMUSP00000032143	10090.ENSMUSP00000099561	Rpn1	Mrto4	10090	0.451	0	0	0	0.098	0.416	0	0
10090.ENSMUSP00000032143	10090.ENSMUSP00000092157	Rpn1	Sec31a	10090	0.452	0	0.036	0	0.131	0	0	0.396
10090.ENSMUSP00000032143	10090.ENSMUSP00000103940	Rpn1	Rps16	10090	0.469	0	0	0	0.091	0.414	0	0.083
10090.ENSMUSP00000032143	10090.ENSMUSP00000131489	Rpn1	Rpl14	10090	0.543	0	0	0	0.06	0.534	0	0
10090.ENSMUSP00000032143	10090.ENSMUSP00000102870	Rpn1	Rpl27	10090	0.555	0	0	0	0.085	0.534	0	0
10090.ENSMUSP00000032143	10090.ENSMUSP00000083705	Rpn1	Rplp0	10090	0.557	0	0	0	0.09	0.534	0	0
10090.ENSMUSP00000032143	10090.ENSMUSP00000118787	Rpn1	Rpl22	10090	0.559	0	0	0	0.066	0.534	0	0.07
10090.ENSMUSP00000032143	10090.ENSMUSP00000076521	Rpn1	Pdia4	10090	0.571	0	0	0	0.371	0.05	0	0.34
10090.ENSMUSP00000032143	10090.ENSMUSP00000147816	Rpn1	Rpl18	10090	0.597	0	0	0	0.139	0.534	0	0.075
10090.ENSMUSP00000032143	10090.ENSMUSP00000032440	Rpn1	Sec13	10090	0.739	0	0	0	0.227	0.519	0	0.356
10090.ENSMUSP00000032143	10090.ENSMUSP00000137440	Rpn1	Canx	10090	0.748	0	0	0	0.211	0.197	0	0.635
10090.ENSMUSP00000032143	10090.ENSMUSP00000052912	Rpn1	Pdia6	10090	0.779	0	0	0	0.691	0.063	0	0.299
10090.ENSMUSP00000032143	10090.ENSMUSP00000107749	Rpn1	Mlec	10090	0.988	0	0	0	0.179	0.825	0.72	0.74
10090.ENSMUSP00000032165	10090.ENSMUSP00000048153	Ruvbl1	Rbmxl1	10090	0.402	0	0	0	0.282	0.075	0	0.172
10090.ENSMUSP00000032165	10090.ENSMUSP00000071054	Ruvbl1	Psmc3	10090	0.403	0	0	0	0.27	0.118	0	0.146
10090.ENSMUSP00000032165	10090.ENSMUSP00000103940	Ruvbl1	Rps16	10090	0.418	0	0	0	0.359	0.095	0	0.078
10090.ENSMUSP00000032165	10090.ENSMUSP00000120528	Ruvbl1	Rps20	10090	0.423	0	0	0	0.39	0.093	0	0
10090.ENSMUSP00000032165	10090.ENSMUSP00000034756	Ruvbl1	Anxa2	10090	0.432	0	0	0	0.047	0	0	0.429
10090.ENSMUSP00000032165	10090.ENSMUSP00000035884	Ruvbl1	Cops8	10090	0.439	0	0	0	0.104	0	0.4	0
10090.ENSMUSP00000032165	10090.ENSMUSP00000082682	Ruvbl1	Hmgb1	10090	0.444	0	0	0	0.093	0.271	0	0.226
10090.ENSMUSP00000032165	10090.ENSMUSP00000136858	Ruvbl1	Prpf19	10090	0.448	0	0	0	0.265	0.054	0	0.269
10090.ENSMUSP00000032165	10090.ENSMUSP00000106090	Ruvbl1	Cops2	10090	0.455	0	0	0	0.129	0	0.4	0
10090.ENSMUSP00000032165	10090.ENSMUSP00000117947	Ruvbl1	Snrpa1	10090	0.457	0	0	0	0.435	0.073	0	0.046
10090.ENSMUSP00000032165	10090.ENSMUSP00000037597	Ruvbl1	Snrpd2	10090	0.465	0	0	0	0.416	0	0	0.121
10090.ENSMUSP00000032165	10090.ENSMUSP00000039109	Ruvbl1	Ppp1ca	10090	0.466	0	0	0	0.168	0.303	0	0.153
10090.ENSMUSP00000032165	10090.ENSMUSP00000129178	Ruvbl1	Pfdn5	10090	0.483	0	0	0	0.22	0	0	0.364
10090.ENSMUSP00000032165	10090.ENSMUSP00000048416	Ruvbl1	Cops4	10090	0.503	0	0	0	0.206	0	0.4	0
10090.ENSMUSP00000032165	10090.ENSMUSP00000114434	Ruvbl1	Pa2g4	10090	0.529	0	0	0	0.314	0	0	0.341
10090.ENSMUSP00000032165	10090.ENSMUSP00000032998	Ruvbl1	Rps3	10090	0.562	0	0	0	0.303	0.168	0	0.305
10090.ENSMUSP00000032165	10090.ENSMUSP00000112104	Ruvbl1	Hnrnpk	10090	0.575	0	0	0	0.353	0	0	0.37
10090.ENSMUSP00000032165	10090.ENSMUSP00000056604	Ruvbl1	H2bc1	10090	0.587	0	0	0	0	0.406	0	0.334
10090.ENSMUSP00000032165	10090.ENSMUSP00000091921	Ruvbl1	Hsp90aa1	10090	0.601	0	0	0	0.132	0.116	0	0.521
10090.ENSMUSP00000032165	10090.ENSMUSP00000133855	Ruvbl1	Gps1	10090	0.602	0	0	0	0.364	0	0.4	0
10090.ENSMUSP00000032165	10090.ENSMUSP00000042283	Ruvbl1	Supt16	10090	0.614	0	0	0	0.081	0.093	0	0.574
10090.ENSMUSP00000032165	10090.ENSMUSP00000099391	Ruvbl1	Ptges3l	10090	0.626	0	0	0	0.132	0.054	0	0.581
10090.ENSMUSP00000032165	10090.ENSMUSP00000099561	Ruvbl1	Mrto4	10090	0.628	0	0	0	0.502	0.082	0	0.251
10090.ENSMUSP00000032165	10090.ENSMUSP00000042009	Ruvbl1	Bag2	10090	0.744	0	0	0	0.066	0	0.72	0.1
10090.ENSMUSP00000032165	10090.ENSMUSP00000109585	Ruvbl1	Wdr5	10090	0.818	0	0	0	0.17	0.127	0.72	0.211
10090.ENSMUSP00000032165	10090.ENSMUSP00000158738	Ruvbl1	Cct6a	10090	0.852	0	0	0	0.316	0.088	0.72	0.255
10090.ENSMUSP00000032165	10090.ENSMUSP00000098066	Ruvbl1	Actb	10090	0.863	0	0	0	0.055	0.357	0.72	0.293
10090.ENSMUSP00000032165	10090.ENSMUSP00000075067	Ruvbl1	Npm1	10090	0.865	0	0	0	0.231	0	0.8	0.197
10090.ENSMUSP00000032165	10090.ENSMUSP00000050292	Ruvbl1	Ptges3	10090	0.869	0	0	0	0.161	0.063	0.72	0.477
10090.ENSMUSP00000032165	10090.ENSMUSP00000116108	Ruvbl1	Tcp1	10090	0.874	0	0	0	0.396	0.093	0.72	0.279
10090.ENSMUSP00000032165	10090.ENSMUSP00000033720	Ruvbl1	Rbbp7	10090	0.895	0	0	0	0.207	0.094	0.8	0.359
10090.ENSMUSP00000032165	10090.ENSMUSP00000140106	Ruvbl1	Uchl5	10090	0.916	0	0	0	0.2	0.407	0.72	0.446
10090.ENSMUSP00000032165	10090.ENSMUSP00000040938	Ruvbl1	Wdr92	10090	0.961	0	0	0	0.087	0.235	0.72	0.827
10090.ENSMUSP00000032191	10090.ENSMUSP00000130660	Sumf1	Gba	10090	0.469	0	0	0	0.155	0	0	0.397
10090.ENSMUSP00000032191	10090.ENSMUSP00000043167	Sumf1	Gns	10090	0.736	0	0	0.378	0.289	0.135	0	0.392
10090.ENSMUSP00000032191	10090.ENSMUSP00000088964	Sumf1	Arsb	10090	0.881	0	0	0.472	0.072	0.067	0.4	0.634
10090.ENSMUSP00000032191	10090.ENSMUSP00000126036	Sumf1	Sumf2	10090	0.943	0	0	0.083	0.043	0.328	0.9	0.182
10090.ENSMUSP00000032203	10090.ENSMUSP00000046636	A2m	Gc	10090	0.502	0	0	0	0.085	0	0	0.478
10090.ENSMUSP00000032203	10090.ENSMUSP00000110999	A2m	Timp1	10090	0.544	0	0	0	0.082	0	0	0.524
10090.ENSMUSP00000032203	10090.ENSMUSP00000033941	A2m	Plat	10090	0.575	0	0	0	0.047	0.131	0	0.529
10090.ENSMUSP00000032203	10090.ENSMUSP00000102342	A2m	Lrp8	10090	0.605	0	0.006	0	0.052	0.095	0	0.577
10090.ENSMUSP00000032203	10090.ENSMUSP00000079752	A2m	Lrp2	10090	0.658	0	0	0	0.052	0.095	0	0.634
10090.ENSMUSP00000032203	10090.ENSMUSP00000133117	A2m	Fga	10090	0.663	0	0	0	0.076	0	0	0.65
10090.ENSMUSP00000032203	10090.ENSMUSP00000133302	A2m	Apoe	10090	0.762	0	0	0	0.089	0.062	0	0.744
10090.ENSMUSP00000032203	10090.ENSMUSP00000107760	A2m	Pzp	10090	0.852	0	0	0.063	0.047	0	0	0.848
10090.ENSMUSP00000032203	10090.ENSMUSP00000044004	A2m	Lrp1	10090	0.98	0	0	0	0.052	0.099	0	0.979
10090.ENSMUSP00000032309	10090.ENSMUSP00000032998	Ybx3	Rps3	10090	0.408	0	0	0	0.148	0.232	0	0.167
10090.ENSMUSP00000032309	10090.ENSMUSP00000125761	Ybx3	Matr3	10090	0.481	0	0	0	0.051	0.095	0	0.444
10090.ENSMUSP00000032309	10090.ENSMUSP00000126897	Ybx3	Mov10	10090	0.504	0	0	0	0	0.097	0	0.473
10090.ENSMUSP00000032309	10090.ENSMUSP00000112104	Ybx3	Hnrnpk	10090	0.565	0	0	0	0.058	0.165	0	0.492
10090.ENSMUSP00000032309	10090.ENSMUSP00000120115	Ybx3	Hnrnpm	10090	0.569	0.058	0	0	0.058	0.08	0	0.534
10090.ENSMUSP00000032309	10090.ENSMUSP00000039110	Ybx3	Serbp1	10090	0.609	0	0	0	0.173	0.146	0	0.491
10090.ENSMUSP00000032309	10090.ENSMUSP00000078589	Ybx3	Ybx1	10090	0.788	0	0	0.078	0.175	0.325	0	0.636
10090.ENSMUSP00000032440	10090.ENSMUSP00000048416	Sec13	Cops4	10090	0.414	0	0	0	0.367	0	0	0.112
10090.ENSMUSP00000032440	10090.ENSMUSP00000037597	Sec13	Snrpd2	10090	0.442	0	0	0	0.108	0	0.4	0
10090.ENSMUSP00000032440	10090.ENSMUSP00000086987	Sec13	Snrpg	10090	0.454	0	0	0	0.127	0	0.4	0
10090.ENSMUSP00000032440	10090.ENSMUSP00000081782	Sec13	Ipo7	10090	0.459	0	0	0	0.047	0.088	0	0.428
10090.ENSMUSP00000032440	10090.ENSMUSP00000115044	Sec13	Sumo2	10090	0.472	0	0	0	0.13	0	0.4	0.07
10090.ENSMUSP00000032440	10090.ENSMUSP00000106481	Sec13	Dld	10090	0.487	0	0.253	0	0.147	0	0	0.259
10090.ENSMUSP00000032440	10090.ENSMUSP00000048770	Sec13	Atp6v1g1	10090	0.522	0	0	0	0.085	0	0.5	0
10090.ENSMUSP00000032440	10090.ENSMUSP00000133855	Sec13	Gps1	10090	0.532	0	0	0	0.532	0	0	0
10090.ENSMUSP00000032440	10090.ENSMUSP00000112304	Sec13	Mad2l1	10090	0.534	0	0	0	0.108	0	0.5	0
10090.ENSMUSP00000032440	10090.ENSMUSP00000074448	Sec13	Lamp2	10090	0.556	0	0	0	0.06	0.423	0	0.248
10090.ENSMUSP00000032440	10090.ENSMUSP00000073459	Sec13	Akr7a5	10090	0.584	0	0	0	0.054	0.479	0	0.225
10090.ENSMUSP00000032440	10090.ENSMUSP00000097738	Sec13	Copz1	10090	0.602	0	0	0	0.363	0	0	0.401
10090.ENSMUSP00000032440	10090.ENSMUSP00000038335	Sec13	Rabif	10090	0.746	0	0	0	0.05	0	0	0.743
10090.ENSMUSP00000032440	10090.ENSMUSP00000137440	Sec13	Canx	10090	0.766	0	0	0	0.09	0	0.5	0.527
10090.ENSMUSP00000032440	10090.ENSMUSP00000046388	Sec13	Ncoa5	10090	0.815	0	0	0	0.049	0.721	0	0.36
10090.ENSMUSP00000032440	10090.ENSMUSP00000117616	Sec13	Tpr	10090	0.855	0	0	0	0.057	0.44	0.5	0.515
10090.ENSMUSP00000032440	10090.ENSMUSP00000071078	Sec13	Cope	10090	0.932	0	0	0	0.761	0	0	0.727
10090.ENSMUSP00000032440	10090.ENSMUSP00000033824	Sec13	Lamp1	10090	0.957	0	0	0	0.064	0.942	0	0.274
10090.ENSMUSP00000032440	10090.ENSMUSP00000092157	Sec13	Sec31a	10090	0.999	0	0	0	0.115	0.859	0.9	0.95
10090.ENSMUSP00000032508	10090.ENSMUSP00000065983	Fkbp4	Mapk1	10090	0.445	0	0	0	0.064	0.064	0.4	0.069
10090.ENSMUSP00000032508	10090.ENSMUSP00000101924	Fkbp4	Ppih	10090	0.523	0.042	0.422	0	0.079	0.101	0	0.119
10090.ENSMUSP00000032508	10090.ENSMUSP00000085244	Fkbp4	Tpp2	10090	0.533	0	0	0	0.054	0	0	0.527
10090.ENSMUSP00000032508	10090.ENSMUSP00000144413	Fkbp4	Hsph1	10090	0.537	0	0	0	0.313	0.096	0	0.314
10090.ENSMUSP00000032508	10090.ENSMUSP00000052942	Fkbp4	Sugt1	10090	0.563	0	0	0	0.114	0.301	0	0.352
10090.ENSMUSP00000032508	10090.ENSMUSP00000130195	Fkbp4	St13	10090	0.617	0	0	0	0.162	0	0	0.562
10090.ENSMUSP00000032508	10090.ENSMUSP00000050292	Fkbp4	Ptges3	10090	0.981	0	0	0	0.132	0.497	0.8	0.816
10090.ENSMUSP00000032508	10090.ENSMUSP00000091921	Fkbp4	Hsp90aa1	10090	0.999	0	0	0	0.251	0.706	0.5	0.992
10090.ENSMUSP00000032561	10090.ENSMUSP00000095507	Vasp	Macf1	10090	0.457	0	0	0	0.065	0	0	0.444
10090.ENSMUSP00000032561	10090.ENSMUSP00000128278	Vasp	Iqgap1	10090	0.458	0	0	0	0.149	0.093	0	0.354
10090.ENSMUSP00000032561	10090.ENSMUSP00000109451	Vasp	Arpc2	10090	0.471	0	0	0	0.079	0	0	0.45
10090.ENSMUSP00000032561	10090.ENSMUSP00000052020	Vasp	Flnb	10090	0.559	0	0	0	0.108	0.05	0	0.521
10090.ENSMUSP00000032561	10090.ENSMUSP00000080808	Vasp	Fat3	10090	0.601	0	0	0	0	0.054	0	0.596
10090.ENSMUSP00000032561	10090.ENSMUSP00000113556	Vasp	Itga3	10090	0.696	0	0	0	0.047	0	0.65	0.164
10090.ENSMUSP00000032561	10090.ENSMUSP00000087457	Vasp	Itgb1	10090	0.799	0	0	0	0.112	0	0.65	0.407
10090.ENSMUSP00000032561	10090.ENSMUSP00000042123	Vasp	Lasp1	10090	0.821	0	0	0	0.161	0.292	0	0.722
10090.ENSMUSP00000032561	10090.ENSMUSP00000099368	Vasp	Cttn	10090	0.881	0	0	0	0.077	0	0	0.876
10090.ENSMUSP00000032561	10090.ENSMUSP00000098066	Vasp	Actb	10090	0.955	0	0	0	0.154	0.184	0.9	0.429
10090.ENSMUSP00000032561	10090.ENSMUSP00000077781	Vasp	Enah	10090	0.968	0	0	0	0.047	0.942	0	0.471
10090.ENSMUSP00000032754	10090.ENSMUSP00000063548	Sema4b	Abat	10090	0.431	0	0	0	0	0	0	0.431
10090.ENSMUSP00000032754	10090.ENSMUSP00000104955	Sema4b	Plxnb2	10090	0.974	0	0	0	0.042	0.415	0.9	0.598
10090.ENSMUSP00000032824	10090.ENSMUSP00000118221	Psmc4	Sri	10090	0.435	0	0	0	0.048	0	0	0.431
10090.ENSMUSP00000032824	10090.ENSMUSP00000048416	Psmc4	Cops4	10090	0.447	0	0	0	0.339	0	0	0.197
10090.ENSMUSP00000032824	10090.ENSMUSP00000091921	Psmc4	Hsp90aa1	10090	0.447	0	0	0	0.167	0.116	0	0.309
10090.ENSMUSP00000032824	10090.ENSMUSP00000126294	Psmc4	Rps13	10090	0.451	0	0	0	0.291	0.1	0	0.208
10090.ENSMUSP00000032824	10090.ENSMUSP00000104068	Psmc4	Rps19	10090	0.461	0	0	0	0.41	0.088	0	0.08
10090.ENSMUSP00000032824	10090.ENSMUSP00000106090	Psmc4	Cops2	10090	0.489	0	0	0	0.133	0.076	0	0.413
10090.ENSMUSP00000032824	10090.ENSMUSP00000116108	Psmc4	Tcp1	10090	0.495	0	0	0	0.364	0.1	0	0.188
10090.ENSMUSP00000032824	10090.ENSMUSP00000143859	Psmc4	Ube3a	10090	0.498	0	0	0	0.057	0.484	0	0.051
10090.ENSMUSP00000032824	10090.ENSMUSP00000086542	Psmc4	Nsfl1c	10090	0.504	0	0	0	0.493	0.062	0	0
10090.ENSMUSP00000032824	10090.ENSMUSP00000032998	Psmc4	Rps3	10090	0.506	0	0	0	0.408	0.117	0	0.131
10090.ENSMUSP00000032824	10090.ENSMUSP00000157948	Psmc4	Rps14	10090	0.513	0	0	0	0.43	0.106	0	0.121
10090.ENSMUSP00000032824	10090.ENSMUSP00000096777	Psmc4	Eif2s2	10090	0.514	0	0	0	0.134	0	0	0.461
10090.ENSMUSP00000032824	10090.ENSMUSP00000083705	Psmc4	Rplp0	10090	0.52	0	0	0	0.295	0.067	0	0.328
10090.ENSMUSP00000032824	10090.ENSMUSP00000066210	Psmc4	Elob	10090	0.52	0	0	0	0.146	0	0.4	0.138
10090.ENSMUSP00000032824	10090.ENSMUSP00000139480	Psmc4	Eloc	10090	0.531	0	0	0	0.183	0	0.4	0.12
10090.ENSMUSP00000032824	10090.ENSMUSP00000158375	Psmc4	Txnl1	10090	0.542	0	0	0	0.164	0.406	0	0.151
10090.ENSMUSP00000032824	10090.ENSMUSP00000079180	Psmc4	Rps25	10090	0.545	0	0	0	0.428	0.071	0	0.213
10090.ENSMUSP00000032824	10090.ENSMUSP00000071078	Psmc4	Cope	10090	0.563	0	0	0	0.553	0.053	0	0.049
10090.ENSMUSP00000032824	10090.ENSMUSP00000133855	Psmc4	Gps1	10090	0.626	0	0	0	0.626	0	0	0
10090.ENSMUSP00000032824	10090.ENSMUSP00000034369	Psmc4	Psmb10	10090	0.875	0.062	0	0	0.285	0.771	0	0.282
10090.ENSMUSP00000032824	10090.ENSMUSP00000099859	Psmc4	Ublcp1	10090	0.926	0	0	0	0.393	0.825	0	0.363
10090.ENSMUSP00000032824	10090.ENSMUSP00000042590	Psmc4	Psma8	10090	0.932	0.062	0	0	0.584	0.769	0	0.339
10090.ENSMUSP00000032824	10090.ENSMUSP00000098295	Psmc4	Psmd9	10090	0.978	0	0	0	0.129	0.836	0.72	0.52
10090.ENSMUSP00000032824	10090.ENSMUSP00000140106	Psmc4	Uchl5	10090	0.988	0	0	0	0.108	0.947	0.5	0.554
10090.ENSMUSP00000032824	10090.ENSMUSP00000071054	Psmc4	Psmc3	10090	0.999	0	0	0.087	0.915	0.985	0.9	0.813
10090.ENSMUSP00000032892	10090.ENSMUSP00000038909	Xylt1	Cspg4	10090	0.488	0	0	0	0	0	0.4	0.182
10090.ENSMUSP00000032892	10090.ENSMUSP00000105173	Xylt1	Vcan	10090	0.489	0	0	0	0	0	0.4	0.184
10090.ENSMUSP00000032892	10090.ENSMUSP00000033450	Xylt1	Gpc4	10090	0.527	0	0	0	0	0.051	0.4	0.236
10090.ENSMUSP00000032892	10090.ENSMUSP00000076505	Xylt1	Ext1	10090	0.586	0	0	0	0	0	0	0.586
10090.ENSMUSP00000032895	10090.ENSMUSP00000046311	Nucb2	Nenf	10090	0.519	0	0	0	0.046	0	0	0.517
10090.ENSMUSP00000032998	10090.ENSMUSP00000045284	Rps3	Uqcrfs1	10090	0.406	0	0	0	0.161	0	0	0.321
10090.ENSMUSP00000032998	10090.ENSMUSP00000082682	Rps3	Hmgb1	10090	0.409	0	0	0	0.323	0.095	0	0.113
10090.ENSMUSP00000032998	10090.ENSMUSP00000144413	Rps3	Hsph1	10090	0.411	0	0	0	0.127	0.262	0	0.16
10090.ENSMUSP00000032998	10090.ENSMUSP00000056604	Rps3	H2bc1	10090	0.412	0	0	0	0	0.067	0	0.396
10090.ENSMUSP00000032998	10090.ENSMUSP00000123700	Rps3	Hyou1	10090	0.419	0	0	0	0.085	0.262	0	0.209
10090.ENSMUSP00000032998	10090.ENSMUSP00000034756	Rps3	Anxa2	10090	0.429	0	0	0	0.06	0	0	0.418
10090.ENSMUSP00000032998	10090.ENSMUSP00000037597	Rps3	Snrpd2	10090	0.45	0	0	0	0.334	0	0	0.208
10090.ENSMUSP00000032998	10090.ENSMUSP00000117947	Rps3	Snrpa1	10090	0.451	0	0	0	0.191	0.245	0	0.174
10090.ENSMUSP00000032998	10090.ENSMUSP00000096932	Rps3	Ube2n	10090	0.454	0	0	0	0.116	0.066	0	0.392
10090.ENSMUSP00000032998	10090.ENSMUSP00000047571	Rps3	Hnrnpu	10090	0.472	0	0	0	0.127	0.194	0	0.31
10090.ENSMUSP00000032998	10090.ENSMUSP00000038964	Rps3	Rbm3	10090	0.476	0	0	0	0.288	0.226	0	0.126
10090.ENSMUSP00000032998	10090.ENSMUSP00000112104	Rps3	Hnrnpk	10090	0.482	0	0	0	0.315	0	0	0.275
10090.ENSMUSP00000032998	10090.ENSMUSP00000115044	Rps3	Sumo2	10090	0.483	0	0	0	0.422	0.109	0	0.076
10090.ENSMUSP00000032998	10090.ENSMUSP00000117022	Rps3	Nme1	10090	0.487	0	0	0	0.427	0.089	0	0.097
10090.ENSMUSP00000032998	10090.ENSMUSP00000129178	Rps3	Pfdn5	10090	0.51	0.092	0	0	0.458	0	0	0.085
10090.ENSMUSP00000032998	10090.ENSMUSP00000158738	Rps3	Cct6a	10090	0.544	0	0.238	0	0.198	0.15	0	0.224
10090.ENSMUSP00000032998	10090.ENSMUSP00000113560	Rps3	Wdr61	10090	0.548	0	0	0	0.07	0.534	0	0
10090.ENSMUSP00000032998	10090.ENSMUSP00000080302	Rps3	Pgk1	10090	0.564	0	0	0	0.181	0.088	0	0.463
10090.ENSMUSP00000032998	10090.ENSMUSP00000116108	Rps3	Tcp1	10090	0.583	0	0.011	0	0.432	0.118	0	0.234
10090.ENSMUSP00000032998	10090.ENSMUSP00000078589	Rps3	Ybx1	10090	0.604	0	0	0	0.224	0.345	0	0.283
10090.ENSMUSP00000032998	10090.ENSMUSP00000120115	Rps3	Hnrnpm	10090	0.611	0	0	0	0.231	0.098	0	0.485
10090.ENSMUSP00000032998	10090.ENSMUSP00000132082	Rps3	Iars	10090	0.612	0.12	0	0	0.152	0.093	0	0.495
10090.ENSMUSP00000032998	10090.ENSMUSP00000081782	Rps3	Ipo7	10090	0.617	0	0	0	0.074	0.552	0	0.151
10090.ENSMUSP00000032998	10090.ENSMUSP00000133649	Rps3	Syncrip	10090	0.63	0	0	0	0.276	0.355	0	0.27
10090.ENSMUSP00000032998	10090.ENSMUSP00000041149	Rps3	Mif	10090	0.637	0	0	0	0.181	0	0	0.575
10090.ENSMUSP00000032998	10090.ENSMUSP00000068479	Rps3	Ak1	10090	0.67	0.091	0	0	0.578	0	0	0.21
10090.ENSMUSP00000032998	10090.ENSMUSP00000111120	Rps3	Eif4g1	10090	0.674	0	0	0	0.122	0.55	0	0.239
10090.ENSMUSP00000032998	10090.ENSMUSP00000080301	Rps3	Zc3h15	10090	0.675	0	0	0	0.163	0.628	0	0
10090.ENSMUSP00000032998	10090.ENSMUSP00000129620	Rps3	Erh	10090	0.681	0	0	0	0.177	0.088	0	0.608
10090.ENSMUSP00000032998	10090.ENSMUSP00000130858	Rps3	Tpi1	10090	0.693	0	0	0	0.295	0.093	0	0.559
10090.ENSMUSP00000032998	10090.ENSMUSP00000091921	Rps3	Hsp90aa1	10090	0.701	0	0	0	0.202	0.136	0	0.6
10090.ENSMUSP00000032998	10090.ENSMUSP00000084572	Rps3	Vars	10090	0.718	0	0	0	0.39	0.065	0	0.545
10090.ENSMUSP00000032998	10090.ENSMUSP00000084387	Rps3	Eif1ax	10090	0.726	0.071	0	0	0.49	0.418	0	0.122
10090.ENSMUSP00000032998	10090.ENSMUSP00000127774	Rps3	Eif4b	10090	0.727	0	0	0	0.235	0.534	0	0.295
10090.ENSMUSP00000032998	10090.ENSMUSP00000143910	Rps3	Eif4h	10090	0.735	0	0	0	0.305	0.522	0	0.267
10090.ENSMUSP00000032998	10090.ENSMUSP00000098066	Rps3	Actb	10090	0.741	0	0	0	0.577	0.167	0	0.325
10090.ENSMUSP00000032998	10090.ENSMUSP00000101006	Rps3	Atp5d	10090	0.742	0.047	0	0	0.652	0	0	0.284
10090.ENSMUSP00000032998	10090.ENSMUSP00000075067	Rps3	Npm1	10090	0.764	0	0	0	0.569	0.292	0	0.289
10090.ENSMUSP00000032998	10090.ENSMUSP00000044188	Rps3	Ptma	10090	0.871	0	0	0	0.864	0	0	0.093
10090.ENSMUSP00000032998	10090.ENSMUSP00000075031	Rps3	Gm10282	10090	0.889	0.102	0	0	0.629	0.609	0	0.254
10090.ENSMUSP00000032998	10090.ENSMUSP00000059395	Rps3	Eif2s3x	10090	0.954	0	0	0	0.41	0.789	0.5	0.361
10090.ENSMUSP00000032998	10090.ENSMUSP00000114434	Rps3	Pa2g4	10090	0.957	0.116	0	0	0.719	0.804	0	0.224
10090.ENSMUSP00000032998	10090.ENSMUSP00000099561	Rps3	Mrto4	10090	0.981	0.12	0	0	0.824	0.787	0	0.494
10090.ENSMUSP00000032998	10090.ENSMUSP00000096777	Rps3	Eif2s2	10090	0.986	0	0	0	0.337	0.937	0.5	0.425
10090.ENSMUSP00000032998	10090.ENSMUSP00000039110	Rps3	Serbp1	10090	0.992	0	0	0	0.666	0.971	0	0.283
10090.ENSMUSP00000032998	10090.ENSMUSP00000118787	Rps3	Rpl22	10090	0.995	0	0	0	0.654	0.962	0	0.661
10090.ENSMUSP00000032998	10090.ENSMUSP00000035105	Rps3	Rpsa	10090	0.999	0.064	0	0	0.985	0.99	0.8	0.697
10090.ENSMUSP00000032998	10090.ENSMUSP00000079180	Rps3	Rps25	10090	0.999	0	0	0	0.973	0.99	0.8	0.768
10090.ENSMUSP00000032998	10090.ENSMUSP00000120528	Rps3	Rps20	10090	0.999	0.12	0	0	0.985	0.99	0.8	0.882
10090.ENSMUSP00000032998	10090.ENSMUSP00000126294	Rps3	Rps13	10090	0.999	0	0	0	0.986	0.99	0.8	0.834
10090.ENSMUSP00000032998	10090.ENSMUSP00000147816	Rps3	Rpl18	10090	0.999	0.053	0	0	0.989	0.99	0	0.724
10090.ENSMUSP00000032998	10090.ENSMUSP00000134615	Rps3	Rps28	10090	0.999	0	0	0	0.967	0.99	0.8	0.615
10090.ENSMUSP00000032998	10090.ENSMUSP00000131489	Rps3	Rpl14	10090	0.999	0.116	0	0	0.972	0.99	0	0.757
10090.ENSMUSP00000032998	10090.ENSMUSP00000104068	Rps3	Rps19	10090	0.999	0	0	0	0.985	0.99	0.8	0.788
10090.ENSMUSP00000032998	10090.ENSMUSP00000157948	Rps3	Rps14	10090	0.999	0.119	0	0	0.988	0.983	0.8	0.847
10090.ENSMUSP00000032998	10090.ENSMUSP00000102870	Rps3	Rpl27	10090	0.999	0.116	0	0	0.969	0.99	0	0.542
10090.ENSMUSP00000032998	10090.ENSMUSP00000099757	Rps3	Rps8	10090	0.999	0	0	0	0.985	0.99	0.8	0.869
10090.ENSMUSP00000032998	10090.ENSMUSP00000083705	Rps3	Rplp0	10090	0.999	0.12	0	0	0.986	0.99	0	0.79
10090.ENSMUSP00000032998	10090.ENSMUSP00000079628	Rps3	Rps17	10090	0.999	0	0	0	0.869	0.99	0.8	0.328
10090.ENSMUSP00000032998	10090.ENSMUSP00000058432	Rps3	Rps21	10090	0.999	0	0	0	0.965	0.99	0.8	0.513
10090.ENSMUSP00000032998	10090.ENSMUSP00000103940	Rps3	Rps16	10090	0.999	0.119	0	0	0.984	0.99	0.8	0.832
10090.ENSMUSP00000033093	10090.ENSMUSP00000098066	Bax	Actb	10090	0.617	0	0	0	0.061	0	0	0.609
10090.ENSMUSP00000033093	10090.ENSMUSP00000137440	Bax	Canx	10090	0.644	0	0	0	0.079	0.575	0	0.163
10090.ENSMUSP00000033093	10090.ENSMUSP00000147767	Bax	Casp3	10090	0.884	0	0	0	0.05	0.138	0	0.87
10090.ENSMUSP00000033098	10090.ENSMUSP00000047218	Bcat2	Grhpr	10090	0.406	0	0	0	0.048	0.097	0	0.365
10090.ENSMUSP00000033098	10090.ENSMUSP00000064755	Bcat2	Phgdh	10090	0.417	0.093	0	0	0.159	0	0	0.297
10090.ENSMUSP00000033098	10090.ENSMUSP00000106481	Bcat2	Dld	10090	0.43	0	0	0	0.051	0	0	0.424
10090.ENSMUSP00000033098	10090.ENSMUSP00000124423	Bcat2	Thnsl2	10090	0.444	0.116	0	0	0.151	0	0	0.319
10090.ENSMUSP00000033098	10090.ENSMUSP00000124579	Bcat2	Asl	10090	0.464	0.119	0	0	0.044	0	0	0.414
10090.ENSMUSP00000033098	10090.ENSMUSP00000045606	Bcat2	Hibch	10090	0.481	0	0	0	0.09	0	0	0.453
10090.ENSMUSP00000033098	10090.ENSMUSP00000063548	Bcat2	Abat	10090	0.487	0	0	0	0.201	0	0	0.385
10090.ENSMUSP00000033098	10090.ENSMUSP00000122623	Bcat2	Mri1	10090	0.518	0.098	0	0	0.092	0	0	0.459
10090.ENSMUSP00000033236	10090.ENSMUSP00000075290	Thumpd1	Tsnax	10090	0.404	0	0	0	0.354	0	0	0.114
10090.ENSMUSP00000033236	10090.ENSMUSP00000114968	Thumpd1	Plrg1	10090	0.496	0	0	0	0.496	0	0	0
10090.ENSMUSP00000033241	10090.ENSMUSP00000117022	Lhpp	Nme1	10090	0.585	0.061	0	0	0	0	0	0.576
10090.ENSMUSP00000033241	10090.ENSMUSP00000048770	Lhpp	Atp6v1g1	10090	0.658	0	0	0	0	0	0.65	0.064
10090.ENSMUSP00000033241	10090.ENSMUSP00000101006	Lhpp	Atp5d	10090	0.693	0	0	0	0.094	0	0.65	0.109
10090.ENSMUSP00000033450	10090.ENSMUSP00000099981	Gpc4	Col15a1	10090	0.405	0	0	0	0.065	0	0	0.389
10090.ENSMUSP00000033450	10090.ENSMUSP00000079752	Gpc4	Lrp2	10090	0.416	0	0	0	0.052	0	0.4	0.056
10090.ENSMUSP00000033450	10090.ENSMUSP00000044004	Gpc4	Lrp1	10090	0.424	0	0	0	0.066	0	0.4	0.056
10090.ENSMUSP00000033450	10090.ENSMUSP00000102342	Gpc4	Lrp8	10090	0.486	0	0	0	0	0	0.4	0.179
10090.ENSMUSP00000033450	10090.ENSMUSP00000105173	Gpc4	Vcan	10090	0.574	0	0	0	0.057	0	0.5	0.171
10090.ENSMUSP00000033450	10090.ENSMUSP00000038909	Gpc4	Cspg4	10090	0.581	0	0	0	0.09	0	0.5	0.153
10090.ENSMUSP00000033450	10090.ENSMUSP00000101049	Gpc4	Col18a1	10090	0.593	0	0	0	0.085	0.222	0	0.474
10090.ENSMUSP00000033450	10090.ENSMUSP00000133302	Gpc4	Apoe	10090	0.634	0	0	0	0	0	0.5	0.298
10090.ENSMUSP00000033450	10090.ENSMUSP00000076505	Gpc4	Ext1	10090	0.705	0	0	0	0.091	0	0.4	0.503
10090.ENSMUSP00000033553	10090.ENSMUSP00000035486	Heph	Ccs	10090	0.445	0.093	0	0	0.108	0.059	0	0.357
10090.ENSMUSP00000033597	10090.ENSMUSP00000034226	Hmgn5	Fam192a	10090	0.479	0	0	0	0	0	0	0.479
10090.ENSMUSP00000033597	10090.ENSMUSP00000075031	Hmgn5	Gm10282	10090	0.615	0	0	0	0	0	0	0.615
10090.ENSMUSP00000033598	10090.ENSMUSP00000107795	Sh3bgrl	Tmsb4x	10090	0.407	0	0	0	0.186	0	0	0.301
10090.ENSMUSP00000033673	10090.ENSMUSP00000116108	Nono	Tcp1	10090	0.414	0	0	0	0.384	0	0	0.089
10090.ENSMUSP00000033673	10090.ENSMUSP00000114968	Nono	Plrg1	10090	0.434	0	0	0	0.109	0	0	0.39
10090.ENSMUSP00000033673	10090.ENSMUSP00000133649	Nono	Syncrip	10090	0.505	0	0	0	0.175	0.062	0	0.412
10090.ENSMUSP00000033673	10090.ENSMUSP00000130023	Nono	Hnrnpf	10090	0.508	0	0	0	0.338	0.067	0	0.268
10090.ENSMUSP00000033673	10090.ENSMUSP00000098066	Nono	Actb	10090	0.526	0	0	0	0.09	0.213	0	0.391
10090.ENSMUSP00000033673	10090.ENSMUSP00000048153	Nono	Rbmxl1	10090	0.53	0	0	0	0.212	0.07	0	0.41
10090.ENSMUSP00000033673	10090.ENSMUSP00000047571	Nono	Hnrnpu	10090	0.532	0	0	0	0.208	0	0	0.434
10090.ENSMUSP00000033673	10090.ENSMUSP00000038964	Nono	Rbm3	10090	0.534	0	0	0	0.235	0.07	0	0.398
10090.ENSMUSP00000033673	10090.ENSMUSP00000079722	Nono	Thrap3	10090	0.626	0	0	0	0.329	0.102	0	0.43
10090.ENSMUSP00000033673	10090.ENSMUSP00000109585	Nono	Wdr5	10090	0.627	0	0	0	0.092	0	0	0.605
10090.ENSMUSP00000033673	10090.ENSMUSP00000075067	Nono	Npm1	10090	0.636	0	0	0	0.263	0.046	0	0.524
10090.ENSMUSP00000033673	10090.ENSMUSP00000078589	Nono	Ybx1	10090	0.643	0	0	0	0.129	0.076	0	0.592
10090.ENSMUSP00000033673	10090.ENSMUSP00000133728	Nono	Hnrnpl	10090	0.669	0	0	0	0.093	0.059	0	0.644
10090.ENSMUSP00000033673	10090.ENSMUSP00000081142	Nono	Tardbp	10090	0.715	0	0	0	0.217	0.063	0	0.643
10090.ENSMUSP00000033673	10090.ENSMUSP00000112104	Nono	Hnrnpk	10090	0.809	0	0	0	0.528	0.165	0	0.554
10090.ENSMUSP00000033673	10090.ENSMUSP00000120115	Nono	Hnrnpm	10090	0.887	0	0	0	0.626	0.062	0	0.705
10090.ENSMUSP00000033673	10090.ENSMUSP00000101858	Nono	Fus	10090	0.912	0	0	0	0.131	0.127	0	0.893
10090.ENSMUSP00000033673	10090.ENSMUSP00000125761	Nono	Matr3	10090	0.987	0	0	0	0.207	0.095	0	0.984
10090.ENSMUSP00000033720	10090.ENSMUSP00000112304	Rbbp7	Mad2l1	10090	0.41	0	0	0	0.356	0	0	0.121
10090.ENSMUSP00000033720	10090.ENSMUSP00000091921	Rbbp7	Hsp90aa1	10090	0.42	0	0	0	0.207	0.082	0	0.267
10090.ENSMUSP00000033720	10090.ENSMUSP00000116108	Rbbp7	Tcp1	10090	0.434	0	0	0	0.39	0.1	0	0.053
10090.ENSMUSP00000033720	10090.ENSMUSP00000130023	Rbbp7	Hnrnpf	10090	0.439	0	0	0	0.385	0.067	0	0.1
10090.ENSMUSP00000033720	10090.ENSMUSP00000035884	Rbbp7	Cops8	10090	0.453	0	0	0	0.116	0	0.4	0.052
10090.ENSMUSP00000033720	10090.ENSMUSP00000133855	Rbbp7	Gps1	10090	0.47	0	0	0	0.153	0	0.4	0
10090.ENSMUSP00000033720	10090.ENSMUSP00000042283	Rbbp7	Supt16	10090	0.47	0	0	0	0.17	0.075	0	0.364
10090.ENSMUSP00000033720	10090.ENSMUSP00000103817	Rbbp7	Dcun1d1	10090	0.515	0	0	0	0.071	0	0.5	0
10090.ENSMUSP00000033720	10090.ENSMUSP00000048416	Rbbp7	Cops4	10090	0.539	0	0	0	0.226	0.088	0.4	0
10090.ENSMUSP00000033720	10090.ENSMUSP00000106090	Rbbp7	Cops2	10090	0.546	0	0	0	0.176	0.088	0.4	0.113
10090.ENSMUSP00000033720	10090.ENSMUSP00000034349	Rbbp7	Nae1	10090	0.584	0	0	0	0.161	0.083	0.5	0.047
10090.ENSMUSP00000033720	10090.ENSMUSP00000086701	Rbbp7	Uba3	10090	0.59	0	0	0	0.173	0.083	0.5	0.047
10090.ENSMUSP00000033720	10090.ENSMUSP00000112104	Rbbp7	Hnrnpk	10090	0.604	0	0	0	0.575	0	0	0.106
10090.ENSMUSP00000033720	10090.ENSMUSP00000109585	Rbbp7	Wdr5	10090	0.615	0	0	0	0.124	0.061	0.5	0.176
10090.ENSMUSP00000033720	10090.ENSMUSP00000036555	Rbbp7	Ipo4	10090	0.618	0	0	0	0.061	0.075	0	0.595
10090.ENSMUSP00000033720	10090.ENSMUSP00000056604	Rbbp7	H2bc1	10090	0.642	0	0	0	0	0.264	0.5	0.105
10090.ENSMUSP00000033720	10090.ENSMUSP00000075067	Rbbp7	Npm1	10090	0.886	0	0	0	0.329	0.077	0.8	0.19
10090.ENSMUSP00000033824	10090.ENSMUSP00000043167	Lamp1	Gns	10090	0.4	0	0	0	0.244	0	0	0.239
10090.ENSMUSP00000033824	10090.ENSMUSP00000091921	Lamp1	Hsp90aa1	10090	0.407	0	0	0	0.054	0	0	0.399
10090.ENSMUSP00000033824	10090.ENSMUSP00000034915	Lamp1	Ctsh	10090	0.411	0	0	0	0.176	0	0	0.314
10090.ENSMUSP00000033824	10090.ENSMUSP00000133302	Lamp1	Apoe	10090	0.438	0	0	0	0.116	0	0	0.39
10090.ENSMUSP00000033824	10090.ENSMUSP00000077856	Lamp1	Vps28	10090	0.44	0	0	0	0.169	0	0	0.354
10090.ENSMUSP00000033824	10090.ENSMUSP00000087457	Lamp1	Itgb1	10090	0.453	0	0	0	0.109	0.059	0	0.4
10090.ENSMUSP00000033824	10090.ENSMUSP00000090130	Lamp1	Vps26a	10090	0.547	0	0	0	0.102	0	0	0.517
10090.ENSMUSP00000033824	10090.ENSMUSP00000034756	Lamp1	Anxa2	10090	0.555	0	0	0	0.115	0	0	0.518
10090.ENSMUSP00000033824	10090.ENSMUSP00000147767	Lamp1	Casp3	10090	0.586	0	0	0	0.053	0	0	0.58
10090.ENSMUSP00000033824	10090.ENSMUSP00000103904	Lamp1	Lgals9	10090	0.624	0	0	0	0	0.084	0	0.607
10090.ENSMUSP00000033824	10090.ENSMUSP00000123564	Lamp1	Sort1	10090	0.631	0	0	0	0.051	0	0	0.627
10090.ENSMUSP00000033824	10090.ENSMUSP00000090844	Lamp1	Ap1g1	10090	0.65	0	0	0	0.061	0.345	0	0.476
10090.ENSMUSP00000033824	10090.ENSMUSP00000043768	Lamp1	Cd81	10090	0.683	0	0	0	0.178	0	0	0.63
10090.ENSMUSP00000033824	10090.ENSMUSP00000098066	Lamp1	Actb	10090	0.727	0	0	0	0.125	0	0	0.701
10090.ENSMUSP00000033824	10090.ENSMUSP00000034131	Lamp1	Vps35	10090	0.773	0	0	0	0.067	0.073	0	0.759
10090.ENSMUSP00000033824	10090.ENSMUSP00000130660	Lamp1	Gba	10090	0.807	0	0	0	0.172	0.222	0	0.725
10090.ENSMUSP00000033824	10090.ENSMUSP00000137440	Lamp1	Canx	10090	0.842	0	0	0	0.085	0.061	0	0.831
10090.ENSMUSP00000033824	10090.ENSMUSP00000118169	Lamp1	Lgals3	10090	0.874	0	0	0	0.115	0.129	0	0.85
10090.ENSMUSP00000033824	10090.ENSMUSP00000074448	Lamp1	Lamp2	10090	0.993	0	0	0.092	0.251	0.948	0	0.845
10090.ENSMUSP00000033875	10090.ENSMUSP00000099482	Plpbp	Itpa	10090	0.404	0.223	0	0	0.095	0	0	0.221
10090.ENSMUSP00000033875	10090.ENSMUSP00000086796	Plpbp	Pdxp	10090	0.529	0.061	0	0	0	0	0	0.519
10090.ENSMUSP00000033898	10090.ENSMUSP00000054583	Col4a1	Fbln1	10090	0.435	0	0	0	0.121	0.079	0	0.358
10090.ENSMUSP00000033898	10090.ENSMUSP00000043768	Col4a1	Cd81	10090	0.464	0	0	0	0.052	0	0	0.458
10090.ENSMUSP00000033898	10090.ENSMUSP00000084043	Col4a1	Spp1	10090	0.542	0	0	0	0.077	0	0.4	0.24
10090.ENSMUSP00000033898	10090.ENSMUSP00000110411	Col4a1	Fstl1	10090	0.545	0	0	0	0.462	0	0	0.19
10090.ENSMUSP00000033898	10090.ENSMUSP00000110999	Col4a1	Timp1	10090	0.555	0	0	0	0.174	0.051	0	0.478
10090.ENSMUSP00000033898	10090.ENSMUSP00000090304	Col4a1	Lama2	10090	0.586	0	0	0	0.115	0.055	0	0.545
10090.ENSMUSP00000033898	10090.ENSMUSP00000035802	Col4a1	Col16a1	10090	0.6	0	0	0.099	0.203	0.065	0.4	0.16
10090.ENSMUSP00000033898	10090.ENSMUSP00000071662	Col4a1	Col12a1	10090	0.614	0	0	0	0.19	0	0.4	0.269
10090.ENSMUSP00000033898	10090.ENSMUSP00000101049	Col4a1	Col18a1	10090	0.657	0	0	0	0.203	0.093	0.4	0.303
10090.ENSMUSP00000033898	10090.ENSMUSP00000099981	Col4a1	Col15a1	10090	0.682	0	0	0	0.305	0.064	0.4	0.282
10090.ENSMUSP00000033898	10090.ENSMUSP00000083620	Col4a1	Col5a2	10090	0.756	0	0	0	0.389	0	0.4	0.389
10090.ENSMUSP00000033898	10090.ENSMUSP00000126390	Col4a1	Serpinh1	10090	0.829	0	0	0	0.437	0	0.5	0.443
10090.ENSMUSP00000033898	10090.ENSMUSP00000113556	Col4a1	Itga3	10090	0.865	0	0	0	0.101	0.046	0.65	0.605
10090.ENSMUSP00000033898	10090.ENSMUSP00000087457	Col4a1	Itgb1	10090	0.904	0	0	0	0.085	0.068	0.65	0.718
10090.ENSMUSP00000033941	10090.ENSMUSP00000082682	Plat	Hmgb1	10090	0.43	0	0	0	0	0.092	0	0.399
10090.ENSMUSP00000033941	10090.ENSMUSP00000046131	Plat	Fgl2	10090	0.431	0	0	0	0.046	0.068	0	0.412
10090.ENSMUSP00000033941	10090.ENSMUSP00000038909	Plat	Cspg4	10090	0.436	0	0	0	0.073	0	0	0.417
10090.ENSMUSP00000033941	10090.ENSMUSP00000098066	Plat	Actb	10090	0.49	0	0	0	0	0.096	0	0.459
10090.ENSMUSP00000033941	10090.ENSMUSP00000147767	Plat	Casp3	10090	0.497	0	0	0	0	0	0	0.497
10090.ENSMUSP00000033941	10090.ENSMUSP00000110999	Plat	Timp1	10090	0.591	0	0	0	0.137	0	0	0.546
10090.ENSMUSP00000033941	10090.ENSMUSP00000133117	Plat	Fga	10090	0.601	0	0	0	0.048	0.289	0	0.457
10090.ENSMUSP00000033941	10090.ENSMUSP00000079752	Plat	Lrp2	10090	0.621	0	0	0	0	0.095	0	0.599
10090.ENSMUSP00000033941	10090.ENSMUSP00000107760	Plat	Pzp	10090	0.637	0	0	0	0	0.131	0	0.6
10090.ENSMUSP00000033941	10090.ENSMUSP00000133302	Plat	Apoe	10090	0.655	0	0	0	0	0.051	0	0.652
10090.ENSMUSP00000033941	10090.ENSMUSP00000044004	Plat	Lrp1	10090	0.976	0	0	0	0	0.132	0	0.974
10090.ENSMUSP00000033941	10090.ENSMUSP00000034756	Plat	Anxa2	10090	0.996	0	0	0	0.118	0.093	0.4	0.993
10090.ENSMUSP00000034131	10090.ENSMUSP00000137440	Vps35	Canx	10090	0.483	0	0	0	0.353	0	0	0.234
10090.ENSMUSP00000034131	10090.ENSMUSP00000066181	Vps35	Immt	10090	0.509	0	0	0	0.509	0	0	0
10090.ENSMUSP00000034131	10090.ENSMUSP00000090844	Vps35	Ap1g1	10090	0.53	0	0	0	0.194	0	0	0.441
10090.ENSMUSP00000034131	10090.ENSMUSP00000074448	Vps35	Lamp2	10090	0.736	0	0	0	0.117	0.093	0	0.697
10090.ENSMUSP00000034131	10090.ENSMUSP00000130660	Vps35	Gba	10090	0.761	0	0	0	0.051	0	0	0.758
10090.ENSMUSP00000034131	10090.ENSMUSP00000111120	Vps35	Eif4g1	10090	0.82	0	0	0	0.091	0	0	0.81
10090.ENSMUSP00000034131	10090.ENSMUSP00000123564	Vps35	Sort1	10090	0.86	0	0	0	0	0.59	0	0.673
10090.ENSMUSP00000034131	10090.ENSMUSP00000118751	Vps35	Ankfy1	10090	0.873	0	0	0	0.064	0.385	0.72	0.307
10090.ENSMUSP00000034131	10090.ENSMUSP00000119102	Vps35	Snx12	10090	0.97	0	0	0	0.094	0.766	0.54	0.729
10090.ENSMUSP00000034131	10090.ENSMUSP00000090130	Vps35	Vps26a	10090	0.999	0	0	0	0.471	0.99	0.9	0.998
10090.ENSMUSP00000034131	10090.ENSMUSP00000034470	Vps35	Vps26b	10090	0.999	0	0	0	0.45	0.909	0.9	0.997
10090.ENSMUSP00000034138	10090.ENSMUSP00000080301	Dnaja2	Zc3h15	10090	0.426	0	0	0	0.396	0.076	0	0.053
10090.ENSMUSP00000034138	10090.ENSMUSP00000066621	Dnaja2	Glrx3	10090	0.43	0	0	0	0.296	0.058	0	0.209
10090.ENSMUSP00000034138	10090.ENSMUSP00000042009	Dnaja2	Bag2	10090	0.433	0	0	0	0.048	0.127	0	0.372
10090.ENSMUSP00000034138	10090.ENSMUSP00000092242	Dnaja2	Dnajc8	10090	0.482	0	0	0	0.148	0	0	0.417
10090.ENSMUSP00000034138	10090.ENSMUSP00000045284	Dnaja2	Uqcrfs1	10090	0.51	0	0	0	0.282	0.213	0	0.204
10090.ENSMUSP00000034138	10090.ENSMUSP00000158738	Dnaja2	Cct6a	10090	0.516	0.042	0	0	0.22	0.094	0	0.369
10090.ENSMUSP00000034138	10090.ENSMUSP00000116108	Dnaja2	Tcp1	10090	0.555	0.042	0	0	0.395	0.07	0	0.272
10090.ENSMUSP00000034138	10090.ENSMUSP00000123700	Dnaja2	Hyou1	10090	0.574	0	0	0	0.253	0.15	0	0.384
10090.ENSMUSP00000034138	10090.ENSMUSP00000137440	Dnaja2	Canx	10090	0.595	0	0	0	0.102	0.183	0	0.493
10090.ENSMUSP00000034138	10090.ENSMUSP00000158375	Dnaja2	Txnl1	10090	0.626	0	0	0	0.614	0.041	0	0.072
10090.ENSMUSP00000034138	10090.ENSMUSP00000144413	Dnaja2	Hsph1	10090	0.788	0	0	0.261	0.323	0.254	0	0.499
10090.ENSMUSP00000034138	10090.ENSMUSP00000068267	Dnaja2	Strap	10090	0.812	0	0	0	0.812	0	0	0
10090.ENSMUSP00000034138	10090.ENSMUSP00000129730	Dnaja2	Dnaja1	10090	0.812	0	0	0.065	0.172	0.283	0.5	0.427
10090.ENSMUSP00000034138	10090.ENSMUSP00000091921	Dnaja2	Hsp90aa1	10090	0.842	0.041	0	0	0.328	0.245	0.5	0.453
10090.ENSMUSP00000034215	10090.ENSMUSP00000079752	Mt1	Lrp2	10090	0.573	0	0	0	0	0	0	0.573
10090.ENSMUSP00000034226	10090.ENSMUSP00000041644	Fam192a	Brk1	10090	0.404	0	0	0	0.105	0	0	0.362
10090.ENSMUSP00000034226	10090.ENSMUSP00000037597	Fam192a	Snrpd2	10090	0.537	0	0	0	0.048	0.534	0	0
10090.ENSMUSP00000034226	10090.ENSMUSP00000086987	Fam192a	Snrpg	10090	0.539	0	0	0	0.053	0.534	0	0
10090.ENSMUSP00000034226	10090.ENSMUSP00000136858	Fam192a	Prpf19	10090	0.539	0	0	0	0.053	0.534	0	0
10090.ENSMUSP00000034226	10090.ENSMUSP00000117947	Fam192a	Snrpa1	10090	0.543	0	0	0	0.061	0.534	0	0
10090.ENSMUSP00000034226	10090.ENSMUSP00000114968	Fam192a	Plrg1	10090	0.548	0	0	0	0.071	0.534	0	0
10090.ENSMUSP00000034311	10090.ENSMUSP00000136858	Lsm4	Prpf19	10090	0.413	0	0	0	0.125	0.121	0	0.297
10090.ENSMUSP00000034311	10090.ENSMUSP00000120115	Lsm4	Hnrnpm	10090	0.443	0	0	0	0.145	0.275	0	0.174
10090.ENSMUSP00000034311	10090.ENSMUSP00000134615	Lsm4	Rps28	10090	0.445	0	0	0	0.205	0.138	0	0.255
10090.ENSMUSP00000034311	10090.ENSMUSP00000101858	Lsm4	Fus	10090	0.491	0	0	0	0.182	0.064	0	0.389
10090.ENSMUSP00000034311	10090.ENSMUSP00000133245	Lsm4	Ddx46	10090	0.533	0	0	0	0.053	0.238	0	0.405
10090.ENSMUSP00000034311	10090.ENSMUSP00000114968	Lsm4	Plrg1	10090	0.627	0	0	0	0.115	0.534	0	0.168
10090.ENSMUSP00000034311	10090.ENSMUSP00000101924	Lsm4	Ppih	10090	0.924	0	0	0	0.26	0.556	0.72	0.273
10090.ENSMUSP00000034311	10090.ENSMUSP00000117947	Lsm4	Snrpa1	10090	0.981	0	0	0	0.258	0.849	0.72	0.471
10090.ENSMUSP00000034311	10090.ENSMUSP00000086987	Lsm4	Snrpg	10090	0.991	0	0	0	0.208	0.891	0.72	0.695
10090.ENSMUSP00000034311	10090.ENSMUSP00000099509	Lsm4	Snrnp200	10090	0.996	0	0	0	0.174	0.978	0.72	0.394
10090.ENSMUSP00000034311	10090.ENSMUSP00000037597	Lsm4	Snrpd2	10090	0.998	0	0	0	0.324	0.978	0.72	0.654
10090.ENSMUSP00000034311	10090.ENSMUSP00000057238	Lsm4	Lsm8	10090	0.999	0	0	0	0.182	0.984	0.9	0.945
10090.ENSMUSP00000034311	10090.ENSMUSP00000119841	Lsm4	Lsm6	10090	0.999	0	0	0	0.227	0.985	0.9	0.902
10090.ENSMUSP00000034349	10090.ENSMUSP00000035884	Nae1	Cops8	10090	0.506	0	0	0	0.175	0	0	0.426
10090.ENSMUSP00000034349	10090.ENSMUSP00000109585	Nae1	Wdr5	10090	0.525	0	0	0	0.046	0	0.5	0.084
10090.ENSMUSP00000034349	10090.ENSMUSP00000115044	Nae1	Sumo2	10090	0.552	0	0	0	0.144	0.291	0	0.321
10090.ENSMUSP00000034349	10090.ENSMUSP00000035166	Nae1	Uba5	10090	0.569	0	0	0	0.067	0.078	0	0.54
10090.ENSMUSP00000034349	10090.ENSMUSP00000048416	Nae1	Cops4	10090	0.603	0	0	0	0.265	0	0	0.481
10090.ENSMUSP00000034349	10090.ENSMUSP00000066210	Nae1	Elob	10090	0.639	0	0	0	0.044	0	0.5	0.306
10090.ENSMUSP00000034349	10090.ENSMUSP00000139480	Nae1	Eloc	10090	0.665	0	0	0	0.114	0	0.5	0.304
10090.ENSMUSP00000034349	10090.ENSMUSP00000103817	Nae1	Dcun1d1	10090	0.732	0	0	0	0.068	0.042	0.5	0.471
10090.ENSMUSP00000034349	10090.ENSMUSP00000086701	Nae1	Uba3	10090	0.999	0	0	0	0.758	0.984	0.9	0.993
10090.ENSMUSP00000034369	10090.ENSMUSP00000123564	Psmb10	Sort1	10090	0.423	0	0	0	0	0.416	0	0.053
10090.ENSMUSP00000034369	10090.ENSMUSP00000066210	Psmb10	Elob	10090	0.427	0	0	0	0.085	0	0.4	0
10090.ENSMUSP00000034369	10090.ENSMUSP00000102870	Psmb10	Rpl27	10090	0.432	0	0	0	0.127	0.064	0	0.361
10090.ENSMUSP00000034369	10090.ENSMUSP00000139480	Psmb10	Eloc	10090	0.436	0	0	0	0.094	0	0.4	0.047
10090.ENSMUSP00000034369	10090.ENSMUSP00000137440	Psmb10	Canx	10090	0.518	0	0	0	0.055	0.062	0	0.5
10090.ENSMUSP00000034369	10090.ENSMUSP00000141132	Psmb10	Stat1	10090	0.627	0	0	0	0.371	0	0	0.431
10090.ENSMUSP00000034369	10090.ENSMUSP00000132435	Psmb10	Gbp2	10090	0.65	0	0	0	0.398	0.222	0	0.312
10090.ENSMUSP00000034369	10090.ENSMUSP00000099859	Psmb10	Ublcp1	10090	0.665	0	0	0	0.199	0.513	0	0.21
10090.ENSMUSP00000034369	10090.ENSMUSP00000140106	Psmb10	Uchl5	10090	0.823	0	0	0	0.093	0.607	0.5	0.127
10090.ENSMUSP00000034369	10090.ENSMUSP00000071054	Psmb10	Psmc3	10090	0.882	0.062	0	0	0.335	0.766	0	0.292
10090.ENSMUSP00000034369	10090.ENSMUSP00000042590	Psmb10	Psma8	10090	0.982	0	0	0	0.391	0.648	0.9	0.284
10090.ENSMUSP00000034470	10090.ENSMUSP00000123564	Vps26b	Sort1	10090	0.67	0	0	0	0.057	0.396	0	0.467
10090.ENSMUSP00000034470	10090.ENSMUSP00000118751	Vps26b	Ankfy1	10090	0.756	0	0	0	0.053	0.065	0.72	0.135
10090.ENSMUSP00000034470	10090.ENSMUSP00000119102	Vps26b	Snx12	10090	0.915	0	0	0	0.079	0.607	0.54	0.554
10090.ENSMUSP00000034470	10090.ENSMUSP00000090130	Vps26b	Vps26a	10090	0.981	0	0	0.055	0.053	0.704	0.9	0.394
10090.ENSMUSP00000034524	10090.ENSMUSP00000060900	Rexo2	Trnt1	10090	0.646	0.221	0	0	0.086	0	0	0.543
10090.ENSMUSP00000034570	10090.ENSMUSP00000141132	Pts	Stat1	10090	0.405	0	0	0	0	0	0	0.405
10090.ENSMUSP00000034570	10090.ENSMUSP00000066621	Pts	Glrx3	10090	0.448	0	0	0	0.043	0	0	0.447
10090.ENSMUSP00000034570	10090.ENSMUSP00000103068	Pts	Alad	10090	0.555	0.092	0	0	0.048	0	0	0.527
10090.ENSMUSP00000034570	10090.ENSMUSP00000088056	Pts	Ptprz1	10090	0.615	0	0	0	0	0.065	0	0.606
10090.ENSMUSP00000034650	10090.ENSMUSP00000041644	Mcam	Brk1	10090	0.4	0	0	0	0	0	0.4	0
10090.ENSMUSP00000034650	10090.ENSMUSP00000084043	Mcam	Spp1	10090	0.4	0	0	0	0.057	0	0	0.39
10090.ENSMUSP00000034650	10090.ENSMUSP00000106963	Mcam	Arhgap1	10090	0.438	0	0	0	0.065	0.051	0.4	0.07
10090.ENSMUSP00000034650	10090.ENSMUSP00000155052	Mcam	Myh11	10090	0.442	0	0	0	0.123	0	0	0.39
10090.ENSMUSP00000034650	10090.ENSMUSP00000058321	Mcam	Cavin1	10090	0.462	0	0	0	0.141	0	0.4	0
10090.ENSMUSP00000034650	10090.ENSMUSP00000128278	Mcam	Iqgap1	10090	0.483	0	0	0	0.074	0.087	0.4	0.101
10090.ENSMUSP00000034650	10090.ENSMUSP00000156728	Mcam	Tjp2	10090	0.485	0	0	0	0.077	0.14	0.4	0.046
10090.ENSMUSP00000034650	10090.ENSMUSP00000038909	Mcam	Cspg4	10090	0.587	0	0	0	0.134	0	0	0.542
10090.ENSMUSP00000034650	10090.ENSMUSP00000088493	Mcam	Nes	10090	0.629	0	0	0	0.096	0	0	0.607
10090.ENSMUSP00000034650	10090.ENSMUSP00000087457	Mcam	Itgb1	10090	0.813	0	0	0	0.073	0	0.4	0.692
10090.ENSMUSP00000034756	10090.ENSMUSP00000127250	Anxa2	Mvp	10090	0.41	0	0	0	0.174	0	0	0.316
10090.ENSMUSP00000034756	10090.ENSMUSP00000137440	Anxa2	Canx	10090	0.418	0	0	0	0.043	0	0	0.417
10090.ENSMUSP00000034756	10090.ENSMUSP00000126390	Anxa2	Serpinh1	10090	0.426	0	0	0	0.17	0	0	0.336
10090.ENSMUSP00000034756	10090.ENSMUSP00000147767	Anxa2	Casp3	10090	0.428	0	0	0	0.047	0.07	0	0.406
10090.ENSMUSP00000034756	10090.ENSMUSP00000056604	Anxa2	H2bc1	10090	0.43	0	0	0	0	0	0	0.43
10090.ENSMUSP00000034756	10090.ENSMUSP00000084043	Anxa2	Spp1	10090	0.432	0	0	0	0.139	0	0	0.367
10090.ENSMUSP00000034756	10090.ENSMUSP00000046636	Anxa2	Gc	10090	0.437	0	0	0	0	0	0	0.437
10090.ENSMUSP00000034756	10090.ENSMUSP00000070993	Anxa2	Ywhae	10090	0.465	0	0	0	0.058	0	0	0.455
10090.ENSMUSP00000034756	10090.ENSMUSP00000077150	Anxa2	Tex101	10090	0.466	0	0	0	0.051	0	0	0.461
10090.ENSMUSP00000034756	10090.ENSMUSP00000095169	Anxa2	Csrp1	10090	0.475	0	0	0	0.093	0	0	0.445
10090.ENSMUSP00000034756	10090.ENSMUSP00000143680	Anxa2	Crip1	10090	0.484	0	0	0	0.146	0	0	0.42
10090.ENSMUSP00000034756	10090.ENSMUSP00000112104	Anxa2	Hnrnpk	10090	0.499	0	0	0	0.046	0	0	0.497
10090.ENSMUSP00000034756	10090.ENSMUSP00000110999	Anxa2	Timp1	10090	0.512	0	0	0	0.332	0	0	0.3
10090.ENSMUSP00000034756	10090.ENSMUSP00000047737	Anxa2	S100a13	10090	0.521	0	0	0	0.104	0	0	0.488
10090.ENSMUSP00000034756	10090.ENSMUSP00000044004	Anxa2	Lrp1	10090	0.527	0	0	0	0.041	0	0	0.527
10090.ENSMUSP00000034756	10090.ENSMUSP00000080302	Anxa2	Pgk1	10090	0.552	0	0	0	0.068	0.054	0	0.533
10090.ENSMUSP00000034756	10090.ENSMUSP00000052912	Anxa2	Pdia6	10090	0.553	0	0	0	0.044	0.059	0	0.543
10090.ENSMUSP00000034756	10090.ENSMUSP00000078589	Anxa2	Ybx1	10090	0.571	0	0	0	0.112	0	0	0.536
10090.ENSMUSP00000034756	10090.ENSMUSP00000087457	Anxa2	Itgb1	10090	0.633	0	0	0	0.202	0.041	0	0.559
10090.ENSMUSP00000034756	10090.ENSMUSP00000091921	Anxa2	Hsp90aa1	10090	0.649	0	0	0	0.051	0	0	0.646
10090.ENSMUSP00000034756	10090.ENSMUSP00000128278	Anxa2	Iqgap1	10090	0.692	0	0	0	0.415	0.064	0	0.483
10090.ENSMUSP00000034756	10090.ENSMUSP00000098066	Anxa2	Actb	10090	0.697	0	0	0	0.104	0.054	0	0.671
10090.ENSMUSP00000034756	10090.ENSMUSP00000055757	Anxa2	Pcsk9	10090	0.697	0	0	0	0	0.093	0.54	0.332
10090.ENSMUSP00000034756	10090.ENSMUSP00000043768	Anxa2	Cd81	10090	0.704	0	0	0	0.09	0	0	0.688
10090.ENSMUSP00000034756	10090.ENSMUSP00000118169	Anxa2	Lgals3	10090	0.868	0	0	0	0.626	0	0	0.661
10090.ENSMUSP00000034915	10090.ENSMUSP00000133302	Ctsh	Apoe	10090	0.419	0	0	0	0.305	0	0	0.198
10090.ENSMUSP00000035077	10090.ENSMUSP00000133117	Ltf	Fga	10090	0.415	0	0	0	0.273	0	0	0.228
10090.ENSMUSP00000035077	10090.ENSMUSP00000133302	Ltf	Apoe	10090	0.616	0	0	0	0.069	0	0	0.605
10090.ENSMUSP00000035077	10090.ENSMUSP00000107760	Ltf	Pzp	10090	0.635	0	0	0	0.063	0	0	0.626
10090.ENSMUSP00000035077	10090.ENSMUSP00000084043	Ltf	Spp1	10090	0.646	0	0	0	0.113	0	0	0.618
10090.ENSMUSP00000035077	10090.ENSMUSP00000044004	Ltf	Lrp1	10090	0.871	0	0	0	0	0	0	0.871
10090.ENSMUSP00000035077	10090.ENSMUSP00000079752	Ltf	Lrp2	10090	0.889	0	0	0	0.047	0	0	0.888
10090.ENSMUSP00000035105	10090.ENSMUSP00000158738	Rpsa	Cct6a	10090	0.417	0.052	0	0	0.192	0.123	0	0.234
10090.ENSMUSP00000035105	10090.ENSMUSP00000038964	Rpsa	Rbm3	10090	0.42	0	0	0	0.269	0.22	0	0.064
10090.ENSMUSP00000035105	10090.ENSMUSP00000091921	Rpsa	Hsp90aa1	10090	0.429	0	0	0	0.159	0.116	0	0.294
10090.ENSMUSP00000035105	10090.ENSMUSP00000061851	Rpsa	Ahcy	10090	0.437	0	0	0	0.279	0	0	0.25
10090.ENSMUSP00000035105	10090.ENSMUSP00000132082	Rpsa	Iars	10090	0.452	0.046	0	0	0.226	0	0	0.317
10090.ENSMUSP00000035105	10090.ENSMUSP00000130858	Rpsa	Tpi1	10090	0.454	0.043	0	0	0.313	0	0	0.236
10090.ENSMUSP00000035105	10090.ENSMUSP00000045284	Rpsa	Uqcrfs1	10090	0.456	0.115	0	0	0.161	0	0	0.326
10090.ENSMUSP00000035105	10090.ENSMUSP00000080302	Rpsa	Pgk1	10090	0.464	0.05	0	0	0.25	0.082	0	0.277
10090.ENSMUSP00000035105	10090.ENSMUSP00000078589	Rpsa	Ybx1	10090	0.467	0	0	0	0.206	0.195	0	0.233
10090.ENSMUSP00000035105	10090.ENSMUSP00000090304	Rpsa	Lama2	10090	0.477	0	0	0	0	0.103	0	0.441
10090.ENSMUSP00000035105	10090.ENSMUSP00000143910	Rpsa	Eif4h	10090	0.493	0	0	0	0.267	0.294	0	0.099
10090.ENSMUSP00000035105	10090.ENSMUSP00000116108	Rpsa	Tcp1	10090	0.515	0.052	0	0	0.352	0.123	0	0.207
10090.ENSMUSP00000035105	10090.ENSMUSP00000101006	Rpsa	Atp5d	10090	0.519	0.044	0	0	0.392	0	0	0.238
10090.ENSMUSP00000035105	10090.ENSMUSP00000075067	Rpsa	Npm1	10090	0.544	0	0	0	0.418	0.064	0	0.229
10090.ENSMUSP00000035105	10090.ENSMUSP00000098066	Rpsa	Actb	10090	0.56	0	0	0	0.246	0.09	0	0.411
10090.ENSMUSP00000035105	10090.ENSMUSP00000113560	Rpsa	Wdr61	10090	0.567	0	0	0	0.057	0.56	0	0
10090.ENSMUSP00000035105	10090.ENSMUSP00000127774	Rpsa	Eif4b	10090	0.59	0	0	0	0.239	0.416	0	0.151
10090.ENSMUSP00000035105	10090.ENSMUSP00000117022	Rpsa	Nme1	10090	0.597	0	0	0	0.337	0.253	0	0.252
10090.ENSMUSP00000035105	10090.ENSMUSP00000084572	Rpsa	Vars	10090	0.601	0	0	0	0.31	0.062	0	0.433
10090.ENSMUSP00000035105	10090.ENSMUSP00000111120	Rpsa	Eif4g1	10090	0.602	0	0	0	0.072	0.534	0	0.153
10090.ENSMUSP00000035105	10090.ENSMUSP00000080301	Rpsa	Zc3h15	10090	0.606	0	0	0	0.131	0.565	0	0
10090.ENSMUSP00000035105	10090.ENSMUSP00000133649	Rpsa	Syncrip	10090	0.613	0	0	0	0.384	0.322	0	0.147
10090.ENSMUSP00000035105	10090.ENSMUSP00000118169	Rpsa	Lgals3	10090	0.621	0	0	0	0.059	0	0	0.614
10090.ENSMUSP00000035105	10090.ENSMUSP00000084387	Rpsa	Eif1ax	10090	0.625	0.044	0	0	0.33	0.414	0	0.12
10090.ENSMUSP00000035105	10090.ENSMUSP00000044188	Rpsa	Ptma	10090	0.652	0	0	0	0.652	0	0	0
10090.ENSMUSP00000035105	10090.ENSMUSP00000075031	Rpsa	Gm10282	10090	0.806	0	0	0	0.546	0.505	0	0.209
10090.ENSMUSP00000035105	10090.ENSMUSP00000099561	Rpsa	Mrto4	10090	0.847	0.048	0	0	0.595	0.549	0	0.225
10090.ENSMUSP00000035105	10090.ENSMUSP00000114434	Rpsa	Pa2g4	10090	0.912	0.074	0	0	0.46	0.802	0	0.217
10090.ENSMUSP00000035105	10090.ENSMUSP00000096777	Rpsa	Eif2s2	10090	0.941	0	0	0	0.303	0.821	0.5	0.169
10090.ENSMUSP00000035105	10090.ENSMUSP00000059395	Rpsa	Eif2s3x	10090	0.949	0	0	0	0.549	0.758	0.5	0.187
10090.ENSMUSP00000035105	10090.ENSMUSP00000039110	Rpsa	Serbp1	10090	0.977	0	0	0	0.385	0.962	0	0.101
10090.ENSMUSP00000035105	10090.ENSMUSP00000118787	Rpsa	Rpl22	10090	0.993	0	0	0	0.735	0.962	0	0.425
10090.ENSMUSP00000035105	10090.ENSMUSP00000120528	Rpsa	Rps20	10090	0.999	0.062	0	0	0.975	0.99	0.8	0.565
10090.ENSMUSP00000035105	10090.ENSMUSP00000126294	Rpsa	Rps13	10090	0.999	0.083	0	0	0.968	0.99	0.8	0.39
10090.ENSMUSP00000035105	10090.ENSMUSP00000079180	Rpsa	Rps25	10090	0.999	0	0	0	0.979	0.99	0.8	0.641
10090.ENSMUSP00000035105	10090.ENSMUSP00000104068	Rpsa	Rps19	10090	0.999	0	0	0	0.969	0.99	0.8	0.744
10090.ENSMUSP00000035105	10090.ENSMUSP00000157948	Rpsa	Rps14	10090	0.999	0.084	0	0	0.963	0.984	0.8	0.606
10090.ENSMUSP00000035105	10090.ENSMUSP00000131489	Rpsa	Rpl14	10090	0.999	0.042	0	0	0.981	0.99	0	0.528
10090.ENSMUSP00000035105	10090.ENSMUSP00000147816	Rpsa	Rpl18	10090	0.999	0.116	0	0	0.985	0.99	0	0.722
10090.ENSMUSP00000035105	10090.ENSMUSP00000134615	Rpsa	Rps28	10090	0.999	0.086	0	0	0.959	0.99	0.8	0.572
10090.ENSMUSP00000035105	10090.ENSMUSP00000058432	Rpsa	Rps21	10090	0.999	0	0	0	0.936	0.99	0.8	0.438
10090.ENSMUSP00000035105	10090.ENSMUSP00000083705	Rpsa	Rplp0	10090	0.999	0.048	0	0	0.987	0.99	0	0.66
10090.ENSMUSP00000035105	10090.ENSMUSP00000079628	Rpsa	Rps17	10090	0.999	0	0	0	0.565	0.99	0.8	0.332
10090.ENSMUSP00000035105	10090.ENSMUSP00000102870	Rpsa	Rpl27	10090	0.999	0.042	0	0	0.938	0.99	0	0.304
10090.ENSMUSP00000035105	10090.ENSMUSP00000099757	Rpsa	Rps8	10090	0.999	0	0	0	0.977	0.99	0.8	0.573
10090.ENSMUSP00000035105	10090.ENSMUSP00000103940	Rpsa	Rps16	10090	0.999	0.084	0	0	0.981	0.99	0.8	0.619
10090.ENSMUSP00000035166	10090.ENSMUSP00000115044	Uba5	Sumo2	10090	0.535	0	0	0	0.085	0.291	0	0.34
10090.ENSMUSP00000035166	10090.ENSMUSP00000111443	Uba5	Ube2v2	10090	0.561	0	0	0	0.086	0	0.5	0.117
10090.ENSMUSP00000035166	10090.ENSMUSP00000114764	Uba5	Ube2v1	10090	0.564	0	0	0	0.092	0	0.5	0.117
10090.ENSMUSP00000035166	10090.ENSMUSP00000156121	Uba5	Ube2l3	10090	0.626	0.043	0	0	0.079	0.217	0.5	0.084
10090.ENSMUSP00000035166	10090.ENSMUSP00000096932	Uba5	Ube2n	10090	0.675	0.043	0	0	0.077	0.217	0.5	0.207
10090.ENSMUSP00000035166	10090.ENSMUSP00000086701	Uba5	Uba3	10090	0.771	0	0	0	0.061	0	0.5	0.552
10090.ENSMUSP00000035179	10090.ENSMUSP00000117022	Nudt16	Nme1	10090	0.9	0	0	0	0	0	0.9	0
10090.ENSMUSP00000035179	10090.ENSMUSP00000090360	Nudt16	Nt5c3b	10090	0.9	0	0	0	0	0	0.9	0
10090.ENSMUSP00000035179	10090.ENSMUSP00000099482	Nudt16	Itpa	10090	0.964	0	0	0	0	0	0.9	0.66
10090.ENSMUSP00000035486	10090.ENSMUSP00000106180	Ccs	Sord	10090	0.422	0.053	0	0	0.101	0	0	0.376
10090.ENSMUSP00000035486	10090.ENSMUSP00000146030	Ccs	Txnrd2	10090	0.457	0.11	0	0	0.086	0	0	0.387
10090.ENSMUSP00000035486	10090.ENSMUSP00000136858	Ccs	Prpf19	10090	0.491	0	0	0	0.054	0	0	0.485
10090.ENSMUSP00000035802	10090.ENSMUSP00000090304	Col16a1	Lama2	10090	0.437	0	0	0	0.11	0.055	0	0.385
10090.ENSMUSP00000035802	10090.ENSMUSP00000101049	Col16a1	Col18a1	10090	0.562	0	0	0.111	0.097	0.064	0.4	0.177
10090.ENSMUSP00000035802	10090.ENSMUSP00000087457	Col16a1	Itgb1	10090	0.593	0	0	0	0.07	0.068	0.5	0.171
10090.ENSMUSP00000035802	10090.ENSMUSP00000099981	Col16a1	Col15a1	10090	0.597	0	0	0	0.14	0.064	0.4	0.264
10090.ENSMUSP00000035802	10090.ENSMUSP00000064719	Col16a1	Efemp2	10090	0.632	0	0	0	0.362	0.079	0	0.424
10090.ENSMUSP00000035802	10090.ENSMUSP00000126390	Col16a1	Serpinh1	10090	0.636	0	0	0	0.189	0	0.5	0.173
10090.ENSMUSP00000035802	10090.ENSMUSP00000071662	Col16a1	Col12a1	10090	0.659	0	0	0	0.236	0.051	0.4	0.31
10090.ENSMUSP00000035802	10090.ENSMUSP00000083620	Col16a1	Col5a2	10090	0.747	0	0	0.168	0.195	0	0.54	0.276
10090.ENSMUSP00000035884	10090.ENSMUSP00000109585	Cops8	Wdr5	10090	0.437	0	0	0	0.061	0.076	0.4	0.047
10090.ENSMUSP00000035884	10090.ENSMUSP00000117690	Cops8	Tpd52l2	10090	0.437	0	0	0	0.421	0	0	0.069
10090.ENSMUSP00000035884	10090.ENSMUSP00000103817	Cops8	Dcun1d1	10090	0.487	0	0	0	0.078	0.086	0.4	0.106
10090.ENSMUSP00000035884	10090.ENSMUSP00000086542	Cops8	Nsfl1c	10090	0.501	0	0	0	0.388	0	0	0.218
10090.ENSMUSP00000035884	10090.ENSMUSP00000086701	Cops8	Uba3	10090	0.532	0	0	0	0.217	0	0	0.427
10090.ENSMUSP00000035884	10090.ENSMUSP00000066210	Cops8	Elob	10090	0.561	0	0	0	0.06	0.467	0	0.195
10090.ENSMUSP00000035884	10090.ENSMUSP00000139480	Cops8	Eloc	10090	0.586	0	0	0	0.06	0.534	0	0.131
10090.ENSMUSP00000035884	10090.ENSMUSP00000055122	Cops8	Epb41l2	10090	0.795	0	0	0	0	0.299	0.72	0
10090.ENSMUSP00000035884	10090.ENSMUSP00000048416	Cops8	Cops4	10090	0.999	0	0	0	0.548	0.972	0.9	0.97
10090.ENSMUSP00000035884	10090.ENSMUSP00000133855	Cops8	Gps1	10090	0.999	0	0	0	0.53	0.985	0.9	0.901
10090.ENSMUSP00000035884	10090.ENSMUSP00000106090	Cops8	Cops2	10090	0.999	0	0	0	0.31	0.972	0.9	0.869
10090.ENSMUSP00000036206	10090.ENSMUSP00000149803	Chmp4b	Cryab	10090	0.494	0	0	0	0.047	0.052	0	0.485
10090.ENSMUSP00000036206	10090.ENSMUSP00000084713	Chmp4b	Tuba3b	10090	0.51	0	0	0	0	0.061	0.5	0
10090.ENSMUSP00000036206	10090.ENSMUSP00000077856	Chmp4b	Vps28	10090	0.863	0	0	0	0.06	0	0.72	0.523
10090.ENSMUSP00000036206	10090.ENSMUSP00000109815	Chmp4b	Chmp3	10090	0.991	0	0	0	0.167	0.845	0.72	0.782
10090.ENSMUSP00000036555	10090.ENSMUSP00000084572	Ipo4	Vars	10090	0.44	0	0	0	0.408	0.093	0	0.042
10090.ENSMUSP00000036555	10090.ENSMUSP00000099757	Ipo4	Rps8	10090	0.441	0	0	0	0.108	0.4	0	0
10090.ENSMUSP00000036555	10090.ENSMUSP00000111120	Ipo4	Eif4g1	10090	0.474	0	0	0	0.282	0.249	0	0.103
10090.ENSMUSP00000036555	10090.ENSMUSP00000092157	Ipo4	Sec31a	10090	0.481	0	0	0	0.146	0	0	0.418
10090.ENSMUSP00000036555	10090.ENSMUSP00000114434	Ipo4	Pa2g4	10090	0.639	0	0	0	0.467	0.296	0	0.116
10090.ENSMUSP00000036555	10090.ENSMUSP00000099561	Ipo4	Mrto4	10090	0.662	0	0	0	0.605	0	0	0.178
10090.ENSMUSP00000036555	10090.ENSMUSP00000081782	Ipo4	Ipo7	10090	0.848	0	0	0	0.307	0.134	0	0.768
10090.ENSMUSP00000037454	10090.ENSMUSP00000063895	Npl	Nanp	10090	0.494	0	0	0	0.069	0	0	0.479
10090.ENSMUSP00000037454	10090.ENSMUSP00000112277	Npl	Renbp	10090	0.943	0	0	0	0.124	0	0.9	0.41
10090.ENSMUSP00000037597	10090.ENSMUSP00000099930	Snrpd2	Set	10090	0.413	0	0	0	0.374	0	0	0.101
10090.ENSMUSP00000037597	10090.ENSMUSP00000147816	Snrpd2	Rpl18	10090	0.418	0	0	0	0.306	0	0	0.195
10090.ENSMUSP00000037597	10090.ENSMUSP00000075067	Snrpd2	Npm1	10090	0.423	0	0	0	0.365	0.088	0	0.083
10090.ENSMUSP00000037597	10090.ENSMUSP00000104068	Snrpd2	Rps19	10090	0.428	0	0	0	0.357	0	0	0.146
10090.ENSMUSP00000037597	10090.ENSMUSP00000130023	Snrpd2	Hnrnpf	10090	0.442	0	0	0	0.137	0.312	0	0.137
10090.ENSMUSP00000037597	10090.ENSMUSP00000101858	Snrpd2	Fus	10090	0.445	0	0	0	0.206	0.263	0	0.126
10090.ENSMUSP00000037597	10090.ENSMUSP00000048153	Snrpd2	Rbmxl1	10090	0.454	0	0	0	0.174	0.259	0	0.18
10090.ENSMUSP00000037597	10090.ENSMUSP00000092242	Snrpd2	Dnajc8	10090	0.462	0	0	0	0.254	0.308	0	0
10090.ENSMUSP00000037597	10090.ENSMUSP00000079628	Snrpd2	Rps17	10090	0.463	0	0	0	0.339	0	0	0.221
10090.ENSMUSP00000037597	10090.ENSMUSP00000133728	Snrpd2	Hnrnpl	10090	0.463	0	0	0	0.382	0	0	0.166
10090.ENSMUSP00000037597	10090.ENSMUSP00000121005	Snrpd2	Hnrnpdl	10090	0.471	0	0	0	0.133	0.259	0	0.242
10090.ENSMUSP00000037597	10090.ENSMUSP00000117616	Snrpd2	Tpr	10090	0.476	0	0	0	0.163	0	0.4	0
10090.ENSMUSP00000037597	10090.ENSMUSP00000043123	Snrpd2	Srrt	10090	0.483	0	0	0	0.345	0.069	0	0.219
10090.ENSMUSP00000037597	10090.ENSMUSP00000133649	Snrpd2	Syncrip	10090	0.495	0	0	0	0.278	0.222	0	0.172
10090.ENSMUSP00000037597	10090.ENSMUSP00000058432	Snrpd2	Rps21	10090	0.5	0	0	0	0.412	0	0	0.185
10090.ENSMUSP00000037597	10090.ENSMUSP00000112104	Snrpd2	Hnrnpk	10090	0.524	0	0	0	0.382	0.226	0	0.085
10090.ENSMUSP00000037597	10090.ENSMUSP00000081142	Snrpd2	Tardbp	10090	0.538	0	0	0	0.394	0.259	0	0.053
10090.ENSMUSP00000037597	10090.ENSMUSP00000102870	Snrpd2	Rpl27	10090	0.629	0	0	0	0.623	0	0	0.057
10090.ENSMUSP00000037597	10090.ENSMUSP00000129178	Snrpd2	Pfdn5	10090	0.641	0	0	0	0.486	0	0	0.329
10090.ENSMUSP00000037597	10090.ENSMUSP00000120115	Snrpd2	Hnrnpm	10090	0.71	0	0	0	0.401	0.413	0	0.242
10090.ENSMUSP00000037597	10090.ENSMUSP00000078589	Snrpd2	Ybx1	10090	0.815	0	0	0	0.097	0.263	0.72	0.124
10090.ENSMUSP00000037597	10090.ENSMUSP00000101924	Snrpd2	Ppih	10090	0.879	0	0	0	0.231	0.484	0.72	0
10090.ENSMUSP00000037597	10090.ENSMUSP00000068267	Snrpd2	Strap	10090	0.882	0	0	0	0.08	0.341	0.72	0.39
10090.ENSMUSP00000037597	10090.ENSMUSP00000129620	Snrpd2	Erh	10090	0.921	0	0	0	0.623	0.307	0.72	0.053
10090.ENSMUSP00000037597	10090.ENSMUSP00000133245	Snrpd2	Ddx46	10090	0.958	0	0	0	0.075	0.91	0.5	0.122
10090.ENSMUSP00000037597	10090.ENSMUSP00000099509	Snrpd2	Snrnp200	10090	0.996	0	0	0	0.128	0.982	0.72	0.235
10090.ENSMUSP00000037597	10090.ENSMUSP00000136858	Snrpd2	Prpf19	10090	0.996	0	0	0	0.387	0.978	0.72	0.145
10090.ENSMUSP00000037597	10090.ENSMUSP00000057238	Snrpd2	Lsm8	10090	0.996	0	0	0	0.466	0.94	0.72	0.684
10090.ENSMUSP00000037597	10090.ENSMUSP00000114968	Snrpd2	Plrg1	10090	0.996	0	0	0	0.068	0.983	0.72	0.18
10090.ENSMUSP00000037597	10090.ENSMUSP00000117947	Snrpd2	Snrpa1	10090	0.998	0	0	0	0.232	0.978	0.72	0.653
10090.ENSMUSP00000037597	10090.ENSMUSP00000119841	Snrpd2	Lsm6	10090	0.998	0	0	0	0.209	0.981	0.72	0.653
10090.ENSMUSP00000037597	10090.ENSMUSP00000086987	Snrpd2	Snrpg	10090	0.999	0	0	0	0.898	0.991	0.9	0.905
10090.ENSMUSP00000038335	10090.ENSMUSP00000098066	Rabif	Actb	10090	0.451	0	0	0	0	0	0	0.451
10090.ENSMUSP00000038335	10090.ENSMUSP00000128278	Rabif	Iqgap1	10090	0.451	0	0	0	0	0.059	0	0.441
10090.ENSMUSP00000038335	10090.ENSMUSP00000096777	Rabif	Eif2s2	10090	0.686	0	0	0	0	0	0	0.686
10090.ENSMUSP00000038755	10090.ENSMUSP00000114504	Abhd14b	Ttc38	10090	0.48	0	0	0	0.117	0	0	0.435
10090.ENSMUSP00000038755	10090.ENSMUSP00000065282	Abhd14b	Abhd10	10090	0.529	0	0	0	0	0	0	0.529
10090.ENSMUSP00000038909	10090.ENSMUSP00000107760	Cspg4	Pzp	10090	0.402	0	0	0	0	0	0	0.402
10090.ENSMUSP00000038909	10090.ENSMUSP00000114304	Cspg4	Aldh1l1	10090	0.426	0	0	0	0	0	0	0.426
10090.ENSMUSP00000038909	10090.ENSMUSP00000088056	Cspg4	Ptprz1	10090	0.456	0	0	0	0.061	0	0	0.445
10090.ENSMUSP00000038909	10090.ENSMUSP00000044004	Cspg4	Lrp1	10090	0.469	0	0	0	0.094	0	0	0.438
10090.ENSMUSP00000038909	10090.ENSMUSP00000155052	Cspg4	Myh11	10090	0.494	0	0	0	0.112	0	0	0.454
10090.ENSMUSP00000038909	10090.ENSMUSP00000088493	Cspg4	Nes	10090	0.572	0	0	0	0.15	0	0	0.517
10090.ENSMUSP00000038909	10090.ENSMUSP00000105173	Cspg4	Vcan	10090	0.663	0	0	0	0.094	0	0.4	0.431
10090.ENSMUSP00000038909	10090.ENSMUSP00000118169	Cspg4	Lgals3	10090	0.815	0	0	0	0	0.074	0	0.808
10090.ENSMUSP00000038961	10090.ENSMUSP00000059167	Gm11273	Ctbs	10090	0.402	0	0	0	0.104	0.281	0	0.147
10090.ENSMUSP00000038961	10090.ENSMUSP00000127566	Gm11273	Guk1	10090	0.404	0	0	0	0	0	0	0.404
10090.ENSMUSP00000038961	10090.ENSMUSP00000101006	Gm11273	Atp5d	10090	0.923	0	0	0	0.775	0.077	0	0.66
10090.ENSMUSP00000038961	10090.ENSMUSP00000121557	Gm11273	Ndufv2	10090	0.93	0	0	0	0.629	0.663	0	0.486
10090.ENSMUSP00000038961	10090.ENSMUSP00000077744	Gm11273	Uqcrh	10090	0.997	0	0	0	0.578	0.943	0.72	0.654
10090.ENSMUSP00000038961	10090.ENSMUSP00000045284	Gm11273	Uqcrfs1	10090	0.999	0	0	0	0.818	0.975	0.72	0.634
10090.ENSMUSP00000038964	10090.ENSMUSP00000104068	Rbm3	Rps19	10090	0.4	0	0	0	0.218	0.242	0	0.069
10090.ENSMUSP00000038964	10090.ENSMUSP00000078589	Rbm3	Ybx1	10090	0.4	0	0	0	0.1	0.086	0	0.329
10090.ENSMUSP00000038964	10090.ENSMUSP00000099509	Rbm3	Snrnp200	10090	0.412	0	0	0	0.09	0.264	0	0.192
10090.ENSMUSP00000038964	10090.ENSMUSP00000086987	Rbm3	Snrpg	10090	0.414	0	0	0	0.161	0.272	0	0.117
10090.ENSMUSP00000038964	10090.ENSMUSP00000130023	Rbm3	Hnrnpf	10090	0.435	0	0	0	0.232	0.125	0	0.226
10090.ENSMUSP00000038964	10090.ENSMUSP00000120528	Rbm3	Rps20	10090	0.44	0	0	0	0.188	0.28	0	0.119
10090.ENSMUSP00000038964	10090.ENSMUSP00000039110	Rbm3	Serbp1	10090	0.444	0	0	0	0.179	0.076	0	0.326
10090.ENSMUSP00000038964	10090.ENSMUSP00000120115	Rbm3	Hnrnpm	10090	0.45	0	0	0	0.255	0.158	0	0.194
10090.ENSMUSP00000038964	10090.ENSMUSP00000047571	Rbm3	Hnrnpu	10090	0.455	0	0	0	0.098	0.083	0	0.394
10090.ENSMUSP00000038964	10090.ENSMUSP00000083705	Rbm3	Rplp0	10090	0.51	0	0	0	0.382	0.192	0	0.097
10090.ENSMUSP00000038964	10090.ENSMUSP00000133649	Rbm3	Syncrip	10090	0.515	0	0	0	0.131	0.103	0	0.428
10090.ENSMUSP00000038964	10090.ENSMUSP00000112104	Rbm3	Hnrnpk	10090	0.771	0	0	0	0.339	0.507	0	0.353
10090.ENSMUSP00000038977	10090.ENSMUSP00000113978	Naa25	Tpm3	10090	0.435	0	0	0	0.099	0.292	0	0.186
10090.ENSMUSP00000038977	10090.ENSMUSP00000081782	Naa25	Ipo7	10090	0.514	0	0	0	0.514	0	0	0
10090.ENSMUSP00000038977	10090.ENSMUSP00000065337	Naa25	Asna1	10090	0.579	0	0	0	0.052	0	0	0.574
10090.ENSMUSP00000038977	10090.ENSMUSP00000106242	Naa25	Hypk	10090	0.622	0	0	0	0.046	0	0	0.62
10090.ENSMUSP00000038977	10090.ENSMUSP00000124291	Naa25	Naa50	10090	0.957	0	0	0	0.194	0	0.72	0.826
10090.ENSMUSP00000039109	10090.ENSMUSP00000143910	Ppp1ca	Eif4h	10090	0.413	0	0	0	0.383	0.065	0	0.065
10090.ENSMUSP00000039109	10090.ENSMUSP00000091435	Ppp1ca	Sept9	10090	0.417	0	0	0	0.122	0.049	0	0.358
10090.ENSMUSP00000039109	10090.ENSMUSP00000115044	Ppp1ca	Sumo2	10090	0.424	0	0	0	0.383	0.1	0	0.047
10090.ENSMUSP00000039109	10090.ENSMUSP00000102870	Ppp1ca	Rpl27	10090	0.432	0	0	0	0.23	0.262	0	0.081
10090.ENSMUSP00000039109	10090.ENSMUSP00000086542	Ppp1ca	Nsfl1c	10090	0.437	0	0	0	0.173	0.277	0	0.135
10090.ENSMUSP00000039109	10090.ENSMUSP00000112104	Ppp1ca	Hnrnpk	10090	0.465	0	0	0	0.383	0.135	0	0.078
10090.ENSMUSP00000039109	10090.ENSMUSP00000051223	Ppp1ca	Ywhag	10090	0.472	0	0	0	0.088	0.266	0	0.273
10090.ENSMUSP00000039109	10090.ENSMUSP00000070993	Ppp1ca	Ywhae	10090	0.486	0	0	0	0.206	0.222	0	0.234
10090.ENSMUSP00000039109	10090.ENSMUSP00000127566	Ppp1ca	Guk1	10090	0.529	0	0	0	0.099	0.26	0	0.35
10090.ENSMUSP00000039109	10090.ENSMUSP00000131489	Ppp1ca	Rpl14	10090	0.54	0	0	0	0.155	0.455	0	0.081
10090.ENSMUSP00000039109	10090.ENSMUSP00000040938	Ppp1ca	Wdr92	10090	0.574	0	0	0	0.065	0.398	0	0.304
10090.ENSMUSP00000039109	10090.ENSMUSP00000098066	Ppp1ca	Actb	10090	0.637	0	0	0.3	0.233	0.175	0	0.277
10090.ENSMUSP00000039109	10090.ENSMUSP00000083705	Ppp1ca	Rplp0	10090	0.705	0	0	0	0.332	0.549	0	0.101
10090.ENSMUSP00000039109	10090.ENSMUSP00000046837	Ppp1ca	Ptpa	10090	0.709	0	0	0	0.059	0.615	0	0.262
10090.ENSMUSP00000039109	10090.ENSMUSP00000085913	Ppp1ca	Myl9	10090	0.923	0	0	0	0.065	0.163	0.9	0.139
10090.ENSMUSP00000039109	10090.ENSMUSP00000042364	Ppp1ca	Myl12b	10090	0.928	0	0	0	0.171	0.163	0.9	0.09
10090.ENSMUSP00000039109	10090.ENSMUSP00000131406	Ppp1ca	Ppp1r12b	10090	0.966	0	0	0	0.085	0.55	0.9	0.275
10090.ENSMUSP00000039109	10090.ENSMUSP00000099587	Ppp1ca	Ppp1cc	10090	0.969	0	0	0.048	0.198	0.354	0.9	0.481
10090.ENSMUSP00000039110	10090.ENSMUSP00000120115	Serbp1	Hnrnpm	10090	0.413	0	0	0	0.332	0	0	0.158
10090.ENSMUSP00000039110	10090.ENSMUSP00000096777	Serbp1	Eif2s2	10090	0.452	0	0	0	0.452	0	0	0
10090.ENSMUSP00000039110	10090.ENSMUSP00000044188	Serbp1	Ptma	10090	0.469	0	0	0	0.469	0	0	0
10090.ENSMUSP00000039110	10090.ENSMUSP00000075031	Serbp1	Gm10282	10090	0.486	0	0	0	0.127	0.414	0	0.076
10090.ENSMUSP00000039110	10090.ENSMUSP00000075067	Serbp1	Npm1	10090	0.534	0	0	0	0.5	0.063	0	0.085
10090.ENSMUSP00000039110	10090.ENSMUSP00000133649	Serbp1	Syncrip	10090	0.545	0	0	0	0.318	0.066	0	0.342
10090.ENSMUSP00000039110	10090.ENSMUSP00000099561	Serbp1	Mrto4	10090	0.562	0	0	0	0.231	0.438	0	0.068
10090.ENSMUSP00000039110	10090.ENSMUSP00000078589	Serbp1	Ybx1	10090	0.568	0	0	0	0.334	0.146	0	0.301
10090.ENSMUSP00000039110	10090.ENSMUSP00000091921	Serbp1	Hsp90aa1	10090	0.588	0	0	0	0.342	0.042	0	0.4
10090.ENSMUSP00000039110	10090.ENSMUSP00000081142	Serbp1	Tardbp	10090	0.594	0	0	0	0.534	0.076	0	0.131
10090.ENSMUSP00000039110	10090.ENSMUSP00000047571	Serbp1	Hnrnpu	10090	0.698	0	0	0	0.337	0.059	0	0.556
10090.ENSMUSP00000039110	10090.ENSMUSP00000114434	Serbp1	Pa2g4	10090	0.785	0	0	0	0.397	0.607	0	0.165
10090.ENSMUSP00000039110	10090.ENSMUSP00000079628	Serbp1	Rps17	10090	0.934	0	0	0	0.478	0.879	0	0
10090.ENSMUSP00000039110	10090.ENSMUSP00000157948	Serbp1	Rps14	10090	0.963	0	0	0	0.277	0.941	0	0.212
10090.ENSMUSP00000039110	10090.ENSMUSP00000118787	Serbp1	Rpl22	10090	0.965	0	0	0	0.479	0.924	0	0.197
10090.ENSMUSP00000039110	10090.ENSMUSP00000131489	Serbp1	Rpl14	10090	0.971	0	0	0	0.284	0.961	0	0
10090.ENSMUSP00000039110	10090.ENSMUSP00000102870	Serbp1	Rpl27	10090	0.972	0	0	0	0.287	0.962	0	0.057
10090.ENSMUSP00000039110	10090.ENSMUSP00000147816	Serbp1	Rpl18	10090	0.973	0	0	0	0.336	0.961	0	0
10090.ENSMUSP00000039110	10090.ENSMUSP00000099757	Serbp1	Rps8	10090	0.976	0	0	0	0.368	0.962	0	0.083
10090.ENSMUSP00000039110	10090.ENSMUSP00000134615	Serbp1	Rps28	10090	0.977	0	0	0	0.337	0.961	0	0.185
10090.ENSMUSP00000039110	10090.ENSMUSP00000083705	Serbp1	Rplp0	10090	0.977	0	0	0	0.545	0.951	0	0.069
10090.ENSMUSP00000039110	10090.ENSMUSP00000058432	Serbp1	Rps21	10090	0.977	0	0	0	0.342	0.963	0	0.13
10090.ENSMUSP00000039110	10090.ENSMUSP00000103940	Serbp1	Rps16	10090	0.978	0	0	0	0.368	0.962	0	0.153
10090.ENSMUSP00000039110	10090.ENSMUSP00000126294	Serbp1	Rps13	10090	0.979	0	0	0	0.456	0.964	0	0
10090.ENSMUSP00000039110	10090.ENSMUSP00000104068	Serbp1	Rps19	10090	0.981	0	0	0	0.411	0.969	0	0
10090.ENSMUSP00000039110	10090.ENSMUSP00000079180	Serbp1	Rps25	10090	0.983	0	0	0	0.461	0.968	0	0.096
10090.ENSMUSP00000039110	10090.ENSMUSP00000120528	Serbp1	Rps20	10090	0.991	0	0	0	0.672	0.973	0	0.105
10090.ENSMUSP00000039335	10090.ENSMUSP00000086987	Timm8b	Snrpg	10090	0.425	0	0	0	0.425	0	0	0
10090.ENSMUSP00000039335	10090.ENSMUSP00000080614	Timm8b	Timm50	10090	0.494	0	0	0	0.06	0	0	0.484
10090.ENSMUSP00000039335	10090.ENSMUSP00000121557	Timm8b	Ndufv2	10090	0.516	0	0	0	0.314	0	0	0.323
10090.ENSMUSP00000039335	10090.ENSMUSP00000077744	Timm8b	Uqcrh	10090	0.766	0	0	0	0.661	0	0	0.337
10090.ENSMUSP00000039335	10090.ENSMUSP00000126298	Timm8b	Timm9	10090	0.841	0	0	0	0.47	0.173	0	0.666
10090.ENSMUSP00000039493	10090.ENSMUSP00000044188	Arglu1	Ptma	10090	0.408	0	0	0	0.108	0.363	0	0
10090.ENSMUSP00000039493	10090.ENSMUSP00000133855	Arglu1	Gps1	10090	0.423	0	0	0	0.058	0.363	0	0.116
10090.ENSMUSP00000039493	10090.ENSMUSP00000081142	Arglu1	Tardbp	10090	0.5	0	0	0	0.225	0.382	0	0
10090.ENSMUSP00000040222	10090.ENSMUSP00000141132	Lap3	Stat1	10090	0.566	0	0	0	0.544	0	0	0.087
10090.ENSMUSP00000040222	10090.ENSMUSP00000102724	Lap3	Plaa	10090	0.593	0	0.554	0	0.088	0	0	0.079
10090.ENSMUSP00000040222	10090.ENSMUSP00000076564	Lap3	Rnpep	10090	0.596	0	0	0	0.106	0	0	0.566
10090.ENSMUSP00000040222	10090.ENSMUSP00000075683	Lap3	Pepd	10090	0.643	0.061	0	0	0.153	0.095	0	0.563
10090.ENSMUSP00000040222	10090.ENSMUSP00000101825	Lap3	Kyat3	10090	0.835	0.061	0	0	0.17	0.07	0.8	0
10090.ENSMUSP00000040938	10090.ENSMUSP00000099587	Wdr92	Ppp1cc	10090	0.742	0	0	0	0.07	0.398	0	0.576
10090.ENSMUSP00000041149	10090.ENSMUSP00000116108	Mif	Tcp1	10090	0.422	0	0	0	0.277	0	0	0.233
10090.ENSMUSP00000041149	10090.ENSMUSP00000110999	Mif	Timp1	10090	0.423	0	0	0	0.079	0	0	0.4
10090.ENSMUSP00000041149	10090.ENSMUSP00000084043	Mif	Spp1	10090	0.454	0	0	0	0.138	0	0	0.393
10090.ENSMUSP00000041149	10090.ENSMUSP00000130858	Mif	Tpi1	10090	0.504	0	0	0	0.354	0.098	0	0.217
10090.ENSMUSP00000041149	10090.ENSMUSP00000082682	Mif	Hmgb1	10090	0.508	0	0	0	0.153	0.042	0	0.442
10090.ENSMUSP00000041149	10090.ENSMUSP00000104068	Mif	Rps19	10090	0.544	0	0	0	0.171	0	0	0.473
10090.ENSMUSP00000041149	10090.ENSMUSP00000117022	Mif	Nme1	10090	0.638	0	0	0	0.557	0.093	0	0.172
10090.ENSMUSP00000041149	10090.ENSMUSP00000080302	Mif	Pgk1	10090	0.707	0	0	0	0.635	0.089	0	0.19
10090.ENSMUSP00000041644	10090.ENSMUSP00000046557	Brk1	Gng12	10090	0.408	0	0	0	0.051	0	0	0.402
10090.ENSMUSP00000041644	10090.ENSMUSP00000087457	Brk1	Itgb1	10090	0.434	0	0	0	0.046	0	0.4	0.091
10090.ENSMUSP00000041644	10090.ENSMUSP00000128278	Brk1	Iqgap1	10090	0.439	0	0	0	0.044	0	0.4	0.101
10090.ENSMUSP00000041644	10090.ENSMUSP00000065983	Brk1	Mapk1	10090	0.468	0	0	0	0.151	0	0.4	0
10090.ENSMUSP00000041644	10090.ENSMUSP00000156121	Brk1	Ube2l3	10090	0.499	0	0	0	0.417	0	0	0.177
10090.ENSMUSP00000041644	10090.ENSMUSP00000091921	Brk1	Hsp90aa1	10090	0.513	0	0	0	0.061	0	0.5	0.047
10090.ENSMUSP00000041644	10090.ENSMUSP00000098066	Brk1	Actb	10090	0.579	0	0	0	0.06	0.086	0.5	0.136
10090.ENSMUSP00000041644	10090.ENSMUSP00000137503	Brk1	Actr3	10090	0.771	0	0	0	0.117	0.079	0.5	0.505
10090.ENSMUSP00000041644	10090.ENSMUSP00000076933	Brk1	Arpc5	10090	0.934	0	0	0	0.153	0	0.9	0.285
10090.ENSMUSP00000041644	10090.ENSMUSP00000109451	Brk1	Arpc2	10090	0.959	0	0	0	0.237	0	0.9	0.515
10090.ENSMUSP00000042009	10090.ENSMUSP00000123700	Bag2	Hyou1	10090	0.403	0	0	0	0	0.281	0	0.203
10090.ENSMUSP00000042009	10090.ENSMUSP00000101924	Bag2	Ppih	10090	0.411	0	0	0	0.065	0.393	0	0.047
10090.ENSMUSP00000042009	10090.ENSMUSP00000129730	Bag2	Dnaja1	10090	0.428	0	0	0	0	0.125	0	0.373
10090.ENSMUSP00000042009	10090.ENSMUSP00000130195	Bag2	St13	10090	0.607	0	0	0	0.08	0	0	0.591
10090.ENSMUSP00000042009	10090.ENSMUSP00000091921	Bag2	Hsp90aa1	10090	0.663	0	0	0	0.047	0.064	0	0.652
10090.ENSMUSP00000042009	10090.ENSMUSP00000116108	Bag2	Tcp1	10090	0.752	0	0	0	0.081	0	0.72	0.117
10090.ENSMUSP00000042009	10090.ENSMUSP00000050292	Bag2	Ptges3	10090	0.767	0	0	0	0.053	0	0.72	0.192
10090.ENSMUSP00000042009	10090.ENSMUSP00000158738	Bag2	Cct6a	10090	0.767	0	0	0	0.098	0	0.72	0.155
10090.ENSMUSP00000042009	10090.ENSMUSP00000144413	Bag2	Hsph1	10090	0.994	0	0	0	0.087	0.281	0.9	0.931
10090.ENSMUSP00000042123	10090.ENSMUSP00000098066	Lasp1	Actb	10090	0.435	0	0	0	0.087	0.238	0	0.253
10090.ENSMUSP00000042283	10090.ENSMUSP00000118169	Supt16	Lgals3	10090	0.403	0	0	0	0	0	0	0.403
10090.ENSMUSP00000042283	10090.ENSMUSP00000082682	Supt16	Hmgb1	10090	0.414	0	0	0	0.135	0.233	0	0.188
10090.ENSMUSP00000042283	10090.ENSMUSP00000118787	Supt16	Rpl22	10090	0.477	0	0	0	0.042	0	0	0.476
10090.ENSMUSP00000042283	10090.ENSMUSP00000056604	Supt16	H2bc1	10090	0.522	0	0	0	0.055	0.4	0	0.226
10090.ENSMUSP00000042283	10090.ENSMUSP00000117616	Supt16	Tpr	10090	0.545	0	0	0	0.377	0.114	0	0.241
10090.ENSMUSP00000042283	10090.ENSMUSP00000133649	Supt16	Syncrip	10090	0.563	0	0	0	0.165	0.095	0	0.468
10090.ENSMUSP00000042283	10090.ENSMUSP00000062030	Supt16	H1f1	10090	0.568	0	0	0	0.062	0.099	0	0.529
10090.ENSMUSP00000042283	10090.ENSMUSP00000066210	Supt16	Elob	10090	0.72	0	0	0	0	0	0.72	0
10090.ENSMUSP00000042283	10090.ENSMUSP00000139480	Supt16	Eloc	10090	0.72	0	0	0	0.044	0	0.72	0
10090.ENSMUSP00000042283	10090.ENSMUSP00000113560	Supt16	Wdr61	10090	0.826	0	0	0	0.061	0	0.72	0.392
10090.ENSMUSP00000042364	10090.ENSMUSP00000137503	Myl12b	Actr3	10090	0.417	0	0	0	0.19	0.126	0	0.242
10090.ENSMUSP00000042364	10090.ENSMUSP00000113978	Myl12b	Tpm3	10090	0.682	0	0	0	0.233	0.096	0.5	0.192
10090.ENSMUSP00000042364	10090.ENSMUSP00000131406	Myl12b	Ppp1r12b	10090	0.76	0	0	0	0.055	0.102	0.65	0.289
10090.ENSMUSP00000042364	10090.ENSMUSP00000085913	Myl12b	Myl9	10090	0.917	0	0	0.048	0.066	0.172	0.9	0.047
10090.ENSMUSP00000042364	10090.ENSMUSP00000099587	Myl12b	Ppp1cc	10090	0.923	0	0	0	0.052	0.163	0.9	0.147
10090.ENSMUSP00000042364	10090.ENSMUSP00000098066	Myl12b	Actb	10090	0.94	0	0	0	0.133	0.126	0.9	0.301
10090.ENSMUSP00000042364	10090.ENSMUSP00000155052	Myl12b	Myh11	10090	0.957	0	0	0	0.094	0.415	0.9	0.29
10090.ENSMUSP00000042590	10090.ENSMUSP00000066210	Psma8	Elob	10090	0.424	0	0	0	0.08	0	0.4	0
10090.ENSMUSP00000042590	10090.ENSMUSP00000139480	Psma8	Eloc	10090	0.441	0	0	0	0.102	0	0.4	0.047
10090.ENSMUSP00000042590	10090.ENSMUSP00000123564	Psma8	Sort1	10090	0.583	0	0.013	0	0	0.578	0	0.053
10090.ENSMUSP00000042590	10090.ENSMUSP00000099859	Psma8	Ublcp1	10090	0.717	0	0	0	0.202	0.501	0	0.347
10090.ENSMUSP00000042590	10090.ENSMUSP00000140106	Psma8	Uchl5	10090	0.861	0	0	0	0.057	0.629	0.5	0.299
10090.ENSMUSP00000042590	10090.ENSMUSP00000071054	Psma8	Psmc3	10090	0.9	0.062	0	0	0.292	0.767	0	0.431
10090.ENSMUSP00000043123	10090.ENSMUSP00000086987	Srrt	Snrpg	10090	0.408	0	0	0	0.286	0	0	0.205
10090.ENSMUSP00000043123	10090.ENSMUSP00000133728	Srrt	Hnrnpl	10090	0.456	0	0	0	0.364	0.066	0	0.158
10090.ENSMUSP00000043123	10090.ENSMUSP00000084572	Srrt	Vars	10090	0.457	0	0	0	0.35	0	0	0.2
10090.ENSMUSP00000043123	10090.ENSMUSP00000106242	Srrt	Hypk	10090	0.556	0	0	0	0.046	0.093	0	0.528
10090.ENSMUSP00000043123	10090.ENSMUSP00000081142	Srrt	Tardbp	10090	0.574	0	0	0	0.458	0.222	0	0.071
10090.ENSMUSP00000043123	10090.ENSMUSP00000112104	Srrt	Hnrnpk	10090	0.603	0	0	0	0.357	0.335	0	0.146
10090.ENSMUSP00000043123	10090.ENSMUSP00000120115	Srrt	Hnrnpm	10090	0.768	0	0	0	0.725	0.068	0	0.165
10090.ENSMUSP00000043167	10090.ENSMUSP00000113499	Gns	Fuca2	10090	0.402	0	0	0	0.046	0	0	0.398
10090.ENSMUSP00000043167	10090.ENSMUSP00000130660	Gns	Gba	10090	0.418	0	0	0	0.156	0	0	0.338
10090.ENSMUSP00000043167	10090.ENSMUSP00000149505	Gns	Siae	10090	0.469	0	0	0	0.049	0.343	0	0.218
10090.ENSMUSP00000043167	10090.ENSMUSP00000088964	Gns	Arsb	10090	0.477	0	0	0.242	0.061	0	0	0.324
10090.ENSMUSP00000043167	10090.ENSMUSP00000074448	Gns	Lamp2	10090	0.531	0	0	0	0.247	0.304	0	0.177
10090.ENSMUSP00000043167	10090.ENSMUSP00000090844	Gns	Ap1g1	10090	0.617	0	0	0	0.066	0	0.5	0.247
10090.ENSMUSP00000043167	10090.ENSMUSP00000106709	Gns	Ap1s1	10090	0.67	0	0	0	0	0	0.5	0.367
10090.ENSMUSP00000043167	10090.ENSMUSP00000055803	Gns	Glb1	10090	0.929	0	0	0	0.149	0	0.9	0.232
10090.ENSMUSP00000043768	10090.ENSMUSP00000077856	Cd81	Vps28	10090	0.401	0	0	0	0.115	0	0	0.351
10090.ENSMUSP00000043768	10090.ENSMUSP00000147767	Cd81	Casp3	10090	0.42	0	0	0	0	0	0	0.42
10090.ENSMUSP00000043768	10090.ENSMUSP00000133302	Cd81	Apoe	10090	0.501	0	0	0	0.104	0	0	0.466
10090.ENSMUSP00000043768	10090.ENSMUSP00000055757	Cd81	Pcsk9	10090	0.539	0	0	0	0	0	0	0.539
10090.ENSMUSP00000043768	10090.ENSMUSP00000074448	Cd81	Lamp2	10090	0.597	0	0	0	0.127	0	0	0.557
10090.ENSMUSP00000043768	10090.ENSMUSP00000098066	Cd81	Actb	10090	0.608	0	0	0	0.123	0	0	0.571
10090.ENSMUSP00000043768	10090.ENSMUSP00000113556	Cd81	Itga3	10090	0.656	0	0	0	0.049	0.063	0	0.645
10090.ENSMUSP00000043768	10090.ENSMUSP00000137440	Cd81	Canx	10090	0.796	0	0	0	0.091	0	0	0.785
10090.ENSMUSP00000043768	10090.ENSMUSP00000091921	Cd81	Hsp90aa1	10090	0.845	0	0	0	0.064	0	0	0.842
10090.ENSMUSP00000043768	10090.ENSMUSP00000087457	Cd81	Itgb1	10090	0.992	0	0	0	0.09	0.267	0	0.99
10090.ENSMUSP00000044004	10090.ENSMUSP00000098066	Lrp1	Actb	10090	0.404	0	0	0	0	0	0	0.404
10090.ENSMUSP00000044004	10090.ENSMUSP00000099087	Lrp1	Adam17	10090	0.413	0	0	0	0.083	0	0	0.385
10090.ENSMUSP00000044004	10090.ENSMUSP00000055757	Lrp1	Pcsk9	10090	0.486	0	0	0	0	0.263	0	0.331
10090.ENSMUSP00000044004	10090.ENSMUSP00000087457	Lrp1	Itgb1	10090	0.618	0	0	0	0.043	0	0	0.618
10090.ENSMUSP00000044004	10090.ENSMUSP00000123564	Lrp1	Sort1	10090	0.679	0	0	0	0.073	0	0	0.668
10090.ENSMUSP00000044004	10090.ENSMUSP00000082682	Lrp1	Hmgb1	10090	0.695	0	0	0	0	0	0	0.695
10090.ENSMUSP00000044004	10090.ENSMUSP00000079752	Lrp1	Lrp2	10090	0.941	0	0	0	0	0	0.9	0.436
10090.ENSMUSP00000044004	10090.ENSMUSP00000107760	Lrp1	Pzp	10090	0.987	0	0	0	0.052	0.099	0	0.987
10090.ENSMUSP00000044004	10090.ENSMUSP00000091921	Lrp1	Hsp90aa1	10090	0.99	0	0	0	0	0.097	0	0.99
10090.ENSMUSP00000044004	10090.ENSMUSP00000133302	Lrp1	Apoe	10090	0.999	0	0	0	0.071	0.103	0.9	0.99
10090.ENSMUSP00000044188	10090.ENSMUSP00000082652	Ptma	Anp32a	10090	0.419	0	0	0	0.105	0.085	0	0.347
10090.ENSMUSP00000044188	10090.ENSMUSP00000099990	Ptma	Anp32b	10090	0.436	0	0	0	0.179	0.098	0	0.299
10090.ENSMUSP00000044188	10090.ENSMUSP00000103940	Ptma	Rps16	10090	0.515	0	0	0	0.495	0	0	0.079
10090.ENSMUSP00000044188	10090.ENSMUSP00000079628	Ptma	Rps17	10090	0.517	0	0	0	0.517	0	0	0
10090.ENSMUSP00000044188	10090.ENSMUSP00000099930	Ptma	Set	10090	0.551	0	0	0	0.35	0.231	0	0.174
10090.ENSMUSP00000044188	10090.ENSMUSP00000099757	Ptma	Rps8	10090	0.571	0	0	0	0.542	0	0	0.102
10090.ENSMUSP00000044188	10090.ENSMUSP00000075067	Ptma	Npm1	10090	0.592	0	0	0	0.534	0	0	0.16
10090.ENSMUSP00000044188	10090.ENSMUSP00000134615	Ptma	Rps28	10090	0.63	0	0	0	0.63	0	0	0
10090.ENSMUSP00000044188	10090.ENSMUSP00000079180	Ptma	Rps25	10090	0.665	0	0	0	0.665	0	0	0
10090.ENSMUSP00000044188	10090.ENSMUSP00000131489	Ptma	Rpl14	10090	0.669	0	0	0	0.583	0	0	0.238
10090.ENSMUSP00000044188	10090.ENSMUSP00000058432	Ptma	Rps21	10090	0.69	0	0	0	0.68	0	0	0.072
10090.ENSMUSP00000044188	10090.ENSMUSP00000147816	Ptma	Rpl18	10090	0.696	0	0	0	0.684	0	0	0.078
10090.ENSMUSP00000044188	10090.ENSMUSP00000098066	Ptma	Actb	10090	0.704	0	0	0	0.609	0.066	0	0.254
10090.ENSMUSP00000044188	10090.ENSMUSP00000120528	Ptma	Rps20	10090	0.72	0	0	0	0.72	0	0	0
10090.ENSMUSP00000044188	10090.ENSMUSP00000102870	Ptma	Rpl27	10090	0.732	0	0	0	0.686	0	0	0.183
10090.ENSMUSP00000044188	10090.ENSMUSP00000083705	Ptma	Rplp0	10090	0.8	0	0	0	0.8	0	0	0
10090.ENSMUSP00000044188	10090.ENSMUSP00000157948	Ptma	Rps14	10090	0.803	0	0	0	0.803	0	0	0
10090.ENSMUSP00000044188	10090.ENSMUSP00000104068	Ptma	Rps19	10090	0.811	0	0	0	0.808	0	0	0.056
10090.ENSMUSP00000044188	10090.ENSMUSP00000082682	Ptma	Hmgb1	10090	0.838	0	0	0	0.808	0.048	0	0.188
10090.ENSMUSP00000044517	10090.ENSMUSP00000131406	Tsc22d1	Ppp1r12b	10090	0.441	0	0	0	0.073	0	0	0.421
10090.ENSMUSP00000045284	10090.ENSMUSP00000083705	Uqcrfs1	Rplp0	10090	0.406	0	0	0	0.236	0	0	0.255
10090.ENSMUSP00000045284	10090.ENSMUSP00000066181	Uqcrfs1	Immt	10090	0.408	0	0	0	0.222	0.093	0	0.227
10090.ENSMUSP00000045284	10090.ENSMUSP00000080614	Uqcrfs1	Timm50	10090	0.598	0	0	0	0.084	0.239	0	0.47
10090.ENSMUSP00000045284	10090.ENSMUSP00000113637	Uqcrfs1	Nfu1	10090	0.611	0	0	0	0.318	0	0	0.452
10090.ENSMUSP00000045284	10090.ENSMUSP00000099938	Uqcrfs1	Mdh1	10090	0.628	0	0	0	0.585	0	0	0.14
10090.ENSMUSP00000045284	10090.ENSMUSP00000123765	Uqcrfs1	Sucla2	10090	0.647	0.041	0	0	0.282	0.303	0	0.352
10090.ENSMUSP00000045284	10090.ENSMUSP00000106481	Uqcrfs1	Dld	10090	0.65	0	0	0	0.293	0.305	0	0.346
10090.ENSMUSP00000045284	10090.ENSMUSP00000130858	Uqcrfs1	Tpi1	10090	0.685	0.066	0	0	0.172	0.064	0	0.616
10090.ENSMUSP00000045284	10090.ENSMUSP00000060346	Uqcrfs1	Dlst	10090	0.761	0	0	0	0.653	0.305	0	0.09
10090.ENSMUSP00000045284	10090.ENSMUSP00000101006	Uqcrfs1	Atp5d	10090	0.98	0	0	0	0.911	0.341	0	0.689
10090.ENSMUSP00000045284	10090.ENSMUSP00000121557	Uqcrfs1	Ndufv2	10090	0.999	0	0	0	0.925	0.977	0	0.726
10090.ENSMUSP00000045284	10090.ENSMUSP00000077744	Uqcrfs1	Uqcrh	10090	0.999	0	0	0	0.793	0.99	0.9	0.768
10090.ENSMUSP00000045606	10090.ENSMUSP00000047778	Hibch	Nudt19	10090	0.417	0	0	0	0.074	0	0	0.396
10090.ENSMUSP00000045606	10090.ENSMUSP00000103068	Hibch	Alad	10090	0.454	0	0	0	0.057	0	0	0.445
10090.ENSMUSP00000045606	10090.ENSMUSP00000106481	Hibch	Dld	10090	0.527	0.042	0	0	0.161	0.048	0	0.455
10090.ENSMUSP00000045606	10090.ENSMUSP00000079628	Hibch	Rps17	10090	0.847	0	0	0	0.048	0.822	0	0.172
10090.ENSMUSP00000046311	10090.ENSMUSP00000050309	Nenf	Cnpy3	10090	0.409	0	0	0	0.045	0	0	0.407
10090.ENSMUSP00000046311	10090.ENSMUSP00000126036	Nenf	Sumf2	10090	0.467	0	0	0	0.057	0.062	0	0.446
10090.ENSMUSP00000046311	10090.ENSMUSP00000124480	Nenf	Cyb5a	10090	0.747	0	0	0	0.064	0	0	0.741
10090.ENSMUSP00000046388	10090.ENSMUSP00000117616	Ncoa5	Tpr	10090	0.478	0	0	0	0.092	0.304	0	0.24
10090.ENSMUSP00000046388	10090.ENSMUSP00000073459	Ncoa5	Akr7a5	10090	0.537	0	0	0	0.056	0.466	0	0.156
10090.ENSMUSP00000046557	10090.ENSMUSP00000158738	Gng12	Cct6a	10090	0.499	0	0	0	0	0	0.5	0
10090.ENSMUSP00000046557	10090.ENSMUSP00000116108	Gng12	Tcp1	10090	0.501	0	0	0	0.044	0	0.5	0
10090.ENSMUSP00000046557	10090.ENSMUSP00000065983	Gng12	Mapk1	10090	0.688	0	0	0	0.048	0	0.65	0.138
10090.ENSMUSP00000046557	10090.ENSMUSP00000130123	Gng12	Gnb1	10090	0.914	0	0	0	0.057	0.72	0.54	0.378
10090.ENSMUSP00000046636	10090.ENSMUSP00000133302	Gc	Apoe	10090	0.415	0	0	0	0.079	0	0	0.391
10090.ENSMUSP00000046636	10090.ENSMUSP00000098066	Gc	Actb	10090	0.426	0	0	0	0	0.303	0	0.21
10090.ENSMUSP00000046636	10090.ENSMUSP00000133117	Gc	Fga	10090	0.787	0	0	0	0.733	0.042	0	0.236
10090.ENSMUSP00000046636	10090.ENSMUSP00000107760	Gc	Pzp	10090	0.828	0	0	0	0.691	0	0	0.467
10090.ENSMUSP00000046636	10090.ENSMUSP00000079752	Gc	Lrp2	10090	0.953	0	0	0	0.064	0.088	0	0.949
10090.ENSMUSP00000046837	10090.ENSMUSP00000099587	Ptpa	Ppp1cc	10090	0.51	0	0	0	0.057	0.414	0	0.186
10090.ENSMUSP00000047218	10090.ENSMUSP00000080302	Grhpr	Pgk1	10090	0.414	0	0	0	0.127	0	0	0.356
10090.ENSMUSP00000047218	10090.ENSMUSP00000157520	Grhpr	Tkfc	10090	0.421	0	0	0	0.134	0	0	0.359
10090.ENSMUSP00000047218	10090.ENSMUSP00000066915	Grhpr	Amacr	10090	0.423	0.119	0	0	0.192	0	0	0.255
10090.ENSMUSP00000047218	10090.ENSMUSP00000109451	Grhpr	Arpc2	10090	0.431	0	0	0	0.431	0	0	0
10090.ENSMUSP00000047218	10090.ENSMUSP00000090564	Grhpr	Fbp1	10090	0.45	0.041	0	0	0.278	0.106	0	0.216
10090.ENSMUSP00000047218	10090.ENSMUSP00000124480	Grhpr	Cyb5a	10090	0.459	0	0	0	0.106	0.051	0	0.413
10090.ENSMUSP00000047218	10090.ENSMUSP00000079628	Grhpr	Rps17	10090	0.468	0.047	0	0	0.057	0	0	0.456
10090.ENSMUSP00000047218	10090.ENSMUSP00000123866	Grhpr	Pcmt1	10090	0.502	0	0	0	0.103	0	0	0.468
10090.ENSMUSP00000047218	10090.ENSMUSP00000081141	Grhpr	Pgd	10090	0.505	0.12	0	0	0.114	0	0	0.416
10090.ENSMUSP00000047218	10090.ENSMUSP00000106180	Grhpr	Sord	10090	0.653	0.179	0	0	0.124	0	0	0.557
10090.ENSMUSP00000047218	10090.ENSMUSP00000130858	Grhpr	Tpi1	10090	0.688	0	0	0	0.241	0.058	0	0.598
10090.ENSMUSP00000047218	10090.ENSMUSP00000099394	Grhpr	Aoc3	10090	0.816	0	0	0	0	0	0.8	0.121
10090.ENSMUSP00000047571	10090.ENSMUSP00000079722	Hnrnpu	Thrap3	10090	0.401	0	0	0	0.239	0.068	0	0.224
10090.ENSMUSP00000047571	10090.ENSMUSP00000120528	Hnrnpu	Rps20	10090	0.41	0	0	0	0.137	0.041	0	0.345
10090.ENSMUSP00000047571	10090.ENSMUSP00000129620	Hnrnpu	Erh	10090	0.415	0	0	0	0.315	0	0	0.181
10090.ENSMUSP00000047571	10090.ENSMUSP00000136858	Hnrnpu	Prpf19	10090	0.417	0	0	0	0.137	0.221	0	0.203
10090.ENSMUSP00000047571	10090.ENSMUSP00000082682	Hnrnpu	Hmgb1	10090	0.419	0	0	0	0.341	0.093	0	0.106
10090.ENSMUSP00000047571	10090.ENSMUSP00000096777	Hnrnpu	Eif2s2	10090	0.427	0	0	0	0.117	0	0	0.377
10090.ENSMUSP00000047571	10090.ENSMUSP00000075067	Hnrnpu	Npm1	10090	0.432	0	0	0	0.197	0.132	0	0.251
10090.ENSMUSP00000047571	10090.ENSMUSP00000070993	Hnrnpu	Ywhae	10090	0.432	0	0	0	0.333	0	0	0.183
10090.ENSMUSP00000047571	10090.ENSMUSP00000126294	Hnrnpu	Rps13	10090	0.432	0	0	0	0.08	0.096	0	0.371
10090.ENSMUSP00000047571	10090.ENSMUSP00000099509	Hnrnpu	Snrnp200	10090	0.453	0	0	0	0.161	0.184	0	0.265
10090.ENSMUSP00000047571	10090.ENSMUSP00000098066	Hnrnpu	Actb	10090	0.457	0	0	0	0.12	0.193	0	0.297
10090.ENSMUSP00000047571	10090.ENSMUSP00000117947	Hnrnpu	Snrpa1	10090	0.475	0	0	0	0.132	0.068	0	0.404
10090.ENSMUSP00000047571	10090.ENSMUSP00000091921	Hnrnpu	Hsp90aa1	10090	0.646	0	0	0	0.552	0	0	0.242
10090.ENSMUSP00000047571	10090.ENSMUSP00000121005	Hnrnpu	Hnrnpdl	10090	0.659	0	0	0	0.248	0.303	0	0.401
10090.ENSMUSP00000047571	10090.ENSMUSP00000125761	Hnrnpu	Matr3	10090	0.723	0	0	0	0.408	0.176	0	0.477
10090.ENSMUSP00000047571	10090.ENSMUSP00000050292	Hnrnpu	Ptges3	10090	0.763	0	0	0	0.165	0	0.72	0.069
10090.ENSMUSP00000047571	10090.ENSMUSP00000081142	Hnrnpu	Tardbp	10090	0.803	0	0	0	0.595	0.256	0	0.4
10090.ENSMUSP00000047571	10090.ENSMUSP00000101858	Hnrnpu	Fus	10090	0.835	0	0	0	0.243	0.369	0.4	0.492
10090.ENSMUSP00000047571	10090.ENSMUSP00000130023	Hnrnpu	Hnrnpf	10090	0.906	0	0	0	0.172	0.281	0.4	0.768
10090.ENSMUSP00000047571	10090.ENSMUSP00000133728	Hnrnpu	Hnrnpl	10090	0.912	0	0	0	0.407	0.37	0.4	0.654
10090.ENSMUSP00000047571	10090.ENSMUSP00000048153	Hnrnpu	Rbmxl1	10090	0.953	0	0	0	0.236	0.083	0.9	0.415
10090.ENSMUSP00000047571	10090.ENSMUSP00000133649	Hnrnpu	Syncrip	10090	0.99	0	0	0	0.267	0.475	0.72	0.919
10090.ENSMUSP00000047571	10090.ENSMUSP00000078589	Hnrnpu	Ybx1	10090	0.992	0	0	0	0.211	0.337	0.72	0.956
10090.ENSMUSP00000047571	10090.ENSMUSP00000120115	Hnrnpu	Hnrnpm	10090	0.995	0	0	0	0.617	0.094	0.9	0.877
10090.ENSMUSP00000047571	10090.ENSMUSP00000112104	Hnrnpu	Hnrnpk	10090	0.995	0	0	0	0.589	0.495	0.9	0.818
10090.ENSMUSP00000047665	10090.ENSMUSP00000084882	Adk	Gda	10090	0.415	0.049	0	0	0	0	0	0.41
10090.ENSMUSP00000047665	10090.ENSMUSP00000099482	Adk	Itpa	10090	0.415	0.092	0	0	0.069	0	0	0.363
10090.ENSMUSP00000047665	10090.ENSMUSP00000061092	Adk	Mtap	10090	0.43	0.074	0	0	0.07	0.058	0	0.38
10090.ENSMUSP00000047665	10090.ENSMUSP00000106180	Adk	Sord	10090	0.449	0.114	0	0	0.141	0	0	0.335
10090.ENSMUSP00000047665	10090.ENSMUSP00000083705	Adk	Rplp0	10090	0.453	0.044	0	0	0.087	0.051	0	0.418
10090.ENSMUSP00000047665	10090.ENSMUSP00000080302	Adk	Pgk1	10090	0.463	0.066	0	0	0.117	0	0	0.401
10090.ENSMUSP00000047665	10090.ENSMUSP00000127566	Adk	Guk1	10090	0.465	0	0	0	0.139	0.067	0	0.388
10090.ENSMUSP00000047665	10090.ENSMUSP00000087118	Adk	Mat2a	10090	0.47	0.093	0	0	0.127	0.065	0	0.369
10090.ENSMUSP00000047665	10090.ENSMUSP00000059404	Adk	Pura	10090	0.629	0	0	0	0	0	0	0.629
10090.ENSMUSP00000047665	10090.ENSMUSP00000130858	Adk	Tpi1	10090	0.672	0.11	0	0	0.215	0	0	0.568
10090.ENSMUSP00000047665	10090.ENSMUSP00000061851	Adk	Ahcy	10090	0.754	0.074	0	0	0.147	0.111	0	0.691
10090.ENSMUSP00000047665	10090.ENSMUSP00000090360	Adk	Nt5c3b	10090	0.921	0	0	0	0	0	0.9	0.246
10090.ENSMUSP00000047665	10090.ENSMUSP00000068479	Adk	Ak1	10090	0.945	0.061	0	0	0.086	0.05	0.9	0.437
10090.ENSMUSP00000047712	10090.ENSMUSP00000050292	Cbr3	Ptges3	10090	0.916	0	0	0	0.065	0.047	0.9	0.178
10090.ENSMUSP00000047778	10090.ENSMUSP00000147674	Nudt19	Bpnt1	10090	0.408	0.062	0	0	0.1	0.088	0	0.322
10090.ENSMUSP00000047778	10090.ENSMUSP00000052544	Nudt19	Zadh2	10090	0.531	0	0	0	0.047	0.05	0	0.523
10090.ENSMUSP00000047778	10090.ENSMUSP00000152599	Nudt19	Nudt14	10090	0.626	0	0	0	0.044	0	0	0.625
10090.ENSMUSP00000048153	10090.ENSMUSP00000079722	Rbmxl1	Thrap3	10090	0.402	0	0	0	0.083	0.053	0	0.367
10090.ENSMUSP00000048153	10090.ENSMUSP00000133728	Rbmxl1	Hnrnpl	10090	0.405	0	0	0	0.13	0.096	0	0.304
10090.ENSMUSP00000048153	10090.ENSMUSP00000133245	Rbmxl1	Ddx46	10090	0.417	0	0	0	0.106	0.136	0	0.305
10090.ENSMUSP00000048153	10090.ENSMUSP00000059404	Rbmxl1	Pura	10090	0.429	0	0	0	0.065	0.073	0	0.395
10090.ENSMUSP00000048153	10090.ENSMUSP00000120528	Rbmxl1	Rps20	10090	0.434	0	0	0	0.182	0.28	0	0.115
10090.ENSMUSP00000048153	10090.ENSMUSP00000114968	Rbmxl1	Plrg1	10090	0.444	0	0	0	0.168	0.265	0	0.164
10090.ENSMUSP00000048153	10090.ENSMUSP00000086987	Rbmxl1	Snrpg	10090	0.445	0	0	0	0.207	0.272	0	0.117
10090.ENSMUSP00000048153	10090.ENSMUSP00000125761	Rbmxl1	Matr3	10090	0.463	0	0	0	0.122	0.102	0	0.374
10090.ENSMUSP00000048153	10090.ENSMUSP00000117947	Rbmxl1	Snrpa1	10090	0.469	0	0	0	0.218	0.236	0	0.182
10090.ENSMUSP00000048153	10090.ENSMUSP00000081142	Rbmxl1	Tardbp	10090	0.523	0	0	0	0.213	0.115	0	0.37
10090.ENSMUSP00000048153	10090.ENSMUSP00000099509	Rbmxl1	Snrnp200	10090	0.53	0	0	0	0.174	0.264	0	0.29
10090.ENSMUSP00000048153	10090.ENSMUSP00000130023	Rbmxl1	Hnrnpf	10090	0.58	0	0	0	0.173	0.125	0	0.466
10090.ENSMUSP00000048153	10090.ENSMUSP00000101858	Rbmxl1	Fus	10090	0.625	0	0	0	0.166	0.118	0	0.53
10090.ENSMUSP00000048153	10090.ENSMUSP00000136858	Rbmxl1	Prpf19	10090	0.694	0	0	0	0.133	0.265	0	0.558
10090.ENSMUSP00000048153	10090.ENSMUSP00000112104	Rbmxl1	Hnrnpk	10090	0.967	0	0	0	0.249	0.218	0.9	0.507
10090.ENSMUSP00000048153	10090.ENSMUSP00000120115	Rbmxl1	Hnrnpm	10090	0.973	0	0	0	0.187	0.158	0.9	0.663
10090.ENSMUSP00000048416	10090.ENSMUSP00000098066	Cops4	Actb	10090	0.404	0	0	0	0	0	0	0.404
10090.ENSMUSP00000048416	10090.ENSMUSP00000140106	Cops4	Uchl5	10090	0.412	0	0	0	0.234	0	0	0.264
10090.ENSMUSP00000048416	10090.ENSMUSP00000109585	Cops4	Wdr5	10090	0.439	0	0	0	0.058	0.082	0.4	0.047
10090.ENSMUSP00000048416	10090.ENSMUSP00000052912	Cops4	Pdia6	10090	0.509	0	0	0	0.065	0.061	0	0.486
10090.ENSMUSP00000048416	10090.ENSMUSP00000114968	Cops4	Plrg1	10090	0.522	0	0	0	0.522	0	0	0
10090.ENSMUSP00000048416	10090.ENSMUSP00000086701	Cops4	Uba3	10090	0.541	0	0	0	0.362	0.06	0	0.296
10090.ENSMUSP00000048416	10090.ENSMUSP00000103817	Cops4	Dcun1d1	10090	0.55	0	0	0	0.071	0	0.4	0.258
10090.ENSMUSP00000048416	10090.ENSMUSP00000066210	Cops4	Elob	10090	0.571	0	0	0	0.104	0.541	0	0
10090.ENSMUSP00000048416	10090.ENSMUSP00000052942	Cops4	Sugt1	10090	0.594	0	0	0	0.208	0	0	0.509
10090.ENSMUSP00000048416	10090.ENSMUSP00000139480	Cops4	Eloc	10090	0.621	0	0	0	0.143	0.558	0	0.08
10090.ENSMUSP00000048416	10090.ENSMUSP00000055122	Cops4	Epb41l2	10090	0.782	0	0	0	0.042	0.253	0.72	0
10090.ENSMUSP00000048416	10090.ENSMUSP00000133855	Cops4	Gps1	10090	0.999	0	0	0	0.487	0.989	0.9	0.874
10090.ENSMUSP00000048416	10090.ENSMUSP00000106090	Cops4	Cops2	10090	0.999	0	0	0	0.298	0.989	0.9	0.891
10090.ENSMUSP00000048770	10090.ENSMUSP00000074448	Atp6v1g1	Lamp2	10090	0.422	0	0	0	0.053	0.287	0	0.213
10090.ENSMUSP00000048770	10090.ENSMUSP00000121557	Atp6v1g1	Ndufv2	10090	0.543	0	0	0	0.462	0	0	0.184
10090.ENSMUSP00000048770	10090.ENSMUSP00000101006	Atp6v1g1	Atp5d	10090	0.782	0	0	0	0.067	0	0.72	0.233
10090.ENSMUSP00000048830	10090.ENSMUSP00000073459	Akr1d1	Akr7a5	10090	0.505	0.058	0	0	0.199	0.065	0	0.381
10090.ENSMUSP00000048830	10090.ENSMUSP00000066915	Akr1d1	Amacr	10090	0.643	0	0	0	0.074	0	0	0.63
10090.ENSMUSP00000049440	10090.ENSMUSP00000090844	Arpin	Ap1g1	10090	0.496	0	0	0	0	0.383	0	0.217
10090.ENSMUSP00000049440	10090.ENSMUSP00000076933	Arpin	Arpc5	10090	0.592	0	0	0	0	0.466	0	0.268
10090.ENSMUSP00000049440	10090.ENSMUSP00000109451	Arpin	Arpc2	10090	0.595	0	0	0	0	0.415	0	0.336
10090.ENSMUSP00000049440	10090.ENSMUSP00000137503	Arpin	Actr3	10090	0.618	0	0	0	0	0.53	0	0.22
10090.ENSMUSP00000050036	10090.ENSMUSP00000091435	Cnrip1	Sept9	10090	0.406	0	0	0	0	0	0	0.406
10090.ENSMUSP00000050292	10090.ENSMUSP00000137503	Ptges3	Actr3	10090	0.401	0	0	0	0.312	0.094	0	0.116
10090.ENSMUSP00000050292	10090.ENSMUSP00000070993	Ptges3	Ywhae	10090	0.403	0	0	0	0.395	0.053	0	0
10090.ENSMUSP00000050292	10090.ENSMUSP00000129730	Ptges3	Dnaja1	10090	0.426	0	0	0	0.214	0	0	0.3
10090.ENSMUSP00000050292	10090.ENSMUSP00000065983	Ptges3	Mapk1	10090	0.449	0	0	0	0.06	0.054	0.4	0.09
10090.ENSMUSP00000050292	10090.ENSMUSP00000144413	Ptges3	Hsph1	10090	0.533	0	0	0	0.188	0.097	0	0.415
10090.ENSMUSP00000050292	10090.ENSMUSP00000052942	Ptges3	Sugt1	10090	0.662	0	0	0	0.087	0.101	0	0.621
10090.ENSMUSP00000050292	10090.ENSMUSP00000137440	Ptges3	Canx	10090	0.684	0	0	0	0.63	0	0	0.18
10090.ENSMUSP00000050292	10090.ENSMUSP00000158738	Ptges3	Cct6a	10090	0.82	0	0	0	0.219	0	0.72	0.244
10090.ENSMUSP00000050292	10090.ENSMUSP00000099930	Ptges3	Set	10090	0.828	0	0	0	0.828	0	0	0
10090.ENSMUSP00000050292	10090.ENSMUSP00000130195	Ptges3	St13	10090	0.836	0	0	0	0.68	0	0	0.51
10090.ENSMUSP00000050292	10090.ENSMUSP00000116108	Ptges3	Tcp1	10090	0.865	0	0	0	0.481	0	0.72	0.145
10090.ENSMUSP00000050292	10090.ENSMUSP00000091921	Ptges3	Hsp90aa1	10090	0.999	0	0	0	0.461	0.801	0.5	0.989
10090.ENSMUSP00000051223	10090.ENSMUSP00000080302	Ywhag	Pgk1	10090	0.4	0	0	0	0.118	0.089	0	0.313
10090.ENSMUSP00000051223	10090.ENSMUSP00000128278	Ywhag	Iqgap1	10090	0.429	0	0	0	0.042	0.064	0	0.415
10090.ENSMUSP00000051223	10090.ENSMUSP00000103940	Ywhag	Rps16	10090	0.515	0	0	0	0.059	0.082	0	0.484
10090.ENSMUSP00000051223	10090.ENSMUSP00000086716	Ywhag	Usp9x	10090	0.535	0	0	0	0.117	0.058	0	0.486
10090.ENSMUSP00000051223	10090.ENSMUSP00000098066	Ywhag	Actb	10090	0.557	0	0	0.292	0.077	0.088	0	0.344
10090.ENSMUSP00000051223	10090.ENSMUSP00000091921	Ywhag	Hsp90aa1	10090	0.788	0	0	0	0.161	0.45	0	0.577
10090.ENSMUSP00000051223	10090.ENSMUSP00000070993	Ywhag	Ywhae	10090	0.964	0	0	0.056	0.248	0.664	0.8	0.376
10090.ENSMUSP00000052020	10090.ENSMUSP00000098066	Flnb	Actb	10090	0.485	0	0	0	0.084	0.228	0	0.33
10090.ENSMUSP00000052020	10090.ENSMUSP00000113978	Flnb	Tpm3	10090	0.485	0	0	0	0.066	0	0	0.471
10090.ENSMUSP00000052020	10090.ENSMUSP00000091921	Flnb	Hsp90aa1	10090	0.506	0	0	0	0.082	0.127	0	0.432
10090.ENSMUSP00000052020	10090.ENSMUSP00000080302	Flnb	Pgk1	10090	0.515	0	0	0	0.132	0	0	0.464
10090.ENSMUSP00000052020	10090.ENSMUSP00000072087	Flnb	Tmod3	10090	0.546	0	0	0	0.081	0.051	0	0.521
10090.ENSMUSP00000052020	10090.ENSMUSP00000099368	Flnb	Cttn	10090	0.554	0	0	0	0.068	0.078	0	0.522
10090.ENSMUSP00000052020	10090.ENSMUSP00000149803	Flnb	Cryab	10090	0.56	0	0	0	0	0.107	0	0.527
10090.ENSMUSP00000052020	10090.ENSMUSP00000058321	Flnb	Cavin1	10090	0.567	0	0	0	0.144	0	0	0.515
10090.ENSMUSP00000052020	10090.ENSMUSP00000113556	Flnb	Itga3	10090	0.754	0	0	0	0.11	0.14	0.65	0.191
10090.ENSMUSP00000052020	10090.ENSMUSP00000087457	Flnb	Itgb1	10090	0.954	0	0	0	0.071	0.383	0.65	0.801
10090.ENSMUSP00000052544	10090.ENSMUSP00000066092	Zadh2	Ech1	10090	0.41	0	0	0	0.096	0.329	0	0.105
10090.ENSMUSP00000052912	10090.ENSMUSP00000110987	Pdia6	Prkcsh	10090	0.411	0	0	0	0.236	0.086	0	0.224
10090.ENSMUSP00000052912	10090.ENSMUSP00000126390	Pdia6	Serpinh1	10090	0.458	0	0	0	0.126	0.073	0	0.385
10090.ENSMUSP00000052912	10090.ENSMUSP00000091921	Pdia6	Hsp90aa1	10090	0.461	0	0	0	0.161	0.1	0	0.343
10090.ENSMUSP00000052912	10090.ENSMUSP00000137440	Pdia6	Canx	10090	0.66	0	0	0	0.192	0.085	0	0.577
10090.ENSMUSP00000052912	10090.ENSMUSP00000076521	Pdia6	Pdia4	10090	0.968	0	0	0	0.751	0.418	0.72	0.321
10090.ENSMUSP00000052912	10090.ENSMUSP00000123700	Pdia6	Hyou1	10090	0.975	0	0	0	0.51	0.372	0.72	0.751
10090.ENSMUSP00000052942	10090.ENSMUSP00000099391	Sugt1	Ptges3l	10090	0.445	0	0	0	0	0.095	0	0.412
10090.ENSMUSP00000052942	10090.ENSMUSP00000091921	Sugt1	Hsp90aa1	10090	0.997	0	0	0	0.142	0.561	0.9	0.941
10090.ENSMUSP00000053809	10090.ENSMUSP00000073459	Nqo2	Akr7a5	10090	0.46	0.091	0	0	0.067	0	0	0.414
10090.ENSMUSP00000054583	10090.ENSMUSP00000090304	Fbln1	Lama2	10090	0.412	0	0	0	0.125	0.098	0	0.314
10090.ENSMUSP00000054583	10090.ENSMUSP00000083620	Fbln1	Col5a2	10090	0.412	0	0	0	0.163	0.079	0	0.298
10090.ENSMUSP00000054583	10090.ENSMUSP00000101049	Fbln1	Col18a1	10090	0.558	0	0	0	0.115	0	0	0.521
10090.ENSMUSP00000054583	10090.ENSMUSP00000071868	Fbln1	Mfap2	10090	0.682	0	0	0	0.2	0.051	0	0.614
10090.ENSMUSP00000054583	10090.ENSMUSP00000105173	Fbln1	Vcan	10090	0.976	0	0	0	0.085	0.099	0	0.974
10090.ENSMUSP00000055122	10090.ENSMUSP00000106090	Epb41l2	Cops2	10090	0.795	0	0	0	0	0.3	0.72	0
10090.ENSMUSP00000055122	10090.ENSMUSP00000133855	Epb41l2	Gps1	10090	0.821	0	0	0	0	0.329	0.72	0.128
10090.ENSMUSP00000055637	10090.ENSMUSP00000109451	Marcksl1	Arpc2	10090	0.458	0	0	0	0.106	0.083	0	0.392
10090.ENSMUSP00000055757	10090.ENSMUSP00000153064	Pcsk9	Hmgcs1	10090	0.432	0	0	0	0.133	0	0	0.372
10090.ENSMUSP00000055757	10090.ENSMUSP00000079752	Pcsk9	Lrp2	10090	0.438	0	0	0	0	0.263	0	0.269
10090.ENSMUSP00000055757	10090.ENSMUSP00000098295	Pcsk9	Psmd9	10090	0.478	0	0	0	0.041	0.073	0	0.46
10090.ENSMUSP00000055757	10090.ENSMUSP00000147767	Pcsk9	Casp3	10090	0.512	0	0	0	0	0	0	0.512
10090.ENSMUSP00000055757	10090.ENSMUSP00000095965	Pcsk9	Mbtps1	10090	0.526	0	0	0	0	0	0	0.526
10090.ENSMUSP00000055757	10090.ENSMUSP00000072428	Pcsk9	Aplp2	10090	0.567	0	0	0	0	0	0	0.567
10090.ENSMUSP00000055757	10090.ENSMUSP00000098066	Pcsk9	Actb	10090	0.58	0	0	0	0.046	0.09	0	0.555
10090.ENSMUSP00000055757	10090.ENSMUSP00000133302	Pcsk9	Apoe	10090	0.731	0	0	0	0.061	0	0	0.725
10090.ENSMUSP00000055757	10090.ENSMUSP00000102342	Pcsk9	Lrp8	10090	0.761	0	0	0	0.044	0.503	0	0.537
10090.ENSMUSP00000055757	10090.ENSMUSP00000123564	Pcsk9	Sort1	10090	0.776	0	0	0	0	0	0	0.776
10090.ENSMUSP00000055803	10090.ENSMUSP00000125478	Glb1	Man2c1	10090	0.402	0.062	0	0	0.083	0	0	0.361
10090.ENSMUSP00000055803	10090.ENSMUSP00000113499	Glb1	Fuca2	10090	0.778	0.078	0	0.214	0.094	0	0	0.701
10090.ENSMUSP00000055803	10090.ENSMUSP00000130660	Glb1	Gba	10090	0.964	0.078	0	0	0.255	0.329	0.9	0.347
10090.ENSMUSP00000055827	10090.ENSMUSP00000084572	Fahd1	Vars	10090	0.401	0.268	0	0	0.118	0	0	0.148
10090.ENSMUSP00000056604	10090.ENSMUSP00000098066	H2bc1	Actb	10090	0.434	0	0	0	0	0.126	0	0.379
10090.ENSMUSP00000056604	10090.ENSMUSP00000062030	H2bc1	H1f1	10090	0.445	0	0.006	0	0.144	0.14	0	0.307
10090.ENSMUSP00000056604	10090.ENSMUSP00000111443	H2bc1	Ube2v2	10090	0.502	0	0	0	0	0	0.5	0.046
10090.ENSMUSP00000056604	10090.ENSMUSP00000115044	H2bc1	Sumo2	10090	0.522	0	0	0	0.059	0.086	0.4	0.184
10090.ENSMUSP00000056604	10090.ENSMUSP00000113560	H2bc1	Wdr61	10090	0.547	0	0	0	0	0.133	0.5	0
10090.ENSMUSP00000056604	10090.ENSMUSP00000096932	H2bc1	Ube2n	10090	0.593	0	0	0	0.054	0.086	0.5	0.171
10090.ENSMUSP00000057238	10090.ENSMUSP00000124291	Lsm8	Naa50	10090	0.419	0	0	0	0.116	0	0	0.369
10090.ENSMUSP00000057238	10090.ENSMUSP00000136858	Lsm8	Prpf19	10090	0.507	0	0	0	0.128	0.124	0	0.406
10090.ENSMUSP00000057238	10090.ENSMUSP00000091921	Lsm8	Hsp90aa1	10090	0.545	0	0	0	0.121	0	0	0.504
10090.ENSMUSP00000057238	10090.ENSMUSP00000114968	Lsm8	Plrg1	10090	0.554	0	0	0	0.083	0.534	0	0
10090.ENSMUSP00000057238	10090.ENSMUSP00000121005	Lsm8	Hnrnpdl	10090	0.569	0	0	0	0.057	0.094	0	0.536
10090.ENSMUSP00000057238	10090.ENSMUSP00000101924	Lsm8	Ppih	10090	0.888	0	0	0	0.189	0.491	0.72	0.149
10090.ENSMUSP00000057238	10090.ENSMUSP00000117947	Lsm8	Snrpa1	10090	0.976	0	0	0	0.143	0.855	0.72	0.395
10090.ENSMUSP00000057238	10090.ENSMUSP00000086987	Lsm8	Snrpg	10090	0.993	0	0	0	0.709	0.822	0.72	0.616
10090.ENSMUSP00000057238	10090.ENSMUSP00000099509	Lsm8	Snrnp200	10090	0.995	0	0	0	0.11	0.978	0.72	0.32
10090.ENSMUSP00000057238	10090.ENSMUSP00000119841	Lsm8	Lsm6	10090	0.999	0	0	0	0.464	0.984	0.9	0.907
10090.ENSMUSP00000057905	10090.ENSMUSP00000095949	Mgat2	Man2a2	10090	0.973	0	0	0	0	0	0.9	0.745
10090.ENSMUSP00000058321	10090.ENSMUSP00000128278	Cavin1	Iqgap1	10090	0.437	0	0	0	0.061	0	0.4	0.081
10090.ENSMUSP00000058321	10090.ENSMUSP00000106963	Cavin1	Arhgap1	10090	0.455	0	0	0	0.071	0	0.4	0.101
10090.ENSMUSP00000058321	10090.ENSMUSP00000156728	Cavin1	Tjp2	10090	0.456	0	0	0	0.061	0	0.4	0.112
10090.ENSMUSP00000058321	10090.ENSMUSP00000099368	Cavin1	Cttn	10090	0.481	0	0	0	0.142	0	0	0.421
10090.ENSMUSP00000058321	10090.ENSMUSP00000149803	Cavin1	Cryab	10090	0.561	0	0	0	0.177	0	0	0.488
10090.ENSMUSP00000058321	10090.ENSMUSP00000087457	Cavin1	Itgb1	10090	0.567	0	0	0	0.23	0	0	0.461
10090.ENSMUSP00000058432	10090.ENSMUSP00000133649	Rps21	Syncrip	10090	0.417	0	0	0	0.203	0.258	0	0.094
10090.ENSMUSP00000058432	10090.ENSMUSP00000129178	Rps21	Pfdn5	10090	0.434	0	0	0	0.419	0	0	0.065
10090.ENSMUSP00000058432	10090.ENSMUSP00000098066	Rps21	Actb	10090	0.444	0	0	0	0.391	0	0	0.125
10090.ENSMUSP00000058432	10090.ENSMUSP00000086987	Rps21	Snrpg	10090	0.448	0	0	0	0.448	0	0	0
10090.ENSMUSP00000058432	10090.ENSMUSP00000117947	Rps21	Snrpa1	10090	0.451	0	0	0	0.156	0	0	0.376
10090.ENSMUSP00000058432	10090.ENSMUSP00000077744	Rps21	Uqcrh	10090	0.477	0	0	0	0.476	0	0	0.042
10090.ENSMUSP00000058432	10090.ENSMUSP00000084387	Rps21	Eif1ax	10090	0.481	0	0	0	0.149	0.415	0	0
10090.ENSMUSP00000058432	10090.ENSMUSP00000081782	Rps21	Ipo7	10090	0.52	0	0	0	0.043	0.489	0	0.098
10090.ENSMUSP00000058432	10090.ENSMUSP00000066621	Rps21	Glrx3	10090	0.542	0	0	0	0.099	0	0	0.513
10090.ENSMUSP00000058432	10090.ENSMUSP00000111120	Rps21	Eif4g1	10090	0.578	0	0	0	0.105	0.534	0	0.07
10090.ENSMUSP00000058432	10090.ENSMUSP00000127774	Rps21	Eif4b	10090	0.579	0	0	0	0.06	0.534	0	0.116
10090.ENSMUSP00000058432	10090.ENSMUSP00000143910	Rps21	Eif4h	10090	0.602	0	0	0	0.21	0.416	0	0.206
10090.ENSMUSP00000058432	10090.ENSMUSP00000080301	Rps21	Zc3h15	10090	0.697	0	0	0	0.218	0.628	0	0
10090.ENSMUSP00000058432	10090.ENSMUSP00000113560	Rps21	Wdr61	10090	0.745	0	0	0	0.123	0.721	0	0.042
10090.ENSMUSP00000058432	10090.ENSMUSP00000114434	Rps21	Pa2g4	10090	0.837	0	0	0	0.147	0.762	0	0.261
10090.ENSMUSP00000058432	10090.ENSMUSP00000075031	Rps21	Gm10282	10090	0.861	0	0	0	0.629	0.605	0	0.129
10090.ENSMUSP00000058432	10090.ENSMUSP00000059395	Rps21	Eif2s3x	10090	0.891	0	0	0	0.106	0.768	0.5	0.078
10090.ENSMUSP00000058432	10090.ENSMUSP00000099561	Rps21	Mrto4	10090	0.949	0	0	0	0.699	0.791	0	0.255
10090.ENSMUSP00000058432	10090.ENSMUSP00000096777	Rps21	Eif2s2	10090	0.962	0	0	0	0.189	0.911	0.5	0.094
10090.ENSMUSP00000058432	10090.ENSMUSP00000118787	Rps21	Rpl22	10090	0.997	0	0	0	0.907	0.964	0	0.395
10090.ENSMUSP00000058432	10090.ENSMUSP00000079628	Rps21	Rps17	10090	0.998	0	0	0	0.684	0.97	0.8	0.442
10090.ENSMUSP00000058432	10090.ENSMUSP00000120528	Rps21	Rps20	10090	0.999	0	0	0	0.991	0.99	0.8	0.568
10090.ENSMUSP00000058432	10090.ENSMUSP00000126294	Rps21	Rps13	10090	0.999	0	0	0	0.969	0.99	0.8	0.426
10090.ENSMUSP00000058432	10090.ENSMUSP00000079180	Rps21	Rps25	10090	0.999	0	0	0	0.984	0.99	0.8	0.599
10090.ENSMUSP00000058432	10090.ENSMUSP00000104068	Rps21	Rps19	10090	0.999	0	0	0	0.953	0.99	0.8	0.597
10090.ENSMUSP00000058432	10090.ENSMUSP00000157948	Rps21	Rps14	10090	0.999	0	0	0	0.963	0.97	0.8	0.571
10090.ENSMUSP00000058432	10090.ENSMUSP00000131489	Rps21	Rpl14	10090	0.999	0	0	0	0.968	0.99	0	0.501
10090.ENSMUSP00000058432	10090.ENSMUSP00000147816	Rps21	Rpl18	10090	0.999	0	0	0	0.977	0.991	0.72	0.543
10090.ENSMUSP00000058432	10090.ENSMUSP00000134615	Rps21	Rps28	10090	0.999	0	0	0	0.993	0.99	0.8	0.756
10090.ENSMUSP00000058432	10090.ENSMUSP00000083705	Rps21	Rplp0	10090	0.999	0	0	0	0.923	0.991	0	0.588
10090.ENSMUSP00000058432	10090.ENSMUSP00000099757	Rps21	Rps8	10090	0.999	0	0	0	0.964	0.99	0.8	0.503
10090.ENSMUSP00000058432	10090.ENSMUSP00000102870	Rps21	Rpl27	10090	0.999	0	0	0	0.984	0.991	0	0.475
10090.ENSMUSP00000058432	10090.ENSMUSP00000103940	Rps21	Rps16	10090	0.999	0	0	0	0.99	0.99	0.8	0.691
10090.ENSMUSP00000059167	10090.ENSMUSP00000125478	Ctbs	Man2c1	10090	0.495	0.044	0	0	0.069	0	0	0.478
10090.ENSMUSP00000059395	10090.ENSMUSP00000133649	Eif2s3x	Syncrip	10090	0.411	0	0	0	0.227	0.258	0	0.056
10090.ENSMUSP00000059395	10090.ENSMUSP00000081142	Eif2s3x	Tardbp	10090	0.415	0	0	0	0.285	0.173	0	0.09
10090.ENSMUSP00000059395	10090.ENSMUSP00000158738	Eif2s3x	Cct6a	10090	0.434	0	0	0	0.377	0	0	0.13
10090.ENSMUSP00000059395	10090.ENSMUSP00000114434	Eif2s3x	Pa2g4	10090	0.449	0	0	0	0.399	0.061	0	0.102
10090.ENSMUSP00000059395	10090.ENSMUSP00000149803	Eif2s3x	Cryab	10090	0.474	0	0	0	0	0	0	0.474
10090.ENSMUSP00000059395	10090.ENSMUSP00000099561	Eif2s3x	Mrto4	10090	0.495	0	0	0	0.291	0.243	0	0.135
10090.ENSMUSP00000059395	10090.ENSMUSP00000084572	Eif2s3x	Vars	10090	0.527	0	0	0	0.279	0	0	0.371
10090.ENSMUSP00000059395	10090.ENSMUSP00000086716	Eif2s3x	Usp9x	10090	0.539	0	0	0	0.079	0	0	0.52
10090.ENSMUSP00000059395	10090.ENSMUSP00000118787	Eif2s3x	Rpl22	10090	0.595	0	0	0	0.141	0.221	0.4	0.11
10090.ENSMUSP00000059395	10090.ENSMUSP00000131489	Eif2s3x	Rpl14	10090	0.634	0	0	0	0.271	0.18	0.4	0.101
10090.ENSMUSP00000059395	10090.ENSMUSP00000147816	Eif2s3x	Rpl18	10090	0.648	0	0	0	0.207	0.279	0.4	0.095
10090.ENSMUSP00000059395	10090.ENSMUSP00000102870	Eif2s3x	Rpl27	10090	0.683	0	0	0	0.368	0.18	0.4	0.102
10090.ENSMUSP00000059395	10090.ENSMUSP00000079628	Eif2s3x	Rps17	10090	0.709	0	0	0	0.057	0.416	0.5	0.068
10090.ENSMUSP00000059395	10090.ENSMUSP00000116108	Eif2s3x	Tcp1	10090	0.71	0	0	0	0.66	0	0	0.181
10090.ENSMUSP00000059395	10090.ENSMUSP00000083705	Eif2s3x	Rplp0	10090	0.727	0	0	0	0.388	0.243	0.4	0.135
10090.ENSMUSP00000059395	10090.ENSMUSP00000111120	Eif2s3x	Eif4g1	10090	0.734	0	0	0	0.182	0.338	0.5	0.135
10090.ENSMUSP00000059395	10090.ENSMUSP00000143910	Eif2s3x	Eif4h	10090	0.796	0	0	0	0.294	0.338	0.5	0.233
10090.ENSMUSP00000059395	10090.ENSMUSP00000084387	Eif2s3x	Eif1ax	10090	0.806	0	0	0	0.241	0.328	0.5	0.33
10090.ENSMUSP00000059395	10090.ENSMUSP00000127774	Eif2s3x	Eif4b	10090	0.834	0	0	0	0.349	0.416	0.5	0.233
10090.ENSMUSP00000059395	10090.ENSMUSP00000157948	Eif2s3x	Rps14	10090	0.837	0	0	0	0.119	0.647	0.5	0.076
10090.ENSMUSP00000059395	10090.ENSMUSP00000079180	Eif2s3x	Rps25	10090	0.901	0	0	0	0.119	0.768	0.5	0.147
10090.ENSMUSP00000059395	10090.ENSMUSP00000126294	Eif2s3x	Rps13	10090	0.908	0.063	0	0	0.181	0.766	0.5	0.134
10090.ENSMUSP00000059395	10090.ENSMUSP00000104068	Eif2s3x	Rps19	10090	0.911	0	0	0	0.269	0.778	0.5	0
10090.ENSMUSP00000059395	10090.ENSMUSP00000103940	Eif2s3x	Rps16	10090	0.922	0	0	0	0.278	0.768	0.5	0.179
10090.ENSMUSP00000059395	10090.ENSMUSP00000134615	Eif2s3x	Rps28	10090	0.923	0.119	0	0	0.162	0.767	0.5	0.243
10090.ENSMUSP00000059395	10090.ENSMUSP00000099757	Eif2s3x	Rps8	10090	0.933	0	0	0	0.384	0.781	0.5	0.126
10090.ENSMUSP00000059395	10090.ENSMUSP00000120528	Eif2s3x	Rps20	10090	0.936	0	0	0	0.301	0.783	0.5	0.255
10090.ENSMUSP00000059395	10090.ENSMUSP00000096777	Eif2s3x	Eif2s2	10090	0.996	0	0	0	0.59	0.853	0.9	0.448
10090.ENSMUSP00000059404	10090.ENSMUSP00000108841	Pura	Sh3bgrl2	10090	0.402	0	0	0	0	0	0	0.402
10090.ENSMUSP00000059404	10090.ENSMUSP00000109585	Pura	Wdr5	10090	0.475	0	0	0	0	0	0	0.475
10090.ENSMUSP00000059404	10090.ENSMUSP00000101858	Pura	Fus	10090	0.483	0	0	0	0.048	0.042	0	0.479
10090.ENSMUSP00000059404	10090.ENSMUSP00000112104	Pura	Hnrnpk	10090	0.514	0	0	0	0.042	0	0	0.514
10090.ENSMUSP00000059404	10090.ENSMUSP00000081142	Pura	Tardbp	10090	0.708	0	0	0	0.065	0.073	0	0.69
10090.ENSMUSP00000059404	10090.ENSMUSP00000078589	Pura	Ybx1	10090	0.894	0	0	0	0	0.093	0	0.888
10090.ENSMUSP00000060346	10090.ENSMUSP00000084572	Dlst	Vars	10090	0.416	0	0	0	0.103	0	0	0.376
10090.ENSMUSP00000060346	10090.ENSMUSP00000066181	Dlst	Immt	10090	0.45	0	0	0	0.412	0.093	0	0.053
10090.ENSMUSP00000060346	10090.ENSMUSP00000090564	Dlst	Fbp1	10090	0.467	0	0	0	0.102	0	0	0.431
10090.ENSMUSP00000060346	10090.ENSMUSP00000130858	Dlst	Tpi1	10090	0.538	0	0	0	0.172	0	0	0.465
10090.ENSMUSP00000060346	10090.ENSMUSP00000099938	Dlst	Mdh1	10090	0.562	0.062	0	0	0.286	0	0	0.399
10090.ENSMUSP00000060346	10090.ENSMUSP00000121557	Dlst	Ndufv2	10090	0.679	0	0	0	0.431	0.303	0	0.255
10090.ENSMUSP00000060346	10090.ENSMUSP00000146030	Dlst	Txnrd2	10090	0.718	0.068	0	0	0.454	0.414	0	0.166
10090.ENSMUSP00000060346	10090.ENSMUSP00000101006	Dlst	Atp5d	10090	0.808	0.061	0	0	0.605	0.332	0	0.315
10090.ENSMUSP00000060346	10090.ENSMUSP00000153064	Dlst	Hmgcs1	10090	0.82	0	0	0	0.092	0	0.8	0.09
10090.ENSMUSP00000060346	10090.ENSMUSP00000123765	Dlst	Sucla2	10090	0.988	0.084	0.062	0	0.573	0.286	0.9	0.65
10090.ENSMUSP00000060346	10090.ENSMUSP00000106481	Dlst	Dld	10090	0.999	0.068	0.04	0.319	0.874	0.857	0.9	0.979
10090.ENSMUSP00000060900	10090.ENSMUSP00000099509	Trnt1	Snrnp200	10090	0.456	0	0	0	0.077	0	0	0.435
10090.ENSMUSP00000060900	10090.ENSMUSP00000086701	Trnt1	Uba3	10090	0.482	0.043	0	0	0.48	0	0	0.043
10090.ENSMUSP00000060900	10090.ENSMUSP00000132082	Trnt1	Iars	10090	0.486	0.043	0	0	0.142	0	0	0.424
10090.ENSMUSP00000060900	10090.ENSMUSP00000101006	Trnt1	Atp5d	10090	0.545	0.081	0	0	0.043	0	0	0.525
10090.ENSMUSP00000061092	10090.ENSMUSP00000097442	Mtap	Mtr	10090	0.419	0	0	0	0.07	0	0	0.401
10090.ENSMUSP00000061092	10090.ENSMUSP00000061851	Mtap	Ahcy	10090	0.553	0.074	0	0	0.117	0	0	0.497
10090.ENSMUSP00000061092	10090.ENSMUSP00000081141	Mtap	Pgd	10090	0.585	0	0.559	0	0.046	0	0	0.094
10090.ENSMUSP00000061092	10090.ENSMUSP00000087118	Mtap	Mat2a	10090	0.666	0.065	0	0	0.125	0	0	0.625
10090.ENSMUSP00000061092	10090.ENSMUSP00000122623	Mtap	Mri1	10090	0.945	0.116	0	0	0.108	0	0.9	0.39
10090.ENSMUSP00000061851	10090.ENSMUSP00000114434	Ahcy	Pa2g4	10090	0.409	0.041	0	0	0.329	0	0	0.155
10090.ENSMUSP00000061851	10090.ENSMUSP00000080302	Ahcy	Pgk1	10090	0.441	0.075	0	0	0.16	0	0	0.338
10090.ENSMUSP00000061851	10090.ENSMUSP00000130858	Ahcy	Tpi1	10090	0.491	0	0	0	0.134	0.098	0	0.401
10090.ENSMUSP00000061851	10090.ENSMUSP00000087118	Ahcy	Mat2a	10090	0.832	0.093	0	0	0.389	0.063	0	0.714
10090.ENSMUSP00000061851	10090.ENSMUSP00000101825	Ahcy	Kyat3	10090	0.923	0	0	0	0.175	0.044	0.9	0.143
10090.ENSMUSP00000061851	10090.ENSMUSP00000097442	Ahcy	Mtr	10090	0.987	0.074	0	0	0.067	0	0.9	0.871
10090.ENSMUSP00000062030	10090.ENSMUSP00000117616	H1f1	Tpr	10090	0.515	0	0	0	0.046	0	0	0.513
10090.ENSMUSP00000062030	10090.ENSMUSP00000082682	H1f1	Hmgb1	10090	0.559	0	0	0	0.049	0.096	0.5	0.096
10090.ENSMUSP00000062030	10090.ENSMUSP00000065940	H1f1	Hmgb2	10090	0.568	0	0	0	0.093	0.096	0.5	0.071
10090.ENSMUSP00000063548	10090.ENSMUSP00000106180	Abat	Sord	10090	0.427	0.114	0	0	0.08	0.137	0	0.282
10090.ENSMUSP00000063548	10090.ENSMUSP00000124579	Abat	Asl	10090	0.452	0	0	0	0.069	0	0	0.436
10090.ENSMUSP00000063656	10090.ENSMUSP00000077781	Neo1	Enah	10090	0.485	0	0	0	0.073	0.063	0	0.455
10090.ENSMUSP00000063656	10090.ENSMUSP00000085263	Neo1	Cbln4	10090	0.496	0	0	0	0.068	0.046	0	0.478
10090.ENSMUSP00000063656	10090.ENSMUSP00000072428	Neo1	Aplp2	10090	0.506	0	0	0	0.06	0	0	0.496
10090.ENSMUSP00000064204	10090.ENSMUSP00000141856	Lypla2	Apeh	10090	0.486	0	0	0	0.104	0	0	0.45
10090.ENSMUSP00000064204	10090.ENSMUSP00000065282	Lypla2	Abhd10	10090	0.545	0	0	0	0.069	0	0	0.53
10090.ENSMUSP00000064545	10090.ENSMUSP00000109451	Pdlim1	Arpc2	10090	0.542	0	0	0	0.047	0	0.54	0
10090.ENSMUSP00000064545	10090.ENSMUSP00000072087	Pdlim1	Tmod3	10090	0.574	0	0	0	0.087	0	0.54	0.068
10090.ENSMUSP00000064545	10090.ENSMUSP00000112928	Pdlim1	Dpysl3	10090	0.593	0	0	0	0	0	0.54	0.152
10090.ENSMUSP00000064622	10090.ENSMUSP00000108963	Wdyhv1	Ubr2	10090	0.752	0	0	0	0	0.093	0	0.738
10090.ENSMUSP00000064719	10090.ENSMUSP00000126390	Efemp2	Serpinh1	10090	0.432	0	0	0	0.404	0.082	0	0.046
10090.ENSMUSP00000064719	10090.ENSMUSP00000083620	Efemp2	Col5a2	10090	0.451	0	0	0	0.247	0.079	0	0.271
10090.ENSMUSP00000064719	10090.ENSMUSP00000110999	Efemp2	Timp1	10090	0.491	0	0	0	0.372	0	0	0.223
10090.ENSMUSP00000064719	10090.ENSMUSP00000155052	Efemp2	Myh11	10090	0.518	0	0	0	0.053	0.077	0	0.493
10090.ENSMUSP00000064719	10090.ENSMUSP00000071868	Efemp2	Mfap2	10090	0.834	0	0	0	0.244	0	0.5	0.598
10090.ENSMUSP00000064755	10090.ENSMUSP00000066181	Phgdh	Immt	10090	0.403	0	0	0	0.065	0	0	0.387
10090.ENSMUSP00000064755	10090.ENSMUSP00000087118	Phgdh	Mat2a	10090	0.42	0.043	0	0	0.162	0.076	0	0.31
10090.ENSMUSP00000064755	10090.ENSMUSP00000116108	Phgdh	Tcp1	10090	0.443	0	0	0	0.182	0	0	0.346
10090.ENSMUSP00000064755	10090.ENSMUSP00000081141	Phgdh	Pgd	10090	0.478	0.094	0	0	0.117	0	0	0.399
10090.ENSMUSP00000064755	10090.ENSMUSP00000080302	Phgdh	Pgk1	10090	0.478	0.041	0	0	0.15	0	0	0.411
10090.ENSMUSP00000064755	10090.ENSMUSP00000124423	Phgdh	Thnsl2	10090	0.511	0.058	0	0	0.38	0	0	0.23
10090.ENSMUSP00000064755	10090.ENSMUSP00000097442	Phgdh	Mtr	10090	0.539	0	0	0	0.273	0	0	0.391
10090.ENSMUSP00000064755	10090.ENSMUSP00000106180	Phgdh	Sord	10090	0.572	0.093	0	0	0	0	0	0.547
10090.ENSMUSP00000064755	10090.ENSMUSP00000130858	Phgdh	Tpi1	10090	0.633	0.041	0	0	0.133	0.097	0	0.569
10090.ENSMUSP00000065337	10090.ENSMUSP00000132082	Asna1	Iars	10090	0.5	0	0	0	0.057	0.417	0	0.165
10090.ENSMUSP00000065940	10090.ENSMUSP00000112304	Hmgb2	Mad2l1	10090	0.424	0	0	0	0.408	0	0	0.066
10090.ENSMUSP00000065940	10090.ENSMUSP00000082652	Hmgb2	Anp32a	10090	0.532	0	0	0	0.111	0	0	0.495
10090.ENSMUSP00000065940	10090.ENSMUSP00000075031	Hmgb2	Gm10282	10090	0.614	0	0	0	0.102	0.042	0	0.587
10090.ENSMUSP00000065940	10090.ENSMUSP00000082682	Hmgb2	Hmgb1	10090	0.959	0	0	0.052	0.254	0.594	0.8	0.399
10090.ENSMUSP00000065983	10090.ENSMUSP00000099368	Mapk1	Cttn	10090	0.412	0	0	0	0.056	0.315	0	0.163
10090.ENSMUSP00000065983	10090.ENSMUSP00000079107	Mapk1	Ppm1b	10090	0.414	0	0	0	0.185	0.247	0	0.121
10090.ENSMUSP00000065983	10090.ENSMUSP00000099587	Mapk1	Ppp1cc	10090	0.421	0	0	0	0.236	0.17	0	0.16
10090.ENSMUSP00000065983	10090.ENSMUSP00000133117	Mapk1	Fga	10090	0.522	0	0	0	0	0	0.5	0.084
10090.ENSMUSP00000065983	10090.ENSMUSP00000098066	Mapk1	Actb	10090	0.618	0	0.002	0	0.077	0.093	0	0.58
10090.ENSMUSP00000065983	10090.ENSMUSP00000091921	Mapk1	Hsp90aa1	10090	0.705	0	0	0	0.146	0.118	0.4	0.425
10090.ENSMUSP00000065983	10090.ENSMUSP00000130123	Mapk1	Gnb1	10090	0.747	0	0	0	0.145	0.139	0.65	0.133
10090.ENSMUSP00000065983	10090.ENSMUSP00000128278	Mapk1	Iqgap1	10090	0.928	0	0	0	0.041	0.105	0.9	0.267
10090.ENSMUSP00000065983	10090.ENSMUSP00000147767	Mapk1	Casp3	10090	0.952	0	0	0	0.065	0.093	0.9	0.509
10090.ENSMUSP00000065983	10090.ENSMUSP00000141132	Mapk1	Stat1	10090	0.956	0	0	0	0.063	0.381	0.9	0.336
10090.ENSMUSP00000066092	10090.ENSMUSP00000112928	Ech1	Dpysl3	10090	0.405	0	0	0	0	0	0	0.405
10090.ENSMUSP00000066092	10090.ENSMUSP00000137503	Ech1	Actr3	10090	0.412	0	0	0	0	0	0	0.413
10090.ENSMUSP00000066092	10090.ENSMUSP00000133728	Ech1	Hnrnpl	10090	0.421	0	0.354	0	0	0.093	0	0.09
10090.ENSMUSP00000066092	10090.ENSMUSP00000101006	Ech1	Atp5d	10090	0.453	0	0	0	0.287	0	0	0.265
10090.ENSMUSP00000066181	10090.ENSMUSP00000101006	Immt	Atp5d	10090	0.415	0	0	0	0.275	0.093	0	0.181
10090.ENSMUSP00000066181	10090.ENSMUSP00000116108	Immt	Tcp1	10090	0.547	0	0	0	0.474	0.063	0	0.154
10090.ENSMUSP00000066181	10090.ENSMUSP00000121557	Immt	Ndufv2	10090	0.559	0	0	0	0.15	0	0	0.503
10090.ENSMUSP00000066181	10090.ENSMUSP00000106481	Immt	Dld	10090	0.646	0	0	0	0.551	0.244	0	0
10090.ENSMUSP00000066181	10090.ENSMUSP00000080614	Immt	Timm50	10090	0.74	0	0	0	0.063	0.093	0	0.719
10090.ENSMUSP00000066210	10090.ENSMUSP00000077856	Elob	Vps28	10090	0.4	0	0	0	0.4	0	0	0
10090.ENSMUSP00000066210	10090.ENSMUSP00000098295	Elob	Psmd9	10090	0.424	0	0	0	0.043	0	0.4	0.079
10090.ENSMUSP00000066210	10090.ENSMUSP00000129178	Elob	Pfdn5	10090	0.442	0	0	0	0.276	0.088	0	0.222
10090.ENSMUSP00000066210	10090.ENSMUSP00000106090	Elob	Cops2	10090	0.47	0	0	0	0.047	0.467	0	0
10090.ENSMUSP00000066210	10090.ENSMUSP00000114764	Elob	Ube2v1	10090	0.474	0	0	0	0.22	0	0	0.353
10090.ENSMUSP00000066210	10090.ENSMUSP00000104296	Elob	Sat2	10090	0.532	0	0	0	0	0	0	0.532
10090.ENSMUSP00000066210	10090.ENSMUSP00000103817	Elob	Dcun1d1	10090	0.542	0	0	0	0	0.074	0.5	0.09
10090.ENSMUSP00000066210	10090.ENSMUSP00000071054	Elob	Psmc3	10090	0.593	0	0	0	0.235	0	0.4	0.184
10090.ENSMUSP00000066210	10090.ENSMUSP00000086701	Elob	Uba3	10090	0.632	0	0	0	0	0	0.5	0.295
10090.ENSMUSP00000066210	10090.ENSMUSP00000133855	Elob	Gps1	10090	0.709	0	0	0	0.165	0.666	0	0
10090.ENSMUSP00000066210	10090.ENSMUSP00000113560	Elob	Wdr61	10090	0.776	0	0	0	0.061	0	0.72	0.219
10090.ENSMUSP00000066210	10090.ENSMUSP00000139480	Elob	Eloc	10090	0.999	0	0	0	0.224	0.952	0.9	0.998
10090.ENSMUSP00000066621	10090.ENSMUSP00000084387	Glrx3	Eif1ax	10090	0.442	0	0	0	0.442	0	0	0
10090.ENSMUSP00000066621	10090.ENSMUSP00000068267	Glrx3	Strap	10090	0.45	0	0	0	0.33	0	0	0.213
10090.ENSMUSP00000066621	10090.ENSMUSP00000114434	Glrx3	Pa2g4	10090	0.468	0.096	0	0	0.207	0	0	0.318
10090.ENSMUSP00000066621	10090.ENSMUSP00000071054	Glrx3	Psmc3	10090	0.475	0	0	0	0.347	0	0	0.229
10090.ENSMUSP00000066621	10090.ENSMUSP00000103068	Glrx3	Alad	10090	0.476	0	0	0	0.046	0	0	0.474
10090.ENSMUSP00000066621	10090.ENSMUSP00000121557	Glrx3	Ndufv2	10090	0.538	0	0	0	0.431	0	0	0.222
10090.ENSMUSP00000066621	10090.ENSMUSP00000086542	Glrx3	Nsfl1c	10090	0.574	0	0	0	0.569	0	0	0.053
10090.ENSMUSP00000066621	10090.ENSMUSP00000116108	Glrx3	Tcp1	10090	0.576	0	0	0	0.511	0.051	0	0.16
10090.ENSMUSP00000066621	10090.ENSMUSP00000113637	Glrx3	Nfu1	10090	0.728	0	0	0	0.306	0.097	0	0.601
10090.ENSMUSP00000066621	10090.ENSMUSP00000158375	Glrx3	Txnl1	10090	0.742	0	0	0	0.567	0	0	0.428
10090.ENSMUSP00000066621	10090.ENSMUSP00000102716	Glrx3	Bola1	10090	0.984	0.12	0	0	0.134	0.84	0.72	0.604
10090.ENSMUSP00000066915	10090.ENSMUSP00000124579	Amacr	Asl	10090	0.568	0	0.54	0	0.098	0	0	0
10090.ENSMUSP00000067066	10090.ENSMUSP00000141132	Lif	Stat1	10090	0.487	0	0	0	0	0	0	0.487
10090.ENSMUSP00000067066	10090.ENSMUSP00000098066	Lif	Actb	10090	0.489	0	0	0	0	0	0	0.49
10090.ENSMUSP00000067066	10090.ENSMUSP00000084043	Lif	Spp1	10090	0.588	0	0	0	0.091	0	0	0.566
10090.ENSMUSP00000067066	10090.ENSMUSP00000088493	Lif	Nes	10090	0.706	0	0	0.21	0.047	0	0	0.641
10090.ENSMUSP00000067434	10090.ENSMUSP00000147928	Ang	Rnh1	10090	0.84	0	0	0	0.076	0.275	0.72	0.249
10090.ENSMUSP00000068267	10090.ENSMUSP00000133649	Strap	Syncrip	10090	0.443	0	0	0	0.204	0	0	0.329
10090.ENSMUSP00000068267	10090.ENSMUSP00000158738	Strap	Cct6a	10090	0.504	0	0	0	0.461	0.079	0	0.081
10090.ENSMUSP00000068267	10090.ENSMUSP00000158375	Strap	Txnl1	10090	0.584	0	0	0	0.584	0	0	0
10090.ENSMUSP00000068267	10090.ENSMUSP00000117022	Strap	Nme1	10090	0.615	0	0	0	0.12	0.267	0	0.45
10090.ENSMUSP00000068267	10090.ENSMUSP00000086987	Strap	Snrpg	10090	0.818	0	0	0	0.129	0.314	0.72	0
10090.ENSMUSP00000068479	10090.ENSMUSP00000114434	Ak1	Pa2g4	10090	0.451	0.062	0	0	0.378	0	0	0.136
10090.ENSMUSP00000068479	10090.ENSMUSP00000149803	Ak1	Cryab	10090	0.459	0	0	0	0.291	0	0	0.268
10090.ENSMUSP00000068479	10090.ENSMUSP00000071939	Ak1	Entpd5	10090	0.474	0	0	0	0.068	0	0	0.459
10090.ENSMUSP00000068479	10090.ENSMUSP00000099561	Ak1	Mrto4	10090	0.479	0.068	0	0	0.385	0	0	0.165
10090.ENSMUSP00000068479	10090.ENSMUSP00000099482	Ak1	Itpa	10090	0.482	0.066	0	0	0	0	0	0.468
10090.ENSMUSP00000068479	10090.ENSMUSP00000120528	Ak1	Rps20	10090	0.484	0.068	0	0	0.389	0	0	0.167
10090.ENSMUSP00000068479	10090.ENSMUSP00000083705	Ak1	Rplp0	10090	0.486	0.068	0	0	0.385	0	0	0.176
10090.ENSMUSP00000068479	10090.ENSMUSP00000157948	Ak1	Rps14	10090	0.504	0.063	0	0	0.433	0	0	0.142
10090.ENSMUSP00000068479	10090.ENSMUSP00000103940	Ak1	Rps16	10090	0.505	0.063	0	0	0.43	0	0	0.148
10090.ENSMUSP00000068479	10090.ENSMUSP00000130858	Ak1	Tpi1	10090	0.565	0.09	0	0	0.181	0	0	0.463
10090.ENSMUSP00000068479	10090.ENSMUSP00000090360	Ak1	Nt5c3b	10090	0.652	0	0	0	0	0	0.65	0.047
10090.ENSMUSP00000068479	10090.ENSMUSP00000117022	Ak1	Nme1	10090	0.753	0.055	0	0	0.078	0	0.65	0.287
10090.ENSMUSP00000069418	10090.ENSMUSP00000130660	C4b	Gba	10090	0.405	0	0	0	0.051	0	0	0.399
10090.ENSMUSP00000069418	10090.ENSMUSP00000133302	C4b	Apoe	10090	0.495	0	0	0	0.234	0.062	0	0.354
10090.ENSMUSP00000070993	10090.ENSMUSP00000096932	Ywhae	Ube2n	10090	0.402	0	0.005	0	0.32	0.078	0	0.122
10090.ENSMUSP00000070993	10090.ENSMUSP00000143910	Ywhae	Eif4h	10090	0.403	0	0	0	0.264	0.094	0	0.176
10090.ENSMUSP00000070993	10090.ENSMUSP00000113978	Ywhae	Tpm3	10090	0.411	0	0	0	0.144	0	0	0.341
10090.ENSMUSP00000070993	10090.ENSMUSP00000118787	Ywhae	Rpl22	10090	0.412	0	0	0	0.079	0	0	0.387
10090.ENSMUSP00000070993	10090.ENSMUSP00000130858	Ywhae	Tpi1	10090	0.414	0	0	0	0.188	0	0	0.308
10090.ENSMUSP00000070993	10090.ENSMUSP00000120528	Ywhae	Rps20	10090	0.428	0	0	0	0.105	0.073	0	0.365
10090.ENSMUSP00000070993	10090.ENSMUSP00000115044	Ywhae	Sumo2	10090	0.435	0	0	0	0.36	0.095	0	0.102
10090.ENSMUSP00000070993	10090.ENSMUSP00000080302	Ywhae	Pgk1	10090	0.459	0	0	0	0.158	0.089	0	0.351
10090.ENSMUSP00000070993	10090.ENSMUSP00000116108	Ywhae	Tcp1	10090	0.459	0	0	0	0.316	0	0	0.241
10090.ENSMUSP00000070993	10090.ENSMUSP00000076521	Ywhae	Pdia4	10090	0.462	0	0	0	0.119	0.223	0	0.277
10090.ENSMUSP00000070993	10090.ENSMUSP00000083705	Ywhae	Rplp0	10090	0.478	0	0	0	0.152	0.071	0	0.39
10090.ENSMUSP00000070993	10090.ENSMUSP00000141132	Ywhae	Stat1	10090	0.488	0	0	0	0.052	0	0	0.483
10090.ENSMUSP00000070993	10090.ENSMUSP00000125761	Ywhae	Matr3	10090	0.508	0	0	0	0.454	0.116	0	0.062
10090.ENSMUSP00000070993	10090.ENSMUSP00000082682	Ywhae	Hmgb1	10090	0.513	0	0	0	0.469	0.096	0	0.066
10090.ENSMUSP00000070993	10090.ENSMUSP00000130123	Ywhae	Gnb1	10090	0.516	0	0	0	0.365	0.054	0	0.259
10090.ENSMUSP00000070993	10090.ENSMUSP00000112104	Ywhae	Hnrnpk	10090	0.567	0	0	0	0.477	0	0	0.207
10090.ENSMUSP00000070993	10090.ENSMUSP00000098066	Ywhae	Actb	10090	0.594	0	0	0	0.235	0.206	0	0.385
10090.ENSMUSP00000070993	10090.ENSMUSP00000137440	Ywhae	Canx	10090	0.601	0	0	0	0.49	0	0	0.249
10090.ENSMUSP00000070993	10090.ENSMUSP00000147767	Ywhae	Casp3	10090	0.658	0	0	0	0.064	0.163	0.5	0.23
10090.ENSMUSP00000070993	10090.ENSMUSP00000091921	Ywhae	Hsp90aa1	10090	0.943	0	0	0	0.8	0.372	0	0.585
10090.ENSMUSP00000071054	10090.ENSMUSP00000114764	Psmc3	Ube2v1	10090	0.405	0	0	0	0.152	0	0	0.326
10090.ENSMUSP00000071054	10090.ENSMUSP00000133855	Psmc3	Gps1	10090	0.483	0	0	0	0.483	0	0	0
10090.ENSMUSP00000071054	10090.ENSMUSP00000143859	Psmc3	Ube3a	10090	0.519	0	0	0	0.062	0.413	0	0.197
10090.ENSMUSP00000071054	10090.ENSMUSP00000139480	Psmc3	Eloc	10090	0.566	0	0	0	0.176	0	0.4	0.192
10090.ENSMUSP00000071054	10090.ENSMUSP00000116108	Psmc3	Tcp1	10090	0.58	0	0	0	0.507	0.1	0	0.129
10090.ENSMUSP00000071054	10090.ENSMUSP00000126294	Psmc3	Rps13	10090	0.589	0	0	0	0.166	0.168	0	0.455
10090.ENSMUSP00000071054	10090.ENSMUSP00000158375	Psmc3	Txnl1	10090	0.644	0	0	0	0.322	0.496	0	0.042
10090.ENSMUSP00000071054	10090.ENSMUSP00000086542	Psmc3	Nsfl1c	10090	0.682	0	0	0	0.675	0.062	0	0
10090.ENSMUSP00000071054	10090.ENSMUSP00000099859	Psmc3	Ublcp1	10090	0.91	0	0	0	0.366	0.764	0	0.447
10090.ENSMUSP00000071054	10090.ENSMUSP00000140106	Psmc3	Uchl5	10090	0.981	0	0	0	0.091	0.945	0.5	0.339
10090.ENSMUSP00000071054	10090.ENSMUSP00000098295	Psmc3	Psmd9	10090	0.998	0	0	0	0.068	0.984	0.72	0.615
10090.ENSMUSP00000071078	10090.ENSMUSP00000106481	Cope	Dld	10090	0.4	0	0	0	0.4	0	0	0
10090.ENSMUSP00000071078	10090.ENSMUSP00000092157	Cope	Sec31a	10090	0.585	0	0	0	0.154	0	0	0.53
10090.ENSMUSP00000071078	10090.ENSMUSP00000116108	Cope	Tcp1	10090	0.615	0	0	0	0.605	0.067	0	0
10090.ENSMUSP00000071078	10090.ENSMUSP00000097738	Cope	Copz1	10090	0.991	0	0	0	0.351	0.927	0.54	0.653
10090.ENSMUSP00000071662	10090.ENSMUSP00000113556	Col12a1	Itga3	10090	0.413	0	0	0	0.071	0.046	0	0.391
10090.ENSMUSP00000071662	10090.ENSMUSP00000101049	Col12a1	Col18a1	10090	0.52	0	0	0	0.061	0.064	0.4	0.197
10090.ENSMUSP00000071662	10090.ENSMUSP00000087457	Col12a1	Itgb1	10090	0.536	0	0	0	0.073	0.068	0	0.506
10090.ENSMUSP00000071662	10090.ENSMUSP00000099981	Col12a1	Col15a1	10090	0.609	0	0	0	0.142	0.064	0.4	0.285
10090.ENSMUSP00000071662	10090.ENSMUSP00000090304	Col12a1	Lama2	10090	0.646	0	0	0	0.107	0.055	0	0.614
10090.ENSMUSP00000071662	10090.ENSMUSP00000126390	Col12a1	Serpinh1	10090	0.692	0	0	0	0.176	0	0.5	0.312
10090.ENSMUSP00000071662	10090.ENSMUSP00000083620	Col12a1	Col5a2	10090	0.827	0	0	0	0.387	0	0.4	0.567
10090.ENSMUSP00000071868	10090.ENSMUSP00000083620	Mfap2	Col5a2	10090	0.416	0	0	0	0.186	0.051	0	0.304
10090.ENSMUSP00000071939	10090.ENSMUSP00000090360	Entpd5	Nt5c3b	10090	0.654	0	0	0	0	0	0.65	0.053
10090.ENSMUSP00000071939	10090.ENSMUSP00000117022	Entpd5	Nme1	10090	0.685	0	0	0	0	0	0.65	0.139
10090.ENSMUSP00000071939	10090.ENSMUSP00000099482	Entpd5	Itpa	10090	0.928	0	0	0	0	0	0.9	0.317
10090.ENSMUSP00000072087	10090.ENSMUSP00000112928	Tmod3	Dpysl3	10090	0.727	0	0	0	0	0	0.72	0.068
10090.ENSMUSP00000072087	10090.ENSMUSP00000109451	Tmod3	Arpc2	10090	0.791	0	0	0	0.08	0	0.72	0.255
10090.ENSMUSP00000072087	10090.ENSMUSP00000113978	Tmod3	Tpm3	10090	0.824	0	0	0	0.104	0	0.5	0.64
10090.ENSMUSP00000072428	10090.ENSMUSP00000133302	Aplp2	Apoe	10090	0.49	0	0	0	0.127	0.236	0	0.298
10090.ENSMUSP00000072428	10090.ENSMUSP00000106180	Aplp2	Sord	10090	0.526	0	0	0	0	0	0	0.526
10090.ENSMUSP00000072428	10090.ENSMUSP00000152229	Aplp2	Pitrm1	10090	0.594	0	0	0	0	0.584	0	0.065
10090.ENSMUSP00000072428	10090.ENSMUSP00000123564	Aplp2	Sort1	10090	0.609	0	0	0	0.13	0.097	0	0.543
10090.ENSMUSP00000073459	10090.ENSMUSP00000099561	Akr7a5	Mrto4	10090	0.413	0	0	0	0.052	0	0	0.407
10090.ENSMUSP00000073459	10090.ENSMUSP00000084572	Akr7a5	Vars	10090	0.436	0.056	0	0	0.079	0	0	0.403
10090.ENSMUSP00000074448	10090.ENSMUSP00000090130	Lamp2	Vps26a	10090	0.43	0	0	0	0.077	0	0	0.408
10090.ENSMUSP00000074448	10090.ENSMUSP00000133302	Lamp2	Apoe	10090	0.438	0	0	0	0.097	0	0	0.403
10090.ENSMUSP00000074448	10090.ENSMUSP00000147767	Lamp2	Casp3	10090	0.503	0	0	0	0.048	0	0	0.499
10090.ENSMUSP00000074448	10090.ENSMUSP00000098066	Lamp2	Actb	10090	0.618	0	0	0	0.065	0	0	0.608
10090.ENSMUSP00000074448	10090.ENSMUSP00000137440	Lamp2	Canx	10090	0.667	0	0	0	0.143	0.067	0	0.617
10090.ENSMUSP00000074448	10090.ENSMUSP00000118169	Lamp2	Lgals3	10090	0.713	0	0	0	0.145	0.093	0	0.66
10090.ENSMUSP00000074448	10090.ENSMUSP00000130660	Lamp2	Gba	10090	0.825	0	0	0	0.157	0.191	0	0.765
10090.ENSMUSP00000074448	10090.ENSMUSP00000091921	Lamp2	Hsp90aa1	10090	0.985	0	0	0	0	0	0	0.985
10090.ENSMUSP00000074702	10090.ENSMUSP00000115062	Dsc2	Dsp	10090	0.993	0	0	0.23	0.289	0.117	0.5	0.978
10090.ENSMUSP00000075031	10090.ENSMUSP00000084572	Gm10282	Vars	10090	0.45	0.043	0	0	0.158	0	0	0.373
10090.ENSMUSP00000075031	10090.ENSMUSP00000114434	Gm10282	Pa2g4	10090	0.683	0.062	0	0	0.343	0.486	0	0.119
10090.ENSMUSP00000075031	10090.ENSMUSP00000118787	Gm10282	Rpl22	10090	0.731	0	0	0	0.367	0.507	0	0.209
10090.ENSMUSP00000075031	10090.ENSMUSP00000102870	Gm10282	Rpl27	10090	0.803	0	0	0	0.576	0.505	0	0.14
10090.ENSMUSP00000075031	10090.ENSMUSP00000126294	Gm10282	Rps13	10090	0.807	0.07	0	0	0.54	0.507	0	0.193
10090.ENSMUSP00000075031	10090.ENSMUSP00000099561	Gm10282	Mrto4	10090	0.81	0.084	0	0	0.569	0.475	0	0.194
10090.ENSMUSP00000075031	10090.ENSMUSP00000157948	Gm10282	Rps14	10090	0.824	0.069	0	0	0.574	0.507	0	0.207
10090.ENSMUSP00000075031	10090.ENSMUSP00000147816	Gm10282	Rpl18	10090	0.862	0	0	0	0.572	0.605	0	0.253
10090.ENSMUSP00000075031	10090.ENSMUSP00000079180	Gm10282	Rps25	10090	0.862	0	0	0	0.637	0.605	0	0.118
10090.ENSMUSP00000075031	10090.ENSMUSP00000120528	Gm10282	Rps20	10090	0.865	0.084	0	0	0.584	0.605	0	0.211
10090.ENSMUSP00000075031	10090.ENSMUSP00000099757	Gm10282	Rps8	10090	0.868	0	0	0	0.645	0.608	0	0.128
10090.ENSMUSP00000075031	10090.ENSMUSP00000083705	Gm10282	Rplp0	10090	0.87	0.084	0	0	0.582	0.608	0	0.241
10090.ENSMUSP00000075031	10090.ENSMUSP00000134615	Gm10282	Rps28	10090	0.873	0	0	0	0.629	0.612	0	0.191
10090.ENSMUSP00000075031	10090.ENSMUSP00000103940	Gm10282	Rps16	10090	0.874	0.071	0	0	0.609	0.608	0	0.224
10090.ENSMUSP00000075031	10090.ENSMUSP00000131489	Gm10282	Rpl14	10090	0.876	0	0	0	0.625	0.605	0	0.231
10090.ENSMUSP00000075031	10090.ENSMUSP00000104068	Gm10282	Rps19	10090	0.883	0.102	0	0	0.631	0.605	0	0.213
10090.ENSMUSP00000075067	10090.ENSMUSP00000130023	Npm1	Hnrnpf	10090	0.43	0	0	0	0.281	0	0	0.241
10090.ENSMUSP00000075067	10090.ENSMUSP00000134615	Npm1	Rps28	10090	0.43	0	0	0	0.21	0.295	0	0.058
10090.ENSMUSP00000075067	10090.ENSMUSP00000126294	Npm1	Rps13	10090	0.442	0	0	0	0.404	0.063	0	0.081
10090.ENSMUSP00000075067	10090.ENSMUSP00000125761	Npm1	Matr3	10090	0.454	0	0	0	0.302	0.043	0	0.248
10090.ENSMUSP00000075067	10090.ENSMUSP00000147816	Npm1	Rpl18	10090	0.46	0	0	0	0.397	0.095	0	0.09
10090.ENSMUSP00000075067	10090.ENSMUSP00000082682	Npm1	Hmgb1	10090	0.461	0	0	0	0.346	0.064	0	0.19
10090.ENSMUSP00000075067	10090.ENSMUSP00000096777	Npm1	Eif2s2	10090	0.461	0	0	0	0.363	0.088	0	0.146
10090.ENSMUSP00000075067	10090.ENSMUSP00000086987	Npm1	Snrpg	10090	0.463	0	0	0	0.441	0	0	0.079
10090.ENSMUSP00000075067	10090.ENSMUSP00000092157	Npm1	Sec31a	10090	0.476	0	0	0	0.059	0	0	0.466
10090.ENSMUSP00000075067	10090.ENSMUSP00000079628	Npm1	Rps17	10090	0.481	0	0	0	0.472	0	0	0.057
10090.ENSMUSP00000075067	10090.ENSMUSP00000131489	Npm1	Rpl14	10090	0.494	0	0	0	0.389	0.134	0	0.121
10090.ENSMUSP00000075067	10090.ENSMUSP00000157948	Npm1	Rps14	10090	0.497	0	0	0	0.267	0.101	0	0.298
10090.ENSMUSP00000075067	10090.ENSMUSP00000112104	Npm1	Hnrnpk	10090	0.5	0	0	0	0.271	0	0	0.342
10090.ENSMUSP00000075067	10090.ENSMUSP00000147767	Npm1	Casp3	10090	0.508	0	0	0	0.094	0	0	0.479
10090.ENSMUSP00000075067	10090.ENSMUSP00000103940	Npm1	Rps16	10090	0.514	0	0	0	0.368	0.089	0	0.224
10090.ENSMUSP00000075067	10090.ENSMUSP00000079180	Npm1	Rps25	10090	0.531	0	0	0	0.376	0.053	0	0.269
10090.ENSMUSP00000075067	10090.ENSMUSP00000120528	Npm1	Rps20	10090	0.536	0	0	0	0.371	0.15	0	0.203
10090.ENSMUSP00000075067	10090.ENSMUSP00000113978	Npm1	Tpm3	10090	0.539	0	0	0	0.13	0.041	0	0.492
10090.ENSMUSP00000075067	10090.ENSMUSP00000099757	Npm1	Rps8	10090	0.547	0	0	0	0.442	0.072	0	0.194
10090.ENSMUSP00000075067	10090.ENSMUSP00000102870	Npm1	Rpl27	10090	0.571	0	0	0	0.36	0.317	0	0.095
10090.ENSMUSP00000075067	10090.ENSMUSP00000104068	Npm1	Rps19	10090	0.575	0	0	0	0.408	0.097	0	0.269
10090.ENSMUSP00000075067	10090.ENSMUSP00000118169	Npm1	Lgals3	10090	0.58	0	0	0	0.081	0	0	0.561
10090.ENSMUSP00000075067	10090.ENSMUSP00000146474	Npm1	Nap1l4	10090	0.591	0	0	0	0.139	0.098	0	0.515
10090.ENSMUSP00000075067	10090.ENSMUSP00000098066	Npm1	Actb	10090	0.597	0	0	0	0.116	0.222	0	0.461
10090.ENSMUSP00000075067	10090.ENSMUSP00000114434	Npm1	Pa2g4	10090	0.608	0	0	0	0.362	0.351	0	0.129
10090.ENSMUSP00000075067	10090.ENSMUSP00000118787	Npm1	Rpl22	10090	0.631	0	0	0	0.217	0.463	0	0.194
10090.ENSMUSP00000075067	10090.ENSMUSP00000083705	Npm1	Rplp0	10090	0.643	0	0	0	0.472	0.261	0	0.158
10090.ENSMUSP00000075067	10090.ENSMUSP00000116108	Npm1	Tcp1	10090	0.643	0	0	0	0.544	0.088	0	0.209
10090.ENSMUSP00000075067	10090.ENSMUSP00000091921	Npm1	Hsp90aa1	10090	0.659	0	0	0	0.366	0.095	0	0.453
10090.ENSMUSP00000075067	10090.ENSMUSP00000099930	Npm1	Set	10090	0.685	0	0	0	0.496	0	0	0.401
10090.ENSMUSP00000075067	10090.ENSMUSP00000078589	Npm1	Ybx1	10090	0.688	0	0	0	0.191	0.273	0	0.512
10090.ENSMUSP00000075067	10090.ENSMUSP00000115044	Npm1	Sumo2	10090	0.79	0	0	0	0.534	0.116	0.4	0.249
10090.ENSMUSP00000075290	10090.ENSMUSP00000157424	Tsnax	Asah2	10090	0.419	0	0	0	0	0	0	0.419
10090.ENSMUSP00000075683	10090.ENSMUSP00000083705	Pepd	Rplp0	10090	0.401	0	0	0	0	0.096	0	0.365
10090.ENSMUSP00000075683	10090.ENSMUSP00000123765	Pepd	Sucla2	10090	0.426	0.048	0	0	0.069	0.061	0	0.392
10090.ENSMUSP00000075683	10090.ENSMUSP00000084882	Pepd	Gda	10090	0.428	0.091	0	0	0.067	0.3	0	0.151
10090.ENSMUSP00000076521	10090.ENSMUSP00000091921	Pdia4	Hsp90aa1	10090	0.423	0	0	0	0.103	0.1	0	0.343
10090.ENSMUSP00000076521	10090.ENSMUSP00000116108	Pdia4	Tcp1	10090	0.544	0	0	0	0.483	0.089	0	0.109
10090.ENSMUSP00000076521	10090.ENSMUSP00000106481	Pdia4	Dld	10090	0.555	0	0	0	0.391	0.243	0	0.113
10090.ENSMUSP00000076521	10090.ENSMUSP00000137440	Pdia4	Canx	10090	0.883	0	0	0	0.246	0.14	0	0.834
10090.ENSMUSP00000076521	10090.ENSMUSP00000123700	Pdia4	Hyou1	10090	0.998	0	0	0	0.702	0.314	0.72	0.978
10090.ENSMUSP00000076564	10090.ENSMUSP00000102255	Rnpep	Nrd1	10090	0.408	0	0	0	0.061	0	0	0.395
10090.ENSMUSP00000076575	10090.ENSMUSP00000130858	Hmbs	Tpi1	10090	0.407	0	0	0	0.065	0	0	0.392
10090.ENSMUSP00000076575	10090.ENSMUSP00000114434	Hmbs	Pa2g4	10090	0.493	0.061	0	0	0.223	0	0	0.361
10090.ENSMUSP00000076575	10090.ENSMUSP00000080302	Hmbs	Pgk1	10090	0.499	0	0	0	0.121	0	0	0.453
10090.ENSMUSP00000076575	10090.ENSMUSP00000083705	Hmbs	Rplp0	10090	0.505	0	0	0	0.091	0	0	0.478
10090.ENSMUSP00000076575	10090.ENSMUSP00000124579	Hmbs	Asl	10090	0.561	0.223	0	0	0.049	0	0	0.454
10090.ENSMUSP00000076575	10090.ENSMUSP00000098066	Hmbs	Actb	10090	0.628	0	0	0	0	0	0	0.628
10090.ENSMUSP00000076575	10090.ENSMUSP00000113637	Hmbs	Nfu1	10090	0.805	0	0.802	0	0.054	0	0	0
10090.ENSMUSP00000076575	10090.ENSMUSP00000103068	Hmbs	Alad	10090	0.999	0.223	0	0.521	0.829	0.073	0.9	0.872
10090.ENSMUSP00000076933	10090.ENSMUSP00000107448	Arpc5	Gmfb	10090	0.464	0	0	0	0.109	0.338	0	0.165
10090.ENSMUSP00000076933	10090.ENSMUSP00000099368	Arpc5	Cttn	10090	0.566	0	0	0	0.071	0.07	0	0.539
10090.ENSMUSP00000076933	10090.ENSMUSP00000098066	Arpc5	Actb	10090	0.946	0	0	0	0.11	0.275	0.9	0.268
10090.ENSMUSP00000076933	10090.ENSMUSP00000137503	Arpc5	Actr3	10090	0.997	0	0	0	0.756	0.881	0.72	0.775
10090.ENSMUSP00000076933	10090.ENSMUSP00000109451	Arpc5	Arpc2	10090	0.999	0	0	0	0.66	0.879	0.9	0.997
10090.ENSMUSP00000077150	10090.ENSMUSP00000155052	Tex101	Myh11	10090	0.415	0	0	0	0	0.076	0	0.393
10090.ENSMUSP00000077744	10090.ENSMUSP00000079628	Uqcrh	Rps17	10090	0.404	0	0	0	0.363	0	0	0.102
10090.ENSMUSP00000077744	10090.ENSMUSP00000157948	Uqcrh	Rps14	10090	0.422	0	0	0	0.416	0	0	0.05
10090.ENSMUSP00000077744	10090.ENSMUSP00000103940	Uqcrh	Rps16	10090	0.466	0	0	0	0.446	0.06	0	0.057
10090.ENSMUSP00000077744	10090.ENSMUSP00000124480	Uqcrh	Cyb5a	10090	0.476	0	0	0	0.444	0	0	0.097
10090.ENSMUSP00000077744	10090.ENSMUSP00000123765	Uqcrh	Sucla2	10090	0.534	0	0	0	0.119	0.311	0	0.293
10090.ENSMUSP00000077744	10090.ENSMUSP00000102870	Uqcrh	Rpl27	10090	0.575	0	0	0	0.575	0	0	0
10090.ENSMUSP00000077744	10090.ENSMUSP00000129178	Uqcrh	Pfdn5	10090	0.581	0	0	0	0.488	0.214	0	0
10090.ENSMUSP00000077744	10090.ENSMUSP00000101006	Uqcrh	Atp5d	10090	0.754	0	0	0	0.576	0	0	0.445
10090.ENSMUSP00000077744	10090.ENSMUSP00000121557	Uqcrh	Ndufv2	10090	0.988	0	0	0	0.823	0.888	0	0.474
10090.ENSMUSP00000077781	10090.ENSMUSP00000112104	Enah	Hnrnpk	10090	0.466	0	0	0	0.05	0	0	0.461
10090.ENSMUSP00000077856	10090.ENSMUSP00000090130	Vps28	Vps26a	10090	0.414	0	0	0	0.179	0	0	0.316
10090.ENSMUSP00000077856	10090.ENSMUSP00000109815	Vps28	Chmp3	10090	0.973	0	0	0	0.149	0.073	0.72	0.892
10090.ENSMUSP00000078589	10090.ENSMUSP00000134615	Ybx1	Rps28	10090	0.413	0	0	0	0.159	0	0	0.33
10090.ENSMUSP00000078589	10090.ENSMUSP00000126294	Ybx1	Rps13	10090	0.42	0	0	0	0.237	0.141	0	0.185
10090.ENSMUSP00000078589	10090.ENSMUSP00000106180	Ybx1	Sord	10090	0.423	0	0	0	0	0	0	0.423
10090.ENSMUSP00000078589	10090.ENSMUSP00000081142	Ybx1	Tardbp	10090	0.445	0	0	0	0.129	0.086	0	0.359
10090.ENSMUSP00000078589	10090.ENSMUSP00000114434	Ybx1	Pa2g4	10090	0.455	0	0	0	0.167	0.113	0	0.321
10090.ENSMUSP00000078589	10090.ENSMUSP00000084882	Ybx1	Gda	10090	0.455	0	0	0	0	0	0	0.455
10090.ENSMUSP00000078589	10090.ENSMUSP00000091921	Ybx1	Hsp90aa1	10090	0.46	0.052	0	0	0.13	0.088	0	0.367
10090.ENSMUSP00000078589	10090.ENSMUSP00000109585	Ybx1	Wdr5	10090	0.486	0	0	0	0.062	0	0	0.474
10090.ENSMUSP00000078589	10090.ENSMUSP00000099757	Ybx1	Rps8	10090	0.494	0	0	0	0.243	0.229	0	0.201
10090.ENSMUSP00000078589	10090.ENSMUSP00000098066	Ybx1	Actb	10090	0.568	0	0	0	0.098	0.26	0	0.404
10090.ENSMUSP00000078589	10090.ENSMUSP00000125761	Ybx1	Matr3	10090	0.57	0	0	0	0.093	0.107	0	0.512
10090.ENSMUSP00000078589	10090.ENSMUSP00000147767	Ybx1	Casp3	10090	0.573	0	0	0	0.066	0.076	0	0.545
10090.ENSMUSP00000078589	10090.ENSMUSP00000103940	Ybx1	Rps16	10090	0.586	0	0	0	0.191	0.228	0	0.39
10090.ENSMUSP00000078589	10090.ENSMUSP00000083705	Ybx1	Rplp0	10090	0.594	0.054	0	0	0.242	0.184	0	0.388
10090.ENSMUSP00000078589	10090.ENSMUSP00000126897	Ybx1	Mov10	10090	0.619	0	0	0	0	0.168	0	0.561
10090.ENSMUSP00000078589	10090.ENSMUSP00000120528	Ybx1	Rps20	10090	0.637	0	0	0	0.204	0.208	0	0.47
10090.ENSMUSP00000078589	10090.ENSMUSP00000130023	Ybx1	Hnrnpf	10090	0.642	0	0	0	0.112	0.076	0.4	0.359
10090.ENSMUSP00000078589	10090.ENSMUSP00000120115	Ybx1	Hnrnpm	10090	0.668	0.058	0	0	0.206	0.08	0	0.575
10090.ENSMUSP00000078589	10090.ENSMUSP00000133728	Ybx1	Hnrnpl	10090	0.674	0	0	0	0.075	0.168	0.4	0.377
10090.ENSMUSP00000078589	10090.ENSMUSP00000086987	Ybx1	Snrpg	10090	0.78	0	0	0	0.104	0.137	0.72	0.105
10090.ENSMUSP00000078589	10090.ENSMUSP00000112104	Ybx1	Hnrnpk	10090	0.875	0	0	0	0.084	0.165	0.4	0.759
10090.ENSMUSP00000078589	10090.ENSMUSP00000101858	Ybx1	Fus	10090	0.908	0	0	0	0.084	0.14	0.4	0.828
10090.ENSMUSP00000078589	10090.ENSMUSP00000133649	Ybx1	Syncrip	10090	0.995	0	0	0	0.174	0.497	0.9	0.9
10090.ENSMUSP00000079107	10090.ENSMUSP00000114434	Ppm1b	Pa2g4	10090	0.431	0	0.021	0	0.042	0	0	0.431
10090.ENSMUSP00000079107	10090.ENSMUSP00000099587	Ppm1b	Ppp1cc	10090	0.451	0	0	0	0.156	0.113	0	0.325
10090.ENSMUSP00000079180	10090.ENSMUSP00000098066	Rps25	Actb	10090	0.424	0	0	0	0.348	0	0	0.152
10090.ENSMUSP00000079180	10090.ENSMUSP00000117022	Rps25	Nme1	10090	0.425	0	0	0	0.419	0	0	0.051
10090.ENSMUSP00000079180	10090.ENSMUSP00000086987	Rps25	Snrpg	10090	0.427	0	0	0	0.371	0	0	0.126
10090.ENSMUSP00000079180	10090.ENSMUSP00000113560	Rps25	Wdr61	10090	0.454	0	0	0	0.104	0.416	0	0
10090.ENSMUSP00000079180	10090.ENSMUSP00000129178	Rps25	Pfdn5	10090	0.49	0	0	0	0.445	0	0	0.119
10090.ENSMUSP00000079180	10090.ENSMUSP00000080301	Rps25	Zc3h15	10090	0.514	0	0	0	0.179	0.416	0	0.069
10090.ENSMUSP00000079180	10090.ENSMUSP00000084387	Rps25	Eif1ax	10090	0.535	0	0	0	0.234	0.418	0	0
10090.ENSMUSP00000079180	10090.ENSMUSP00000081782	Rps25	Ipo7	10090	0.549	0	0	0	0.05	0.505	0	0.118
10090.ENSMUSP00000079180	10090.ENSMUSP00000133649	Rps25	Syncrip	10090	0.566	0	0	0	0.213	0.283	0	0.293
10090.ENSMUSP00000079180	10090.ENSMUSP00000111120	Rps25	Eif4g1	10090	0.614	0	0	0	0.11	0.534	0	0.144
10090.ENSMUSP00000079180	10090.ENSMUSP00000143910	Rps25	Eif4h	10090	0.738	0	0	0	0.181	0.416	0	0.496
10090.ENSMUSP00000079180	10090.ENSMUSP00000127774	Rps25	Eif4b	10090	0.748	0	0	0	0.102	0.534	0	0.447
10090.ENSMUSP00000079180	10090.ENSMUSP00000114434	Rps25	Pa2g4	10090	0.821	0	0	0	0.17	0.762	0	0.168
10090.ENSMUSP00000079180	10090.ENSMUSP00000099561	Rps25	Mrto4	10090	0.948	0	0	0	0.699	0.787	0	0.255
10090.ENSMUSP00000079180	10090.ENSMUSP00000096777	Rps25	Eif2s2	10090	0.965	0	0	0	0.268	0.911	0.5	0.067
10090.ENSMUSP00000079180	10090.ENSMUSP00000118787	Rps25	Rpl22	10090	0.997	0	0	0	0.785	0.964	0	0.641
10090.ENSMUSP00000079180	10090.ENSMUSP00000103940	Rps25	Rps16	10090	0.999	0	0	0	0.986	0.99	0.8	0.745
10090.ENSMUSP00000079180	10090.ENSMUSP00000079628	Rps25	Rps17	10090	0.999	0	0	0	0.86	0.987	0.8	0.397
10090.ENSMUSP00000079180	10090.ENSMUSP00000083705	Rps25	Rplp0	10090	0.999	0	0	0	0.956	0.99	0	0.498
10090.ENSMUSP00000079180	10090.ENSMUSP00000099757	Rps25	Rps8	10090	0.999	0	0	0	0.982	0.99	0.8	0.66
10090.ENSMUSP00000079180	10090.ENSMUSP00000102870	Rps25	Rpl27	10090	0.999	0	0	0	0.982	0.99	0	0.597
10090.ENSMUSP00000079180	10090.ENSMUSP00000157948	Rps25	Rps14	10090	0.999	0	0	0	0.981	0.971	0.8	0.707
10090.ENSMUSP00000079180	10090.ENSMUSP00000104068	Rps25	Rps19	10090	0.999	0	0	0	0.982	0.99	0.8	0.773
10090.ENSMUSP00000079180	10090.ENSMUSP00000131489	Rps25	Rpl14	10090	0.999	0	0	0	0.985	0.99	0	0.599
10090.ENSMUSP00000079180	10090.ENSMUSP00000134615	Rps25	Rps28	10090	0.999	0	0	0	0.991	0.99	0.8	0.648
10090.ENSMUSP00000079180	10090.ENSMUSP00000147816	Rps25	Rpl18	10090	0.999	0	0	0	0.971	0.99	0	0.728
10090.ENSMUSP00000079180	10090.ENSMUSP00000126294	Rps25	Rps13	10090	0.999	0	0	0	0.986	0.99	0.8	0.599
10090.ENSMUSP00000079180	10090.ENSMUSP00000120528	Rps25	Rps20	10090	0.999	0	0	0	0.989	0.99	0.8	0.871
10090.ENSMUSP00000079628	10090.ENSMUSP00000080302	Rps17	Pgk1	10090	0.412	0.062	0	0	0.187	0.258	0	0.083
10090.ENSMUSP00000079628	10090.ENSMUSP00000143910	Rps17	Eif4h	10090	0.511	0	0	0	0.184	0.416	0	0.057
10090.ENSMUSP00000079628	10090.ENSMUSP00000114434	Rps17	Pa2g4	10090	0.592	0	0	0	0.14	0.534	0	0.063
10090.ENSMUSP00000079628	10090.ENSMUSP00000127774	Rps17	Eif4b	10090	0.593	0	0	0	0.1	0.534	0	0.108
10090.ENSMUSP00000079628	10090.ENSMUSP00000096777	Rps17	Eif2s2	10090	0.651	0	0	0	0.286	0	0.5	0.102
10090.ENSMUSP00000079628	10090.ENSMUSP00000083705	Rps17	Rplp0	10090	0.958	0	0	0	0.619	0.873	0	0.203
10090.ENSMUSP00000079628	10090.ENSMUSP00000131489	Rps17	Rpl14	10090	0.988	0	0	0	0.545	0.967	0	0.251
10090.ENSMUSP00000079628	10090.ENSMUSP00000118787	Rps17	Rpl22	10090	0.994	0	0	0	0.836	0.958	0	0.225
10090.ENSMUSP00000079628	10090.ENSMUSP00000102870	Rps17	Rpl27	10090	0.995	0	0	0	0.59	0.981	0	0.45
10090.ENSMUSP00000079628	10090.ENSMUSP00000134615	Rps17	Rps28	10090	0.998	0	0	0	0.708	0.963	0.8	0.408
10090.ENSMUSP00000079628	10090.ENSMUSP00000157948	Rps17	Rps14	10090	0.998	0	0	0	0.76	0.958	0.8	0.426
10090.ENSMUSP00000079628	10090.ENSMUSP00000103940	Rps17	Rps16	10090	0.999	0	0	0	0.735	0.987	0.8	0.55
10090.ENSMUSP00000079628	10090.ENSMUSP00000099757	Rps17	Rps8	10090	0.999	0	0	0	0.86	0.969	0.8	0.323
10090.ENSMUSP00000079628	10090.ENSMUSP00000147816	Rps17	Rpl18	10090	0.999	0	0	0	0.894	0.984	0	0.431
10090.ENSMUSP00000079628	10090.ENSMUSP00000104068	Rps17	Rps19	10090	0.999	0	0	0	0.844	0.969	0.8	0.646
10090.ENSMUSP00000079628	10090.ENSMUSP00000120528	Rps17	Rps20	10090	0.999	0	0	0	0.894	0.974	0.8	0.446
10090.ENSMUSP00000079628	10090.ENSMUSP00000126294	Rps17	Rps13	10090	0.999	0	0	0	0.893	0.987	0.8	0.555
10090.ENSMUSP00000079722	10090.ENSMUSP00000133245	Thrap3	Ddx46	10090	0.436	0	0	0	0.368	0.097	0	0.091
10090.ENSMUSP00000079722	10090.ENSMUSP00000125761	Thrap3	Matr3	10090	0.452	0	0	0.214	0.163	0.082	0	0.199
10090.ENSMUSP00000079722	10090.ENSMUSP00000101858	Thrap3	Fus	10090	0.463	0	0	0	0.177	0.246	0	0.204
10090.ENSMUSP00000079722	10090.ENSMUSP00000117616	Thrap3	Tpr	10090	0.486	0	0	0	0.444	0.093	0	0.063
10090.ENSMUSP00000079722	10090.ENSMUSP00000120115	Thrap3	Hnrnpm	10090	0.543	0	0	0	0.471	0.082	0	0.135
10090.ENSMUSP00000079722	10090.ENSMUSP00000129620	Thrap3	Erh	10090	0.667	0	0	0	0.113	0.133	0	0.601
10090.ENSMUSP00000079722	10090.ENSMUSP00000099509	Thrap3	Snrnp200	10090	0.668	0	0	0	0.579	0.049	0	0.238
10090.ENSMUSP00000079752	10090.ENSMUSP00000088056	Lrp2	Ptprz1	10090	0.405	0	0	0	0	0	0	0.405
10090.ENSMUSP00000079752	10090.ENSMUSP00000102342	Lrp2	Lrp8	10090	0.469	0	0	0	0	0	0	0.469
10090.ENSMUSP00000079752	10090.ENSMUSP00000107760	Lrp2	Pzp	10090	0.685	0	0	0	0.067	0.095	0	0.657
10090.ENSMUSP00000079752	10090.ENSMUSP00000133302	Lrp2	Apoe	10090	0.997	0	0	0	0.052	0.103	0.9	0.973
10090.ENSMUSP00000080301	10090.ENSMUSP00000099990	Zc3h15	Anp32b	10090	0.402	0	0	0	0.061	0	0	0.389
10090.ENSMUSP00000080301	10090.ENSMUSP00000157948	Zc3h15	Rps14	10090	0.486	0	0	0	0.158	0.415	0	0
10090.ENSMUSP00000080301	10090.ENSMUSP00000118787	Zc3h15	Rpl22	10090	0.491	0	0	0	0.093	0.415	0	0.118
10090.ENSMUSP00000080301	10090.ENSMUSP00000158375	Zc3h15	Txnl1	10090	0.532	0	0	0	0.532	0	0	0
10090.ENSMUSP00000080301	10090.ENSMUSP00000123866	Zc3h15	Pcmt1	10090	0.534	0	0	0	0.129	0	0	0.486
10090.ENSMUSP00000080301	10090.ENSMUSP00000131489	Zc3h15	Rpl14	10090	0.547	0	0	0	0.093	0.521	0	0
10090.ENSMUSP00000080301	10090.ENSMUSP00000096777	Zc3h15	Eif2s2	10090	0.547	0	0	0	0.521	0.093	0	0
10090.ENSMUSP00000080301	10090.ENSMUSP00000102870	Zc3h15	Rpl27	10090	0.551	0	0	0	0.102	0.521	0	0
10090.ENSMUSP00000080301	10090.ENSMUSP00000099561	Zc3h15	Mrto4	10090	0.554	0	0	0	0.265	0.415	0	0.047
10090.ENSMUSP00000080301	10090.ENSMUSP00000134615	Zc3h15	Rps28	10090	0.555	0	0	0	0.27	0.416	0	0
10090.ENSMUSP00000080301	10090.ENSMUSP00000147816	Zc3h15	Rpl18	10090	0.559	0	0	0	0.117	0.521	0	0
10090.ENSMUSP00000080301	10090.ENSMUSP00000103940	Zc3h15	Rps16	10090	0.598	0	0	0	0.13	0.557	0	0
10090.ENSMUSP00000080301	10090.ENSMUSP00000099757	Zc3h15	Rps8	10090	0.603	0	0	0	0.125	0.565	0	0
10090.ENSMUSP00000080301	10090.ENSMUSP00000104068	Zc3h15	Rps19	10090	0.642	0	0	0	0.211	0.565	0	0
10090.ENSMUSP00000080301	10090.ENSMUSP00000083705	Zc3h15	Rplp0	10090	0.692	0	0	0	0.192	0.628	0	0.059
10090.ENSMUSP00000080301	10090.ENSMUSP00000120528	Zc3h15	Rps20	10090	0.694	0	0	0	0.146	0.657	0	0
10090.ENSMUSP00000080301	10090.ENSMUSP00000126294	Zc3h15	Rps13	10090	0.699	0	0	0	0.225	0.628	0	0
10090.ENSMUSP00000080302	10090.ENSMUSP00000147816	Pgk1	Rpl18	10090	0.419	0	0	0	0.176	0	0	0.324
10090.ENSMUSP00000080302	10090.ENSMUSP00000087118	Pgk1	Mat2a	10090	0.423	0.102	0	0	0.125	0.098	0	0.282
10090.ENSMUSP00000080302	10090.ENSMUSP00000158738	Pgk1	Cct6a	10090	0.447	0	0	0	0.286	0.082	0	0.223
10090.ENSMUSP00000080302	10090.ENSMUSP00000103940	Pgk1	Rps16	10090	0.459	0	0	0	0.16	0.216	0	0.244
10090.ENSMUSP00000080302	10090.ENSMUSP00000123765	Pgk1	Sucla2	10090	0.463	0.043	0	0	0.188	0	0	0.364
10090.ENSMUSP00000080302	10090.ENSMUSP00000157948	Pgk1	Rps14	10090	0.474	0	0	0	0.159	0.242	0	0.241
10090.ENSMUSP00000080302	10090.ENSMUSP00000120528	Pgk1	Rps20	10090	0.479	0	0	0	0.219	0.088	0	0.328
10090.ENSMUSP00000080302	10090.ENSMUSP00000106180	Pgk1	Sord	10090	0.488	0	0	0	0.069	0.096	0	0.441
10090.ENSMUSP00000080302	10090.ENSMUSP00000106481	Pgk1	Dld	10090	0.499	0	0	0	0.252	0.064	0	0.342
10090.ENSMUSP00000080302	10090.ENSMUSP00000101006	Pgk1	Atp5d	10090	0.533	0.092	0	0	0.214	0	0	0.397
10090.ENSMUSP00000080302	10090.ENSMUSP00000084572	Pgk1	Vars	10090	0.553	0.069	0	0	0.173	0	0	0.466
10090.ENSMUSP00000080302	10090.ENSMUSP00000116108	Pgk1	Tcp1	10090	0.584	0	0	0	0.441	0.057	0	0.273
10090.ENSMUSP00000080302	10090.ENSMUSP00000090564	Pgk1	Fbp1	10090	0.588	0.086	0	0	0.121	0	0	0.528
10090.ENSMUSP00000080302	10090.ENSMUSP00000083705	Pgk1	Rplp0	10090	0.616	0	0	0	0.215	0	0	0.531
10090.ENSMUSP00000080302	10090.ENSMUSP00000099938	Pgk1	Mdh1	10090	0.641	0.055	0	0	0.397	0.041	0	0.42
10090.ENSMUSP00000080302	10090.ENSMUSP00000091921	Pgk1	Hsp90aa1	10090	0.674	0	0	0	0.211	0.042	0	0.603
10090.ENSMUSP00000080302	10090.ENSMUSP00000081141	Pgk1	Pgd	10090	0.742	0	0	0	0.333	0.096	0	0.606
10090.ENSMUSP00000080302	10090.ENSMUSP00000098066	Pgk1	Actb	10090	0.822	0	0	0	0.167	0.071	0	0.789
10090.ENSMUSP00000080302	10090.ENSMUSP00000130858	Pgk1	Tpi1	10090	0.999	0.119	0.899	0	0.961	0.326	0	0.874
10090.ENSMUSP00000080614	10090.ENSMUSP00000126298	Timm50	Timm9	10090	0.612	0	0	0	0.068	0	0	0.601
10090.ENSMUSP00000081141	10090.ENSMUSP00000146030	Pgd	Txnrd2	10090	0.406	0.061	0	0	0.119	0.071	0	0.318
10090.ENSMUSP00000081141	10090.ENSMUSP00000124579	Pgd	Asl	10090	0.448	0	0	0	0	0	0	0.448
10090.ENSMUSP00000081141	10090.ENSMUSP00000099490	Pgd	Acaca	10090	0.448	0	0	0	0.207	0	0	0.332
10090.ENSMUSP00000081141	10090.ENSMUSP00000099938	Pgd	Mdh1	10090	0.516	0	0	0	0	0	0	0.516
10090.ENSMUSP00000081141	10090.ENSMUSP00000090564	Pgd	Fbp1	10090	0.517	0	0	0	0.081	0	0	0.496
10090.ENSMUSP00000081141	10090.ENSMUSP00000106180	Pgd	Sord	10090	0.628	0.119	0	0	0.069	0.329	0	0.405
10090.ENSMUSP00000081141	10090.ENSMUSP00000130858	Pgd	Tpi1	10090	0.791	0	0	0	0.231	0	0	0.739
10090.ENSMUSP00000081142	10090.ENSMUSP00000149803	Tardbp	Cryab	10090	0.41	0	0	0	0	0.064	0	0.396
10090.ENSMUSP00000081142	10090.ENSMUSP00000120528	Tardbp	Rps20	10090	0.413	0	0	0	0.217	0.28	0	0.042
10090.ENSMUSP00000081142	10090.ENSMUSP00000133245	Tardbp	Ddx46	10090	0.413	0	0	0	0.337	0.136	0	0.057
10090.ENSMUSP00000081142	10090.ENSMUSP00000117947	Tardbp	Snrpa1	10090	0.414	0	0	0	0.222	0.236	0	0.093
10090.ENSMUSP00000081142	10090.ENSMUSP00000143910	Tardbp	Eif4h	10090	0.415	0	0	0	0.208	0	0	0.292
10090.ENSMUSP00000081142	10090.ENSMUSP00000130660	Tardbp	Gba	10090	0.457	0	0	0	0	0	0	0.457
10090.ENSMUSP00000081142	10090.ENSMUSP00000144413	Tardbp	Hsph1	10090	0.459	0	0	0	0.141	0.182	0	0.291
10090.ENSMUSP00000081142	10090.ENSMUSP00000111120	Tardbp	Eif4g1	10090	0.469	0	0	0	0.195	0.137	0	0.297
10090.ENSMUSP00000081142	10090.ENSMUSP00000098066	Tardbp	Actb	10090	0.49	0	0	0	0.073	0.077	0	0.452
10090.ENSMUSP00000081142	10090.ENSMUSP00000147767	Tardbp	Casp3	10090	0.494	0	0	0	0.044	0	0	0.493
10090.ENSMUSP00000081142	10090.ENSMUSP00000133302	Tardbp	Apoe	10090	0.497	0	0	0	0.054	0	0	0.491
10090.ENSMUSP00000081142	10090.ENSMUSP00000123564	Tardbp	Sort1	10090	0.504	0	0	0	0	0	0	0.504
10090.ENSMUSP00000081142	10090.ENSMUSP00000130023	Tardbp	Hnrnpf	10090	0.526	0	0	0	0.157	0.13	0	0.405
10090.ENSMUSP00000081142	10090.ENSMUSP00000115044	Tardbp	Sumo2	10090	0.56	0	0	0	0.107	0.103	0	0.494
10090.ENSMUSP00000081142	10090.ENSMUSP00000091921	Tardbp	Hsp90aa1	10090	0.566	0	0	0	0.172	0.132	0	0.444
10090.ENSMUSP00000081142	10090.ENSMUSP00000136858	Tardbp	Prpf19	10090	0.584	0	0	0	0.317	0.399	0	0.068
10090.ENSMUSP00000081142	10090.ENSMUSP00000086987	Tardbp	Snrpg	10090	0.625	0	0	0	0.388	0.272	0	0.227
10090.ENSMUSP00000081142	10090.ENSMUSP00000133728	Tardbp	Hnrnpl	10090	0.641	0	0	0	0.391	0.097	0	0.399
10090.ENSMUSP00000081142	10090.ENSMUSP00000133649	Tardbp	Syncrip	10090	0.642	0	0	0	0.397	0.103	0	0.391
10090.ENSMUSP00000081142	10090.ENSMUSP00000121005	Tardbp	Hnrnpdl	10090	0.651	0	0	0	0.386	0.299	0	0.254
10090.ENSMUSP00000081142	10090.ENSMUSP00000121557	Tardbp	Ndufv2	10090	0.677	0	0	0	0.09	0	0.65	0.067
10090.ENSMUSP00000081142	10090.ENSMUSP00000099509	Tardbp	Snrnp200	10090	0.737	0	0	0	0.229	0.399	0	0.478
10090.ENSMUSP00000081142	10090.ENSMUSP00000120115	Tardbp	Hnrnpm	10090	0.823	0	0	0	0.602	0.158	0	0.514
10090.ENSMUSP00000081142	10090.ENSMUSP00000112104	Tardbp	Hnrnpk	10090	0.911	0	0	0	0.604	0.245	0	0.727
10090.ENSMUSP00000081142	10090.ENSMUSP00000125761	Tardbp	Matr3	10090	0.988	0	0	0	0.282	0.127	0	0.983
10090.ENSMUSP00000081142	10090.ENSMUSP00000101858	Tardbp	Fus	10090	0.999	0	0	0	0.285	0.439	0	0.998
10090.ENSMUSP00000081782	10090.ENSMUSP00000099561	Ipo7	Mrto4	10090	0.423	0	0	0	0.252	0.221	0	0.09
10090.ENSMUSP00000081782	10090.ENSMUSP00000157948	Ipo7	Rps14	10090	0.434	0	0	0	0.042	0.374	0	0.132
10090.ENSMUSP00000081782	10090.ENSMUSP00000099509	Ipo7	Snrnp200	10090	0.447	0	0	0	0.333	0.175	0	0.076
10090.ENSMUSP00000081782	10090.ENSMUSP00000133649	Ipo7	Syncrip	10090	0.448	0	0	0	0.221	0.216	0	0.169
10090.ENSMUSP00000081782	10090.ENSMUSP00000091921	Ipo7	Hsp90aa1	10090	0.459	0	0	0	0.121	0.073	0	0.389
10090.ENSMUSP00000081782	10090.ENSMUSP00000134615	Ipo7	Rps28	10090	0.474	0	0	0	0.057	0.462	0	0.047
10090.ENSMUSP00000081782	10090.ENSMUSP00000120528	Ipo7	Rps20	10090	0.48	0	0	0	0.05	0.422	0	0.129
10090.ENSMUSP00000081782	10090.ENSMUSP00000096777	Ipo7	Eif2s2	10090	0.488	0	0	0	0.182	0.346	0	0.119
10090.ENSMUSP00000081782	10090.ENSMUSP00000099757	Ipo7	Rps8	10090	0.557	0	0	0	0.067	0.527	0	0.078
10090.ENSMUSP00000081782	10090.ENSMUSP00000104068	Ipo7	Rps19	10090	0.584	0	0	0	0.043	0.53	0	0.151
10090.ENSMUSP00000082652	10090.ENSMUSP00000117022	Anp32a	Nme1	10090	0.45	0	0	0	0.049	0	0	0.446
10090.ENSMUSP00000082652	10090.ENSMUSP00000099990	Anp32a	Anp32b	10090	0.73	0	0	0.06	0.086	0.331	0	0.586
10090.ENSMUSP00000082652	10090.ENSMUSP00000099930	Anp32a	Set	10090	0.963	0	0	0	0.142	0.364	0.8	0.703
10090.ENSMUSP00000082682	10090.ENSMUSP00000137440	Hmgb1	Canx	10090	0.4	0	0	0	0.212	0.072	0	0.246
10090.ENSMUSP00000082682	10090.ENSMUSP00000084043	Hmgb1	Spp1	10090	0.42	0	0	0	0.06	0	0	0.409
10090.ENSMUSP00000082682	10090.ENSMUSP00000109585	Hmgb1	Wdr5	10090	0.428	0	0	0	0.106	0.089	0	0.354
10090.ENSMUSP00000082682	10090.ENSMUSP00000133302	Hmgb1	Apoe	10090	0.443	0	0	0	0	0	0	0.443
10090.ENSMUSP00000082682	10090.ENSMUSP00000157948	Hmgb1	Rps14	10090	0.448	0	0	0	0.405	0.083	0	0.07
10090.ENSMUSP00000082682	10090.ENSMUSP00000104068	Hmgb1	Rps19	10090	0.494	0	0	0	0.377	0.098	0	0.17
10090.ENSMUSP00000082682	10090.ENSMUSP00000112104	Hmgb1	Hnrnpk	10090	0.501	0	0	0	0.413	0.093	0	0.138
10090.ENSMUSP00000082682	10090.ENSMUSP00000103904	Hmgb1	Lgals9	10090	0.524	0	0	0	0	0	0	0.524
10090.ENSMUSP00000082682	10090.ENSMUSP00000099930	Hmgb1	Set	10090	0.587	0	0	0	0.554	0.071	0	0.083
10090.ENSMUSP00000082682	10090.ENSMUSP00000091921	Hmgb1	Hsp90aa1	10090	0.633	0	0	0	0.248	0.061	0	0.523
10090.ENSMUSP00000082682	10090.ENSMUSP00000141132	Hmgb1	Stat1	10090	0.68	0	0	0	0.089	0.069	0	0.654
10090.ENSMUSP00000082682	10090.ENSMUSP00000147767	Hmgb1	Casp3	10090	0.684	0	0	0	0.109	0	0	0.66
10090.ENSMUSP00000082682	10090.ENSMUSP00000115044	Hmgb1	Sumo2	10090	0.726	0	0	0	0.69	0.116	0	0.079
10090.ENSMUSP00000082682	10090.ENSMUSP00000098066	Hmgb1	Actb	10090	0.739	0	0	0	0.285	0.127	0	0.615
10090.ENSMUSP00000082682	10090.ENSMUSP00000088056	Hmgb1	Ptprz1	10090	0.774	0	0	0	0	0.093	0	0.762
10090.ENSMUSP00000083620	10090.ENSMUSP00000113556	Col5a2	Itga3	10090	0.481	0	0	0	0.072	0.046	0	0.46
10090.ENSMUSP00000083620	10090.ENSMUSP00000110999	Col5a2	Timp1	10090	0.515	0	0	0	0.238	0.062	0	0.376
10090.ENSMUSP00000083620	10090.ENSMUSP00000090304	Col5a2	Lama2	10090	0.546	0	0	0	0.245	0.055	0	0.414
10090.ENSMUSP00000083620	10090.ENSMUSP00000097097	Col5a2	Ccdc80	10090	0.594	0	0	0	0.533	0.045	0	0.163
10090.ENSMUSP00000083620	10090.ENSMUSP00000101049	Col5a2	Col18a1	10090	0.708	0	0	0.107	0.084	0.06	0.4	0.464
10090.ENSMUSP00000083620	10090.ENSMUSP00000110411	Col5a2	Fstl1	10090	0.734	0	0	0	0.558	0	0	0.425
10090.ENSMUSP00000083620	10090.ENSMUSP00000099981	Col5a2	Col15a1	10090	0.736	0	0	0	0.242	0.06	0.4	0.455
10090.ENSMUSP00000083620	10090.ENSMUSP00000126390	Col5a2	Serpinh1	10090	0.912	0	0	0	0.398	0.351	0.5	0.602
10090.ENSMUSP00000083705	10090.ENSMUSP00000133245	Rplp0	Ddx46	10090	0.412	0	0	0	0.161	0.226	0	0.166
10090.ENSMUSP00000083705	10090.ENSMUSP00000143910	Rplp0	Eif4h	10090	0.427	0	0	0	0.229	0.192	0	0.154
10090.ENSMUSP00000083705	10090.ENSMUSP00000091921	Rplp0	Hsp90aa1	10090	0.428	0	0	0	0.173	0.089	0	0.302
10090.ENSMUSP00000083705	10090.ENSMUSP00000132082	Rplp0	Iars	10090	0.435	0	0	0	0.133	0	0	0.375
10090.ENSMUSP00000083705	10090.ENSMUSP00000101006	Rplp0	Atp5d	10090	0.436	0	0	0	0.324	0.076	0	0.169
10090.ENSMUSP00000083705	10090.ENSMUSP00000099482	Rplp0	Itpa	10090	0.445	0	0	0	0.147	0	0	0.376
10090.ENSMUSP00000083705	10090.ENSMUSP00000116108	Rplp0	Tcp1	10090	0.46	0	0	0	0.342	0.069	0	0.189
10090.ENSMUSP00000083705	10090.ENSMUSP00000130123	Rplp0	Gnb1	10090	0.472	0	0	0	0.118	0.301	0	0.212
10090.ENSMUSP00000083705	10090.ENSMUSP00000137440	Rplp0	Canx	10090	0.474	0	0	0	0.139	0	0	0.414
10090.ENSMUSP00000083705	10090.ENSMUSP00000130858	Rplp0	Tpi1	10090	0.526	0	0	0	0.242	0	0	0.4
10090.ENSMUSP00000083705	10090.ENSMUSP00000096777	Rplp0	Eif2s2	10090	0.589	0	0	0	0.297	0.066	0.4	0.081
10090.ENSMUSP00000083705	10090.ENSMUSP00000099587	Rplp0	Ppp1cc	10090	0.597	0	0	0	0.104	0.549	0	0.083
10090.ENSMUSP00000083705	10090.ENSMUSP00000084572	Rplp0	Vars	10090	0.602	0	0	0	0.372	0.066	0	0.376
10090.ENSMUSP00000083705	10090.ENSMUSP00000084387	Rplp0	Eif1ax	10090	0.732	0.062	0	0	0.418	0	0.5	0.137
10090.ENSMUSP00000083705	10090.ENSMUSP00000098066	Rplp0	Actb	10090	0.843	0	0	0	0.417	0.186	0	0.696
10090.ENSMUSP00000083705	10090.ENSMUSP00000114434	Rplp0	Pa2g4	10090	0.986	0.092	0	0	0.589	0.947	0	0.394
10090.ENSMUSP00000083705	10090.ENSMUSP00000118787	Rplp0	Rpl22	10090	0.995	0	0	0	0.651	0.961	0.5	0.443
10090.ENSMUSP00000083705	10090.ENSMUSP00000126294	Rplp0	Rps13	10090	0.999	0.062	0	0	0.984	0.99	0	0.42
10090.ENSMUSP00000083705	10090.ENSMUSP00000120528	Rplp0	Rps20	10090	0.999	0.116	0	0	0.984	0.99	0	0.632
10090.ENSMUSP00000083705	10090.ENSMUSP00000157948	Rplp0	Rps14	10090	0.999	0.101	0	0	0.961	0.96	0	0.514
10090.ENSMUSP00000083705	10090.ENSMUSP00000104068	Rplp0	Rps19	10090	0.999	0.12	0	0	0.984	0.99	0	0.525
10090.ENSMUSP00000083705	10090.ENSMUSP00000131489	Rplp0	Rpl14	10090	0.999	0	0	0	0.982	0.99	0	0.315
10090.ENSMUSP00000083705	10090.ENSMUSP00000134615	Rplp0	Rps28	10090	0.999	0	0	0	0.92	0.99	0	0.381
10090.ENSMUSP00000083705	10090.ENSMUSP00000147816	Rplp0	Rpl18	10090	0.999	0	0	0	0.984	0.99	0	0.567
10090.ENSMUSP00000083705	10090.ENSMUSP00000099757	Rplp0	Rps8	10090	0.999	0	0	0.234	0.973	0.99	0	0.526
10090.ENSMUSP00000083705	10090.ENSMUSP00000102870	Rplp0	Rpl27	10090	0.999	0	0	0	0.919	0.99	0	0.315
10090.ENSMUSP00000083705	10090.ENSMUSP00000103940	Rplp0	Rps16	10090	0.999	0.102	0	0	0.986	0.99	0	0.473
10090.ENSMUSP00000084043	10090.ENSMUSP00000141132	Spp1	Stat1	10090	0.423	0	0	0	0	0	0	0.423
10090.ENSMUSP00000084043	10090.ENSMUSP00000101049	Spp1	Col18a1	10090	0.432	0	0	0	0.115	0	0	0.385
10090.ENSMUSP00000084043	10090.ENSMUSP00000091505	Spp1	Npnt	10090	0.461	0	0	0	0	0	0	0.462
10090.ENSMUSP00000084043	10090.ENSMUSP00000088493	Spp1	Nes	10090	0.48	0	0	0	0	0	0	0.48
10090.ENSMUSP00000084043	10090.ENSMUSP00000147767	Spp1	Casp3	10090	0.493	0	0	0	0.043	0.093	0	0.463
10090.ENSMUSP00000084043	10090.ENSMUSP00000133302	Spp1	Apoe	10090	0.575	0	0	0	0.102	0	0	0.547
10090.ENSMUSP00000084043	10090.ENSMUSP00000098066	Spp1	Actb	10090	0.645	0	0	0	0.048	0	0	0.643
10090.ENSMUSP00000084043	10090.ENSMUSP00000118169	Spp1	Lgals3	10090	0.712	0	0	0	0.428	0	0	0.518
10090.ENSMUSP00000084043	10090.ENSMUSP00000113556	Spp1	Itga3	10090	0.759	0	0	0	0.078	0.064	0.65	0.297
10090.ENSMUSP00000084043	10090.ENSMUSP00000110999	Spp1	Timp1	10090	0.775	0	0	0	0.414	0	0	0.631
10090.ENSMUSP00000084043	10090.ENSMUSP00000087457	Spp1	Itgb1	10090	0.994	0	0	0	0.067	0.093	0.9	0.941
10090.ENSMUSP00000084387	10090.ENSMUSP00000114434	Eif1ax	Pa2g4	10090	0.416	0.061	0	0	0.389	0	0	0.064
10090.ENSMUSP00000084387	10090.ENSMUSP00000099757	Eif1ax	Rps8	10090	0.467	0	0	0	0.123	0.418	0	0
10090.ENSMUSP00000084387	10090.ENSMUSP00000086716	Eif1ax	Usp9x	10090	0.481	0	0	0	0.169	0	0	0.401
10090.ENSMUSP00000084387	10090.ENSMUSP00000099561	Eif1ax	Mrto4	10090	0.491	0.062	0	0	0.421	0	0	0.137
10090.ENSMUSP00000084387	10090.ENSMUSP00000104068	Eif1ax	Rps19	10090	0.506	0	0	0	0.139	0.418	0	0.093
10090.ENSMUSP00000084387	10090.ENSMUSP00000158375	Eif1ax	Txnl1	10090	0.518	0	0	0	0.466	0	0	0.135
10090.ENSMUSP00000084387	10090.ENSMUSP00000134615	Eif1ax	Rps28	10090	0.532	0	0	0	0.177	0.418	0	0.102
10090.ENSMUSP00000084387	10090.ENSMUSP00000147816	Eif1ax	Rpl18	10090	0.552	0	0	0	0.087	0	0.5	0.098
10090.ENSMUSP00000084387	10090.ENSMUSP00000102870	Eif1ax	Rpl27	10090	0.578	0.061	0	0	0.174	0	0.5	0
10090.ENSMUSP00000084387	10090.ENSMUSP00000118787	Eif1ax	Rpl22	10090	0.585	0	0	0	0.174	0	0.5	0.076
10090.ENSMUSP00000084387	10090.ENSMUSP00000131489	Eif1ax	Rpl14	10090	0.6	0.061	0	0	0.218	0	0.5	0
10090.ENSMUSP00000084387	10090.ENSMUSP00000126294	Eif1ax	Rps13	10090	0.615	0	0	0	0.313	0.414	0	0.12
10090.ENSMUSP00000084387	10090.ENSMUSP00000157948	Eif1ax	Rps14	10090	0.635	0.061	0	0	0.388	0.347	0	0.142
10090.ENSMUSP00000084387	10090.ENSMUSP00000103940	Eif1ax	Rps16	10090	0.67	0.061	0	0	0.394	0.418	0	0.123
10090.ENSMUSP00000084387	10090.ENSMUSP00000120528	Eif1ax	Rps20	10090	0.698	0.062	0	0	0.416	0.418	0	0.165
10090.ENSMUSP00000084387	10090.ENSMUSP00000096777	Eif1ax	Eif2s2	10090	0.857	0	0	0	0.449	0.416	0.5	0.218
10090.ENSMUSP00000084572	10090.ENSMUSP00000098295	Vars	Psmd9	10090	0.401	0.058	0	0	0.079	0	0	0.365
10090.ENSMUSP00000084572	10090.ENSMUSP00000116108	Vars	Tcp1	10090	0.408	0.055	0	0	0.163	0.114	0	0.255
10090.ENSMUSP00000084572	10090.ENSMUSP00000157948	Vars	Rps14	10090	0.409	0	0	0	0.15	0.06	0	0.32
10090.ENSMUSP00000084572	10090.ENSMUSP00000101924	Vars	Ppih	10090	0.415	0.059	0	0	0.152	0.259	0	0.128
10090.ENSMUSP00000084572	10090.ENSMUSP00000109257	Vars	Pin4	10090	0.424	0.052	0	0	0.066	0.068	0	0.385
10090.ENSMUSP00000084572	10090.ENSMUSP00000099757	Vars	Rps8	10090	0.452	0	0	0	0.229	0	0	0.319
10090.ENSMUSP00000084572	10090.ENSMUSP00000158738	Vars	Cct6a	10090	0.468	0.055	0	0	0.177	0.108	0	0.324
10090.ENSMUSP00000084572	10090.ENSMUSP00000126294	Vars	Rps13	10090	0.486	0.043	0	0	0.108	0	0	0.446
10090.ENSMUSP00000084572	10090.ENSMUSP00000087118	Vars	Mat2a	10090	0.504	0.062	0	0	0.097	0	0	0.462
10090.ENSMUSP00000084572	10090.ENSMUSP00000096777	Vars	Eif2s2	10090	0.518	0	0	0	0.24	0	0	0.392
10090.ENSMUSP00000084572	10090.ENSMUSP00000131489	Vars	Rpl14	10090	0.533	0	0	0	0.195	0.047	0	0.44
10090.ENSMUSP00000084572	10090.ENSMUSP00000120115	Vars	Hnrnpm	10090	0.55	0	0	0	0.111	0	0	0.515
10090.ENSMUSP00000084572	10090.ENSMUSP00000120528	Vars	Rps20	10090	0.574	0	0	0	0.237	0.064	0	0.452
10090.ENSMUSP00000084572	10090.ENSMUSP00000124579	Vars	Asl	10090	0.577	0.113	0	0	0.278	0	0	0.392
10090.ENSMUSP00000084572	10090.ENSMUSP00000103940	Vars	Rps16	10090	0.595	0	0	0	0.401	0.051	0	0.345
10090.ENSMUSP00000084572	10090.ENSMUSP00000130858	Vars	Tpi1	10090	0.595	0.048	0	0	0.153	0	0	0.538
10090.ENSMUSP00000084572	10090.ENSMUSP00000099561	Vars	Mrto4	10090	0.615	0	0	0	0.393	0.066	0	0.376
10090.ENSMUSP00000084572	10090.ENSMUSP00000132082	Vars	Iars	10090	0.951	0.119	0	0	0.733	0.451	0	0.669
10090.ENSMUSP00000084713	10090.ENSMUSP00000106481	Tuba3b	Dld	10090	0.43	0	0	0	0.396	0.083	0	0.053
10090.ENSMUSP00000084713	10090.ENSMUSP00000109815	Tuba3b	Chmp3	10090	0.499	0	0	0	0	0	0.5	0
10090.ENSMUSP00000084713	10090.ENSMUSP00000098066	Tuba3b	Actb	10090	0.551	0	0	0.229	0.053	0.14	0	0.37
10090.ENSMUSP00000084799	10090.ENSMUSP00000106090	Nif3l1	Cops2	10090	0.766	0	0	0	0.145	0.238	0	0.67
10090.ENSMUSP00000084882	10090.ENSMUSP00000127566	Gda	Guk1	10090	0.437	0	0	0	0	0	0	0.437
10090.ENSMUSP00000085244	10090.ENSMUSP00000102255	Tpp2	Nrd1	10090	0.737	0	0	0	0.153	0	0	0.702
10090.ENSMUSP00000085913	10090.ENSMUSP00000095169	Myl9	Csrp1	10090	0.471	0	0	0	0.411	0	0	0.138
10090.ENSMUSP00000085913	10090.ENSMUSP00000131514	Myl9	Isoc2a	10090	0.575	0	0	0	0	0.058	0	0.567
10090.ENSMUSP00000085913	10090.ENSMUSP00000113978	Myl9	Tpm3	10090	0.696	0	0	0	0.168	0.096	0.5	0.288
10090.ENSMUSP00000085913	10090.ENSMUSP00000099587	Myl9	Ppp1cc	10090	0.919	0	0	0	0	0.163	0.9	0.117
10090.ENSMUSP00000085913	10090.ENSMUSP00000131406	Myl9	Ppp1r12b	10090	0.937	0	0	0	0.055	0.102	0.9	0.345
10090.ENSMUSP00000085913	10090.ENSMUSP00000098066	Myl9	Actb	10090	0.94	0	0	0	0.121	0.126	0.9	0.319
10090.ENSMUSP00000085913	10090.ENSMUSP00000155052	Myl9	Myh11	10090	0.986	0	0	0	0.452	0.415	0.9	0.634
10090.ENSMUSP00000086542	10090.ENSMUSP00000097442	Nsfl1c	Mtr	10090	0.4	0	0	0	0	0	0.4	0
10090.ENSMUSP00000086542	10090.ENSMUSP00000117690	Nsfl1c	Tpd52l2	10090	0.411	0	0	0	0.226	0	0	0.27
10090.ENSMUSP00000086542	10090.ENSMUSP00000158375	Nsfl1c	Txnl1	10090	0.438	0	0	0	0.294	0.237	0	0
10090.ENSMUSP00000086542	10090.ENSMUSP00000133855	Nsfl1c	Gps1	10090	0.594	0	0	0	0.594	0	0	0
10090.ENSMUSP00000086542	10090.ENSMUSP00000102724	Nsfl1c	Plaa	10090	0.917	0	0	0	0.104	0.842	0	0.461
10090.ENSMUSP00000086701	10090.ENSMUSP00000140106	Uba3	Uchl5	10090	0.405	0	0	0	0.169	0	0	0.314
10090.ENSMUSP00000086701	10090.ENSMUSP00000102724	Uba3	Plaa	10090	0.42	0	0	0	0.375	0.045	0	0.106
10090.ENSMUSP00000086701	10090.ENSMUSP00000125415	Uba3	Mob4	10090	0.442	0	0	0	0.442	0	0	0
10090.ENSMUSP00000086701	10090.ENSMUSP00000109585	Uba3	Wdr5	10090	0.516	0	0	0	0.051	0	0.5	0.062
10090.ENSMUSP00000086701	10090.ENSMUSP00000115044	Uba3	Sumo2	10090	0.607	0	0	0	0.172	0.291	0	0.384
10090.ENSMUSP00000086701	10090.ENSMUSP00000114764	Uba3	Ube2v1	10090	0.633	0	0	0	0.077	0	0.5	0.269
10090.ENSMUSP00000086701	10090.ENSMUSP00000156121	Uba3	Ube2l3	10090	0.674	0.043	0	0	0.073	0.217	0.5	0.207
10090.ENSMUSP00000086701	10090.ENSMUSP00000111443	Uba3	Ube2v2	10090	0.709	0	0	0	0.236	0	0.5	0.3
10090.ENSMUSP00000086701	10090.ENSMUSP00000096932	Uba3	Ube2n	10090	0.738	0.043	0	0	0.16	0.217	0.5	0.296
10090.ENSMUSP00000086701	10090.ENSMUSP00000139480	Uba3	Eloc	10090	0.759	0	0	0	0.179	0	0.5	0.461
10090.ENSMUSP00000086701	10090.ENSMUSP00000106090	Uba3	Cops2	10090	0.759	0	0	0	0.711	0.059	0	0.186
10090.ENSMUSP00000086701	10090.ENSMUSP00000103817	Uba3	Dcun1d1	10090	0.777	0	0	0	0.092	0.066	0.5	0.537
10090.ENSMUSP00000086716	10090.ENSMUSP00000158375	Usp9x	Txnl1	10090	0.416	0	0	0	0.068	0	0.4	0
10090.ENSMUSP00000086716	10090.ENSMUSP00000128278	Usp9x	Iqgap1	10090	0.417	0	0	0	0.046	0	0.4	0.064
10090.ENSMUSP00000086716	10090.ENSMUSP00000113978	Usp9x	Tpm3	10090	0.427	0	0	0	0.079	0	0.4	0.047
10090.ENSMUSP00000086716	10090.ENSMUSP00000131406	Usp9x	Ppp1r12b	10090	0.444	0	0	0	0.082	0.078	0	0.396
10090.ENSMUSP00000086716	10090.ENSMUSP00000147619	Usp9x	Usp47	10090	0.558	0	0	0	0.231	0	0	0.449
10090.ENSMUSP00000086716	10090.ENSMUSP00000140106	Usp9x	Uchl5	10090	0.699	0	0	0	0.053	0	0	0.695
10090.ENSMUSP00000086796	10090.ENSMUSP00000091921	Pdxp	Hsp90aa1	10090	0.711	0	0	0	0.068	0.053	0	0.699
10090.ENSMUSP00000086987	10090.ENSMUSP00000133728	Snrpg	Hnrnpl	10090	0.42	0	0	0	0.382	0	0	0.099
10090.ENSMUSP00000086987	10090.ENSMUSP00000103940	Snrpg	Rps16	10090	0.422	0	0	0	0.411	0.059	0	0
10090.ENSMUSP00000086987	10090.ENSMUSP00000127774	Snrpg	Eif4b	10090	0.427	0	0	0	0.111	0.272	0	0.186
10090.ENSMUSP00000086987	10090.ENSMUSP00000131489	Snrpg	Rpl14	10090	0.444	0	0	0	0.261	0.071	0	0.255
10090.ENSMUSP00000086987	10090.ENSMUSP00000117616	Snrpg	Tpr	10090	0.458	0	0	0	0.134	0	0.4	0
10090.ENSMUSP00000086987	10090.ENSMUSP00000115044	Snrpg	Sumo2	10090	0.473	0	0	0	0.452	0	0	0.077
10090.ENSMUSP00000086987	10090.ENSMUSP00000134615	Snrpg	Rps28	10090	0.474	0	0	0	0.474	0	0	0
10090.ENSMUSP00000086987	10090.ENSMUSP00000129178	Snrpg	Pfdn5	10090	0.477	0	0	0	0.394	0	0	0.172
10090.ENSMUSP00000086987	10090.ENSMUSP00000143910	Snrpg	Eif4h	10090	0.494	0	0	0	0.143	0.272	0	0.255
10090.ENSMUSP00000086987	10090.ENSMUSP00000112104	Snrpg	Hnrnpk	10090	0.529	0	0	0	0.4	0.211	0	0.084
10090.ENSMUSP00000086987	10090.ENSMUSP00000126294	Snrpg	Rps13	10090	0.548	0	0	0	0.449	0.214	0	0
10090.ENSMUSP00000086987	10090.ENSMUSP00000102870	Snrpg	Rpl27	10090	0.641	0	0	0	0.63	0.071	0	0
10090.ENSMUSP00000086987	10090.ENSMUSP00000120115	Snrpg	Hnrnpm	10090	0.686	0	0	0	0.418	0.414	0	0.155
10090.ENSMUSP00000086987	10090.ENSMUSP00000101924	Snrpg	Ppih	10090	0.878	0	0	0	0.278	0.416	0.72	0.091
10090.ENSMUSP00000086987	10090.ENSMUSP00000129620	Snrpg	Erh	10090	0.901	0	0	0	0.661	0	0.72	0
10090.ENSMUSP00000086987	10090.ENSMUSP00000133245	Snrpg	Ddx46	10090	0.911	0	0	0	0.06	0.822	0.5	0.068
10090.ENSMUSP00000086987	10090.ENSMUSP00000114968	Snrpg	Plrg1	10090	0.992	0	0	0	0.085	0.97	0.72	0.152
10090.ENSMUSP00000086987	10090.ENSMUSP00000119841	Snrpg	Lsm6	10090	0.994	0	0	0	0.665	0.83	0.72	0.714
10090.ENSMUSP00000086987	10090.ENSMUSP00000099509	Snrpg	Snrnp200	10090	0.994	0	0	0	0.139	0.978	0.72	0
10090.ENSMUSP00000086987	10090.ENSMUSP00000136858	Snrpg	Prpf19	10090	0.996	0	0	0	0.26	0.982	0.72	0.132
10090.ENSMUSP00000086987	10090.ENSMUSP00000117947	Snrpg	Snrpa1	10090	0.997	0	0	0	0.334	0.978	0.72	0.409
10090.ENSMUSP00000087118	10090.ENSMUSP00000122623	Mat2a	Mri1	10090	0.442	0.12	0	0	0	0	0	0.392
10090.ENSMUSP00000087118	10090.ENSMUSP00000116108	Mat2a	Tcp1	10090	0.474	0	0	0	0.368	0.102	0	0.148
10090.ENSMUSP00000087118	10090.ENSMUSP00000130858	Mat2a	Tpi1	10090	0.504	0.12	0	0	0.061	0	0	0.448
10090.ENSMUSP00000087118	10090.ENSMUSP00000124579	Mat2a	Asl	10090	0.541	0.093	0	0	0.082	0	0	0.493
10090.ENSMUSP00000087118	10090.ENSMUSP00000097442	Mat2a	Mtr	10090	0.968	0.092	0	0	0	0	0.9	0.679
10090.ENSMUSP00000087457	10090.ENSMUSP00000112104	Itgb1	Hnrnpk	10090	0.414	0	0	0	0.103	0	0	0.373
10090.ENSMUSP00000087457	10090.ENSMUSP00000112570	Itgb1	Ddr1	10090	0.418	0	0	0	0.053	0	0	0.411
10090.ENSMUSP00000087457	10090.ENSMUSP00000099087	Itgb1	Adam17	10090	0.452	0	0	0	0.07	0.176	0	0.342
10090.ENSMUSP00000087457	10090.ENSMUSP00000133117	Itgb1	Fga	10090	0.458	0	0	0	0	0.048	0	0.455
10090.ENSMUSP00000087457	10090.ENSMUSP00000115062	Itgb1	Dsp	10090	0.463	0	0	0	0.065	0.269	0	0.278
10090.ENSMUSP00000087457	10090.ENSMUSP00000137440	Itgb1	Canx	10090	0.466	0	0	0	0.066	0.146	0	0.384
10090.ENSMUSP00000087457	10090.ENSMUSP00000109451	Itgb1	Arpc2	10090	0.504	0	0	0	0.054	0	0	0.498
10090.ENSMUSP00000087457	10090.ENSMUSP00000099981	Itgb1	Col15a1	10090	0.53	0	0	0	0.05	0.132	0	0.476
10090.ENSMUSP00000087457	10090.ENSMUSP00000099368	Itgb1	Cttn	10090	0.562	0	0	0	0.126	0.053	0	0.514
10090.ENSMUSP00000087457	10090.ENSMUSP00000147767	Itgb1	Casp3	10090	0.583	0	0	0	0.103	0	0	0.554
10090.ENSMUSP00000087457	10090.ENSMUSP00000146545	Itgb1	Adam9	10090	0.588	0	0	0	0.09	0.055	0	0.56
10090.ENSMUSP00000087457	10090.ENSMUSP00000091921	Itgb1	Hsp90aa1	10090	0.612	0	0	0	0.083	0	0	0.594
10090.ENSMUSP00000087457	10090.ENSMUSP00000088493	Itgb1	Nes	10090	0.64	0	0	0	0.079	0.063	0	0.616
10090.ENSMUSP00000087457	10090.ENSMUSP00000091505	Itgb1	Npnt	10090	0.667	0	0	0	0.057	0	0	0.661
10090.ENSMUSP00000087457	10090.ENSMUSP00000112472	Itgb1	Col6a4	10090	0.693	0	0	0	0.05	0.068	0.65	0.127
10090.ENSMUSP00000087457	10090.ENSMUSP00000105173	Itgb1	Vcan	10090	0.719	0	0	0	0.061	0	0	0.714
10090.ENSMUSP00000087457	10090.ENSMUSP00000101049	Itgb1	Col18a1	10090	0.737	0	0	0	0.069	0.168	0.5	0.401
10090.ENSMUSP00000087457	10090.ENSMUSP00000128278	Itgb1	Iqgap1	10090	0.766	0	0	0	0.113	0	0.4	0.597
10090.ENSMUSP00000087457	10090.ENSMUSP00000090304	Itgb1	Lama2	10090	0.802	0	0	0	0.042	0.107	0.65	0.418
10090.ENSMUSP00000087457	10090.ENSMUSP00000110999	Itgb1	Timp1	10090	0.925	0	0	0	0.073	0.051	0	0.922
10090.ENSMUSP00000087457	10090.ENSMUSP00000118169	Itgb1	Lgals3	10090	0.965	0	0	0	0.073	0.093	0	0.962
10090.ENSMUSP00000087457	10090.ENSMUSP00000098066	Itgb1	Actb	10090	0.981	0	0	0	0.079	0.102	0.9	0.8
10090.ENSMUSP00000087457	10090.ENSMUSP00000113556	Itgb1	Itga3	10090	0.999	0	0	0	0.082	0.581	0.9	0.995
10090.ENSMUSP00000088056	10090.ENSMUSP00000105173	Ptprz1	Vcan	10090	0.97	0	0	0	0.114	0.085	0	0.967
10090.ENSMUSP00000088493	10090.ENSMUSP00000149803	Nes	Cryab	10090	0.456	0	0	0	0.079	0	0	0.433
10090.ENSMUSP00000088493	10090.ENSMUSP00000114304	Nes	Aldh1l1	10090	0.488	0	0	0	0	0	0	0.488
10090.ENSMUSP00000088493	10090.ENSMUSP00000098066	Nes	Actb	10090	0.697	0	0	0	0	0.094	0	0.679
10090.ENSMUSP00000088493	10090.ENSMUSP00000147767	Nes	Casp3	10090	0.783	0	0	0	0	0.072	0	0.776
10090.ENSMUSP00000088964	10090.ENSMUSP00000126036	Arsb	Sumf2	10090	0.705	0	0	0.446	0.053	0.067	0.4	0.152
10090.ENSMUSP00000089801	10090.ENSMUSP00000098066	Lyz2	Actb	10090	0.437	0	0	0	0.05	0	0	0.432
10090.ENSMUSP00000089801	10090.ENSMUSP00000118169	Lyz2	Lgals3	10090	0.502	0	0	0	0.253	0	0	0.361
10090.ENSMUSP00000089801	10090.ENSMUSP00000133302	Lyz2	Apoe	10090	0.538	0	0	0	0.22	0	0	0.432
10090.ENSMUSP00000090130	10090.ENSMUSP00000156728	Vps26a	Tjp2	10090	0.422	0	0	0	0	0	0	0.423
10090.ENSMUSP00000090130	10090.ENSMUSP00000123564	Vps26a	Sort1	10090	0.819	0	0	0	0	0.183	0	0.788
10090.ENSMUSP00000090130	10090.ENSMUSP00000118751	Vps26a	Ankfy1	10090	0.846	0	0	0	0.077	0.281	0.72	0.271
10090.ENSMUSP00000090130	10090.ENSMUSP00000119102	Vps26a	Snx12	10090	0.952	0	0	0	0.136	0.607	0.54	0.73
10090.ENSMUSP00000090304	10090.ENSMUSP00000097442	Lama2	Mtr	10090	0.459	0	0	0	0	0	0	0.459
10090.ENSMUSP00000090304	10090.ENSMUSP00000099981	Lama2	Col15a1	10090	0.491	0	0	0	0.123	0	0	0.443
10090.ENSMUSP00000090304	10090.ENSMUSP00000118169	Lama2	Lgals3	10090	0.516	0	0	0	0	0.075	0.4	0.198
10090.ENSMUSP00000090304	10090.ENSMUSP00000113556	Lama2	Itga3	10090	0.806	0	0	0	0.049	0.166	0.65	0.385
10090.ENSMUSP00000090360	10090.ENSMUSP00000127566	Nt5c3b	Guk1	10090	0.902	0	0	0	0.065	0	0.9	0
10090.ENSMUSP00000090360	10090.ENSMUSP00000099482	Nt5c3b	Itpa	10090	0.91	0	0	0	0.066	0	0.9	0.12
10090.ENSMUSP00000090564	10090.ENSMUSP00000099490	Fbp1	Acaca	10090	0.421	0	0	0	0	0	0	0.421
10090.ENSMUSP00000090564	10090.ENSMUSP00000147674	Fbp1	Bpnt1	10090	0.456	0	0	0	0.053	0	0	0.449
10090.ENSMUSP00000090564	10090.ENSMUSP00000157520	Fbp1	Tkfc	10090	0.503	0	0	0	0.208	0	0	0.398
10090.ENSMUSP00000090564	10090.ENSMUSP00000106180	Fbp1	Sord	10090	0.532	0	0	0	0.159	0	0	0.466
10090.ENSMUSP00000090564	10090.ENSMUSP00000099938	Fbp1	Mdh1	10090	0.568	0	0	0	0.199	0.064	0	0.469
10090.ENSMUSP00000090564	10090.ENSMUSP00000130858	Fbp1	Tpi1	10090	0.754	0.099	0	0	0.206	0	0	0.683
10090.ENSMUSP00000090844	10090.ENSMUSP00000092157	Ap1g1	Sec31a	10090	0.412	0	0	0	0.159	0	0	0.329
10090.ENSMUSP00000090844	10090.ENSMUSP00000123564	Ap1g1	Sort1	10090	0.696	0	0	0	0.046	0	0.5	0.414
10090.ENSMUSP00000090844	10090.ENSMUSP00000106709	Ap1g1	Ap1s1	10090	0.994	0	0	0	0.045	0.835	0.9	0.702
10090.ENSMUSP00000091435	10090.ENSMUSP00000144235	Sept9	Sept11	10090	0.99	0	0	0.098	0.079	0.734	0.9	0.637
10090.ENSMUSP00000091921	10090.ENSMUSP00000139480	Hsp90aa1	Eloc	10090	0.441	0	0	0	0.116	0	0	0.393
10090.ENSMUSP00000091921	10090.ENSMUSP00000126390	Hsp90aa1	Serpinh1	10090	0.473	0	0	0	0.074	0	0	0.453
10090.ENSMUSP00000091921	10090.ENSMUSP00000130858	Hsp90aa1	Tpi1	10090	0.475	0	0	0	0.066	0.101	0	0.425
10090.ENSMUSP00000091921	10090.ENSMUSP00000126294	Hsp90aa1	Rps13	10090	0.482	0	0	0	0.152	0.284	0	0.214
10090.ENSMUSP00000091921	10090.ENSMUSP00000118169	Hsp90aa1	Lgals3	10090	0.491	0	0	0	0	0.082	0	0.469
10090.ENSMUSP00000091921	10090.ENSMUSP00000141132	Hsp90aa1	Stat1	10090	0.519	0	0	0	0.079	0.065	0	0.486
10090.ENSMUSP00000091921	10090.ENSMUSP00000128278	Hsp90aa1	Iqgap1	10090	0.527	0	0	0	0.044	0.046	0	0.524
10090.ENSMUSP00000091921	10090.ENSMUSP00000155052	Hsp90aa1	Myh11	10090	0.539	0	0	0	0	0.126	0	0.494
10090.ENSMUSP00000091921	10090.ENSMUSP00000099368	Hsp90aa1	Cttn	10090	0.55	0	0	0	0.061	0.086	0	0.518
10090.ENSMUSP00000091921	10090.ENSMUSP00000112104	Hsp90aa1	Hnrnpk	10090	0.563	0	0	0	0.429	0.051	0	0.258
10090.ENSMUSP00000091921	10090.ENSMUSP00000115044	Hsp90aa1	Sumo2	10090	0.583	0	0	0	0.242	0.259	0	0.317
10090.ENSMUSP00000091921	10090.ENSMUSP00000099391	Hsp90aa1	Ptges3l	10090	0.616	0	0	0	0.243	0.431	0	0.181
10090.ENSMUSP00000091921	10090.ENSMUSP00000158738	Hsp90aa1	Cct6a	10090	0.689	0	0	0	0.359	0.125	0	0.49
10090.ENSMUSP00000091921	10090.ENSMUSP00000125761	Hsp90aa1	Matr3	10090	0.694	0	0	0	0.559	0.065	0	0.317
10090.ENSMUSP00000091921	10090.ENSMUSP00000147767	Hsp90aa1	Casp3	10090	0.812	0	0	0	0	0.069	0	0.807
10090.ENSMUSP00000091921	10090.ENSMUSP00000123700	Hsp90aa1	Hyou1	10090	0.839	0	0	0	0.33	0.258	0	0.702
10090.ENSMUSP00000091921	10090.ENSMUSP00000137440	Hsp90aa1	Canx	10090	0.855	0	0	0	0.32	0.099	0	0.783
10090.ENSMUSP00000091921	10090.ENSMUSP00000098066	Hsp90aa1	Actb	10090	0.855	0	0	0	0.154	0.094	0	0.827
10090.ENSMUSP00000091921	10090.ENSMUSP00000116108	Hsp90aa1	Tcp1	10090	0.866	0	0	0	0.694	0.125	0	0.54
10090.ENSMUSP00000091921	10090.ENSMUSP00000149803	Hsp90aa1	Cryab	10090	0.941	0	0	0	0.112	0.051	0.4	0.897
10090.ENSMUSP00000091921	10090.ENSMUSP00000144413	Hsp90aa1	Hsph1	10090	0.95	0	0	0	0.6	0.408	0	0.808
10090.ENSMUSP00000091921	10090.ENSMUSP00000129730	Hsp90aa1	Dnaja1	10090	0.958	0.041	0	0	0.573	0.245	0.5	0.771
10090.ENSMUSP00000091921	10090.ENSMUSP00000130195	Hsp90aa1	St13	10090	0.995	0	0	0	0.34	0.288	0	0.991
10090.ENSMUSP00000092157	10090.ENSMUSP00000113978	Sec31a	Tpm3	10090	0.434	0	0	0	0.046	0	0	0.432
10090.ENSMUSP00000092157	10090.ENSMUSP00000137440	Sec31a	Canx	10090	0.772	0	0	0	0.132	0	0.5	0.517
10090.ENSMUSP00000093473	10090.ENSMUSP00000109585	Spin1	Wdr5	10090	0.467	0	0	0	0.047	0	0	0.464
10090.ENSMUSP00000093581	10090.ENSMUSP00000147816	Armt1	Rpl18	10090	0.432	0	0	0	0.042	0	0	0.432
10090.ENSMUSP00000095965	10090.ENSMUSP00000125478	Mbtps1	Man2c1	10090	0.424	0	0	0	0.142	0	0	0.356
10090.ENSMUSP00000095965	10090.ENSMUSP00000137440	Mbtps1	Canx	10090	0.476	0	0	0	0.061	0.102	0	0.428
10090.ENSMUSP00000096777	10090.ENSMUSP00000116108	Eif2s2	Tcp1	10090	0.444	0	0	0	0.441	0	0	0.046
10090.ENSMUSP00000096777	10090.ENSMUSP00000133649	Eif2s2	Syncrip	10090	0.448	0	0	0	0.24	0.283	0	0.068
10090.ENSMUSP00000096777	10090.ENSMUSP00000132082	Eif2s2	Iars	10090	0.498	0	0	0	0.242	0	0	0.365
10090.ENSMUSP00000096777	10090.ENSMUSP00000114434	Eif2s2	Pa2g4	10090	0.519	0	0	0	0.357	0.093	0	0.241
10090.ENSMUSP00000096777	10090.ENSMUSP00000102870	Eif2s2	Rpl27	10090	0.629	0	0	0	0.335	0	0.4	0.145
10090.ENSMUSP00000096777	10090.ENSMUSP00000118787	Eif2s2	Rpl22	10090	0.659	0	0	0	0.374	0	0.4	0.165
10090.ENSMUSP00000096777	10090.ENSMUSP00000136858	Eif2s2	Prpf19	10090	0.661	0	0.655	0	0.058	0	0	0
10090.ENSMUSP00000096777	10090.ENSMUSP00000131489	Eif2s2	Rpl14	10090	0.662	0	0	0	0.354	0	0.4	0.196
10090.ENSMUSP00000096777	10090.ENSMUSP00000147816	Eif2s2	Rpl18	10090	0.699	0	0	0	0.332	0	0.4	0.31
10090.ENSMUSP00000096777	10090.ENSMUSP00000143910	Eif2s2	Eif4h	10090	0.785	0	0	0	0.208	0	0.5	0.502
10090.ENSMUSP00000096777	10090.ENSMUSP00000127774	Eif2s2	Eif4b	10090	0.866	0	0	0	0.194	0	0.5	0.695
10090.ENSMUSP00000096777	10090.ENSMUSP00000111120	Eif2s2	Eif4g1	10090	0.87	0	0	0	0.106	0.534	0.5	0.45
10090.ENSMUSP00000096777	10090.ENSMUSP00000157948	Eif2s2	Rps14	10090	0.911	0	0	0	0.146	0.766	0.5	0.215
10090.ENSMUSP00000096777	10090.ENSMUSP00000126294	Eif2s2	Rps13	10090	0.932	0	0	0	0.261	0.827	0.5	0.07
10090.ENSMUSP00000096777	10090.ENSMUSP00000134615	Eif2s2	Rps28	10090	0.951	0	0	0	0.143	0.888	0.5	0.116
10090.ENSMUSP00000096777	10090.ENSMUSP00000099757	Eif2s2	Rps8	10090	0.971	0	0	0	0.367	0.915	0.5	0.081
10090.ENSMUSP00000096777	10090.ENSMUSP00000103940	Eif2s2	Rps16	10090	0.972	0	0	0	0.258	0.913	0.5	0.261
10090.ENSMUSP00000096777	10090.ENSMUSP00000104068	Eif2s2	Rps19	10090	0.973	0	0	0	0.227	0.935	0.5	0.073
10090.ENSMUSP00000096777	10090.ENSMUSP00000120528	Eif2s2	Rps20	10090	0.979	0	0	0	0.274	0.937	0.5	0.199
10090.ENSMUSP00000096932	10090.ENSMUSP00000140106	Ube2n	Uchl5	10090	0.421	0	0	0	0.13	0.1	0	0.319
10090.ENSMUSP00000096932	10090.ENSMUSP00000156121	Ube2n	Ube2l3	10090	0.715	0	0	0	0.307	0	0.5	0.244
10090.ENSMUSP00000096932	10090.ENSMUSP00000115044	Ube2n	Sumo2	10090	0.855	0	0	0	0.386	0.262	0.5	0.437
10090.ENSMUSP00000096932	10090.ENSMUSP00000111443	Ube2n	Ube2v2	10090	0.999	0	0	0	0.258	0.99	0.9	0.996
10090.ENSMUSP00000096932	10090.ENSMUSP00000114764	Ube2n	Ube2v1	10090	0.999	0	0	0	0.129	0.841	0.9	0.991
10090.ENSMUSP00000097097	10090.ENSMUSP00000104068	Ccdc80	Rps19	10090	0.425	0	0	0	0.089	0.333	0	0.13
10090.ENSMUSP00000097097	10090.ENSMUSP00000110411	Ccdc80	Fstl1	10090	0.427	0	0	0	0.393	0	0	0.094
10090.ENSMUSP00000097097	10090.ENSMUSP00000134615	Ccdc80	Rps28	10090	0.454	0	0	0	0.174	0.328	0	0.096
10090.ENSMUSP00000097442	10090.ENSMUSP00000122623	Mtr	Mri1	10090	0.482	0	0	0	0.271	0	0	0.319
10090.ENSMUSP00000097442	10090.ENSMUSP00000101825	Mtr	Kyat3	10090	0.912	0	0	0	0.067	0	0.9	0.14
10090.ENSMUSP00000097442	10090.ENSMUSP00000114304	Mtr	Aldh1l1	10090	0.942	0	0	0	0.053	0.083	0.9	0.42
10090.ENSMUSP00000097738	10090.ENSMUSP00000137440	Copz1	Canx	10090	0.403	0	0	0	0.403	0	0	0
10090.ENSMUSP00000098066	10090.ENSMUSP00000099757	Actb	Rps8	10090	0.401	0	0	0	0.135	0.164	0	0.237
10090.ENSMUSP00000098066	10090.ENSMUSP00000126294	Actb	Rps13	10090	0.407	0	0	0	0.173	0.067	0	0.293
10090.ENSMUSP00000098066	10090.ENSMUSP00000109815	Actb	Chmp3	10090	0.41	0	0	0	0.046	0.303	0	0.184
10090.ENSMUSP00000098066	10090.ENSMUSP00000108987	Actb	Cab39	10090	0.411	0	0	0	0.051	0	0	0.405
10090.ENSMUSP00000098066	10090.ENSMUSP00000133728	Actb	Hnrnpl	10090	0.429	0	0	0	0.052	0.252	0	0.259
10090.ENSMUSP00000098066	10090.ENSMUSP00000130660	Actb	Gba	10090	0.43	0	0	0	0	0	0	0.43
10090.ENSMUSP00000098066	10090.ENSMUSP00000147619	Actb	Usp47	10090	0.431	0	0	0	0	0	0	0.431
10090.ENSMUSP00000098066	10090.ENSMUSP00000115044	Actb	Sumo2	10090	0.437	0	0	0	0.115	0.11	0	0.343
10090.ENSMUSP00000098066	10090.ENSMUSP00000099087	Actb	Adam17	10090	0.44	0	0	0	0.043	0	0	0.439
10090.ENSMUSP00000098066	10090.ENSMUSP00000130858	Actb	Tpi1	10090	0.459	0	0	0	0.101	0.062	0	0.409
10090.ENSMUSP00000098066	10090.ENSMUSP00000099587	Actb	Ppp1cc	10090	0.48	0	0	0.293	0.067	0.175	0	0.156
10090.ENSMUSP00000098066	10090.ENSMUSP00000101858	Actb	Fus	10090	0.49	0	0	0	0.193	0	0	0.394
10090.ENSMUSP00000098066	10090.ENSMUSP00000099930	Actb	Set	10090	0.5	0	0	0	0.158	0.306	0	0.212
10090.ENSMUSP00000098066	10090.ENSMUSP00000120528	Actb	Rps20	10090	0.519	0	0	0	0.35	0.095	0	0.248
10090.ENSMUSP00000098066	10090.ENSMUSP00000120115	Actb	Hnrnpm	10090	0.522	0	0	0	0.073	0.053	0	0.499
10090.ENSMUSP00000098066	10090.ENSMUSP00000099490	Actb	Acaca	10090	0.526	0	0	0	0.056	0	0	0.518
10090.ENSMUSP00000098066	10090.ENSMUSP00000156728	Actb	Tjp2	10090	0.528	0	0	0	0	0	0	0.528
10090.ENSMUSP00000098066	10090.ENSMUSP00000147816	Actb	Rpl18	10090	0.53	0	0	0	0.35	0.054	0	0.296
10090.ENSMUSP00000098066	10090.ENSMUSP00000104068	Actb	Rps19	10090	0.531	0	0	0	0.345	0.085	0	0.279
10090.ENSMUSP00000098066	10090.ENSMUSP00000129178	Actb	Pfdn5	10090	0.533	0	0	0	0.133	0.103	0	0.448
10090.ENSMUSP00000098066	10090.ENSMUSP00000118169	Actb	Lgals3	10090	0.535	0	0	0	0.083	0.062	0	0.502
10090.ENSMUSP00000098066	10090.ENSMUSP00000116108	Actb	Tcp1	10090	0.61	0	0	0	0.154	0.42	0	0.267
10090.ENSMUSP00000098066	10090.ENSMUSP00000133302	Actb	Apoe	10090	0.612	0	0	0	0.053	0	0	0.608
10090.ENSMUSP00000098066	10090.ENSMUSP00000133649	Actb	Syncrip	10090	0.619	0	0	0	0.046	0.225	0	0.527
10090.ENSMUSP00000098066	10090.ENSMUSP00000149803	Actb	Cryab	10090	0.621	0	0	0	0.05	0.055	0	0.612
10090.ENSMUSP00000098066	10090.ENSMUSP00000110999	Actb	Timp1	10090	0.626	0	0	0	0.084	0	0	0.608
10090.ENSMUSP00000098066	10090.ENSMUSP00000112104	Actb	Hnrnpk	10090	0.644	0	0	0	0.335	0.166	0	0.41
10090.ENSMUSP00000098066	10090.ENSMUSP00000134615	Actb	Rps28	10090	0.665	0	0	0	0.563	0.162	0	0.159
10090.ENSMUSP00000098066	10090.ENSMUSP00000141132	Actb	Stat1	10090	0.706	0	0	0	0	0	0	0.706
10090.ENSMUSP00000098066	10090.ENSMUSP00000102870	Actb	Rpl27	10090	0.72	0	0	0	0.564	0.063	0	0.369
10090.ENSMUSP00000098066	10090.ENSMUSP00000137440	Actb	Canx	10090	0.74	0	0	0	0.151	0	0	0.706
10090.ENSMUSP00000098066	10090.ENSMUSP00000113556	Actb	Itga3	10090	0.769	0	0	0	0.046	0	0.65	0.366
10090.ENSMUSP00000098066	10090.ENSMUSP00000157948	Actb	Rps14	10090	0.78	0	0	0	0.687	0.169	0	0.221
10090.ENSMUSP00000098066	10090.ENSMUSP00000113978	Actb	Tpm3	10090	0.78	0	0	0	0.624	0.211	0	0.32
10090.ENSMUSP00000098066	10090.ENSMUSP00000109585	Actb	Wdr5	10090	0.794	0	0	0	0	0.079	0.72	0.268
10090.ENSMUSP00000098066	10090.ENSMUSP00000107795	Actb	Tmsb4x	10090	0.94	0	0	0	0.192	0.122	0.9	0.265
10090.ENSMUSP00000098066	10090.ENSMUSP00000099368	Actb	Cttn	10090	0.947	0	0	0	0	0.098	0.9	0.469
10090.ENSMUSP00000098066	10090.ENSMUSP00000137503	Actb	Actr3	10090	0.949	0	0	0	0.124	0.431	0.9	0.102
10090.ENSMUSP00000098066	10090.ENSMUSP00000109451	Actb	Arpc2	10090	0.95	0	0	0	0.146	0.277	0.9	0.288
10090.ENSMUSP00000098066	10090.ENSMUSP00000155052	Actb	Myh11	10090	0.954	0	0	0	0.087	0.237	0.9	0.42
10090.ENSMUSP00000098066	10090.ENSMUSP00000128278	Actb	Iqgap1	10090	0.97	0	0	0	0.108	0.294	0.9	0.58
10090.ENSMUSP00000098066	10090.ENSMUSP00000147767	Actb	Casp3	10090	0.99	0	0	0	0	0.072	0.9	0.903
10090.ENSMUSP00000098295	10090.ENSMUSP00000139480	Psmd9	Eloc	10090	0.422	0	0	0	0	0	0.4	0.077
10090.ENSMUSP00000098295	10090.ENSMUSP00000140106	Psmd9	Uchl5	10090	0.552	0	0	0	0.071	0	0.5	0.113
10090.ENSMUSP00000099087	10090.ENSMUSP00000147767	Adam17	Casp3	10090	0.411	0	0	0	0.046	0	0	0.408
10090.ENSMUSP00000099087	10090.ENSMUSP00000102255	Adam17	Nrd1	10090	0.424	0	0	0	0.066	0	0	0.408
10090.ENSMUSP00000099087	10090.ENSMUSP00000146545	Adam17	Adam9	10090	0.6	0	0	0	0.057	0	0	0.593
10090.ENSMUSP00000099087	10090.ENSMUSP00000110999	Adam17	Timp1	10090	0.796	0	0	0	0.047	0.262	0	0.734
10090.ENSMUSP00000099368	10090.ENSMUSP00000147767	Cttn	Casp3	10090	0.469	0	0	0	0.087	0.25	0	0.287
10090.ENSMUSP00000099368	10090.ENSMUSP00000113978	Cttn	Tpm3	10090	0.607	0	0	0	0.093	0.316	0	0.417
10090.ENSMUSP00000099368	10090.ENSMUSP00000128278	Cttn	Iqgap1	10090	0.627	0	0	0	0.066	0.059	0	0.609
10090.ENSMUSP00000099368	10090.ENSMUSP00000156728	Cttn	Tjp2	10090	0.732	0	0	0	0.077	0.134	0	0.691
10090.ENSMUSP00000099368	10090.ENSMUSP00000109451	Cttn	Arpc2	10090	0.782	0	0	0	0.1	0.33	0	0.667
10090.ENSMUSP00000099368	10090.ENSMUSP00000137503	Cttn	Actr3	10090	0.988	0	0	0	0.055	0.68	0.9	0.664
10090.ENSMUSP00000099391	10090.ENSMUSP00000137440	Ptges3l	Canx	10090	0.412	0	0	0	0.412	0	0	0
10090.ENSMUSP00000099482	10090.ENSMUSP00000101924	Itpa	Ppih	10090	0.402	0	0	0	0.198	0.13	0	0.212
10090.ENSMUSP00000099482	10090.ENSMUSP00000117509	Itpa	Gpd1l	10090	0.416	0.042	0	0	0	0	0	0.416
10090.ENSMUSP00000099482	10090.ENSMUSP00000099561	Itpa	Mrto4	10090	0.422	0	0	0	0.257	0	0	0.255
10090.ENSMUSP00000099482	10090.ENSMUSP00000152599	Itpa	Nudt14	10090	0.573	0	0	0	0.104	0	0	0.542
10090.ENSMUSP00000099482	10090.ENSMUSP00000117022	Itpa	Nme1	10090	0.938	0.081	0	0	0.178	0.051	0.9	0.271
10090.ENSMUSP00000099482	10090.ENSMUSP00000127566	Itpa	Guk1	10090	0.949	0.045	0	0	0.225	0	0.9	0.394
10090.ENSMUSP00000099490	10090.ENSMUSP00000109451	Acaca	Arpc2	10090	0.475	0	0.475	0	0	0	0	0
10090.ENSMUSP00000099490	10090.ENSMUSP00000153064	Acaca	Hmgcs1	10090	0.645	0	0	0	0.22	0	0	0.563
10090.ENSMUSP00000099490	10090.ENSMUSP00000123765	Acaca	Sucla2	10090	0.863	0	0	0	0.098	0	0.8	0.303
10090.ENSMUSP00000099509	10090.ENSMUSP00000127774	Snrnp200	Eif4b	10090	0.408	0	0	0	0.209	0.264	0	0.065
10090.ENSMUSP00000099509	10090.ENSMUSP00000133649	Snrnp200	Syncrip	10090	0.459	0	0	0	0.143	0.221	0	0.254
10090.ENSMUSP00000099509	10090.ENSMUSP00000112104	Snrnp200	Hnrnpk	10090	0.482	0	0	0	0.208	0.237	0	0.21
10090.ENSMUSP00000099509	10090.ENSMUSP00000111120	Snrnp200	Eif4g1	10090	0.519	0	0	0	0.465	0.081	0	0.1
10090.ENSMUSP00000099509	10090.ENSMUSP00000130023	Snrnp200	Hnrnpf	10090	0.538	0	0	0	0.123	0.312	0	0.296
10090.ENSMUSP00000099509	10090.ENSMUSP00000132082	Snrnp200	Iars	10090	0.542	0	0	0	0.084	0	0	0.521
10090.ENSMUSP00000099509	10090.ENSMUSP00000115044	Snrnp200	Sumo2	10090	0.551	0	0	0	0.101	0.1	0	0.489
10090.ENSMUSP00000099509	10090.ENSMUSP00000120115	Snrnp200	Hnrnpm	10090	0.576	0	0	0	0.194	0.296	0	0.312
10090.ENSMUSP00000099509	10090.ENSMUSP00000101858	Snrnp200	Fus	10090	0.684	0	0	0	0.243	0.247	0	0.49
10090.ENSMUSP00000099509	10090.ENSMUSP00000133245	Snrnp200	Ddx46	10090	0.74	0	0	0	0.115	0.122	0	0.693
10090.ENSMUSP00000099509	10090.ENSMUSP00000101924	Snrnp200	Ppih	10090	0.865	0	0	0	0.084	0.416	0.72	0.206
10090.ENSMUSP00000099509	10090.ENSMUSP00000114968	Snrnp200	Plrg1	10090	0.992	0	0	0	0.122	0.983	0	0.527
10090.ENSMUSP00000099509	10090.ENSMUSP00000119841	Snrnp200	Lsm6	10090	0.993	0	0	0	0	0.978	0.72	0.077
10090.ENSMUSP00000099509	10090.ENSMUSP00000136858	Snrnp200	Prpf19	10090	0.996	0	0	0	0.169	0.984	0.54	0.467
10090.ENSMUSP00000099509	10090.ENSMUSP00000117947	Snrnp200	Snrpa1	10090	0.997	0	0	0	0.115	0.978	0.72	0.577
10090.ENSMUSP00000099561	10090.ENSMUSP00000130123	Mrto4	Gnb1	10090	0.402	0	0	0	0.095	0.274	0	0.163
10090.ENSMUSP00000099561	10090.ENSMUSP00000132082	Mrto4	Iars	10090	0.41	0	0	0	0.172	0	0	0.317
10090.ENSMUSP00000099561	10090.ENSMUSP00000143910	Mrto4	Eif4h	10090	0.424	0	0	0	0.172	0.192	0	0.208
10090.ENSMUSP00000099561	10090.ENSMUSP00000158738	Mrto4	Cct6a	10090	0.426	0	0	0	0.348	0.069	0	0.131
10090.ENSMUSP00000099561	10090.ENSMUSP00000117022	Mrto4	Nme1	10090	0.441	0	0	0	0.369	0	0	0.15
10090.ENSMUSP00000099561	10090.ENSMUSP00000133245	Mrto4	Ddx46	10090	0.471	0	0	0	0.177	0.226	0	0.237
10090.ENSMUSP00000099561	10090.ENSMUSP00000130858	Mrto4	Tpi1	10090	0.496	0	0	0	0.245	0	0	0.36
10090.ENSMUSP00000099561	10090.ENSMUSP00000109312	Mrto4	Myg1	10090	0.52	0	0	0	0.52	0	0	0
10090.ENSMUSP00000099561	10090.ENSMUSP00000118787	Mrto4	Rpl22	10090	0.846	0	0	0	0.346	0.714	0	0.246
10090.ENSMUSP00000099561	10090.ENSMUSP00000126294	Mrto4	Rps13	10090	0.878	0.062	0	0	0.653	0.56	0	0.254
10090.ENSMUSP00000099561	10090.ENSMUSP00000103940	Mrto4	Rps16	10090	0.878	0.102	0	0	0.636	0.56	0	0.254
10090.ENSMUSP00000099561	10090.ENSMUSP00000157948	Mrto4	Rps14	10090	0.895	0.101	0	0	0.638	0.56	0	0.354
10090.ENSMUSP00000099561	10090.ENSMUSP00000120528	Mrto4	Rps20	10090	0.934	0.116	0	0	0.698	0.652	0	0.378
10090.ENSMUSP00000099561	10090.ENSMUSP00000102870	Mrto4	Rpl27	10090	0.934	0	0	0	0.608	0.819	0	0.144
10090.ENSMUSP00000099561	10090.ENSMUSP00000131489	Mrto4	Rpl14	10090	0.94	0	0	0	0.6	0.821	0	0.238
10090.ENSMUSP00000099561	10090.ENSMUSP00000134615	Mrto4	Rps28	10090	0.966	0	0	0	0.803	0.787	0	0.255
10090.ENSMUSP00000099561	10090.ENSMUSP00000104068	Mrto4	Rps19	10090	0.967	0.12	0	0	0.821	0.788	0	0.141
10090.ENSMUSP00000099561	10090.ENSMUSP00000099757	Mrto4	Rps8	10090	0.969	0	0	0	0.816	0.787	0	0.281
10090.ENSMUSP00000099561	10090.ENSMUSP00000114434	Mrto4	Pa2g4	10090	0.97	0.092	0	0	0.684	0.827	0	0.473
10090.ENSMUSP00000099561	10090.ENSMUSP00000147816	Mrto4	Rpl18	10090	0.975	0	0	0	0.821	0.821	0	0.288
10090.ENSMUSP00000099587	10090.ENSMUSP00000131489	Ppp1cc	Rpl14	10090	0.5	0	0	0	0.083	0.455	0	0.081
10090.ENSMUSP00000099587	10090.ENSMUSP00000112304	Ppp1cc	Mad2l1	10090	0.659	0	0	0	0.152	0.103	0.5	0.21
10090.ENSMUSP00000099587	10090.ENSMUSP00000131406	Ppp1cc	Ppp1r12b	10090	0.961	0	0	0	0.085	0.472	0.9	0.304
10090.ENSMUSP00000099757	10090.ENSMUSP00000113560	Rps8	Wdr61	10090	0.432	0	0	0	0.057	0.416	0	0.053
10090.ENSMUSP00000099757	10090.ENSMUSP00000118169	Rps8	Lgals3	10090	0.447	0	0	0	0.107	0.075	0	0.385
10090.ENSMUSP00000099757	10090.ENSMUSP00000116108	Rps8	Tcp1	10090	0.488	0	0	0	0.456	0.085	0	0.053
10090.ENSMUSP00000099757	10090.ENSMUSP00000143910	Rps8	Eif4h	10090	0.548	0	0	0	0.18	0.416	0	0.132
10090.ENSMUSP00000099757	10090.ENSMUSP00000133649	Rps8	Syncrip	10090	0.595	0	0	0	0.355	0.376	0	0.074
10090.ENSMUSP00000099757	10090.ENSMUSP00000111120	Rps8	Eif4g1	10090	0.642	0	0	0	0.107	0.534	0	0.209
10090.ENSMUSP00000099757	10090.ENSMUSP00000127774	Rps8	Eif4b	10090	0.77	0	0	0	0.146	0.534	0	0.47
10090.ENSMUSP00000099757	10090.ENSMUSP00000114434	Rps8	Pa2g4	10090	0.874	0	0	0	0.305	0.802	0	0.16
10090.ENSMUSP00000099757	10090.ENSMUSP00000103940	Rps8	Rps16	10090	0.999	0	0	0	0.975	0.99	0.8	0.866
10090.ENSMUSP00000099757	10090.ENSMUSP00000102870	Rps8	Rpl27	10090	0.999	0	0	0	0.94	0.991	0	0.547
10090.ENSMUSP00000099757	10090.ENSMUSP00000147816	Rps8	Rpl18	10090	0.999	0	0	0	0.985	0.99	0	0.718
10090.ENSMUSP00000099757	10090.ENSMUSP00000134615	Rps8	Rps28	10090	0.999	0	0	0	0.96	0.99	0.8	0.717
10090.ENSMUSP00000099757	10090.ENSMUSP00000104068	Rps8	Rps19	10090	0.999	0	0	0	0.986	0.99	0.8	0.776
10090.ENSMUSP00000099757	10090.ENSMUSP00000157948	Rps8	Rps14	10090	0.999	0	0	0	0.961	0.976	0.8	0.809
10090.ENSMUSP00000099757	10090.ENSMUSP00000131489	Rps8	Rpl14	10090	0.999	0	0	0	0.976	0.99	0	0.852
10090.ENSMUSP00000099757	10090.ENSMUSP00000118787	Rps8	Rpl22	10090	0.999	0	0	0	0.913	0.962	0	0.807
10090.ENSMUSP00000099757	10090.ENSMUSP00000120528	Rps8	Rps20	10090	0.999	0	0	0	0.985	0.99	0.8	0.595
10090.ENSMUSP00000099757	10090.ENSMUSP00000126294	Rps8	Rps13	10090	0.999	0	0	0	0.986	0.99	0.8	0.801
10090.ENSMUSP00000099859	10090.ENSMUSP00000158375	Ublcp1	Txnl1	10090	0.433	0	0	0	0.123	0.366	0	0.061
10090.ENSMUSP00000099859	10090.ENSMUSP00000102724	Ublcp1	Plaa	10090	0.549	0	0	0	0.224	0.371	0	0.151
10090.ENSMUSP00000099859	10090.ENSMUSP00000140106	Ublcp1	Uchl5	10090	0.73	0	0	0	0.087	0.545	0	0.401
10090.ENSMUSP00000099930	10090.ENSMUSP00000099990	Set	Anp32b	10090	0.475	0	0	0	0.294	0.102	0	0.238
10090.ENSMUSP00000099930	10090.ENSMUSP00000117022	Set	Nme1	10090	0.485	0	0	0	0.169	0.088	0	0.375
10090.ENSMUSP00000099930	10090.ENSMUSP00000116108	Set	Tcp1	10090	0.497	0	0	0	0.318	0.292	0	0
10090.ENSMUSP00000099930	10090.ENSMUSP00000112104	Set	Hnrnpk	10090	0.587	0	0	0	0.266	0	0	0.461
10090.ENSMUSP00000099938	10090.ENSMUSP00000101006	Mdh1	Atp5d	10090	0.436	0.061	0	0	0.285	0	0	0.226
10090.ENSMUSP00000099938	10090.ENSMUSP00000117509	Mdh1	Gpd1l	10090	0.448	0.049	0	0	0.05	0.069	0	0.421
10090.ENSMUSP00000099938	10090.ENSMUSP00000106481	Mdh1	Dld	10090	0.643	0.061	0	0	0.418	0.058	0	0.388
10090.ENSMUSP00000099938	10090.ENSMUSP00000130858	Mdh1	Tpi1	10090	0.705	0.062	0	0	0.252	0.079	0	0.598
10090.ENSMUSP00000099938	10090.ENSMUSP00000123765	Mdh1	Sucla2	10090	0.74	0.062	0	0	0.595	0.09	0	0.338
10090.ENSMUSP00000099938	10090.ENSMUSP00000121557	Mdh1	Ndufv2	10090	0.844	0	0	0	0.834	0	0	0.104
10090.ENSMUSP00000099938	10090.ENSMUSP00000124579	Mdh1	Asl	10090	0.848	0.041	0	0	0.113	0.093	0.8	0.17
10090.ENSMUSP00000099981	10090.ENSMUSP00000126390	Col15a1	Serpinh1	10090	0.662	0	0	0	0.168	0	0.5	0.254
10090.ENSMUSP00000099981	10090.ENSMUSP00000101049	Col15a1	Col18a1	10090	0.867	0	0	0.104	0.071	0	0.8	0.295
10090.ENSMUSP00000101006	10090.ENSMUSP00000117022	Atp5d	Nme1	10090	0.402	0	0	0	0.305	0.064	0	0.155
10090.ENSMUSP00000101006	10090.ENSMUSP00000123765	Atp5d	Sucla2	10090	0.424	0.053	0	0	0.071	0	0	0.398
10090.ENSMUSP00000101006	10090.ENSMUSP00000126294	Atp5d	Rps13	10090	0.483	0.065	0	0	0.339	0	0	0.231
10090.ENSMUSP00000101006	10090.ENSMUSP00000157948	Atp5d	Rps14	10090	0.495	0	0	0	0.35	0	0	0.255
10090.ENSMUSP00000101006	10090.ENSMUSP00000103940	Atp5d	Rps16	10090	0.53	0	0	0	0.345	0	0	0.311
10090.ENSMUSP00000101006	10090.ENSMUSP00000106481	Atp5d	Dld	10090	0.561	0.062	0	0	0.308	0.31	0	0.137
10090.ENSMUSP00000101006	10090.ENSMUSP00000120528	Atp5d	Rps20	10090	0.587	0	0	0	0.41	0	0	0.329
10090.ENSMUSP00000101006	10090.ENSMUSP00000130858	Atp5d	Tpi1	10090	0.658	0.101	0	0	0.313	0	0	0.49
10090.ENSMUSP00000101006	10090.ENSMUSP00000121557	Atp5d	Ndufv2	10090	0.964	0	0	0	0.839	0.343	0	0.686
10090.ENSMUSP00000101049	10090.ENSMUSP00000110999	Col18a1	Timp1	10090	0.57	0	0	0	0.093	0	0	0.546
10090.ENSMUSP00000101049	10090.ENSMUSP00000126390	Col18a1	Serpinh1	10090	0.636	0	0	0	0.129	0	0.5	0.232
10090.ENSMUSP00000101049	10090.ENSMUSP00000113556	Col18a1	Itga3	10090	0.772	0	0	0	0.079	0.088	0.5	0.522
10090.ENSMUSP00000101825	10090.ENSMUSP00000146030	Kyat3	Txnrd2	10090	0.913	0	0	0	0.062	0.058	0.9	0.137
10090.ENSMUSP00000101858	10090.ENSMUSP00000121005	Fus	Hnrnpdl	10090	0.661	0	0	0	0.167	0.389	0	0.387
10090.ENSMUSP00000101858	10090.ENSMUSP00000130023	Fus	Hnrnpf	10090	0.688	0	0	0	0.15	0.116	0.4	0.391
10090.ENSMUSP00000101858	10090.ENSMUSP00000133649	Fus	Syncrip	10090	0.706	0	0	0	0.161	0.496	0	0.36
10090.ENSMUSP00000101858	10090.ENSMUSP00000120115	Fus	Hnrnpm	10090	0.772	0	0	0	0.269	0.244	0	0.62
10090.ENSMUSP00000101858	10090.ENSMUSP00000133728	Fus	Hnrnpl	10090	0.875	0	0	0	0.153	0.294	0.4	0.694
10090.ENSMUSP00000101858	10090.ENSMUSP00000112104	Fus	Hnrnpk	10090	0.895	0	0	0	0.336	0.326	0.4	0.657
10090.ENSMUSP00000101858	10090.ENSMUSP00000125761	Fus	Matr3	10090	0.906	0	0	0	0.133	0.18	0	0.879
10090.ENSMUSP00000101924	10090.ENSMUSP00000114968	Ppih	Plrg1	10090	0.412	0	0	0	0.147	0.303	0	0.091
10090.ENSMUSP00000101924	10090.ENSMUSP00000136858	Ppih	Prpf19	10090	0.488	0	0	0	0.054	0.384	0	0.192
10090.ENSMUSP00000101924	10090.ENSMUSP00000117947	Ppih	Snrpa1	10090	0.568	0	0	0	0.283	0.416	0	0.052
10090.ENSMUSP00000101924	10090.ENSMUSP00000119841	Ppih	Lsm6	10090	0.876	0	0	0	0.237	0.47	0.72	0
10090.ENSMUSP00000102255	10090.ENSMUSP00000152229	Nrd1	Pitrm1	10090	0.473	0	0	0	0.061	0.069	0	0.446
10090.ENSMUSP00000102342	10090.ENSMUSP00000107760	Lrp8	Pzp	10090	0.626	0	0.005	0	0.052	0.095	0	0.6
10090.ENSMUSP00000102342	10090.ENSMUSP00000133302	Lrp8	Apoe	10090	0.996	0	0	0	0	0.272	0.4	0.993
10090.ENSMUSP00000102716	10090.ENSMUSP00000126298	Bola1	Timm9	10090	0.511	0	0	0	0.475	0	0	0.106
10090.ENSMUSP00000102716	10090.ENSMUSP00000113637	Bola1	Nfu1	10090	0.844	0	0	0	0.081	0.122	0	0.822
10090.ENSMUSP00000102724	10090.ENSMUSP00000124291	Plaa	Naa50	10090	0.401	0	0	0	0.401	0	0	0
10090.ENSMUSP00000102724	10090.ENSMUSP00000106090	Plaa	Cops2	10090	0.463	0	0	0	0.456	0	0	0.053
10090.ENSMUSP00000102724	10090.ENSMUSP00000152229	Plaa	Pitrm1	10090	0.466	0	0	0	0.145	0.059	0	0.39
10090.ENSMUSP00000102724	10090.ENSMUSP00000147619	Plaa	Usp47	10090	0.612	0	0	0	0.293	0	0	0.473
10090.ENSMUSP00000102870	10090.ENSMUSP00000116108	Rpl27	Tcp1	10090	0.415	0	0	0	0.376	0	0	0.101
10090.ENSMUSP00000102870	10090.ENSMUSP00000117022	Rpl27	Nme1	10090	0.426	0	0	0	0.405	0.069	0	0.047
10090.ENSMUSP00000102870	10090.ENSMUSP00000113560	Rpl27	Wdr61	10090	0.429	0	0	0	0.063	0.416	0	0
10090.ENSMUSP00000102870	10090.ENSMUSP00000124291	Rpl27	Naa50	10090	0.46	0	0	0	0.114	0.416	0	0
10090.ENSMUSP00000102870	10090.ENSMUSP00000129178	Rpl27	Pfdn5	10090	0.57	0.061	0	0	0.551	0	0	0.062
10090.ENSMUSP00000102870	10090.ENSMUSP00000114434	Rpl27	Pa2g4	10090	0.984	0.074	0	0	0.39	0.974	0	0.09
10090.ENSMUSP00000102870	10090.ENSMUSP00000103940	Rpl27	Rps16	10090	0.999	0.084	0	0	0.972	0.991	0	0.592
10090.ENSMUSP00000102870	10090.ENSMUSP00000131489	Rpl27	Rpl14	10090	0.999	0	0	0	0.947	0.99	0	0.698
10090.ENSMUSP00000102870	10090.ENSMUSP00000104068	Rpl27	Rps19	10090	0.999	0	0	0	0.95	0.99	0	0.802
10090.ENSMUSP00000102870	10090.ENSMUSP00000157948	Rpl27	Rps14	10090	0.999	0.084	0	0	0.956	0.961	0	0.61
10090.ENSMUSP00000102870	10090.ENSMUSP00000147816	Rpl27	Rpl18	10090	0.999	0.07	0	0	0.974	0.99	0	0.8
10090.ENSMUSP00000102870	10090.ENSMUSP00000134615	Rpl27	Rps28	10090	0.999	0	0	0	0.978	0.991	0	0.826
10090.ENSMUSP00000102870	10090.ENSMUSP00000120528	Rpl27	Rps20	10090	0.999	0.093	0	0	0.975	0.99	0	0.813
10090.ENSMUSP00000102870	10090.ENSMUSP00000126294	Rpl27	Rps13	10090	0.999	0	0	0	0.969	0.991	0	0.805
10090.ENSMUSP00000102870	10090.ENSMUSP00000118787	Rpl27	Rpl22	10090	0.999	0	0	0	0.83	0.973	0.5	0.696
10090.ENSMUSP00000103068	10090.ENSMUSP00000130858	Alad	Tpi1	10090	0.417	0.077	0	0	0.053	0	0	0.387
10090.ENSMUSP00000103068	10090.ENSMUSP00000132082	Alad	Iars	10090	0.448	0	0	0	0.043	0	0	0.447
10090.ENSMUSP00000103817	10090.ENSMUSP00000133855	Dcun1d1	Gps1	10090	0.421	0	0	0	0.048	0	0.4	0.069
10090.ENSMUSP00000103817	10090.ENSMUSP00000109585	Dcun1d1	Wdr5	10090	0.5	0	0	0	0.042	0	0.5	0
10090.ENSMUSP00000103817	10090.ENSMUSP00000106090	Dcun1d1	Cops2	10090	0.568	0	0	0	0.167	0	0.4	0.205
10090.ENSMUSP00000103817	10090.ENSMUSP00000139480	Dcun1d1	Eloc	10090	0.591	0	0	0	0.103	0.087	0.5	0.12
10090.ENSMUSP00000103904	10090.ENSMUSP00000141132	Lgals9	Stat1	10090	0.548	0	0	0	0.331	0	0	0.352
10090.ENSMUSP00000103904	10090.ENSMUSP00000118169	Lgals9	Lgals3	10090	0.628	0	0	0	0.094	0.363	0	0.408
10090.ENSMUSP00000103940	10090.ENSMUSP00000132082	Rps16	Iars	10090	0.408	0.081	0	0	0.121	0.064	0	0.308
10090.ENSMUSP00000103940	10090.ENSMUSP00000115044	Rps16	Sumo2	10090	0.424	0	0	0	0.335	0.117	0	0.098
10090.ENSMUSP00000103940	10090.ENSMUSP00000113560	Rps16	Wdr61	10090	0.428	0	0	0	0.061	0.416	0	0.042
10090.ENSMUSP00000103940	10090.ENSMUSP00000133649	Rps16	Syncrip	10090	0.473	0	0	0	0.279	0.292	0	0.052
10090.ENSMUSP00000103940	10090.ENSMUSP00000117022	Rps16	Nme1	10090	0.521	0.042	0	0	0.348	0.277	0	0.064
10090.ENSMUSP00000103940	10090.ENSMUSP00000129178	Rps16	Pfdn5	10090	0.54	0	0	0	0.54	0	0	0
10090.ENSMUSP00000103940	10090.ENSMUSP00000143910	Rps16	Eif4h	10090	0.579	0	0	0	0.274	0.426	0	0.072
10090.ENSMUSP00000103940	10090.ENSMUSP00000111120	Rps16	Eif4g1	10090	0.637	0	0	0	0.049	0.558	0	0.207
10090.ENSMUSP00000103940	10090.ENSMUSP00000127774	Rps16	Eif4b	10090	0.672	0	0	0	0.211	0.55	0	0.15
10090.ENSMUSP00000103940	10090.ENSMUSP00000114434	Rps16	Pa2g4	10090	0.92	0.084	0	0	0.505	0.767	0	0.338
10090.ENSMUSP00000103940	10090.ENSMUSP00000118787	Rps16	Rpl22	10090	0.994	0	0	0	0.682	0.962	0	0.598
10090.ENSMUSP00000103940	10090.ENSMUSP00000104068	Rps16	Rps19	10090	0.999	0	0	0	0.979	0.99	0.8	0.859
10090.ENSMUSP00000103940	10090.ENSMUSP00000157948	Rps16	Rps14	10090	0.999	0.092	0	0	0.971	0.985	0.8	0.778
10090.ENSMUSP00000103940	10090.ENSMUSP00000131489	Rps16	Rpl14	10090	0.999	0.084	0	0	0.985	0.99	0	0.675
10090.ENSMUSP00000103940	10090.ENSMUSP00000147816	Rps16	Rpl18	10090	0.999	0.119	0	0	0.981	0.99	0	0.786
10090.ENSMUSP00000103940	10090.ENSMUSP00000134615	Rps16	Rps28	10090	0.999	0.062	0	0	0.985	0.99	0.8	0.62
10090.ENSMUSP00000103940	10090.ENSMUSP00000120528	Rps16	Rps20	10090	0.999	0.102	0	0	0.986	0.99	0.8	0.875
10090.ENSMUSP00000103940	10090.ENSMUSP00000126294	Rps16	Rps13	10090	0.999	0.043	0	0	0.986	0.99	0.8	0.709
10090.ENSMUSP00000104068	10090.ENSMUSP00000133649	Rps19	Syncrip	10090	0.422	0	0	0	0.171	0.283	0	0.106
10090.ENSMUSP00000104068	10090.ENSMUSP00000113560	Rps19	Wdr61	10090	0.429	0	0	0	0.063	0.416	0	0
10090.ENSMUSP00000104068	10090.ENSMUSP00000129178	Rps19	Pfdn5	10090	0.481	0.223	0	0	0.325	0	0	0.09
10090.ENSMUSP00000104068	10090.ENSMUSP00000143910	Rps19	Eif4h	10090	0.497	0	0	0	0.14	0.416	0	0.079
10090.ENSMUSP00000104068	10090.ENSMUSP00000127774	Rps19	Eif4b	10090	0.603	0	0	0	0.116	0.534	0	0.112
10090.ENSMUSP00000104068	10090.ENSMUSP00000111120	Rps19	Eif4g1	10090	0.636	0	0	0	0.128	0.534	0	0.176
10090.ENSMUSP00000104068	10090.ENSMUSP00000114434	Rps19	Pa2g4	10090	0.85	0	0	0	0.191	0.802	0	0.14
10090.ENSMUSP00000104068	10090.ENSMUSP00000118787	Rps19	Rpl22	10090	0.997	0	0	0	0.747	0.964	0	0.747
10090.ENSMUSP00000104068	10090.ENSMUSP00000131489	Rps19	Rpl14	10090	0.999	0	0	0	0.98	0.99	0	0.742
10090.ENSMUSP00000104068	10090.ENSMUSP00000157948	Rps19	Rps14	10090	0.999	0	0	0	0.986	0.972	0.8	0.874
10090.ENSMUSP00000104068	10090.ENSMUSP00000134615	Rps19	Rps28	10090	0.999	0.081	0	0	0.969	0.99	0.8	0.802
10090.ENSMUSP00000104068	10090.ENSMUSP00000147816	Rps19	Rpl18	10090	0.999	0	0	0	0.982	0.99	0	0.805
10090.ENSMUSP00000104068	10090.ENSMUSP00000126294	Rps19	Rps13	10090	0.999	0	0	0	0.986	0.99	0.8	0.832
10090.ENSMUSP00000104068	10090.ENSMUSP00000120528	Rps19	Rps20	10090	0.999	0	0	0	0.969	0.99	0.8	0.887
10090.ENSMUSP00000104296	10090.ENSMUSP00000139480	Sat2	Eloc	10090	0.743	0	0	0	0	0.325	0	0.635
10090.ENSMUSP00000105173	10090.ENSMUSP00000110999	Vcan	Timp1	10090	0.505	0	0	0	0.152	0	0	0.441
10090.ENSMUSP00000106090	10090.ENSMUSP00000106481	Cops2	Dld	10090	0.407	0	0	0	0.361	0	0	0.11
10090.ENSMUSP00000106090	10090.ENSMUSP00000124291	Cops2	Naa50	10090	0.436	0	0	0	0.436	0	0	0
10090.ENSMUSP00000106090	10090.ENSMUSP00000109585	Cops2	Wdr5	10090	0.444	0	0	0	0.046	0.093	0.4	0.056
10090.ENSMUSP00000106090	10090.ENSMUSP00000139480	Cops2	Eloc	10090	0.63	0	0	0	0.152	0.534	0	0.138
10090.ENSMUSP00000106090	10090.ENSMUSP00000133855	Cops2	Gps1	10090	0.999	0	0	0	0.191	0.991	0.9	0.871
10090.ENSMUSP00000106180	10090.ENSMUSP00000121557	Sord	Ndufv2	10090	0.405	0.075	0	0	0.075	0	0	0.36
10090.ENSMUSP00000106180	10090.ENSMUSP00000117022	Sord	Nme1	10090	0.416	0	0	0	0.091	0.343	0	0.102
10090.ENSMUSP00000106180	10090.ENSMUSP00000157520	Sord	Tkfc	10090	0.5	0.062	0	0	0.195	0.075	0	0.369
10090.ENSMUSP00000106180	10090.ENSMUSP00000130858	Sord	Tpi1	10090	0.674	0.062	0	0	0.069	0.066	0	0.647
10090.ENSMUSP00000106242	10090.ENSMUSP00000124291	Hypk	Naa50	10090	0.995	0	0	0	0.092	0.828	0	0.975
10090.ENSMUSP00000106481	10090.ENSMUSP00000121557	Dld	Ndufv2	10090	0.556	0	0	0	0.298	0.305	0	0.162
10090.ENSMUSP00000106481	10090.ENSMUSP00000152229	Dld	Pitrm1	10090	0.58	0	0	0	0.086	0.52	0	0.12
10090.ENSMUSP00000106481	10090.ENSMUSP00000130858	Dld	Tpi1	10090	0.609	0	0	0	0.125	0	0	0.572
10090.ENSMUSP00000106481	10090.ENSMUSP00000116108	Dld	Tcp1	10090	0.763	0	0	0	0.733	0	0	0.149
10090.ENSMUSP00000106481	10090.ENSMUSP00000123765	Dld	Sucla2	10090	0.99	0.076	0	0	0.929	0.253	0.54	0.63
10090.ENSMUSP00000106709	10090.ENSMUSP00000123564	Ap1s1	Sort1	10090	0.622	0	0	0	0	0	0.5	0.276
10090.ENSMUSP00000106963	10090.ENSMUSP00000156728	Arhgap1	Tjp2	10090	0.414	0	0	0	0	0	0.4	0.064
10090.ENSMUSP00000106963	10090.ENSMUSP00000128278	Arhgap1	Iqgap1	10090	0.573	0	0	0	0.08	0	0.4	0.29
10090.ENSMUSP00000106983	10090.ENSMUSP00000109482	Uap1	Nagk	10090	0.673	0.056	0	0	0.092	0	0	0.65
10090.ENSMUSP00000107448	10090.ENSMUSP00000109451	Gmfb	Arpc2	10090	0.548	0	0	0	0.063	0.456	0	0.184
10090.ENSMUSP00000107448	10090.ENSMUSP00000137503	Gmfb	Actr3	10090	0.584	0	0	0	0.101	0.5	0	0.149
10090.ENSMUSP00000107749	10090.ENSMUSP00000137440	Mlec	Canx	10090	0.53	0	0	0	0.077	0.064	0	0.499
10090.ENSMUSP00000107760	10090.ENSMUSP00000110999	Pzp	Timp1	10090	0.533	0	0	0	0.051	0	0	0.528
10090.ENSMUSP00000107760	10090.ENSMUSP00000133302	Pzp	Apoe	10090	0.78	0	0	0	0.099	0.062	0	0.761
10090.ENSMUSP00000107760	10090.ENSMUSP00000133117	Pzp	Fga	10090	0.829	0	0	0	0.516	0	0	0.662
10090.ENSMUSP00000107795	10090.ENSMUSP00000110999	Tmsb4x	Timp1	10090	0.526	0	0	0	0.069	0	0	0.512
10090.ENSMUSP00000108963	10090.ENSMUSP00000122623	Ubr2	Mri1	10090	0.59	0	0	0	0.046	0	0	0.588
10090.ENSMUSP00000109257	10090.ENSMUSP00000113637	Pin4	Nfu1	10090	0.412	0	0	0	0.13	0	0	0.352
10090.ENSMUSP00000109312	10090.ENSMUSP00000129178	Myg1	Pfdn5	10090	0.615	0	0	0	0.066	0	0	0.605
10090.ENSMUSP00000109451	10090.ENSMUSP00000113978	Arpc2	Tpm3	10090	0.462	0	0	0	0.286	0	0	0.277
10090.ENSMUSP00000109451	10090.ENSMUSP00000130123	Arpc2	Gnb1	10090	0.522	0	0	0	0.137	0.415	0	0.129
10090.ENSMUSP00000109451	10090.ENSMUSP00000112928	Arpc2	Dpysl3	10090	0.742	0	0	0	0.044	0	0.72	0.116
10090.ENSMUSP00000109451	10090.ENSMUSP00000137503	Arpc2	Actr3	10090	0.999	0	0	0	0.867	0.938	0.72	0.904
10090.ENSMUSP00000109482	10090.ENSMUSP00000112277	Nagk	Renbp	10090	0.951	0	0	0	0.079	0	0.9	0.516
10090.ENSMUSP00000109585	10090.ENSMUSP00000133855	Wdr5	Gps1	10090	0.437	0	0	0	0.064	0.075	0.4	0.044
10090.ENSMUSP00000109585	10090.ENSMUSP00000112104	Wdr5	Hnrnpk	10090	0.535	0	0	0	0.059	0	0	0.526
10090.ENSMUSP00000109585	10090.ENSMUSP00000125761	Wdr5	Matr3	10090	0.74	0	0	0	0.063	0.099	0	0.717
10090.ENSMUSP00000109815	10090.ENSMUSP00000157011	Chmp3	Rab18	10090	0.411	0	0	0	0.411	0	0	0
10090.ENSMUSP00000110411	10090.ENSMUSP00000110999	Fstl1	Timp1	10090	0.403	0	0	0	0.292	0	0	0.192
10090.ENSMUSP00000110411	10090.ENSMUSP00000126390	Fstl1	Serpinh1	10090	0.524	0	0	0	0.448	0	0	0.174
10090.ENSMUSP00000110987	10090.ENSMUSP00000123700	Prkcsh	Hyou1	10090	0.402	0	0	0	0.09	0.054	0	0.361
10090.ENSMUSP00000110987	10090.ENSMUSP00000137440	Prkcsh	Canx	10090	0.626	0	0	0	0.084	0.338	0	0.432
10090.ENSMUSP00000110987	10090.ENSMUSP00000118169	Prkcsh	Lgals3	10090	0.718	0	0	0	0.054	0	0	0.715
10090.ENSMUSP00000110999	10090.ENSMUSP00000146545	Timp1	Adam9	10090	0.401	0	0	0	0.102	0	0	0.361
10090.ENSMUSP00000110999	10090.ENSMUSP00000133117	Timp1	Fga	10090	0.472	0	0	0	0.071	0	0	0.455
10090.ENSMUSP00000110999	10090.ENSMUSP00000133302	Timp1	Apoe	10090	0.512	0	0	0	0	0	0	0.512
10090.ENSMUSP00000110999	10090.ENSMUSP00000126390	Timp1	Serpinh1	10090	0.53	0	0	0	0.229	0	0	0.415
10090.ENSMUSP00000110999	10090.ENSMUSP00000147767	Timp1	Casp3	10090	0.558	0	0	0	0.048	0	0	0.555
10090.ENSMUSP00000110999	10090.ENSMUSP00000141132	Timp1	Stat1	10090	0.598	0	0	0	0.047	0	0	0.596
10090.ENSMUSP00000110999	10090.ENSMUSP00000118169	Timp1	Lgals3	10090	0.758	0	0	0	0.3	0	0	0.669
10090.ENSMUSP00000111120	10090.ENSMUSP00000133649	Eif4g1	Syncrip	10090	0.427	0	0	0	0.166	0.051	0	0.334
10090.ENSMUSP00000111120	10090.ENSMUSP00000130660	Eif4g1	Gba	10090	0.572	0	0	0	0.053	0	0	0.566
10090.ENSMUSP00000111120	10090.ENSMUSP00000157948	Eif4g1	Rps14	10090	0.612	0	0	0	0.107	0.534	0	0.143
10090.ENSMUSP00000111120	10090.ENSMUSP00000120528	Eif4g1	Rps20	10090	0.634	0	0	0	0.098	0.534	0	0.2
10090.ENSMUSP00000111120	10090.ENSMUSP00000134615	Eif4g1	Rps28	10090	0.647	0	0	0	0.106	0.534	0	0.222
10090.ENSMUSP00000111120	10090.ENSMUSP00000126294	Eif4g1	Rps13	10090	0.668	0	0	0	0.117	0.534	0	0.258
10090.ENSMUSP00000111120	10090.ENSMUSP00000143910	Eif4g1	Eif4h	10090	0.901	0	0	0	0.253	0.274	0.5	0.679
10090.ENSMUSP00000111120	10090.ENSMUSP00000127774	Eif4g1	Eif4b	10090	0.985	0	0	0	0.301	0.414	0.8	0.844
10090.ENSMUSP00000111443	10090.ENSMUSP00000125415	Ube2v2	Mob4	10090	0.406	0	0	0	0.406	0	0	0
10090.ENSMUSP00000111443	10090.ENSMUSP00000115044	Ube2v2	Sumo2	10090	0.656	0	0	0	0.1	0.096	0.5	0.255
10090.ENSMUSP00000111443	10090.ENSMUSP00000156121	Ube2v2	Ube2l3	10090	0.812	0	0	0	0.116	0.274	0.5	0.484
10090.ENSMUSP00000111443	10090.ENSMUSP00000114764	Ube2v2	Ube2v1	10090	0.853	0	0	0.05	0.057	0.478	0.72	0.054
10090.ENSMUSP00000112104	10090.ENSMUSP00000147816	Hnrnpk	Rpl18	10090	0.407	0	0	0	0.185	0.165	0	0.198
10090.ENSMUSP00000112104	10090.ENSMUSP00000114434	Hnrnpk	Pa2g4	10090	0.412	0	0	0	0.186	0.093	0	0.267
10090.ENSMUSP00000112104	10090.ENSMUSP00000129620	Hnrnpk	Erh	10090	0.438	0	0	0	0.432	0	0	0.05
10090.ENSMUSP00000112104	10090.ENSMUSP00000116108	Hnrnpk	Tcp1	10090	0.485	0	0	0	0.413	0	0	0.158
10090.ENSMUSP00000112104	10090.ENSMUSP00000143910	Hnrnpk	Eif4h	10090	0.538	0	0	0	0.361	0.133	0	0.233
10090.ENSMUSP00000112104	10090.ENSMUSP00000136858	Hnrnpk	Prpf19	10090	0.542	0	0	0	0.362	0.165	0	0.21
10090.ENSMUSP00000112104	10090.ENSMUSP00000121005	Hnrnpk	Hnrnpdl	10090	0.627	0	0	0	0.212	0.238	0	0.429
10090.ENSMUSP00000112104	10090.ENSMUSP00000115044	Hnrnpk	Sumo2	10090	0.775	0	0	0	0.525	0.136	0.4	0.193
10090.ENSMUSP00000112104	10090.ENSMUSP00000133649	Hnrnpk	Syncrip	10090	0.877	0	0	0	0.544	0.453	0	0.545
10090.ENSMUSP00000112104	10090.ENSMUSP00000125761	Hnrnpk	Matr3	10090	0.889	0	0	0	0.466	0.306	0	0.726
10090.ENSMUSP00000112104	10090.ENSMUSP00000133728	Hnrnpk	Hnrnpl	10090	0.946	0	0	0	0.458	0.559	0.4	0.669
10090.ENSMUSP00000112104	10090.ENSMUSP00000130023	Hnrnpk	Hnrnpf	10090	0.949	0	0	0	0.413	0.449	0.4	0.771
10090.ENSMUSP00000112104	10090.ENSMUSP00000120115	Hnrnpk	Hnrnpm	10090	0.993	0	0	0	0.541	0.36	0.9	0.815
10090.ENSMUSP00000112304	10090.ENSMUSP00000117616	Mad2l1	Tpr	10090	0.832	0	0	0	0.052	0.259	0.72	0.249
10090.ENSMUSP00000112472	10090.ENSMUSP00000113556	Col6a4	Itga3	10090	0.668	0	0	0	0.051	0.046	0.65	0.076
10090.ENSMUSP00000112928	10090.ENSMUSP00000137503	Dpysl3	Actr3	10090	0.443	0	0	0	0	0.06	0	0.432
10090.ENSMUSP00000113499	10090.ENSMUSP00000125478	Fuca2	Man2c1	10090	0.476	0.12	0	0	0	0	0	0.43
10090.ENSMUSP00000113556	10090.ENSMUSP00000118169	Itga3	Lgals3	10090	0.54	0	0	0	0.061	0.062	0	0.52
10090.ENSMUSP00000113560	10090.ENSMUSP00000147816	Wdr61	Rpl18	10090	0.43	0	0	0	0.065	0.416	0	0
10090.ENSMUSP00000113560	10090.ENSMUSP00000131489	Wdr61	Rpl14	10090	0.435	0	0	0	0.073	0.416	0	0
10090.ENSMUSP00000113560	10090.ENSMUSP00000134615	Wdr61	Rps28	10090	0.471	0	0	0	0.069	0.456	0	0
10090.ENSMUSP00000113560	10090.ENSMUSP00000126294	Wdr61	Rps13	10090	0.545	0	0	0	0.065	0.534	0	0
10090.ENSMUSP00000113560	10090.ENSMUSP00000120528	Wdr61	Rps20	10090	0.58	0	0	0	0.061	0.534	0	0.117
10090.ENSMUSP00000113560	10090.ENSMUSP00000139480	Wdr61	Eloc	10090	0.805	0	0	0	0.064	0	0.72	0.318
10090.ENSMUSP00000113637	10090.ENSMUSP00000121557	Nfu1	Ndufv2	10090	0.521	0	0	0	0.414	0	0	0.215
10090.ENSMUSP00000113637	10090.ENSMUSP00000130858	Nfu1	Tpi1	10090	0.545	0.042	0	0	0.08	0	0	0.526
10090.ENSMUSP00000113978	10090.ENSMUSP00000158375	Tpm3	Txnl1	10090	0.406	0	0	0	0.052	0	0.4	0
10090.ENSMUSP00000113978	10090.ENSMUSP00000137503	Tpm3	Actr3	10090	0.529	0	0	0	0.226	0.211	0	0.29
10090.ENSMUSP00000113978	10090.ENSMUSP00000128278	Tpm3	Iqgap1	10090	0.541	0	0	0	0.134	0.051	0.4	0.179
10090.ENSMUSP00000113978	10090.ENSMUSP00000155052	Tpm3	Myh11	10090	0.79	0	0	0	0.131	0.251	0.5	0.431
10090.ENSMUSP00000113978	10090.ENSMUSP00000117616	Tpm3	Tpr	10090	0.915	0	0	0	0.08	0	0.9	0.151
10090.ENSMUSP00000114434	10090.ENSMUSP00000133649	Pa2g4	Syncrip	10090	0.413	0	0	0	0.367	0	0	0.11
10090.ENSMUSP00000114434	10090.ENSMUSP00000114968	Pa2g4	Plrg1	10090	0.433	0	0.397	0	0.097	0	0	0
10090.ENSMUSP00000114434	10090.ENSMUSP00000120115	Pa2g4	Hnrnpm	10090	0.486	0	0	0	0.212	0.051	0	0.367
10090.ENSMUSP00000114434	10090.ENSMUSP00000127774	Pa2g4	Eif4b	10090	0.487	0	0	0	0.287	0.042	0	0.309
10090.ENSMUSP00000114434	10090.ENSMUSP00000158738	Pa2g4	Cct6a	10090	0.517	0.051	0	0	0.384	0	0	0.24
10090.ENSMUSP00000114434	10090.ENSMUSP00000116108	Pa2g4	Tcp1	10090	0.545	0.051	0	0	0.405	0	0	0.258
10090.ENSMUSP00000114434	10090.ENSMUSP00000134615	Pa2g4	Rps28	10090	0.811	0	0	0	0.219	0.762	0	0.068
10090.ENSMUSP00000114434	10090.ENSMUSP00000157948	Pa2g4	Rps14	10090	0.827	0.084	0	0	0.508	0.646	0	0.047
10090.ENSMUSP00000114434	10090.ENSMUSP00000126294	Pa2g4	Rps13	10090	0.882	0	0	0	0.303	0.806	0	0.199
10090.ENSMUSP00000114434	10090.ENSMUSP00000120528	Pa2g4	Rps20	10090	0.889	0.093	0	0	0.59	0.678	0	0.186
10090.ENSMUSP00000114434	10090.ENSMUSP00000118787	Pa2g4	Rpl22	10090	0.946	0	0	0	0.204	0.93	0	0.101
10090.ENSMUSP00000114434	10090.ENSMUSP00000131489	Pa2g4	Rpl14	10090	0.974	0.074	0	0	0.289	0.963	0	0.053
10090.ENSMUSP00000114434	10090.ENSMUSP00000147816	Pa2g4	Rpl18	10090	0.983	0.05	0	0	0.32	0.974	0	0.099
10090.ENSMUSP00000114764	10090.ENSMUSP00000130195	Ube2v1	St13	10090	0.455	0	0	0	0.079	0	0	0.432
10090.ENSMUSP00000114764	10090.ENSMUSP00000156121	Ube2v1	Ube2l3	10090	0.904	0	0	0	0.193	0.507	0.5	0.574
10090.ENSMUSP00000114968	10090.ENSMUSP00000119841	Plrg1	Lsm6	10090	0.539	0	0	0	0.053	0.534	0	0
10090.ENSMUSP00000114968	10090.ENSMUSP00000140106	Plrg1	Uchl5	10090	0.579	0	0	0	0.13	0.083	0	0.515
10090.ENSMUSP00000114968	10090.ENSMUSP00000117947	Plrg1	Snrpa1	10090	0.996	0	0	0	0.22	0.978	0.72	0.361
10090.ENSMUSP00000114968	10090.ENSMUSP00000136858	Plrg1	Prpf19	10090	0.999	0	0	0	0.136	0.982	0.8	0.904
10090.ENSMUSP00000115044	10090.ENSMUSP00000156121	Sumo2	Ube2l3	10090	0.411	0	0	0	0.158	0.262	0	0.129
10090.ENSMUSP00000115044	10090.ENSMUSP00000149803	Sumo2	Cryab	10090	0.419	0	0	0	0	0.051	0	0.413
10090.ENSMUSP00000115044	10090.ENSMUSP00000129730	Sumo2	Dnaja1	10090	0.438	0	0	0	0.352	0.083	0	0.13
10090.ENSMUSP00000115044	10090.ENSMUSP00000117616	Sumo2	Tpr	10090	0.553	0	0	0	0.097	0.201	0.4	0.09
10090.ENSMUSP00000115062	10090.ENSMUSP00000155052	Dsp	Myh11	10090	0.448	0	0	0	0.075	0	0	0.427
10090.ENSMUSP00000115062	10090.ENSMUSP00000139480	Dsp	Eloc	10090	0.452	0	0	0	0	0	0	0.452
10090.ENSMUSP00000115062	10090.ENSMUSP00000147767	Dsp	Casp3	10090	0.811	0	0	0	0.047	0.084	0.75	0.238
10090.ENSMUSP00000116108	10090.ENSMUSP00000132082	Tcp1	Iars	10090	0.448	0.062	0	0	0.307	0.058	0	0.204
10090.ENSMUSP00000116108	10090.ENSMUSP00000120528	Tcp1	Rps20	10090	0.452	0	0	0	0.324	0.07	0	0.198
10090.ENSMUSP00000116108	10090.ENSMUSP00000130858	Tcp1	Tpi1	10090	0.463	0.044	0	0	0.271	0	0	0.291
10090.ENSMUSP00000116108	10090.ENSMUSP00000123700	Tcp1	Hyou1	10090	0.471	0.044	0	0	0.275	0.124	0	0.231
10090.ENSMUSP00000116108	10090.ENSMUSP00000130195	Tcp1	St13	10090	0.48	0	0	0	0.378	0	0	0.197
10090.ENSMUSP00000116108	10090.ENSMUSP00000144413	Tcp1	Hsph1	10090	0.492	0.044	0	0	0.3	0.124	0	0.235
10090.ENSMUSP00000116108	10090.ENSMUSP00000137503	Tcp1	Actr3	10090	0.507	0	0	0	0.327	0.102	0	0.25
10090.ENSMUSP00000116108	10090.ENSMUSP00000129730	Tcp1	Dnaja1	10090	0.54	0.042	0	0	0.36	0.066	0	0.291
10090.ENSMUSP00000116108	10090.ENSMUSP00000130123	Tcp1	Gnb1	10090	0.607	0	0	0	0.116	0.116	0.5	0.114
10090.ENSMUSP00000116108	10090.ENSMUSP00000125415	Tcp1	Mob4	10090	0.82	0	0	0	0.087	0.776	0	0.191
10090.ENSMUSP00000116108	10090.ENSMUSP00000129178	Tcp1	Pfdn5	10090	0.868	0	0	0	0.179	0.628	0	0.605
10090.ENSMUSP00000116108	10090.ENSMUSP00000158738	Tcp1	Cct6a	10090	0.999	0	0	0	0.859	0.862	0.9	0.784
10090.ENSMUSP00000117022	10090.ENSMUSP00000130858	Nme1	Tpi1	10090	0.499	0.087	0	0	0.162	0.065	0	0.382
10090.ENSMUSP00000117022	10090.ENSMUSP00000134615	Nme1	Rps28	10090	0.532	0.087	0	0	0.481	0.064	0	0.069
10090.ENSMUSP00000117022	10090.ENSMUSP00000126294	Nme1	Rps13	10090	0.537	0.052	0	0	0.389	0.264	0	0
10090.ENSMUSP00000117022	10090.ENSMUSP00000157948	Nme1	Rps14	10090	0.539	0	0	0	0.365	0.258	0	0.1
10090.ENSMUSP00000117022	10090.ENSMUSP00000120528	Nme1	Rps20	10090	0.631	0	0	0	0.48	0.269	0	0.107
10090.ENSMUSP00000117022	10090.ENSMUSP00000127566	Nme1	Guk1	10090	0.932	0	0	0	0.181	0.063	0.9	0.223
10090.ENSMUSP00000117509	10090.ENSMUSP00000123765	Gpd1l	Sucla2	10090	0.442	0.041	0	0	0.146	0	0	0.372
10090.ENSMUSP00000117509	10090.ENSMUSP00000130858	Gpd1l	Tpi1	10090	0.585	0.074	0	0	0.103	0.054	0	0.534
10090.ENSMUSP00000117509	10090.ENSMUSP00000157520	Gpd1l	Tkfc	10090	0.848	0	0	0	0.066	0	0.8	0.255
10090.ENSMUSP00000117616	10090.ENSMUSP00000133245	Tpr	Ddx46	10090	0.733	0	0	0	0.666	0.071	0	0.207
10090.ENSMUSP00000117947	10090.ENSMUSP00000120115	Snrpa1	Hnrnpm	10090	0.647	0	0	0	0.187	0.117	0	0.547
10090.ENSMUSP00000117947	10090.ENSMUSP00000133245	Snrpa1	Ddx46	10090	0.975	0	0	0	0.081	0.831	0.8	0.318
10090.ENSMUSP00000117947	10090.ENSMUSP00000119841	Snrpa1	Lsm6	10090	0.995	0	0	0	0.147	0.978	0.72	0.321
10090.ENSMUSP00000117947	10090.ENSMUSP00000136858	Snrpa1	Prpf19	10090	0.995	0	0	0	0.134	0.978	0.72	0.315
10090.ENSMUSP00000118169	10090.ENSMUSP00000155052	Lgals3	Myh11	10090	0.409	0	0	0	0	0.076	0	0.387
10090.ENSMUSP00000118169	10090.ENSMUSP00000147767	Lgals3	Casp3	10090	0.471	0	0	0	0.043	0.07	0	0.454
10090.ENSMUSP00000118169	10090.ENSMUSP00000128278	Lgals3	Iqgap1	10090	0.542	0	0	0	0.281	0	0	0.389
10090.ENSMUSP00000118169	10090.ENSMUSP00000132435	Lgals3	Gbp2	10090	0.582	0	0	0	0.141	0	0	0.533
10090.ENSMUSP00000118169	10090.ENSMUSP00000133302	Lgals3	Apoe	10090	0.614	0	0	0	0.055	0	0	0.608
10090.ENSMUSP00000118751	10090.ENSMUSP00000119102	Ankfy1	Snx12	10090	0.601	0	0	0	0.084	0	0.54	0.13
10090.ENSMUSP00000118787	10090.ENSMUSP00000133649	Rpl22	Syncrip	10090	0.562	0	0	0	0.091	0	0	0.538
10090.ENSMUSP00000118787	10090.ENSMUSP00000129178	Rpl22	Pfdn5	10090	0.607	0	0	0	0.338	0	0	0.431
10090.ENSMUSP00000118787	10090.ENSMUSP00000134615	Rpl22	Rps28	10090	0.995	0	0	0	0.785	0.964	0	0.503
10090.ENSMUSP00000118787	10090.ENSMUSP00000157948	Rpl22	Rps14	10090	0.996	0	0	0	0.649	0.941	0	0.858
10090.ENSMUSP00000118787	10090.ENSMUSP00000147816	Rpl22	Rpl18	10090	0.998	0	0	0	0.778	0.974	0.5	0.663
10090.ENSMUSP00000118787	10090.ENSMUSP00000126294	Rpl22	Rps13	10090	0.998	0	0	0	0.885	0.962	0	0.668
10090.ENSMUSP00000118787	10090.ENSMUSP00000120528	Rpl22	Rps20	10090	0.998	0	0	0	0.907	0.962	0	0.604
10090.ENSMUSP00000118787	10090.ENSMUSP00000131489	Rpl22	Rpl14	10090	0.999	0	0	0	0.843	0.974	0.5	0.624
10090.ENSMUSP00000120115	10090.ENSMUSP00000129620	Hnrnpm	Erh	10090	0.436	0	0	0	0.356	0	0	0.159
10090.ENSMUSP00000120115	10090.ENSMUSP00000133245	Hnrnpm	Ddx46	10090	0.463	0.042	0	0	0.241	0.114	0	0.265
10090.ENSMUSP00000120115	10090.ENSMUSP00000136858	Hnrnpm	Prpf19	10090	0.468	0	0	0	0.325	0.124	0	0.172
10090.ENSMUSP00000120115	10090.ENSMUSP00000143910	Hnrnpm	Eif4h	10090	0.519	0	0	0	0.286	0.158	0	0.264
10090.ENSMUSP00000120115	10090.ENSMUSP00000121005	Hnrnpm	Hnrnpdl	10090	0.761	0	0	0	0.491	0.158	0	0.488
10090.ENSMUSP00000120115	10090.ENSMUSP00000133728	Hnrnpm	Hnrnpl	10090	0.79	0	0	0	0.415	0.068	0	0.646
10090.ENSMUSP00000120115	10090.ENSMUSP00000133649	Hnrnpm	Syncrip	10090	0.823	0	0	0	0.4	0.068	0	0.709
10090.ENSMUSP00000120115	10090.ENSMUSP00000125761	Hnrnpm	Matr3	10090	0.842	0	0	0	0.234	0.106	0	0.788
10090.ENSMUSP00000120115	10090.ENSMUSP00000130023	Hnrnpm	Hnrnpf	10090	0.89	0	0	0	0.444	0.099	0	0.798
10090.ENSMUSP00000120528	10090.ENSMUSP00000129178	Rps20	Pfdn5	10090	0.422	0	0	0	0.422	0	0	0
10090.ENSMUSP00000120528	10090.ENSMUSP00000132082	Rps20	Iars	10090	0.506	0.073	0	0	0.169	0.093	0	0.376
10090.ENSMUSP00000120528	10090.ENSMUSP00000133649	Rps20	Syncrip	10090	0.575	0	0	0	0.388	0.303	0	0.085
10090.ENSMUSP00000120528	10090.ENSMUSP00000130858	Rps20	Tpi1	10090	0.58	0.083	0	0	0.189	0.216	0	0.364
10090.ENSMUSP00000120528	10090.ENSMUSP00000127774	Rps20	Eif4b	10090	0.642	0	0	0	0.151	0.498	0	0.229
10090.ENSMUSP00000120528	10090.ENSMUSP00000143910	Rps20	Eif4h	10090	0.679	0	0	0	0.276	0.498	0	0.189
10090.ENSMUSP00000120528	10090.ENSMUSP00000131489	Rps20	Rpl14	10090	0.999	0.093	0	0	0.985	0.99	0	0.614
10090.ENSMUSP00000120528	10090.ENSMUSP00000157948	Rps20	Rps14	10090	0.999	0.102	0	0	0.963	0.971	0.8	0.844
10090.ENSMUSP00000120528	10090.ENSMUSP00000147816	Rps20	Rpl18	10090	0.999	0	0	0	0.986	0.99	0	0.546
10090.ENSMUSP00000120528	10090.ENSMUSP00000134615	Rps20	Rps28	10090	0.999	0	0	0	0.989	0.99	0.8	0.742
10090.ENSMUSP00000120528	10090.ENSMUSP00000126294	Rps20	Rps13	10090	0.999	0	0	0	0.985	0.99	0.8	0.728
10090.ENSMUSP00000121005	10090.ENSMUSP00000130023	Hnrnpdl	Hnrnpf	10090	0.452	0	0	0	0.103	0.125	0	0.357
10090.ENSMUSP00000121005	10090.ENSMUSP00000125761	Hnrnpdl	Matr3	10090	0.482	0	0	0	0.248	0.091	0	0.303
10090.ENSMUSP00000121005	10090.ENSMUSP00000133728	Hnrnpdl	Hnrnpl	10090	0.531	0	0	0	0.121	0.219	0	0.372
10090.ENSMUSP00000121557	10090.ENSMUSP00000130858	Ndufv2	Tpi1	10090	0.531	0.223	0	0	0.166	0.073	0	0.311
10090.ENSMUSP00000121557	10090.ENSMUSP00000123765	Ndufv2	Sucla2	10090	0.816	0.06	0	0	0.664	0.304	0	0.26
10090.ENSMUSP00000122623	10090.ENSMUSP00000130858	Mri1	Tpi1	10090	0.575	0.088	0	0	0.054	0	0	0.547
10090.ENSMUSP00000123564	10090.ENSMUSP00000133302	Sort1	Apoe	10090	0.742	0	0	0	0.084	0.127	0	0.704
10090.ENSMUSP00000123700	10090.ENSMUSP00000158738	Hyou1	Cct6a	10090	0.433	0.044	0	0	0.277	0.124	0	0.174
10090.ENSMUSP00000123700	10090.ENSMUSP00000144413	Hyou1	Hsph1	10090	0.607	0	0	0.107	0.17	0	0	0.513
10090.ENSMUSP00000123700	10090.ENSMUSP00000129730	Hyou1	Dnaja1	10090	0.655	0	0	0	0.271	0.15	0	0.488
10090.ENSMUSP00000123700	10090.ENSMUSP00000137440	Hyou1	Canx	10090	0.764	0	0	0	0.19	0.141	0	0.688
10090.ENSMUSP00000123765	10090.ENSMUSP00000130858	Sucla2	Tpi1	10090	0.589	0.091	0	0	0.108	0.116	0	0.494
10090.ENSMUSP00000123765	10090.ENSMUSP00000153064	Sucla2	Hmgcs1	10090	0.825	0	0	0	0.064	0	0.8	0.144
10090.ENSMUSP00000124291	10090.ENSMUSP00000147816	Naa50	Rpl18	10090	0.447	0	0	0	0.092	0.416	0	0
10090.ENSMUSP00000124291	10090.ENSMUSP00000133649	Naa50	Syncrip	10090	0.462	0	0	0	0.409	0	0	0.127
10090.ENSMUSP00000124291	10090.ENSMUSP00000131489	Naa50	Rpl14	10090	0.468	0	0	0	0.126	0.416	0	0
10090.ENSMUSP00000124423	10090.ENSMUSP00000124579	Thnsl2	Asl	10090	0.522	0.086	0	0	0.128	0	0	0.448
10090.ENSMUSP00000124480	10090.ENSMUSP00000133302	Cyb5a	Apoe	10090	0.446	0	0	0	0.153	0	0	0.373
10090.ENSMUSP00000125415	10090.ENSMUSP00000158738	Mob4	Cct6a	10090	0.628	0	0	0	0.071	0.548	0	0.184
10090.ENSMUSP00000125478	10090.ENSMUSP00000130660	Man2c1	Gba	10090	0.435	0	0	0	0.109	0	0	0.392
10090.ENSMUSP00000125478	10090.ENSMUSP00000137440	Man2c1	Canx	10090	0.689	0	0	0	0.049	0	0	0.687
10090.ENSMUSP00000125761	10090.ENSMUSP00000129730	Matr3	Dnaja1	10090	0.433	0	0	0	0.382	0.082	0	0.081
10090.ENSMUSP00000125761	10090.ENSMUSP00000133649	Matr3	Syncrip	10090	0.515	0	0	0	0.226	0.109	0	0.354
10090.ENSMUSP00000125761	10090.ENSMUSP00000133728	Matr3	Hnrnpl	10090	0.536	0	0	0	0.256	0.097	0	0.364
10090.ENSMUSP00000125761	10090.ENSMUSP00000126897	Matr3	Mov10	10090	0.542	0	0	0	0	0.109	0	0.508
10090.ENSMUSP00000125761	10090.ENSMUSP00000130023	Matr3	Hnrnpf	10090	0.658	0	0	0	0.14	0.096	0	0.596
10090.ENSMUSP00000125874	10090.ENSMUSP00000126298	Ccdc58	Timm9	10090	0.729	0	0	0	0.461	0	0	0.519
10090.ENSMUSP00000126036	10090.ENSMUSP00000158738	Sumf2	Cct6a	10090	0.686	0	0.355	0	0.042	0.067	0	0.52
10090.ENSMUSP00000126294	10090.ENSMUSP00000133649	Rps13	Syncrip	10090	0.436	0	0	0	0.267	0.258	0	0.046
10090.ENSMUSP00000126294	10090.ENSMUSP00000130858	Rps13	Tpi1	10090	0.467	0.119	0	0	0.161	0.093	0	0.299
10090.ENSMUSP00000126294	10090.ENSMUSP00000127774	Rps13	Eif4b	10090	0.62	0	0	0	0.13	0.534	0	0.138
10090.ENSMUSP00000126294	10090.ENSMUSP00000143910	Rps13	Eif4h	10090	0.632	0	0	0	0.18	0.522	0	0.137
10090.ENSMUSP00000126294	10090.ENSMUSP00000129178	Rps13	Pfdn5	10090	0.767	0	0	0	0.497	0	0	0.556
10090.ENSMUSP00000126294	10090.ENSMUSP00000131489	Rps13	Rpl14	10090	0.999	0	0	0	0.982	0.99	0	0.698
10090.ENSMUSP00000126294	10090.ENSMUSP00000157948	Rps13	Rps14	10090	0.999	0.046	0	0	0.964	0.981	0.8	0.665
10090.ENSMUSP00000126294	10090.ENSMUSP00000147816	Rps13	Rpl18	10090	0.999	0.064	0	0	0.987	0.99	0	0.646
10090.ENSMUSP00000126294	10090.ENSMUSP00000134615	Rps13	Rps28	10090	0.999	0	0	0	0.974	0.99	0.8	0.739
10090.ENSMUSP00000126390	10090.ENSMUSP00000149803	Serpinh1	Cryab	10090	0.401	0	0	0	0.177	0	0	0.303
10090.ENSMUSP00000126390	10090.ENSMUSP00000137440	Serpinh1	Canx	10090	0.576	0	0	0	0.05	0.065	0	0.561
10090.ENSMUSP00000127250	10090.ENSMUSP00000133649	Mvp	Syncrip	10090	0.411	0	0	0	0	0	0	0.411
10090.ENSMUSP00000127250	10090.ENSMUSP00000158738	Mvp	Cct6a	10090	0.427	0	0	0	0.056	0	0	0.418
10090.ENSMUSP00000127566	10090.ENSMUSP00000130858	Guk1	Tpi1	10090	0.663	0.045	0	0	0.081	0	0	0.647
10090.ENSMUSP00000127566	10090.ENSMUSP00000156728	Guk1	Tjp2	10090	0.742	0	0	0	0	0.058	0	0.737
10090.ENSMUSP00000127774	10090.ENSMUSP00000157948	Eif4b	Rps14	10090	0.483	0	0	0	0.084	0.416	0	0.111
10090.ENSMUSP00000127774	10090.ENSMUSP00000134615	Eif4b	Rps28	10090	0.641	0	0	0	0.072	0.534	0	0.237
10090.ENSMUSP00000127774	10090.ENSMUSP00000143910	Eif4b	Eif4h	10090	0.97	0	0	0	0.174	0	0.8	0.833
10090.ENSMUSP00000128278	10090.ENSMUSP00000133117	Iqgap1	Fga	10090	0.4	0	0	0	0	0	0.4	0
10090.ENSMUSP00000128278	10090.ENSMUSP00000155052	Iqgap1	Myh11	10090	0.403	0	0	0	0.058	0.279	0	0.191
10090.ENSMUSP00000128278	10090.ENSMUSP00000158375	Iqgap1	Txnl1	10090	0.438	0	0	0	0.042	0	0.4	0.101
10090.ENSMUSP00000128278	10090.ENSMUSP00000156728	Iqgap1	Tjp2	10090	0.524	0	0	0	0.089	0.054	0.4	0.189
10090.ENSMUSP00000128278	10090.ENSMUSP00000137503	Iqgap1	Actr3	10090	0.533	0	0	0	0.253	0.136	0	0.335
10090.ENSMUSP00000129178	10090.ENSMUSP00000131489	Pfdn5	Rpl14	10090	0.405	0.061	0	0	0.329	0	0	0.132
10090.ENSMUSP00000129178	10090.ENSMUSP00000134615	Pfdn5	Rps28	10090	0.477	0	0	0	0.426	0	0	0.126
10090.ENSMUSP00000129178	10090.ENSMUSP00000158738	Pfdn5	Cct6a	10090	0.764	0	0	0	0.106	0.56	0	0.447
10090.ENSMUSP00000129481	10090.ENSMUSP00000157011	Rabggtb	Rab18	10090	0.63	0	0	0	0.104	0	0.5	0.242
10090.ENSMUSP00000129730	10090.ENSMUSP00000130195	Dnaja1	St13	10090	0.465	0	0	0	0.175	0.068	0	0.36
10090.ENSMUSP00000129730	10090.ENSMUSP00000149803	Dnaja1	Cryab	10090	0.466	0	0	0	0.085	0.062	0	0.428
10090.ENSMUSP00000129730	10090.ENSMUSP00000137440	Dnaja1	Canx	10090	0.487	0	0	0	0.184	0.183	0	0.292
10090.ENSMUSP00000129730	10090.ENSMUSP00000158738	Dnaja1	Cct6a	10090	0.529	0.042	0	0	0.249	0.097	0	0.361
10090.ENSMUSP00000129730	10090.ENSMUSP00000144413	Dnaja1	Hsph1	10090	0.934	0	0	0.246	0.615	0.254	0	0.732
10090.ENSMUSP00000130023	10090.ENSMUSP00000133649	Hnrnpf	Syncrip	10090	0.689	0	0	0	0.183	0.352	0	0.46
10090.ENSMUSP00000130023	10090.ENSMUSP00000133728	Hnrnpf	Hnrnpl	10090	0.849	0	0	0	0.173	0.139	0.4	0.689
10090.ENSMUSP00000130123	10090.ENSMUSP00000147816	Gnb1	Rpl18	10090	0.416	0	0	0	0.075	0.301	0	0.169
10090.ENSMUSP00000130123	10090.ENSMUSP00000158738	Gnb1	Cct6a	10090	0.606	0	0	0	0.131	0.116	0.5	0.096
10090.ENSMUSP00000130195	10090.ENSMUSP00000144413	St13	Hsph1	10090	0.507	0	0	0	0.137	0.135	0	0.393
10090.ENSMUSP00000130660	10090.ENSMUSP00000137440	Gba	Canx	10090	0.414	0	0	0	0.052	0.098	0	0.369
10090.ENSMUSP00000130660	10090.ENSMUSP00000133302	Gba	Apoe	10090	0.584	0	0	0	0	0	0	0.584
10090.ENSMUSP00000130660	10090.ENSMUSP00000157424	Gba	Asah2	10090	0.94	0	0	0	0.044	0	0.9	0.432
10090.ENSMUSP00000130858	10090.ENSMUSP00000132082	Tpi1	Iars	10090	0.492	0.05	0	0	0.115	0	0	0.445
10090.ENSMUSP00000130858	10090.ENSMUSP00000147816	Tpi1	Rpl18	10090	0.59	0	0	0	0.218	0	0	0.498
10090.ENSMUSP00000130858	10090.ENSMUSP00000157520	Tpi1	Tkfc	10090	0.967	0.223	0	0	0.065	0	0.9	0.6
10090.ENSMUSP00000131489	10090.ENSMUSP00000157948	Rpl14	Rps14	10090	0.999	0.084	0	0	0.985	0.967	0	0.593
10090.ENSMUSP00000131489	10090.ENSMUSP00000147816	Rpl14	Rpl18	10090	0.999	0.07	0	0	0.984	0.99	0	0.705
10090.ENSMUSP00000131489	10090.ENSMUSP00000134615	Rpl14	Rps28	10090	0.999	0	0	0	0.984	0.99	0	0.762
10090.ENSMUSP00000132082	10090.ENSMUSP00000157948	Iars	Rps14	10090	0.453	0.057	0	0	0.256	0.082	0	0.252
10090.ENSMUSP00000132142	10090.ENSMUSP00000157011	Galnt1	Rab18	10090	0.576	0	0	0	0.071	0	0.5	0.161
10090.ENSMUSP00000132435	10090.ENSMUSP00000141132	Gbp2	Stat1	10090	0.811	0	0	0	0.593	0	0	0.555
10090.ENSMUSP00000133245	10090.ENSMUSP00000136858	Ddx46	Prpf19	10090	0.631	0	0	0	0.105	0.49	0	0.257
10090.ENSMUSP00000133302	10090.ENSMUSP00000149803	Apoe	Cryab	10090	0.509	0	0	0	0.061	0	0	0.499
10090.ENSMUSP00000133302	10090.ENSMUSP00000155052	Apoe	Myh11	10090	0.511	0	0	0	0.079	0	0	0.491
10090.ENSMUSP00000133302	10090.ENSMUSP00000147767	Apoe	Casp3	10090	0.568	0	0	0	0.046	0	0	0.566
10090.ENSMUSP00000133302	10090.ENSMUSP00000141132	Apoe	Stat1	10090	0.736	0	0	0	0.041	0	0	0.736
10090.ENSMUSP00000133649	10090.ENSMUSP00000157948	Syncrip	Rps14	10090	0.438	0	0	0	0.202	0.249	0	0.138
10090.ENSMUSP00000133649	10090.ENSMUSP00000134615	Syncrip	Rps28	10090	0.483	0	0	0	0.251	0.258	0	0.144
10090.ENSMUSP00000133649	10090.ENSMUSP00000136858	Syncrip	Prpf19	10090	0.493	0	0	0	0.23	0.219	0	0.224
10090.ENSMUSP00000133649	10090.ENSMUSP00000133728	Syncrip	Hnrnpl	10090	0.881	0	0	0	0.403	0.332	0	0.726
10090.ENSMUSP00000133728	10090.ENSMUSP00000136858	Hnrnpl	Prpf19	10090	0.538	0	0	0	0.46	0	0	0.18
10090.ENSMUSP00000133855	10090.ENSMUSP00000139480	Gps1	Eloc	10090	0.76	0	0	0	0.091	0.747	0	0
10090.ENSMUSP00000134615	10090.ENSMUSP00000143910	Rps28	Eif4h	10090	0.578	0	0	0	0.23	0.416	0	0.138
10090.ENSMUSP00000134615	10090.ENSMUSP00000157948	Rps28	Rps14	10090	0.999	0	0	0	0.988	0.979	0.8	0.707
10090.ENSMUSP00000134615	10090.ENSMUSP00000147816	Rps28	Rpl18	10090	0.999	0.119	0	0	0.97	0.99	0.72	0.779
10090.ENSMUSP00000137440	10090.ENSMUSP00000144413	Canx	Hsph1	10090	0.472	0	0	0	0.138	0.141	0	0.344
10090.ENSMUSP00000137440	10090.ENSMUSP00000147767	Canx	Casp3	10090	0.533	0	0	0	0	0	0	0.533
10090.ENSMUSP00000140106	10090.ENSMUSP00000158375	Uchl5	Txnl1	10090	0.482	0	0	0	0.203	0.36	0	0.065
10090.ENSMUSP00000140106	10090.ENSMUSP00000147619	Uchl5	Usp47	10090	0.548	0	0	0	0.047	0	0	0.545
10090.ENSMUSP00000140106	10090.ENSMUSP00000143859	Uchl5	Ube3a	10090	0.644	0	0	0	0.063	0.521	0	0.271
10090.ENSMUSP00000141132	10090.ENSMUSP00000147767	Stat1	Casp3	10090	0.681	0	0	0	0.084	0.121	0	0.636
10090.ENSMUSP00000143859	10090.ENSMUSP00000156121	Ube3a	Ube2l3	10090	0.778	0	0	0	0.088	0.744	0	0.125
10090.ENSMUSP00000143910	10090.ENSMUSP00000157948	Eif4h	Rps14	10090	0.503	0	0	0	0.247	0.363	0	0.047
10090.ENSMUSP00000144413	10090.ENSMUSP00000149803	Hsph1	Cryab	10090	0.518	0	0	0	0.07	0.076	0	0.483
10090.ENSMUSP00000144413	10090.ENSMUSP00000158738	Hsph1	Cct6a	10090	0.551	0.044	0	0	0.311	0.124	0	0.314
10090.ENSMUSP00000147619	10090.ENSMUSP00000152229	Usp47	Pitrm1	10090	0.484	0	0	0	0.081	0	0	0.461
10090.ENSMUSP00000147767	10090.ENSMUSP00000156728	Casp3	Tjp2	10090	0.806	0	0	0	0.043	0	0.75	0.256
10090.ENSMUSP00000147767	10090.ENSMUSP00000149803	Casp3	Cryab	10090	0.934	0	0	0	0.067	0.508	0	0.869
10090.ENSMUSP00000147816	10090.ENSMUSP00000157948	Rpl18	Rps14	10090	0.999	0.119	0	0	0.981	0.971	0	0.546
10090.ENSMUSP00000156728	10090.ENSMUSP00000159109	Tjp2	Cgn	10090	0.977	0	0	0	0.105	0	0	0.976
