term,source,es,nes,nom_p_value,fdr_q_value,tag_pct,gene_pct,lead_genes
positive regulation of secretion by cell (GO:1903532),GO_Biological_Process_2021,-0.6995085620809883,-2.026291906667093,0.0,0.11574037410710042,10/16,16.05%,Adam9;Tgfb3;Tgfb1;Ang;Fga;Fgb;Ppia;Tgfb2;Dnm1l;Cd2ap
regulation of protein secretion (GO:0050708),GO_Biological_Process_2021,-0.6443383165336976,-1.9213565593368287,0.0,0.1479718706938879,10/18,16.05%,Adam9;Tgfb3;Tgfb1;Ang;Fga;Fgb;Ppia;Tgfb2;Dnm1l;Cd2ap
Rheumatoid arthritis,KEGG_2019_Mouse,-0.5635691160173733,-1.7132546723489064,0.00819672131147541,0.21463246590747107,6/19,7.28%,Tgfb3;Ccl2;Tgfb1;Atp6v1f;Atp6v1d;Atp6v1b2
positive regulation of transmembrane receptor protein serine/threonine kinase signaling pathway (GO:0090100),GO_Biological_Process_2021,-0.6588893779736271,-1.8341550202015517,0.011538461538461539,0.2226903400541679,4/15,2.94%,Tgfb3;Tgfb1;Adam17;Sulf1
response to lipopolysaccharide (GO:0032496),GO_Biological_Process_2021,-0.48727741824117377,-1.5825000512703036,0.012195121951219513,0.22932170059594714,6/27,5.83%,Cxcl1;Adam9;Ccl2;Adam17;Hnrnpa0;Plaa
positive regulation of protein localization to nucleus (GO:1900182),GO_Biological_Process_2021,-0.5946619140943316,-1.721436979928352,0.007692307692307693,0.23252722537610956,7/18,10.84%,Tcp1;Tgfb1;Cct6a;Cct7;Cct8;Lif;Cct5
negative regulation of transmembrane receptor protein serine/threonine kinase signaling pathway (GO:0090101),GO_Biological_Process_2021,-0.6122330897787971,-1.671716840286949,0.011235955056179775,0.2327993094382058,4/15,3.56%,Ppm1a;Tgfb1;Adam17;Nbl1
regulation of focal adhesion assembly (GO:0051893),GO_Biological_Process_2021,-0.5487989374466832,-1.6042651770471423,0.033962264150943396,0.23413618401254413,5/16,13.42%,Col16a1;Rock2;Macf1;S100a10;Rac1
Cell cycle,KEGG_2019_Mouse,-0.5320832761478798,-1.5681472767663525,0.025925925925925925,0.23814680773555919,8/19,15.74%,Mad2l1;Tgfb3;Tgfb1;Ywhae;Ywhah;Tgfb2;Ywhab;Mcm2
cellular transition metal ion homeostasis (GO:0046916),GO_Biological_Process_2021,-0.510017177234694,-1.5838423942615412,0.039525691699604744,0.2401083710379369,5/23,8.10%,Nedd8;Heph;Sod1;Atox1;Arf1
positive regulation of protein transport (GO:0051222),GO_Biological_Process_2021,-0.578804235483846,-1.766038732753257,0.003703703703703704,0.2402711563742338,11/18,16.05%,Adam9;Tgfb3;Tgfb1;Ang;Fga;Pdcd10;Fgb;Ppia;Tgfb2;Dnm1l;Cd2ap
cellular response to lipopolysaccharide (GO:0071222),GO_Biological_Process_2021,-0.5059562848598456,-1.5899903844163532,0.01532567049808429,0.24380455573267842,5/21,5.83%,Cxcl1;Adam9;Ccl2;Tgfb1;Plaa
positive regulation of GTPase activity (GO:0043547),GO_Biological_Process_2021,-0.5824657885019209,-1.6794493839802276,0.01824817518248175,0.24580585780832861,6/16,15.17%,Ccl2;Zc3h15;S100a10;Ccl7;Tbc1d15;Tgm2
regulation of GTPase activity (GO:0043087),GO_Biological_Process_2021,-0.5912869303039454,-1.735117739304315,0.004048582995951417,0.24661978448981314,8/18,15.17%,Ccl2;Zc3h15;Plxnb2;Sod1;S100a10;Ccl7;Tbc1d15;Tgm2
iron ion homeostasis (GO:0055072),GO_Biological_Process_2021,-0.5277079277421638,-1.6050518959613318,0.02834008097165992,0.24828019492004158,4/22,6.30%,Neo1;Nedd8;Heph;Sod1
positive regulation of protein secretion (GO:0050714),GO_Biological_Process_2021,-0.582107537545191,-1.7866404478728342,0.007936507936507936,0.2545555696342873,12/19,17.80%,Adam9;Tgfb3;Tgfb1;Ang;Rbp4;Fga;Fgb;Ppia;Tgfb2;Dnm1l;Cd2ap;C1qtnf3
positive regulation of protein serine/threonine kinase activity (GO:0071902),GO_Biological_Process_2021,-0.5706348430203434,-1.6070945418154146,0.03225806451612903,0.2615146427609801,3/15,2.53%,Ppp2ca;Tgfb1;Adam17
Cytokine-cytokine receptor interaction,KEGG_2019_Mouse,-0.45518623673048514,-1.54244374330532,0.03125,0.2673400322956051,4/27,2.12%,Cxcl1;Tgfb3;Ccl2;Tgfb1
RNA splicing (GO:0008380),GO_Biological_Process_2021,-0.4548750170547831,-1.520778660588918,0.009302325581395349,0.27747114452973554,6/29,6.45%,Khsrp;Ppp2ca;Snrpf;Nono;Lsm6;Snrpg
TGF-beta signaling pathway,KEGG_2019_Mouse,-0.5238221196703106,-1.6088058367190734,0.015209125475285171,0.27802483244617016,5/20,3.56%,Ppp2ca;Neo1;Tgfb3;Tgfb1;Nbl1
cellular response to organic substance (GO:0071310),GO_Biological_Process_2021,-0.5511414754274929,-1.5275168603711855,0.045454545454545456,0.27916205308225833,3/16,2.12%,Khsrp;Ccl2;Tgfb1
positive regulation of cellular component organization (GO:0051130),GO_Biological_Process_2021,-0.5220336801487472,-1.6170567689448132,0.017167381974248927,0.28336857415883976,6/21,5.78%,Tgfb3;Bid;Tgfb1;Brk1;Gba;Bax
regulation of transforming growth factor beta receptor signaling pathway (GO:0017015),GO_Biological_Process_2021,-0.5671460584014429,-1.6303242941972471,0.023346303501945526,0.2835572571622748,3/18,2.53%,Ppm1a;Tgfb1;Adam17
negative regulation of multicellular organismal process (GO:0051241),GO_Biological_Process_2021,-0.4339022115858532,-1.4857158865867064,0.032,0.31188368151796886,5/29,4.33%,Ppp2ca;Tgfb1;Adam17;Arhgdib;Rheb
transforming growth factor beta receptor signaling pathway (GO:0007179),GO_Biological_Process_2021,-0.49333271186351874,-1.4673695948941454,0.059322033898305086,0.32253201298293716,9/20,19.35%,Adam9;Tgfb3;Tgfb1;Cgn;Tgfb2;Fkbp1a;Rps27a;Gdf15;Tgfbr3
Chemokine signaling pathway,KEGG_2019_Mouse,-0.4767337256938967,-1.4861521033057743,0.03773584905660377,0.32420734540232615,8/24,13.57%,Rap1b;Cxcl1;Ccl2;Gng12;Rock2;Stat1;Rac1;Ccl7
Human T-cell leukemia virus 1 infection,KEGG_2019_Mouse,-0.46573991382111807,-1.4713840510117648,0.04048582995951417,0.3266538211776344,5/23,5.78%,Mad2l1;Tgfb3;Tgfb1;Canx;Bax
proteasomal ubiquitin-independent protein catabolic process (GO:0010499),GO_Biological_Process_2021,-0.48134868138453635,-1.428413368572407,0.07407407407407407,0.34136085021461265,9/18,24.61%,Psma6;Psmb10;Psmb4;Psma8;Psmb9;Psmb7;Psmb3;Psmb5;Psma5
transmembrane receptor protein serine/threonine kinase signaling pathway (GO:0007178),GO_Biological_Process_2021,-0.45590053151505167,-1.4326305008324414,0.0593607305936073,0.3443382465268819,9/23,19.35%,Adam9;Tgfb3;Tgfb1;Cgn;Tgfb2;Fkbp1a;Rps27a;Gdf15;Tgfbr3
cellular response to transforming growth factor beta stimulus (GO:0071560),GO_Biological_Process_2021,-0.4619233785275049,-1.421942403103087,0.052884615384615384,0.3450013222808889,10/23,19.35%,Adam9;Tgfb3;Tgfb1;Cgn;Tgfb2;Fkbp1a;Rps27a;Gdf15;Pdcd5;Tgfbr3
integrin-mediated signaling pathway (GO:0007229),GO_Biological_Process_2021,-0.48013850244042033,-1.441145804952773,0.05092592592592592,0.3497976212647592,2/21,1.08%,Col16a1;Adam9
Hepatitis B,KEGG_2019_Mouse,-0.4563983452351837,-1.44655497744685,0.04065040650406504,0.35020358223274106,8/22,15.02%,Tgfb3;Bid;Tgfb1;Bax;Cyct;Stat1;Tgfb2;Ywhab
Chagas disease (American trypanosomiasis),KEGG_2019_Mouse,-0.5162653162008322,-1.4355578481526952,0.0749063670411985,0.3506396143835363,4/15,2.12%,Ppp2ca;Tgfb3;Ccl2;Tgfb1
cellular response to lipid (GO:0071396),GO_Biological_Process_2021,-0.4124580886779992,-1.403377080494798,0.06306306306306306,0.358271921151057,6/32,5.93%,Cxcl1;Adam9;Ccl2;Mgarp;Plaa;Ube2l3
Legionellosis,KEGG_2019_Mouse,-0.4540072092035841,-1.3978038410794458,0.06474820143884892,0.36052882356357335,4/19,8.10%,Cxcl1;Cyct;Sec22b;Arf1
cellular response to molecule of bacterial origin (GO:0071219),GO_Biological_Process_2021,-0.4526451375649462,-1.3920621063867338,0.0625,0.3626637312510889,4/20,5.83%,Cxcl1;Adam9;Ccl2;Plaa
inflammatory response (GO:0006954),GO_Biological_Process_2021,-0.4468149206132534,-1.4041129893659798,0.0694980694980695,0.3675166235143185,5/25,6.40%,Cxcl1;Ccl2;Tgfb1;Hnrnpa0;Aoc3
regulation of protein-containing complex assembly (GO:0043254),GO_Biological_Process_2021,-0.4327882123298632,-1.3658816012917427,0.07488986784140969,0.3759507489906772,6/24,5.78%,Cryab;Bid;Tgfb1;Brk1;Gba;Bax
cellular response to organic cyclic compound (GO:0071407),GO_Biological_Process_2021,-0.42688336908013175,-1.369119735206242,0.06538461538461539,0.3787567115954195,8/23,15.17%,Rap1b;Ccl2;Tgfb1;Mgarp;Ube2l3;Rock2;Actb;Tgm2
mRNA metabolic process (GO:0016071),GO_Biological_Process_2021,-0.411527446614799,-1.3763739128903045,0.07964601769911504,0.38323095224003273,6/30,6.45%,Nudt16l1;Hnrnpa0;Snrpf;Nono;Lsm6;Snrpg
Toxoplasmosis,KEGG_2019_Mouse,-0.4236680388496066,-1.3706548546034332,0.07450980392156863,0.38572611532999257,5/26,10.63%,Ppif;Tgfb3;Tgfb1;Cyct;Stat1
positive regulation of DNA biosynthetic process (GO:2000573),GO_Biological_Process_2021,-0.4669574231252206,-1.3319802987471723,0.12550607287449392,0.4174777936003525,6/18,10.84%,Tcp1;Pnkp;Cct6a;Cct7;Cct8;Cct5
cellular iron ion homeostasis (GO:0006879),GO_Biological_Process_2021,-0.45784970411655157,-1.3392656984918876,0.08921933085501858,0.4215907659609451,3/19,6.30%,Nedd8;Heph;Sod1
MAPK signaling pathway,KEGG_2019_Mouse,-0.36612107110454756,-1.3252909048047712,0.07960199004975124,0.42272096129580644,5/42,4.23%,Ppm1a;Rap1b;Tgfb3;Tgfb1;Gng12
Tuberculosis,KEGG_2019_Mouse,-0.40419709975849705,-1.3328675766251932,0.08403361344537816,0.4249719417832981,7/26,10.63%,Tgfb3;Bid;Rab5c;Tgfb1;Bax;Cyct;Stat1
regulation of protein phosphorylation (GO:0001932),GO_Biological_Process_2021,-0.3511875394556748,-1.2632092484347568,0.12849162011173185,0.5101309415224348,11/40,13.88%,Ppp2ca;Tgfb1;Adam17;Plxnb2;Sod1;Rock2;Tardbp;Fxr1;Igf2;Rac1;Ppia
AGE-RAGE signaling pathway in diabetic complications,KEGG_2019_Mouse,-0.39500623888430647,-1.2651703621927253,0.12831858407079647,0.5158504521912666,7/25,14.14%,Tgfb3;Ccl2;Tgfb1;Bax;Stat1;Rac1;Tgfb2
RNA processing (GO:0006396),GO_Biological_Process_2021,-0.3391622118499377,-1.2561223332637568,0.09032258064516129,0.5180142449691209,9/48,6.45%,Khsrp;Ppp2ca;Piwil2;Hnrnpa0;Snrpf;Nono;Lsm6;Hnrnpul1;Snrpg
cytoskeleton organization (GO:0007010),GO_Biological_Process_2021,-0.45368700322057975,-1.2800673449714646,0.17073170731707318,0.5210864779213732,6/15,16.62%,Ccl2;Prpf40a;Bin1;Rac1;Ccl7;Epb41l3
mitochondrion organization (GO:0007005),GO_Biological_Process_2021,-0.39248309622517286,-1.267168061409234,0.1607843137254902,0.5214147207578724,6/24,7.38%,Bid;Gba;Timm9;Mgarp;Bax;Timm50
Hippo signaling pathway,KEGG_2019_Mouse,-0.40886664952532425,-1.2501277278949618,0.15918367346938775,0.5224211440769264,10/21,15.02%,Ppp2ca;Tgfb3;Tgfb1;Ppp1ca;Ywhae;Ppp1cc;Ywhah;Actb;Tgfb2;Ywhab
regulation of epithelial cell proliferation (GO:0050678),GO_Biological_Process_2021,-0.4473573348577744,-1.2743773184678848,0.1906474820143885,0.5247748984899099,9/16,26.99%,Tgfb1;Cdc73;Tgfb2;Tgfbr3;Gpx1;Grn;B2m;Egfr;Srsf6
Hypertrophic cardiomyopathy (HCM),KEGG_2019_Mouse,-0.4326036679879132,-1.269483703889125,0.14925373134328357,0.5267835223403076,5/18,14.14%,Tgfb3;Tgfb1;Tpm3;Actb;Tgfb2
regulation of protein binding (GO:0043393),GO_Biological_Process_2021,-0.40954142664930326,-1.2369396964081525,0.1801470588235294,0.545086698590191,8/20,15.89%,Ppp2ca;Ppp1ca;Bax;Bag2;Lrpap1;Actb;Fkbp1a;Rpl11
TNF signaling pathway,KEGG_2019_Mouse,-0.4096468600710975,-1.2041626747714713,0.1839080459770115,0.5572220828541313,5/18,14.76%,Cxcl1;Ccl2;Mmp14;Lif;Dnm1l
positive regulation of I-kappaB kinase/NF-kappaB signaling (GO:0043123),GO_Biological_Process_2021,-0.3926865113932697,-1.2132013533465977,0.19083969465648856,0.5599539661263924,10/21,24.25%,Ppm1a;S100a13;Ppp5c;Lgals1;Fkbp1a;Shisa5;Vapa;Cant1;S100a4;Hmox1
positive regulation of epithelial cell migration (GO:0010634),GO_Biological_Process_2021,-0.3949195658917598,-1.2085138308244057,0.18333333333333332,0.5639046834661133,6/20,18.16%,Adam9;Rock2;Rac1;Tgfb2;Enpp2;Ctsh
phosphate-containing compound metabolic process (GO:0006796),GO_Biological_Process_2021,-0.3386882623182238,-1.2044864935626143,0.13953488372093023,0.5650118906141394,6/40,5.83%,Ppm1a;Pnkp;Tgfb1;Thnsl2;Ppp1ca;Plaa
Amoebiasis,KEGG_2019_Mouse,-0.3681772469392867,-1.214627132107097,0.1700404858299595,0.565541518089016,3/28,2.12%,Tgfb3;Rab5c;Tgfb1
Ras signaling pathway,KEGG_2019_Mouse,-0.3742555929495942,-1.194345987258826,0.18181818181818182,0.5656078250471198,3/25,4.23%,Rap1b;Rab5c;Gng12
response to lipid (GO:0033993),GO_Biological_Process_2021,-0.4395634690545791,-1.2248670703436888,0.22302158273381295,0.5664752119129108,4/15,8.98%,Tgfb1;Adam17;Hnrnpa0;Rbp4
Cellular senescence,KEGG_2019_Mouse,-0.40196581585297453,-1.196159425252346,0.21705426356589147,0.5695858917028754,5/19,7.12%,Tgfb3;Tgfb1;Rheb;Ppp1ca;Ppp1cc
negative regulation of epithelial cell proliferation (GO:0050680),GO_Biological_Process_2021,-0.4402392584595645,-1.2198308478988276,0.18473895582329317,0.570853291821187,5/15,14.14%,Tgfb1;Sulf1;Stat1;Cdc73;Tgfb2
regulation of neuron apoptotic process (GO:0043523),GO_Biological_Process_2021,-0.41494786416558094,-1.2152133192503412,0.2033898305084746,0.573895419290104,6/18,14.14%,Tgfb3;Ccl2;Bax;Sod1;Snx6;Tgfb2
negative regulation of supramolecular fiber organization (GO:1902904),GO_Biological_Process_2021,-0.387650090216748,-1.18002372202275,0.2412280701754386,0.5953360275152568,8/21,19.40%,Cryab;Arpin;Stmn2;Pfdn1;Eml2;Pfdn2;Pfdn6;Pfn2
positive regulation of substrate adhesion-dependent cell spreading (GO:1900026),GO_Biological_Process_2021,-0.41979060508168287,-1.173004067521645,0.23674911660777384,0.5963920202903943,5/15,14.19%,S100a10;Fga;Fgb;Rac1;C1qbp
positive regulation of cellular component biogenesis (GO:0044089),GO_Biological_Process_2021,-0.3819315510149481,-1.1753975756668016,0.25,0.5988798529028505,4/22,5.78%,Bid;Tgfb1;Brk1;Bax
Herpes simplex virus 1 infection,KEGG_2019_Mouse,-0.3597812739867869,-1.1500206974475742,0.2542372881355932,0.6521276328134243,7/26,7.43%,Bid;Ccl2;Rheb;Ppp1ca;Bax;Ppp1cc;Cyct
Dilated cardiomyopathy (DCM),KEGG_2019_Mouse,-0.3805351714038481,-1.135978356875043,0.27340823970037453,0.6563504759491264,5/18,14.14%,Tgfb3;Tgfb1;Tpm3;Actb;Tgfb2
Leukocyte transendothelial migration,KEGG_2019_Mouse,-0.35719988239743616,-1.1420064782738797,0.2591093117408907,0.6567481372706517,5/23,13.42%,Rap1b;Myl9;Rock2;Actb;Rac1
positive regulation of cellular catabolic process (GO:0031331),GO_Biological_Process_2021,-0.39467511906234665,-1.1195811791400332,0.3157894736842105,0.6588049405652395,2/15,1.08%,Khsrp;Adam9
negative regulation of apoptotic signaling pathway (GO:2001234),GO_Biological_Process_2021,-0.3944561237619656,-1.138070852324451,0.275092936802974,0.658991725349324,2/17,3.66%,Ppif;Triap1
regulation of signal transduction (GO:0009966),GO_Biological_Process_2021,-0.33180034307373196,-1.1432809974519804,0.2511415525114155,0.6622956795356222,3/28,2.94%,Ppp2ca;Tgfb1;Sulf1
neuron projection development (GO:0031175),GO_Biological_Process_2021,-0.3767860594452948,-1.1206624362830746,0.28991596638655465,0.664022805878278,4/19,7.95%,Nbl1;Gba;Stmn2;Ehd1
cell junction organization (GO:0034330),GO_Biological_Process_2021,-0.3971870169015933,-1.1294718179543455,0.31521739130434784,0.6656024808846862,2/16,2.12%,Tgfb3;Tgfb1
dephosphorylation (GO:0016311),GO_Biological_Process_2021,-0.3338947753125626,-1.1247944642219054,0.24311926605504589,0.6701498329030521,8/33,7.38%,Ppm1a;Ppp2ca;Pnkp;Thnsl2;Ppp1ca;Ppm1l;Ppp1cc;Timm50
Protein digestion and absorption,KEGG_2019_Mouse,-0.36518364477276544,-1.0863393385342768,0.3576923076923077,0.6707653981425904,3/17,7.22%,Col12a1;Col18a1;Prcp
regulation of Wnt signaling pathway (GO:0030111),GO_Biological_Process_2021,-0.3898559644876623,-1.1210177900713607,0.2736842105263158,0.6716067176668726,4/16,4.49%,Ppp2ca;Spin1;Sulf1;Ppp1ca
cellular response to interleukin-12 (GO:0071349),GO_Biological_Process_2021,-0.32255893193174656,-1.0873291342421691,0.2938388625592417,0.6757200381157107,5/28,8.10%,Tcp1;Rap1b;Taldo1;Sod1;Arf1
interleukin-12-mediated signaling pathway (GO:0035722),GO_Biological_Process_2021,-0.32255893193174656,-1.0873291342421691,0.2938388625592417,0.6757200381157107,5/28,8.10%,Tcp1;Rap1b;Taldo1;Sod1;Arf1
protein stabilization (GO:0050821),GO_Biological_Process_2021,-0.2968545014572127,-1.08902627497246,0.3125,0.6870820219371782,18/47,20.33%,Cryab;Tcp1;Cct6a;Cct7;Bag2;Rab21;Cct8;Cct5;Ppib;Pdcd10;Crtap;Rpl11;Bag1;Cct4;Pfn2;Bag5;Cct2;Cct3
iron ion transport (GO:0006826),GO_Biological_Process_2021,-0.37029097726268106,-1.076193792434129,0.30434782608695654,0.6925110186074438,4/16,7.28%,Heph;Atp6v1f;Atp6v1d;Atp6v1b2
positive regulation of protein-containing complex assembly (GO:0031334),GO_Biological_Process_2021,-0.3209889612244389,-1.073248297026318,0.3347457627118644,0.6926973321613975,5/28,5.78%,Rap1b;Bid;Tgfb1;Brk1;Bax
cellular protein localization (GO:0034613),GO_Biological_Process_2021,-0.2847883946386064,-1.0892862887200352,0.27972027972027974,0.6945834560186673,11/56,9.24%,Rab5c;Fbln5;Ift22;Arl1;Prpf19;Copz1;Ap3d1;Ehd1;Arf1;Ywhah;Rab21
positive regulation of signal transduction (GO:0009967),GO_Biological_Process_2021,-0.3353582112173551,-1.1001446125387453,0.29596412556053814,0.698077096961941,9/27,14.14%,Spin1;Sulf1;Bax;Macf1;Igf2;Smarcb1;Pdcd10;Cdc73;Tgfb2
regulation of phosphorylation (GO:0042325),GO_Biological_Process_2021,-0.35231189531908613,-1.1031292479686499,0.30196078431372547,0.6980861317858641,3/22,6.66%,Ppp2ca;Plxnb2;Ang
negative regulation of cell population proliferation (GO:0008285),GO_Biological_Process_2021,-0.2970510779930257,-1.089449521207954,0.2696629213483146,0.7025179854725515,16/42,19.35%,Cxcl1;Tgfb3;Col18a1;Tgfb1;Ang;Rbp4;Nmi;Fabp3;Ogn;Cdc73;Tgfb2;Csnk2b;Pdcd5;Adamts1;S100a11;Tgfbr3
response to metal ion (GO:0010038),GO_Biological_Process_2021,-0.36952153470915305,-1.0917345301314298,0.31645569620253167,0.7044264119354795,6/18,13.00%,Ppp2ca;Adam9;Ppp1ca;Ppp5c;Fga;Fgb
response to cytokine (GO:0034097),GO_Biological_Process_2021,-0.33999647963806595,-1.0938960496158,0.2804878048780488,0.7068953228693159,5/22,11.61%,Khsrp;Adam9;Dpysl3;Stat1;Ifitm3
Human cytomegalovirus infection,KEGG_2019_Mouse,-0.3134562293747029,-1.059888067597258,0.37777777777777777,0.7085833360304816,7/31,9.96%,Bid;Ccl2;Gng12;Rheb;Bax;Cyct;Rock2
Kaposi sarcoma-associated herpesvirus infection,KEGG_2019_Mouse,-0.32188469920638324,-1.0623823734577467,0.3497942386831276,0.7090768252606794,8/26,13.42%,Cxcl1;Bid;Gng12;Bax;Cyct;Stat1;Gabarap;Rac1
positive regulation of protein modification process (GO:0031401),GO_Biological_Process_2021,-0.32179783967250786,-1.063897006992572,0.32340425531914896,0.7123323531016326,8/29,13.88%,Tgfb1;Adam17;Gba;Rock2;Fxr1;Igf2;Rac1;Ppia
negative regulation of cellular process (GO:0048523),GO_Biological_Process_2021,-0.2472624692315931,-1.0518441198832096,0.3090909090909091,0.716355921722401,8/84,2.84%,Cryab;Ppp2ca;Cxcl1;Tgfb3;Col18a1;Tgfb1;Piwil2;Arhgdib
cellular response to growth factor stimulus (GO:0071363),GO_Biological_Process_2021,-0.3318701071954655,-1.0487510039762338,0.36065573770491804,0.7181917684433934,4/24,7.95%,Ccl2;Tgfb1;Stmn2;Ehd1
negative regulation of protein modification process (GO:0031400),GO_Biological_Process_2021,-0.36813704666386843,-1.045041582771792,0.3726937269372694,0.7208592524985349,6/16,15.02%,Pnkp;Tgfb1;Tardbp;Ppia;Crtap;Ywhab
collagen fibril organization (GO:0030199),GO_Biological_Process_2021,-0.2947931907001986,-1.0523417502253307,0.37438423645320196,0.7225148384439981,3/38,2.06%,Col16a1;Col12a1;Col18a1
negative regulation of apoptotic process (GO:0043066),GO_Biological_Process_2021,-0.25354978899563646,-1.0381591856535934,0.34951456310679613,0.7317184084552509,8/89,3.66%,Cryab;Ppif;Ddah2;Mad2l1;Tgfb3;Bid;Ccl2;Triap1
Cell adhesion molecules (CAMs),KEGG_2019_Mouse,-0.3464329829592733,-1.0289408537247982,0.37318840579710144,0.7354494987091563,3/18,13.05%,Neo1;Glg1;Cdh2
tumor necrosis factor-mediated signaling pathway (GO:0033209),GO_Biological_Process_2021,-0.2533349258056745,-1.0061722785843759,0.391025641025641,0.7371711552553621,10/53,11.09%,Txndc17;Adam17;Psmd6;Psmd5;Psma6;Psmb10;Psmb4;Eif5a;Stat1;Psme3
negative regulation of blood vessel morphogenesis (GO:2000181),GO_Biological_Process_2021,-0.3452461851584787,-1.0332861947201883,0.3952569169960474,0.7385138828326997,5/17,18.32%,Sulf1;Rock2;Stat1;Tgfb2;Adamts1
cellular response to oxygen-containing compound (GO:1901701),GO_Biological_Process_2021,-0.26828350134612966,-1.02974430888986,0.3503184713375796,0.7406436828170518,4/55,2.01%,Rap1b;Cxcl1;Adam9;Ccl2
IL-17 signaling pathway,KEGG_2019_Mouse,-0.35818575263333297,-1.0071616376835772,0.41295546558704455,0.7411480707151233,2/18,2.01%,Cxcl1;Ccl2
supramolecular fiber organization (GO:0097435),GO_Biological_Process_2021,-0.2427379983352809,-1.0144475064466612,0.43089430894308944,0.741212797265508,6/84,2.27%,Col16a1;Col12a1;Itm2b;Fbln5;Col18a1;Efemp2
positive regulation of establishment of protein localization to mitochondrion (GO:1903749),GO_Biological_Process_2021,-0.34863853939295236,-1.0158698905532364,0.42207792207792205,0.7438742033502237,4/15,9.18%,Bid;Ube2l3;Ywhae;Ywhah
positive regulation of intracellular signal transduction (GO:1902533),GO_Biological_Process_2021,-0.2506757313993046,-1.010174351675668,0.4028776978417266,0.7464798023824202,18/78,15.27%,Ppm1a;Bid;Tgfb1;Rheb;Bax;S100a13;Nmi;Rock2;Ppp5c;Lif;Igf2;Rac1;Tgfb2;C1qbp;Lgals1;Dnm1l;Tgm2;Fkbp1a
negative regulation of angiogenesis (GO:0016525),GO_Biological_Process_2021,-0.3249124842590017,-0.9857624736637679,0.42857142857142855,0.7467552771122239,5/18,18.32%,Sulf1;Rock2;Stat1;Tgfb2;Adamts1
Ras protein signal transduction (GO:0007265),GO_Biological_Process_2021,-0.3177023772309071,-1.0225676971840314,0.41935483870967744,0.7471266711066944,3/26,2.84%,Rap1b;Brk1;Arhgdib
positive regulation of Wnt signaling pathway (GO:0030177),GO_Biological_Process_2021,-0.25934536206361514,-1.0072978178410423,0.4563758389261745,0.7476776136865404,13/59,13.62%,Ppm1a;Tgfb1;Spin1;Sulf1;Psmd6;Psmd5;Psma6;Psmb10;Psmb4;Macf1;Psme3;Cdc73;Psma8
microtubule cytoskeleton organization involved in mitosis (GO:1902850),GO_Biological_Process_2021,-0.30629199890174824,-0.9823269521514876,0.4774774774774775,0.7497516931367131,3/22,7.12%,Mad2l1;Rmdn1;Ppp1cc
negative regulation of protein metabolic process (GO:0051248),GO_Biological_Process_2021,-0.3396017605286678,-1.018796297599062,0.4230769230769231,0.7504308247207209,2/19,1.14%,Cryab;Mad2l1
protein localization to membrane (GO:0072657),GO_Biological_Process_2021,-0.33009611334781297,-0.9866582955844378,0.47346938775510206,0.7507390760327266,6/21,10.94%,Bid;Ap3d1;Ehd1;Lin7c;Rock2;S100a10
positive regulation of multicellular organismal process (GO:0051240),GO_Biological_Process_2021,-0.26063732052901284,-1.0160212844996466,0.3933333333333333,0.7508260277273447,13/51,15.07%,Tgfb3;Tgfb1;Ybx2;Mfap2;Sod1;S100a13;Fga;Ppib;Lrpap1;Fgb;Tgfb2;C1qbp;Fabp4
apoptotic process (GO:0006915),GO_Biological_Process_2021,-0.30821713053614264,-0.9963633032156534,0.44144144144144143,0.7512763250286414,3/25,5.78%,Ppp2ca;Bid;Bax
extracellular structure organization (GO:0043062),GO_Biological_Process_2021,-0.23473633360890347,-0.9869066875380597,0.5,0.7565662695630693,7/78,9.08%,Col16a1;Fbln5;Col18a1;Nid2;Mfap2;Mmp14;Adamts4
external encapsulating structure organization (GO:0045229),GO_Biological_Process_2021,-0.23473633360890347,-0.9869066875380597,0.5,0.7565662695630693,7/78,9.08%,Col16a1;Fbln5;Col18a1;Nid2;Mfap2;Mmp14;Adamts4
cell-matrix adhesion (GO:0007160),GO_Biological_Process_2021,-0.2948271553088445,-0.9970596132337461,0.46703296703296704,0.7566144041744719,6/31,13.42%,Adam9;Fbln5;Nid2;Fga;Fgb;Rac1
Hepatitis C,KEGG_2019_Mouse,-0.29666815025083976,-0.9884668288021249,0.4713656387665198,0.7657727441912032,8/28,11.09%,Ppp2ca;Bid;Bax;Ywhae;Cyct;Ywhah;Stat1;Psme3
Influenza A,KEGG_2019_Mouse,-0.3073218629847542,-0.9671094665802515,0.49242424242424243,0.7732018599764533,5/21,13.26%,Ccl2;Hnrnpul1;Cyct;Stat1;Actb
Sphingolipid signaling pathway,KEGG_2019_Mouse,-0.3400420890574833,-0.9675362004009459,0.5154639175257731,0.778394336019724,6/16,16.15%,Ppp2ca;Bid;Bax;Rock2;Rac1;Sptlc2
positive regulation of transferase activity (GO:0051347),GO_Biological_Process_2021,-0.29512658778445594,-0.9676329432511825,0.5321888412017167,0.7847922448976304,4/26,5.93%,Tcp1;Pnkp;Tgfb1;Ube2l3
negative regulation of intracellular signal transduction (GO:1902532),GO_Biological_Process_2021,-0.2989736373247544,-0.954037953253795,0.5502392344497608,0.8026514426125949,2/25,0.72%,Ppm1a;Ppif
positive regulation of cell morphogenesis involved in differentiation (GO:0010770),GO_Biological_Process_2021,-0.3158950530408824,-0.93210211618453,0.5583941605839416,0.8166380747422272,5/17,14.19%,S100a10;Fga;Fgb;Rac1;C1qbp
negative regulation of cell adhesion (GO:0007162),GO_Biological_Process_2021,-0.3315277074334411,-0.9342389179308843,0.5643939393939394,0.8171618798216452,3/18,4.85%,Tgfb1;Arhgdib;Plxnb2
positive regulation of cell migration (GO:0030335),GO_Biological_Process_2021,-0.24060513334213007,-0.9402407645346053,0.5524475524475524,0.8203672045480207,14/61,18.94%,Adam9;Tgfb1;Adam17;Plaa;Mmp14;Rock2;Pdcd10;Ccl7;Tgfb2;C1qbp;Enpp2;Ctsh;S100a11;Mien1
positive regulation of nucleic acid-templated transcription (GO:1903508),GO_Biological_Process_2021,-0.2620365231739589,-0.9279352628062074,0.6184971098265896,0.8212103788574446,4/40,2.79%,Ppm1a;Tgfb3;Tgfb1;Spin1
circulatory system development (GO:0072359),GO_Biological_Process_2021,-0.32434854998921414,-0.9082151808556256,0.5740072202166066,0.8228656164112591,4/15,14.14%,Tgfb1;Pdlim1;Rbp4;Tgfb2
regulation of cell migration (GO:0030334),GO_Biological_Process_2021,-0.22939299575043112,-0.9441387112923283,0.6060606060606061,0.8231640821663636,13/80,13.57%,Adam9;Tgfb1;Adam17;Sulf1;Plxnb2;Arpin;Mmp14;Rock2;Dpysl3;Macf1;Pdcd10;Rac1;Ccl7
Oocyte meiosis,KEGG_2019_Mouse,-0.3010405111650843,-0.9343213821765669,0.5447761194029851,0.8233682309897524,6/21,9.18%,Ppp2ca;Mad2l1;Ppp1ca;Ywhae;Ppp1cc;Ywhah
cytokine-mediated signaling pathway (GO:0019221),GO_Biological_Process_2021,-0.20987607547681322,-0.9416096709245844,0.6428571428571429,0.8235707200666097,21/145,11.61%,Tcp1;Rap1b;Cxcl1;Txndc17;Ccl2;Tgfb1;Adam17;Canx;Taldo1;Psmd6;Sod1;Psmd5;Psma6;Psmb10;Arf1;Psmb4;Eif5a;Stat1;Lif;Psme3;Ifitm3
cell morphogenesis involved in differentiation (GO:0000904),GO_Biological_Process_2021,-0.33177327093083725,-0.9174098332151349,0.5695364238410596,0.823786821854516,15/15,67.13%,Rac1;Lamb3;Rhoa;Efna1;Lamc1;Lamb1;Reln;Fn1;Nrp1;Tbcd;Parva;Actn1;Lamb2;Lama5;Fermt2
cellular response to organonitrogen compound (GO:0071417),GO_Biological_Process_2021,-0.3259207114768923,-0.9101709549654659,0.6181818181818182,0.8243593064195601,1/15,0.67%,Rap1b
positive regulation of hydrolase activity (GO:0051345),GO_Biological_Process_2021,-0.30414763307543435,-0.9190119762978183,0.5840336134453782,0.8254770410281441,7/20,20.49%,Ccl2;Zc3h15;S100a10;Ccl7;Tgm2;Ctsh;Psap
negative regulation of neuron death (GO:1901215),GO_Biological_Process_2021,-0.3036055904795407,-0.93537986434242,0.542016806722689,0.8268843942537656,4/21,6.30%,Tgfb3;Ccl2;Gba;Sod1
nervous system development (GO:0007399),GO_Biological_Process_2021,-0.25495466514759774,-0.9226095370874935,0.6145251396648045,0.8289242197370552,5/44,4.54%,Cxcl1;Itm2b;Tgfb1;Nbl1;Gda
phosphorylation (GO:0016310),GO_Biological_Process_2021,-0.28658780778095033,-0.910642875284669,0.5550660792951542,0.8293695837212317,3/24,2.12%,Pnkp;Ccl2;Tgfb1
neuron development (GO:0048666),GO_Biological_Process_2021,-0.30396219425988613,-0.9190818085720351,0.591304347826087,0.8316553715070354,3/20,7.95%,Gba;Stmn2;Ehd1
mitotic spindle organization (GO:0007052),GO_Biological_Process_2021,-0.27559238611083886,-0.9116557136315688,0.6098654708520179,0.8326725062934689,3/26,7.12%,Mad2l1;Rmdn1;Ppp1cc
extracellular matrix organization (GO:0030198),GO_Biological_Process_2021,-0.20861483421007285,-0.9008843730420028,0.7529411764705882,0.8364795281849706,15/107,14.14%,Col16a1;Col12a1;Fbln5;Col18a1;Tgfb1;Nid2;Mfap2;Mmp14;Htra1;Adamts4;Fga;Ppib;Fgb;Crtap;Tgfb2
positive regulation of cytokine production (GO:0001819),GO_Biological_Process_2021,-0.24509082260561416,-0.8816106216180004,0.689119170984456,0.8397365772187793,6/39,9.96%,Tgfb1;Adam17;Sulf1;Sod1;S100a13;Rock2
amyloid fibril formation (GO:1990000),GO_Biological_Process_2021,-0.32113087236968246,-0.8823998569575703,0.6035087719298246,0.8437265721103843,4/15,15.63%,Itm2b;Fga;Fkbp1a;Rps27a
Measles,KEGG_2019_Mouse,-0.30725294976695794,-0.8912589688668081,0.6022727272727273,0.8469767557624124,4/16,10.63%,Bid;Bax;Cyct;Stat1
muscle contraction (GO:0006936),GO_Biological_Process_2021,-0.2879112165008311,-0.8835460913686556,0.6498054474708171,0.8471064311142237,5/21,11.30%,Cryab;Myl9;Tpm3;Rock2;Gamt
FoxO signaling pathway,KEGG_2019_Mouse,-0.3099907794387647,-0.8935775451898407,0.5787401574803149,0.8476630640939202,2/17,2.12%,Tgfb3;Tgfb1
positive regulation of response to external stimulus (GO:0032103),GO_Biological_Process_2021,-0.30226410789682523,-0.8841564964004054,0.6226415094339622,0.8516688056176519,2/17,9.75%,Tgfb1;Nmi
positive regulation of endothelial cell migration (GO:0010595),GO_Biological_Process_2021,-0.28700163479480123,-0.8864744549949601,0.6263736263736264,0.8521708449609242,4/22,13.42%,Tgfb1;Adam17;Rock2;Rac1
negative regulation of cell growth (GO:0030308),GO_Biological_Process_2021,-0.3075067465703101,-0.8710032212546343,0.6568265682656826,0.8528190882606111,2/15,2.12%,Ppp2ca;Tgfb1
negative regulation of growth (GO:0045926),GO_Biological_Process_2021,-0.3075067465703101,-0.8710032212546343,0.6568265682656826,0.8528190882606111,2/15,2.12%,Ppp2ca;Tgfb1
Non-alcoholic fatty liver disease (NAFLD),KEGG_2019_Mouse,-0.29533434139213427,-0.8624104163115341,0.6555555555555556,0.8661521770118947,5/17,8.67%,Bid;Tgfb1;Bax;Cyct;Cox5b
regulation of cell growth (GO:0001558),GO_Biological_Process_2021,-0.24743393864251523,-0.8533926834453155,0.7203791469194313,0.8687756373793265,3/33,2.53%,Ppp2ca;Tgfb1;Adam17
positive regulation of cell motility (GO:2000147),GO_Biological_Process_2021,-0.22685413571091928,-0.8540560801932181,0.7371428571428571,0.8727703248491375,7/51,13.57%,Adam9;Tgfb1;Adam17;Mmp14;Rock2;Pdcd10;Ccl7
proteolysis (GO:0006508),GO_Biological_Process_2021,-0.21607397050450441,-0.8547082593274832,0.8068965517241379,0.8772906005083438,8/63,8.62%,Nedd8;Adam17;Ube3a;Psmd6;Prcp;Psma6;Mmp14;Htra1
Spliceosome,KEGG_2019_Mouse,-0.2177557057384099,-0.8464046555404906,0.8523489932885906,0.8775661093711836,12/59,13.67%,Snrpf;Ddx46;Prpf19;Lsm6;Sf3b5;Snrpg;Lsm8;Phf5a;Prpf40a;Hnrnpm;Snrpe;Ppih
negative regulation of cell migration (GO:0030336),GO_Biological_Process_2021,-0.2578949180914567,-0.8349894307262022,0.7552742616033755,0.8838802665172051,3/28,4.90%,Arhgdib;Sulf1;Arpin
toll-like receptor signaling pathway (GO:0002224),GO_Biological_Process_2021,-0.2802613152680893,-0.8319739671049188,0.6528925619834711,0.8842155114051942,8/19,20.64%,Nmi;Fga;Cnpy3;Fgb;Rps27a;S100a14;Colec12;Fgg
regulation of cell adhesion (GO:0030155),GO_Biological_Process_2021,-0.2647063079251199,-0.8350133630038589,0.7553648068669528,0.8895721816235935,3/24,4.85%,Ppp2ca;Arhgdib;Plxnb2
intracellular protein transport (GO:0006886),GO_Biological_Process_2021,-0.20125066600844377,-0.8164660365305403,0.8818897637795275,0.8911276272233397,12/66,11.25%,Rab5c;Tgfb1;Ift22;Arl1;Copz1;Ap3d1;Ehd1;Arf1;Ywhah;Rab21;Snx6;Ranbp3
regulation of I-kappaB kinase/NF-kappaB signaling (GO:0043122),GO_Biological_Process_2021,-0.26352602276249737,-0.8370091552154556,0.7541666666666667,0.8912114137934926,6/26,15.27%,Ppm1a;S100a13;Ppp5c;Stat1;Lgals1;Fkbp1a
response to amino acid starvation (GO:1990928),GO_Biological_Process_2021,-0.2913803958381392,-0.8171689570962081,0.7192982456140351,0.8954698492835237,4/16,7.28%,Rheb;Atp6v1f;Atp6v1d;Atp6v1b2
cellular response to amino acid starvation (GO:0034198),GO_Biological_Process_2021,-0.2913803958381392,-0.8171689570962081,0.7192982456140351,0.8954698492835237,4/16,7.28%,Rheb;Atp6v1f;Atp6v1d;Atp6v1b2
Human papillomavirus infection,KEGG_2019_Mouse,-0.209407427720354,-0.8173607356273166,0.8609271523178808,0.9065038427707859,7/57,7.28%,Ppp2ca;Ube3a;Rheb;Bax;Atp6v1f;Atp6v1d;Atp6v1b2
positive regulation of macromolecule biosynthetic process (GO:0010557),GO_Biological_Process_2021,-0.23878599778720053,-0.801580259858862,0.8,0.9123824883618459,7/31,14.14%,Ccl2;Piwil2;Plxnb2;Hsph1;Fxr1;Igf2;Tgfb2
antigen processing and presentation of peptide antigen via MHC class II (GO:0002495),GO_Biological_Process_2021,-0.23638156656444603,-0.7869512828676889,0.8186046511627907,0.9196249870104384,6/30,9.86%,Canx;Dctn3;Actr1a;Ap1s1;Arf1;Ap2s1
antigen processing and presentation of exogenous peptide antigen (GO:0002478),GO_Biological_Process_2021,-0.23638156656444603,-0.7869512828676889,0.8186046511627907,0.9196249870104384,6/30,9.86%,Canx;Dctn3;Actr1a;Ap1s1;Arf1;Ap2s1
antigen processing and presentation of exogenous peptide antigen via MHC class II (GO:0019886),GO_Biological_Process_2021,-0.23638156656444603,-0.7869512828676889,0.8186046511627907,0.9196249870104384,6/30,9.86%,Canx;Dctn3;Actr1a;Ap1s1;Arf1;Ap2s1
proteolysis involved in cellular protein catabolic process (GO:0051603),GO_Biological_Process_2021,-0.25161823410351347,-0.7750022436582782,0.8127659574468085,0.9266113983151192,6/22,18.16%,Nedd8;Prpf19;Psma6;Psma8;Rps27a;Ctsh
regulation of substrate adhesion-dependent cell spreading (GO:1900024),GO_Biological_Process_2021,-0.2528324684535624,-0.7701361197823549,0.8270676691729323,0.9281425270528997,5/19,14.19%,S100a10;Fga;Fgb;Rac1;C1qbp
positive regulation of protein metabolic process (GO:0051247),GO_Biological_Process_2021,-0.24316856020762379,-0.7770861497851717,0.8026315789473685,0.929075108914189,4/23,9.96%,Tgfb1;Gba;Sec22b;Rock2
Human immunodeficiency virus 1 infection,KEGG_2019_Mouse,-0.22693832037726286,-0.759457946019246,0.881578947368421,0.9368586791987491,5/30,7.43%,Bid;Gng12;Bax;Ap1s1;Cyct
Rap1 signaling pathway,KEGG_2019_Mouse,-0.2140619976133521,-0.7134541360645739,0.9217391304347826,0.9465088634815775,1/28,0.67%,Rap1b
protein processing (GO:0016485),GO_Biological_Process_2021,-0.2437128559833955,-0.7162439919009544,0.8549019607843137,0.9491296703992904,2/17,8.31%,Adam17;Mmp14
defense response to bacterium (GO:0042742),GO_Biological_Process_2021,-0.23781850172308555,-0.7249120268029041,0.9014598540145985,0.950863023715471,2/21,6.66%,Adam17;Ang
regulation of inflammatory response (GO:0050727),GO_Biological_Process_2021,-0.224279185762013,-0.7438403398345348,0.8854625550660793,0.9514879964701538,4/27,11.20%,Gba;Psma6;Nmi;Snx6
response to reactive oxygen species (GO:0000302),GO_Biological_Process_2021,-0.23257697588045392,-0.7180030225493329,0.8770491803278688,0.9524626159606576,2/19,6.30%,Adam9;Sod1
Salmonella infection,KEGG_2019_Mouse,-0.2235019096434405,-0.725846968466019,0.9004149377593361,0.9554117458122628,5/24,14.65%,Cxcl1;Rock2;Actb;Rac1;Arpc4
regulation of neuron projection development (GO:0010975),GO_Biological_Process_2021,-0.23734937125362565,-0.6966575827259762,0.9109311740890689,0.9567142530783878,4/19,13.05%,Plxnb2;Stmn2;Dpysl3;Cdh2
regulation of endothelial cell migration (GO:0010594),GO_Biological_Process_2021,-0.2539021852237253,-0.7273703242973697,0.8576923076923076,0.9593882309397359,16/16,74.87%,Prcp;Rock2;Rac1;Grn;Glul;Thbs1;Nrp1;Smoc2;Vegfa;Calr;Dcn;Gpi;Apoe;Sparc;Pdcd6;Agt
anaphase-promoting complex-dependent catabolic process (GO:0031145),GO_Biological_Process_2021,-0.19601545124610711,-0.730667378573519,0.9647058823529412,0.9614034932439167,13/48,18.58%,Mad2l1;Psmd6;Psmd5;Psma6;Psmb10;Psmb4;Psme3;Psma8;Rps27a;Psmb9;Psmb7;Psmb3;Cdc26
extracellular matrix disassembly (GO:0022617),GO_Biological_Process_2021,-0.2154433907060125,-0.6704154490785968,0.9541666666666667,0.9619962233801979,3/23,9.08%,Mmp14;Htra1;Adamts4
cellular component disassembly (GO:0022411),GO_Biological_Process_2021,-0.2154433907060125,-0.6704154490785968,0.9541666666666667,0.9619962233801979,3/23,9.08%,Mmp14;Htra1;Adamts4
regulation of angiogenesis (GO:0045765),GO_Biological_Process_2021,-0.18970047293746714,-0.6574682680883203,0.9705882352941176,0.9656740927407094,35/35,81.42%,Sulf1;Rock2;Stat1;Tgfb2;Ctsh;Adamts1;Grn;Hmox1;Gtf2i;Glul;Thbs2;Hspg2;Thbs1;Ecm1;Col4a2;Smoc2;Vegfa;Cd34;Ago2;Pf4;Dcn;Mydgf;Emilin1;Itgb1;Hspb1;Serpine1;Chi3l1;Sema3e;Sparc;Jup;Pdcd6;Serpinf1;Rnh1;Pgk1;Sema5a
positive regulation of cell projection organization (GO:0031346),GO_Biological_Process_2021,-0.23372361880128179,-0.6764789893950076,0.9246031746031746,0.9681301211757631,3/18,10.06%,Plxnb2;Stmn2;Dpysl3
positive regulation of cell growth (GO:0030307),GO_Biological_Process_2021,-0.20084634290673323,-0.615072701096878,0.9734513274336283,0.9779529223941934,4/24,10.32%,Adam17;Plaa;Mmp14;Macf1
negative regulation of cell motility (GO:2000146),GO_Biological_Process_2021,-0.20646276212192588,-0.6173075432564821,0.95,0.9823361617080039,3/19,10.06%,Sulf1;Arpin;Dpysl3
Adherens junction,KEGG_2019_Mouse,-0.17641069256806563,-0.5089781894346184,0.9935691318327974,0.9947574322505028,7/17,27.09%,Actb;Rac1;Csnk2b;Ctnnd1;Cdc42;Egfr;Vcl
positive regulation of growth (GO:0045927),GO_Biological_Process_2021,-0.18580925123471465,-0.5425176762107436,0.9851851851851852,0.9952111557269181,2/17,8.31%,Adam17;Mmp14
protein localization to nucleus (GO:0034504),GO_Biological_Process_2021,0.19269478136360882,0.4919649105510052,0.9934123847167325,0.9960876637819095,7/21,33.38%,Tpr;Hnrnpu;Gbp2;Ipo4;Ipo5;Ipo7;Sec13
positive regulation of angiogenesis (GO:0045766),GO_Biological_Process_2021,0.22045503260024488,0.5467573321240367,0.9675675675675676,0.9982773686980554,12/18,57.84%,Sema5a;Pdcd6;Jup;Chi3l1;Serpine1;Hspb1;Itgb1;Mydgf;Ago2;Cd34;Vegfa;Smoc2
nuclear export (GO:0051168),GO_Biological_Process_2021,0.1854720187057135,0.4947203525787787,0.9948519948519948,0.9983197443699824,4/24,23.63%,Alyref;Tpr;Eif4e;Eif4a3
protein localization to organelle (GO:0033365),GO_Biological_Process_2021,0.2058406140791763,0.5513833260896307,0.9764089121887287,0.9996018037946119,7/27,28.69%,Ybx1;Dnaja1;Lamp1;Lamp2;Cyb5a;Gbp2;Vps35
innate immune response (GO:0045087),GO_Biological_Process_2021,0.14280008702891764,0.37676311637796267,1.0,0.9997441853094452,5/23,36.43%,Hmgb1;Ptx3;Capza2;Capza1;Ppp1r14b
Small cell lung cancer,KEGG_2019_Mouse,0.19747552215703323,0.5022760727671598,0.9931600547195623,0.9997718161556212,2/20,12.28%,Casp3;Col4a1
mitotic cell cycle phase transition (GO:0044772),GO_Biological_Process_2021,0.5752464218190945,1.6311874553935832,0.0,1.0,8/35,5.31%,Tuba1a;Gspt1;Ppp1cb;Chmp4b;Nes;Hsp90aa1;Ppp1r12b;Chmp2a
Chemical carcinogenesis,KEGG_2019_Mouse,0.6695900975419559,1.5816631572538151,0.019858156028368795,1.0,2/15,1.03%,Gsta3;Nat2
Tight junction,KEGG_2019_Mouse,0.5270812895445057,1.4932990578778813,0.023255813953488372,1.0,9/36,9.80%,Tuba1a;Ppp2cb;Ybx3;Cttn;Myl12b;Prkaca;Myh11;Nedd4l;Vasp
chromosome organization (GO:0051276),GO_Biological_Process_2021,0.6234383187399121,1.507031666694856,0.023743016759776536,1.0,8/17,18.94%,Cops2;Hmgb2;Parp1;Cops6;Cops5;Gps1;Cops8;Cops4
gene expression (GO:0010467),GO_Biological_Process_2021,0.43818932599000554,1.4181287923980566,0.025583982202447165,1.0,35/88,26.01%,Gspt1;Rbm3;Rplp0;Polr2d;Rps2;Polr2e;Rps8;Rpl18;Alyref;Syncrip;Eif4g1;Hnrnpf;Rps17;Cops5;Polr2i;Tpr;Rpl22;Hnrnpk;Eif4e;Rps20;Rps11;Pabpn1;Hnrnpu;Hnrnpl;Rps14;Hnrnph1;Rps13;Ptma;Rpl5;Rps19;Eif4a3;Rps16;Rpsa;Nup37;Rps26
post-Golgi vesicle-mediated transport (GO:0006892),GO_Biological_Process_2021,0.5929240622587981,1.503978646610255,0.03648648648648649,1.0,6/18,12.07%,Sort1;Napa;Chmp2a;Ap1s2;Ap1m1;Rabif
regulation of translation (GO:0006417),GO_Biological_Process_2021,0.4644854279174175,1.4052582246878116,0.041031652989449004,1.0,19/51,23.63%,Gspt1;Rbm3;Eif4h;Cyfip1;Eif4b;Ybx1;Metap1;Eif5;Syncrip;Eif4g1;Caprin1;Impact;Etf1;Eif3e;Eif4e;Cirbp;Eif3h;Rpl5;Eif4a3
G2/M transition of mitotic cell cycle (GO:0000086),GO_Biological_Process_2021,0.5490178036291258,1.4551310106073327,0.04247104247104247,1.0,5/24,2.68%,Tuba1a;Ppp1cb;Nes;Hsp90aa1;Ppp1r12b
cell cycle G2/M phase transition (GO:0044839),GO_Biological_Process_2021,0.5490178036291258,1.4551310106073327,0.04247104247104247,1.0,5/24,2.68%,Tuba1a;Ppp1cb;Nes;Hsp90aa1;Ppp1r12b
Pyruvate metabolism,KEGG_2019_Mouse,0.5583562346212086,1.4398562325750361,0.04933333333333333,1.0,6/22,15.53%,Grhpr;Acat2;Mdh1;Acaca;Pdhb;Dld
axonogenesis (GO:0007409),GO_Biological_Process_2021,0.46252283646706777,1.364195026237389,0.05816831683168317,1.0,21/45,37.20%,Cyfip1;Hsp90aa1;Efnb1;Sptbn1;Vasp;Sema6c;Slit3;Sema6d;Sema5a;Enah;Sema4b;Lypla2;Usp9x;Sptan1;Lama2;Grb2;Mapk1;B4galt5;Sema3e;Pdlim7;Ezr
cellular macromolecule biosynthetic process (GO:0034645),GO_Biological_Process_2021,0.4175330218680547,1.3171380226937528,0.061016949152542375,1.0,38/74,35.14%,Gspt1;Rplp0;Ext2;Polr2d;Rps2;Polr2e;Rps8;Rpl18;Ext1;Kin;Eif4g1;Rps17;Cops5;Polr2i;Set;Rpl22;Rps20;Rps11;Rps14;Rps13;Ptma;Rpl5;Rps19;Rpa3;Rps16;Rpsa;Rps26;Polr2h;Ptms;Polr2g;Rps3a;Apoe;Rps25;Rplp1;Rps3;B4galt5;Rragc;Rps18
RNA transport,KEGG_2019_Mouse,0.46314644647799696,1.3591963458975416,0.06370192307692307,1.0,21/45,25.75%,Eif3a;Cyfip1;Eif4b;Eif2s3x;Alyref;Eif3f;Eif1a;Eif1ax;Eif5;Eif4g1;Tpr;Trnt1;Eif3e;Eif4e;Strap;Elac2;Eif3h;Sumo2;Eif4a3;Eif2s1;Nup37
endoplasmic reticulum organization (GO:0007029),GO_Biological_Process_2021,0.5901546301215703,1.4136053559630204,0.06703146374829001,1.0,4/15,9.60%,Rab18;Rtn3;Sec31a;Lman2
"regulation of mRNA splicing, via spliceosome (GO:0048024)",GO_Biological_Process_2021,0.5429203615209452,1.3870396454019875,0.06864064602960969,1.0,7/20,20.90%,Rbm3;Thrap3;Hnrnpk;Cirbp;Hnrnpu;Hnrnpl;Rbmxl1
carbohydrate catabolic process (GO:0016052),GO_Biological_Process_2021,0.5430590757807119,1.3838036731532999,0.07345360824742268,1.0,10/21,30.75%,Dera;Naga;Neu1;Aldoc;Eno3;Man2c1;Pgk1;Eno1;Man2b2;Aldoa
regulation of translational initiation (GO:0006446),GO_Biological_Process_2021,0.5463938427645676,1.3699280424092175,0.09715025906735751,1.0,9/19,21.67%,Eif4h;Eif4b;Polr2d;Eif5;Eif4g1;Tpr;Impact;Eif3e;Eif3h
negative regulation of peptidase activity (GO:0010466),GO_Biological_Process_2021,0.5184860975778719,1.3371637191425234,0.10246433203631647,1.0,10/21,30.08%,Serpine2;Lrp1;Serpinh1;Serpinc1;Serpini1;Timp1;Agt;Serping1;Serpinf1;Kng1
glycosaminoglycan metabolic process (GO:0030203),GO_Biological_Process_2021,0.5519799841135866,1.334026096907788,0.1258741258741259,1.0,5/16,17.44%,Glb1;Ext2;Ext1;Gpc4;Gns
Citrate cycle (TCA cycle),KEGG_2019_Mouse,0.5442763952719966,1.3132920633958847,0.12988826815642457,1.0,12/16,39.83%,Dlst;Mdh1;Pdhb;Dld;Cs;Idh3a;Aco2;Mdh2;Aco1;Idh1;Sdha;Sucla2
transcription-coupled nucleotide-excision repair (GO:0006283),GO_Biological_Process_2021,0.49434109423737277,1.28520461814878,0.1355263157894737,1.0,11/23,25.03%,Cops2;Polr2d;Polr2e;Cops6;Cops5;Polr2i;Gps1;Cops8;Cops4;Rpa3;Usp7
negative regulation of cell death (GO:0060548),GO_Biological_Process_2021,0.5046012619779994,1.2907132924408984,0.14167812929848694,1.0,7/21,16.36%,Chmp4b;Chmp2a;Txndc12;Nenf;Eif4g1;Psmc5;Impact
positive regulation of cytoskeleton organization (GO:0051495),GO_Biological_Process_2021,0.5473228678613782,1.313912940333769,0.14208389715832206,1.0,5/15,18.68%,Nes;Cttn;Vasp;Dync1h1;Sema5a
mRNA export from nucleus (GO:0006406),GO_Biological_Process_2021,0.5130223280750489,1.2932723811440754,0.14605263157894738,1.0,10/20,36.53%,Polr2d;Alyref;Tpr;Eif4e;Pabpn1;Eif4a3;Nup37;Magoh;Sec13;Ddx39b
Aminoacyl-tRNA biosynthesis,KEGG_2019_Mouse,0.539641869090217,1.3059538824871506,0.14644351464435146,1.0,7/16,25.90%,Rars;Tars;Iars;Cars;Vars;Kars;Gars
"transcription, DNA-templated (GO:0006351)",GO_Biological_Process_2021,0.5059085018353057,1.2898393771505432,0.15114709851551958,1.0,8/19,15.48%,Gtf2a2;Cops2;Polr2d;Polr2e;Parp1;Wdr61;Polr2i;Supt16h
regulation of proteasomal protein catabolic process (GO:0061136),GO_Biological_Process_2021,0.4986050719941826,1.2796769884217398,0.15699208443271767,1.0,8/22,19.56%,Psmc2;Prkaca;Tmtc3;Rad23a;Alad;Psmc3;Psmc5;Psmd14
cellular amino acid catabolic process (GO:0009063),GO_Biological_Process_2021,0.478367524016963,1.2756467264735456,0.16230366492146597,1.0,14/24,32.82%,Crym;Echs1;Dlst;Ddah1;Dld;Blmh;Hykk;Bcat2;Abat;Hibch;Glud1;Fah;Hibadh;Got1
COPII-coated vesicle budding (GO:0090114),GO_Biological_Process_2021,0.47318466793879116,1.2738585098550204,0.1626984126984127,1.0,13/25,33.38%,Napa;Sec31a;Trappc3;Sec23b;Sec23a;Mia3;Ppp6c;Rab1b;Uso1;Nsf;Trappc2l;Pdcd6;Sec13
glycolipid metabolic process (GO:0006664),GO_Biological_Process_2021,0.5393869957192164,1.2879829328857113,0.16457461645746166,1.0,5/15,8.88%,Glb1;Sumf2;Naga;Neu1;Sumf1
axon guidance (GO:0007411),GO_Biological_Process_2021,0.43197597501207224,1.244987203328552,0.17285531370038412,1.0,19/40,38.85%,Cyfip1;Efnb1;Sptbn1;Vasp;Sema6c;Slit3;Sema6d;Sema5a;Enah;Sema4b;Lypla2;Sptan1;Lama2;Grb2;Mapk1;Sema3e;Pdlim7;Ezr;Lama1
regulation of protein ubiquitination (GO:0031396),GO_Biological_Process_2021,0.5044395794422369,1.2493826235829364,0.17733333333333334,1.0,5/18,9.96%,Hsp90aa1;Nxn;Dnaja1;Dcun1d1;Vps28
organelle assembly (GO:0070925),GO_Biological_Process_2021,0.40726357438704325,1.2184672375847656,0.17857142857142858,1.0,19/48,29.98%,Pde6d;Chmp4b;Gabarapl1;Chmp2a;Vps28;Actr3;Arf4;Dync1h1;Cirbp;Nsfl1c;Lsm4;Tmod3;Eif2s1;Map1lc3b;Rab1b;Ddx6;Npm1;Gsn;Wdr90
negative regulation of endopeptidase activity (GO:0010951),GO_Biological_Process_2021,0.4972615348587148,1.2579871789941934,0.18473895582329317,1.0,9/19,30.08%,Serpine2;Serpinh1;Serpinc1;Serpini1;Timp1;Agt;Serping1;Serpinf1;Kng1
Arginine and proline metabolism,KEGG_2019_Mouse,0.4967389116603901,1.2436786452529314,0.18538565629228687,1.0,3/18,3.72%,P4ha1;Sms;Sat2
mRNA surveillance pathway,KEGG_2019_Mouse,0.49441597501003876,1.2589250925694166,0.18840579710144928,1.0,3/19,0.83%,Gspt1;Ppp2cb;Ppp1cb
mRNA stabilization (GO:0048255),GO_Biological_Process_2021,0.5065050217408984,1.2173112699211224,0.19054441260744986,1.0,8/15,25.44%,Ybx3;Thrap3;Ybx1;Syncrip;Cirbp;Hnrnpu;Fus;Mapk14
nucleotide-excision repair (GO:0006289),GO_Biological_Process_2021,0.46082503717561857,1.2375325969779463,0.19300518134715025,1.0,13/27,25.03%,Cops2;Polr2d;Polr2e;Parp1;Cops6;Rad23a;Cops5;Polr2i;Gps1;Cops8;Cops4;Rpa3;Usp7
vesicle coating (GO:0006901),GO_Biological_Process_2021,0.46767179605517273,1.2304041972080368,0.19544846050870146,1.0,12/22,36.79%,Napa;Sec31a;Trappc3;Sec23a;Ppp6c;Rab1b;Uso1;Nsf;Trappc2l;Pdcd6;Sec13;Mcfd2
COPII vesicle coating (GO:0048208),GO_Biological_Process_2021,0.46767179605517273,1.2304041972080368,0.19544846050870146,1.0,12/22,36.79%,Napa;Sec31a;Trappc3;Sec23a;Ppp6c;Rab1b;Uso1;Nsf;Trappc2l;Pdcd6;Sec13;Mcfd2
"vesicle targeting, rough ER to cis-Golgi (GO:0048207)",GO_Biological_Process_2021,0.46767179605517273,1.2304041972080368,0.19544846050870146,1.0,12/22,36.79%,Napa;Sec31a;Trappc3;Sec23a;Ppp6c;Rab1b;Uso1;Nsf;Trappc2l;Pdcd6;Sec13;Mcfd2
small GTPase mediated signal transduction (GO:0007264),GO_Biological_Process_2021,0.4789488103231586,1.2314682148352296,0.196524064171123,1.0,3/20,5.47%,Rab18;Gnb1;Arhgap1
Glutathione metabolism,KEGG_2019_Mouse,0.4410958324915795,1.2178292515598297,0.19974554707379136,1.0,5/32,13.78%,Gsta3;Sms;Gpx7;Txndc12;Pgd
regulation of endopeptidase activity (GO:0052548),GO_Biological_Process_2021,0.46364045930521114,1.2161576222903747,0.20103761348897536,1.0,10/23,30.08%,Serpine2;Ncstn;Serpinh1;Serpinc1;Serpini1;Timp1;Agt;Serping1;Serpinf1;Kng1
Purine metabolism,KEGG_2019_Mouse,0.42225983988794125,1.201332295805671,0.20848938826466917,1.0,10/36,18.11%,Pde6d;Nt5c3b;Nudt9;Nme3;Entpd5;Gart;Adss;Nudt2;Itpa;Xdh
positive regulation of protein kinase activity (GO:0045860),GO_Biological_Process_2021,0.4681943951830917,1.2226488639437847,0.21248339973439576,1.0,6/23,13.21%,Hsp90aa1;Gas6;Lrp8;Cab39;Iqgap1;Syap1
Drug metabolism,KEGG_2019_Mouse,0.45533318622328034,1.20599589497322,0.2130718954248366,1.0,7/26,22.14%,Gsta3;Nat2;Nme3;Itpa;Xdh;Adh5;Ces2c
protein modification by small protein conjugation (GO:0032446),GO_Biological_Process_2021,0.4026129762639144,1.1855469657530577,0.218335343787696,1.0,22/48,30.50%,Uba5;Nedd4l;Dcun1d1;Wdr61;Ufm1;Uba3;Tpr;Ube2e1;Ube2h;Ube2g1;Cdc34;Ube2n;Uba1;Sumo2;Usp9x;Usp7;Nup37;Ube2a;Cul1;Cand1;Ube2v2;Vcp
protein import (GO:0017038),GO_Biological_Process_2021,0.4929132622613435,1.224771119306965,0.2196765498652291,1.0,10/18,33.54%,Hsp90aa1;Fis1;Tpr;Lamp2;Ipo4;Ipo5;Ipo7;Apoe;Sec13;Clu
nuclear-transcribed mRNA catabolic process (GO:0000956),GO_Biological_Process_2021,0.3791351436297694,1.1739182664525445,0.22285714285714286,1.0,23/62,26.01%,Gspt1;Rplp0;Thrap3;Polr2d;Rps2;Rps8;Rpl18;Mrto4;Eif4g1;Rps17;Rpl22;Etf1;Eif3e;Rps20;Rps11;Rps14;Rps13;Rpl5;Rps19;Eif4a3;Rps16;Rpsa;Rps26
ribonucleoprotein complex assembly (GO:0022618),GO_Biological_Process_2021,0.39931772345613115,1.1817714102907797,0.2236842105263158,1.0,18/45,24.87%,Eif3a;Eif4h;Hsp90aa1;Rplp0;Eif4b;Polr2d;Eif5;Ptges3;Snrpb;Snrnp200;Snrpd3;Snrpd2;Strap;Rps14;Lsm4;Rpl5;Rps19;Rpsa
protein targeting (GO:0006605),GO_Biological_Process_2021,0.5029069949758341,1.2133945170756062,0.22899728997289973,1.0,7/16,21.57%,Naca;Timm8b;Cdc37;Srp14;Fis1;Lamp2;Pitrm1
regulation of cell cycle G2/M phase transition (GO:1902749),GO_Biological_Process_2021,0.48978836555448246,1.2089795174656455,0.2300531914893617,1.0,8/17,23.07%,Tuba1a;Hsp90aa1;Atad5;Prkaca;Dync1h1;Ywhag;Pafah1b1;Dctn2
DNA metabolic process (GO:0006259),GO_Biological_Process_2021,0.43812091701057565,1.199175135060427,0.23144654088050315,1.0,15/29,31.27%,Asf1a;Hmgb2;Parp1;Hmgb1;Ptges3;Cdc34;Ube2n;Rpa3;Usp7;Ube2a;Npm1;Ube2v2;Vcp;Apex1;Pura
synapse organization (GO:0050808),GO_Biological_Process_2021,0.4993054058133181,1.1955716098379052,0.23687943262411348,1.0,2/15,9.29%,Cyfip1;Gpc4
translation (GO:0006412),GO_Biological_Process_2021,0.37884885316585126,1.166324881423376,0.23892773892773891,1.0,21/62,26.01%,Gspt1;Rplp0;Rps2;Rps8;Rpl18;Apeh;Eif4g1;Rps17;Cops5;Rpl22;Etf1;Ppa1;Rps20;Rps11;Rps14;Rps13;Rpl5;Rps19;Rps16;Rpsa;Rps26
Lysosome,KEGG_2019_Mouse,0.3821119077447242,1.159141298085923,0.23923444976076555,1.0,13/50,19.25%,Sort1;Glb1;Naga;Neu1;Pla2g15;Sumf1;Ap1s2;Ap1m1;Lamp1;Gns;Lamp2;Ctso;Arsb
Glucagon signaling pathway,KEGG_2019_Mouse,0.48714996608230904,1.190117173195634,0.24864130434782608,1.0,4/17,14.45%,Ppp4c;Prkaca;Acaca;Pdhb
glycosaminoglycan biosynthetic process (GO:0006024),GO_Biological_Process_2021,0.461955515244593,1.1951674186010122,0.2493150684931507,1.0,4/21,9.29%,Cspg4;Ext2;Ext1;Gpc4
peptide biosynthetic process (GO:0043043),GO_Biological_Process_2021,0.3850305452159933,1.1643477089268637,0.2494199535962877,1.0,18/51,26.01%,Gspt1;Rplp0;Rps2;Rps8;Rpl18;Eif4g1;Rps17;Cops5;Rpl22;Rps20;Rps11;Rps14;Rps13;Rpl5;Rps19;Rps16;Rpsa;Rps26
cellular protein-containing complex assembly (GO:0034622),GO_Biological_Process_2021,0.39769588153571306,1.1544289576770017,0.2515188335358445,1.0,8/42,10.68%,Chmp4b;Eif4h;Hsp90aa1;Ap2m1;Eif4b;Chmp2a;Ptges3l;Ptges3
cellular component assembly (GO:0022607),GO_Biological_Process_2021,0.38660818665546676,1.1554003098126493,0.2539109506618532,1.0,7/47,9.80%,Aif1l;Cyfip1;Gas6;St13;Rtn3;Sptbn1;Vasp
positive regulation of proteasomal protein catabolic process (GO:1901800),GO_Biological_Process_2021,0.4682850705967112,1.180920328657927,0.2554347826086957,1.0,9/18,33.54%,Psmc2;Tmtc3;Rad23a;Psmc3;Psmc5;Sumo2;Vcp;Fbxo22;Clu
Pertussis,KEGG_2019_Mouse,0.48376170407677105,1.174463013773466,0.2568306010928962,1.0,7/16,35.29%,C4b;Casp3;Irf3;Mapk14;Serping1;Mapk1;C2
Pyrimidine metabolism,KEGG_2019_Mouse,0.4969277217221858,1.1857505568584463,0.25833333333333336,1.0,5/15,16.41%,Nt5c3b;Nme3;Entpd5;Cad;Nudt2
ciliary basal body-plasma membrane docking (GO:0097711),GO_Biological_Process_2021,0.4890586656395925,1.1688562285631339,0.26344086021505375,1.0,7/15,23.07%,Tuba1a;Hsp90aa1;Prkaca;Dync1h1;Ywhag;Pafah1b1;Dctn2
membrane organization (GO:0061024),GO_Biological_Process_2021,0.38165597816201624,1.1347190019026983,0.2645631067961165,1.0,14/45,24.25%,Chmp4b;Ap2m1;Napa;Chmp2a;Cttn;Sptbn1;Rabif;Trip10;Actr3;Arpc5;Arpc2;Nsfl1c;Arpc1a;Lrp2
DNA repair (GO:0006281),GO_Biological_Process_2021,0.44075042918469526,1.1588582727347205,0.2683246073298429,1.0,13/24,31.06%,Asf1a;Babam1;Parp1;Usp47;Rad23a;Ube2v1;Ube2n;Rpa3;Ube2a;Npm1;Ube2v2;Vcp;Apex1
response to endoplasmic reticulum stress (GO:0034976),GO_Biological_Process_2021,0.4555362889460516,1.1437928584015917,0.26848249027237353,1.0,10/20,30.50%,Uba5;Pdia4;Tmtc3;Ufm1;Mbtps1;Dnajc10;Eif2s1;Hspa5;Hyou1;Vcp
mRNA transport (GO:0051028),GO_Biological_Process_2021,0.46975238353472465,1.1551735050607892,0.27430093209054596,1.0,8/18,36.53%,Alyref;Tpr;Eif4e;Eif4a3;Nup37;Magoh;Sec13;Ddx39b
mRNA-containing ribonucleoprotein complex export from nucleus (GO:0071427),GO_Biological_Process_2021,0.46975238353472465,1.1551735050607892,0.27430093209054596,1.0,8/18,36.53%,Alyref;Tpr;Eif4e;Eif4a3;Nup37;Magoh;Sec13;Ddx39b
regulation of peptidyl-serine phosphorylation (GO:0033135),GO_Biological_Process_2021,0.47650000635346856,1.1714556883026406,0.27540106951871657,1.0,5/17,18.78%,Hsp90aa1;Gas6;Gpd1l;Eif4g1;Mif
'de novo' posttranslational protein folding (GO:0051084),GO_Biological_Process_2021,0.47970877315570337,1.165407332431345,0.2791666666666667,1.0,4/16,18.73%,St13;Entpd5;Ptges3;Sdf2
epithelial cell differentiation (GO:0030855),GO_Biological_Process_2021,0.4645174971277221,1.1630802697367926,0.2855245683930943,1.0,7/20,28.28%,Cnn3;Lgals3;Aldoc;Pgk1;Fstl1;Jag1;Edf1
Metabolism of xenobiotics by cytochrome P450,KEGG_2019_Mouse,0.47486132518826785,1.1458228772386931,0.2892223738062756,1.0,3/16,19.35%,Gsta3;Dhdh;Adh5
RNA metabolic process (GO:0016070),GO_Biological_Process_2021,0.41047204125750403,1.1401209903603542,0.29246487867177523,1.0,16/31,31.99%,Rbm3;Polr2d;Polr2e;Syncrip;Hnrnpf;Polr2i;Hnrnpk;Pabpn1;Hnrnpu;Hnrnpl;Hnrnph1;Rnase4;Pcbp2;Pcbp1;Polr2h;Polr2g
positive regulation of viral process (GO:0048524),GO_Biological_Process_2021,0.4686459914808856,1.141522353766035,0.2969613259668508,1.0,4/17,14.60%,Polr2d;Polr2e;Rad23a;Polr2i
Fluid shear stress and atherosclerosis,KEGG_2019_Mouse,0.40122281295812934,1.1157468854161563,0.3012658227848101,1.0,2/35,2.17%,Gsta3;Hsp90aa1
RNA transport (GO:0050658),GO_Biological_Process_2021,0.45721926684327496,1.128950864001488,0.30327868852459017,1.0,6/18,30.24%,Ybx1;Alyref;Tpr;Eif4e;Eif4a3;Magoh
transmembrane receptor protein tyrosine kinase signaling pathway (GO:0007169),GO_Biological_Process_2021,0.34709554637536344,1.1064869591196314,0.30504587155963303,1.0,19/76,22.24%,Cyfip1;Sort1;Hsp90aa1;Ap2m1;Efnb1;Atp6v1c1;Polr2d;Polr2e;Casp3;Ncstn;Hnrnpf;Actr3;Polr2i;Arpc5;Arpc2;Mvp;Ddr1;Hnrnph1;Arpc1a
endoplasmic reticulum to Golgi vesicle-mediated transport (GO:0006888),GO_Biological_Process_2021,0.36749569811906624,1.109141004076489,0.31095406360424027,1.0,29/50,38.70%,Gas6;Napa;Sptbn1;Sec31a;Lman2;Cope;Arf4;Dync1h1;Trappc3;Sec23a;Dctn2;Mia3;Rab1b;Sptan1;Copz2;Uso1;Nsf;Hyou1;Capza2;Trappc2l;Pdcd6;Sec13;Capza1;Copg2;Pros1;Capzb;Mcfd2;Copg1;Arcn1
regulation of tumor necrosis factor production (GO:0032680),GO_Biological_Process_2021,0.4319052984895542,1.1236842756191472,0.3150684931506849,1.0,4/21,18.78%,Gas6;Hmgb1;Lgals9;Mif
regulation of cell death (GO:0010941),GO_Biological_Process_2021,0.4430466853877494,1.1106665735175103,0.3166441136671177,1.0,6/19,16.36%,Chmp4b;Chmp2a;Txndc12;Eif4g1;Lrp1;Impact
protein-DNA complex assembly (GO:0065004),GO_Biological_Process_2021,0.3640165324050554,1.1013332077794469,0.32,1.0,18/56,29.26%,Asf1a;Hmgb2;Psmc2;Psmd9;Nap1l4;Parp1;Anp32b;Psmd12;Psmc3;Psmc5;Psmd14;Psmd7;Psma4;Rpa3;Psmc4;Psmc1;Npm1;Psmf1
double-strand break repair (GO:0006302),GO_Biological_Process_2021,0.46895493486498496,1.1128684386266199,0.3207810320781032,1.0,10/15,30.50%,Babam1;Hmgb2;Parp1;Hmgb1;Psmd14;Ube2n;Rpa3;Ube2v2;Sfpq;Vcp
Systemic lupus erythematosus,KEGG_2019_Mouse,0.4525918982000795,1.1135089552529576,0.3261455525606469,1.0,2/16,2.63%,Hist1h2bc;C4b
transcription by RNA polymerase II (GO:0006366),GO_Biological_Process_2021,0.40471519497031944,1.1184114744684057,0.33031088082901555,1.0,10/28,16.98%,Gtf2a2;Cops2;Polr2d;Polr2e;Parp1;Wdr61;Snrpb;Polr2i;Supt16h;Snrpd3
neutrophil activation involved in immune response (GO:0002283),GO_Biological_Process_2021,0.306891278443139,1.0699744806487048,0.33125,1.0,35/181,19.56%,Pdap1;Rab18;Cyfip1;Dera;Hsp90aa1;Glb1;Psmc2;Neu1;Pa2g4;Lgals3;Nit2;Hmgb1;Psmd12;Apeh;Hebp2;Srp14;Aldoc;Fuca2;Alad;Ap1m1;Ncstn;Dsp;Psmc3;Cab39;Iqgap1;Lamp1;Mlec;Arpc5;Dync1h1;Gns;Lamp2;Mif;Arsb;Mvp;Psmd14
neutrophil degranulation (GO:0043312),GO_Biological_Process_2021,0.306891278443139,1.0699744806487048,0.33125,1.0,35/181,19.56%,Pdap1;Rab18;Cyfip1;Dera;Hsp90aa1;Glb1;Psmc2;Neu1;Pa2g4;Lgals3;Nit2;Hmgb1;Psmd12;Apeh;Hebp2;Srp14;Aldoc;Fuca2;Alad;Ap1m1;Ncstn;Dsp;Psmc3;Cab39;Iqgap1;Lamp1;Mlec;Arpc5;Dync1h1;Gns;Lamp2;Mif;Arsb;Mvp;Psmd14
regulation of neuron death (GO:1901214),GO_Biological_Process_2021,0.4451588549646791,1.119219389717174,0.3337765957446808,1.0,4/19,13.16%,Chmp4b;Lancl1;Nenf;Eif4g1
protein homooligomerization (GO:0051260),GO_Biological_Process_2021,0.4246562945388672,1.1199971476823847,0.340153452685422,1.0,12/24,36.84%,Chmp2a;Alad;Acaca;Clybl;Mif;Cryz;Fus;Ssbp1;Aldh1a2;Aldoa;Apip;Sod2
ephrin receptor signaling pathway (GO:0048013),GO_Biological_Process_2021,0.4171115189700127,1.099127229092003,0.3411764705882353,1.0,7/25,22.24%,Ap2m1;Efnb1;Ncstn;Actr3;Arpc5;Arpc2;Arpc1a
rRNA metabolic process (GO:0016072),GO_Biological_Process_2021,0.38622951957642004,1.0872228097580976,0.3525,1.0,12/34,25.13%,Rplp0;Wdr12;Rps2;Rpl18;Mrto4;Rps17;Rpl22;Rps14;Rpl5;Rps19;Rps16;Exosc2
Cysteine and methionine metabolism,KEGG_2019_Mouse,0.426807639557751,1.1122769343275118,0.35340314136125656,1.0,16/22,44.01%,Sms;Ahcy;Mdh1;Mri1;Bcat2;Mtap;Mat2a;Mdh2;Got1;Srm;Ldha;Apip;Got2;Ldhb;Gclc;Mtr
negative regulation of protein phosphorylation (GO:0001933),GO_Biological_Process_2021,0.4352567801199923,1.0889672975998863,0.3562005277044855,1.0,8/20,24.20%,Fbln1;Gpd1l;Eif4g1;Impact;Xdh;Ywhag;Mvp;Dnajc10
negative regulation of nucleic acid-templated transcription (GO:1903507),GO_Biological_Process_2021,0.36975378870031095,1.062457902757641,0.35767326732673266,1.0,10/40,16.92%,Gas6;Cops2;Hmgb2;Nif3l1;Pa2g4;Usp47;Hmga1;Pfdn5;Loxl3;Set
HIF-1 signaling pathway,KEGG_2019_Mouse,0.4248522624851789,1.0896039352910905,0.36193029490616624,1.0,10/20,37.77%,Eno3;Pdhb;Eif4e;Pgk1;Timp1;Eno1;Aldoa;Mapk1;Ldha;Igf1
central nervous system development (GO:0007417),GO_Biological_Process_2021,0.38966452503730137,1.0786737725283873,0.3630653266331658,1.0,9/30,20.12%,Rab18;Nes;Marcksl1;Ufm1;Col4a1;Loxl3;Pts;Serpini1;Ptprz1
RNA export from nucleus (GO:0006405),GO_Biological_Process_2021,0.43601352096146984,1.0808416506014862,0.36473755047106327,1.0,8/19,36.53%,Alyref;Tpr;Eif4e;Eif4a3;Nup37;Magoh;Sec13;Ddx39b
protein targeting to ER (GO:0045047),GO_Biological_Process_2021,0.3602149789978498,1.0792088892386973,0.36823529411764705,1.0,17/49,26.01%,Chmp4b;Rplp0;Rps2;Rps8;Rpl18;Srp14;Rps17;Rpl22;Rps20;Rps11;Rps14;Rps13;Rpl5;Rps19;Rps16;Rpsa;Rps26
regulation of response to external stimulus (GO:0032101),GO_Biological_Process_2021,0.448501636737251,1.0806857736526627,0.37483085250338294,1.0,3/16,9.91%,Lrp8;Metap1;Fnta
hexose biosynthetic process (GO:0019319),GO_Biological_Process_2021,0.42834652534113565,1.0731258934641872,0.37617135207496655,1.0,11/19,38.18%,Sord;Aldoc;Eno3;Mdh1;Pgk1;Eno1;Aldoa;Mdh2;Got1;Akr1b1;Got2
cilium assembly (GO:0060271),GO_Biological_Process_2021,0.376641860741339,1.0696325256529968,0.376720901126408,1.0,9/35,19.50%,Tuba1a;Pde6d;Hsp90aa1;Prkaca;Actr3;Arf4;Dync1h1;Ywhag;Pafah1b1
"nuclear-transcribed mRNA catabolic process, nonsense-mediated decay (GO:0000184)",GO_Biological_Process_2021,0.35108795954893507,1.068465811081502,0.37689614935822635,1.0,20/55,26.01%,Gspt1;Rplp0;Rps2;Rps8;Rpl18;Eif4g1;Rps17;Rpl22;Etf1;Eif3e;Rps20;Rps11;Rps14;Rps13;Rpl5;Rps19;Eif4a3;Rps16;Rpsa;Rps26
Alcoholism,KEGG_2019_Mouse,0.4344218549355725,1.0725828838335936,0.3772290809327846,1.0,4/17,9.03%,Hist1h2bc;Ppp1cb;Gnb1;Prkaca
rRNA processing (GO:0006364),GO_Biological_Process_2021,0.3686979479720671,1.0583203261376206,0.38366336633663367,1.0,13/37,25.13%,Rplp0;Wdr12;Rps2;Rpl18;Mrto4;Thumpd1;Rps17;Rpl22;Rps14;Rpl5;Rps19;Rps16;Exosc2
"Valine, leucine and isoleucine degradation",KEGG_2019_Mouse,0.4311681926348171,1.0720726109404786,0.3837981407702523,1.0,10/19,31.89%,Echs1;Acat2;Mcee;Dld;Hmgcs1;Bcat2;Abat;Hibch;Hadh;Hibadh
plasma membrane bounded cell projection assembly (GO:0120031),GO_Biological_Process_2021,0.38527502756366044,1.059411294580057,0.3853211009174312,1.0,3/29,1.81%,Pde6d;Aif1l;Cyfip1
Estrogen signaling pathway,KEGG_2019_Mouse,0.46090365649161696,1.0814148034220643,0.3856115107913669,1.0,9/15,46.39%,Hsp90aa1;Prkaca;Fkbp4;Grb2;Mapk1;Ctsd;Pomc;Hspa8;Hsp90b1
nucleic acid metabolic process (GO:0090304),GO_Biological_Process_2021,0.4243140005754082,1.0760978221613804,0.3891156462585034,1.0,12/20,31.99%,Polr2d;Polr2e;Hnrnpf;Polr2i;Hnrnpk;Hnrnpu;Hnrnpl;Hnrnph1;Pcbp2;Pcbp1;Polr2h;Polr2g
Synaptic vesicle cycle,KEGG_2019_Mouse,0.44748784836235356,1.072577860574833,0.3896457765667575,1.0,3/15,4.59%,Ap2m1;Atp6v1c1;Napa
Necroptosis,KEGG_2019_Mouse,0.3897765516691224,1.0539846423988433,0.3938584779706275,1.0,5/29,7.22%,Chmp4b;Hsp90aa1;Chmp2a;Parp1;Hmgb1
sulfur compound biosynthetic process (GO:0044272),GO_Biological_Process_2021,0.38054165495234327,1.0425206475821032,0.3959731543624161,1.0,2/29,2.79%,Gsta3;Cspg4
Vascular smooth muscle contraction,KEGG_2019_Mouse,0.4512921952479554,1.0759855146042585,0.39660056657223797,1.0,4/15,9.13%,Ppp1cb;Ppp1r12b;Prkaca;Myh11
protein modification by small protein removal (GO:0070646),GO_Biological_Process_2021,0.32804147838191444,1.0470142980131112,0.3972602739726027,1.0,27/74,31.17%,Babam1;Cops2;Psmc2;Psmd9;Psmd12;Eif3f;Cops6;Usp47;Rad23a;Psmc3;Otub1;Cops5;Psmc5;Gps1;Cops8;Cops4;Psmd14;Psmd7;Psma4;Usp9x;Usp7;Psmc4;Otud6a;Psmc1;Psmf1;Vcp;Uchl5
positive regulation of tumor necrosis factor superfamily cytokine production (GO:1903557),GO_Biological_Process_2021,0.440816941817602,1.0612334080125874,0.4002828854314003,1.0,3/15,18.78%,Hmgb1;Lgals9;Mif
positive regulation of tumor necrosis factor production (GO:0032760),GO_Biological_Process_2021,0.440816941817602,1.0612334080125874,0.4002828854314003,1.0,3/15,18.78%,Hmgb1;Lgals9;Mif
neutrophil mediated immunity (GO:0002446),GO_Biological_Process_2021,0.29665709883846797,1.03404116432273,0.40292275574112735,1.0,35/183,19.56%,Pdap1;Rab18;Cyfip1;Dera;Hsp90aa1;Glb1;Psmc2;Neu1;Pa2g4;Lgals3;Nit2;Hmgb1;Psmd12;Apeh;Hebp2;Srp14;Aldoc;Fuca2;Alad;Ap1m1;Ncstn;Dsp;Psmc3;Cab39;Iqgap1;Lamp1;Mlec;Arpc5;Dync1h1;Gns;Lamp2;Mif;Arsb;Mvp;Psmd14
regulation of G2/M transition of mitotic cell cycle (GO:0010389),GO_Biological_Process_2021,0.3390739526133663,1.0529881921172621,0.4054982817869416,1.0,16/62,23.07%,Tuba1a;Hsp90aa1;Psmc2;Psmd9;Psmd12;Prkaca;Usp47;Psmc3;Psmc5;Dync1h1;Ywhag;Pafah1b1;Psmd14;Psmd7;Psma4;Dctn2
"negative regulation of transcription, DNA-templated (GO:0045892)",GO_Biological_Process_2021,0.323024479006082,1.0285813954361196,0.41415313225058004,1.0,20/73,21.31%,Crym;Gas6;Hmgb2;Dr1;Pa2g4;Parp1;Hdgf;Hmgb1;Nedd4l;Usp47;Hmga1;Fhl2;Pfdn5;Loxl3;Tpr;Impact;Set;Prdx5;Hnrnpu;Rps14
positive regulation of translation (GO:0045727),GO_Biological_Process_2021,0.3829345035577067,1.0481148061990218,0.417312661498708,1.0,3/27,4.95%,Rbm3;Ybx3;Polr2d
positive regulation of peptidyl-tyrosine phosphorylation (GO:0050731),GO_Biological_Process_2021,0.4096110863041022,1.0537412391205296,0.4186666666666667,1.0,3/22,4.75%,Gas6;Cspg4;Lrp8
positive regulation of binding (GO:0051099),GO_Biological_Process_2021,0.4178474197191856,1.0511642832963883,0.424,1.0,6/19,32.92%,Hmgb2;Hmgb1;Lrp1;Edf1;Nme1;Apoe
regulation of cysteine-type endopeptidase activity involved in apoptotic process (GO:0043281),GO_Biological_Process_2021,0.4263819544896111,1.0302885194901032,0.42445054945054944,1.0,4/17,13.62%,Gas6;Hmgb1;Usp47;Fis1
pyruvate metabolic process (GO:0006090),GO_Biological_Process_2021,0.3983480325370734,1.0353471024834144,0.42894736842105263,1.0,7/23,30.75%,Aldoc;Eno3;Pdhb;Dld;Pgk1;Eno1;Aldoa
regulation of cellular protein metabolic process (GO:0032268),GO_Biological_Process_2021,0.4291005035816328,1.0276383797598458,0.4295212765957447,1.0,4/15,13.16%,Rbm3;Cyfip1;Metap1;Eif4g1
retinoid metabolic process (GO:0001523),GO_Biological_Process_2021,0.41545212300011775,1.0358810154884812,0.43209876543209874,1.0,9/18,40.92%,Lrp8;Gpc4;Lrp1;Lrp2;Scpep1;Aldh1a2;Apoe;Akr1b1;Lpl
positive regulation of peptidyl-serine phosphorylation (GO:0033138),GO_Biological_Process_2021,0.42200879314654693,1.026117343853328,0.43221476510067114,1.0,4/16,18.78%,Hsp90aa1;Gas6;Eif4g1;Mif
negative regulation of cellular amide metabolic process (GO:0034249),GO_Biological_Process_2021,0.4029336104879368,1.0366518963588127,0.4336870026525199,1.0,10/21,34.31%,Ybx1;Rtn3;Syncrip;Caprin1;Eif4a3;Ddx6;Ncl;Apoe;Clu;Rps3
regulation of cell motility (GO:2000145),GO_Biological_Process_2021,0.40925728109152487,1.0502568260686003,0.4393305439330544,1.0,3/21,8.62%,Memo1;Fbln1;Serpine2
post-translational protein modification (GO:0043687),GO_Biological_Process_2021,0.30260909275628295,1.022678479369915,0.44086021505376344,1.0,39/129,29.26%,Gas6;Wdr5;Sumf2;Cops2;Psmc2;Psmd9;Psmd12;Sumf1;Cops6;Dcun1d1;Rabggtb;Rbbp7;Fuca2;Pdia6;Psmc3;Uba3;Mbtps1;Cops5;Psmc5;Gps1;Serpinc1;Prkcsh;Cops8;Cops4;Psmd14;Psmd7;Rcn1;Psma4;Fstl1;Timp1;Mia3;Vcan;Psmc4;Adam10;Rab1b;Cul1;Psmc1;Cand1;Psmf1
organelle organization (GO:0006996),GO_Biological_Process_2021,0.3434959781463944,1.023821409628303,0.441320293398533,1.0,7/49,9.60%,Chmp4b;Rab18;Sort1;Chmp2a;Parp1;Sec31a;Lman2
negative regulation of Wnt signaling pathway (GO:0030178),GO_Biological_Process_2021,0.3353841066687711,1.0241765318190585,0.4418604651162791,1.0,12/56,22.76%,Frzb;Nxn;Psmc2;Psmd9;Psmd12;Psmc3;Lrp1;Pfdn5;Psmc5;Psmd14;Psmd7;Psma4
glucose metabolic process (GO:0006006),GO_Biological_Process_2021,0.3979736400050385,1.0164453652299266,0.4429530201342282,1.0,9/21,32.82%,Sord;Aldoc;Eno3;Mdh1;Pgk1;Eno1;Aldoa;Mdh2;Got1
negative regulation of cellular protein metabolic process (GO:0032269),GO_Biological_Process_2021,0.4010960277362913,1.0272567786203977,0.44473684210526315,1.0,11/21,37.15%,Ybx1;Serpine2;Syncrip;Caprin1;Eif4a3;Ddx6;Kng1;Ncl;Apoe;Rps3;Hdac6
ribosome biogenesis (GO:0042254),GO_Biological_Process_2021,0.3495838990522051,1.012205274053091,0.44609665427509293,1.0,12/39,25.13%,Rplp0;Wdr12;Rps2;Rpl18;Mrto4;Rps17;Rpl22;Rps14;Rpl5;Rps19;Rps16;Exosc2
establishment of protein localization to organelle (GO:0072594),GO_Biological_Process_2021,0.42566932651493733,1.003776768920836,0.4590846047156727,1.0,7/15,33.38%,Lamp1;Tpr;Lamp2;Ipo4;Ipo5;Ipo7;Sec13
Autophagy,KEGG_2019_Mouse,0.4155890933088683,1.0082985063495007,0.47164591977869985,1.0,6/17,17.65%,Ppp2cb;Gabarapl1;Hmgb1;Prkaca;Lamp1;Lamp2
cytoplasmic translation (GO:0002181),GO_Biological_Process_2021,0.33967750540735725,1.0190968834411904,0.47417840375586856,1.0,17/51,26.01%,Gspt1;Rplp0;Rps2;Rps8;Rpl18;Rps17;Rpl22;Etf1;Rps20;Rps11;Rps14;Rps13;Rpl5;Rps19;Rps16;Rpsa;Rps26
cellular response to oxidative stress (GO:0034599),GO_Biological_Process_2021,0.3603334684822361,1.008554277315648,0.47914032869785084,1.0,14/35,36.84%,Txnrd2;Parp1;Gpx7;Nudt2;Prdx5;Eif2s1;Ccs;Msra;Tpm1;Pdgfra;Chchd2;Mapk1;Rps3;Sod2
regulation of cellular macromolecule biosynthetic process (GO:2000112),GO_Biological_Process_2021,0.36196592081167456,1.0047602195057594,0.4801488833746898,1.0,11/32,21.05%,Rbm3;Cyfip1;Hmgn5;Ybx1;Metap1;Hmga1;Pfdn5;Pofut1;Ube2v1;Eif4e;Fus
response to tumor necrosis factor (GO:0034612),GO_Biological_Process_2021,0.3948760495558221,0.9850020411363521,0.5069060773480663,1.0,3/18,7.59%,Ybx3;Npnt;Casp3
Fc receptor mediated stimulatory signaling pathway (GO:0002431),GO_Biological_Process_2021,0.38239564439505197,0.9758183223889194,0.508,1.0,6/19,22.24%,Cyfip1;Hsp90aa1;Actr3;Arpc5;Arpc2;Arpc1a
Fc-gamma receptor signaling pathway (GO:0038094),GO_Biological_Process_2021,0.38239564439505197,0.9758183223889194,0.508,1.0,6/19,22.24%,Cyfip1;Hsp90aa1;Actr3;Arpc5;Arpc2;Arpc1a
Fc-gamma receptor signaling pathway involved in phagocytosis (GO:0038096),GO_Biological_Process_2021,0.38239564439505197,0.9758183223889194,0.508,1.0,6/19,22.24%,Cyfip1;Hsp90aa1;Actr3;Arpc5;Arpc2;Arpc1a
protein phosphorylation (GO:0006468),GO_Biological_Process_2021,0.3539302415756181,0.9743414547007182,0.5080745341614907,1.0,14/31,32.56%,Gas6;Cops2;Prkaca;Cab39;Cad;Cops8;Ddr1;Slk;Gmfb;Mapk14;Adam10;Ywhaz;Pdgfra;Mapk1
regulation of protein catabolic process (GO:0042176),GO_Biological_Process_2021,0.39455585422182105,0.9702923080691263,0.5104602510460251,1.0,3/17,9.96%,Snx12;Nedd4l;Vps28
Protein processing in endoplasmic reticulum,KEGG_2019_Mouse,0.31983483869783486,0.9766593196359964,0.5105633802816901,1.0,21/53,30.50%,Hsp90aa1;Pdia4;Dnaja1;Dnaja2;Sec31a;Lman2;Rad23a;Pdia6;Mbtps1;Rpn1;Ube2g1;Prkcsh;Sec23b;Sec23a;Nsfl1c;Dnajc10;Eif2s1;Cul1;Hspa5;Hyou1;Vcp
SRP-dependent cotranslational protein targeting to membrane (GO:0006614),GO_Biological_Process_2021,0.3319326307017332,0.9832761758138927,0.5119617224880383,1.0,16/46,26.01%,Rplp0;Rps2;Rps8;Rpl18;Srp14;Rps17;Rpl22;Rps20;Rps11;Rps14;Rps13;Rpl5;Rps19;Rps16;Rpsa;Rps26
diterpenoid metabolic process (GO:0016101),GO_Biological_Process_2021,0.3968258645436454,0.9698125810137034,0.5150273224043715,1.0,3/16,15.02%,Lrp8;Gpc4;Lrp1
cellular response to fibroblast growth factor stimulus (GO:0044344),GO_Biological_Process_2021,0.4157661741840986,0.9877887010497854,0.518005540166205,1.0,10/15,34.37%,Polr2d;Polr2e;Hnrnpf;Polr2i;Hnrnph1;Polr2h;Polr2g;Grb2;Mapk1;Fgf21
regulation of cell differentiation (GO:0045595),GO_Biological_Process_2021,0.383523245458391,0.959939428287957,0.5188172043010753,1.0,5/19,9.03%,Smyd5;Pa2g4;Lgals3;Anp32b;Prkaca
cotranslational protein targeting to membrane (GO:0006613),GO_Biological_Process_2021,0.3275054580305576,0.974188658611401,0.5197132616487455,1.0,16/47,26.01%,Rplp0;Rps2;Rps8;Rpl18;Srp14;Rps17;Rpl22;Rps20;Rps11;Rps14;Rps13;Rpl5;Rps19;Rps16;Rpsa;Rps26
regulation of gene silencing by miRNA (GO:0060964),GO_Biological_Process_2021,0.4070493949491084,0.9743128268603788,0.5199449793672627,1.0,9/15,33.38%,Polr2d;Polr2e;Eif4g1;Polr2i;Tpr;Nup37;Polr2h;Polr2g;Sec13
"retrograde vesicle-mediated transport, Golgi to endoplasmic reticulum (GO:0006890)",GO_Biological_Process_2021,0.38775659328812256,0.9729589653929362,0.5203679369250985,1.0,11/19,38.70%,Napa;Lman2;Cope;Arf4;Pitpnb;Rab1b;Copz2;Nsf;Copg2;Copg1;Arcn1
positive regulation of cellular metabolic process (GO:0031325),GO_Biological_Process_2021,0.3840689126015939,0.9779244567521824,0.5210526315789473,1.0,11/22,32.92%,Eif4g1;Acaca;Xdh;Agt;Mapk14;Rab1b;Nsf;Fasn;Grb2;Chchd2;Apoe
brain development (GO:0007420),GO_Biological_Process_2021,0.39429496925171786,0.9686858186753275,0.5235457063711911,1.0,4/17,12.28%,Rab18;Nes;Ufm1;Col4a1
sphingolipid metabolic process (GO:0006665),GO_Biological_Process_2021,0.3638962955770465,0.9621503456844565,0.5297225891677675,1.0,5/23,8.88%,Glb1;Sumf2;Neu1;Pla2g15;Sumf1
Endocytosis,KEGG_2019_Mouse,0.3296109341310906,0.9788070725073995,0.5305389221556887,1.0,13/49,23.99%,Snx12;Chmp4b;Ap2m1;Chmp2a;Nedd4l;Vps28;Vps26b;Arpc5;Arpc2;Vps26a;H2-K1;Arpc1a;Snx5
plasma membrane bounded cell projection organization (GO:0120036),GO_Biological_Process_2021,0.37400628482466447,0.9613107932647431,0.5313315926892951,1.0,3/20,7.22%,Cyfip1;Cttn;Hmgb1
non-canonical Wnt signaling pathway (GO:0035567),GO_Biological_Process_2021,0.3201642685731552,0.9722697848135996,0.5353293413173653,1.0,6/55,7.33%,Frzb;Ap2m1;Psmc2;Gnb1;Psmd9;Psmd12
Ribosome,KEGG_2019_Mouse,0.3316578794681509,0.970178681859106,0.5360576923076923,1.0,15/43,26.01%,Rplp0;Rps2;Rps8;Rpl18;Rps17;Rpl22;Rps20;Rps11;Rps14;Rps13;Rpl5;Rps19;Rps16;Rpsa;Rps26
ncRNA processing (GO:0034470),GO_Biological_Process_2021,0.33029295558419625,0.9594805951825713,0.5398550724637681,1.0,12/39,25.13%,Rplp0;Wdr12;Rps2;Rpl18;Mrto4;Rps17;Rpl22;Rps14;Rpl5;Rps19;Rps16;Exosc2
negative regulation of translation (GO:0017148),GO_Biological_Process_2021,0.38728614154693214,0.9763464235318229,0.5402455661664393,1.0,9/19,34.31%,Ybx1;Syncrip;Caprin1;Tpr;Eif3e;Eif4a3;Ddx6;Ncl;Rps3
Oxytocin signaling pathway,KEGG_2019_Mouse,0.3809075349378548,0.9537611399792723,0.5403899721448467,1.0,3/18,9.03%,Ppp1cb;Ppp1r12b;Prkaca
protein maturation (GO:0051604),GO_Biological_Process_2021,0.3806859177127348,0.9508601929307416,0.5445945945945946,1.0,8/18,29.72%,Ciao1;Nfu1;Ncstn;Naa50;Pitrm1;Ccs;Adam10;Glrx3
vascular endothelial growth factor receptor signaling pathway (GO:0048010),GO_Biological_Process_2021,0.38976857641963847,0.9394429271984538,0.5471167369901547,1.0,2/15,2.17%,Cyfip1;Hsp90aa1
positive regulation of leukocyte chemotaxis (GO:0002690),GO_Biological_Process_2021,0.3964546535620912,0.9464540485388124,0.5499316005471956,1.0,3/15,15.12%,Gas6;Hmgb1;Lgals9
gluconeogenesis (GO:0006094),GO_Biological_Process_2021,0.3919978556544287,0.958185126131443,0.5511596180081856,1.0,8/17,32.82%,Aldoc;Eno3;Mdh1;Pgk1;Eno1;Aldoa;Mdh2;Got1
ribonucleoprotein complex biogenesis (GO:0022613),GO_Biological_Process_2021,0.39358076735273767,0.9481910827692576,0.5517241379310345,1.0,8/15,33.08%,Wdr12;Mrto4;Rps17;Rpl5;Rps19;Rps16;Npm1;Rps25
Glycolysis / Gluconeogenesis,KEGG_2019_Mouse,0.349784588731922,0.9476633715649526,0.55198973042362,1.0,8/28,30.75%,Aldoc;Eno3;Pdhb;Dld;Adh5;Pgk1;Eno1;Aldoa
Pentose phosphate pathway,KEGG_2019_Mouse,0.3922736617410305,0.9445587786771897,0.5622435020519836,1.0,4/16,16.20%,Dera;Aldoc;Pgd;H6pd
cellular response to chemical stress (GO:0062197),GO_Biological_Process_2021,0.3518761557793977,0.9464834565222088,0.5661577608142494,1.0,9/28,32.30%,Txnrd2;Parp1;Gpx7;Nudt2;Prdx5;Eif2s1;Ccs;Msra;Chchd2
heart development (GO:0007507),GO_Biological_Process_2021,0.3751842676092089,0.9274780649473784,0.567530695770805,1.0,1/17,0.26%,Ndufv2
cilium organization (GO:0044782),GO_Biological_Process_2021,0.3820611929208352,0.932867194754514,0.5712309820193637,1.0,3/17,14.76%,Pde6d;Actr3;Arf4
mRNA processing (GO:0006397),GO_Biological_Process_2021,0.2922194693551123,0.9565447790575348,0.5728587319243604,1.0,27/90,23.63%,Ubl5;Polr2d;Polr2e;Ybx1;Alyref;Kin;Prkaca;Syncrip;Hnrnpf;Snrpb;Dnajc8;Eftud2;Polr2i;Snrnp200;Snrpa1;Snrpd3;Hnrnpk;Snrpd2;Pabpn1;Hnrnpu;Hnrnpl;Fus;Hnrnph1;Lsm4;Plrg1;Snrpb2;Eif4a3
generation of neurons (GO:0048699),GO_Biological_Process_2021,0.3677225388795703,0.9306944073128479,0.5739247311827957,1.0,3/20,7.59%,Hmgb2;Nif3l1;Casp3
Huntington disease,KEGG_2019_Mouse,0.33330560525771585,0.92688737469458,0.574726609963548,1.0,10/33,23.07%,Ndufv2;Ap2m1;Polr2d;Polr2e;Casp3;Polr2i;Uqcrfs1;Cox5a;Atp5d;Dctn2
Thermogenesis,KEGG_2019_Mouse,0.349823731090779,0.9259432746252879,0.5790155440414507,1.0,11/25,34.62%,Ndufv2;Prkaca;Uqcrfs1;Cox5a;Atp5d;Mapk14;Uqcrh;Grb2;Actl6a;Fgf21;Smarcc2
cellular protein metabolic process (GO:0044267),GO_Biological_Process_2021,0.284325347510848,0.9596864639415378,0.5822649572649573,1.0,39/145,26.06%,Gspt1;Ubl5;Gas6;Rplp0;Rps2;Rps8;Rpl18;Rabggtb;Msrb3;Fuca2;Ncstn;Pdia6;Eif4g1;Uba3;Mbtps1;Rps17;Cops5;Rpn1;Rpl22;Serpinc1;Ube2g1;Prkcsh;Pcmt1;Rps20;Rps11;Cdc34;Rps14;Rps13;Rcn1;Fstl1;Rpl5;Timp1;Rps19;Mia3;Rps16;Vcan;Rpsa;Rps26;Adam10
regulation of apoptotic process (GO:0042981),GO_Biological_Process_2021,0.2842223327544096,0.9540343038841015,0.5834230355220668,1.0,26/122,18.78%,Frzb;Hsp90aa1;Gas6;Hmgn5;Anp32a;Lrp8;Pa2g4;Anxa5;Anp32b;Dnaja1;Hmgb1;Lancl1;Casp3;Rabggtb;Usp47;Ncstn;Anp32e;Ufm1;Fhl2;Cops5;Arf4;Irf3;Hypk;Hnrnpk;Prdx5;Mif
negative regulation of extrinsic apoptotic signaling pathway (GO:2001237),GO_Biological_Process_2021,0.3848794613358849,0.9226879543442236,0.5835616438356165,1.0,2/16,6.45%,Pea15;Lgals3
regulation of programmed cell death (GO:0043067),GO_Biological_Process_2021,0.32352849600968203,0.934481864399272,0.5867158671586716,1.0,8/37,15.94%,Hsp90aa1;Anp32a;Lrp8;Anp32b;Rabggtb;Anp32e;Irf3;Psmc5
negative regulation of cellular macromolecule biosynthetic process (GO:2000113),GO_Biological_Process_2021,0.3060667877631984,0.9231319197402168,0.5897740784780023,1.0,11/51,16.92%,Gas6;Hmgb2;Pa2g4;Ybx1;Usp47;Hmga1;Syncrip;Caprin1;Pfdn5;Loxl3;Set
protein dephosphorylation (GO:0006470),GO_Biological_Process_2021,0.3398670359245814,0.9166601340434541,0.5902688860435339,1.0,3/27,1.08%,Ppp2cb;Ppp1cb;Ppm1b
Apelin signaling pathway,KEGG_2019_Mouse,0.394108522584204,0.9232855509362641,0.5968436154949784,1.0,5/15,22.96%,Gabarapl1;Gnb1;Prkaca;Mylk;Jag1
Apoptosis,KEGG_2019_Mouse,0.3423094686783397,0.9240710113316866,0.5970937912813739,1.0,3/27,7.59%,Tuba1a;Parp1;Casp3
RNA 3'-end processing (GO:0031123),GO_Biological_Process_2021,0.3744176865780049,0.9122191139802984,0.5994623655913979,1.0,5/16,36.53%,Alyref;Pabpn1;Eif4a3;Magoh;Ddx39b
glycosaminoglycan catabolic process (GO:0006027),GO_Biological_Process_2021,0.3515148422343545,0.9112601939910808,0.605191256830601,1.0,7/22,27.76%,Cspg4;Glb1;Gpc4;Gns;Arsb;Vcan;Hexa
regulation of mRNA stability (GO:0043488),GO_Biological_Process_2021,0.29053474461067447,0.923410760060055,0.6063708759954494,1.0,25/72,29.67%,Thrap3;Psmc2;Anp32a;Psmd9;Ybx1;Psmd12;Carhsp1;Psmc3;Eif4g1;Psmc5;Set;Psmd14;Serbp1;Cirbp;Hnrnpu;Fus;Psmd7;Psma4;Exosc2;Psmc4;Psmc1;Npm1;Psmf1;Paip1;Ywhaz
regulation of ERK1 and ERK2 cascade (GO:0070372),GO_Biological_Process_2021,0.3179421106694834,0.9179207211850985,0.6079900124843945,1.0,4/38,7.22%,Npnt;Gas6;Fbln1;Hmgb1
protein deubiquitination (GO:0016579),GO_Biological_Process_2021,0.2929506749830032,0.9212168366262211,0.6098964326812428,1.0,26/66,35.50%,Babam1;Psmc2;Psmd9;Psmd12;Eif3f;Usp47;Rad23a;Psmc3;Otub1;Cops5;Psmc5;Psmd14;Psmd7;Psma4;Usp9x;Usp7;Psmc4;Otud6a;Psmc1;Psmf1;Vcp;Uchl5;Psmd2;Actl6a;Psmb6;Uchl1
Epstein-Barr virus infection,KEGG_2019_Mouse,0.3121473677664027,0.905201554922286,0.6111801242236025,1.0,13/38,25.85%,Psmc2;Psmd12;Casp3;Psmc3;Ifnar2;Irf3;Psmc5;Psmd14;H2-K1;Psmd7;Usp7;Mapk14;Psmc4
negative regulation of transcription by RNA polymerase II (GO:0000122),GO_Biological_Process_2021,0.3107084611209373,0.9249940928070878,0.6134146341463415,1.0,11/44,21.31%,Crym;Dr1;Parp1;Hdgf;Hmgb1;Nedd4l;Fhl2;Tpr;Impact;Hnrnpu;Rps14
Oxidative phosphorylation,KEGG_2019_Mouse,0.35392834458151706,0.9160657435541364,0.6166883963494133,1.0,8/24,28.22%,Ndufv2;Atp6v1c1;Uqcrfs1;Ppa1;Cox5a;Atp5d;Uqcrh;Atp6v1g1
peptidyl-lysine modification (GO:0018205),GO_Biological_Process_2021,0.35999412089560306,0.890649716694718,0.6214833759590793,1.0,5/19,25.75%,Loxl3;Tpr;Plod3;Sumo2;Nup37
Platelet activation,KEGG_2019_Mouse,0.3385608993626579,0.8932094406753981,0.6253298153034301,1.0,5/24,9.80%,Ppp1cb;Myl12b;Tln1;Prkaca;Vasp
cellular response to cytokine stimulus (GO:0071345),GO_Biological_Process_2021,0.2882323634194418,0.9136258170748105,0.627039627039627,1.0,16/72,21.98%,Ybx3;Npnt;Hsp90aa1;Gas6;Lifr;Lrp8;Casp3;Prkaca;Syncrip;Ifnar2;Lgals9;Tpr;Ptprz1;Cdc34;Hnrnpu;Asah2
Parkinson disease,KEGG_2019_Mouse,0.34609953882111555,0.9016324110746052,0.628498727735369,1.0,8/24,22.70%,Ndufv2;Casp3;Prkaca;Uqcrfs1;Ube2g1;Cox5a;Atp5d;Uba1
positive regulation of cell differentiation (GO:0045597),GO_Biological_Process_2021,0.3187804391160244,0.8909871810392305,0.6312419974391805,1.0,3/32,6.40%,Frzb;Npnt;Pa2g4
regulation of mitotic cell cycle phase transition (GO:1901990),GO_Biological_Process_2021,0.29513271157576365,0.9182264849647973,0.6317606444188723,1.0,16/66,23.07%,Tuba1a;Hsp90aa1;Psmc2;Psmd9;Psmd12;Prkaca;Psmc3;Psmc5;Ube2e1;Dync1h1;Ywhag;Pafah1b1;Psmd14;Psmd7;Psma4;Dctn2
positive regulation of programmed cell death (GO:0043068),GO_Biological_Process_2021,0.3153492281561993,0.8679800971360346,0.6359039190897599,1.0,5/29,11.61%,Frzb;Dnaja1;Hmgb1;Casp3;Ncstn
cellular response to DNA damage stimulus (GO:0006974),GO_Biological_Process_2021,0.3278373531628781,0.902843705427183,0.6420382165605095,1.0,16/30,35.35%,Asf1a;Parp1;Kin;Usp47;Otub1;Irf3;Uba1;Mapk14;Ube2a;Npm1;Cdkn2aip;Vcp;Apex1;Grb2;Rps3;Tnfrsf1b
regulation of cellular component organization (GO:0051128),GO_Biological_Process_2021,0.3465789841248592,0.8742033423073766,0.6428571428571429,1.0,2/19,2.17%,Snx12;Hsp90aa1
positive regulation of cellular protein metabolic process (GO:0032270),GO_Biological_Process_2021,0.3213382364693533,0.8830056769067531,0.6456996148908858,1.0,11/28,28.84%,Rbm3;Hsp90aa1;Eif4g1;Eif3e;Cirbp;Rpl5;Eif4a3;Agt;Rdx;Vps35;Npm1
Proteoglycans in cancer,KEGG_2019_Mouse,0.29625200351411757,0.8899706010561935,0.6519666269368296,1.0,8/52,14.40%,Ppp1cb;Ppp1r12b;Eif4b;Cttn;Casp3;Prkaca;Iqgap1;Flnb
cellular response to UV (GO:0034644),GO_Biological_Process_2021,0.3598845704292928,0.8814342269663167,0.6519944979367263,1.0,6/17,28.84%,Parp1;Usp47;Impact;Timp1;Eif2s1;Npm1
regulation of stem cell differentiation (GO:2000736),GO_Biological_Process_2021,0.2994651515383708,0.8944063997074595,0.6555023923444976,1.0,15/47,30.65%,Psmc2;Smyd5;Psmd9;Psmd12;Psmc3;Psmc5;Psmd14;Hnrnpu;Psmd7;Psma4;Jag1;Psmc4;Psmc1;Psmf1;Pdgfra
dicarboxylic acid metabolic process (GO:0043648),GO_Biological_Process_2021,0.35133635242570577,0.8776398110225774,0.6562922868741543,1.0,12/19,46.85%,Nit2;Dlst;Mdh1;Fh;Mdh2;Got1;Idh1;Got2;Sdha;Gclc;Idh2;Dhfr
"positive regulation of transcription, DNA-templated (GO:0045893)",GO_Biological_Process_2021,0.27646562900172494,0.9104548305232959,0.6579234972677596,1.0,20/94,16.87%,Asf1a;Thrap3;Hmgb2;Hmgn5;Dr1;Nif3l1;Psmd9;Parp1;Ybx1;Hmgb1;Alyref;Hmga1;Psmc3;Actr3;Cops5;Arf4;Irf3;Supt16h;Psmc5;Ube2v1
positive regulation of cell-substrate adhesion (GO:0010811),GO_Biological_Process_2021,0.3358904171798186,0.8766718714967469,0.6591511936339522,1.0,1/23,0.62%,Npnt
glutathione metabolic process (GO:0006749),GO_Biological_Process_2021,0.34445086401741765,0.8712132959374012,0.6680053547523427,1.0,1/21,0.52%,Gsta3
protein ubiquitination (GO:0016567),GO_Biological_Process_2021,0.27978795507172105,0.8989008518070293,0.6692913385826772,1.0,32/85,31.01%,Psmc2;Psmd9;Psmd12;Nedd4l;Rnf114;Psmc3;Wdr61;Psmc5;Ube2e1;Ube2h;Ube2v1;Blmh;Ube2g1;Psmd14;Cdc34;Psmd7;Ube2n;Uba1;Psma4;Usp9x;Usp7;Psmc4;Nhlrc3;Ube2a;Cul1;Psmc1;Tpp2;Cand1;Psmf1;Ube2v2;Vcp;Fbxo22
epithelium development (GO:0060429),GO_Biological_Process_2021,0.3250101547892206,0.8578936145828192,0.6709346991037132,1.0,5/24,20.54%,Cnn3;Lgals3;Aldoc;Loxl3;Pgk1
Alzheimer disease,KEGG_2019_Mouse,0.3108010171350779,0.8658582712697431,0.67375,1.0,8/32,21.36%,Ndufv2;Casp3;Rtn3;Ncstn;Lrp1;Uqcrfs1;Cox5a;Atp5d
Viral carcinogenesis,KEGG_2019_Mouse,0.3047719861837659,0.8737435047981413,0.6741854636591479,1.0,15/35,32.56%,Hist1h2bc;Gtf2a2;Casp3;Prkaca;Irf3;Hnrnpk;Ywhag;H2-K1;Usp7;Psmc1;Gsn;Ywhaz;Cdkn2b;Grb2;Mapk1
response to UV (GO:0009411),GO_Biological_Process_2021,0.35639487545198684,0.8469274956817378,0.6766381766381766,1.0,6/15,28.84%,Parp1;Usp47;Cirbp;Eif2s1;Ube2a;Npm1
ECM-receptor interaction,KEGG_2019_Mouse,0.31293574922787815,0.8676457697948441,0.6778350515463918,1.0,1/33,0.62%,Npnt
"mRNA splicing, via spliceosome (GO:0000398)",GO_Biological_Process_2021,0.2743422264787476,0.8956114764809932,0.6796440489432704,1.0,26/88,23.63%,Ubl5;Polr2d;Polr2e;Ybx1;Alyref;Syncrip;Hnrnpf;Snrpb;Dnajc8;Eftud2;Polr2i;Snrnp200;Snrpa1;Snrpd3;Hnrnpk;Snrpd2;Strap;Pabpn1;Hnrnpu;Hnrnpl;Fus;Hnrnph1;Lsm4;Plrg1;Snrpb2;Eif4a3
positive regulation of ERK1 and ERK2 cascade (GO:0070374),GO_Biological_Process_2021,0.3080681333487496,0.8536839563285125,0.6816431322207959,1.0,3/30,7.22%,Npnt;Gas6;Hmgb1
positive regulation of protein kinase B signaling (GO:0051897),GO_Biological_Process_2021,0.31852269990598936,0.8502262600312556,0.6816976127320955,1.0,2/25,2.37%,Hsp90aa1;Gas6
protein complex oligomerization (GO:0051259),GO_Biological_Process_2021,0.35425444473623663,0.8538992346857311,0.6823855755894591,1.0,4/16,23.89%,Chmp2a;Alad;Fus;Mat2a
negative regulation of cytokine production (GO:0001818),GO_Biological_Process_2021,0.315380434911106,0.8428147843746304,0.6826029216467463,1.0,4/26,15.12%,Gas6;Hmgb1;Irf3;Lgals9
regulation of peptidyl-tyrosine phosphorylation (GO:0050730),GO_Biological_Process_2021,0.33397741819505433,0.8520454112757644,0.6849865951742627,1.0,2/20,4.75%,Cspg4;Lrp8
"RNA splicing, via transesterification reactions with bulged adenosine as nucleophile (GO:0000377)",GO_Biological_Process_2021,0.2721754889748155,0.8835067378718018,0.6850393700787402,1.0,25/85,23.63%,Ubl5;Polr2d;Polr2e;Ybx1;Alyref;Syncrip;Hnrnpf;Snrpb;Dnajc8;Eftud2;Polr2i;Snrnp200;Snrpa1;Snrpd3;Hnrnpk;Snrpd2;Pabpn1;Hnrnpu;Hnrnpl;Fus;Hnrnph1;Lsm4;Plrg1;Snrpb2;Eif4a3
skeletal system development (GO:0001501),GO_Biological_Process_2021,0.3277857327406146,0.8577317657562653,0.6887417218543046,1.0,3/25,7.79%,Frzb;Lect2;Ext1
positive regulation of DNA-binding transcription factor activity (GO:0051091),GO_Biological_Process_2021,0.3186653119639496,0.8583768300447843,0.6893453145057766,1.0,10/28,34.31%,Lrp8;Cops5;Lgals9;Ube2v1;Ube2n;Agt;Npm1;Jup;Clu;Rps3
negative regulation of canonical Wnt signaling pathway (GO:0090090),GO_Biological_Process_2021,0.28583960347858045,0.8615149308995624,0.702002355712603,1.0,13/53,29.26%,Frzb;Psmc2;Psmd9;Psmd12;Psmc3;Pfdn5;Psmc5;Psmd14;Psmd7;Psma4;Psmc4;Psmc1;Psmf1
protein polyubiquitination (GO:0000209),GO_Biological_Process_2021,0.27818485007020505,0.8777217133108486,0.7030716723549488,1.0,25/73,29.51%,Psmc2;Psmd9;Psmd12;Nedd4l;Rnf114;Psmc3;Psmc5;Ube2e1;Ube2h;Ube2v1;Blmh;Ube2g1;Psmd14;Cdc34;Psmd7;Ube2n;Psma4;Psmc4;Nhlrc3;Ube2a;Cul1;Psmc1;Tpp2;Psmf1;Ube2v2
proteasomal protein catabolic process (GO:0010498),GO_Biological_Process_2021,0.2781847889955082,0.8638137850723046,0.7079439252336449,1.0,20/61,30.50%,Psmc2;Psmd9;Psmd12;Nedd4l;Rad23a;Psmc3;Psmc5;Ube2g1;Psmd14;Cdc34;Nsfl1c;Psmd7;Psma4;Psmc4;Nhlrc3;Ube2a;Psmc1;Psmf1;Pcbp2;Vcp
mRNA 3'-end processing (GO:0031124),GO_Biological_Process_2021,0.3213861349801258,0.8284510777267174,0.7096354166666666,1.0,4/21,23.63%,Polr2d;Alyref;Pabpn1;Eif4a3
positive regulation of neuron projection development (GO:0010976),GO_Biological_Process_2021,0.34576712588732245,0.8336082040332192,0.7100671140939597,1.0,5/16,19.25%,Lrp8;Caprin1;Twf2;Serpini1;Arsb
monocarboxylic acid metabolic process (GO:0032787),GO_Biological_Process_2021,0.307299837149392,0.8308993906636756,0.7127371273712737,1.0,15/27,41.74%,Grhpr;Gatm;Pdhb;Dld;Abat;Scpep1;Aldh1a2;Fasn;Scp2;Ptgr1;Ldha;Igf1;Got2;Lpl;Ldhb
semaphorin-plexin signaling pathway (GO:0071526),GO_Biological_Process_2021,0.3482054458335496,0.830870871566643,0.7138686131386861,1.0,4/15,21.21%,Sema6c;Sema6d;Sema5a;Sema4b
positive regulation of developmental process (GO:0051094),GO_Biological_Process_2021,0.32500117598208916,0.8423507192266284,0.7211413748378729,1.0,3/24,13.62%,Lrp8;Pa2g4;Fis1
negative regulation of cell differentiation (GO:0045596),GO_Biological_Process_2021,0.3180046421107357,0.8222002687044132,0.7216358839050132,1.0,7/21,22.96%,Zadh2;Anp32b;Wdr61;Col5a1;Xdh;Hnrnpu;Jag1
platelet aggregation (GO:0070527),GO_Biological_Process_2021,0.33219920158001903,0.8190488883913409,0.7242302543507363,1.0,3/18,8.77%,Tln1;Csrp1;Metap1
positive regulation of apoptotic process (GO:0043065),GO_Biological_Process_2021,0.2961429164625857,0.8301868243575664,0.7243107769423559,1.0,5/33,11.61%,Frzb;Dnaja1;Hmgb1;Casp3;Ncstn
MicroRNAs in cancer,KEGG_2019_Mouse,0.30507941494914737,0.8214622578221403,0.7370466321243523,1.0,8/26,37.20%,Casp3;Hnrnpk;Rdx;Tpm1;Pdgfra;Grb2;Crkl;Ezr
negative regulation of blood coagulation (GO:0030195),GO_Biological_Process_2021,0.34836943857264974,0.8219299906422123,0.7377279102384292,1.0,6/15,32.92%,Serpine2;A2m;Serping1;Kng1;Pdgfra;Apoe
positive regulation of cellular amide metabolic process (GO:0034250),GO_Biological_Process_2021,0.3093878467997964,0.8042450453225655,0.7414965986394558,1.0,6/21,23.63%,Rbm3;Casp3;Eif3e;Cirbp;Rpl5;Eif4a3
positive regulation of cysteine-type endopeptidase activity involved in apoptotic process (GO:0043280),GO_Biological_Process_2021,0.30436308945893725,0.7894353472759895,0.7440944881889764,1.0,11/22,34.31%,Anp32b;Hmgb1;Fis1;Lgals9;Xdh;Gsn;Vcp;Pdcd6;Hspd1;Dap;Rps3
Hepatocellular carcinoma,KEGG_2019_Mouse,0.29458103508443245,0.8096833650510248,0.7464788732394366,1.0,2/29,3.20%,Gsta3;Txnrd2
positive regulation of metabolic process (GO:0009893),GO_Biological_Process_2021,0.3235298840844101,0.7916138601718061,0.7470664928292047,1.0,9/17,34.37%,Decr1;Acaca;Gatm;Dync1h1;Fh;Fabp5;Hadh;Fasn;Fgf21
cellular protein modification process (GO:0006464),GO_Biological_Process_2021,0.25413003070501217,0.8860107623989922,0.7474226804123711,1.0,52/201,26.11%,Ppp2cb;Ppp1cb;Ppm1b;Ubl5;Gas6;Wdr5;Sumf2;Cops2;Psmc2;Psmd9;Parp1;Psmd12;Metap1;Sumf1;Prkaca;Cops6;Dcun1d1;Rabggtb;Rbbp7;Fuca2;Pdia6;Dsp;Psmc3;Uba3;Mbtps1;Cops5;Arf4;Psmc5;Ube2e1;Rpn1;Gps1;Serpinc1;Prkcsh;Cops8;Cops4;Psmd14;Ublcp1;Ptprz1;Cdc34;Psmd7;Rcn1;Psma4;Fstl1;Timp1;Mia3;Vcan;Ppp6c;Gmfb;Man2a2;Psmc4;Adam10;Rab1b
RNA degradation,KEGG_2019_Mouse,0.3308968580948841,0.8155474835524594,0.748335552596538,1.0,9/18,34.00%,Wdr61;Eno3;Lsm4;Nudt16;Exosc2;Ddx6;Eno1;Lsm5;Hspd1
AMPK signaling pathway,KEGG_2019_Mouse,0.3268902812229057,0.79823711364578,0.7506925207756233,1.0,3/17,13.83%,Ppp2cb;Cab39;Acaca
regulation of proteasomal ubiquitin-dependent protein catabolic process (GO:0032434),GO_Biological_Process_2021,0.2989597186773321,0.7883415614829149,0.7529566360052562,1.0,9/23,35.09%,Rad23a;Eif3h;Sumo2;Usp7;Vcp;Fbxo22;Uchl5;Clu;Sdcbp
Ubiquitin mediated proteolysis,KEGG_2019_Mouse,0.29549288893205916,0.7922685155486127,0.7544987146529563,1.0,10/27,27.30%,Nedd4l;Uba3;Ube2e1;Ube2h;Ube2g1;Cdc34;Ube2n;Uba1;Ube2a;Cul1
Axon guidance,KEGG_2019_Mouse,0.29119387946599795,0.8010140697695932,0.7564766839378239,1.0,8/30,21.21%,Efnb1;Myl12b;Sema6c;Slit3;Sema6d;Sema5a;Enah;Sema4b
regulation of nucleic acid-templated transcription (GO:1903506),GO_Biological_Process_2021,0.297248139722196,0.8053964321731732,0.7598475222363406,1.0,8/28,16.87%,Cops2;Hmgn5;Nif3l1;Ybx1;Hmga1;Pfdn5;Pofut1;Ube2v1
negative regulation of signal transduction (GO:0009968),GO_Biological_Process_2021,0.2863442594925899,0.8067172592580617,0.7606177606177607,1.0,2/33,2.22%,Frzb;Nxn
Fc gamma R-mediated phagocytosis,KEGG_2019_Mouse,0.3176628041580609,0.7990763898183046,0.76221928665786,1.0,10/19,42.57%,Marcksl1;Vasp;Arpc5;Arpc2;Arpc1a;Gsn;Mapk1;Crkl;Cfl1;Crk
stimulatory C-type lectin receptor signaling pathway (GO:0002223),GO_Biological_Process_2021,0.2771030433620685,0.8170828692881253,0.7639225181598063,1.0,13/45,29.26%,Psmc2;Psmd9;Psmd12;Prkaca;Psmc3;Psmc5;Psmd14;Psmd7;Psma4;Psmc4;Cul1;Psmc1;Psmf1
innate immune response activating cell surface receptor signaling pathway (GO:0002220),GO_Biological_Process_2021,0.2771030433620685,0.8170828692881253,0.7639225181598063,1.0,13/45,29.26%,Psmc2;Psmd9;Psmd12;Prkaca;Psmc3;Psmc5;Psmd14;Psmd7;Psma4;Psmc4;Cul1;Psmc1;Psmf1
cellular response to lectin (GO:1990858),GO_Biological_Process_2021,0.2771030433620685,0.8170828692881253,0.7639225181598063,1.0,13/45,29.26%,Psmc2;Psmd9;Psmd12;Prkaca;Psmc3;Psmc5;Psmd14;Psmd7;Psma4;Psmc4;Cul1;Psmc1;Psmf1
positive regulation of endocytosis (GO:0045807),GO_Biological_Process_2021,0.3268340077277398,0.7742814545657439,0.7674418604651163,1.0,4/15,17.85%,Nedd4l;Vps28;Lrp1;Hnrnpk
PI3K-Akt signaling pathway,KEGG_2019_Mouse,0.26119473075284483,0.8177616894604998,0.7698504027617952,1.0,5/63,6.35%,Ppp2cb;Hsp90aa1;Eif4b;Gnb1;Cdc37
actin filament organization (GO:0007015),GO_Biological_Process_2021,0.3032595919166634,0.7891675495247703,0.774798927613941,1.0,8/23,30.91%,Mprip;Marcksl1;Enah;Tmod3;Gsn;Tpm1;Aldoa;Dstn
regulation of intracellular signal transduction (GO:1902531),GO_Biological_Process_2021,0.27454379197677564,0.7900674410844023,0.7779187817258884,1.0,10/36,25.44%,Arhgap1;Entpd5;Rbbp7;Trip10;A2m;Supt16h;Rpl5;Rpa3;Usp7;Mapk14
negative regulation of intrinsic apoptotic signaling pathway (GO:2001243),GO_Biological_Process_2021,0.31294337720665016,0.7703614329838786,0.7783711615487316,1.0,3/18,12.64%,Ybx3;Dnaja1;Txndc12
regulation of cell cycle (GO:0051726),GO_Biological_Process_2021,0.2917849402572372,0.781284570487527,0.7787723785166241,1.0,7/28,21.98%,Wdr12;Prkaca;Rad23a;Iqgap1;Mif;Hnrnpu;Asah2
negative regulation of cell cycle G2/M phase transition (GO:1902750),GO_Biological_Process_2021,0.27238846560274627,0.8055954011650562,0.7800729040097205,1.0,13/46,29.26%,Psmc2;Psmd9;Psmd12;Usp47;Psmc3;Psmc5;Psmd14;Psmd7;Psma4;Psmc4;Cul1;Psmc1;Psmf1
negative regulation of G2/M transition of mitotic cell cycle (GO:0010972),GO_Biological_Process_2021,0.27238846560274627,0.8055954011650562,0.7800729040097205,1.0,13/46,29.26%,Psmc2;Psmd9;Psmd12;Usp47;Psmc3;Psmc5;Psmd14;Psmd7;Psma4;Psmc4;Cul1;Psmc1;Psmf1
response to unfolded protein (GO:0006986),GO_Biological_Process_2021,0.3091559580416462,0.7757694540061253,0.7861975642760487,1.0,2/19,7.07%,Hsp90aa1;Dnaja1
modification-dependent protein catabolic process (GO:0019941),GO_Biological_Process_2021,0.2755681934805665,0.7804854488563493,0.7903430749682337,1.0,10/36,22.70%,Psmc2;Psmd9;Nedd4l;Rnf114;Ube2e1;Ube2h;Ube2g1;Psmd14;Cdc34;Uba1
Insulin signaling pathway,KEGG_2019_Mouse,0.2937666742823402,0.7703486750394971,0.7905405405405406,1.0,5/21,19.14%,Ppp1cb;Prkaca;Trip10;Acaca;Eif4e
positive regulation of transcription by RNA polymerase II (GO:0045944),GO_Biological_Process_2021,0.25914745787733884,0.8215185525420063,0.791095890410959,1.0,13/67,15.48%,Thrap3;Hmgb2;Dr1;Parp1;Ybx1;Hmgb1;Hmga1;Psmc3;Actr3;Cops5;Arf4;Irf3;Supt16h
positive regulation of cell population proliferation (GO:0008284),GO_Biological_Process_2021,0.25908629929332805,0.8191492142315089,0.798175598631699,1.0,5/67,4.33%,Nes;Gas6;Lifr;Ciao1;Hmgn5
Phagosome,KEGG_2019_Mouse,0.27595471918956715,0.7886683879749711,0.7992471769134254,1.0,3/38,5.37%,Tuba1a;Atp6v1c1;Mrc2
protein-containing complex assembly (GO:0065003),GO_Biological_Process_2021,0.2687625934020077,0.8057088842346312,0.8042959427207638,1.0,20/50,33.69%,St13;Ap2m1;Napa;Sec31a;Trappc3;Sec23a;Ppp6c;Adam10;Rab1b;Cul1;Uso1;Nsf;Cand1;Kpna3;Capza2;Trappc2l;Pdcd6;Fermt2;Sec13;Capza1
homotypic cell-cell adhesion (GO:0034109),GO_Biological_Process_2021,0.29744144640826425,0.7522555368436024,0.8081471747700394,1.0,3/20,8.77%,Tln1;Csrp1;Metap1
ubiquitin-dependent protein catabolic process (GO:0006511),GO_Biological_Process_2021,0.24886966443751396,0.8028170107573536,0.8094701240135288,1.0,27/80,31.01%,Psmc2;Psmd9;Psmd12;Nedd4l;Vps28;Rnf114;Rad23a;Psmc3;Psmc5;Ube2e1;Ube2h;Ube2g1;Psmd14;Cdc34;Nsfl1c;Psmd7;Uba1;Psma4;Usp9x;Psmc4;Nhlrc3;Ube2a;Psmc1;Psmf1;Pcbp2;Vcp;Fbxo22
organonitrogen compound biosynthetic process (GO:1901566),GO_Biological_Process_2021,0.28852039628457726,0.7654726921054662,0.8097112860892388,1.0,1/25,0.52%,Gsta3
MAPK cascade (GO:0000165),GO_Biological_Process_2021,0.2543701311564843,0.807091768617278,0.8100820633059789,1.0,11/75,15.94%,Pde6d;Ppp1cb;Pea15;Psmc2;Psmd9;Psmd12;Sptbn1;Fnta;Psmc3;Lgals9;Psmc5
regulation of macromolecule metabolic process (GO:0060255),GO_Biological_Process_2021,0.2999536380156879,0.7643905899188557,0.8150134048257373,1.0,4/21,11.04%,Ybx3;Sort1;Ybx1;Hnrnpdl
positive regulation of protein catabolic process (GO:0045732),GO_Biological_Process_2021,0.30175616786993714,0.7391009719209257,0.816622691292876,1.0,10/17,37.20%,Hsp90aa1;Nedd4l;Vps28;Rdx;Nsf;Vps35;Vcp;Apoe;Tnfrsf1b;Ezr
regulation of protein kinase B signaling (GO:0051896),GO_Biological_Process_2021,0.28209196241179413,0.7738813270348245,0.8200514138817481,1.0,2/29,2.37%,Hsp90aa1;Gas6
Complement and coagulation cascades,KEGG_2019_Mouse,0.28892279091086553,0.7436947588298639,0.8212435233160622,1.0,9/22,35.29%,C4b;A2m;Serpinc1;Procr;Serping1;Kng1;Clu;Pros1;C2
protein tetramerization (GO:0051262),GO_Biological_Process_2021,0.3014606167551652,0.7365145371806427,0.8214765100671141,1.0,7/17,36.84%,Acaca;Cryz;Ssbp1;Aldh1a2;Aldoa;Apip;Sod2
antigen receptor-mediated signaling pathway (GO:0050851),GO_Biological_Process_2021,0.2654337631282919,0.7792989759642099,0.8241758241758241,1.0,13/45,29.26%,Psmc2;Psmd9;Psmd12;Psmc3;Psmc5;Psmd14;Psmd7;Ube2n;Psma4;Psmc4;Cul1;Psmc1;Psmf1
T cell receptor signaling pathway (GO:0050852),GO_Biological_Process_2021,0.2654337631282919,0.7792989759642099,0.8241758241758241,1.0,13/45,29.26%,Psmc2;Psmd9;Psmd12;Psmc3;Psmc5;Psmd14;Psmd7;Ube2n;Psma4;Psmc4;Cul1;Psmc1;Psmf1
proteasome-mediated ubiquitin-dependent protein catabolic process (GO:0043161),GO_Biological_Process_2021,0.25468528332095214,0.8024558836285729,0.8264367816091954,1.0,24/74,30.50%,Psmc2;Psmd9;Psmd12;Nedd4l;Rad23a;Psmc3;Psmc5;Ube2e1;Ube2g1;Psmd14;Cdc34;Nsfl1c;Psmd7;Psma4;Dnajc10;Psmc4;Nhlrc3;Ube2a;Cul1;Hspa5;Psmc1;Psmf1;Pcbp2;Vcp
protein modification process (GO:0036211),GO_Biological_Process_2021,0.2922399143798828,0.7626934031269014,0.8265971316818774,1.0,6/22,20.23%,Ubl5;Parp1;Rabggtb;Uba3;Rpn1;Cdc34
interleukin-1-mediated signaling pathway (GO:0070498),GO_Biological_Process_2021,0.2612098573297702,0.778050644697239,0.8285371702637889,1.0,14/49,29.26%,Psmc2;Psmd9;Psmd12;Psmc3;Psmc5;Ube2v1;Psmd14;Psmd7;Ube2n;Psma4;Psmc4;Cul1;Psmc1;Psmf1
protein localization to cell periphery (GO:1990778),GO_Biological_Process_2021,0.31859618153349867,0.7516654934111787,0.8289290681502086,1.0,2/15,8.15%,Gas6;Sptbn1
positive regulation of cellular biosynthetic process (GO:0031328),GO_Biological_Process_2021,0.2671948143364016,0.7543631505516428,0.833117723156533,1.0,8/35,23.63%,Rbm3;Hsp90aa1;Atad5;Ddah1;Eif3e;Cirbp;Rpl5;Eif4a3
NIK/NF-kappaB signaling (GO:0038061),GO_Biological_Process_2021,0.26072434680704,0.768271637471351,0.8331318016928658,1.0,13/46,29.26%,Psmc2;Psmd9;Psmd12;Psmc3;Psmc5;Cops8;Psmd14;Psmd7;Psma4;Psmc4;Cul1;Psmc1;Psmf1
regulation of gene expression (GO:0010468),GO_Biological_Process_2021,0.24652434652667624,0.8025049845227848,0.8333333333333334,1.0,39/100,34.37%,Ybx3;Snx12;Matr3;Sort1;Gas6;Hmgn5;Ybx1;Hnrnpdl;Hmga1;Hnrnpf;Lgals9;Pfdn5;Pofut1;Ube2v1;Hnrnpk;Xdh;Mif;Pabpn1;Hnrnpl;Fus;Hnrnph1;Rpl5;Mapk14;Adam10;Rdx;Edf1;Vps35;Pcbp2;Gsn;Sfpq;Pcbp1;Pkp1;Hnrnpab;Mapk1;Apoe;Clu;Stc2;Rps3;Fgf21
cell junction assembly (GO:0034329),GO_Biological_Process_2021,0.29641286875769746,0.7324605358960993,0.8375838926174497,1.0,2/18,9.80%,Tln1;Vasp
positive regulation of epithelial cell proliferation (GO:0050679),GO_Biological_Process_2021,0.29449289902384235,0.727271883650821,0.840499306518724,1.0,5/18,37.77%,Hmgb2;Sema5a;Nme1;Pdcd6;Igf1
regulation of primary metabolic process (GO:0080090),GO_Biological_Process_2021,0.25542692752786555,0.7698026819939267,0.8430913348946136,1.0,19/54,34.78%,Psmc2;Psmd9;Psmd12;Psmc3;Acaca;Psmc5;Hmgcs1;Psmd14;Psmd7;Psma4;Psmc4;Edf1;Psmc1;Psmf1;Fasn;Apoe;Ldlr;Psmd2;Psmb6
positive regulation of intracellular protein transport (GO:0090316),GO_Biological_Process_2021,0.2734307878590732,0.7494932246579348,0.8448500651890483,1.0,6/29,18.58%,Ubl5;Gas6;Anp32b;Fis1;Tpr;Ywhag
NOD-like receptor signaling pathway,KEGG_2019_Mouse,0.28272961020800186,0.7237591619264437,0.8485254691689008,1.0,7/20,25.44%,Hsp90aa1;Gabarapl1;Ifnar2;Irf3;Sugt1;Gbp2;Mapk14
cellular protein catabolic process (GO:0044257),GO_Biological_Process_2021,0.2778622419053801,0.7164988085448344,0.8544973544973545,1.0,3/21,19.20%,Ap2m1;Ube2g1;Ctso
negative regulation of phosphorylation (GO:0042326),GO_Biological_Process_2021,0.28248459624117395,0.7160409719311767,0.8595800524934383,1.0,5/19,24.20%,Fbln1;Impact;Xdh;Hnrnpu;Dnajc10
cellular response to insulin stimulus (GO:0032869),GO_Biological_Process_2021,0.286451166370098,0.7040478853851068,0.8703956343792633,1.0,3/19,13.21%,Atp6v1c1;Parp1;Syap1
positive regulation of cellular process (GO:0048522),GO_Biological_Process_2021,0.2403591042829959,0.7806004751528942,0.8715083798882681,1.0,13/89,16.05%,Gas6;Lifr;Ciao1;Hmgn5;Pa2g4;Dnaja2;Lman2;Usp47;Rad23a;Eif4g1;Acaca;Lrp1;Dync1h1
negative regulation of programmed cell death (GO:0043069),GO_Biological_Process_2021,0.23712387073338798,0.7551774931315048,0.8731428571428571,1.0,16/77,18.78%,Gas6;Hmgn5;Pa2g4;Anxa5;Dnaja1;Casp3;Usp47;Ufm1;Fhl2;Cops5;Arf4;Psmc5;Hypk;Hnrnpk;Prdx5;Mif
negative regulation of gene expression (GO:0010629),GO_Biological_Process_2021,0.24621312129193318,0.7471245181879151,0.8772563176895307,1.0,16/55,26.68%,Snx12;Smyd5;Ybx1;Rbbp7;Syncrip;Caprin1;Lgals9;Xdh;Mif;Rnh1;Rps13;Nudt16;Eif4a3;Rps26;Adam10;Ddx6
regulation of cytokine production (GO:0001817),GO_Biological_Process_2021,0.28319555563502974,0.6908082975242126,0.8783068783068783,1.0,5/16,25.44%,Irf3;Lgals9;Mif;Agt;Mapk14
mTOR signaling pathway,KEGG_2019_Mouse,0.26350789116580475,0.6766377696334881,0.8790760869565217,1.0,10/22,34.98%,Atp6v1c1;Eif4b;Cab39;Eif4e;Clip1;Atp6v1g1;Grb2;Mapk1;Sec13;Rragc
endomembrane system organization (GO:0010256),GO_Biological_Process_2021,0.2803674320705804,0.7021759273933098,0.8819538670284939,1.0,3/19,9.60%,Sptbn1;Sec31a;Lman2
Focal adhesion,KEGG_2019_Mouse,0.24089640783258287,0.7523171629306847,0.8827014218009479,1.0,8/63,16.51%,Ppp1cb;Ppp1r12b;Myl12b;Tln1;Vasp;Col4a1;Flnb;Mylk
positive regulation of protein phosphorylation (GO:0001934),GO_Biological_Process_2021,0.24021796465083473,0.7444892140479297,0.882903981264637,1.0,7/62,13.16%,Hsp90aa1;Gas6;Cspg4;Lrp8;Cab39;Iqgap1;Eif4g1
regulation of autophagy (GO:0010506),GO_Biological_Process_2021,0.24921444421721786,0.7125492220193512,0.884472049689441,1.0,11/38,28.69%,Atp6v1c1;Hmgb1;Casp3;Prkaca;Vps26b;Eif4g1;Eif4e;Vps26a;Snx5;Atp6v1g1;Vps35
protein catabolic process (GO:0030163),GO_Biological_Process_2021,0.2712241325947806,0.6507994441887937,0.8865836791147994,1.0,3/16,17.91%,Hsp90aa1;Lamp2;Ube2g1
SCF-dependent proteasomal ubiquitin-dependent protein catabolic process (GO:0031146),GO_Biological_Process_2021,0.2461790931890801,0.724315494725451,0.8879415347137637,1.0,12/45,29.26%,Psmc2;Psmd9;Psmd12;Psmc3;Psmc5;Psmd14;Psmd7;Psma4;Psmc4;Cul1;Psmc1;Psmf1
regulation of transcription from RNA polymerase II promoter in response to stress (GO:0043618),GO_Biological_Process_2021,0.24203089680663992,0.7192749856749591,0.8890229191797346,1.0,12/48,29.26%,Psmc2;Psmd9;Psmd12;Psmc3;Psmc5;Impact;Psmd14;Psmd7;Psma4;Psmc4;Psmc1;Psmf1
negative regulation of response to external stimulus (GO:0032102),GO_Biological_Process_2021,0.2818165293691932,0.6876225265927897,0.889958734525447,1.0,1/15,1.08%,Ppm1b
regulation of immune response (GO:0050776),GO_Biological_Process_2021,0.27675217235922345,0.6781913232519192,0.8921832884097035,1.0,1/17,4.75%,Lrp8
positive regulation of phosphorylation (GO:0042327),GO_Biological_Process_2021,0.2552189608446106,0.7308276625327416,0.8976683937823834,1.0,4/36,10.68%,Hsp90aa1;Gas6;Entpd5;Ptges3
regulation of hematopoietic progenitor cell differentiation (GO:1901532),GO_Biological_Process_2021,0.24371711478237243,0.7106218067016181,0.8978102189781022,1.0,11/42,29.26%,Psmc2;Psmd9;Psmd12;Psmc3;Psmc5;Psmd14;Psmd7;Psma4;Psmc4;Psmc1;Psmf1
regulation of hematopoietic stem cell differentiation (GO:1902036),GO_Biological_Process_2021,0.24371711478237243,0.7106218067016181,0.8978102189781022,1.0,11/42,29.26%,Psmc2;Psmd9;Psmd12;Psmc3;Psmc5;Psmd14;Psmd7;Psma4;Psmc4;Psmc1;Psmf1
Regulation of actin cytoskeleton,KEGG_2019_Mouse,0.2380003254189891,0.7177162152779986,0.9018181818181819,1.0,15/52,30.65%,Ppp1cb;Cyfip1;Ppp1r12b;Myl12b;Iqgap1;Arpc5;Mylk;Arpc2;Enah;Arpc1a;Rdx;Myh9;Gsn;Kng1;Pdgfra
positive regulation of protein localization to membrane (GO:1905477),GO_Biological_Process_2021,0.25946326060526076,0.6805532169332323,0.9026315789473685,1.0,5/22,18.58%,Lgals3;Sptbn1;Fis1;Lrp1;Ywhag
skin development (GO:0043588),GO_Biological_Process_2021,0.25699812168619185,0.6485915322729696,0.9030544488711819,1.0,10/19,41.64%,Casp3;Dsp;Col5a1;Jag1;Sprr1a;Asah1;Col1a2;Clic4;Sfn;Cldn4
regulation of cellular response to stress (GO:0080135),GO_Biological_Process_2021,0.26052684108449015,0.6822932711211191,0.904,1.0,12/24,33.38%,Hsp90aa1;Ptges3;Eif4g1;Tpr;Chordc1;Fkbp4;Rpa3;Nup37;Npm1;Chchd2;Mapk1;Sec13
Relaxin signaling pathway,KEGG_2019_Mouse,0.26869876640285895,0.6568666281788654,0.9050203527815468,1.0,3/18,12.28%,Gnb1;Prkaca;Col4a1
peptide metabolic process (GO:0006518),GO_Biological_Process_2021,0.24777314854150584,0.674267960574036,0.9051833122629582,1.0,2/31,8.51%,Gsta3;Apeh
regulation of cellular amino acid metabolic process (GO:0006521),GO_Biological_Process_2021,0.2431060772093968,0.7093655156112532,0.9076549210206561,1.0,11/43,29.26%,Psmc2;Psmd9;Psmd12;Psmc3;Psmc5;Psmd14;Psmd7;Psma4;Psmc4;Psmc1;Psmf1
regulation of cellular ketone metabolic process (GO:0010565),GO_Biological_Process_2021,0.2431060772093968,0.7093655156112532,0.9076549210206561,1.0,11/43,29.26%,Psmc2;Psmd9;Psmd12;Psmc3;Psmc5;Psmd14;Psmd7;Psma4;Psmc4;Psmc1;Psmf1
regulation of cellular amine metabolic process (GO:0033238),GO_Biological_Process_2021,0.2431060772093968,0.7093655156112532,0.9076549210206561,1.0,11/43,29.26%,Psmc2;Psmd9;Psmd12;Psmc3;Psmc5;Psmd14;Psmd7;Psma4;Psmc4;Psmc1;Psmf1
negative regulation of inflammatory response (GO:0050728),GO_Biological_Process_2021,0.2612137653041924,0.6530311364986574,0.908843537414966,1.0,11/18,40.45%,Gnb1;Prkaca;Metrnl;Rps19;Mapk14;Vps35;Myh9;Apoe;Tnfrsf1b;Igf1;Pomc
cellular amide metabolic process (GO:0043603),GO_Biological_Process_2021,0.2692914694718431,0.6816262937963842,0.9093333333333333,1.0,2/20,5.57%,Pla2g15;Acot9
positive regulation of NF-kappaB transcription factor activity (GO:0051092),GO_Biological_Process_2021,0.25553655663485375,0.6587223480341158,0.909933774834437,1.0,9/21,41.18%,Lgals9;Ube2v1;Ube2n;Agt;Npm1;Clu;Rps3;Cx3cl1;Eda2r
DNA-dependent DNA replication (GO:0006261),GO_Biological_Process_2021,0.23406908689241107,0.7049783212611732,0.9122182680901542,1.0,15/51,29.26%,Psmc2;Psmd9;Psmd12;Hmga1;Psmc3;Psmc5;Psmd14;Cdc34;Psmd7;Psma4;Ssbp1;Rpa3;Psmc4;Psmc1;Psmf1
cellular response to starvation (GO:0009267),GO_Biological_Process_2021,0.24437286084577692,0.6674987190246366,0.9161205766710354,1.0,12/30,34.98%,Atp6v1c1;Gabarapl1;Impact;Lamp2;Eif2s1;Map1lc3b;Hspa5;Atp6v1g1;Mapk1;Sec13;Dap;Rragc
regulation of establishment of planar polarity (GO:0090175),GO_Biological_Process_2021,0.23274479407943544,0.6959110771199539,0.9187878787878788,1.0,12/50,29.26%,Ap2m1;Psmc2;Psmd9;Psmd12;Psmc3;Psmc5;Psmd14;Psmd7;Psma4;Psmc4;Psmc1;Psmf1
"Wnt signaling pathway, planar cell polarity pathway (GO:0060071)",GO_Biological_Process_2021,0.23274479407943544,0.6959110771199539,0.9187878787878788,1.0,12/50,29.26%,Ap2m1;Psmc2;Psmd9;Psmd12;Psmc3;Psmc5;Psmd14;Psmd7;Psma4;Psmc4;Psmc1;Psmf1
protein transport (GO:0015031),GO_Biological_Process_2021,0.22482390290601748,0.7158188878375789,0.9222096956031567,1.0,24/74,29.00%,Rab18;Atp6v1c1;Napa;Chmp2a;Arhgap1;Pdia4;Cttn;Sptbn1;Sec31a;Vps26b;Arf4;Lrp1;Lamp2;Vps26a;Mia3;Lrp2;Rab1b;Copz2;Uso1;Atp6v1g1;Nsf;Vps35;Npm1;Myh9
positive regulation of inflammatory response (GO:0050729),GO_Biological_Process_2021,0.27004306585231563,0.6470261821645217,0.922425952045134,1.0,7/16,43.91%,Ifi35;Rps19;Agt;Cx3cl1;Cd81;Lpl;Serpine1
receptor-mediated endocytosis (GO:0006898),GO_Biological_Process_2021,0.23853630101712814,0.6678889711969066,0.9230769230769231,1.0,14/36,37.00%,Hsp90aa1;Ap2m1;Cttn;Lrp1;Lrp2;Hyou1;Cd9;Grb2;Sparc;Ap1g1;Apoe;Ldlr;Pdlim7;Ppt1
cytosolic transport (GO:0016482),GO_Biological_Process_2021,0.25021561568128425,0.6229999782914184,0.9233870967741935,1.0,7/17,32.46%,Sort1;Vps26b;Lamp1;Vps26a;Snx5;Vps35;Ap1g1
regulation of canonical Wnt signaling pathway (GO:0060828),GO_Biological_Process_2021,0.2297491445134452,0.7164079736986677,0.9234338747099768,1.0,13/67,22.76%,Frzb;Ppm1b;Psmc2;Psmd9;Psmd12;Usp47;Psmc3;Pfdn5;Psmc5;Sema5a;Psmd14;Psmd7;Psma4
positive regulation of MAPK cascade (GO:0043410),GO_Biological_Process_2021,0.23662011499524,0.686790392348762,0.9235511713933415,1.0,5/40,15.12%,Npnt;Gas6;Hmgb1;Iqgap1;Lgals9
Fc-epsilon receptor signaling pathway (GO:0038095),GO_Biological_Process_2021,0.23254745244689023,0.6948643423775924,0.927536231884058,1.0,16/48,34.78%,Psmc2;Psmd9;Psmd12;Psmc3;Psmc5;Psmd14;Psmd7;Psma4;Psmc4;Cul1;Psmc1;Psmf1;Grb2;Mapk1;Psmd2;Psmb6
Fc receptor signaling pathway (GO:0038093),GO_Biological_Process_2021,0.23254745244689023,0.6948643423775924,0.927536231884058,1.0,16/48,34.78%,Psmc2;Psmd9;Psmd12;Psmc3;Psmc5;Psmd14;Psmd7;Psma4;Psmc4;Cul1;Psmc1;Psmf1;Grb2;Mapk1;Psmd2;Psmb6
Antigen processing and presentation,KEGG_2019_Mouse,0.26082456445405544,0.6450240243561959,0.9379217273954116,1.0,1/19,2.17%,Hsp90aa1
regulation of mitotic cell cycle (GO:0007346),GO_Biological_Process_2021,0.2212797660491007,0.6869903081758432,0.9381563593932322,1.0,18/62,29.26%,Psmc2;Psmd9;Psmd12;Psmc3;Iqgap1;Psmc5;Ube2e1;Eif4e;Psmd14;Hnrnpu;Asah2;Psmd7;Psma4;Dusp3;Psmc4;Cul1;Psmc1;Psmf1
organonitrogen compound catabolic process (GO:1901565),GO_Biological_Process_2021,0.24160455449720045,0.6259524523215517,0.9392764857881137,1.0,2/23,5.93%,Pla2g15;Npl
positive regulation of gene expression (GO:0010628),GO_Biological_Process_2021,0.22187745057508274,0.7022115443432088,0.9405034324942791,1.0,22/70,34.37%,Rbm3;Gas6;Hmgn5;Polr2e;Lgals9;Eif3e;Mif;Cirbp;Rpl5;Eif4a3;Agt;Mapk14;Rdx;Vps35;Npm1;Gsn;Polr2h;Pkp1;Mapk1;Clu;Rps3;Fgf21
regulation of cellular response to heat (GO:1900034),GO_Biological_Process_2021,0.2479154668446341,0.6192852265037883,0.9413407821229051,1.0,7/19,25.75%,Hsp90aa1;Ptges3;Tpr;Chordc1;Fkbp4;Rpa3;Nup37
regulation of phosphatidylinositol 3-kinase signaling (GO:0014066),GO_Biological_Process_2021,0.2460260822607566,0.5769800355175371,0.9415954415954416,1.0,5/15,37.77%,Entpd5;Agt;Pdgfra;Mapk1;Igf1
regulation of mRNA catabolic process (GO:0061013),GO_Biological_Process_2021,0.21589288135102153,0.6731069425233184,0.9454756380510441,1.0,20/66,31.53%,Psmc2;Anp32a;Psmd9;Psmd12;Carhsp1;Psmc3;Eif4g1;Psmc5;Set;Psmd14;Serbp1;Psmd7;Psma4;Exosc2;Psmc4;Psmc1;Psmf1;Ywhaz;Apex1;Pkp1
positive regulation of cell cycle (GO:0045787),GO_Biological_Process_2021,0.24375914489578632,0.5869145218710982,0.9470108695652174,1.0,4/15,25.64%,Rad23a;Eif4e;Nudt16;Dusp3
Bacterial invasion of epithelial cells,KEGG_2019_Mouse,0.23080796579061744,0.6206654668318784,0.9471649484536082,1.0,4/24,22.24%,Cttn;Arpc5;Arpc2;Arpc1a
regulation of transcription from RNA polymerase II promoter in response to hypoxia (GO:0061418),GO_Biological_Process_2021,0.2265505250291452,0.6648115406802941,0.9481302774427021,1.0,11/45,29.26%,Psmc2;Psmd9;Psmd12;Psmc3;Psmc5;Psmd14;Psmd7;Psma4;Psmc4;Psmc1;Psmf1
regulation of endothelial cell proliferation (GO:0001936),GO_Biological_Process_2021,0.25268454676305774,0.6006707881786588,0.9481582537517054,1.0,6/16,32.92%,Hmgb2;Xdh;Sema5a;Pdcd6;Sparc;Apoe
positive regulation of proteasomal ubiquitin-dependent protein catabolic process (GO:0032436),GO_Biological_Process_2021,0.25187553160869663,0.5996922807225307,0.948936170212766,1.0,5/15,33.54%,Rad23a;Sumo2;Vcp;Fbxo22;Clu
"retrograde transport, endosome to Golgi (GO:0042147)",GO_Biological_Process_2021,0.25196933660000326,0.6011155912561025,0.9504132231404959,1.0,1/15,0.88%,Snx12
regulation of macroautophagy (GO:0016241),GO_Biological_Process_2021,0.22033965247545625,0.6097051813033771,0.9530284301606922,1.0,4/28,12.90%,Atp6v1c1;Casp3;Prkaca;Vps26b
cellular response to tumor necrosis factor (GO:0071356),GO_Biological_Process_2021,0.21741987575799315,0.6807934214645776,0.9570267131242741,1.0,5/66,7.33%,Ybx3;Npnt;Psmc2;Psmd9;Psmd12
positive regulation of vasculature development (GO:1904018),GO_Biological_Process_2021,0.23187128056447265,0.5668076670020699,0.9589603283173734,1.0,12/17,57.84%,Sema5a;Pdcd6;Jup;Chi3l1;Serpine1;Hspb1;Itgb1;Mydgf;Ago2;Cd34;Vegfa;Smoc2
cellular response to interferon-gamma (GO:0071346),GO_Biological_Process_2021,0.2470206164561385,0.5954211541045369,0.9592123769338959,1.0,3/16,15.12%,Syncrip;Irf3;Lgals9
Proteasome,KEGG_2019_Mouse,0.2167014406652938,0.6309021884202305,0.959902794653706,1.0,10/40,29.26%,Psmc2;Psmd12;Psmc3;Psmc5;Psmd14;Psmd7;Psma4;Psmc4;Psmc1;Psmf1
positive regulation of canonical Wnt signaling pathway (GO:0090263),GO_Biological_Process_2021,0.20821689341337207,0.6363974290918354,0.9614035087719298,1.0,17/55,31.94%,Ppm1b;Psmc2;Psmd9;Psmd12;Usp47;Psmc3;Psmc5;Sema5a;Psmd14;Psmd7;Psma4;Psmc4;Ppm1n;Psmc1;Psmf1;Vcp;Jup
Amino sugar and nucleotide sugar metabolism,KEGG_2019_Mouse,0.2329129670780127,0.5937801704105158,0.9616963064295485,1.0,11/21,41.33%,Galk1;Npl;Uap1;Nagk;Nanp;Hexa;Ugp2;Amdhd2;Tsta3;Hexb;Mpi
import into nucleus (GO:0051170),GO_Biological_Process_2021,0.22856871037348933,0.5823600531945465,0.9658792650918635,1.0,10/20,38.80%,Snrpb;Tpr;Snrpd3;Snrpd2;Ipo4;Ipo5;Ipo7;Sec13;Snrpd1;Ipo9
cellular response to hypoxia (GO:0071456),GO_Biological_Process_2021,0.20669635190963598,0.622264248367826,0.9658823529411765,1.0,13/53,29.26%,Psmc2;Psmd9;Psmd12;Psmc3;Psmc5;Psmd14;Pgk1;Psmd7;Psma4;Psmc4;Psmc1;Hyou1;Psmf1
ribosome assembly (GO:0042255),GO_Biological_Process_2021,0.23332107651416253,0.5674773209267368,0.967032967032967,1.0,6/16,28.84%,Rplp0;Rps14;Rpl5;Rps19;Rpsa;Npm1
regulation of MAPK cascade (GO:0043408),GO_Biological_Process_2021,0.22050298314987027,0.5716617333541332,0.9694555112881806,1.0,8/23,37.77%,Hmgb1;Iqgap1;Dusp3;Ywhaz;Mapk1;Apip;Cx3cl1;Igf1
negative regulation of mitotic cell cycle phase transition (GO:1901991),GO_Biological_Process_2021,0.2094673439535507,0.6264381827309831,0.9699879951980792,1.0,13/49,29.26%,Psmc2;Psmd9;Psmd12;Usp47;Psmc3;Psmc5;Psmd14;Psmd7;Psma4;Psmc4;Cul1;Psmc1;Psmf1
positive regulation of macromolecule metabolic process (GO:0010604),GO_Biological_Process_2021,0.20656605425550925,0.613337016063683,0.9700239808153477,1.0,17/47,38.24%,Gas6;Hmgn5;Lgals9;Rpl5;Mapk14;Rdx;Nsf;Vps35;Gsn;Pkp1;Mapk1;Clu;Rps3;Fgf21;Ezr;Igf1;Inhba
Pathways in cancer,KEGG_2019_Mouse,0.21001363905064044,0.6767011074430135,0.9717194570135747,1.0,9/78,15.89%,Gsta3;Hsp90aa1;Txnrd2;Gnb1;Casp3;Prkaca;Col4a1;Ifnar2;Tpr
pre-replicative complex assembly (GO:0036388),GO_Biological_Process_2021,0.21505984240124193,0.6325371241674782,0.9722891566265061,1.0,11/45,29.26%,Psmc2;Psmd9;Psmd12;Psmc3;Psmc5;Psmd14;Psmd7;Psma4;Psmc4;Psmc1;Psmf1
"antigen processing and presentation of exogenous peptide antigen via MHC class I, TAP-dependent (GO:0002479)",GO_Biological_Process_2021,0.2082893442068367,0.617655296967089,0.972488038277512,1.0,11/46,29.26%,Psmc2;Psmd9;Psmd12;Psmc3;Psmc5;Psmd14;Psmd7;Psma4;Psmc4;Psmc1;Psmf1
cellular response to interleukin-1 (GO:0071347),GO_Biological_Process_2021,0.21190873784172976,0.6444874520426581,0.9739027283511269,1.0,15/56,29.26%,Psmc2;Psmd9;Psmd12;Psmc3;Psmc5;Ube2v1;Psmd14;Psmd7;Ube2n;Psma4;Gbp2;Psmc4;Cul1;Psmc1;Psmf1
regulation of cell-matrix adhesion (GO:0001952),GO_Biological_Process_2021,0.22445958278139455,0.5532989749124912,0.9779917469050894,1.0,6/16,37.51%,Slk;Jag1;Dusp3;Jup;Sema3e;Cx3cl1
regulation of cell cycle phase transition (GO:1901987),GO_Biological_Process_2021,0.2077701979286974,0.6202749144145299,0.9784688995215312,1.0,13/49,29.26%,Psmc2;Psmd9;Psmd12;Psmc3;Psmc5;Ube2e1;Psmd14;Psmd7;Psma4;Psmc4;Cul1;Psmc1;Psmf1
negative regulation of macromolecule metabolic process (GO:0010605),GO_Biological_Process_2021,0.20280679932911802,0.5682743874995281,0.9784810126582278,1.0,12/33,39.06%,Snx12;Lgals9;Xdh;Mif;Adam10;Apoe;Ldlr;Stc2;Sdcbp;Crkl;Igf1;Cilp
regulation of actin cytoskeleton organization (GO:0032956),GO_Biological_Process_2021,0.2156462059666998,0.5182629470209871,0.982274741506647,1.0,3/15,16.10%,Iqgap1;Lrp1;Twf2
antigen processing and presentation of exogenous peptide antigen via MHC class I (GO:0042590),GO_Biological_Process_2021,0.1975060817775214,0.5870602673704468,0.984468339307049,1.0,14/48,34.78%,Psmc2;Psmd9;Psmd12;Psmc3;Psmc5;Psmd14;Psmd7;Psma4;Psmc4;Psmc1;Psmf1;Psmd2;Lnpep;Psmb6
regulated exocytosis (GO:0045055),GO_Biological_Process_2021,0.18808589021623634,0.574529258998623,0.9892729439809297,1.0,16/52,34.73%,Gas6;Anxa5;Tln1;Ola1;A2m;Lamp2;Timp1;Lgals3bp;Serping1;Myh9;Cd9;Kng1;Aldoa;Sparc;Clu;Pros1
platelet degranulation (GO:0002576),GO_Biological_Process_2021,0.19079748911148808,0.5746316060396304,0.9902912621359223,1.0,15/48,34.73%,Gas6;Anxa5;Tln1;Ola1;A2m;Lamp2;Timp1;Lgals3bp;Serping1;Cd9;Kng1;Aldoa;Sparc;Clu;Pros1
positive regulation of supramolecular fiber organization (GO:1902905),GO_Biological_Process_2021,0.19842404284967236,0.5107582466104529,0.9933949801849405,1.0,9/21,37.51%,Cttn;Vasp;Sema5a;Clip1;Apoe;Pdxp;Clu;Rps3;Cx3cl1
regulation of cell population proliferation (GO:0042127),GO_Biological_Process_2021,0.181230173095273,0.5889137201356573,0.9977703455964325,1.0,5/92,4.33%,Frzb;Lifr;Ciao1;Hmgb2;Hmgn5
