nodeA_symbol	nodeB_symbol	combined_score
Rps25	Rpl14	0.999
Rps18	Rps13	0.999
Dsp	Jup	0.999
Psmc4	Psmc3	0.999
Uba3	Nedd8	0.999
Rps18	Rps28	0.999
Rps18	Rpl18	0.999
Rps18	Rps14	0.999
Rps18	Rpl14	0.999
Rps18	Rps25	0.999
Rps18	Rps20	0.999
Eif3a	Eif3e	0.999
Rps18	Rps8	0.999
Rps18	Rps21	0.999
Cops4	Gps1	0.999
Tcp1	Cct5	0.999
Eif4b	Eif4e	0.999
Cops4	Cops8	0.999
Cops8	Cops6	0.999
Cops4	Cops5	0.999
Eif3a	Eif3h	0.999
Pfdn1	Pfdn5	0.999
Cops5	Cops6	0.999
Psmc2	Psmc5	0.999
Rps16	Rpl27	0.999
Rps16	Rps8	0.999
Rps16	Rplp0	0.999
Rps13	Rpl14	0.999
Rps16	Rps17	0.999
Rps16	Rps25	0.999
Rps16	Rps21	0.999
Rps16	Rpsa	0.999
Rps16	Rps18	0.999
Psmd14	Psmc3	0.999
Psmc2	Psmd5	0.999
Lrp1	Apoe	0.999
Ube2v1	Ube2n	0.999
Psmc2	Psmd14	0.999
Arpc2	Arpc5	0.999
Psmc2	Psmc3	0.999
Psmc2	Psmc4	0.999
Psmd14	Psmc4	0.999
Cops4	Cops6	0.999
Dctn2	Dctn3	0.999
Uba3	Nae1	0.999
Cops2	Cops5	0.999
Tceb2	Tceb1	0.999
Cct5	Cct7	0.999
Cops2	Gps1	0.999
Rps14	Rpl18	0.999
Cops2	Cops4	0.999
Psmd6	Psmc5	0.999
Cops2	Cops8	0.999
Psmd6	Psmd12	0.999
Fus	Tardbp	0.999
Eftud2	Snrnp200	0.999
Cops2	Cops6	0.999
Eif4g1	Eif4e	0.999
Rps8	Rps13	0.999
Ube2n	Ube2v2	0.999
Lsm4	Lsm8	0.999
Lsm4	Lsm6	0.999
Rps3	Rps16	0.999
Rps3	Rps21	0.999
Rps14	Rps28	0.999
Rps14	Rpl14	0.999
Rps14	Rps13	0.999
Rps14	Rps20	0.999
Lsm2	Lsm8	0.999
Lsm2	Lsm6	0.999
Lsm2	Lsm4	0.999
Sec23a	Sec13	0.999
Sec23a	Sec31a	0.999
Tcp1	Cct7	0.999
Rps8	Rpl27	0.999
Rps8	Rpl14	0.999
Rps8	Rpl22	0.999
Psma6	Psmb4	0.999
Tcp1	Cct6a	0.999
Rps14	Rps21	0.999
Psma6	Psmc5	0.999
Rps14	Rps25	0.999
Cct5	Cct6a	0.999
Rps14	Rps8	0.999
Rps14	Rpl27	0.999
Ndufv2	Uqcrfs1	0.999
Rps16	Rps19	0.999
Tln1	Itgb1	0.999
Gnb2l1	Rpl18	0.999
Rps19	Rpl18	0.999
Rps19	Rps13	0.999
Rps19	Rps20	0.999
Gnb2l1	Rps3a	0.999
Pgk1	Tpi1	0.999
Psmb4	Psmb10	0.999
Gnb2l1	Rps28	0.999
Gnb2l1	Rps21	0.999
Gnb2l1	Rps16	0.999
Snrpd2	Snrpd3	0.999
Gnb2l1	Rps13	0.999
Gnb2l1	Rps20	0.999
Gnb2l1	Rps25	0.999
Gnb2l1	Rpsa	0.999
Cct6a	Cct7	0.999
Sec13	Sec31a	0.999
Actr3	Arpc2	0.999
Snrpd2	Snrpg	0.999
Rps19	Rps28	0.999
Rps19	Rps14	0.999
Rps19	Rpl14	0.999
Rps19	Rpl27	0.999
Psmc5	Psmc4	0.999
Psmc5	Psmd14	0.999
Psmd5	Psmc3	0.999
Gnb2l1	Rplp0	0.999
Wdr61	Cdc73	0.999
Gnb2l1	Rpl14	0.999
Rps19	Rps18	0.999
Gnb2l1	Rps14	0.999
Itgb1	Itga3	0.999
Rps19	Rps21	0.999
Gnb2l1	Rps8	0.999
Rps19	Rps25	0.999
Gnb2l1	Rpl27	0.999
Rps19	Rps17	0.999
Rps19	Rplp0	0.999
Rps19	Rps8	0.999
Gnb2l1	Rps19	0.999
Ncl	Npm1	0.999
Polr2h	Polr2e	0.999
Rps16	Rps14	0.999
Rplp0	Rpl18	0.999
Rplp0	Rps21	0.999
Rplp0	Rps25	0.999
Rplp0	Rps13	0.999
Rplp0	Rps20	0.999
Rplp0	Rps14	0.999
Rps16	Rps13	0.999
Rplp0	Rpl14	0.999
Rplp0	Rps28	0.999
Rps16	Rps20	0.999
Snrpd2	Lsm2	0.999
Rplp0	Rps8	0.999
Rplp0	Rpl27	0.999
Cox5b	Cox5a	0.999
Rps16	Rps28	0.999
Alad	Hmbs	0.999
Cox5b	Uqcrfs1	0.999
Rps16	Rpl18	0.999
Rps16	Rpl14	0.999
Dld	Dlst	0.999
Rpsa	Rps18	0.999
Rpsa	Rps20	0.999
Rpsa	Rps13	0.999
Polr2h	Polr2i	0.999
Snrpd2	Snrpd1	0.999
Dld	Pdhb	0.999
Gps1	Cops6	0.999
Gps1	Cops8	0.999
Rpsa	Rps8	0.999
Rpsa	Rpl27	0.999
Rpsa	Rps17	0.999
Rpsa	Rplp0	0.999
Rpsa	Rps21	0.999
Rpsa	Rps28	0.999
Col6a1	Col6a2	0.999
Rpsa	Rpl18	0.999
Rpsa	Rpl14	0.999
Rpsa	Rps14	0.999
Rpsa	Rps19	0.999
Rpsa	Rps25	0.999
Uqcrfs1	Cox5a	0.999
Psmc5	Psmc3	0.999
Otub1	Ube2n	0.999
Psmd6	Psmd5	0.999
Polr2i	Polr2e	0.999
Actl6a	Smarcb1	0.999
Rps21	Rpl27	0.999
Rps21	Rps8	0.999
Rps21	Rps28	0.999
Rps21	Rpl18	0.999
Rps21	Rpl14	0.999
Lsm6	Lsm8	0.999
Rps21	Rps25	0.999
Rps21	Rps13	0.999
Rps3	Gnb2l1	0.999
Psmd6	Psmc3	0.999
Psmd6	Psmc2	0.999
Psmb7	Psmb4	0.999
Rps3	Rps25	0.999
Rps3	Rpl14	0.999
Rps3	Rps20	0.999
Rps3	Rps13	0.999
Plrg1	Prpf19	0.999
Hsp90aa1	Cdc37	0.999
Rpl22	Rpl27	0.999
Vps35	Vps26a	0.999
Rpl18	Rps8	0.999
Rpl18	Rpl27	0.999
Rps3	Rpl18	0.999
Rps3	Rps18	0.999
Rps28	Rps25	0.999
Cops5	Cops8	0.999
Cops5	Gps1	0.999
Hsp90aa1	Stip1	0.999
Rps3a	Rpl14	0.999
Rps3a	Rps19	0.999
Psma6	Psmb10	0.999
Psma6	Psmb7	0.999
Rps3a	Rps17	0.999
Rps3a	Rps18	0.999
Rps3a	Rplp0	0.999
Rps3	Rps3a	0.999
Rpl22	Rpl14	0.999
Rps25	Rps13	0.999
Cul1	Nedd8	0.999
Rps3a	Rps8	0.999
Rps3a	Rpl27	0.999
Rps3a	Rps21	0.999
Psmd12	Psmc4	0.999
Psmd12	Psmd14	0.999
Psmd12	Psmc5	0.999
Psmd12	Psmc2	0.999
Rps3a	Rps16	0.999
Eif3h	Eif3e	0.999
Rps3a	Rpsa	0.999
Rps3a	Rps25	0.999
Psmd12	Psmc3	0.999
Rps3	Rpsa	0.999
Rps3a	Rps13	0.999
Rps3a	Rps20	0.999
Rps3a	Rps28	0.999
Rps3a	Rpl18	0.999
Ccl2	Ccl7	0.999
Rps3a	Rps14	0.999
Rps25	Rpl27	0.999
Rps25	Rps8	0.999
Psma6	Psmd14	0.999
Rps3	Rps28	0.999
Rpl18	Rps25	0.999
Rpl27	Rpl14	0.999
Rps28	Rps13	0.999
Psmd6	Psmc4	0.999
Rpl18	Rps13	0.999
Rps3	Rplp0	0.999
Rps20	Rpl27	0.999
Rps20	Rps8	0.999
Rps20	Rps21	0.999
Rps17	Rps25	0.999
Rps3	Rpl27	0.999
Rpl27	Rps13	0.999
Rps28	Rpl14	0.999
Rps3	Rps19	0.999
Rps3	Rps8	0.999
Psmd6	Psmd14	0.999
Rps20	Rps17	0.999
Rps20	Rps25	0.999
Rps3	Rps14	0.999
Rps20	Rps13	0.999
Rps20	Rps28	0.999
Rps20	Rpl18	0.999
Rpl18	Rpl14	0.999
Rps17	Rps8	0.999
Rps17	Rps13	0.999
Rps28	Rps8	0.999
Rps28	Rpl27	0.999
Rps3	Rps17	0.999
Vps35	Vps26b	0.999
Rps17	Rpl18	0.999
Hsp90aa1	Fkbp4	0.999
Hsp90aa1	Ptges3	0.999
Snrpg	Snrpd1	0.999
Snrpd3	Snrpg	0.999
Rps20	Rpl14	0.999
Rps28	Rpl18	0.999
Uqcrfs1	Uqcrh	0.999
Snrpd3	Snrpd1	0.999
Sf3a1	Snrnp200	0.998
Psma6	Psmc4	0.998
Eftud2	Snrpd1	0.998
Eftud2	Snrpd3	0.998
Nae1	Nedd8	0.998
Rps20	Rpl22	0.998
Arpc2	Arpc1a	0.998
Psmd12	Psmd5	0.998
Snrpd2	Snrpa1	0.998
Snrpd2	Lsm4	0.998
Rpl22	Rps13	0.998
Snrpd2	Lsm6	0.998
Psma6	Psmc3	0.998
Aco2	Cs	0.998
Psma6	Psmd12	0.998
Rps18	Rps17	0.998
Fh	Sdha	0.998
Psmd5	Psmd14	0.998
Pgd	H6pd	0.998
Eftud2	Prpf19	0.998
Rpl18	Rpl22	0.998
Eftud2	Plrg1	0.998
Hyou1	Pdia4	0.998
Supt16h	Cdc73	0.998
Snrpa1	Snrpd1	0.998
Rplp0	Rps18	0.998
Psmd9	Psmc3	0.998
Psmd5	Psmc4	0.998
Rps17	Rps21	0.998
Rps14	Rps17	0.998
Psmc2	Psmb4	0.998
Atp6v1b2	Atp6v1f	0.998
Atp6v1b2	Atp6v1c1	0.998
Psmb4	Psmd14	0.998
Rars	Iars	0.998
Psmd12	Psmb4	0.998
Rps17	Rps28	0.998
Snrpd3	Snrpa1	0.997
Cox5b	Uqcrh	0.997
Snrpg	Snrpa1	0.997
Ap1g1	Ap1m1	0.997
Hsp90aa1	Sugt1	0.997
Casp3	Parp1	0.997
Rps25	Rpl22	0.997
Snrpd3	Prpf19	0.997
Eftud2	Snrpa1	0.997
Arpc5	Arpc1a	0.997
Actr3	Arpc5	0.997
Snrnp200	Snrpa1	0.997
Psma6	Psmc2	0.997
Lrp2	Apoe	0.997
Psmb4	Psmc4	0.997
Gnb2l1	Serbp1	0.997
Psmb7	Psmc3	0.997
Psma6	Psmd6	0.997
Rps19	Rpl22	0.997
Psmd6	Psmb4	0.997
Sf3a1	Snrpa1	0.997
Rps18	Rpl27	0.997
Psma8	Psmb7	0.997
Eftud2	Snrpd2	0.997
Rps21	Rpl22	0.997
Pgd	G6pdx	0.996
Plrg1	Snrpa1	0.996
Jup	Dsc2	0.996
Prpf19	Snrpd1	0.996
Sec13	Sec23b	0.996
Psmb4	Psmc3	0.996
Anxa2	Plat	0.996
Eftud2	Snrpg	0.996
Psmc5	Psmd5	0.996
Rps3a	Rpl22	0.996
Snrpg	Prpf19	0.996
Psmd12	Psmb7	0.996
Eif2s3x	Eif2s2	0.996
Snrpd2	Lsm8	0.996
Sf3a1	Snrpd1	0.996
Sf3a1	Ddx46	0.996
Uqcrh	Cox5a	0.996
Psmc2	Psmb7	0.996
Lrp8	Apoe	0.996
Snrpd2	Snrnp200	0.996
Snrnp200	Snrpd3	0.996
Snrnp200	Lsm4	0.996
Ppp1ca	Ppp1r7	0.996
Psmd6	Psmb7	0.996
Snrpd2	Plrg1	0.996
Gnb2l1	Rpl22	0.996
Snrnp200	Prpf19	0.996
Chmp2a	Chmp3	0.996
Rps14	Rpl22	0.996
Snrpd2	Prpf19	0.996
Lsm8	Snrpd1	0.995
Gnb2l1	Rps17	0.995
Rps28	Rpl22	0.995
Syncrip	Ybx1	0.995
Hnrnpu	Hnrnpm	0.995
Lsm6	Snrpa1	0.995
Trappc3	Trappc2l	0.995
Atp6v1g1	Atp6v1f	0.995
Rps17	Rpl27	0.995
Hsp90aa1	St13	0.995
Hnrnpk	Hnrnpu	0.995
Prpf19	Snrpa1	0.995
Snrnp200	Lsm8	0.995
Naa50	Hypk	0.995
Actl6a	Ruvbl1	0.995
Rplp0	Rpl22	0.995
Eftud2	Lsm8	0.995
Psmb7	Psmd14	0.995
Snrnp200	Snrpd1	0.995
Rps3	Rpl22	0.995
Mrto4	Wdr12	0.995
Psmd14	Uchl5	0.995
Psmc5	Psmb4	0.994
Lsm2	Snrpd1	0.994
Col1a2	Col5a2	0.994
Rps17	Rpl22	0.994
Atp6v1g1	Atp6v1b2	0.994
Wdr92	Polr2e	0.994
Lsm6	Snrpd3	0.994
Lsm6	Snrpg	0.994
Chmp4b	Chmp2a	0.994
Ap1m1	Ap1s1	0.994
Lsm2	Snrpd3	0.994
Lsm8	Snrpd3	0.994
Snrnp200	Snrpg	0.994
Cyct	Casp3	0.994
Snrnp200	Lsm2	0.994
Spp1	Itgb1	0.994
Sec23b	Sec31a	0.994
Ap1g1	Ap1s1	0.994
Lsm4	Snrpd3	0.994
Atp6v1c1	Atp6v1f	0.994
Hsph1	Bag2	0.994
Sucla2	Sdha	0.994
Rps16	Rpl22	0.994
Gnb2l1	Rps18	0.994
Flnb	Tln1	0.993
Rpsa	Rpl22	0.993
Lsm8	Snrpg	0.993
Dsp	Dsc2	0.993
Sdha	Uqcrfs1	0.993
Snrnp200	Lsm6	0.993
Hnrnpk	Hnrnpm	0.993
Ndufv2	Cox5a	0.993
Lamp2	Lamp1	0.993
Hnrnpu	Ybx1	0.992
Itgb1	Cd81	0.992
Psmb7	Psmc5	0.992
Actb	Myh9	0.992
Rps3	Serbp1	0.992
Eif3a	Eif2s2	0.992
Lsm2	Snrpg	0.992
Snrnp200	Plrg1	0.992
Lsm6	Snrpd1	0.992
Plrg1	Snrpg	0.992
Cope	Copz1	0.991
Serbp1	Rps20	0.991
Lsm4	Snrpg	0.991
Chmp4b	Chmp3	0.991
B4galt1	St6gal1	0.991
Atp6v1g1	Atp6v1c1	0.99
Hsp90aa1	Lrp1	0.99
Lsm4	Snrpd1	0.99
Tceb1	Nedd8	0.99
Dld	Sucla2	0.99
Actb	Casp3	0.99
2018-09-09 00:00:00	2018-09-11 00:00:00	0.99
Syncrip	Hnrnpu	0.99
Snrpd1	Ddx46	0.99
Sf3a1	Snrpg	0.99
Cops5	Nedd8	0.989
Acat2	Hmgcs1	0.989
Sf3a1	Prpf19	0.989
Psmc2	Uchl5	0.989
Tceb2	Nedd8	0.989
Eftud2	Sf3a1	0.988
Sucla2	Dlst	0.988
Ndufv2	Uqcrh	0.988
Taldo1	Pgd	0.988
Actr3	Cttn	0.988
Psmc5	Uchl5	0.988
Mlec	Rpn1	0.988
Rps17	Rpl14	0.988
Actr3	Arpc1a	0.988
Matr3	Tardbp	0.988
Col5a1	Col5a2	0.988
Psmc4	Uchl5	0.988
Psma8	Psmb4	0.988
Ykt6	Sec22b	0.987
Lrp1	A2m	0.987
Matr3	Nono	0.987
Ahcy	Mtr	0.987
Cops6	Nedd8	0.987
Psmb7	Psmc4	0.986
Mylk	Myl9	0.986
Cyct	Bax	0.986
Myh11	Myl9	0.986
Pa2g4	Rplp0	0.986
Rps3	Eif2s2	0.986
Atp5d	Cox5a	0.985
Hsp90aa1	Lamp2	0.985
Eif4b	Eif4g1	0.985
Psmd12	Uchl5	0.985
Glrx3	Bola1	0.984
Cyct	Ppif	0.984
Col1a2	Itgb1	0.984
Myh9	Myl12b	0.984
Pa2g4	Rpl27	0.984
Serbp1	Rps25	0.983
Dync1h1	Dctn2	0.983
Stip1	Ptges3	0.983
Tgfb1	Tgfb3	0.983
Psmd9	Psmc5	0.983
Pa2g4	Rpl18	0.983
Sec23a	Sec22b	0.983
Rps18	Rpl22	0.982
Actb	Actl6a	0.982
Psma8	Psmb10	0.982
Psmd6	Uchl5	0.982
Eftud2	Lsm2	0.982
Vps26a	Vps26b	0.981
Fkbp4	Ptges3	0.981
Eif4a3	Eif4e	0.981
Serbp1	Rps19	0.981
Rps3	Mrto4	0.981
Psmb7	Uchl5	0.981
Ppp1cb	Ppp1r12b	0.981
Psmc3	Uchl5	0.981
Lsm4	Snrpa1	0.981
Actb	Itgb1	0.981
Psmb4	Uchl5	0.981
Psma6	Uchl5	0.981
Mdh1	Fh	0.981
Uqcrfs1	Atp5d	0.98
Rps3	Eif3a	0.98
Lrp1	A2mp	0.98
Aco2	Sdha	0.98
Psma6	Psma8	0.98
Rps20	Eif2s2	0.979
Serbp1	Rps13	0.979
Ncl	Hnrnpk	0.979
Stip1	Cdc37	0.979
Snrpd2	Sf3a1	0.978
Hadh	Acat2	0.978
Lsm2	Snrpa1	0.978
Serbp1	Rps16	0.978
Sod1	Fus	0.978
Serbp1	Rps3a	0.978
Mdh1	Cs	0.978
Psmd9	Psmc4	0.978
Serbp1	Rps21	0.977
Serbp1	Rplp0	0.977
Rps3a	Eif3a	0.977
Serbp1	Rpsa	0.977
Plrg1	Snrpd1	0.977
Sod1	Ccs	0.977
Serbp1	Rps28	0.977
Fh	Cs	0.977
Cul1	Cops5	0.977
Cdc37	Ppp5c	0.977
Cgn	Tjp2	0.977
Tpi1	Aldoc	0.977
Ppp1cc	Ppp1cb	0.976
Serbp1	Rps8	0.976
Fbln1	Vcan	0.976
Lsm8	Snrpa1	0.976
Hsp90aa1	Ppp5c	0.976
Lrp1	Plat	0.976
Snrpa1	Ddx46	0.975
Mrto4	Rpl18	0.975
Gart	Adss	0.975
Col1a2	Col5a1	0.975
Hyou1	Pdia6	0.975
Dync1h1	Pafah1b1	0.975
Rps3	Edf1	0.975
Syncrip	Paip1	0.974
Eif3e	Eif2s2	0.974
Sema4b	Plxnb2	0.974
Hsp90aa1	Ppif	0.974
Sod1	Tardbp	0.974
Myh9	Myl9	0.974
Pa2g4	Rpl14	0.974
Rps19	Eif2s2	0.973
Rbmxl1	Hnrnpm	0.973
Man2a2	Mgat2	0.973
Serbp1	Rpl18	0.973
Vps28	Chmp3	0.973
Serbp1	Rpl27	0.972
Taldo1	Tpi1	0.972
Rps16	Eif2s2	0.972
Ruvbl1	Polr2e	0.972
Ptges3	Ppp5c	0.972
Serbp1	Rpl14	0.971
Eif2s2	Rps8	0.971
Eftud2	Lsm4	0.971
Rps3a	Eif2s2	0.971
Actb	Iqgap1	0.97
Ptprz1	Vcan	0.97
Eif4h	Eif4b	0.97
Pa2g4	Mrto4	0.97
Plrg1	Snrpd3	0.97
Vps35	Snx12	0.97
Mrto4	Rps8	0.969
Ppp1cc	Ppp1ca	0.969
Pafah1b1	Dctn2	0.969
Mat2a	Mtr	0.968
Enah	Vasp	0.968
Cops8	Nedd8	0.968
Pdia4	Pdia6	0.968
Tpi1	Dak	0.967
Mdh1	Me2	0.967
Sf3a1	Snrpd3	0.967
Hnrnpk	Rbmxl1	0.967
Ppp2r4	Ppp2cb	0.967
Rps3a	Mrto4	0.967
Eif2s3x	Eif3e	0.967
Xdh	Gda	0.967
Mrto4	Rps19	0.967
Dsp	Pkp1	0.967
Ppp1ca	Ppp1r12b	0.966
Cops4	Nedd8	0.966
Ppp2r4	Ppp2ca	0.966
Mrto4	Rps28	0.966
Rps3	Eif3e	0.966
Lgals3	Itgb1	0.965
Rps25	Eif2s2	0.965
Serbp1	Rpl22	0.965
Ppp1cb	Ppp1ca	0.965
Psmd12	Cops5	0.965
Ppp2ca	Ppp2cb	0.964
Glb1	Gba	0.964
Cs	Sdha	0.964
Itpa	Nudt16	0.964
Sf3a1	Lsm4	0.964
Psmd12	Psmd9	0.964
Fh	Me2	0.964
Ywhae	Ywhag	0.964
Ndufv2	Atp5d	0.964
Anp32a	Set	0.963
Itpa	Adss	0.963
Mapk1	Mapk14	0.963
Serbp1	Rps14	0.963
Cad	Adss	0.963
H6pd	G6pdx	0.963
Mapk1	Pea15	0.963
Eif3a	Rpsa	0.963
Stip1	Hsph1	0.962
Rps21	Eif2s2	0.962
Gart	Mtr	0.961
Wdr92	Ruvbl1	0.961
Taldo1	H6pd	0.961
Eif3a	Rps20	0.961
Gps1	Nedd8	0.961
Pdhb	Dlst	0.961
Ppp1cc	Ppp1r12b	0.961
Myh11	Mylk	0.96
Sf3a1	Lsm8	0.96
Sf3a1	Lsm2	0.96
Gart	Aldh1l1	0.959
Hmgb2	Hmgb1	0.959
Ywhae	Pafah1b1	0.959
Arpc2	Brk1	0.959
Hsp90aa1	Dnaja1	0.958
Mapk1	Ppp2cb	0.958
Hexb	Glb1	0.958
Taldo1	Fbp1	0.958
Rplp0	Rps17	0.958
Rps3a	Eif3e	0.958
Snrpd2	Ddx46	0.958
Paip1	Eif4e	0.957
Eif2s3x	Eif3a	0.957
Ccl2	Cxcl1	0.957
Rps3	Pa2g4	0.957
Sec13	Lamp1	0.957
Ptges3	Cdc37	0.957
Naa25	Naa50	0.957
Dld	Fh	0.957
Cyct	Uqcrfs1	0.957
Gnb2l1	Eif3a	0.957
Myh11	Myl12b	0.957
Cxcl1	Cxcl5	0.957
Psmc2	Psmd9	0.956
Mapk1	Stat1	0.956
Pdhb	Sucla2	0.956
Glb1	Neu1	0.956
Actb	Vasp	0.955
H6pd	Tpi1	0.955
Flnb	Itgb1	0.954
Taldo1	Aldoc	0.954
Sdha	Ndufv2	0.954
Rps3	Eif2s3x	0.954
Actb	Myh11	0.954
Hnrnpu	Rbmxl1	0.953
Lrp2	Gc	0.953
Chmp2a	Vps28	0.952
Mapk1	Casp3	0.952
Eftud2	Lsm6	0.952
Vps26a	Snx12	0.952
Rps28	Eif2s2	0.951
Nagk	Renbp	0.951
Iars	Vars	0.951
Cul1	Cdc34	0.951
Napa	Ykt6	0.951
Actb	Arpc2	0.95
Ppp2ca	Mapk1	0.95
Ublcp1	Psmc5	0.95
Hsp90aa1	Hsph1	0.95
Ncl	Ybx1	0.95
Itpa	Nudt2	0.95
Ptges3	Ptgds	0.95
Actb	Actr3	0.949
Mrto4	Rps21	0.949
Hnrnpf	Hnrnpk	0.949
Eif2s3x	Rpsa	0.949
Aldoc	Fbp1	0.949
Itpa	Guk1	0.949
Sf3a1	Lsm6	0.949
Pcbd2	Pcbd1	0.949
Serbp1	Rps18	0.948
Sord	Akr1b7	0.948
Hadh	Hmgcs1	0.948
Mrto4	Rps25	0.948
Naga	Hexb	0.948
Ppp1cb	Ppp1r7	0.948
Actb	Cttn	0.947
Hadh	Hibch	0.947
Adh5	Aldh1a2	0.947
Hsp90aa1	Chordc1	0.947
Tln1	Vasp	0.947
Hnrnpk	Hnrnpl	0.946
Psmd12	Ublcp1	0.946
Actb	Arpc5	0.946
Hyou1	Dnajc10	0.946
Pa2g4	Rpl22	0.946
Sf3a1	Plrg1	0.945
Mri1	Mtap	0.945
Akr1b7	Dhdh	0.945
Adk	Ak1	0.945
Ppa1	Lhpp	0.944
Sumf2	Sumf1	0.943
Hsp90aa1	Ywhae	0.943
Npl	Renbp	0.943
Gnb2l1	Eif3e	0.943
Cs	Acat2	0.942
Aco2	Fh	0.942
Eif4h	Eif4e	0.942
Tln1	Cttn	0.942
Mtr	Aldh1l1	0.942
Anxa2	S100a6	0.942
Lrp2	Lrp1	0.941
Aco2	Dlst	0.941
Eif4b	Paip1	0.941
Ppp1cb	Myl9	0.941
Hsp90aa1	Cryab	0.941
Rpsa	Eif2s2	0.941
Psmd6	Psmd9	0.94
Actb	Myl9	0.94
Stip1	Cct5	0.94
Actb	Myl12b	0.94
Acaca	Acat2	0.94
Mrto4	Rpl14	0.94
Psma8	Psmc2	0.94
Actb	Arpc1a	0.94
Actb	Tmsb4x	0.94
Cul1	Uba3	0.94
Eif3e	Rps8	0.94
Psmd9	Psmd5	0.94
Asah2	Gba	0.94
Rps3	Eftud2	0.939
Gnb2l1	Stat1	0.939
Psph	Phgdh	0.938
Sumo2	Nedd8	0.938
Nme1	Itpa	0.938
Eif2s3x	Rps3a	0.937
Myl9	Ppp1r12b	0.937
Psmb7	Psmb10	0.936
Uso1	Rab1b	0.936
Rps19	Eif3e	0.936
Myh11	Myh9	0.936
Eif2s3x	Rps20	0.936
Rplp0	Wdr12	0.935
Eif4a3	Snrnp200	0.935
Txnrd2	Sephs1	0.935
Mylk	Myl12b	0.935
Serbp1	Rps17	0.934
Mrto4	Rpl27	0.934
Casp3	Cryab	0.934
Mrto4	Rps20	0.934
Arpc1a	Brk1	0.934
Arpc5	Brk1	0.934
Napa	Sec22b	0.934
Hsph1	Dnaja1	0.934
Stip1	Fkbp4	0.934
Eif3e	Rps25	0.934
Mrto4	Polr2e	0.933
Eif2s3x	Rps8	0.933
Ublcp1	Psmc2	0.933
Eif3a	Rps13	0.933
Psma8	Psmc4	0.932
Cope	Sec13	0.932
Jup	Pkp1	0.932
Nme1	Guk1	0.932
Eif2s2	Rps13	0.932
Snrpd3	Ddx46	0.932
Ppih	Snrpd1	0.932
Nfu1	Isca2	0.932
Aldh1a2	Aox1	0.931
Eif3a	Eif4g1	0.931
Gns	Hexb	0.931
Cox5b	Ndufv2	0.93
Pdhb	Me2	0.93
Sec31a	Pdcd6	0.93
Eif3a	Rps25	0.929
Ncl	Hnrnpu	0.929
Gns	Glb1	0.929
Psmc2	Psmb10	0.929
Col1a2	Col6a2	0.929
Eif3h	Rps8	0.929
Iqgap1	Mapk1	0.928
Itpa	Entpd5	0.928
Ppp1ca	Myl12b	0.928
Xdh	Nat2	0.928
Sdha	Uqcrh	0.927
Wdr12	Rpl14	0.927
Cs	Sucla2	0.927
Polr2h	Supt16h	0.927
Tgfb1	Itgb1	0.927
Ublcp1	Psmc4	0.926
Ppp1cb	Myl12b	0.925
Cct7	Ruvbl1	0.925
Timp1	Itgb1	0.925
Anxa5	Casp3	0.925
Tars	Iars	0.925
Psmd6	Ublcp1	0.925
Adh5	Aox1	0.925
Dync1h1	Dctn3	0.924
Lsm4	Ppih	0.924
Ppp1cc	Ppp1r7	0.924
Ahcy	Ccbl2	0.923
Wdr12	Rpl27	0.923
Adss	Entpd5	0.923
Cox5b	Atp5d	0.923
Ppp1cc	Myl12b	0.923
Ppp1ca	Myl9	0.923
Eif2s3x	Rps28	0.923
Actb	Dctn2	0.923
Eif2s3x	Rps16	0.922
Adk	Nt5c3b	0.921
Stip1	Dnaja1	0.921
Pa2g4	Wdr12	0.921
Snrpd2	Erh	0.921
Pa2g4	Rps16	0.92
Tpi1	G6pdx	0.92
Ppp1cc	Myl9	0.919
Supt16h	Polr2e	0.919
Rps20	Edf1	0.918
Rps16	Eif3e	0.918
Ywhah	Ywhag	0.918
Psmd9	Psmd14	0.918
Erh	Snrpd3	0.918
Rpsa	Eif3e	0.917
Nsfl1c	Plaa	0.917
B4galt1	Glb1	0.917
Fuca2	Fuca1	0.917
Snrpd2	Polr2i	0.917
Eif3h	Rps13	0.917
Gnb2l1	Tceb1	0.917
Aldoc	Dak	0.917
Myl12b	Myl9	0.917
Ccl2	Cxcl5	0.916
Sdha	Atp5d	0.916
Col6a1	Col5a2	0.916
Supt16h	Polr2i	0.916
Rps21	Eif3h	0.916
Ruvbl1	Uchl5	0.916
Ptges3	Cbr3	0.916
Cope	Copz2	0.916
Hadh	Abat	0.916
Aox1	Pdxp	0.916
Cul1	Tceb1	0.915
Psmd12	Psma8	0.915
Tpm3	Tpr	0.915
Timp1	Ccl2	0.915
Vps26b	Snx12	0.915
Txnl1	Psmd14	0.914
Gnb1	Gng12	0.914
Gm2a	Hexb	0.914
H6pd	Pdhb	0.914
Ccl2	Pf4	0.914
Psma8	Psmc5	0.913
Ccbl2	Txnrd2	0.913
Polr2h	Cdc73	0.913
Nagk	Hexb	0.912
Col5a2	Serpinh1	0.912
Lsm2	Ppih	0.912
Mtr	Ccbl2	0.912
Pa2g4	Rpsa	0.912
Eif3h	Rps25	0.912
Hnrnpu	Hnrnpl	0.912
Nono	Fus	0.912
Cul1	Nae1	0.912
Hnrnpk	Tardbp	0.911
Eif2s3x	Rps19	0.911
Rps14	Eif2s2	0.911
Psmd14	Psmb10	0.911
Strap	Snrpd1	0.911
Snrpg	Ddx46	0.911
Ublcp1	Psmc3	0.91
Gnb2l1	Mrto4	0.91
Itpa	Nt5c3b	0.91
A2mp	Tgfb1	0.91
Cct5	Ruvbl1	0.909
Wdr12	Rpl18	0.909
Atp5d	Atp6v1f	0.909
Sdha	Dlst	0.909
Nme1	Nudt2	0.909
Psmd6	Cops5	0.908
Ybx1	Fus	0.908
Psma8	Psmd14	0.908
Eif2s3x	Rps13	0.908
Adss	Nudt16	0.906
Gars	Iars	0.906
Hnrnpf	Hnrnpu	0.906
Eftud2	Ppih	0.906
Matr3	Fus	0.906
Eftud2	Eif4a3	0.906
Rps3a	Eftud2	0.906
Fxr1	Pura	0.905
Hexb	Renbp	0.905
Rps20	Eif3e	0.905
Ube2v1	Ube2l3	0.904
Col4a1	Itgb1	0.904
Eif3h	Rps28	0.904
Pde6d	Guk1	0.904
Akr1b7	Pts	0.903
Eif3h	Eif2s2	0.903
Abat	Aox1	0.903
Adss	Nt5c3b	0.903
Cdc73	Polr2e	0.903
Sec13	Eif4a3	0.903
Hadh	Aox1	0.902
Sdcbp	Cd81	0.902
Rps18	Eif2s2	0.902
Psmc5	Ruvbl1	0.902
Taldo1	Pdhb	0.902
Psmd6	Psma8	0.902
Fh	Sucla2	0.902
Guk1	Nt5c3b	0.902
Lap3	P4ha1	0.902
Stip1	Cct7	0.901
Rps3	Eif3h	0.901
Erh	Snrpg	0.901
Gpd1l	Gpd1	0.901
Eif3a	Rps19	0.901
Akr1b7	Glb1	0.901
Itpa	Pde6d	0.901
Erh	Snrpd1	0.901
Eif2s3x	Rps25	0.901
Eif4a3	Prpf19	0.901
Trappc3	Rab1b	0.901
Acaca	Cs	0.901
Eif4h	Eif4g1	0.901
Psmd12	Cops6	0.901
Psma8	Psmc3	0.9
Ncl	Col18a1	0.9
Nme1	Nudt16	0.9
Nudt16	Nt5c3b	0.9
Cs	Dlst	0.899
Ppih	Snrpd3	0.899
Tars	Vars	0.899
Psmd14	Nedd8	0.898
Eif3a	Rps21	0.898
Aldoc	Pdhb	0.898
Ywhae	Ywhah	0.897
Eif3a	Rps8	0.897
Gnb2l1	Pa2g4	0.896
Psmc5	Psmb10	0.896
Asl	Fh	0.896
Rbbp7	Ruvbl1	0.895
Cops5	Mif	0.895
Mrto4	Rps14	0.895
Hnrnpk	Fus	0.895
Gnb2l1	Edf1	0.895
Psmd6	Psmb10	0.894
Ybx1	Pura	0.894
Snrpd2	Polr2h	0.894
Polr2h	Snrpg	0.894
Ncl	Eif3a	0.894
Actb	Smarcb1	0.894
Cul1	Tceb2	0.893
H6pd	Aldoc	0.891
Dync1h1	Hsp90aa1	0.891
Eftud2	Rps28	0.891
Eif2s3x	Rps21	0.891
Col1a2	Col6a1	0.891
Hnrnpf	Hnrnpm	0.89
Cops2	Nedd8	0.89
Gnb2l1	Eif3h	0.89
Snrpd2	Polr2e	0.89
Lrp2	Ltf	0.889
Hnrnpk	Matr3	0.889
Rps19	Eif3h	0.889
Fbln1	Adamts1	0.889
Pa2g4	Rps20	0.889
Eif4g1	Paip1	0.889
Rps3	Hmgn2	0.889
Ncl	Serbp1	0.889
Rps28	Eif3e	0.888
Ppih	Lsm8	0.888
Gart	Rps19	0.887
Nono	Hnrnpm	0.887
Eftud2	Mrto4	0.887
Actb	Anxa5	0.887
Mrto4	Rps18	0.887
Taldo1	G6pdx	0.887
Npm1	Rbbp7	0.886
Asl	Cs	0.886
Cars	Iars	0.885
Eif2s3x	Eif3h	0.885
Pa2g4	Rps3a	0.885
Asl	Sdha	0.885
Polr2h	Snrpd3	0.884
Eftud2	Rps19	0.884
Bax	Casp3	0.884
Stip1	Tcp1	0.883
Cs	Me2	0.883
Pdia4	Canx	0.883
Rps19	Hmgn2	0.883
Rars	Vars	0.883
Apeh	Ncstn	0.883
Psmc3	Psmb10	0.882
Rps3	Metap1	0.882
Pa2g4	Rps13	0.882
Srp14	Rpl18	0.882
Strap	Snrpd2	0.882
Ube2v1	Cdc34	0.882
Arsb	Sumf1	0.881
Pdhb	G6pdx	0.881
Syncrip	Hnrnpl	0.881
Cttn	Vasp	0.881
Srp14	Rpl14	0.88
Bax	Ppif	0.88
Cops5	Tceb1	0.88
Hnrnpl	Khsrp	0.879
Gatm	Asl	0.879
Snrpd2	Ppih	0.879
Mrto4	Rps13	0.878
Mrto4	Rps16	0.878
Txnl1	Cops5	0.878
Rps21	Edf1	0.878
Ppih	Snrpg	0.878
Ccl2	Tgfb1	0.878
Eif3a	Rps16	0.877
Hnrnpk	Syncrip	0.877
Col5a1	Serpinh1	0.877
Tcp1	Pfdn1	0.877
Aco2	Ndufv2	0.876
Hmgn2	Rpl14	0.876
Ppih	Lsm6	0.876
Hnrnpl	Fus	0.875
Psmc4	Psmb10	0.875
Col4a1	Col6a1	0.875
Hsp90aa1	Cct5	0.875
Hnrnpk	Ybx1	0.875
Tcp1	Ruvbl1	0.874
Rps16	Hmgn2	0.874
Lgals3	Lamp1	0.874
Pa2g4	Rps8	0.874
Tln1	Myh9	0.874
Pkp1	Dsc2	0.873
Sdha	Cox5a	0.873
Vps35	Ankfy1	0.873
Rps28	Hmgn2	0.873
Col1a2	Serpinh1	0.873
Rps3a	Eif3h	0.872
Rps21	Eif3e	0.871
Rps3a	Hmgn2	0.871
Ube2v2	Ube2g1	0.871
Srp14	Rpl27	0.871
Rps3	Ptma	0.871
Lrp1	Ltf	0.871
Sdha	Fahd1	0.871
Col5a1	Col6a2	0.87
Rplp0	Hmgn2	0.87
Ppp2cb	Mob4	0.87
Ppp2ca	Mob4	0.87
Stip1	Ruvbl1	0.87
Eif4g1	Eif2s2	0.87
Rars	Tars	0.869
Snrpg	Polr2e	0.869
Aco2	Sucla2	0.869
Ptges3	Ruvbl1	0.869
Pdhb	Sdha	0.869
Hmgn2	Rps8	0.868
Tcp1	Pfdn5	0.868
Eftud2	Rps16	0.868
Anxa2	Lgals3	0.868
Eif4a3	Eif4g1	0.868
Col15a1	Col18a1	0.867
Psmd12	Psmb10	0.867
Cars	Gars	0.866
Eif4b	Eif2s2	0.866
Hsp90aa1	Tcp1	0.866
Npm1	Ruvbl1	0.865
Eif3a	Rps28	0.865
Eif4a3	Srrt	0.865
Snrnp200	Ppih	0.865
Tcp1	Ptges3	0.865
Eif3e	Rps13	0.865
Rps20	Hmgn2	0.865
Col4a1	Itga3	0.865
Edf1	Rps8	0.865
Rps16	Edf1	0.864
Acaca	Sucla2	0.863
Rpsa	Eif3h	0.863
Uso1	Ykt6	0.863
Actb	Ruvbl1	0.863
Fxr1	Ybx1	0.863
Chmp4b	Vps28	0.863
Rps25	Hmgn2	0.862
Dcun1d1	Nedd8	0.862
Eif4e	Eif2s2	0.862
Psmd6	Cops4	0.862
Rpl18	Hmgn2	0.862
Pdia4	Dnajc10	0.861
Cct7	Pfdn5	0.861
Rps21	Hmgn2	0.861
Psma8	Uchl5	0.861
Aldoc	G6pdx	0.861
Dld	Sdha	0.861
Pafah1b1	Dctn3	0.861
Srp14	Nedd8	0.861
Rps16	Eif3h	0.86
Vps35	Sort1	0.86
Rps14	Eif3e	0.86
Edf1	Rps13	0.86
Fh	Fahd1	0.859
Polr2h	Snrpd1	0.859
Lama2	Nid2	0.859
Eif3a	Eif4b	0.859
Cars	Vars	0.859
Sdcbp	Efnb1	0.858
Cct5	Gnb1	0.858
Polr2i	Snrpg	0.858
Aco2	Hibch	0.858
Cxcl1	Ccl7	0.857
Eif1ax	Eif2s2	0.857
Col6a1	Serpinh1	0.857
Strap	Snrpd3	0.856
Tpr	Sec13	0.855
Ube2n	Sumo2	0.855
Rps3a	Edf1	0.855
Hsp90aa1	Actb	0.855
Hsp90aa1	Canx	0.855
Set	Ppp2cb	0.855
Eftud2	Rps20	0.855
Cs	Hmgcs1	0.854
Edf1	Rps28	0.854
Col5a2	Col6a2	0.854
Eif4b	Eif3h	0.854
Dld	Cs	0.854
Ube2v1	Ube2v2	0.853
Eftud2	Rplp0	0.853
Psma6	Nedd8	0.853
A2mp	A2m	0.852
Cct6a	Ruvbl1	0.852
Sec13	Sec22b	0.851
Wdr12	Rpl22	0.851
Stat1	Ccl2	0.851
Polr2i	Cdc73	0.851
Pa2g4	Etf1	0.851
Gnb2l1	Eif2s2	0.85
Eif3h	Rpl18	0.85
Col6a2	Col16a1	0.85
Aco2	Dld	0.85
Sdha	Hmbs	0.85
Pa2g4	Rps19	0.85
Fh	Dlst	0.849
Eif4a3	Eif4b	0.849
Rps3	Etf1	0.849
Dak	Gpd1	0.849
Anxa5	Parp1	0.849
Edf1	Rpl18	0.849
Edf1	Rps25	0.849
Hnrnpf	Hnrnpl	0.849
Ipo4	Ipo7	0.848
Asl	Mdh1	0.848
Dak	Gpd1l	0.848
Rps19	Edf1	0.848
Hibch	Rps17	0.847
Mrto4	Rpsa	0.847
Actb	Mapk14	0.846
Edf1	Rpl27	0.846
Mrto4	Rpl22	0.846
Hnrnpk	Hnrnpa0	0.846
Vps26a	Ankfy1	0.846
Rps14	Eif3h	0.846
Hsp90aa1	Cd81	0.845
Cct7	Psmc3	0.845
Bola1	Nfu1	0.844
Mdh1	Ndufv2	0.844
Bola1	Isca2	0.843
Lmnb1	Actb	0.843
Serping1	C4b	0.843
Actb	Rplp0	0.843
Hnrnpk	Fxr1	0.843
Hsp90aa1	Dnaja2	0.842
Matr3	Hnrnpm	0.842
Stip1	Ppp5c	0.842
Rpsa	Edf1	0.842
Acat2	Sucla2	0.842
Canx	Lamp1	0.842
Timm8b	Timm9	0.841
Aco2	Pdhb	0.84
Cul1	Cops6	0.84
Fxr1	Caprin1	0.84
Cul1	Cops8	0.84
Rnh1	Ang	0.84
Eftud2	Sdha	0.84
Stip1	Dnaja2	0.839
Hsp90aa1	Hyou1	0.839
Rps20	Eif3h	0.839
Hsp90aa1	Dctn2	0.838
Hmgb1	Ptma	0.838
Eif4g1	Eif3e	0.837
Gnb2l1	Wdr61	0.837
Eif2s3x	Rps14	0.837
Pa2g4	Rps21	0.837
Sdha	Cox5b	0.837
Cyct	Anxa5	0.837
St13	Ptges3	0.836
Uso1	Sec13	0.836
Vcan	Adamts1	0.836
Eif1ax	Eif3e	0.836
Mapk14	Khsrp	0.836
Pf4	Procr	0.836
Hnrnpu	Fus	0.835
Ube2v1	Ube2g1	0.835
Nsfl1c	Psmc5	0.835
Lap3	Ccbl2	0.835
Col6a1	Itga3	0.835
Mdh1	Sdha	0.835
Snrpd1	Polr2e	0.834
Cct7	Ptges3	0.834
Eif2s3x	Eif4b	0.834
Ssbp1	Rps20	0.834
Mfap2	Efemp2	0.834
Acat2	Dlst	0.833
Tpr	Eif3a	0.833
Tpr	Mad2l1	0.832
Ybx1	Snrpd3	0.832
Cul1	Cops4	0.832
Ahcy	Mat2a	0.832
Edf1	Rpl14	0.832
Col5a1	Col6a1	0.832
Cul1	Psmd14	0.831
Tln1	Iqgap1	0.831
Gars	Tars	0.831
Polr2i	Snrpd3	0.83
Eif1ax	Eif3a	0.83
Cyct	Cox5b	0.83
Col4a1	Serpinh1	0.829
Fga	A2m	0.829
Nsfl1c	Cops6	0.828
Set	Ptges3	0.828
A2m	Gc	0.828
Mrto4	Metap1	0.828
Eif4a3	Thrap3	0.828
Col12a1	Col5a2	0.827
Pa2g4	Rps14	0.827
Cct5	Ptges3	0.826
Wdr61	Supt16h	0.826
Hnrnpu	Snrpd3	0.826
Cdc37	Bag2	0.825
Lamp2	Gba	0.825
Snrpd3	Polr2e	0.825
Col6a2	Serpinh1	0.825
Sucla2	Hmgcs1	0.825
Chordc1	Hsph1	0.824
Rps14	Hmgn2	0.824
Tpm3	Tmod3	0.824
Polr2i	Snrpd1	0.824
Actb	Parp1	0.824
Pa2g4	Rps18	0.824
Ppcs	Ccbl2	0.824
Cops2	Cul1	0.823
Uchl5	Psmb10	0.823
Syncrip	Hnrnpm	0.823
Tardbp	Hnrnpm	0.823
Pgk1	Actb	0.822
Sec23b	Sec22b	0.822
Mapk14	Casp3	0.822
Adi1	Mri1	0.821
Lasp1	Vasp	0.821
Pgk1	H6pd	0.821
Gps1	Epb41l2	0.821
Pa2g4	Rps25	0.821
Sec23a	Trappc3	0.82
Vps35	Eif4g1	0.82
Rps3	Cct7	0.82
Psmd12	Eif3e	0.82
Cct6a	Ptges3	0.82
Ykt6	Rabggtb	0.82
Hmgcs1	Dlst	0.82
Tcp1	Mob4	0.82
Vps26a	Sort1	0.819
Strap	Snrpg	0.818
Glrx3	Cops5	0.818
Gnb2l1	Etf1	0.818
Wdr5	Ruvbl1	0.818
Gars	Vars	0.818
Cul1	Dcun1d1	0.818
Mdh1	Nit2	0.818
Eftud2	Rps18	0.817
Ppp2r4	Ppp6c	0.817
Myh9	Iqgap1	0.817
Stip1	Bag2	0.817
Stip1	Cct6a	0.817
Grhpr	Aoc3	0.816
Sod1	Gpx7	0.816
Col4a1	Col6a2	0.816
Sucla2	Ndufv2	0.816
Rps18	Eif3e	0.815
Sec13	Ncoa5	0.815
Snrpd2	Ybx1	0.815
Uba3	Cops5	0.815
Cars	Tars	0.815
Cspg4	Lgals3	0.815
Hnrnpu	Hnrnpa0	0.814
Eftud2	Rps14	0.814
Etf1	Rps20	0.814
Aco2	Tpi1	0.813
Itgb1	Mcam	0.813
Cdc37	Ruvbl1	0.812
Col15a1	Col6a2	0.812
Dnaja1	Dnaja2	0.812
Hsp90aa1	Casp3	0.812
Strap	Dnaja2	0.812
Ube2v2	Ube2l3	0.812
Gart	Rps3a	0.812
Actl6a	Uchl5	0.812
Ybx1	Snrpd1	0.812
Timp1	Cxcl5	0.811
Stat1	Gbp2	0.811
Hsp90aa1	Gnb2l1	0.811
Timp1	Tgfb1	0.811
Cyct	Parp1	0.811
Dsp	Casp3	0.811
Pa2g4	Rps28	0.811
Rps19	Ptma	0.811
Mrto4	Hmgn2	0.81
Nit2	Cs	0.81
Psmc5	Gps1	0.809
Eif3h	Cops6	0.809
Hnrnpk	Nono	0.809
Aco2	Nfu1	0.808
Sec22b	Sec31a	0.808
Dlst	Atp5d	0.808
Eif3a	Rps14	0.808
Tln1	Itga3	0.807
Pdia6	Dnajc10	0.807
Hmgn2	Rps13	0.807
Gba	Lamp1	0.807
Eif2s3x	Eif1ax	0.806
Cct7	Cdc37	0.806
Casp3	Tjp2	0.806
Sec22b	Copz1	0.806
Lama2	Itga3	0.806
Rpsa	Hmgn2	0.806
Timp1	Adamts1	0.806
Pgk1	Taldo1	0.806
Wdr61	Tceb1	0.805
Spp1	Ccl2	0.805
Hmbs	Nfu1	0.805
Uba3	Cdc34	0.804
Rab1b	Sec22b	0.804
Gart	Rplp0	0.804
Eftud2	Rps8	0.804
Myh9	Epb41l2	0.804
Mapk14	Stat1	0.804
Serpini1	Plat	0.803
Col5a1	Col16a1	0.803
Hnrnpu	Tardbp	0.803
Ptma	Rps14	0.803
Hmgn2	Rpl27	0.803
Dync1h1	Tpr	0.802
Psmc5	Cops6	0.802
Gnb2l1	Eif2s3x	0.802
Lama2	Itgb1	0.802
Gatm	Abat	0.802
Uso1	Sec22b	0.802
Eif1ax	Eif3h	0.801
Actb	Cyct	0.801
Psmc3	Nedd8	0.801
Vps35	Psmc2	0.801
Eif4b	Eif3e	0.801
Rplp0	Ptma	0.8
Xdh	Gpx7	0.8
Hsp90aa1	Dctn3	0.8
Epb41l2	Cops6	0.799
Psmc2	Immt	0.799
Itgb1	Vasp	0.799
Rps18	Ptma	0.799
Cul1	Gps1	0.799
Etf1	Rpsa	0.798
Ncl	Hmgb2	0.798
Ccl2	Mif	0.798
Cops4	Psmd14	0.798
Sec13	Pdcd6	0.798
Gart	Psph	0.797
Metap1	Rplp0	0.797
Rars	Ola1	0.796
Canx	Cd81	0.796
Timp1	Adam17	0.796
Eif2s3x	Eif4h	0.796
Eif2s3x	Rps18	0.795
Cops8	Epb41l2	0.795
Cops2	Epb41l2	0.795
Gnb2l1	Npm1	0.795
Eftud2	Rpl18	0.794
Actb	Wdr5	0.794
Fxr1	Eif4e	0.793
Col6a1	Col15a1	0.793
Cs	Pdhb	0.792
Arpc2	Tmod3	0.791
Pgd	Tpi1	0.791
Ube2l3	Nedd8	0.791
Eif4a3	Snrpd3	0.79
Npm1	Sumo2	0.79
Tpm3	Myh11	0.79
Psmb4	Nedd8	0.79
Hnrnpl	Hnrnpm	0.79
Cct6a	Cdc37	0.789
Col5a1	Col15a1	0.789
Hsp90aa1	Cyct	0.788
Hsph1	Dnaja2	0.788
Cct7	Mob4	0.788
Ybx3	Ybx1	0.788
Hsp90aa1	Ywhag	0.788
Gart	Rps8	0.787
Cct5	Cdc37	0.787
Myh9	Cops5	0.787
Cct5	Mob4	0.787
Col12a1	Col6a1	0.787
Ube2v2	Cdc34	0.787
Fga	Gc	0.787
Pa2g4	Serbp1	0.785
Eif4h	Eif2s2	0.785
Aco2	Rps17	0.784
Uso1	Sec23a	0.784
Rplp0	Srp14	0.784
Cops5	Uchl5	0.784
Actl6a	Wdr5	0.783
Gsta3	Gpx7	0.783
Lmnb1	Npm1	0.783
Tcp1	Cdc37	0.783
Rps14	Edf1	0.783
Nes	Casp3	0.783
Eif4g1	Eif3h	0.783
Col4a1	Col5a1	0.782
Cad	Gart	0.782
Cops4	Epb41l2	0.782
Sdha	Prpf19	0.782
Col6a1	Itgb1	0.782
Atp6v1g1	Atp5d	0.782
Arpc2	Cttn	0.782
Hnrnpk	Cct5	0.781
Pabpn1	Tardbp	0.781
S100a6	S100a13	0.78
Tpm3	Actb	0.78
Apoe	A2m	0.78
Ncl	Fxr1	0.78
Actb	Rps14	0.78
Myh9	Cops4	0.78
Eif3a	Rps18	0.78
Ybx1	Snrpg	0.78
Col1a2	Col12a1	0.779
Cops5	Epb41l2	0.779
Pdia6	Rpn1	0.779
Timp1	Cxcl1	0.779
Pdhb	Txnrd2	0.778
Cxcl1	Pf4	0.778
Fuca2	Glb1	0.778
Chordc1	Ppp5c	0.778
Ube2l3	Ube3a	0.778
Eftud2	Rps13	0.778
Uba3	Dcun1d1	0.777
Glrx3	Glrx	0.777
Snrpd2	Sdha	0.776
Sort1	Pcsk9	0.776
Ruvbl1	Ppp5c	0.776
Tceb2	Wdr61	0.776
Spp1	Timp1	0.775
Atp6v1c1	Atp5d	0.775
Ppm1b	Ppm1a	0.775
Col6a2	Itga3	0.775
Hnrnpk	Sumo2	0.775
Tcp1	Trappc3	0.774
Hmgb1	Ptprz1	0.774
Psmd6	Nedd8	0.774
Rab1b	Rabggtb	0.774
Vps35	Lamp1	0.773
Eif4a3	Fus	0.773
Ppa1	Atp6v1b2	0.773
Tcp1	Ppp5c	0.773
Col6a1	Lama2	0.773
Col12a1	Col6a2	0.772
Col18a1	Itga3	0.772
Hnrnpa0	Hnrnpm	0.772
Fus	Hnrnpm	0.772
Canx	Sec31a	0.772
Myh9	Cops8	0.771
Hnrnpk	Rbm3	0.771
Etf1	Eif2s2	0.771
Psmd12	Txnl1	0.771
Actr3	Brk1	0.771
Uba3	Uba5	0.771
Eif4a3	Plrg1	0.771
Actb	Tgfb1	0.77
Eif4b	Rps8	0.77
Tceb2	Psmd14	0.769
Eif3a	Eif4e	0.769
Srp14	Rpl22	0.769
Actb	Itga3	0.769
Sec23a	Canx	0.769
Srrt	Hnrnpm	0.768
Eftud2	Vars	0.768
Ech1	Decr1	0.768
Pfdn5	Rps13	0.767
Cct6a	Bag2	0.767
Ptges3	Bag2	0.767
Crkl	Itgb1	0.767
Iqgap1	Itgb1	0.766
Cyct	Uqcrh	0.766
Pgk1	Aldoc	0.766
Uqcrh	Timm8b	0.766
Cops2	Nif3l1	0.766
Eif4e	Eif3e	0.766
Sec23a	Pdcd6	0.766
Sec13	Canx	0.766
Tceb1	Cdc73	0.765
Aplp2	Ncstn	0.765
Cyct	Sdha	0.765
Cyct	Cox5a	0.765
Psmc5	Nedd8	0.764
Col6a2	Itgb1	0.764
Cct7	Rpl27	0.764
Tceb2	Cdc73	0.764
Hnrnpf	Khsrp	0.764
Cct6a	Pfdn5	0.764
Mov10	Fxr1	0.764
Rps3	Npm1	0.764
Hyou1	Canx	0.764
Dld	Tcp1	0.763
Pkp1	Casp3	0.763
Ptges3	Hnrnpu	0.763
Gpx7	Glrx	0.763
Psmd5	Psmb4	0.763
Dync1h1	Tuba3a	0.763
Col1a2	Fstl1	0.763
A2mp	Apoe	0.762
Cct5	Psmc3	0.762
Chordc1	Sugt1	0.762
Eftud2	Rpsa	0.762
Hnrnpdl	Hnrnpm	0.761
Vps35	Gba	0.761
Rps3	Rars	0.761
Uqcrfs1	Dlst	0.761
Lrp8	Pcsk9	0.761
Hsp90aa1	Cct7	0.761
Lman2	Mcfd2	0.761
Gps1	Tceb1	0.76
Atp6v1b2	Atp5d	0.76
Myl12b	Ppp1r12b	0.76
Cct5	Ppp2cb	0.76
Fnta	Casp3	0.76
Cad	Asl	0.76
Itgb1	Tgfb3	0.759
Cct5	Nono	0.759
Spp1	Itga3	0.759
Cct7	Pfdn1	0.759
Cops2	Uba3	0.759
Gnb2l1	Zc3h15	0.759
Cct7	Bag2	0.759
Uba3	Tceb1	0.759
Ptges3	Snrpd3	0.758
Timp1	Lgals3	0.758
Psmc4	Nedd8	0.758
Acat2	Cryl1	0.757
Apoa1bp	Nudt14	0.757
Gnb2l1	Eif4b	0.757
Stip1	Sdf2	0.757
Nono	Caprin1	0.756
Glb1	Fuca1	0.756
Col6a1	Col18a1	0.756
Fh	Tpi1	0.756
Rars	Gars	0.756
Vps26b	Ankfy1	0.756
Col4a1	Col5a2	0.756
Uba3	Ube2g1	0.755
Cops5	Psmd14	0.755
Pdhb	Uqcrfs1	0.755
Psmd5	Uchl5	0.754
Uqcrh	Atp5d	0.754
Ahcy	Adk	0.754
Flnb	Itga3	0.754
Gart	Vars	0.754
Tpi1	Fbp1	0.754
Psmd14	Ube3a	0.753
Nme1	Ak1	0.753
Ubr2	Wdyhv1	0.752
Col1a2	Itga3	0.752
Tcp1	Bag2	0.752
Sod1	Psmb4	0.752
Sod1	Psmc4	0.752
Ncl	Rps3	0.752
Col12a1	Col5a1	0.752
Psmb4	Cops6	0.751
Acy1	Acy3	0.751
Aco2	Mdh1	0.751
H6pd	Sord	0.749
Copz1	Copz2	0.749
Cdc37	Sdf2	0.749
Rps3	Eif4e	0.749
Cyct	Cyb5a	0.749
Col1a2	Col16a1	0.748
Psmd6	Cops6	0.748
Eif4b	Rps25	0.748
Canx	Rpn1	0.748
Psmd12	Nedd8	0.747
Nenf	Cyb5a	0.747
Tpi1	Sdha	0.747
Otub1	Ube2v2	0.747
Mapk1	Gnb1	0.747
Cct6a	Ppp5c	0.747
Col5a2	Col16a1	0.747
Cs	Cox5a	0.746
Snrpd3	Hnrnpm	0.746
Serping1	A2m	0.746
Sec13	Rabif	0.746
Wdr61	Rps21	0.745
Cops5	Nae1	0.745
Apoe	Ccl2	0.744
Nudt2	Nudt14	0.744
Ruvbl1	Bag2	0.744
Eif3a	Paip1	0.744
Aco2	Uqcrfs1	0.744
Gnb2l1	Tceb2	0.743
Tceb1	Sat2	0.743
Psma6	Ublcp1	0.743
Tpi1	Cs	0.743
H6pd	Cs	0.743
Txnrd2	Glrx	0.743
Arpc2	Dpysl3	0.742
Wdr92	Ppp1cc	0.742
Guk1	Tjp2	0.742
Sod1	Prdx5	0.742
Rps18	Eif3h	0.742
Pgk1	Pgd	0.742
Apoe	Sort1	0.742
Txnl1	Glrx3	0.742
Taldo1	Sord	0.742
Rps3	Atp5d	0.742
Ncstn	Adam17	0.741
Gpx7	Casp3	0.741
Rps18	Hmgn2	0.741
Eftud2	Rps25	0.741
Hadh	Decr1	0.741
Actb	Rps3	0.741
Mapk14	Gnb1	0.741
Tpm3	Mylk	0.741
Cct5	Sdf2	0.74
Timm50	Immt	0.74
Wdr5	Matr3	0.74
Fnta	Rabggtb	0.74
Snrnp200	Ddx46	0.74
Mdh1	Sucla2	0.74
Actb	Canx	0.74
Aco2	Atp5d	0.74
Actb	Hmgb1	0.739
Sec13	Rpn1	0.739
Cct7	Ppp5c	0.739
Hsd17b4	Amacr	0.739
Ublcp1	Psmb4	0.738
A2mp	Serping1	0.738
Pgk1	Sdha	0.738
Uba3	Ube2n	0.738
Eif4h	Rps25	0.738
Tcp1	Sdf2	0.737
Tpp2	Nrd1	0.737
Col18a1	Itgb1	0.737
Snrnp200	Tardbp	0.737
Col15a1	Col5a2	0.736
Apoe	Stat1	0.736
Vps35	Lamp2	0.736
Rars	Metap1	0.736
Cct7	Psmc5	0.736
Gns	Sumf1	0.736
Psmd12	Glrx3	0.735
Rps3	Eif4h	0.735
Dnajc10	Canx	0.735
Hsp90aa1	Sod1	0.735
Cops5	Eif3h	0.734
Eif2s3x	Eif4g1	0.734
Cct7	Sdf2	0.734
Col5a2	Fstl1	0.734
Cs	Uqcrfs1	0.734
Cyct	Gpx7	0.734
Psmb4	Prpf19	0.733
Tpr	Ddx46	0.733
Eif1ax	Rplp0	0.732
Cct5	Ppp5c	0.732
Nae1	Dcun1d1	0.732
Cct5	Bag2	0.732
Caprin1	Tardbp	0.732
Ruvbl1	Sdf2	0.732
Cct7	Rps14	0.732
Psmc3	Cops6	0.732
Srp14	Rps25	0.732
Rps16	Srp14	0.732
Cttn	Tjp2	0.732
Ptma	Rpl27	0.732
Psmd14	Eif3h	0.731
Actb	Sod1	0.731
Hmgn2	Rpl22	0.731
Apoe	Pcsk9	0.731
Anp32a	Anp32b	0.73
Ublcp1	Uchl5	0.73
Psmb7	Nedd8	0.73
Cct7	Rps18	0.729
Sec13	Ykt6	0.729
Cs	Cryab	0.729
Ccdc58	Timm9	0.729
Metap1	Rps18	0.729
Plcd1	Impa2	0.728
Glrx3	Nfu1	0.728
Cct6a	Sdf2	0.728
Ncl	Hdgf	0.728
Gnb2l1	Cct5	0.728
Mapk14	Tgfb1	0.728
Ppp5c	Bag2	0.727
Myh9	Actr3	0.727
Mrto4	Ssbp1	0.727
Ncl	Pura	0.727
Eif2s3x	Rplp0	0.727
Rps17	Eif3h	0.727
Rps3	Eif4b	0.727
Dpysl3	Tmod3	0.727
Actb	Lamp1	0.727
Hmgb1	Sumo2	0.726
Rps3	Eif1ax	0.726
Gnb2l1	Hmgn2	0.726
Khsrp	Tardbp	0.726
Lsm2	Hnrnpm	0.726
Cct5	Pfdn5	0.725
Etf1	Rps13	0.725
Taldo1	Grhpr	0.725
Ssbp1	Rplp0	0.724
Tpi1	Pdhb	0.724
Ptges3	Sdf2	0.724
Ppp5c	Sdf2	0.723
Hnrnpu	Matr3	0.723
Myh9	Gps1	0.723
S100a6	Lgals3	0.723
H6pd	Fbp1	0.723
Cops5	Eif3e	0.723
Ndufv2	Cops6	0.722
Anp32a	Ppp2cb	0.722
Sec23a	Ykt6	0.722
Psma6	Cct5	0.721
Rps3	Adss	0.721
Etf1	Rps3a	0.721
Myh9	Cops6	0.721
Myh9	Cops2	0.72
Tceb2	Supt16h	0.72
Cct7	Gars	0.72
Ptma	Rps20	0.72
Actb	Rpl27	0.72
Tceb1	Supt16h	0.72
Tceb1	Cops6	0.72
Actb	Rps18	0.72
Ybx1	Pkp1	0.72
Sdf2	Bag2	0.72
Rars	Aldh1a2	0.72
H6pd	Gpx7	0.719
Vcan	Itgb1	0.719
Npm1	Rps3a	0.719
Taldo1	Aco2	0.719
Gnb2l1	Eftud2	0.719
Gart	Iars	0.719
Eif4a3	Pabpn1	0.718
Etf1	Eif3a	0.718
Txnrd2	Dlst	0.718
Ppp2ca	Ppp1cc	0.718
Rps3	Srp14	0.718
Prkcsh	Lgals3	0.718
Rps3	Vars	0.718
Col1a2	Timp1	0.717
Cope	Napa	0.717
Gsta3	Adh5	0.717
Serpinf1	Plxdc2	0.717
Cops5	Rps19	0.717
Psma8	Ublcp1	0.717
Pa2g4	Eftud2	0.717
Psmd12	Cops4	0.717
Ccl7	Cxcl5	0.716
Sec23a	Sec23b	0.716
Nono	Tardbp	0.715
Ube2n	Ube2l3	0.715
Cct7	Rps20	0.715
Fh	Ndufv2	0.715
Col4a1	Col1a2	0.715
Etf1	Rpl27	0.714
Cops5	Psmb4	0.714
Mrto4	Polr2h	0.713
Lamp2	Lgals3	0.713
Ncl	Eif4e	0.713
Spp1	Tgfb1	0.713
Wdyhv1	Copz2	0.712
Gart	Itpa	0.712
Spp1	Lgals3	0.712
Uba5	Nedd8	0.712
Edf1	Rpl22	0.712
Cyct	Mapk14	0.712
Gart	Rps25	0.711
Hist1h2ba	Cdc73	0.711
Hsp90aa1	Pdxp	0.711
Ola1	Vars	0.711
Cope	Ykt6	0.711
Canx	Sec22b	0.711
Hadh	Ivd	0.71
Gnb2l1	Eif4g1	0.71
Rps18	Edf1	0.71
Ppa1	Atp6v1c1	0.71
Jup	Tjp2	0.71
Tcp1	Eif2s3x	0.71
Nsfl1c	Psmd12	0.71
Snrpd2	Hnrnpm	0.71
Hadh	Cs	0.709
Uba3	Ube2v2	0.709
Ppp2r4	Ppp1ca	0.709
Tgfb1	Casp3	0.709
Eif2s3x	Rps17	0.709
Tceb2	Gps1	0.709
Psma6	Sod1	0.709
Rab1b	Rabif	0.709
Lmnb1	Casp3	0.708
Actb	Ccl2	0.708
Xylt1	Extl2	0.708
Aco2	Cyct	0.708
Col5a2	Col18a1	0.708
Ube2n	Psmd14	0.708
Pura	Tardbp	0.708
Tcp1	Psmd14	0.708
P4ha1	Plod3	0.707
Eif3a	Eif4h	0.707
Flnb	Myh9	0.707
Pgk1	Mif	0.707
Cars	Tpi1	0.707
Cdc34	Nedd8	0.707
Nid2	Col18a1	0.706
Actb	Stat1	0.706
Syncrip	Fus	0.706
Hsp90aa1	Ncl	0.706
Nes	Lif	0.706
Ppa1	Atp5d	0.706
Gpc4	Ext1	0.705
Mdh1	Tpi1	0.705
Plaa	Kpna3	0.705
Mapk14	Apoe	0.705
Ppp1ca	Rplp0	0.705
Prdx5	Glrx	0.705
Hsp90aa1	Mapk1	0.705
Sod1	Cyct	0.705
Arsb	Sumf2	0.705
Gsta3	Txndc12	0.705
Ube2v1	Nedd8	0.705
Sod1	Uqcrfs1	0.705
Stip1	Gda	0.704
Actb	Ptma	0.704
Anxa2	Cd81	0.704
Serbp1	Eif3a	0.703
Gart	Mrto4	0.703
Anxa5	Cd81	0.703
Ublcp1	Psmd14	0.703
Sod1	Psmd9	0.702
Psmd12	Cops8	0.702
Dnajc10	Uqcrfs1	0.702
Itgb1	Rab21	0.702
Eftud2	Canx	0.702
Hnrnpk	Eif4a3	0.701
Hsp90aa1	Rps3	0.701
Cryz	Gpx7	0.701
Eftud2	Hmgn2	0.7
Arf4	Copz1	0.7
Mdh1	Cox5a	0.7
Eif4a3	Tardbp	0.7
Cars	Rars	0.7
Eif3a	Rps17	0.7
Usp9x	Uchl5	0.699
Anxa2	Anxa5	0.699
Rps17	Eif3e	0.699
Rpl18	Eif2s2	0.699
Zc3h15	Rps13	0.699
Asl	Psph	0.698
Eif1ax	Rps20	0.698
Ncl	Anxa2	0.698
Serbp1	Hnrnpu	0.698
Metap1	Rps14	0.697
Actb	Anxa2	0.697
Anxa2	Pcsk9	0.697
Sod1	Psmc3	0.697
Rps21	Zc3h15	0.697
Actb	Nes	0.697
Cul1	Ppp2ca	0.697
Psmd14	Cops6	0.697
Ap1g1	H2-K1	0.696
Rps16	Metap1	0.696
Tpm3	Myl9	0.696
Npm1	Parp1	0.696
Ptma	Rpl18	0.696
Sec23a	Rab1b	0.696
Psmd14	Eif3e	0.696
Ap1g1	Sort1	0.696
Plaa	Metap1	0.696
Vasp	Itga3	0.696
Hadh	Sdha	0.695
Etf1	Rps8	0.695
Lrp1	Hmgb1	0.695
Pdhb	Ndufv2	0.695
Nif3l1	Ciao1	0.694
Col1a2	P4ha1	0.694
Lgals3	Ccl2	0.694
Syncrip	Pabpn1	0.694
Hsp90aa1	Matr3	0.694
Col1a2	Tgfb1	0.694
Rps20	Zc3h15	0.694
Sod1	Psmd14	0.694
Crkl	Vasp	0.694
Mdh1	Pdhb	0.694
Rbmxl1	Prpf19	0.694
Col6a4	Itgb1	0.693
Crkl	Itga3	0.693
Ube2n	Cdc34	0.693
Rps3	Tpi1	0.693
Fh	Pdhb	0.693
Lhpp	Atp5d	0.693
Paip1	Eif3e	0.693
Col18a1	Pf4	0.692
Rplp0	Zc3h15	0.692
Hadh	Ech1	0.692
Col12a1	Serpinh1	0.692
Tcp1	Ppp2cb	0.692
Mapk14	Ccl2	0.692
Iqgap1	Anxa2	0.692
Col6a1	Col16a1	0.692
Taldo1	Me2	0.691
Tcp1	Ppp2ca	0.691
Metap1	Rps20	0.691
Sod1	Psmd6	0.691
Ube2n	Nedd8	0.691
Rps3	Ola1	0.69
Glrx3	Psmb4	0.69
Hsp90aa1	Parp1	0.69
H2-K1	Ap1m1	0.69
Gart	Rps28	0.69
Ptma	Rps21	0.69
Sod1	Psmc2	0.69
Man2c1	Canx	0.689
Lsm2	Plrg1	0.689
Col1a2	Col15a1	0.689
Hnrnpf	Syncrip	0.689
Hsp90aa1	Cct6a	0.689
Gart	Arhgap1	0.689
Tgfb1	Itga3	0.689
Mapk1	Gng12	0.688
Npm1	Ybx1	0.688
Hnrnpf	Fus	0.688
Aco2	H6pd	0.688
Adss	Adk	0.688
Tpi1	Grhpr	0.688
Arpc5	Scrn2	0.688
Scrn2	Arpc1a	0.688
Sec22b	Copz2	0.688
Etf1	Rps19	0.687
Sec23a	Lman2	0.687
Ppa1	Atp6v1f	0.687
Etf1	Naa50	0.687
Cct6a	Sumf2	0.686
Eftud2	Ddx46	0.686
Actb	Sdha	0.686
Rplp0	Polr2e	0.686
Eftud2	Rps21	0.686
Hsp90aa1	Dnajc10	0.686
Rabif	Eif2s2	0.686
Snrpg	Hnrnpm	0.686
Nme1	Entpd5	0.685
Anxa2	Sdcbp	0.685
Tpi1	Uqcrfs1	0.685
Set	Npm1	0.685
Snrpd3	Tardbp	0.685
Lrp2	A2m	0.685
Aco2	Cox5a	0.684
Psmd12	Cul1	0.684
Hnrnpa0	Tardbp	0.684
Ptges3	Canx	0.684
Cops4	Psmc5	0.684
Hmgb1	Casp3	0.684
Col1a2	Plod3	0.684
Cops5	Dcun1d1	0.684
Rnase4	Ang	0.684
Snrnp200	Fus	0.684
Cs	Cyct	0.684
Serpinf1	Col18a1	0.683
Ncl	Hnrnpl	0.683
Eif2s3x	Etf1	0.683
Chordc1	Dnaja1	0.683
Eif2s3x	Rpl27	0.683
Pa2g4	Hmgn2	0.683
Lamp1	Cd81	0.683
Prdx5	Gpx7	0.682
Fst	Tgfb3	0.682
Myh9	Arpc2	0.682
Col4a1	Col15a1	0.682
Mat2a	Gart	0.682
Tpm3	Myl12b	0.682
Gpx7	Apoe	0.682
Fbln1	Mfap2	0.682
Dnajc10	Ndufv2	0.682
Nsfl1c	Psmc3	0.682
Stat1	Casp3	0.681
Gart	Dpysl3	0.681
Rps3	Erh	0.681
Gnb2l1	Eif4e	0.681
Cct5	Rpsa	0.68
Sec13	Lman2	0.68
Actb	Eif4e	0.68
Hmgb1	Stat1	0.68
Cct7	Ppp2ca	0.679
Eif4h	Rps20	0.679
Lrp1	Sort1	0.679
Ndufv2	Dlst	0.679
Cops5	Psmc5	0.678
Psip1	Wdr5	0.678
H2-K1	Ap1s1	0.677
Sod1	Psmc5	0.677
Rab1b	Ykt6	0.677
Sod1	Dctn3	0.677
Rps3	Gart	0.677
Ndufv2	Tardbp	0.677
Rps14	Srp14	0.677
Rab5c	Lamp1	0.677
Col4a1	Plod3	0.676
Timp1	Ccl7	0.676
Hnrnpk	Snrpd1	0.676
Ube2n	Uba5	0.675
Cct7	Ppp2cb	0.675
H6pd	Sdha	0.675
Rps3a	Srp14	0.675
Cops5	Psmc3	0.675
Rps3	Zc3h15	0.675
Hsp90aa1	Pgk1	0.674
Cs	Ndufv2	0.674
Sod1	Psma8	0.674
Ybx1	Hnrnpl	0.674
Uba3	Ube2l3	0.674
Tpi1	Sord	0.674
Gart	Rabif	0.674
Rps3	Eif4g1	0.674
Pde6d	Nt5c3b	0.673
Pdhb	Atp5d	0.673
Galk1	Dhdh	0.673
Rps25	Nedd8	0.673
Etf1	Rplp0	0.673
Nsfl1c	Ppp1r7	0.673
Nagk	Uap1	0.673
Sod1	Psmb7	0.672
Rps16	Eif4b	0.672
Tpi1	Adk	0.672
Rplp0	Eif3e	0.672
H6pd	Txnrd2	0.671
Spp1	Jag1	0.671
Cope	Sec22b	0.67
Rps3	Cct5	0.67
Rps3	Ak1	0.67
Vps26b	Sort1	0.67
Ccl2	Casp3	0.67
Eif1ax	Rps16	0.67
Gns	Ap1s1	0.67
Ptma	Rpl14	0.669
Hmgb1	Ccl2	0.669
Hnrnpl	Nono	0.669
Vps35	Tbc1d15	0.669
Pfdn1	Hypk	0.668
Atp6v1b2	Lhpp	0.668
Eif4e	Caprin1	0.668
Col6a4	Itga3	0.668
Eif4g1	Rps13	0.668
Cct5	Ppp2ca	0.668
Lhpp	Atp6v1c1	0.668
Ruvbl1	Snrpd3	0.668
Snrnp200	Thrap3	0.668
Ybx1	Hnrnpm	0.668
Gps1	Polr2e	0.668
Fh	Uqcrfs1	0.667
Npnt	Itgb1	0.667
Lamp2	Canx	0.667
Erh	Thrap3	0.667
Gnb2l1	Eif4h	0.667
Fkbp4	Ppif	0.667
Mat2a	Mtap	0.666
Mapk14	Anxa5	0.666
Rpsa	Metap1	0.666
Sod1	Dctn2	0.666
Plod3	Col16a1	0.666
Rps20	Srp14	0.666
Cops2	Psmd12	0.665
Cops2	Psmd14	0.665
Nae1	Tceb1	0.665
Ppa1	Atp6v1g1	0.665
Ublcp1	Psmb10	0.665
Ptma	Rps25	0.665
Actb	Rps28	0.665
Snrpd2	Eif4a3	0.664
Fkbp4	Ppp5c	0.664
Cops6	Polr2e	0.664
Mapk14	Parp1	0.664
Mylk	Cttn	0.664
Cct5	Psmd14	0.663
Cct7	Ptma	0.663
Fga	A2mp	0.663
Hsp90aa1	Bag2	0.663
Tpi1	Guk1	0.663
Bax	Anxa5	0.663
Cops6	Eif3e	0.663
Cspg4	Vcan	0.663
Rps19	Srp14	0.663
Col15a1	Serpinh1	0.662
Ipo4	Mrto4	0.662
Sod1	Casp3	0.662
Taldo1	Adss	0.662
Dnajc10	Hmgn2	0.662
Ptges3	Sugt1	0.662
Eif2s2	Rpl14	0.662
Cct7	Rpsa	0.661
Cct7	Psmc4	0.661
Eif4h	Eif3e	0.661
Hnrnpdl	Fus	0.661
Tceb2	Polr2i	0.661
Ccdc58	Ssbp1	0.661
Prpf19	Eif2s2	0.661
Mapk14	Gng12	0.66
Ncl	Syncrip	0.66
Arf4	Copz2	0.66
Tgfb1	Pf4	0.66
Xdh	Cyct	0.66
Pdia6	Canx	0.66
Sumo2	Parp1	0.66
Glrx3	Isca2	0.66
Rabif	Rab21	0.659
Eif2s2	Rpl22	0.659
Sod1	Psmd12	0.659
Glrx3	Cops6	0.659
Hnrnpu	Hnrnpdl	0.659
Srp14	Rps13	0.659
Ppp1cc	Mad2l1	0.659
Col12a1	Col16a1	0.659
Hsp90aa1	Npm1	0.659
Eftud2	Metap1	0.658
Tceb1	Psmd14	0.658
Cct7	Eif4a3	0.658
Tpi1	Atp5d	0.658
Hnrnpf	Matr3	0.658
Ywhae	Casp3	0.658
Atp6v1g1	Lhpp	0.658
Lrp2	A2mp	0.658
Col4a1	Col18a1	0.657
Srp14	Rps8	0.657
Dnajc10	Hsph1	0.657
Cd81	Itga3	0.656
Ube2v2	Sumo2	0.656
Pafah1b1	Ywhag	0.656
Hyou1	Dnaja1	0.655
Xdh	Sod1	0.655
Eftud2	Rpl27	0.655
Stat1	Caprin1	0.655
Apoe	Plat	0.655
Ech1	Hsd17b4	0.654
Psmd5	Nedd8	0.654
Adss	Vars	0.654
Entpd5	Nt5c3b	0.654
Rab1b	Napa	0.654
H6pd	Fh	0.654
Anxa5	Tgfb1	0.654
Ppp5c	Ptges3l	0.654
Psmb10	Nedd8	0.654
Sord	Grhpr	0.653
Ncl	Gnb2l1	0.653
Eif2s3x	Eif4e	0.653
Adprhl2	Parp1	0.653
Nt5c3b	Ak1	0.652
Pdhb	Rpsa	0.652
Sod1	Anxa5	0.652
Hnrnpl	Hnrnpa0	0.652
Tln1	Myh11	0.652
Hdgf	Ybx1	0.652
Rpsa	Ptma	0.652
Cct5	Npm1	0.652
Rps17	Eif2s2	0.651
Etf1	Rps16	0.651
Ppp2cb	Ppm1b	0.651
Fkbp4	Cdc37	0.651
Jup	Nme1	0.651
Nudt9	Nudt14	0.651
Hnrnpdl	Tardbp	0.651
Ublcp1	Psmb7	0.651
Ankfy1	Ehd1	0.651
Cul1	Ppp2cb	0.65
Ap1g1	Lamp1	0.65
Rps21	Srp14	0.65
Eftud2	Rpl14	0.65
Psmb10	Gbp2	0.65
Psip1	Smarcb1	0.65
Rps3a	Nedd8	0.65
Rps19	Nedd8	0.65
Paip1	Eif2s2	0.65
Lhpp	Atp6v1f	0.65
Dld	Uqcrfs1	0.65
Efemp2	Copz2	0.65
Hibch	Rps18	0.65
Entpd5	Pde6d	0.65
Nudt2	Nudt19	0.649
Hsp90aa1	Anxa2	0.649
Cct7	Psmd14	0.649
Rps21	Nedd8	0.649
Cul1	Ube2g1	0.648
Sec22b	Arf4	0.648
Eif2s3x	Rpl18	0.648
Eif4a3	Paip1	0.648
Eif4g1	Rps28	0.647
Sucla2	Uqcrfs1	0.647
Snrpa1	Hnrnpm	0.647
Cope	Arf4	0.647
Edf1	Chmp2a	0.646
Uso1	Arf4	0.646
Gnb2l1	Sat2	0.646
Dld	Immt	0.646
Col12a1	Lama2	0.646
H6pd	Adk	0.646
Trnt1	Rexo2	0.646
Hsp90aa1	Hnrnpu	0.646
Prdx5	Lin7c	0.646
Uqcrfs1	Isca2	0.646
Ltf	Spp1	0.646
Rps3	Nedd8	0.646
Sf3a1	Hnrnpm	0.645
Uba3	Psmd14	0.645
Hnrnpk	Pabpn1	0.645
Acaca	Hmgcs1	0.645
Gart	Rps18	0.645
Actb	Spp1	0.645
Rps28	Nedd8	0.644
Uchl5	Ube3a	0.644
Bax	Canx	0.644
Actb	Hnrnpk	0.644
Pgk1	Aco2	0.644
Cct7	Rpl18	0.644
Txnl1	Psmc3	0.644
Tceb2	Cops6	0.644
Lap3	Pepd	0.643
H6pd	Me2	0.643
Ybx1	Nono	0.643
Anxa5	Lamp1	0.643
Npm1	Rplp0	0.643
Psma6	Ube2n	0.643
Nudt9	Nudt2	0.643
Mdh1	Dld	0.643
Tcp1	Npm1	0.643
Cars	Pts	0.643
Amacr	Akr1d1	0.643
H6pd	Grhpr	0.643
Hnrnpf	Ybx1	0.642
Eif4g1	Rps8	0.642
Psmc2	Nedd8	0.642
Usp9x	Otub1	0.642
Etf1	Rpl18	0.642
Rbbp7	Hist1h2ba	0.642
Sec31a	Mcfd2	0.642
Rps19	Zc3h15	0.642
Fxr1	Tardbp	0.642
Syncrip	Tardbp	0.642
Eif4b	Rps20	0.642
Cdc34	Uba5	0.642
Pgk1	Mdh1	0.641
Hnrnpk	Snrpd3	0.641
Cs	Atp5d	0.641
Snrpd2	Pfdn5	0.641
Cct7	Rplp0	0.641
Kpna3	Ranbp3	0.641
Hnrnpl	Tardbp	0.641
Snrpg	Rpl27	0.641
Nsfl1c	Cops5	0.641
Ncl	Set	0.641
Eif4b	Rps28	0.641
Nes	Itgb1	0.64
Mapk14	Gpx7	0.64
Col5a1	Plod3	0.64
Hnrnpf	Eif4a3	0.64
Acaca	Fabp4	0.64
Col6a2	Fbln1	0.64
H6pd	Dld	0.639
Ppp2cb	Psmd14	0.639
Tgfb1	A2m	0.639
Rab1b	Trappc2l	0.639
Tceb2	Nae1	0.639
Cct5	Pfdn1	0.639
Ipo4	Pa2g4	0.639
Canx	Mcfd2	0.639
Khsrp	Hnrnpm	0.639
Sptbn1	Iqgap1	0.638
Actb	Cdc37	0.638
Ptx3	Ccl2	0.638
Ankfy1	Rab5c	0.638
Rps3a	Metap1	0.638
Nme1	Mif	0.638
Pa2g4	Polr2e	0.637
Tpp2	Blmh	0.637
Ybx1	Rps20	0.637
Myh9	Anxa2	0.637
Actb	Ppp1ca	0.637
Mdh1	Gpd1	0.637
Otub1	Cdc34	0.637
Gnb2l1	Fkbp3	0.637
Plat	A2m	0.637
Rps16	Eif4g1	0.637
Rps3	Mif	0.637
Tcp1	Psmd12	0.636
Serpinh1	Col18a1	0.636
Npm1	Nono	0.636
Serpinh1	Col16a1	0.636
Col5a2	Plod3	0.636
Rps19	Eif4g1	0.636
Ltf	A2m	0.635
Snrpg	Nedd8	0.635
Eif1ax	Rps14	0.635
Ola1	Tars	0.635
Col6a2	Fstl1	0.634
Gpc4	Apoe	0.634
Pgk1	Rps18	0.634
Lmnb1	Ncl	0.634
Col12a1	Plod3	0.634
Eif4g1	Rps20	0.634
Eif2s3x	Rpl14	0.634
Ybx1	Eif4e	0.634
Rab1b	Copz1	0.634
Rars	Mrto4	0.634
Ppa1	Rps20	0.634
Canx	Ncstn	0.634
Ltf	Ncl	0.633
Anxa2	Itgb1	0.633
Col1a2	Ccdc80	0.633
Hsp90aa1	Hmgb1	0.633
Tpi1	Phgdh	0.633
Eif4e	Eif3h	0.633
Hibch	Ivd	0.633
Etf1	Rpl14	0.633
Ube2v1	Uba3	0.633
Efemp2	Col16a1	0.632
Psmb4	Lsm4	0.632
Cul1	Ube2l3	0.632
Ywhae	Gnb2l1	0.632
Uba3	Tceb2	0.632
Eif4h	Rps13	0.632
Syncrip	Etf1	0.632
Rplp0	Edf1	0.632
Tceb2	Polr2e	0.631
Sort1	Lamp1	0.631
Otub1	Uchl5	0.631
Prpf19	Ddx46	0.631
Eif4a3	Hnrnpl	0.631
Npm1	Rpl22	0.631
Nme1	Rps20	0.631
Gpx7	Txnrd2	0.63
Ptma	Rps28	0.63
Rabggtb	Rab18	0.63
Rps3	Syncrip	0.63
Col1a2	Fbln1	0.63
Cops2	Tceb1	0.63
Rps14	Nedd8	0.63
Ppa1	Gars	0.63
Gns	Dpp7	0.63
Taldo1	Cs	0.63
Psmc5	Polr2e	0.629
Hint1	Rpl27	0.629
Gart	Rps13	0.629
Eif2s2	Rpl27	0.629
Myg1	Sdha	0.629
Nes	Mcam	0.629
Snrpd2	Rpl27	0.629
Adk	Pura	0.629
Rps16	Wdr12	0.628
Pdhb	Cox5a	0.628
Tln1	Myl9	0.628
Lgals3	Lgals9	0.628
Syncrip	Eif3a	0.628
Sdcbp	Itgb1	0.628
Cct6a	Mob4	0.628
Ybx1	Caprin1	0.628
Mdh1	Uqcrfs1	0.628
Mrto4	Ruvbl1	0.628
Pgd	Sord	0.628
Ncl	Hnrnpf	0.628
Actb	Hmbs	0.628
Psmd6	Cct5	0.628
Stat1	Psmb10	0.627
Ncl	Supt16h	0.627
Hnrnpk	Hnrnpdl	0.627
Iqgap1	Cttn	0.627
Mif	Ccl7	0.627
Cct7	Rps16	0.627
Cops4	Polr2e	0.627
Nqo2	Cryz	0.627
Hsp90aa1	Mapk14	0.627
Wdr5	Nono	0.627
Actb	Gnb2l1	0.627
Lsm4	Plrg1	0.627
Pgd	Cs	0.626
Snrpd1	Hnrnpm	0.626
H6pd	Blvra	0.626
Thrap3	Nono	0.626
Sod1	Glrx	0.626
Ruvbl1	Ptges3l	0.626
Prkcsh	Canx	0.626
Txnl1	Dnaja2	0.626
Eif4h	Eif3h	0.626
Actb	Timp1	0.626
Eif4a3	Rpl18	0.626
Gps1	Psmc4	0.626
Lrp8	A2m	0.626
Col6a2	Col18a1	0.626
G6pdx	Gpx7	0.626
Jag1	Tgfb1	0.626
Nudt19	Nudt14	0.626
Ube2l3	Uba5	0.626
Rps19	Adss	0.626
Tcp1	Arpc1a	0.625
Snrpg	Tardbp	0.625
Rbmxl1	Fus	0.625
Eif1ax	Rpsa	0.625
Tln1	Mylk	0.625
Psmd12	Cct5	0.625
Lman2	Sec22b	0.625
Col4a1	Nid2	0.625
Rpsa	Ssbp1	0.625
Rps3a	Zc3h15	0.624
Lamp1	Lgals9	0.624
Gnb2l1	Ptma	0.624
Metap1	Rps13	0.624
Srp14	Rps28	0.624
Rab1b	Arf4	0.624
Gart	Sucla2	0.623
Ncl	Nono	0.623
Sec13	Mcfd2	0.623
Ltf	Ptx3	0.623
Cops5	Polr2e	0.623
Rps3a	Itpa	0.623
Wdr61	Polr2e	0.623
Rps8	Nedd8	0.623
Rab1b	Copz2	0.622
Acat2	Hibch	0.622
Tpm3	Myh9	0.622
Col6a1	Plod3	0.622
Isca2	Glrx	0.622
Naa25	Hypk	0.622
Ap1s1	Sort1	0.622
Actb	Cryab	0.621
Lrp2	Plat	0.621
Cops4	Tceb1	0.621
Aco2	Rps18	0.621
Cops2	Kpna3	0.621
Rps3a	Pfdn5	0.621
Mdh1	G6pdx	0.621
Rpsa	Lgals3	0.621
Col18a1	Plod3	0.621
Eif4b	Rps13	0.62
Apoa1bp	Lsm4	0.62
Pf4	Cxcl5	0.62
Pa2g4	Cct5	0.62
Tcp1	Psmc2	0.62
Sec22b	Mcfd2	0.62
Col5a1	P4ha1	0.619
Mov10	Ybx1	0.619
Serpinf1	Plat	0.619
Taldo1	Asl	0.619
Actb	Syncrip	0.619
Vars	Lsm2	0.619
Ncl	Tpr	0.618
Hsp90aa1	Anxa5	0.618
Lman2	Sec31a	0.618
Ipo4	Rbbp7	0.618
Tgfb1	Cxcl1	0.618
Actb	Lamp2	0.618
Actr3	Arpin	0.618
Lrp1	Itgb1	0.618
Actb	Mapk1	0.618
Tcp1	Atp6v1b2	0.618
Ap1g1	Gns	0.617
Fkbp4	St13	0.617
Actb	Bax	0.617
Cct5	Dnaja1	0.617
Rps3	Ipo7	0.617
Aco2	Pgd	0.617
Ltf	Apoe	0.616
Pgk1	Rplp0	0.616
Col6a2	Lama2	0.616
Hsp90aa1	Ptges3l	0.616
Tln1	Tpm3	0.616
Gnb2l1	Srp14	0.616
H6pd	Gart	0.616
Tcp1	Cope	0.615
Ube2g1	Uba5	0.615
Cct7	Rps21	0.615
Myg1	Pfdn5	0.615
Eif1ax	Rps13	0.615
Cul1	Ube2n	0.615
Tpi1	Ppa1	0.615
Uso1	Napa	0.615
Hmgn5	Hmgn2	0.615
Mrto4	Vars	0.615
Ncl	Pa2g4	0.615
Rbbp7	Wdr5	0.615
Nme1	Strap	0.615
Ptprz1	Pts	0.615
Gart	Nme1	0.615
Taldo1	Fh	0.614
Uso1	Cope	0.614
Col4a1	Col12a1	0.614
Actb	Cct7	0.614
Ruvbl1	Supt16h	0.614
Apoe	Lgals3	0.614
Etf1	Rps28	0.614
Psma6	Txnl1	0.614
Eif4g1	Rps25	0.614
Hmgb2	Hmgn2	0.614
H6pd	Hmbs	0.614
Adam9	Ncstn	0.614
Anxa5	Itgb1	0.613
Psma6	Tceb1	0.613
Gart	Guk1	0.613
Dctn2	Napa	0.613
Gnb2l1	Syncrip	0.613
Aco2	Immt	0.613
Etf1	Rps25	0.613
Taldo1	Sdha	0.613
Syncrip	Rpsa	0.613
Timm50	Timm9	0.612
Gnb2l1	Cct7	0.612
Actb	Apoe	0.612
Ptx3	Vcan	0.612
Rps14	Eif4g1	0.612
Lrp8	Procr	0.612
Actb	Gpx7	0.612
Sec23b	Pdcd6	0.612
Rps3	Iars	0.612
Ube2n	Parp1	0.612
Hsp90aa1	Itgb1	0.612
Plaa	Usp47	0.612
Col6a2	Plod3	0.612
Cct7	Rps28	0.611
Rps3	Hnrnpm	0.611
Sptbn1	Myh9	0.611
Uqcrfs1	Nfu1	0.611
Psmd9	Psmb4	0.611
Tln1	Myl12b	0.611
Actb	Tcp1	0.61
Sort1	Rab5c	0.61
Sec13	Trappc3	0.609
Aplp2	Sort1	0.609
Serbp1	Ybx3	0.609
Tpi1	Gpd1	0.609
Aco2	Sod1	0.609
Etf1	Zc3h15	0.609
Eif3a	Supt16h	0.609
Cops5	Snrnp200	0.609
Psmc5	Rpn1	0.609
Dld	Tpi1	0.609
Col12a1	Col15a1	0.609
Pgk1	Fh	0.609
Serbp1	Fxr1	0.609
Etf1	Mrto4	0.608
Pa2g4	Npm1	0.608
S100a6	Crip1	0.608
Tln1	Actb	0.608
Actb	Cd81	0.608
Eftud2	Rpl22	0.607
Cct7	Glrx3	0.607
Hyou1	Hsph1	0.607
Tcp1	Gnb1	0.607
St13	Bag2	0.607
Actb	Ncl	0.607
Psma8	Nedd8	0.607
Uba3	Sumo2	0.607
Tpm3	Cttn	0.607
Pfdn5	Rpl22	0.607
Sf3a1	Parp1	0.606
Rpsa	Zc3h15	0.606
Eif4a3	Erh	0.606
Actb	Cxcl1	0.606
Mrto4	Eif4a3	0.606
Cct6a	Gnb1	0.606
Cul1	Psmc5	0.606
Cops5	Tceb2	0.605
Cul1	Psmc2	0.605
Gart	Tpi1	0.605
Pgk1	Cs	0.605
Tpi1	Galk1	0.605
Sec13	Atp6v1f	0.605
Polr2h	Wdr12	0.605
Eif4a3	Snrpd1	0.605
A2mp	Lrp8	0.605
Psma6	Sort1	0.605
Tceb2	Psmb4	0.605
Hnrnpk	Rbbp7	0.604
Rps3	Ybx1	0.604
Pitrm1	Metap1	0.604
Cct6a	Pfdn1	0.604
Col1a2	Efemp2	0.604
Cct7	Rps25	0.604
Serbp1	Eftud2	0.603
Hnrnpk	Srrt	0.603
Eif4a3	Snrpa1	0.603
Otub1	Cops5	0.603
Rps19	Eif4b	0.603
Cope	Rab1b	0.603
Cops4	Nae1	0.603
Zc3h15	Rps8	0.603
Txnl1	Cops6	0.603
Hexb	Neu1	0.602
Timp1	Tgfb3	0.602
Ap1g1	Arf4	0.602
Rps3	Psmd14	0.602
Txndc17	Timm8b	0.602
Ruvbl1	Gps1	0.602
Dld	Atp6v1b2	0.602
Sec13	Copz1	0.602
Eif4h	Rps21	0.602
Rpsa	Eif4g1	0.602
Rplp0	Vars	0.602
Nme1	Hint1	0.601
Rps17	Edf1	0.601
Hsp90aa1	Ruvbl1	0.601
Fat3	Vasp	0.601
Ankfy1	Snx12	0.601
Fga	Plat	0.601
Rpsa	Vars	0.601
Dnajc8	Srp14	0.601
Ywhae	Canx	0.601
Mob4	Trappc2l	0.601
Tceb1	Polr2i	0.6
Rps19	Metap1	0.6
Col4a1	Col16a1	0.6
Ncl	Rps20	0.6
H6pd	Bcat2	0.6
Eif1ax	Rpl14	0.6
Gars	Eif4a3	0.6
Adam9	Adam17	0.6
Gps1	Psmd14	0.6
Vars	Pcbd1	0.599
Col4a1	P4ha1	0.599
Ncl	Rps14	0.599
Vps26a	Ehd1	0.599
Vars	Pcbd2	0.599
Psmd14	Eif2s2	0.598
Sec23a	Mcfd2	0.598
Rps16	Zc3h15	0.598
Eif1ax	Rps18	0.598
Timp1	Stat1	0.598
Uso1	Cttn	0.598
Pgk1	Ppa1	0.598
Cope	Atp6v1b2	0.598
Etf1	Eif4e	0.598
Wdr61	Polr2h	0.598
Col6a1	Fbln1	0.598
Uqcrfs1	Timm50	0.598
Tcp1	Eif4a3	0.598
Hint1	Uqcrh	0.598
Nme1	Rpsa	0.597
Edf1	Nedd8	0.597
Col15a1	Col16a1	0.597
Lamp2	Cd81	0.597
Rpl18	Rpn1	0.597
Otub1	Nedd8	0.597
Actb	Npm1	0.597
Cct7	Dnaja1	0.597
Eif4h	Paip1	0.597
Ppp1cc	Rplp0	0.597
Psmb4	Snrpd1	0.597
Cct5	Rplp0	0.596
Hmgb1	Mapk14	0.596
Cs	Fbp1	0.596
Tgfb1	Fst	0.596
Lap3	Rnpep	0.596
Gars	Nae1	0.596
Arpc2	Arpin	0.595
Etf1	Eif4a3	0.595
Canx	Dnaja2	0.595
Ppp1ca	Ppm1a	0.595
Fh	Atp5d	0.595
Ppp2ca	Psmb4	0.595
Cct5	Dnaja2	0.595
Syncrip	Rps8	0.595
Cops4	Eif3e	0.595
Hsp90aa1	Ywhah	0.595
Actb	Khsrp	0.595
Paip1	Eif3h	0.595
Eif2s3x	Rpl22	0.595
Rps16	Vars	0.595
Tpi1	Vars	0.595
Metap1	Rpl18	0.594
Pitrm1	Aplp2	0.594
Cops4	Sugt1	0.594
Ybx1	Rplp0	0.594
Wdr12	Polr2e	0.594
Ywhae	Actb	0.594
Nsfl1c	Gps1	0.594
Col5a2	Ccdc80	0.594
Serbp1	Tardbp	0.594
Lap3	Plaa	0.593
Gnb2l1	Gnb1	0.593
Jup	Iqgap1	0.593
Gpc4	Col18a1	0.593
Rps3	Eif4a3	0.593
Dpysl3	Pdlim1	0.593
Ube2n	Hist1h2ba	0.593
Eif4b	Rps17	0.593
Tceb2	Psmc3	0.593
Itgb1	Col16a1	0.593
Ppm1a	Ranbp3	0.593
Pdhb	Psmc5	0.592
Myh9	Arpc5	0.592
Pa2g4	Rps17	0.592
Arpc5	Arpin	0.592
Npm1	Ptma	0.592
Dcun1d1	Tceb1	0.591
Lman2	Rpn1	0.591
Cct7	Gnb1	0.591
Npm1	Nap1l4	0.591
Sdha	Txnrd2	0.591
Timp1	Plat	0.591
Rbbp7	Nedd8	0.591
Col6a2	Efemp2	0.591
Psmb7	Psmd5	0.59
Tpi1	Rpl18	0.59
Ubr2	Mri1	0.59
Rpsa	Eif4b	0.59
Stat1	Tgfb1	0.59
Uba3	Rbbp7	0.59
Hadh	Fh	0.59
Aco2	Gart	0.59
Cct5	Sumo2	0.59
Etf1	Rps14	0.59
Gart	Hmbs	0.589
Tpi1	Sucla2	0.589
Hadh	Hsd17b4	0.589
Rps16	Hint1	0.589
Psmc3	Rps13	0.589
Gart	Adk	0.589
G6pdx	Me2	0.589
Ublcp1	Cops5	0.589
Rplp0	Eif2s2	0.589
Spp1	Lif	0.588
Hsp90aa1	Serbp1	0.588
Parp1	Fus	0.588
Ncl	Fus	0.588
Etf1	Rps21	0.588
Pgk1	Fbp1	0.588
Itgb1	Adam9	0.588
Hmgb1	Set	0.587
Rps20	Atp5d	0.587
Cspg4	Mcam	0.587
Mrto4	Srp14	0.587
Hnrnpk	Set	0.587
Hist1h2ba	Ruvbl1	0.587
Ncl	Eif4g1	0.586
Col4a1	Lama2	0.586
Aldoc	Aldh1l1	0.586
Mapk14	Lrp8	0.586
Eif4g1	Pabpn1	0.586
Xylt1	Ext1	0.586
Psmb4	Chmp2a	0.586
Rps16	Ybx1	0.586
Stip1	Ube2n	0.586
Casp3	Lamp1	0.586
Col1a2	Serpinf1	0.586
Tceb1	Cops8	0.586
Psmd12	Tceb1	0.585
Psph	Gpd1l	0.585
Cope	Sec31a	0.585
Cct7	Rps3a	0.585
Fus	Pabpn1	0.585
Hnrnpu	Snrpd1	0.585
Sod1	Gart	0.585
Gmfb	Arpc1a	0.585
Pgd	Mtap	0.585
Eif1ax	Rpl22	0.585
Tpi1	Gpd1l	0.585
Nme1	Lhpp	0.585
Actr3	Gmfb	0.584
Ipo7	Rps19	0.584
Sod1	Mif	0.584
Rps3a	Eif1ax	0.584
Sec23a	Rabif	0.584
Rbbp7	Nae1	0.584
Col1a2	Col18a1	0.584
Ap1g1	Rab5c	0.584
Prpf19	Tardbp	0.584
Cops8	Eif3e	0.584
Pgk1	Tcp1	0.584
Apoe	Gba	0.584
Sec13	Akr7a2	0.584
Snrpd2	Hnrnpa0	0.584
Txnl1	Strap	0.584
Polr2i	Cops6	0.583
Pgk1	Anxa5	0.583
Crkl	Rabif	0.583
Cops5	Polr2i	0.583
Nsfl1c	Psmd6	0.583
Rps3	Tcp1	0.583
Metap1	Rps8	0.583
Hsp90aa1	Sumo2	0.583
Dpp7	Siae	0.583
Psma8	Sort1	0.583
Itgb1	Casp3	0.583
Cdc37	Ptges3l	0.583
Psmd14	Cops8	0.582
Gart	Sdha	0.582
Lmnb1	Parp1	0.582
Gart	Grhpr	0.582
Lgals3	Gbp2	0.582
Tln1	Mapk1	0.582
Uso1	Trappc3	0.582
Caprin1	Pdcd6	0.582
Eif4a3	Eif4h	0.582
Actb	Ppp2cb	0.582
Jup	Tgfb3	0.582
Cct5	Psmc5	0.581
Pfdn5	Uqcrh	0.581
Ube2n	Ube2g1	0.581
Trnt1	Chordc1	0.581
Serpinh1	P4ha1	0.581
Cspg4	Gpc4	0.581
Myh9	Lgals3	0.581
Tpi1	Rps20	0.58
Stip1	Psmc5	0.58
Actb	Pcsk9	0.58
Tcp1	Psmc3	0.58
Rps3a	Eif4g1	0.58
Syncrip	Rps3a	0.58
Npm1	Lgals3	0.58
Atp6v1f	Cox5a	0.58
Wdr61	Rps20	0.58
Pitrm1	Dld	0.58
Hnrnpf	Rbmxl1	0.58
Gart	Gda	0.579
Naa25	Asna1	0.579
Rps16	Eif4h	0.579
Eif4b	Rps21	0.579
Psma6	Ppp2ca	0.579
Sec23a	Napa	0.579
Txnl1	Txndc17	0.579
Cct7	Gps1	0.579
H2-K1	Canx	0.579
Uchl5	Plrg1	0.579
Actb	Brk1	0.579
Sdha	Atp6v1f	0.578
Eif1ax	Rpl27	0.578
H6pd	Dlst	0.578
Nsfl1c	Cct7	0.578
Nudt9	Adprhl2	0.578
Gart	Ak1	0.578
Eif4g1	Rps21	0.578
Stat1	Cxcl1	0.578
Naga	Fuca1	0.578
Rpl18	Nedd8	0.578
Eif4h	Rps28	0.578
Syncrip	Caprin1	0.577
Asl	Vars	0.577
Ppp2ca	Mad2l1	0.577
Snrpd2	Nedd8	0.577
Fhl2	Ak1	0.577
Etf1	Rpl22	0.577
Psmb4	Rpl27	0.577
Jag1	Ncstn	0.577
Tars	Rps14	0.577
Tcp1	Glrx3	0.576
Snrnp200	Hnrnpm	0.576
Ube2n	Cops5	0.576
Col5a1	Timp1	0.576
Galnt1	Rab18	0.576
Ube2l3	Ube2g1	0.576
Ncl	Eif4h	0.576
Ncl	Hnrnpm	0.576
Ppp1ca	Polr2e	0.576
Serpinh1	Canx	0.576
Ppp2cb	Mad2l1	0.575
Hnrnpk	Ruvbl1	0.575
Syncrip	Rps20	0.575
Spp1	Apoe	0.575
Psmd14	Asna1	0.575
Npm1	Rps19	0.575
Uqcrh	Rpl27	0.575
Ncl	Rbm3	0.575
Myl9	Isoc2a	0.575
A2mp	Plat	0.575
Tpi1	Mri1	0.575
Nsfl1c	Glrx3	0.574
Hyou1	Dnaja2	0.574
Col5a1	Vcan	0.574
Wdr92	Ppp1ca	0.574
Gpc4	Vcan	0.574
Lgals3	Tgfb1	0.574
Ap1m1	Sort1	0.574
Actb	Fabp4	0.574
Tmod3	Pdlim1	0.574
Vars	Rps20	0.574
Col1a2	Tgfb3	0.574
Srrt	Tardbp	0.574
Dcun1d1	Cops6	0.573
Cars	Gart	0.573
Apoe	Tgfb1	0.573
Man2c1	B4galt1	0.573
Rbbp7	Smarcb1	0.573
Lrp2	Mt1	0.573
Itpa	Nudt14	0.573
Col5a1	Col18a1	0.573
Iqgap1	Arhgap1	0.573
Ybx1	Casp3	0.573
Sugt1	S100a6	0.573
Col6a1	Efemp2	0.573
Psma6	Psmd5	0.573
Fxr1	Fus	0.572
Ptx3	Timp1	0.572
Cad	Dpysl3	0.572
Flnb	Mylk	0.572
Eif4g1	Gba	0.572
Cdc37	Psmb4	0.572
Metap1	Wdr12	0.572
Col6a2	Copz2	0.572
Sord	Phgdh	0.572
Eif4a3	Wdr12	0.572
Psma6	Tcp1	0.572
Cspg4	Nes	0.572
Ap1m1	Rab5c	0.571
Ptma	Rps8	0.571
Rpsa	Srp14	0.571
Cops4	Tceb2	0.571
Trnt1	Ssbp1	0.571
Npm1	Rpl27	0.571
Pdia4	Rpn1	0.571
Cops8	Polr2e	0.571
Anxa2	Ybx1	0.571
Lsm8	Polr2e	0.571
Gps1	Polr2i	0.571
Psmd6	Txnl1	0.571
Dpp3	Rnpep	0.57
Pfdn5	Rpl27	0.57
Ybx1	Matr3	0.57
Dld	Gart	0.57
Ykt6	Sec31a	0.57
Psmb4	Hint1	0.57
Dpp3	Pepd	0.57
Col1a2	Spp1	0.57
Timp1	Col18a1	0.57
Gart	Rpsa	0.569
Uso1	Mcfd2	0.569
Uso1	Sec31a	0.569
Lsm8	Hnrnpdl	0.569
Ccl2	Plat	0.569
Eftud2	Adss	0.569
Dctn2	Marcksl1	0.569
Mif	Cxcl1	0.569
Dctn2	Arf4	0.569
Gars	Rps18	0.569
Nae1	Uba5	0.569
Ybx3	Hnrnpm	0.569
Hmgb2	Hist1h1a	0.568
Wdr61	Polr2i	0.568
Serbp1	Ybx1	0.568
Actb	Ybx1	0.568
Mdh1	Fbp1	0.568
Rps16	Ssbp1	0.568
Ppih	Snrpa1	0.568
Wdr61	Ssbp1	0.568
Asl	Amacr	0.568
Supt16h	Hist1h1a	0.568
Ywhae	Anxa5	0.568
Apoe	Casp3	0.568
Cops2	Dcun1d1	0.568
Flnb	Ptrf	0.567
Pgk1	Pdhb	0.567
Rpsa	Wdr61	0.567
Mapk1	Fhl2	0.567
Ywhae	Hnrnpk	0.567
Aplp2	Pcsk9	0.567
Sord	Sdha	0.567
Aco2	Isca2	0.567
Dnajc10	Rps20	0.567
Ptrf	Itgb1	0.567
Pfdn5	Nedd8	0.566
Etf1	Metap1	0.566
Wdr5	Nedd8	0.566
Tceb1	Psmc3	0.566
Hsp90aa1	Tardbp	0.566
Npm1	Khsrp	0.566
Lap3	Stat1	0.566
Syncrip	Rps25	0.566
Arpc5	Cttn	0.566
Bcat2	Ivd	0.566
Cul1	Psmd5	0.565
Glod4	Rps20	0.565
Hnrnpk	Ybx3	0.565
Ppp2ca	Eif4g1	0.565
Tpi1	Ak1	0.565
Gart	Eftud2	0.565
Eftud2	Hnrnpm	0.565
Pdia4	P4ha1	0.565
Col5a1	Efemp2	0.565
Psmc4	Cops6	0.565
Cyct	Canx	0.565
Otub1	Psmd14	0.565
Glrx3	Ciao1	0.564
Cct7	Atp5d	0.564
Eif4a3	Lsm4	0.564
Ube2v1	Uba5	0.564
Ncl	Parp1	0.564
Lmnb1	Anxa5	0.564
Adss	Hmgn2	0.564
Rps3a	Eif4h	0.564
Hsp90aa1	Psmd14	0.564
Rps17	Srp14	0.564
Pgk1	Rps3	0.564
Ywhae	Cct5	0.563
Fkbp4	Sugt1	0.563
Ppp1cb	Rplp0	0.563
Ipo7	Eif3a	0.563
Ube2l3	Cdc34	0.563
Pa2g4	Eif3a	0.563
Syncrip	Supt16h	0.563
Cct5	Eif2s3x	0.563
Cope	Psmc4	0.563
Tars	Eif4e	0.563
Hsp90aa1	Hnrnpk	0.563
Syncrip	Rpl22	0.562
Ppp2cb	Psmc4	0.562
Col18a1	Col16a1	0.562
Mdh1	Dlst	0.562
Rps3	Ruvbl1	0.562
Psmb4	Cox5a	0.562
Nit2	Isoc2a	0.562
Dpp3	Dpp7	0.562
Serbp1	Mrto4	0.562
Cttn	Itgb1	0.562
Ywhah	Ppp2cb	0.562
Gart	Cct5	0.561
Pgk1	Cct5	0.561
Rab5c	Rabggtb	0.561
Fh	Grhpr	0.561
Xdh	Hmgb1	0.561
Ncl	Apoe	0.561
Dld	Atp5d	0.561
Npm1	Eif3e	0.561
Asl	Hmbs	0.561
Eif4a3	2018-09-09 00:00:00	0.561
Hnrnpdl	Khsrp	0.561
Arpc2	Serpini1	0.561
Ube2v2	Uba5	0.561
Ptrf	Cryab	0.561
Rbbp7	Adss	0.561
Tceb2	Cops8	0.561
Extl2	Ext1	0.56
Napa	Rab5c	0.56
Col15a1	Plod3	0.56
Cyct	Ndufv2	0.56
Actb	Rpsa	0.56
Flnb	Cryab	0.56
Sumo2	Tardbp	0.56
Pdia4	Rcn1	0.559
Gart	Atp5d	0.559
Psma6	Ppp2cb	0.559
Hmgb1	Hist1h1a	0.559
Hadh	Sucla2	0.559
Khsrp	Hnrnpa0	0.559
Flnb	Vasp	0.559
Rpl22	Rpn1	0.559
Zc3h15	Rpl18	0.559
Anxa5	Pcsk9	0.559
Aco2	Hadh	0.559
Xdh	Casp3	0.559
Ndufv2	Immt	0.559
Asl	Adss	0.558
Pgk1	G6pdx	0.558
Usp9x	Usp47	0.558
Actb	Jag1	0.558
Gnb2l1	Fxr1	0.558
Tpi1	Adss	0.558
Timp1	Casp3	0.558
Rps18	Srp14	0.558
Fbln1	Col18a1	0.558
Cct7	Rps8	0.558
Uchl5	Nedd8	0.557
Ipo7	Rps8	0.557
Fxr1	Ube3a	0.557
Psmc3	Polr2e	0.557
Nae1	Psmd14	0.557
Nae1	Cdc34	0.557
Aco2	Asl	0.557
Apoa1bp	Nudt2	0.557
Stip1	Ybx1	0.557
Actb	Ywhag	0.557
Tpr	Eif4a3	0.557
Rplp0	Rpn1	0.557
Ncl	Tcp1	0.557
Ywhag	Ppp2cb	0.556
Psph	Gpd1	0.556
Dld	Ndufv2	0.556
Polr2h	Cops6	0.556
Cops2	Polr2e	0.556
Sec13	Lamp2	0.556
Sdha	Me2	0.556
Srrt	Hypk	0.556
Tcp1	Dnaja2	0.555
Cct5	Eif4a3	0.555
Hsp90aa1	Eif4e	0.555
Rpl27	Rpn1	0.555
Pdia4	Dld	0.555
Rps28	Zc3h15	0.555
Alad	Pts	0.555
Cs	Vars	0.555
Col6a2	Tgfb3	0.555
Ipo4	Kpna3	0.555
H6pd	Sucla2	0.555
Fkbp4	Dctn2	0.555
Col4a1	Timp1	0.555
Anxa2	Lamp1	0.555
Mrto4	Zc3h15	0.554
Rpl27	Nedd8	0.554
Psmc2	Rpsa	0.554
Plrg1	Lsm8	0.554
Col6a1	Spp1	0.554
Gnb2l1	Ipo7	0.554
Hnrnpk	Eftud2	0.554
Jag1	Adam17	0.554
Flnb	Cttn	0.554
Tceb1	Polr2e	0.554
Hint1	Nedd8	0.554
Pdia6	Anxa2	0.553
Ahcy	Mtap	0.553
Pgk1	Vars	0.553
Tpr	Sumo2	0.553
Srp14	Chmp2a	0.553
Sf3a1	Ppih	0.553
Dync1h1	Rab18	0.553
Blvra	G6pdx	0.552
Mapk14	Cxcl1	0.552
Pgd	Fh	0.552
Ccl2	Lif	0.552
Nae1	Sumo2	0.552
Kpna3	Tardbp	0.552
Fbln1	Tgfb1	0.552
Psmd12	Plaa	0.552
Psmd9	Uchl5	0.552
Asl	Acy1	0.552
Eif1ax	Rpl18	0.552
Etf1	Rps17	0.552
Eftud2	Fam192a	0.552
Psmd6	Cul1	0.552
Taldo1	Sod1	0.552
Pgk1	Anxa2	0.552
Gnb2l1	Itgb1	0.551
Fh	Vars	0.551
Actb	Tuba3a	0.551
Snrnp200	Sumo2	0.551
Cct6a	Hsph1	0.551
Adi1	Mtap	0.551
Set	Ptma	0.551
Zc3h15	Rpl27	0.551
Ppa1	Rpsa	0.551
Cct5	Gng12	0.551
Eif3a	Hnrnpu	0.55
Itgb1	Rab5c	0.55
Cops4	Dcun1d1	0.55
Plat	Procr	0.55
Hsp90aa1	Cttn	0.55
Anxa5	Ccl2	0.55
Vars	Hnrnpm	0.55
Gpx7	Tgfb1	0.55
Trappc3	Sec22b	0.549
Rars	Rplp0	0.549
Ipo7	Rps25	0.549
Ublcp1	Plaa	0.549
Cope	Edf1	0.549
Snrpg	Rps13	0.548
Rps3	Wdr61	0.548
Eif4h	Rps8	0.548
Gart	Ssbp1	0.548
Snrpg	Hnrnpa0	0.548
Gnb2l1	Tcp1	0.548
Ola1	Eftud2	0.548
Usp47	Uchl5	0.548
Plrg1	Fam192a	0.548
Fkbp4	S100a6	0.548
Arpc2	Gmfb	0.548
Stat1	Lgals9	0.548
Col15a1	Nid2	0.547
Hist1h2ba	Wdr61	0.547
Zc3h15	Rpl14	0.547
Tcp1	Immt	0.547
Col1a2	Mfap2	0.547
Sec13	Fnta	0.547
Vps26a	Lamp1	0.547
Hnrnpl	Snrpd1	0.547
Tcp1	Metap1	0.547
Npm1	Rps8	0.547
Psma6	Sumo2	0.547
Zc3h15	Eif2s2	0.547
Hnrnpu	Khsrp	0.547
Col5a2	Lama2	0.546
Cops2	Rbbp7	0.546
Cgn	Tgfb1	0.546
Tcp1	Eif3a	0.546
Cct5	Rps3a	0.546
Eif4h	Snrpd1	0.546
Hadh	Tpi1	0.546
Psma6	Cops5	0.546
Ipo7	Kpna3	0.546
Flnb	Tmod3	0.546
Cops8	Polr2i	0.546
Tln1	Gnb2l1	0.546
Fh	Ppa1	0.546
H6pd	Glrx	0.546
Ppif	Ppih	0.546
Taldo1	Ppa1	0.546
Cct5	Rps8	0.545
Cct5	Rps20	0.545
Cct5	Ppp1ca	0.545
Syncrip	Serbp1	0.545
Cops5	Ndufv2	0.545
Wdr61	Rps13	0.545
Lsm2	Hnrnpa0	0.545
Gnb2l1	Nono	0.545
Hsp90aa1	Lsm8	0.545
Tpr	Supt16h	0.545
Adh5	Me2	0.545
Dync1h1	Arf4	0.545
Hnrnpk	Khsrp	0.545
Tcp1	Pa2g4	0.545
Psmc4	Rps25	0.545
Abhd10	Lypla2	0.545
Col4a1	Fstl1	0.545
Tln1	Anxa5	0.545
Tpi1	Nfu1	0.545
Psmd6	Eif3e	0.545
Trnt1	Atp5d	0.545
Rps3	Cct6a	0.544
Hsd17b4	Decr1	0.544
A2mp	Timp1	0.544
Npm1	Rpsa	0.544
Lmnb1	Mapk14	0.544
Rps19	Mif	0.544
Pa2g4	Eif4a3	0.544
Pdia4	Tcp1	0.544
Lamp1	Ncstn	0.543
Thrap3	Hnrnpm	0.543
Ube2v2	Psmd14	0.543
Snrpa1	Fam192a	0.543
Rpl14	Rpn1	0.543
Cct5	Tceb1	0.543
Ublcp1	Cops6	0.543
Cops5	Polr2h	0.543
Psmb7	Psmd9	0.543
Psmd9	Nedd8	0.543
Ndufv2	Atp6v1g1	0.543
Adss	Mtap	0.543
Hnrnpk	Prpf19	0.542
Iqgap1	Lgals3	0.542
Ssbp1	Hmgn2	0.542
Col4a1	Tgfb1	0.542
Iars	Snrnp200	0.542
Eftud2	Hnrnpl	0.542
Txnl1	Psmc4	0.542
Cops5	Eftud2	0.542
Mov10	Matr3	0.542
Arpc2	Pdlim1	0.542
Glrx3	Rps21	0.542
Ncl	Eif4a3	0.542
Col4a1	Spp1	0.542
Tceb2	Dcun1d1	0.542
Dctn2	Rab18	0.541
Cops4	Uba3	0.541
Cct5	Psmc4	0.541
Ptrf	Anxa5	0.541
Bax	Parp1	0.541
Tcp1	Caprin1	0.541
Acat2	Ivd	0.541
Cops5	Psmc4	0.541
Tpm3	Iqgap1	0.541
Rps3	Fkbp3	0.541
Asl	Mat2a	0.541
Gart	Rps21	0.54
Rps16	Pfdn5	0.54
Tcp1	Dnaja1	0.54
Pde6d	Arf4	0.54
Strap	Tgfb1	0.54
Snrpd3	Fam192a	0.54
Ppa1	Vars	0.54
Ppp1ca	Rpl14	0.54
Fxr1	Eif4g1	0.54
Gnb2l1	Tardbp	0.54
Sdha	Grhpr	0.54
Lgals3	Itga3	0.54
Gart	Asna1	0.539
Cops4	Rbbp7	0.539
P4ha1	Col18a1	0.539
Hnrnpk	Psip1	0.539
Snrpg	Fam192a	0.539
Rps3	Gars	0.539
Usp9x	Eif2s3x	0.539
Sdha	Immt	0.539
Hsp90aa1	Myh11	0.539
Tpm3	Npm1	0.539
Pabpn1	Hnrnpm	0.539
Nme1	Rps14	0.539
Psmb7	Sort1	0.539
Dnajc10	Vars	0.539
Hmgb1	Tgfb1	0.539
Sdcbp	Canx	0.539
Pcsk9	Cd81	0.539
Mtr	Phgdh	0.539
Cad	Vars	0.539
Prpf19	Fam192a	0.539
Rbm3	Eif3h	0.539
Plrg1	Lsm6	0.539
Sdha	Rplp0	0.538
Bola1	Glrx	0.538
Iars	Rab21	0.538
Ppif	Casp3	0.538
Hnrnpl	Prpf19	0.538
Cops4	Polr2h	0.538
Snrpd2	Tardbp	0.538
Gnb2l1	Mapk14	0.538
Hnrnpf	Snrnp200	0.538
Tpi1	Dlst	0.538
Col16a1	Copz2	0.538
Col18a1	Cxcl1	0.538
Hnrnpk	Eif4h	0.538
Metap1	Rps28	0.538
Glrx3	Ndufv2	0.538
Lyz2	Apoe	0.538
Stip1	Gps1	0.537
Ykt6	Copz1	0.537
Psmb7	Tceb2	0.537
Fkbp4	Hsph1	0.537
Nme1	Rps13	0.537
Akr7a2	Ncoa5	0.537
Cdc37	Sugt1	0.537
Gpx7	Ccl2	0.537
Snrpd2	Fam192a	0.537
Tceb1	Cdc34	0.537
Rars	Sdcbp	0.537
Ptrf	Fhl2	0.537
Matr3	Hnrnpl	0.536
Col12a1	Itgb1	0.536
Lgals3	Gdf15	0.536
Apoa1bp	Vps28	0.536
Col1a2	Lama2	0.536
Man2a2	B4galt1	0.536
Npm1	Rps20	0.536
H6pd	Mat2a	0.536
Rars	Psmc5	0.536
H6pd	Glod4	0.536
Pts	Pcbd1	0.536
Psma6	Cope	0.535
Myh9	Ctsh	0.535
Cops5	Actl6a	0.535
Sumo2	Uba5	0.535
Chmp2a	Atp6v1f	0.535
Eif1ax	Rps25	0.535
Hsd17b4	Cyb5a	0.535
Usp9x	Ywhag	0.535
Glod4	Uqcrfs1	0.535
Hnrnpk	Wdr5	0.535
Dlst	Cox5a	0.535
Actb	Lgals3	0.535
Rbm3	Pabpn1	0.535
Dctn2	Psmc3	0.534
Psmb4	Sort1	0.534
Aco2	Rps20	0.534
Nme1	Ppa1	0.534
Gnb2l1	Dnajc10	0.534
Sec13	Mad2l1	0.534
Rbm3	Nono	0.534
Sucla2	Uqcrh	0.534
Pcmt1	Zc3h15	0.534
Serbp1	Npm1	0.534
Snrpd1	Fam192a	0.534
Etf1	Eif4b	0.534
Uso1	Copz1	0.534
Cct5	Psmc2	0.534
Tpp2	Fkbp4	0.533
Actb	Pfdn5	0.533
Pa2g4	Cct7	0.533
Canx	Casp3	0.533
Timp1	A2m	0.533
Pdhb	Fbp1	0.533
Acaca	Hsd17b4	0.533
Cct6a	Ppp2cb	0.533
Nae1	Ube2g1	0.533
Lsm4	Ddx46	0.533
Fnta	Nap1l4	0.533
Napa	Ap1s1	0.533
Sptbn1	Tpm3	0.533
Vars	Rpl14	0.533
Actr3	Iqgap1	0.533
Pgk1	Atp5d	0.533
Txnl1	Psmb4	0.533
Hsph1	Ptges3	0.533
Tars	Rpsa	0.532
Tmod3	Twf2	0.532
Gart	Thnsl2	0.532
Sec22b	Rpn1	0.532
Sord	Fbp1	0.532
Ppa1	Mrto4	0.532
Sec13	Gps1	0.532
Eif1ax	Rps28	0.532
Anp32a	Hmgb2	0.532
Nme1	Rps28	0.532
Tceb2	Sat2	0.532
Rab21	Rabggtb	0.532
Hnrnpu	Nono	0.532
Uba3	Cops8	0.532
Txnl1	Zc3h15	0.532
Metap1	Rps21	0.532
Fkbp3	Rtraf	0.532
Trappc3	Rabif	0.532
Rps3a	Ipo7	0.532
Tceb1	Psmc4	0.531
Sumo2	Atad5	0.531
Gnb2l1	Paip1	0.531
Ssbp1	Ppif	0.531
Tcp1	Eif3e	0.531
Hnrnpl	Hnrnpdl	0.531
Col5a1	Ccdc80	0.531
Gns	Lamp2	0.531
Xdh	Arsb	0.531
Ruvbl1	Cops6	0.531
Srrt	Pabpn1	0.531
Ykt6	Copz2	0.531
Myh9	Arpc1a	0.531
Cops5	Eif1ax	0.531
Nudt19	Zadh2	0.531
Myh9	Twf2	0.531
Tpi1	Ndufv2	0.531
Cct5	Rpl27	0.531
Npm1	Rps25	0.531
Hsp90aa1	Psmc5	0.531
Actb	Rps19	0.531
Actb	Rpl18	0.53
Sec13	Atp6v1c1	0.53
Eif4e	Casp3	0.53
Rbmxl1	Nono	0.53
Cops2	Polr2i	0.53
Rbmxl1	Snrnp200	0.53
Col15a1	Itgb1	0.53
Rps16	Atp5d	0.53
Brk1	Nedd8	0.53
Anxa5	Stat1	0.53
Serpinh1	Timp1	0.53
Vps35	Ap1g1	0.53
Sptbn1	Uso1	0.53
Mlec	Canx	0.53
Col6a1	P4ha1	0.529
Sec13	Atp6v1b2	0.529
Hnrnpk	Snrpg	0.529
Napa	Ap1m1	0.529
Cct5	Tars	0.529
Tpm3	Actr3	0.529
Psmb4	Tceb1	0.529
Ppp1ca	Guk1	0.529
Pa2g4	Ruvbl1	0.529
Tln1	Anxa2	0.529
Psmc3	Edf1	0.529
Abhd10	Abhd14b	0.529
Etf1	Eif4h	0.529
Nono	Khsrp	0.529
Cct6a	Dnaja1	0.529
Eif2s3x	Cct7	0.529
Dync1h1	Mad2l1	0.529
Cops5	Eif2s2	0.529
Prosc	Pdxp	0.529
Sod1	Mapk14	0.529
Sord	Dhdh	0.529
Psmb7	Rpl27	0.528
Hsd17b4	Akr1d1	0.528
Pfdn1	Polr2e	0.528
Actb	Ywhah	0.528
Actb	Tjp2	0.528
Gart	Pts	0.528
Serping1	Plat	0.528
Sptbn1	Napa	0.528
Col6a1	Fstl1	0.528
Ybx1	Pabpn1	0.528
Mapk14	Timp1	0.527
Hsp90aa1	Iqgap1	0.527
Eif2s3x	Vars	0.527
Gpc4	Xylt1	0.527
Sptbn1	Copz1	0.527
Dld	Hibch	0.527
Lrp1	Anxa2	0.527
Atp6v1f	Nedd8	0.527
Cttn	Plxdc2	0.527
Cars	Alad	0.527
Ube2v2	Nedd8	0.526
Cct5	Etf1	0.526
Tpi1	Rplp0	0.526
Otub1	Cops6	0.526
Actb	Nono	0.526
Sec13	Rab1b	0.526
Sord	Aplp2	0.526
Psmb7	Cops6	0.526
Napa	Copz1	0.526
Tars	Rps13	0.526
Timp1	Tmsb4x	0.526
Cyct	Immt	0.526
Tcp1	Psmd6	0.526
Mbtps1	Pcsk9	0.526
Psmc2	Ppp2ca	0.526
Eif4a3	Hnrnpm	0.526
Hnrnpf	Tardbp	0.526
Actb	Acaca	0.526
Usp9x	Cops5	0.526
Wdr5	Nae1	0.525
Xdh	Mapk14	0.525
Gpx7	Ccs	0.525
Dnajc10	Dnajc8	0.525
H6pd	Psph	0.525
Dpp7	Glb1	0.525
Col18a1	Cxcl5	0.525
Iqgap1	Tjp2	0.524
Rps3	Ppa1	0.524
Mapk14	Eif4e	0.524
Vars	Rps18	0.524
Rps3a	Psmd14	0.524
Hmgb1	Lgals9	0.524
Ybx1	Eif4a3	0.524
Fstl1	Serpinh1	0.524
Hnrnpk	Snrpd2	0.524
Ube2g1	Cdc34	0.524
Rbmxl1	Tardbp	0.523
Pitrm1	Pdhb	0.523
Spp1	Cxcl1	0.523
Mdh1	Adh5	0.523
S100a6	Itgb1	0.523
Hnrnpk	Caprin1	0.523
Nes	Jag1	0.523
Fkbp4	Ppih	0.523
Uso1	Copz2	0.523
Gmfb	Twf2	0.523
Eftud2	Ruvbl1	0.523
Chmp4b	Pdcd6	0.522
Arpc2	Gnb1	0.522
Fga	Mapk1	0.522
Col5a2	P4ha1	0.522
Rps3	Cops6	0.522
Ywhag	Pkp1	0.522
Cs	Hibch	0.522
Pafah1b1	Galnt1	0.522
Cul1	Psmc4	0.522
Serping1	Apoe	0.522
Hist1h2ba	Sumo2	0.522
Hist1h2ba	Supt16h	0.522
Actb	Hnrnpm	0.522
Cops5	Psmb7	0.522
Asl	Thnsl2	0.522
Sec13	Atp6v1g1	0.522
Cops4	Plrg1	0.522
Anxa2	S100a13	0.521
Nme1	Rps16	0.521
Cops2	Polr2h	0.521
Ndufv2	Nfu1	0.521
Cyct	Cryz	0.521
Sord	Cryl1	0.521
Fus	Smarcb1	0.521
Col6a2	Mrc2	0.521
Gart	Cct7	0.521
Fh	Adss	0.521
Col12a1	P4ha1	0.521
Pdia4	Anxa5	0.521
Tceb2	Psmc4	0.52
Rrbp1	Rpl27	0.52
Lman2	Ykt6	0.52
Tceb2	Psmc5	0.52
Dctn3	Rab18	0.52
St13	Ppp5c	0.52
Col12a1	Col18a1	0.52
Pafah1b1	Rab18	0.52
Ipo7	Rps21	0.52
Blmh	Edf1	0.52
Rplp0	Psmc4	0.52
Myg1	Mrto4	0.52
Gart	Me2	0.519
Cct7	Sumo2	0.519
Ola1	Rps13	0.519
Cct7	Psmb4	0.519
Hsp90aa1	Stat1	0.519
Snrnp200	Eif4g1	0.519
Pa2g4	Eif2s2	0.519
Cox5b	Atp6v1f	0.519
Polr2h	Tceb1	0.519
Eif4h	Hnrnpm	0.519
Nenf	Nucb2	0.519
Sdha	Rps18	0.519
Psmc3	Ube3a	0.519
Rpsa	Atp5d	0.519
Lyz2	Ccl2	0.519
Actb	Rps20	0.519
Cct6a	Ppp2ca	0.519
Cars	Nap1l4	0.519
Fkbp3	Rpl14	0.518
Ola1	Rpsa	0.518
Bcat2	Mri1	0.518
Psma6	Tceb2	0.518
Aco2	Clybl	0.518
Dld	Atp6v1f	0.518
Canx	Psmb10	0.518
Vars	Eif2s2	0.518
Tars	Rps20	0.518
Myh11	Efemp2	0.518
Asl	Gart	0.518
Cct7	Rps13	0.518
Pgk1	Gart	0.518
Txnl1	Eif1ax	0.518
Sec13	Eif4e	0.518
Ccl2	Itgb1	0.518
Snrpd3	Mtap	0.518
Chordc1	Ptges3	0.518
Hsph1	Cryab	0.518
Ppp2ca	Psmc4	0.518
Polr2h	Gps1	0.517
Pgd	Fbp1	0.517
Pa2g4	Cct6a	0.517
Ppp2cb	Psmb4	0.517
Ncl	Wdr5	0.517
Uso1	Lman2	0.517
Hmgb1	Anxa5	0.517
Ptma	Rps17	0.517
Atp6v1g1	Nedd8	0.517
Chordc1	Cdc37	0.517
Lama2	Lgals3	0.516
Psmc2	Rps19	0.516
Ndufv2	Timm8b	0.516
Ywhae	Gnb1	0.516
Cct5	Hsph1	0.516
Pgd	Mdh1	0.516
Uba3	Wdr5	0.516
Psmc5	Rps13	0.516
Gart	Rpl14	0.516
Ppa1	Rplp0	0.516
Iars	Sdcbp	0.516
Gnb2l1	Iqgap1	0.516
Psmd12	Zc3h15	0.516
Cct6a	Dnaja2	0.516
Tgfb1	Cxcl5	0.516
Isca2	Timm9	0.515
Prdx5	Abhd10	0.515
Ap1s1	Rab5c	0.515
H6pd	Cryz	0.515
H2-K1	Gbp2	0.515
Sod1	Matr3	0.515
Tcp1	Rpsa	0.515
Rps18	Nedd8	0.515
Sptbn1	Ykt6	0.515
Cct5	Glrx3	0.515
Ywhag	Rps16	0.515
Flnb	Pgk1	0.515
Rps16	Ptma	0.515
Ublcp1	Nedd8	0.515
Rbbp7	Dcun1d1	0.515
Syncrip	Rbm3	0.515
Rps3	Sdha	0.515
Eftud2	Tardbp	0.515
Lgals3	Anxa5	0.515
Col5a2	Timp1	0.515
Mapk14	Adam17	0.515
Tpr	Hist1h1a	0.515
Mapk1	Ppp5c	0.515
Snrpd1	Tardbp	0.515
Ola1	Eif1ax	0.515
Rplp0	Eif3h	0.515
Syncrip	Matr3	0.515
Cul1	Psmc3	0.515
Cct7	Tceb1	0.515
Nes	Tgfb1	0.515
Psmc4	Eif2s2	0.514
Naa25	Ipo7	0.514
Ppp2ca	Psmd14	0.514
Npm1	Rps16	0.514
Lmnb1	Ppp2ca	0.514
Hnrnpk	Pura	0.514
Rps18	Eif4g1	0.514
Eif3a	Psmd14	0.514
Rps3	Cops5	0.514
Sec22b	Rab18	0.514
Zc3h15	Rps25	0.514
Metap1	Hmgn2	0.514
Polr2h	Cops8	0.514
Ppp5c	Tpd52l2	0.513
Psmc4	Rps14	0.513
Ywhae	Hmgb1	0.513
Psmd6	Cct7	0.513
Nme1	Rps3a	0.513
Neu1	Lamp1	0.513
Prdx5	Txnrd2	0.513
Cops4	Polr2i	0.513
Ywhae	Pdhb	0.513
Rtraf	Hnrnpdl	0.513
Tceb2	Polr2h	0.513
Hsp90aa1	Brk1	0.513
Timp1	Anxa2	0.512
Eftud2	Atp5d	0.512
Pdia4	Sdf2	0.512
Plaa	Cdc73	0.512
Ncl	Rps3a	0.512
Casp3	Pcsk9	0.512
Adamts1	Adam17	0.512
Col5a1	Lama2	0.512
Gart	Parp1	0.512
Timp1	Apoe	0.512
Metap1	Rps25	0.512
Uqcrfs1	Eif3h	0.512
Sec22b	Asna1	0.512
Serping1	Gbp2	0.511
Thnsl2	Phgdh	0.511
Eif4h	Rps17	0.511
Srrt	Khsrp	0.511
Myh11	Apoe	0.511
Bola1	Timm9	0.511
Hibch	Decr1	0.511
Jag1	Mfap2	0.511
Ppa1	Polr2e	0.51
Napa	Mcfd2	0.51
Atp6v1g1	Srp14	0.51
Rbm3	Rplp0	0.51
Tuba3a	Chmp4b	0.51
Fkbp3	Rps20	0.51
Fh	Fbp1	0.51
Rps3	Pfdn5	0.51
Ppp2r4	Ppp1cc	0.51
Uqcrfs1	Dnaja2	0.51
Rbm3	Eif4a3	0.51
Lman2	Napa	0.51
Ipo7	Nutf2	0.51
Ncl	Hmgn2	0.509
Mtr	Adi1	0.509
Tpr	Snrpd1	0.509
Dctn2	Galnt1	0.509
Eif4b	Caprin1	0.509
Dnajc8	Nedd8	0.509
Eif3a	Tardbp	0.509
Ykt6	Mcfd2	0.509
Vps35	Immt	0.509
Taldo1	Rpsa	0.509
Rps19	Psmd14	0.509
Xdh	Ccl2	0.509
Apoe	Cryab	0.509
Psmd6	Plrg1	0.509
Arf4	Dctn3	0.509
Ccs	Glrx	0.509
Ppa1	Ndufv2	0.509
Pdia6	Cops4	0.509
Cct7	Rps19	0.509
Aco2	Glrx	0.508
Hmgb1	Mif	0.508
Etf1	Rps18	0.508
Hadh	Pdhb	0.508
Aco2	Rps13	0.508
Hnrnpf	Nono	0.508
Sdcbp	Anxa5	0.508
Npm1	Casp3	0.508
Caprin1	Fus	0.508
Hnrnpk	Cct7	0.508
Ywhae	Matr3	0.508
Lyz2	Pf4	0.508
Gnb2l1	Rrbp1	0.507
Glod4	Tpi1	0.507
Psmd14	Sumo2	0.507
Cops5	Ruvbl1	0.507
Actr3	Tcp1	0.507
Lsm8	Prpf19	0.507
Usp9x	Cul1	0.507
St13	Hsph1	0.507
Flnb	Hsp90aa1	0.506
Eif1ax	Rps19	0.506
Rps3	Psmc4	0.506
Sptbn1	Twf2	0.506
Ola1	Iars	0.506
Nae1	Cops8	0.506
Iars	Rps20	0.506
Apoa1bp	Lsm2	0.506
Ap1g1	Napa	0.506
Neo1	Aplp2	0.506
Actb	G6pdx	0.506
Jup	Ruvbl1	0.505
Syncrip	Khsrp	0.505
Otub1	Ube2l3	0.505
Pgd	Grhpr	0.505
Rps16	Ak1	0.505
Timp1	Vcan	0.505
Serbp1	Eif4e	0.505
Sptbn1	Cope	0.505
Akr7a2	Akr1d1	0.505
Psmb4	Eif4h	0.505
Apoe	Fabp4	0.505
Hmbs	Rplp0	0.505
Psmd12	Eif2s2	0.505
Syncrip	Nono	0.505
Jup	Myh9	0.505
Glrx3	Prdx5	0.505
Rpsa	Paip1	0.505
Pdia4	Cct7	0.505
Psmb7	Eif2s2	0.504
Arpc2	Itgb1	0.504
Napa	Sort1	0.504
Uchl5	Cops6	0.504
Rps14	Ak1	0.504
Mat2a	Vars	0.504
Scrn2	Abhd14b	0.504
Dnajc10	Rps18	0.504
Gnb2l1	Nedd8	0.504
Sort1	Tardbp	0.504
Apoe	Pf4	0.504
Hmgb1	Cxcl1	0.504
Mat2a	Tpi1	0.504
Nsfl1c	Psmc4	0.504
Mov10	Ybx3	0.504
Dync1h1	Galnt1	0.504
Strap	Cct6a	0.504
Tpi1	Mif	0.504
Eif4a3	Polr2e	0.503
Rps18	Ak1	0.503
Hsp90aa1	Cdc34	0.503
Dak	Fbp1	0.503
Lamp2	Casp3	0.503
Eif4h	Rps14	0.503
Cct7	Psmc2	0.503
Mapk1	Ppif	0.503
Spp1	Mapk14	0.503
Sptbn1	Copz2	0.503
Bola1	Polr2i	0.503
Psmb4	Lamp1	0.503
Cops4	Ruvbl1	0.503
Cops8	Eif3h	0.503
H6pd	Galk1	0.502
Hnrnpf	Hnrnpa0	0.502
Eif4g1	Caprin1	0.502
Ppp2r4	Ppp1cb	0.502
Col6a1	Ccdc80	0.502
H6pd	Mdh1	0.502
Pcmt1	Grhpr	0.502
Cct7	Gng12	0.502
Ube2v2	Hist1h2ba	0.502
Gart	Fh	0.502
Sod1	Apoe	0.502
Stip1	Rpsa	0.502
Ccl2	Fabp4	0.502
Lamp2	Rab5c	0.502
A2mp	Gc	0.502
Lyz2	Lgals3	0.502
Stip1	Sugt1	0.502
Hmgb1	Cyct	0.502
Hint1	Timm8b	0.502
Tcp1	Gng12	0.501
Rbbp7	Polr2e	0.501
Rps20	Nedd8	0.501
Col6a2	Spp1	0.501
Nsfl1c	Cops8	0.501
Hnrnpu	Sf3a1	0.501
Napa	Copz2	0.501
Canx	Itm2b	0.501
Sptbn1	Rab1b	0.501
Tln1	Rabif	0.501
Galnt1	Dctn3	0.501
Tgfb1	Lif	0.501
Apoe	Cd81	0.501
Dync1h1	Actb	0.501
Hnrnpk	Hmgb1	0.501
Gns	Ap1m1	0.501
Hint1	Guk1	0.501
Serbp1	Cct7	0.501
Ppp2ca	Psmc5	0.5
Dak	Sord	0.5
Hint1	Mif	0.5
Stip1	Edf1	0.5
Casp3	Cxcl1	0.5
Iars	Asna1	0.5
Arglu1	Tardbp	0.5
Snrpd2	Rps21	0.5
Wdr5	Dcun1d1	0.5
Col1a2	Copz2	0.5
Psmb7	Eif3e	0.5
Ppp1cc	Rpl14	0.5
Hnrnpk	Npm1	0.5
Eif4a3	Psmc4	0.5
Psmd14	Rps13	0.5
Ybx3	Glrx	0.5
Apoa1bp	Nudt19	0.5
Actb	Set	0.5
Spp1	Tgfb3	0.5
Hnrnpf	Snrpd3	0.499
Ptrf	Polr2e	0.499
Gart	Rps20	0.499
Pafah1b1	Mad2l1	0.499
Cct6a	Gng12	0.499
Mapk14	Itgb1	0.499
G6pdx	Sdha	0.499
Ube2v2	Parp1	0.499
Tpi1	Nme1	0.499
Lrp1	Serpini1	0.499
Pgk1	Hmbs	0.499
Pgk1	Dld	0.499
Ube2l3	Brk1	0.499
Tuba3a	Chmp3	0.499
Tuba3a	Chmp2a	0.499
Hnrnpk	Anxa2	0.499
Cs	Psmc5	0.499
Ptrf	Polr2h	0.499
Sec23a	H2-K1	0.499
H2-K1	Sec13	0.499
H2-K1	Sec31a	0.499
Dnajc10	Rpsa	0.498
Cct5	Rpl18	0.498
Lman2	Canx	0.498
Ipo4	Ranbp3	0.498
Pgk1	Gnb2l1	0.498
Psmc4	Ube3a	0.498
Serpinf1	Timp1	0.498
Iars	Eif2s2	0.498
Eftud2	Iars	0.498
Mapk14	Tardbp	0.498
Ube2n	Eif4e	0.498
Ywhae	Cct7	0.498
Fkbp4	Chordc1	0.498
Hnrnpk	Eif4e	0.498
Plat	Casp3	0.497
Pgd	Me2	0.497
Cct7	Dnaja2	0.497
Sf3a1	Psmc4	0.497
Hnrnpl	Snrpd3	0.497
Npm1	Rps14	0.497
Apoe	Tardbp	0.497
Sod1	Cryab	0.497
Rps19	Eif4h	0.497
Tcp1	Set	0.497
B4galt1	Mgat2	0.497
Spp1	Cxcl5	0.497
Psma6	Psmd9	0.497
Cul1	Psmb4	0.497
Neo1	Cbln4	0.496
Thumpd1	Plrg1	0.496
Ssbp1	Lsm6	0.496
Tln1	Fga	0.496
Psmd14	Rps14	0.496
Ncl	Canx	0.496
Glrx3	Tars	0.496
Cs	Uqcrh	0.496
Tpi1	Mrto4	0.496
Rps3a	Rrbp1	0.496
St13	Ola1	0.496
Ap1g1	Arpin	0.496
Rps14	Atp5d	0.495
Rps20	Impa2	0.495
Eif2s3x	Mrto4	0.495
Ccl2	Tgfb3	0.495
H6pd	Phgdh	0.495
Eif4a3	Rpl27	0.495
Tars	Eftud2	0.495
C4b	Apoe	0.495
Hnrnpl	Pabpn1	0.495
Syncrip	Snrpd2	0.495
Tcp1	Psmc4	0.495
H6pd	Gpd1	0.495
Rps16	Psmd14	0.495
Ppa1	Rbbp7	0.495
Dpp3	Mvp	0.495
Ncl	Rps8	0.495
Hsph1	Cdc37	0.495
Man2c1	Ctbs	0.495
Gnb2l1	Cops5	0.494
Casp3	Tardbp	0.494
Hmgb1	Rps19	0.494
Cspg4	Myh11	0.494
Cdc37	Hnrnpm	0.494
Lmnb1	Hist1h1a	0.494
Eif3e	Rpl22	0.494
Rpl18	Eif3e	0.494
Npl	Nanp	0.494
Npm1	Rpl14	0.494
Trappc3	Sec31a	0.494
Eif4h	Snrpg	0.494
Ssbp1	Rps14	0.494
Ywhag	Sdcbp	0.494
Lasp1	Crkl	0.494
Rps18	Zc3h15	0.494
Stat1	Cxcl5	0.494
Chmp4b	Cryab	0.494
Htra1	Tgfb1	0.494
Timm8b	Timm50	0.494
Ybx1	Rps8	0.494
Gnb2l1	Ola1	0.493
Pa2g4	Hmbs	0.493
Apoa1bp	Sdha	0.493
Syncrip	Prpf19	0.493
Psmd6	Tceb1	0.493
Spp1	Casp3	0.493
Ipo7	Mapk14	0.493
Ybx2	Dnaja2	0.493
Gart	Tbc1d15	0.493
Gart	Apoa1bp	0.493
Dnajc10	Txnrd2	0.493
Rpsa	Eif4h	0.493
Hmgb1	Parp1	0.492
Edf1	Atp5d	0.492
Hsp90aa1	Lmnb1	0.492
Tpi1	Cox5a	0.492
Tcp1	Hsph1	0.492
Tpi1	Iars	0.492
Pgk1	Cct7	0.492
Sf3a1	Tardbp	0.492
Actb	Tgfb3	0.492
Ncl	Lgals3	0.492
Fkbp3	Rps21	0.492
Ccl2	Adam17	0.491
Csrp1	S100a6	0.491
Cct7	Hsph1	0.491
Cnn3	Tmod3	0.491
Hsp90aa1	Lgals3	0.491
Rps19	Cops6	0.491
Zc3h15	Rpl22	0.491
Ruvbl1	Snrpd1	0.491
Fbp1	G6pdx	0.491
Ahcy	Tpi1	0.491
Ccs	Prpf19	0.491
Lsm4	Fus	0.491
Eif1ax	Mrto4	0.491
Sord	Fabp9	0.491
Col15a1	Lama2	0.491
Timp1	Efemp2	0.491
Ndufv2	Adi1	0.491
Actb	Tardbp	0.49
Fgl2	Procr	0.49
Dnajc10	Rps14	0.49
Rbbp7	Cops6	0.49
Eif4a3	Sf3a1	0.49
Actb	Plat	0.49
Fbp1	Sdha	0.49
Ppp2cb	Psmc3	0.49
Aplp2	Apoe	0.49
Lamp2	Atp6v1b2	0.49
Psph	Thnsl2	0.49
Col5a1	Fbln1	0.49
Actb	Fus	0.49
Pfdn5	Rps25	0.49
Eif4a3	Snrpg	0.49
Psmd12	Ube3a	0.49
Psma6	Cul1	0.489
Rexo2	Polr2i	0.489
Actb	Lif	0.489
Actb	Cnn3	0.489
H6pd	Uap1	0.489
Cops2	Psmc4	0.489
Eif3e	Hnrnpm	0.489
Actb	Rps3a	0.489
Fkbp3	Rps8	0.489
Aco2	Gpx7	0.489
Ncl	Hist1h2ba	0.489
Eftud2	Rbmxl1	0.489
Fkbp3	Rps3a	0.489
Xylt1	Vcan	0.489
Ipo7	Eif2s2	0.488
Vps26a	Tbc1d15	0.488
Cyct	Txnrd2	0.488
Caprin1	Nutf2	0.488
Nes	Aldh1l1	0.488
Cs	Ppif	0.488
Psma6	Eif3e	0.488
Tcp1	Rps8	0.488
Psmd12	Ppp2ca	0.488
Gart	Mtap	0.488
Cspg4	Xylt1	0.488
Ywhae	Stat1	0.488
Pgk1	Sord	0.488
Taldo1	Galk1	0.488
Ppih	Prpf19	0.488
Uqcrh	Atp6v1f	0.487
Stat1	Lif	0.487
Psma8	Ppp2cb	0.487
Fkbp3	Rps28	0.487
Psma8	Ppp2ca	0.487
Prdx5	Dnajc10	0.487
Ppp1cb	Rpl14	0.487
Dcun1d1	Cops8	0.487
Dnaja1	Canx	0.487
Pabpn1	Arglu1	0.487
Sugt1	Psmd14	0.487
Dld	Sec13	0.487
Ppp2ca	Psmc3	0.487
Pa2g4	Eif4b	0.487
Col6a2	Ccdc80	0.487
Bcat2	Abat	0.487
Pdia4	Atp6v1b2	0.487
Rps3	Nme1	0.487
Ppp1cc	Rab1b	0.487
Col6a1	Nid2	0.487
Gpx7	Bax	0.487
Psmd14	Rps25	0.487
Jup	Anxa2	0.487
Mylk	Efemp2	0.486
Gart	Phgdh	0.486
Serbp1	Hmgn2	0.486
Pfdn1	Nedd8	0.486
Lrp1	Pcsk9	0.486
Mapk14	Ppm1a	0.486
Gart	Cs	0.486
Rps20	Rrbp1	0.486
Pa2g4	Hnrnpm	0.486
Ywhae	Ppp1ca	0.486
Trnt1	Iars	0.486
Gnb2l1	Isoc2a	0.486
Rplp0	Ak1	0.486
Apeh	Lypla2	0.486
Wdr5	Ybx1	0.486
Gpc4	Lrp8	0.486
Vars	Rps13	0.486
Rps14	Zc3h15	0.486
Ncl	Rplp0	0.486
Tpr	Thrap3	0.486
Flnb	Actb	0.485
Cct5	Sugt1	0.485
P4ha1	Col16a1	0.485
Cyct	Tgfb1	0.485
Lif	Cxcl1	0.485
Apoa1bp	Rps28	0.485
Stip1	Psmc4	0.485
Col5a2	Nid2	0.485
Neo1	Enah	0.485
Mcam	Tjp2	0.485
Cryl1	Ivd	0.485
Nme1	Set	0.485
Flnb	Tpm3	0.485
Syncrip	Snrpd1	0.485
Hnrnpk	Tcp1	0.485
Metap1	Rpl14	0.484
Psmc5	Asna1	0.484
Ybx1	Sdcbp	0.484
Fkbp3	Pin4	0.484
Taldo1	Eftud2	0.484
Rps20	Ak1	0.484
Anxa2	Crip1	0.484
Anxa5	Canx	0.484
Naga	Gba	0.484
Sumo2	Snrpd3	0.484
Pitrm1	Usp47	0.484
H2-K1	Itgb1	0.483
Serping1	Ctsh	0.483
Eif4b	Rps14	0.483
Syncrip	Rps28	0.483
Gps1	Psmc3	0.483
Snrpd2	Srrt	0.483
Vps35	Canx	0.483
Rps3	Sumo2	0.483
Cct5	Hnrnpu	0.483
Col6a2	P4ha1	0.483
Actb	Cct5	0.483
Pura	Fus	0.483
Ruvbl1	Pfdn5	0.483
Atp5d	Rps13	0.483
Gnb2l1	Gart	0.483
Psmc2	Tceb2	0.483
Psmd14	Rps8	0.483
Iqgap1	Mcam	0.483
Actl6a	Rbbp7	0.483
Fh	Psmd12	0.483
S100a6	Nenf	0.482
Itpa	Ak1	0.482
Hsp90aa1	Rps13	0.482
Taldo1	Blvra	0.482
Trnt1	Uba3	0.482
Ccdc58	Isca2	0.482
Matr3	Hnrnpdl	0.482
Gart	Bcat2	0.482
Dnajc8	Dnaja2	0.482
Hnrnpk	Snrnp200	0.482
Txnl1	Uchl5	0.482
Aco2	Fbp1	0.482
Cct5	Set	0.482
Rps3	Hnrnpk	0.482
Cct5	Rps19	0.482
Mtr	Mri1	0.482
Ppp2ca	Ppm1a	0.482
Eif4g1	Podxl	0.482
Syncrip	Snrpd3	0.481
Ptrf	Cttn	0.481
Usp9x	Eif1ax	0.481
Rps19	Pfdn5	0.481
Eif1ax	Rps21	0.481
Nsfl1c	Dctn2	0.481
Ybx3	Matr3	0.481
Rps3a	Eif4b	0.481
Npm1	Rps17	0.481
Pgk1	Myh9	0.481
Dnajc10	Rpn1	0.481
Wdr12	Snrpd1	0.481
Ipo4	Sec31a	0.481
Hadh	Uqcrfs1	0.481
Hnrnpu	Eif4a3	0.481
Gdf15	Cxcl1	0.481
Col5a1	Apoe	0.481
Bcat2	Hibch	0.481
Col5a2	Itga3	0.481
Pgk1	Tgfb1	0.481
Eif1ax	Eftud2	0.48
Tcp1	St13	0.48
Actb	Ppp1cc	0.48
Ttc38	Abhd14b	0.48
Psmd14	Eif4e	0.48
Rps3a	Cops6	0.48
Nes	Spp1	0.48
Taldo1	Psph	0.48
Blvra	Galk1	0.48
Gart	Iqgap1	0.48
Apoe	Ncstn	0.48
Decr1	Phgdh	0.48
Ola1	Rps14	0.48
Psmb7	Tceb1	0.48
Ipo7	Rps20	0.48
Gnb2l1	Psmd14	0.479
Metap1	Rpl27	0.479
Dld	Cox5a	0.479
Mrto4	Ak1	0.479
Supt16h	Parp1	0.479
Hmgn5	Fam192a	0.479
Mrto4	Nedd8	0.479
Pgk1	Rps20	0.479
Actb	Ppp1cb	0.479
Ppa1	Ccs	0.479
Podxl	Itga3	0.479
Sec23b	Rab1b	0.479
Cct7	Vars	0.479
Taldo1	Gart	0.479
Npm1	Snrpd1	0.479
Pura	Eif4e	0.479
Psmd9	Pcsk9	0.478
Tpr	Ncoa5	0.478
Asl	Ola1	0.478
Cct5	Eif3e	0.478
Psmd12	Tceb2	0.478
Paip1	Pabpn1	0.478
Hyou1	Rcn1	0.478
Xdh	Apoe	0.478
Pgd	Phgdh	0.478
Ywhae	Rplp0	0.478
Col5a1	Pf4	0.478
Pgk1	Phgdh	0.478
Rabif	Arf4	0.478
Htra1	Psmc3	0.478
Rars	Eif2s3x	0.477
Myh9	Ddr1	0.477
Rars	Polr2h	0.477
Gnb2l1	Metap1	0.477
Rps21	Uqcrh	0.477
Pfdn5	Snrpg	0.477
Gns	Arsb	0.477
Pfdn5	Rps28	0.477
Cct7	Polr2e	0.477
Lama2	Rpsa	0.477
H6pd	Ppa1	0.477
Col1a2	Nid2	0.477
S100a6	Anxa5	0.477
Sec13	Arf4	0.477
Eif4a3	Gps1	0.477
Eif4a3	Lsm2	0.477
Fkbp3	Rps14	0.477
Sod1	Txnrd2	0.477
Psmc2	Ube2n	0.477
Col1a2	Actb	0.477
Psmc2	Rps13	0.477
Asna1	Nedd8	0.477
Supt16h	Rpl22	0.477
Cyb5a	Uqcrh	0.476
Tpr	Snrpd2	0.476
Ncl	Ptma	0.476
Ssbp1	Pin4	0.476
Col6a1	Timp1	0.476
Alad	Glrx3	0.476
Man2c1	Fuca2	0.476
Npm1	Sec31a	0.476
Stip1	Chordc1	0.476
Pdia6	Cct5	0.476
Fkbp4	Cct7	0.476
Canx	Mbtps1	0.476
Eif3h	Nedd8	0.476
Sord	Galk1	0.476
Rps3	Rbm3	0.476
Fstl1	Tgfb1	0.476
Mlec	Lman2	0.476
Sec13	Snrpd3	0.476
Stmn2	Tardbp	0.476
Set	Anp32b	0.475
Hsp90aa1	Tpi1	0.475
Wdr5	Pura	0.475
Psmd14	Rps28	0.475
Rps3a	Sumo2	0.475
Hnrnpu	Snrpa1	0.475
Arpc2	Acaca	0.475
Spp1	Fabp4	0.475
Nutf2	Ranbp3	0.475
Csrp1	Anxa2	0.475
Vps35	Rab5c	0.475
Cab39	Ppm1a	0.475
Psmd14	Rps20	0.475
Glrx3	Psmc3	0.475
Ccl2	Gdf15	0.475
Glrx3	Sephs1	0.475
Aplp2	Itm2b	0.474
Col1a2	Myh11	0.474
Cct6a	Psmd14	0.474
Eif4e	Rabif	0.474
Eif2s2	Nedd8	0.474
Entpd5	Ak1	0.474
Cops5	Eif3a	0.474
Ube2v1	Tceb2	0.474
Cct7	Pabpn1	0.474
Ipo4	Eif4g1	0.474
Cops2	Fxr1	0.474
Sf3a1	Srrt	0.474
Adss	Arf4	0.474
Rps3a	Ptma	0.474
Mat2a	Tcp1	0.474
Ipo7	Rps28	0.474
Actb	H6pd	0.474
Rps28	Snrpg	0.474
Rplp0	Canx	0.474
Pgk1	Rps14	0.474
Eif2s3x	Cryab	0.474
Glrx3	Clybl	0.474
Pitrm1	Nrd1	0.473
Gnb2l1	Eif1ax	0.473
Tmsb4x	Sh3bgrl3	0.473
Snrpd3	Hnrnpa0	0.473
Usp9x	Ppp2cb	0.473
Sumo2	Snrpg	0.473
Ncl	Thrap3	0.473
Vps35	Podxl	0.473
Mapk14	Bax	0.473
Syncrip	Rps16	0.473
Abhd10	Scpep1	0.473
Bcat2	Psph	0.473
Cyct	Glrx	0.473
Myh9	Hnrnpu	0.473
Hsp90aa1	Serpinh1	0.473
Cct7	Ppp1ca	0.472
Gnb1	Rplp0	0.472
Rps3	Hnrnpu	0.472
Hsp90aa1	Ppa1	0.472
Sec13	Sumo2	0.472
Tpi1	Eftud2	0.472
Caprin1	Khsrp	0.472
Ywhag	Ppp1ca	0.472
Psmc2	Tceb1	0.472
Gnb2l1	Lin7c	0.472
Fga	Timp1	0.472
Hadh	Sord	0.472
Tgfb3	Efemp2	0.472
Hsph1	Canx	0.472
Cct6a	Eif4a3	0.472
Ppp2ca	Psmb7	0.472
Tgfb1	Plat	0.472
Lrp1	Serping1	0.471
Arpc2	Vasp	0.471
Hyou1	Tcp1	0.471
Ppm1b	Ppp6c	0.471
Gba	Podxl	0.471
Pgk1	Eftud2	0.471
Serbp1	Ssbp1	0.471
St6gal1	Galnt1	0.471
Csrp1	Myl9	0.471
Snrpd2	Hnrnpdl	0.471
Lgals3	Casp3	0.471
Atp5d	Glrx	0.471
Mrto4	Ddx46	0.471
Cttn	Sdcbp	0.471
Sort1	Pcbd1	0.471
Syncrip	Hnrnpa0	0.471
H6pd	Cyct	0.471
Psmd12	Dnaja2	0.471
Wdr61	Rps28	0.471
Lmnb1	Hmgb2	0.47
Mat2a	Adi1	0.47
Rbmxl1	Sf3a1	0.47
Cops2	Tceb2	0.47
Ankfy1	Rab21	0.47
Mat2a	Adk	0.47
Rbbp7	Gps1	0.47
Cct5	Ola1	0.47
Rbbp7	Supt16h	0.47
Htra1	Mif	0.47
Pafah1b1	Cab39	0.47
Psmd12	Tars	0.47
Ncl	Matr3	0.47
Rps16	Rpn1	0.469
Arpc1a	Arpin	0.469
Gns	Siae	0.469
Rbmxl1	Snrpa1	0.469
Ppp2cb	Psmc5	0.469
Dpp7	Gba	0.469
Gba	Sumf1	0.469
Gnb2l1	Mapk1	0.469
Txnl1	Psmc5	0.469
Lrp1	Cspg4	0.469
Cops5	Wdr5	0.469
Cops5	Rps3a	0.469
Psmc5	Rps19	0.469
Cttn	Casp3	0.469
Mlec	Adi1	0.469
Cars	Ptges3l	0.469
Lsm2	Ddx46	0.469
Cs	Grhpr	0.469
Psmd6	Tceb2	0.469
Serbp1	Ptma	0.469
Lrp2	Lrp8	0.469
Ywhag	Ppp2ca	0.469
Eif4g1	Tardbp	0.469
Fkbp3	Wdr92	0.469
Psmb7	Ppp2cb	0.468
Naa50	Rpl14	0.468
H6pd	Acaca	0.468
Fkbp3	Rpsa	0.468
Hint1	Rps21	0.468
Cyct	Atp5d	0.468
Eif4a3	Rps25	0.468
Prpf19	Hnrnpm	0.468
Cct6a	Vars	0.468
Pa2g4	Glrx3	0.468
Mapk1	Brk1	0.468
Grhpr	Rps17	0.468
Mvp	Parp1	0.467
Hyou1	Cct5	0.467
Col1a2	Ccl2	0.467
Glod4	Sdha	0.467
Man2c1	Dnajc10	0.467
Pgk1	P4ha1	0.467
Grhpr	Scrn2	0.467
Col5a1	Nid2	0.467
Col18a1	Adamts1	0.467
Tgfb1	Cd81	0.467
Tpi1	Rps13	0.467
Aco2	Rpsa	0.467
Ccl2	Gba	0.467
Gnb2l1	Psmc5	0.467
Hint1	Rps18	0.467
Rpsa	Ybx1	0.467
Wdr5	Spin1	0.467
Myh9	Vasp	0.467
Fbp1	Dlst	0.467
Txnl1	Nxn	0.467
Lyz2	Cxcl1	0.467
Eif1ax	Rps8	0.467
Nenf	Sumf2	0.467
Myh9	Mylk	0.466
Rps16	Uqcrh	0.466
Cops4	Actl6a	0.466
Pitrm1	Plaa	0.466
Canx	Itgb1	0.466
Syncrip	Eif3e	0.466
Stip1	Strap	0.466
Psmc4	Rps18	0.466
Ppp1ca	Ruvbl1	0.466
Hibch	Clybl	0.466
Hmbs	Isca2	0.466
Dnaja1	Cryab	0.466
Hnrnpk	Enah	0.466
Anxa2	Tex101	0.466
Actb	Xdh	0.465
Adss	Guk1	0.465
Bpnt1	Sdcbp	0.465
Snrpd2	Ruvbl1	0.465
Pts	Pcbd2	0.465
Col6a1	Tgfb3	0.465
Rps16	Nedd8	0.465
Jup	Ccl2	0.465
St13	Dnaja1	0.465
Psma6	Ccdc58	0.465
Ptx3	Ccl7	0.465
Ywhae	Anxa2	0.465
Hsp90aa1	Fkbp3	0.465
Adk	Guk1	0.465
Jag1	Srrt	0.465
Vps35	Chmp2a	0.465
Actr3	Ywhah	0.465
Acy1	Itpa	0.465
Rps18	Cox5a	0.465
Psmd6	Wdr61	0.465
Psmb4	Rps20	0.465
Hnrnpk	Ppp1ca	0.465
Hnrnpf	Adss	0.465
Psph	Sumf2	0.465
Ppa1	Ak1	0.465
Cct6a	Dnajc10	0.464
Myh11	Tgfb1	0.464
Col4a1	Cd81	0.464
Otub1	Usp47	0.464
Rps13	Nedd8	0.464
Cct7	Eif4h	0.464
Gmfb	Arpc5	0.464
Pcbd2	Ift22	0.464
Nit2	Grhpr	0.464
Asl	Bcat2	0.464
Pgk1	Rpsa	0.464
Psmd12	Cct7	0.463
Fxr1	Hnrnpu	0.463
Tcp1	Tpi1	0.463
Pgk1	Sucla2	0.463
Cops5	Usp47	0.463
Snrpd2	Hnrnpl	0.463
Dsp	Itgb1	0.463
Dctn3	Nedd8	0.463
Snrpd2	Rps17	0.463
Mapk14	Tgfb3	0.463
Mapk14	Ppm1b	0.463
Hadh	Acaca	0.463
Thrap3	Fus	0.463
Uqcrh	Nedd8	0.463
Mrto4	Edf1	0.463
Pgk1	Adk	0.463
Eif4a3	Eif3e	0.463
Cops2	Plaa	0.463
Ddx46	Hnrnpm	0.463
Gnb2l1	Cops6	0.463
Rbmxl1	Matr3	0.463
Tceb1	Ube2g1	0.463
Eif4a3	Ruvbl1	0.463
Timp1	Pf4	0.463
Hmbs	Rps18	0.463
Npm1	Snrpg	0.463
Ptrf	Mcam	0.462
Usp9x	Ywhah	0.462
Jag1	Itgb1	0.462
Syncrip	Naa50	0.462
Snrpd2	Dnajc8	0.462
Sumo2	Cdc34	0.462
Col18a1	Tgfb1	0.462
Sod1	Ppif	0.462
Dync1h1	Ptges3	0.462
Pdia4	Ywhae	0.462
Tpm3	Arpc2	0.462
Tpi1	Me2	0.462
Psmc2	Rps3a	0.462
Fus	Khsrp	0.462
Jup	Arhgap1	0.462
Apoe	Anxa5	0.461
Aco2	Aldoc	0.461
Eif3a	Thrap3	0.461
Acy1	Apeh	0.461
Lrp8	Crkl	0.461
Etf1	Psmd14	0.461
Rars	Rps16	0.461
Sdha	Nfu1	0.461
Npm1	Eif2s2	0.461
Hsp90aa1	Pdia6	0.461
Cops5	Psmd5	0.461
Fxr1	Eif4b	0.461
Spp1	Npnt	0.461
Sec23a	Rpn1	0.461
Rps16	Paip1	0.461
Hmgb1	Npm1	0.461
Rps19	Psmc4	0.461
Hsp90aa1	Ybx1	0.46
Nqo2	Akr7a2	0.46
Eif3a	Rplp0	0.46
Rps20	Polr2e	0.46
Serbp1	Metap1	0.46
Tcp1	Rplp0	0.46
Prpf19	Hnrnpa0	0.46
Myh9	Cttn	0.46
Naa50	Rpl27	0.46
Fus	Snrpd1	0.46
Apoe	Cxcl1	0.46
Syncrip	Sf3a1	0.46
Npm1	Rpl18	0.46
Psmd6	Gart	0.46
Dnajc10	Rps13	0.46
Macf1	Crkl	0.46
Eif4a3	Rps20	0.46
Tpi1	Dnajc10	0.46
Ppp1r7	Ppp1r12b	0.46
Rps18	Eif4b	0.46
Pgk1	Rps16	0.459
Lama2	Mtr	0.459
Hsp90aa1	Ipo7	0.459
Rbmxl1	Eif3h	0.459
Cryab	Ak1	0.459
Ola1	Psmd14	0.459
Stip1	St13	0.459
Pfdn5	Polr2e	0.459
Vps35	Ehd1	0.459
Hsph1	Tardbp	0.459
Grhpr	Cyb5a	0.459
Syncrip	Snrnp200	0.459
Eif4a3	Rplp0	0.459
Tcp1	Etf1	0.459
Pgk1	Ywhae	0.459
Cct7	Tars	0.459
Gnb2l1	Ybx1	0.459
Gnb2l1	Itga3	0.459
Ipo7	Sec13	0.459
Ppa1	Rps8	0.459
Dnajc8	Snrpd3	0.459
Gart	Dnajc10	0.459
Actb	Tpi1	0.459
Actl6a	Cops6	0.459
Serpinh1	Tgfb1	0.459
Supt16h	Snrpd3	0.459
Ywhae	Tcp1	0.459
Rars	Cct6a	0.459
Apoa1bp	Ndufv2	0.459
Psmd6	Ube3a	0.459
Ncl	Paip1	0.459
Strap	Fkbp3	0.459
Metap1	Rpl22	0.459
Rpl27	Cox5a	0.459
Ola1	Rps18	0.459
Iqgap1	Vasp	0.458
Psmd12	Ppp2cb	0.458
Arpc2	Marcksl1	0.458
Ap1m1	Supt16h	0.458
Ccl7	Pf4	0.458
Polr2h	Rplp0	0.458
Psmc2	Rps8	0.458
Lif	Cxcl5	0.458
Tpr	Snrpg	0.458
Hadh	Gnb2l1	0.458
Pdia6	Serpinh1	0.458
Fga	Itgb1	0.458
Ruvbl1	Snrpa1	0.457
Vars	Srrt	0.457
Alad	Sdha	0.457
Rps18	Atp5d	0.457
Fkbp3	Rps13	0.457
Cul1	Psmb7	0.457
Taldo1	Actb	0.457
Alad	Gpx7	0.457
Actb	Hnrnpu	0.457
Ptx3	Cxcl1	0.457
Metap1	Ak1	0.457
Txnrd2	Ccs	0.457
Cul1	St13	0.457
Sf3a1	Thrap3	0.457
Macf1	Vasp	0.457
Col5a1	Tgfb1	0.457
Gba	Tardbp	0.457
Nes	Cryab	0.456
Plaa	Smarcb1	0.456
Eftud2	Ak1	0.456
Hnrnpl	Srrt	0.456
Bpnt1	Fbp1	0.456
Pdia4	Sec23b	0.456
Rps20	Atp6v1f	0.456
Tpr	Eif4e	0.456
Ube2n	Psmc5	0.456
Eftud2	Srrt	0.456
Ptrf	Tjp2	0.456
Rpsa	Uqcrfs1	0.456
Fkbp3	Eif1ax	0.456
Fgl2	Anxa5	0.456
Ruvbl1	Hint1	0.456
Mif	Cxcl5	0.456
Mapk14	Ppp2cb	0.456
Cs	Immt	0.456
Trnt1	Snrnp200	0.456
Dync1h1	Fkbp4	0.456
Cspg4	Ptprz1	0.456
Sec23b	Uba5	0.456
Cops5	Rbbp7	0.455
Ppif	Prpf19	0.455
Rbmxl1	Snrpd1	0.455
Pa2g4	Ybx1	0.455
Cops2	Ruvbl1	0.455
St6gal1	Mgat2	0.455
Cs	G6pdx	0.455
Eftud2	Polr2e	0.455
Pgk1	Stip1	0.455
Hmgcs1	Atp6v1b2	0.455
Ube2v1	St13	0.455
Ptrf	Arhgap1	0.455
Myh9	Hnrnpk	0.455
Ybx1	Gda	0.455
Eif1ax	Ssbp1	0.455
Htra1	Psmc4	0.455
Ppa1	Sdha	0.455
Cryz	Casp3	0.455
Hmgb1	Pf4	0.455
Rtraf	Snrpg	0.455
Hnrnpu	Rbm3	0.455
Gart	Psmd12	0.455
Rps3	Polr2e	0.454
Alad	Hibch	0.454
Hadh	Bcat2	0.454
Tpi1	Rpsa	0.454
Gpx7	Anxa5	0.454
Tpi1	Impa2	0.454
Tpi1	Cct5	0.454
Uso1	Sec23b	0.454
Rps16	Eif4a3	0.454
Cad	Iars	0.454
Lmnb1	Canx	0.454
Dnajc8	Sf3a1	0.454
Rps3	Ube2n	0.454
Rps28	Ccdc80	0.454
Psmd6	Ppp2ca	0.454
Sec13	Snrpg	0.454
Wdr61	Rps25	0.454
Ccl2	Gbp2	0.454
Snrpd2	Rbmxl1	0.454
Npm1	Matr3	0.454
Spp1	Mif	0.454
Tgfb3	Dsc2	0.453
Tgfb1	Mif	0.453
Itpa	Psph	0.453
Apeh	Dpp7	0.453
Gars	Rps25	0.453
Cyct	Ccl2	0.453
Snrpd3	Fus	0.453
Adk	Rplp0	0.453
Iars	Rps14	0.453
Psmc2	Ppp2cb	0.453
Rbbp7	Cops8	0.453
Etf1	Paip1	0.453
Itgb1	Lamp1	0.453
Spp1	Gdf15	0.453
Ech1	Atp5d	0.453
Fh	Cct5	0.453
Hnrnpu	Snrnp200	0.453
Actb	Ppp2ca	0.453
Psma6	Ube2v2	0.453
Plat	Adamts1	0.452
Dsp	Tceb1	0.452
Cul1	Sugt1	0.452
Ncl	Rps19	0.452
Psmb4	Lamp2	0.452
Stip1	Psmc3	0.452
Eif3e	Nedd8	0.452
Itgb1	Adam17	0.452
Tcp1	Rps20	0.452
Psmd5	Cops6	0.452
Sec31a	Rpn1	0.452
Sec13	Snrpd1	0.452
H2-K1	Stat1	0.452
Fkbp3	Rpl18	0.452
Trnt1	Psph	0.452
Rpsa	Iars	0.452
Asl	Abat	0.452
Serbp1	Eif2s2	0.452
Hnrnpf	Hnrnpdl	0.452
Actb	Pabpn1	0.452
Ppa1	Itpa	0.452
Vars	Rps8	0.452
Thrap3	Matr3	0.452
Iqgap1	Rabif	0.451
H6pd	Atp5d	0.451
Ppa1	Rps18	0.451
Rps3	Snrpa1	0.451
Eif4a3	Fam192a	0.451
Rps21	Snrpa1	0.451
Actb	Rabif	0.451
Tcp1	Polr2e	0.451
Tpr	Snrpd3	0.451
Rabif	Nutf2	0.451
Rbmxl1	Snrpd3	0.451
Stip1	Gars	0.451
Mat2a	Sdha	0.451
Psmc4	Rps13	0.451
Col5a2	Efemp2	0.451
Pa2g4	Ak1	0.451
Xdh	Tgfb1	0.451
Actb	Cul1	0.451
Tars	Rps16	0.451
Aco2	Hmbs	0.451
Mrto4	Rpn1	0.451
Psma6	Cct7	0.451
Ncl	Tardbp	0.451
Rab21	Tbc1d15	0.451
Pfdn1	Timm8b	0.451
Col6a2	Nid2	0.451
Ppp1cc	Ppm1b	0.451
Ppp1cb	Ppm1b	0.451
Pdia6	Cct7	0.451
Strap	Glrx3	0.45
Blmh	Wdyhv1	0.45
Aco2	Rps16	0.45
Naa25	Psmc5	0.45
Rps3	Snrpd2	0.45
Psip1	Ybx1	0.45
Rpl14	Nedd8	0.45
Ppp2cb	Psmb10	0.45
Fbp1	Grhpr	0.45
Xylt1	B4galt1	0.45
Mdh1	Gart	0.45
Dlst	Immt	0.45
Ppp2ca	Psmb10	0.45
Sec22b	Lamp1	0.45
Nme1	Anp32a	0.45
Rbm3	Hnrnpm	0.45
Cops2	Actl6a	0.45
Wdr5	Cops6	0.45
G6pdx	Ccl2	0.45
Ssbp1	Polr2e	0.45
Vars	Hmgn2	0.45
Hsp90aa1	Eif3a	0.45
Cops5	Rps8	0.45
Sptbn1	Epb41l2	0.449
Sord	Adk	0.449
Fkbp3	Rpl27	0.449
Col6a2	Rrbp1	0.449
Lap3	Ppa1	0.449
Trnt1	Cars	0.449
Jup	Ptrf	0.449
Ruvbl1	Smarcb1	0.449
Gnb2l1	Psmc4	0.449
Rps19	Wdr12	0.449
Syncrip	Eftud2	0.449
Mapk1	Ptges3	0.449
Tcp1	Psmb7	0.449
Psmb4	Ccs	0.449
Paip1	Rps8	0.449
Cops6	Rps8	0.449
Pa2g4	Eif2s3x	0.449
Eif3a	Cops6	0.448
Snrpd2	Pfdn1	0.448
Mdh1	Gpd1l	0.448
Cct7	Iars	0.448
Tsnax	Psmd14	0.448
Rps21	Snrpg	0.448
Taldo1	Sucla2	0.448
Bcat2	Sdha	0.448
Hmgb1	Rps14	0.448
Pgd	Asl	0.448
Ruvbl1	Prpf19	0.448
Nit2	Ccbl2	0.448
Eif4e	Tardbp	0.448
Pgd	Acaca	0.448
Ccl2	Procr	0.448
Rps3a	Atp6v1f	0.448
Syncrip	Eif2s2	0.448
Aco2	Ivd	0.448
Cad	Tpi1	0.448
Alad	Iars	0.448
Dsp	Myh11	0.448
Pgd	Sdha	0.448
Myh9	Itgb1	0.448
Syncrip	Ipo7	0.448
Cs	Gpx7	0.448
Tcp1	Iars	0.448
Glrx3	Pts	0.448
Gm2a	Glb1	0.448
Stip1	Ptges3l	0.448
Dnajc10	Anxa5	0.448
Dnajc10	Txndc12	0.448
Ptma	Khsrp	0.448
Lgals3	St6gal1	0.447
Rplp0	Nedd8	0.447
Hsp90aa1	Psmc4	0.447
Cops4	Psmc4	0.447
Psma6	Pfdn5	0.447
Aco2	Sord	0.447
Psma6	Cops2	0.447
Lgals3	Rps8	0.447
Ncl	Pabpn1	0.447
Ipo7	Snrnp200	0.447
Actb	Cs	0.447
Sod1	Mdh1	0.447
Flnb	Cnn3	0.447
Pgk1	Cct6a	0.447
Lmnb1	Tjp2	0.447
Ywhah	Ppp2ca	0.447
Fst	Gdf15	0.447
Atp6v1f	Vps28	0.447
Naa50	Rpl18	0.447
Hsp90aa1	Gart	0.446
Apoe	Cyb5a	0.446
Cct5	Iars	0.446
Mrto4	Eif3e	0.446
Dpp7	Timm8b	0.446
Dld	Psmd14	0.446
Pdia4	Sec23a	0.446
Hsp90aa1	Rps3a	0.446
Eif4e	Rps25	0.446
Ube2n	Atad5	0.446
Fh	G6pdx	0.446
Psmc2	Cops8	0.446
Lman2	Uap1	0.446
Ipo4	Eif3a	0.446
Tceb2	Trappc2l	0.446
Cope	Chmp2a	0.446
Ccs	Heph	0.445
Ptges3	Dctn2	0.445
Rbmxl1	Snrpg	0.445
Col15a1	P4ha1	0.445
Syncrip	Eif4a3	0.445
Kpna3	Nutf2	0.445
Itpa	Rplp0	0.445
Lsm4	Rps28	0.445
Parp1	Pcsk9	0.445
Snrpd2	Fus	0.445
Ybx1	Tardbp	0.445
Hist1h2ba	Hist1h1a	0.445
Psmc2	Ptges3	0.445
St13	Cdc37	0.445
Psmc5	Tceb1	0.445
Sugt1	Ptges3l	0.445
Psmd12	Gps1	0.445
Eif3a	Ddx46	0.445
Fkbp4	Mapk1	0.445
Pdia4	Txndc12	0.445
Bcat2	Thnsl2	0.444
Eftud2	Atp6v1b2	0.444
Snrpd1	Hnrnpa0	0.444
Hint1	Rps28	0.444
Set	Ranbp3	0.444
Pa2g4	Ola1	0.444
Sec13	Psmd14	0.444
Serbp1	Rbm3	0.444
Actb	Rps21	0.444
Usp9x	Ppp1r12b	0.444
Cops2	Wdr5	0.444
Tcp1	Eif2s2	0.444
Actr3	Dctn2	0.444
Rpl22	Nedd8	0.444
Rbmxl1	Plrg1	0.444
Hmgb1	Ruvbl1	0.444
Psmd6	Acy1	0.444
Snrpg	Rpl14	0.444
Syncrip	Strap	0.443
Hexb	Fuca1	0.443
Tcp1	Phgdh	0.443
Xdh	Glrx	0.443
Chmp2a	Nedd8	0.443
Psmc2	Cops5	0.443
Psmb4	Rps21	0.443
Ncl	Eftud2	0.443
Hsp90aa1	Cs	0.443
Cct7	Nono	0.443
Cope	Arpc1a	0.443
Mapk1	Parp1	0.443
H6pd	Gpd1l	0.443
Glod4	Fh	0.443
Gart	Tars	0.443
Dld	Dnajc10	0.443
Mrto4	Adss	0.443
Hmgb1	Apoe	0.443
Lsm4	Hnrnpm	0.443
Actr3	Dpysl3	0.443
Ppa1	Eftud2	0.442
Psmc2	Rplp0	0.442
Sod1	Rps16	0.442
Tceb2	Pfdn5	0.442
Rps3	Paip1	0.442
Col6a2	Mfap2	0.442
Eif2s3x	Psmd14	0.442
Sucla2	Gpd1l	0.442
Tcp1	Psmc5	0.442
Mat2a	Mri1	0.442
Tln1	Lamp2	0.442
Gnb2l1	Psmc3	0.442
Col5a1	Tgfb3	0.442
H6pd	Hadh	0.442
H6pd	Hmgcs1	0.442
Tgfb1	Vcan	0.442
Snrpd2	Sec13	0.442
Ppp2ca	Psmd5	0.442
Npm1	Rps13	0.442
Myh11	Mcam	0.442
Tpi1	Cct7	0.442
Uba3	Mob4	0.442
Hnrnpf	Snrpd2	0.442
Glrx3	Eif1ax	0.442
Txndc12	Vars	0.442
Sec23b	Lman2	0.442
Mylk	Ppp1r12b	0.442
Hsp90aa1	Tgfb1	0.442
Grhpr	Cryl1	0.442
Pepd	Metap1	0.441
Lrp1	Ppif	0.441
Srp14	Atp6v1f	0.441
Etf1	Ruvbl1	0.441
Psmd6	Ppp2cb	0.441
Rbbp7	Polr2h	0.441
Cops5	Sumo2	0.441
Ppp1r12b	Tsc22d1	0.441
Cul1	Psma8	0.441
Rps3	Psmb4	0.441
Psma8	Tceb1	0.441
Cryl1	Rps17	0.441
Ncl	Anp32a	0.441
Nme1	Mrto4	0.441
Ipo4	Rps8	0.441
Cdc37	Dnaja2	0.441
G6pdx	Grhpr	0.441
Npm1	Eif3h	0.441
Pgk1	Ahcy	0.441
Nit2	Fam192a	0.441
Ube2v1	Etf1	0.441
Eftud2	Hnrnpu	0.441
Cct5	Rps16	0.441
Hsp90aa1	Tceb1	0.441
Eftud2	Parp1	0.441
Glod4	Vars	0.44
Cdc37	Ddr1	0.44
Rbm3	Rps20	0.44
Actb	Adam17	0.44
Glrx3	Psmb7	0.44
Hdgf	Casp3	0.44
Sdcbp	Chmp3	0.44
Ipo7	Eif3e	0.44
Ppp2ca	Psmd9	0.44
Ipo4	Vars	0.44
Hnrnpk	Sf3a1	0.44
Eif4a3	Nap1l4	0.44
Cct7	Etf1	0.44
Gpx7	Ppif	0.44
Nsfl1c	Psmb4	0.44
Cs	Cox5b	0.44
Lamp1	Vps28	0.44
Cct7	Dnajc10	0.44
Eif4a3	Uqcrh	0.44
Psmd5	Tceb1	0.439
Fkbp3	Ppif	0.439
Psma6	Lsm8	0.439
Sec23a	Arf4	0.439
Iqgap1	Brk1	0.439
Snrpd3	Rpl18	0.439
Taldo1	Adk	0.439
Sdha	Atp6v1b2	0.439
Cops4	Wdr5	0.439
Col1a2	Apoe	0.439
Hnrnpf	Rbbp7	0.439
Ppp2cb	Eif4a3	0.439
Eif3h	Polr2e	0.439
Fkbp3	Rps19	0.439
Ssbp1	Parp1	0.439
Ppa1	Adss	0.439
Ruvbl1	Cops8	0.439
Otub1	Ube2v1	0.439
Guk1	Atp6v1f	0.438
Tgfb1	Adamts1	0.438
Hsp90aa1	Sdha	0.438
Dnaja1	Sumo2	0.438
Col1a2	Vcan	0.438
Atp6v1b2	Lamp1	0.438
Timm8b	Cox5a	0.438
Lrp2	Pcsk9	0.438
Nsfl1c	Txnl1	0.438
Col6a1	Cd81	0.438
Arhgap1	Mcam	0.438
Mapk14	Rabif	0.438
Iqgap1	Txnl1	0.438
Strap	Gars	0.438
Apoe	Lamp1	0.438
Hnrnpk	Erh	0.438
Psmc5	Prpf19	0.438
Lamp2	Apoe	0.438
Rps16	Sdcbp	0.438
Cct5	Rbmxl1	0.438
Pa2g4	Psmd14	0.438
Man2c1	Fuca1	0.438
Syncrip	Rps14	0.438
H6pd	Adh5	0.437
Snrpd1	Eif2s2	0.437
Ahcy	Rpsa	0.437
Wdr5	Gps1	0.437
Lamp2	Anxa5	0.437
Actb	Sumo2	0.437
Cops8	Tpd52l2	0.437
Ube2l3	Psmd14	0.437
Anxa2	Gc	0.437
Psmb4	Rps14	0.437
Ppp2ca	Ppp6c	0.437
Actb	Lyz2	0.437
Cs	Cryl1	0.437
Cct5	Eif3h	0.437
Tcp1	Gars	0.437
Guk1	Gda	0.437
Lama2	Col16a1	0.437
Arf4	Ift22	0.437
Nsfl1c	Ppp1ca	0.437
Iqgap1	Ptrf	0.437
Wdr5	Cops8	0.437
Anp32b	Ptma	0.436
Npm1	Eif3a	0.436
Mdh1	Atp5d	0.436
Vars	Akr7a2	0.436
Gart	Pcmt1	0.436
Eif4e	Pabpn1	0.436
Erh	Hnrnpm	0.436
Cct5	Eif3a	0.436
Syncrip	Rps13	0.436
Pgk1	Prdx5	0.436
Gmfb	Scrn2	0.436
Snx12	Ykt6	0.436
Lsm2	Rps28	0.436
Tcp1	Eftud2	0.436
Acaca	Neu1	0.436
Tceb1	Psmb10	0.436
Aco2	Apoe	0.436
Itgb1	Podxl	0.436
Cspg4	Plat	0.436
Sod1	Neu1	0.436
Rplp0	Atp5d	0.436
Thrap3	Ddx46	0.436
Cops2	Naa50	0.436
Tars	Zc3h15	0.436
Wdr92	Ppp1cb	0.435
Eftud2	Eif4h	0.435
Actb	Lasp1	0.435
Col4a1	Fbln1	0.435
Pcmt1	Psmd14	0.435
Hypk	Nedd8	0.435
Ywhae	Sumo2	0.435
Sord	Impa2	0.435
Serping1	Serpinf1	0.435
Lsm4	Eif3h	0.435
Hnrnpf	Rbm3	0.435
Psmb4	Eif4a3	0.435
Wdr61	Rpl14	0.435
Psmc4	Sri	0.435
Rps3	Psmc5	0.435
Trnt1	Rars	0.435
Taldo1	Hadh	0.435
Ppp1ca	Eif4a3	0.435
Tpm3	Naa25	0.435
Iars	Rplp0	0.435
Fkbp3	Sumo2	0.435
Man2c1	Gba	0.435
Chmp4b	Rab5c	0.435
Plrg1	Rpn1	0.434
Actb	Hist1h2ba	0.434
Rps3a	Ppp1ca	0.434
Actl6a	Gps1	0.434
Itgb1	Brk1	0.434
Stat1	Parp1	0.434
Tpm3	Sec31a	0.434
Rbmxl1	Rps20	0.434
Xdh	Aox1	0.434
Tcp1	Rbbp7	0.434
Metap1	Vars	0.434
Ipo7	Rps14	0.434
Psmd12	Txndc12	0.434
Caprin1	Hnrnpm	0.434
Psma6	Rps20	0.434
Tmsb4x	Ptgds	0.434
Cct6a	Eif2s3x	0.434
H6pd	Vars	0.434
H6pd	Ccbl2	0.434
Pfdn5	Rps21	0.434
Hnrnpu	Caprin1	0.434
Akr1b7	Akr7a2	0.434
Aco2	Cox5b	0.434
Plrg1	Nono	0.434
Ncl	Etf1	0.434
Uba3	Lin7c	0.434
Eif3h	Ext1	0.434
Psmc2	Cops6	0.433
Hyou1	Cct6a	0.433
Cops5	Plaa	0.433
Txnl1	Ublcp1	0.433
Cct5	Dnajc10	0.433
Tcp1	Tars	0.433
Adss	Rplp0	0.433
Tcp1	Rars	0.433
Dnaja2	Bag2	0.433
Pa2g4	Plrg1	0.433
Paip1	Rps28	0.433
Cul1	Psmd9	0.433
Sod1	Ccl2	0.433
Ube2g1	Nedd8	0.433
Mtr	Psph	0.433
Dnaja1	Matr3	0.433
Psmb10	Rpl27	0.432
Hnrnpu	Rps13	0.432
Ywhae	Hnrnpu	0.432
Ppp1ca	Rpl27	0.432
Psmd6	Itpa	0.432
Anxa2	Ruvbl1	0.432
Ywhae	Psmd12	0.432
Cad	Adk	0.432
Wdr61	Rps8	0.432
Armt1	Rpl18	0.432
St6gal1	Tssc1	0.432
Tpi1	Prdx5	0.432
H6pd	Xdh	0.432
Galk1	Phgdh	0.432
Snrnp200	Hnrnpa0	0.432
Serpinh1	Efemp2	0.432
Npm1	Ssbp1	0.432
Npm1	Hnrnpu	0.432
Spp1	Col18a1	0.432
Blmh	Sh3bgrl	0.432
Spp1	Anxa2	0.432
Hmgcs1	Pcsk9	0.432
Cs	Cct7	0.432
Htra1	Sema4b	0.432
Psmb4	Uqcrfs1	0.432
Psmc4	Polr2e	0.432
Cops4	Eif3h	0.432
Sema4b	Abat	0.431
Cs	Psmd14	0.431
Fkbp3	Rps25	0.431
Cct5	Vars	0.431
Fgl2	Plat	0.431
Arpc2	Grhpr	0.431
Ptprz1	Mapk14	0.431
Actb	Usp47	0.431
Psmc5	Rps8	0.431
Pa2g4	Ppm1b	0.431
Rbmxl1	Hnrnpa0	0.431
Ncl	Hnrnpdl	0.431
Actb	Twf2	0.43
Eif3e	Rpl27	0.43
Aplp2	Ppp2ca	0.43
Actb	Gba	0.43
Hmgb1	Plat	0.43
Itpa	Nudt9	0.43
Gart	Cttn	0.43
Glrx3	Dnaja2	0.43
Fabp9	Tex101	0.43
Jup	Mcam	0.43
Vps26a	Lamp2	0.43
Tuba3a	Dld	0.43
Npm1	Rps28	0.43
Sod1	Tpi1	0.43
Gnb2l1	Rbm3	0.43
Hnrnpf	Npm1	0.43
Dld	Bcat2	0.43
Adk	Mtap	0.43
C4b	Pf4	0.43
Ndufv2	Atp6v1f	0.43
Wdr61	Rpl18	0.43
Hist1h2ba	Anxa2	0.43
Sod1	Hsph1	0.429
St6gal1	Itgb1	0.429
Nfu1	Ciao1	0.429
Hsp90aa1	Rpn1	0.429
Rbmxl1	Pura	0.429
Npm1	Anxa5	0.429
Psmc2	Eif3e	0.429
Gars	Psmc4	0.429
Aco2	Gpd1	0.429
Actb	Hnrnpl	0.429
Rps3	Anxa2	0.429
Wdr61	Rps19	0.429
Prpf19	Pabpn1	0.429
Hadh	Asl	0.429
Wdr61	Rpl27	0.429
Ywhag	Iqgap1	0.429
Hsp90aa1	Rpsa	0.429
Sec23a	Cope	0.429
Jag1	Casp3	0.429
Pepd	Gda	0.428
Anxa2	Casp3	0.428
Tceb2	Psmd5	0.428
Snrpd2	Rps19	0.428
Plrg1	Hnrnpa0	0.428
Cct5	Rpl14	0.428
Ywhae	Rps20	0.428
Cul1	Psmb10	0.428
Bpnt1	Metap1	0.428
Nme1	Fkbp3	0.428
Dnaja1	Bag2	0.428
Hsp90aa1	Rplp0	0.428
Hmgb1	Wdr5	0.428
Fkbp3	Snrpa1	0.428
Rps16	Wdr61	0.428
Psma6	Ube2l3	0.428
Psmc2	Rps14	0.428
Psmd6	Tars	0.428
Paip1	Rps13	0.427
Gart	Aldh1a2	0.427
Syncrip	Eif4g1	0.427
Jup	Ube2v1	0.427
Cs	Hmbs	0.427
Usp9x	Tpm3	0.427
Myh11	Cnn3	0.427
Eif4b	Snrpg	0.427
Nae1	Cops6	0.427
Ppp1cc	Polr2e	0.427
Fstl1	Ccdc80	0.427
Ube2n	Ppp5c	0.427
Nfu1	Glrx	0.427
Lgals3	Cxcl1	0.427
Cul1	Kpna3	0.427
Npm1	Wdr12	0.427
Eif4h	Rplp0	0.427
Sord	Abat	0.427
Ncl	Khsrp	0.427
Mvp	Cct6a	0.427
Actb	Ncstn	0.427
Fbln1	Nid2	0.427
Snrpg	Rps25	0.427
Tcp1	Dnajc10	0.427
Eftud2	Eif4b	0.427
Hnrnpu	Eif2s2	0.427
Tceb2	Psmb10	0.427
Nme1	Rpl27	0.426
Cct6a	Mrto4	0.426
Ddah2	Epb41l2	0.426
Fxr1	Rbmxl1	0.426
Fxr1	Eif4a3	0.426
Dnaja2	Zc3h15	0.426
Gart	Abat	0.426
Gnb2l1	Rab5c	0.426
Cspg4	Aldh1l1	0.426
Actl6a	Mad2l1	0.426
Snrnp200	Pabpn1	0.426
Pepd	Sucla2	0.426
Gart	Sephs1	0.426
Rps3a	Wdr61	0.426
Serpinh1	Anxa2	0.426
Fkbp3	Rps18	0.426
Rpsa	Psmd14	0.426
Ptges3	Dnaja1	0.426
Hdgf	Ptprz1	0.426
Cops8	Pdcd6	0.426
Actb	Gc	0.426
Ppp2cb	Polr2e	0.426
Psmd12	Ube2v1	0.426
Psmc5	Pcmt1	0.426
Adss	Gda	0.425
Pdia6	P4ha1	0.425
Dld	Psmd6	0.425
Timm8b	Snrpg	0.425
Col6a2	Timp1	0.425
Psma6	Cops6	0.425
Npm1	Rps18	0.425
Nme1	Rps25	0.425
Stip1	Psmd14	0.425
Pgk1	Hadh	0.425
Gnb2l1	Ruvbl1	0.425
Taldo1	Txnrd2	0.425
Rps19	Ccdc80	0.425
Paip1	Rps25	0.425
Aco2	G6pdx	0.425
Nes	Anxa5	0.425
Usp9x	Psmd14	0.425
Psmb10	Eif3e	0.425
Psmd6	Chordc1	0.425
Rps16	Sumo2	0.424
Rcn1	Efemp2	0.424
Syncrip	Cct7	0.424
Hnrnpk	Kpna3	0.424
Man2c1	Mbtps1	0.424
Tcp1	Ppa1	0.424
Actb	Rps25	0.424
Tceb2	Psmd9	0.424
Sucla2	Atp5d	0.424
Hmgb2	Mad2l1	0.424
Eif3h	Rpl22	0.424
Psmb4	Snrpd3	0.424
Vars	Pin4	0.424
Rbmxl1	Eif4a3	0.424
Mrto4	Eif4h	0.424
Itpa	Ssbp1	0.424
Nrd1	Adam17	0.424
Snrpd3	Srrt	0.424
Psmb4	Rpl18	0.424
Serping1	Timp1	0.424
Ppp1ca	Sumo2	0.424
Lrp1	Gpc4	0.424
Psmb4	Rps25	0.424
Psma8	Tceb2	0.424
Psmb10	Sort1	0.423
Hist1h2ba	Parp1	0.423
Nanp	Neu1	0.423
Timp1	Mif	0.423
Rars	Eftud2	0.423
Hsp90aa1	Pdia4	0.423
Rps3	Psmc2	0.423
Timp1	Anxa5	0.423
Psma6	Ube3a	0.423
Spp1	Stat1	0.423
Grhpr	Amacr	0.423
Gps1	Arglu1	0.423
Tln1	Sod1	0.423
Npm1	Snrpd2	0.423
Ruvbl1	Rps20	0.423
Tceb2	Hint1	0.423
Ipo7	Mrto4	0.423
Gnb2l1	Hnrnpk	0.423
Ywhah	Ipo4	0.423
Pgk1	Mat2a	0.423
Dnajc10	Bag2	0.423
Sord	Ybx1	0.423
Ssbp1	Snrpg	0.423
Sec23b	Rabif	0.422
Ppp2ca	Polr2e	0.422
Pdia4	Prdx5	0.422
Tln1	Nptx2	0.422
Psmd9	Tceb1	0.422
Aldoc	Itpa	0.422
Aco2	Gpd1l	0.422
Pafah1b1	Arhgap1	0.422
Mrto4	Itpa	0.422
Hnrnpl	Pdcd6	0.422
Ipo4	Rps3a	0.422
Bcat2	Me2	0.422
Hadh	Gpd1l	0.422
Siae	St6gal1	0.422
Syncrip	Rps19	0.422
Tcp1	Mif	0.422
Tpi1	Gars	0.422
Vps26a	Tjp2	0.422
Uba3	Cops6	0.422
Sord	Ccs	0.422
Rps16	Snrpg	0.422
Tpi1	Isca2	0.422
Psmd12	Sucla2	0.422
Rps14	Uqcrh	0.422
Pgk1	Gars	0.422
Pfdn5	Rps20	0.422
Lamp2	Atp6v1g1	0.422
Ppp1r7	Dctn3	0.422
Ppp1cc	Mapk1	0.421
Psmc4	Edf1	0.421
Acaca	Fbp1	0.421
Parp1	Tardbp	0.421
Gps1	Dcun1d1	0.421
Ybx1	Ncstn	0.421
Lsm4	Eif4e	0.421
Hsph1	Clybl	0.421
Glod4	Pdhb	0.421
Ech1	Hnrnpl	0.421
Psmd14	Kpna3	0.421
Ube2n	Uchl5	0.421
Ppp1r7	Mad2l1	0.421
Serpinf1	Ptx3	0.421
Dak	Grhpr	0.421
Kpna3	Lin7c	0.421
Psmc2	Sdha	0.421
Cops6	Rps28	0.42
Actb	Hdgf	0.42
Hnrnpl	Snrpg	0.42
Psmd6	Sucla2	0.42
Gnb2l1	Caprin1	0.42
Plaa	Nedd8	0.42
Uba3	Plaa	0.42
Hsp90aa1	Rbbp7	0.42
Spp1	Hmgb1	0.42
Sptbn1	Usp9x	0.42
Rpsa	Nedd8	0.42
Clstn2	Cst9	0.42
Rpsa	Rbm3	0.42
Eftud2	Ssbp1	0.42
Mat2a	Phgdh	0.42
Casp3	Cd81	0.42
Ybx1	Rps13	0.42
Glod4	Cryl1	0.42
Sdha	Cryl1	0.42
Cdc37	Dnaja1	0.42
Sf3a1	Khsrp	0.42
Sord	Psph	0.42
Snrpd2	Nutf2	0.419
Sec23b	Trappc3	0.419
Naa50	Lsm8	0.419
Cct5	Gars	0.419
Cars	Ola1	0.419
Uba3	Kpna3	0.419
Col5a1	Fstl1	0.419
Ccdc58	Psmd14	0.419
Cct7	Npm1	0.419
Iars	Sdha	0.419
Hmgb1	Hnrnpu	0.419
Eif4a3	Rps18	0.419
Pgk1	Rpl18	0.419
Ppp2cb	Psmd5	0.419
Apoe	Ctsh	0.419
Sumo2	Cryab	0.419
Mtr	Mtap	0.419
Hyou1	Rps3	0.419
Spp1	Anxa5	0.419
Anp32a	Ptma	0.419
Lmnb1	Kpna3	0.419
Dld	Ppa1	0.419
Tsnax	Asah2	0.419
Gart	Rpl18	0.418
Twf2	Vasp	0.418
Serpinf1	Ptgds	0.418
Sod1	Cct7	0.418
Gart	Ppa1	0.418
Cars	Glrx3	0.418
Nudt19	Adi1	0.418
Ndufv2	Nedd8	0.418
Psmb4	Rps17	0.418
Rps16	Ruvbl1	0.418
Pgd	Gpx7	0.418
Dnajc10	Rps16	0.418
Hnrnpdl	Snrpd1	0.418
Rbbp7	Polr2i	0.418
Gns	Gba	0.418
Anxa2	Canx	0.418
Snrpd2	Rpl18	0.418
Itgb1	Ddr1	0.418
Lmnb1	Arhgap1	0.418
Bcat2	Phgdh	0.417
Alad	Tpi1	0.417
Mad2l1	Atad5	0.417
Hibch	Nudt19	0.417
Ola1	Eif3e	0.417
Pabpn1	Rps8	0.417
Txndc17	Glrx	0.417
Glrx3	Psmd14	0.417
Psmc2	Rps25	0.417
Dpp7	Scpep1	0.417
Actr3	Myl12b	0.417
Psmc5	Sugt1	0.417
Tcp1	Pdhb	0.417
Hnrnpu	Prpf19	0.417
Usp9x	Iqgap1	0.417
Rbmxl1	Ddx46	0.417
Cct6a	Rpsa	0.417
Syncrip	Rps21	0.417
Ube2v1	Psmb4	0.417
Mrto4	Snrpd3	0.417
Ppp1ca	2018-09-09 00:00:00	0.417
Col6a1	Copz2	0.417
Gart	Rps16	0.417
Anxa2	Ccl2	0.417
Cct6a	Ola1	0.417
Tgfb1	Mcam	0.417
Pa2g4	Eif1ax	0.416
Mylk	Cul1	0.416
Rps3a	Vars	0.416
Col5a2	Mfap2	0.416
Pa2g4	Hdgf	0.416
Ssbp1	Rps18	0.416
Lrp2	Gpc4	0.416
Cct5	Rbm3	0.416
Gnb1	Rpl18	0.416
Nme1	Sord	0.416
Usp9x	Txnl1	0.416
Tgfb1	Adam17	0.416
Dync1h1	Wdr5	0.416
Cct7	Sec13	0.416
Itpa	Gpd1l	0.416
Vars	Dlst	0.416
Sod1	Sdha	0.416
Bax	Tgfb1	0.415
Cyct	Lamp1	0.415
Gm2a	Gba	0.415
Strap	Eif4a3	0.415
Ncl	Wdr12	0.415
Hsp90aa1	Gpx7	0.415
Ipo4	Eftud2	0.415
Tars	Eif2s2	0.415
Vars	Ppih	0.415
Clybl	Decr1	0.415
Hnrnpu	Erh	0.415
Stip1	Psmd6	0.415
Myh11	Tex101	0.415
Eif2s3x	Tardbp	0.415
Rars	Rps3a	0.415
Actb	Jup	0.415
Adk	Gda	0.415
Eif4h	Tardbp	0.415
Apoe	Gc	0.415
Aco2	Ppif	0.415
Cct7	Rpl14	0.415
Atp5d	Immt	0.415
Itpa	Adk	0.415
Ltf	Fga	0.415
Tgfb3	Copz2	0.415
H6pd	Sod1	0.415
Tcp1	Rpl27	0.415
Arhgap1	Tjp2	0.414
Ywhae	Tpi1	0.414
Tcp1	Nono	0.414
Hnrnpk	Itgb1	0.414
Snrpa1	Tardbp	0.414
Aco2	Rps14	0.414
Fh	Cryl1	0.414
Cops4	Sec13	0.414
Canx	Gba	0.414
Col1a2	Myl9	0.414
Rars	Etf1	0.414
Vps26a	Vps28	0.414
Hmgb1	Supt16h	0.414
Cul1	Sumo2	0.414
Actr3	Twf2	0.414
Mapk1	Ppm1b	0.414
Ptrf	Sdcbp	0.414
Ola1	Rps20	0.414
Pgk1	Grhpr	0.414
Timp1	Gpx7	0.414
Etf1	Ankfy1	0.414
Rbm3	Snrpg	0.414
Cyct	Lamp2	0.414
Rbm3	Rps18	0.414
Hnrnpu	Eif4e	0.414
Cops6	Rps25	0.413
Ybx1	Rps28	0.413
Cspg4	Col6a1	0.413
Mad2l1	Sephs1	0.413
Cops6	Chmp2a	0.413
Lrp1	Adam17	0.413
Gnb2l1	Rbmxl1	0.413
Hint1	Cox5a	0.413
Ddx46	Tardbp	0.413
Set	Snrpd2	0.413
Vps35	Atp6v1c1	0.413
Cops5	Chmp3	0.413
Col12a1	Itga3	0.413
Fxr1	Hnrnpm	0.413
Timp1	Gdf15	0.413
Psmd12	Nif3l1	0.413
Cct7	Cops6	0.413
Ppp1cb	Mapk1	0.413
Ccl2	Lamp1	0.413
Nme1	Eftud2	0.413
Gart	Nap1l4	0.413
Bcat2	Pdhb	0.413
Syncrip	Pa2g4	0.413
Ncl	Myh9	0.413
Ipo7	Rps18	0.413
Ppp1ca	Eif4h	0.413
Col5a2	Tgfb3	0.413
Stip1	Cul1	0.413
Col1a2	Eif4e	0.413
Mrto4	Akr7a2	0.413
Rps20	Tardbp	0.413
Serbp1	Hnrnpm	0.413
Lsm4	Prpf19	0.413
Ap1g1	Sec31a	0.412
Cops4	Uchl5	0.412
Acaca	Pdhb	0.412
Ccl2	Adamts1	0.412
Actr3	Ech1	0.412
Rps3	Hist1h2ba	0.412
Fkbp3	Ube2v2	0.412
Pdia6	Prdx5	0.412
Sptbn1	Txnl1	0.412
Me2	Uap1	0.412
Rplp0	Ddx46	0.412
Cttn	Mapk1	0.412
Lama2	Fbln1	0.412
Ywhae	Rpl22	0.412
Hnrnpk	Pa2g4	0.412
Col5a2	Fbln1	0.412
Eif3a	Zc3h15	0.412
Eif1ax	Metap1	0.412
Rbm3	Snrnp200	0.412
Plrg1	Ppih	0.412
Psmb7	Asna1	0.412
Prdx5	Atp5d	0.412
Sdha	Itgb1	0.412
Pgk1	Rps17	0.412
Canx	Ptges3l	0.412
Nfu1	Pin4	0.412
Lrp2	Podxl	0.412
Npm1	Eif4e	0.412
Casp3	Adam17	0.411
Ctsh	Lamp1	0.411
Tgfb3	Adamts1	0.411
Chmp3	Rab18	0.411
Dync1h1	Rrbp1	0.411
Cops6	Asna1	0.411
Rbm3	Snrpd3	0.411
Aco2	Prdx5	0.411
Nsfl1c	Tpd52l2	0.411
Rps3	Hsph1	0.411
Rps19	Atp6v1f	0.411
Ube2l3	Sumo2	0.411
Aldh1a2	Ccl2	0.411
Tpm3	Ywhae	0.411
Sod1	Mt1	0.411
Taldo1	Iars	0.411
Rps3a	Ybx1	0.411
Ipo4	Etf1	0.411
Ndufv2	Clybl	0.411
Pgk1	Cyct	0.411
Cad	Gda	0.411
Actb	Cab39	0.411
Rbm3	Eif3e	0.411
Gart	Ola1	0.411
Pdia6	Prkcsh	0.411
Timm8b	Atp6v1f	0.411
Hsp90aa1	Nedd8	0.411
Cct5	Fkbp3	0.411
Rars	Rps14	0.411
Fkbp3	Ola1	0.411
Galk1	Uap1	0.411
Syncrip	Eif2s3x	0.411
Psmd6	Plaa	0.411
Ppih	Bag2	0.411
Mvp	Syncrip	0.411
Nsfl1c	Cct5	0.411
Ahcy	Gart	0.41
Actb	Chmp3	0.41
Mvp	Anxa2	0.41
Actb	Cxcl5	0.41
Cryab	Tardbp	0.41
Hnrnpu	Rps20	0.41
Hnrnpu	Rtraf	0.41
Fkbp4	Gnb2l1	0.41
Sec23b	Mcfd2	0.41
Tars	Hmgn2	0.41
Aco2	Glrx3	0.41
Ppp2ca	Ppm1b	0.41
Cs	Hsd17b4	0.41
Ech1	Zadh2	0.41
Ola1	Cops5	0.41
Adh5	Glrx	0.41
Tln1	Spp1	0.41
Eif3e	Rpl14	0.41
Mrto4	Iars	0.41
Col6a1	Adamts1	0.41
Sod1	Cryz	0.41
Gm2a	Sort1	0.41
Rbbp7	Mad2l1	0.41
Rps8	Cox5a	0.41
Serpinf1	Ccl2	0.409
Rbm3	Snrpd1	0.409
Psmd6	Mdp1	0.409
Myh11	Lgals3	0.409
Psmc5	Rps14	0.409
Sod1	Rps14	0.409
Rps3	Hmgb1	0.409
Pafah1b1	Lrp8	0.409
Ncl	Rbmxl1	0.409
Eif4e	Parp1	0.409
Polr2i	Timm8b	0.409
Taldo1	Glod4	0.409
Col18a1	Ccl2	0.409
Scrn2	Copz2	0.409
Nenf	Cnpy3	0.409
Ywhae	Ppp2ca	0.409
Actb	Cryz	0.409
Vars	Rps14	0.409
Hsp90aa1	Edf1	0.409
Ahcy	Pa2g4	0.409
Pgd	Adss	0.408
Snrpg	Srrt	0.408
Cct7	Fnta	0.408
Ltf	Ccl2	0.408
Ptma	Arglu1	0.408
Ccs	Edf1	0.408
Cyct	Stat1	0.408
Psmb7	Sec13	0.408
Prdx5	Cox5a	0.408
Cs	Psmc2	0.408
Acaca	G6pdx	0.408
Etf1	Eif4g1	0.408
Mov10	Eif4a3	0.408
Tcp1	Vars	0.408
Rps20	Paip1	0.408
Dld	Cyct	0.408
Alad	Edf1	0.408
Plaa	Psmd14	0.408
Nrd1	Rnpep	0.408
Uqcrfs1	Immt	0.408
Gng12	Brk1	0.408
Psmd12	Npm1	0.408
Bpnt1	Nudt19	0.408
Psmd9	Txndc12	0.408
Psmd12	Uba3	0.408
Rps16	Iars	0.408
Rps3	Ybx3	0.408
Pfdn1	Snrpd1	0.408
Snrnp200	Eif4b	0.408
Actb	Rps13	0.407
Ubr2	Ube2g1	0.407
Ppp2ca	Ruvbl1	0.407
Rars	Rpsa	0.407
Jup	Mtr	0.407
Fkbp4	Dctn3	0.407
Hnrnpk	Rpl18	0.407
Actl6a	Cops8	0.407
Tpi1	Hmbs	0.407
Psmd6	Cops8	0.407
Hsp90aa1	Lamp1	0.407
Glrx3	Metap1	0.407
Sh3bgrl	Tmsb4x	0.407
Mapk14	Plat	0.407
Sf3a1	Immt	0.407
Cops2	Dld	0.407
Cct6a	Caprin1	0.406
Bcat2	Grhpr	0.406
2018-09-09 00:00:00	Cnrip1	0.406
Tpm3	Txnl1	0.406
Rps3	Uqcrfs1	0.406
Hint1	Rps25	0.406
Myh9	Gnb2l1	0.406
Ltf	Cxcl1	0.406
Rplp0	Uqcrfs1	0.406
Pgd	Txnrd2	0.406
Psmb4	Uqcrh	0.406
Ywhag	Aldoc	0.406
Ppp5c	Ppm1a	0.406
Polr2e	Eif2s2	0.406
Eftud2	Supt16h	0.406
Cs	Txnrd2	0.406
Ube2v2	Mob4	0.406
Dnajc10	Sdf2	0.406
Mat2a	Adss	0.406
Lmnb1	Mcam	0.406
Anxa5	Cxcl1	0.406
Nrd1	Blmh	0.405
Tcp1	Ola1	0.405
Hsp90aa1	Clybl	0.405
Col15a1	Gpc4	0.405
Hsp90aa1	Sdcbp	0.405
Ncl	Rpsa	0.405
Lrp2	Ptprz1	0.405
Ube2v1	Psmc3	0.405
Hsp90aa1	Gars	0.405
A2mp	Serpinf1	0.405
Hnrnpk	Etf1	0.405
Arpc5	Sdcbp	0.405
Wdr12	Eif4e	0.405
Hexb	Fuca2	0.405
Uba3	Uchl5	0.405
Sord	Ndufv2	0.405
Tmsb4x	S100a6	0.405
Pfdn5	Rpl14	0.405
Ech1	Dpysl3	0.405
Rbmxl1	Hnrnpl	0.405
Usp47	Smarcb1	0.405
Clybl	Zadh2	0.405
Rps3a	Mapk1	0.405
Psmd14	Chmp2a	0.405
Cops5	Cnrip1	0.405
Pts	Stat1	0.405
C4b	Gba	0.405
Eftud2	Hnrnpa0	0.405
Itpa	Prosc	0.404
Sord	Gpx7	0.404
Mrto4	Ppp5c	0.404
Lrp1	Actb	0.404
Rps17	Uqcrh	0.404
Psmd14	Usp47	0.404
Psma6	Gnb2l1	0.404
Sod1	Rpl27	0.404
Gnb2l1	Gng12	0.404
Etf1	Kpna3	0.404
Aco2	Abat	0.404
Nes	Ccl2	0.404
Brk1	Fam192a	0.404
Metap1	Sugt1	0.404
Tuba3a	Cnn3	0.404
Psmd12	Nae1	0.404
Col12a1	Nid2	0.404
Arpc1a	Gng12	0.404
Cox5b	Guk1	0.404
Tsnax	Thumpd1	0.404
Ncl	Itgb1	0.404
Ccl2	Lgals9	0.404
Jag1	Ccl2	0.404
Hsp90aa1	Cul1	0.404
Ola1	Etf1	0.404
Actb	Cops4	0.404
Eif4a3	Eif2s2	0.404
Fh	Psmd14	0.404
Gart	Cct6a	0.404
Gart	Pfdn5	0.404
A2mp	Adamts1	0.404
Mylk	Pa2g4	0.404
Syncrip	Eif4e	0.404
Myh11	Iqgap1	0.403
Ndufv2	Trappc2l	0.403
Nid2	Mfap2	0.403
Metap1	Impa2	0.403
Fstl1	Timp1	0.403
Psma6	Rps3	0.403
Ywhae	Eif4h	0.403
Phgdh	Immt	0.403
Ruvbl1	Psmc3	0.403
Cs	Ppa1	0.403
Lgals3	Supt16h	0.403
Ywhae	Ptges3	0.403
Hyou1	Bag2	0.403
Psmd9	Ppp2cb	0.403
Cops5	Ube2l3	0.403
Cops2	Chordc1	0.403
Txnrd2	Txndc17	0.403
Rars	Plrg1	0.403
Ppih	Chmp2a	0.403
Tpi1	Cryl1	0.403
Canx	Copz1	0.403
Rps3	Cars	0.402
Man2c1	Glb1	0.402
Fga	Serping1	0.402
Psmd12	Rars	0.402
Sdha	Rpl18	0.402
Man2c1	Galk1	0.402
Anp32b	Zc3h15	0.402
Nme1	Atp5d	0.402
Erh	Hnrnpa0	0.402
Gns	Fuca2	0.402
Cox5b	Ctbs	0.402
Rbmxl1	Thrap3	0.402
Sod1	Cs	0.402
Hyou1	Prkcsh	0.402
Itpa	Ppih	0.402
Hint1	Snrpg	0.402
Cspg4	A2m	0.402
Ppp2ca	Ppp1cb	0.402
Dpp3	Blmh	0.402
Serpinh1	Serpinf1	0.402
Pura	Sh3bgrl2	0.402
Pfdn1	Pin4	0.402
Rbmxl1	Ruvbl1	0.402
Hint1	Rpl18	0.402
Ywhae	Ube2n	0.402
Sod1	Rps28	0.402
Mrto4	Gnb1	0.402
Cryl1	Gpd1	0.401
Ccl2	Cd81	0.401
Vars	Fahd1	0.401
Actb	Rps8	0.401
A2m	Adamts1	0.401
Timp1	Adam9	0.401
Hnrnpu	Thrap3	0.401
Serpinh1	Cryab	0.401
Plaa	Naa50	0.401
Pepd	Rplp0	0.401
Alad	Ppa1	0.401
Ncl	Cct5	0.401
Psmd9	Vars	0.401
Ptges3	Dctn3	0.401
Gart	Pdxp	0.401
Tpi1	Tars	0.401
Iars	Eif3e	0.401
Etf1	Eif3e	0.401
Eif2s3x	Ola1	0.401
Txndc12	Pin4	0.401
Ncl	Eif3e	0.401
Cd81	Vps28	0.401
Actr3	Ptges3	0.401
Strap	Ppa1	0.401
Gsta3	Aox1	0.401
Stip1	Eif4a3	0.401
Cops5	Rps28	0.4
Copz1	Polr2e	0.4
Hmgb1	Canx	0.4
Hmgb1	Polr2h	0.4
Ccs	Cuta	0.4
Gns	Lamp1	0.4
Spp1	Mcam	0.4
Dld	Cope	0.4
Nap1l4	Eif3e	0.4
Col6a2	Prss35	0.4
Tceb2	Vps28	0.4
Pgk1	Ywhag	0.4
Brk1	Mcam	0.4
Gpx7	Parp1	0.4
Jup	Nsfl1c	0.4
Fga	Iqgap1	0.4
Rbm3	Ybx1	0.4
Actb	Ppa1	0.4
Sucla2	Cox5a	0.4
Aco2	Phgdh	0.4
Taldo1	Atp5d	0.4
Hist1h2ba	Ppp5c	0.4
Nsfl1c	Psmd14	0.4
Nsfl1c	Mtr	0.4
Rps3	Ssbp1	0.4
Ube2v2	Ppp5c	0.4
Cars	Mrto4	0.4
Rps19	Rbm3	0.4
