accession	gene	logFC	fold_change	AveExpr	t	P.Value	adj.P.Val	B	n_imputed	direction
P19137	Lama1	0.364404376529679	1.287350031232507	36.9851806182202	0.805709250730006	0.455805381989143	0.998030532995944	-5.58803069384697	0	NS
P16546	Sptan1	0.494467507252674	1.4088006766902443	32.8840184219171	1.25907889295864	0.26178291751956	0.998030532995944	-5.16626063507506	0	NS
P02469	Lamb1	-0.0289438469442446	0.9801375638393882	36.4426457192351	-0.0558744886456425	0.957534156494419	0.998809768174366	-5.9242233188865	0	NS
P02468	Lamc1	-0.0427667109020246	0.9707914376265431	36.3605908108272	-0.0868767520022822	0.934029750842205	0.998030532995944	-5.92177021269505	0	NS
Q9JHU4	Dync1h1	1.32227184079359	2.500595737233623	29.4076508217588	1.45718260422221	0.202907676805264	0.998030532995944	-4.9516517738376	0	NS
Q62261	Sptbn1	1.06331447675054	2.0897269920023174	31.3420061297444	2.42581556703676	0.0579779845503499	0.998030532995944	-3.81686564956096	0	NS
Q05793	Hspg2	-0.135942159665937	0.9100753099654929	33.694613366343	-0.240773182709258	0.818975733005014	0.998030532995944	-5.89397738099384	0	NS
Q64727	Vcl	-0.131166552204805	0.9130928317505697	34.9061534469982	-0.314491753433249	0.765427177720021	0.998030532995944	-5.87162561035836	0	NS
Q80X90	Flnb	1.32804861997648	2.510628591330654	31.3099310730892	1.6807092683804	0.151638040120884	0.998030532995944	-4.6965895804449	0	NS
P19096	Fasn	0.444562693312181	1.3609015403591336	32.3412564693	1.01736071169626	0.354140071498217	0.998030532995944	-5.40586843787993	0	NS
P01027	C3	0.347339197190022	1.2722120859162545	35.4904892329098	0.329091888027232	0.755692719735819	0.998030532995944	-5.8660076808611	0	NS
P11087	Col1a1	0.468075248782723	1.3832627760154395	35.6120143732712	0.440158812707611	0.678568588085421	0.998030532995944	-5.81968771812367	0	NS
Q8BTM8	Flna	0.018861708917373	1.0131597779856125	32.4133117334576	0.0238831766450637	0.981839051383278	0.999971162684518	-5.92563865753347	0	NS
P02463	Col4a1	0.924086414663232	1.8974822824229909	33.5426436209135	2.10629790837685	0.0871311151272984	0.998030532995944	-4.19383218185289	0	NS
Q9QXS1	Plec	-0.0451073800299052	0.9692176752188729	30.3539508388612	-0.0718354096048074	0.945425605177107	0.998030532995944	-5.92309317807779	0	NS
P10493	Nid1	-0.195746463239753	0.8731210184470519	36.6942676631602	-0.413754645875604	0.695636259686093	0.998030532995944	-5.83260255311102	0	NS
P08121	Col3a1	0.547352302060686	1.461401205029111	34.4913636086783	0.48450924981114	0.648914883509146	0.998030532995944	-5.79774982705429	0	NS
Q61316	Hspa4	0.218125332551229	1.1632210907164862	33.2512767720224	0.409360645088097	0.698661599133811	0.998030532995944	-5.83454152347698	0	NS
P57780	Actn4	0.0551108018244715	1.0389388927896261	35.0122234269384	0.0936607108169335	0.928895602290617	0.998030532995944	-5.92109172752589	0	NS
Q01853	Vcp	0.418298367703938	1.3363504240963344	35.8478404567969	1.25080377257984	0.264553847926174	0.998030532995944	-5.17491405685632	0	NS
Q01149	Col1a2	0.798196909757084	1.7389264456077393	34.4776831118032	0.775279614331276	0.473927071311738	0.998030532995944	-5.60976668064308	0	NS
Q3U1J4	Ddb1	0.18308991466007	1.1353128572854028	33.3297575574763	0.358452478607084	0.734158400665913	0.998030532995944	-5.85558696135634	0	NS
Q60847	Col12a1	-2.4924308932974	0.17770659232882477	32.3862858619564	-3.89316707048181	0.0107335101985307	0.998030532995944	-2.2750610464869	0	NS
P07901	Hsp90aa1	1.62353781343302	3.0812971407269405	35.174597145547	4.45651717463669	0.0061310158320478	0.99160661699478	-1.79086592923052	0	NS
Q7TPR4	Actn1	0.199161733514409	1.148031106817213	34.3829267840855	0.366810021762934	0.728276354649191	0.998030532995944	-5.85231255923899	0	NS
P08113	Hsp90b1	0.239571648662725	1.1806420643328355	35.0896585123144	0.586412534140115	0.582233817466243	0.998030532995944	-5.74162535533553	0	NS
Q3UQ28	Pxdn	-0.124689008429324	0.917201736590323	33.5906972023361	-0.215244871618459	0.83779933597855	0.998030532995944	-5.90036836950263	0	NS
P20029	Hspa5	0.482889296897513	1.3975397295611314	35.8696815686222	1.32654043489022	0.240158246624685	0.998030532995944	-5.09470979206088	0	NS
P20152	Vim	-0.112372524114818	0.9250655322878185	36.3683817566467	-0.32889253283493	0.755124960901591	0.998030532995944	-5.86659207378462	0	NS
P11276	Fn1	0.174800320299188	1.1288081585668157	32.1887123390296	0.120873641652524	0.908593384052957	0.998030532995944	-5.91778557806184	0	NS
O88207	Col5a1	0.990202700525792	1.9864640720484343	32.6084760833263	1.60374430391908	0.167673629855355	0.998030532995944	-4.7855754590476	0	NS
P11499	Hsp90ab1	-0.142841718011503	0.9057333480307478	35.5328740613408	-0.385423491016849	0.715251953521562	0.998030532995944	-5.844764071931	0	NS
A2ARV4	Lrp2	0.809227462049799	1.752272879896522	29.6306280539064	1.06575421819289	0.333688876579511	0.998030532995944	-5.36028929351257	0	NS
Q68FD5	Cltc	0.0160229373309496	1.0111681572317142	31.74136848219	0.0405229808700312	0.969192582306594	0.999971162684518	-5.92504409456632	0	NS
Q9JKR6	Hyou1	0.695133036454746	1.6190337235338221	31.7624592019453	0.987975250803059	0.36705791267537	0.998030532995944	-5.43288399762993	0	NS
P26041	Msn	0.171249446064252	1.1260332636510015	34.6944611564353	0.406460573075572	0.700661796837381	0.998030532995944	-5.83581067843183	0	NS
P70398	Usp9x	0.848438677372372	1.8005512663517222	28.2235643730865	0.949316685825597	0.384634539125895	0.998030532995944	-5.46762557135863	0	NS
P58252	Eef2	0.0506966401199094	1.035764947210413	34.4796289392173	0.13969606408678	0.894172382223791	0.998030532995944	-5.91514790251428	0	NS
Q61147	Cp	0.205528538596056	1.1531087166128018	34.9807037363461	0.133731271582477	0.898936352489976	0.998030532995944	-5.9159586659527	0	NS
Q6ZQ38	Cand1	0.560028076471861	1.4742979085112098	32.4283953102579	1.06261033907089	0.33498669388835	0.998030532995944	-5.36329014851732	0	NS
P63017	Hspa8	0.223708563271785	1.1677314790466857	35.6043866976698	0.656637553865936	0.539475654177954	0.998030532995944	-5.6967919459555	0	NS
Q64514	Tpp2	0.591835043376929	1.5071625719159254	31.2081827918203	1.02194109507453	0.352160717724792	0.998030532995944	-5.40161161037179	0	NS
P27546	Map4	0.423142832845563	1.340845334307637	31.3608151382502	0.822503306234075	0.447001573963829	0.998030532995944	-5.57469830982652	0	NS
Q9WTQ5	Akap12	0.346089820896657	1.2711108250597674	31.9081944764464	0.544098944692218	0.608977953038627	0.998030532995944	-5.76651783326586	0	NS
P27773	Pdia3	0.242168141749725	1.182768840347655	36.3003411158017	0.753585491611009	0.483938474530436	0.998030532995944	-5.62806061065307	0	NS
P58771	Tpm1	0.434431242830409	1.3513779709799227	34.070147486184	1.1793385355667	0.289598965471579	0.998030532995944	-5.24842795409993	0	NS
P09103	P4hb	0.226215995148943	1.1697627836486453	35.7435539331829	0.68020464250949	0.525596406483307	0.998030532995944	-5.6807948115548	0	NS
P52480	Pkm	0.0713443534718035	1.0506953020631478	35.2031982621895	0.14931130294398	0.886950428991159	0.998030532995944	-5.91361251430926	0	NS
Q8K411	Pitrm1	0.899460433384817	1.8653682066083972	30.1898515806531	1.23164162654102	0.271071932539025	0.998030532995944	-5.19484302444636	0	NS
Q6IRU2	Tpm4	0.0716315526892971	1.050904486192701	33.2789809400576	0.149957331758582	0.886465632984169	0.998030532995944	-5.91350572458739	0	NS
Q91V92	Acly	-0.106846570187417	0.9286156048069083	32.2533777974566	-0.252032387415445	0.810716071806753	0.998030532995944	-5.8909366105795	0	NS
Q8BKC5	Ipo5	0.456334414684854	1.3720512912957692	32.2263597829988	1.21365020787445	0.277322376769304	0.998030532995944	-5.2134120505457	0	NS
P17156	Hspa2	-0.0162558654739829	0.9887955355364083	30.7931597440721	-0.015383526797036	0.988306755413488	0.999971162684518	-5.92582364233262	0	NS
Q11011	Npepps	0.154330114464832	1.1129047439906978	32.8914600507712	0.401273833419635	0.704245916377995	0.998030532995944	-5.83805952344443	0	NS
E9Q557	Dsp	1.40763623415852	2.6530212554048584	27.4395578378682	1.46622227627097	0.200542756404113	0.998030532995944	-4.94156178994303	0	NS
Q6P5F9	Xpo1	-0.0538320980876974	0.9633740056731085	31.4341795268322	-0.0936241915308028	0.928923230198218	0.998030532995944	-5.92109551596495	0	NS
Q9EPL2	Clstn1	0.297523252828984	1.22903265897727	32.0250100238773	0.696814424319634	0.515959437748881	0.998030532995944	-5.66924148969194	0	NS
Q921I1	Tf	0.329396192605164	1.2564873900679356	33.3941072624883	0.74777052534813	0.487152542041534	0.998030532995944	-5.63239668293577	0	NS
Q02819	Nucb1	0.172341039959214	1.126885582495688	34.2001637473834	0.481834883418272	0.649602276914975	0.998030532995944	-5.80012512232573	0	NS
Q91ZX7	Lrp1	0.787273155884708	1.7258094181303967	29.0800266666767	1.37841172490157	0.22466180250847	0.998030532995944	-5.03856544041834	0	NS
P06801	Me1	-0.123924130112035	0.9176881413430922	35.4319460467135	-0.345430833642759	0.743363856964373	0.998030532995944	-5.86054594300866	0	NS
P09470	Ace	0.327578070983561	1.2549049294845152	32.7113844017948	0.884915971883762	0.415400421348159	0.998030532995944	-5.52337352667907	0	NS
Q80YX1	Tnc	0.2063875401628	1.1537954987187184	30.7361650396648	0.19560906039762	0.852419760843848	0.998030532995944	-5.90477949783583	0	NS
P13020	Gsn	0.446721507963045	1.3629394855413965	33.5381126935946	1.16236942827232	0.295845799012279	0.998030532995944	-5.26554550521343	0	NS
Q8VHY0	Cspg4	1.57951937673622	2.9887026670452737	29.1894776906049	2.73681698549208	0.039464912396113	0.998030532995944	-3.45959743831883	0	NS
P26039	Tln1	1.00539791856244	2.007497120752443	28.1141680498872	1.55144255455426	0.17950817459594	0.998030532995944	-4.84540838971083	0	NS
Q02053	Uba1	0.574733356871029	1.4894021620064153	31.7049876633641	1.39720522379945	0.219280824141227	0.998030532995944	-5.01800183093121	0	NS
Q8BHN3	Ganab	0.373077606930993	1.295112665009129	32.7074377971065	0.771599148874452	0.474077891276406	0.998030532995944	-5.61446125474238	0	NS
Q61598	Gdi2	0.525461080622418	1.4393935319782867	34.142791477198	1.48617517604773	0.195415459751875	0.998030532995944	-4.91921254871803	0	NS
P48722	Hspa4l	0.503239599603175	1.4173927744208468	29.6697502587381	0.42512648325092	0.68783615342552	0.998030532995944	-5.82749504406478	0	NS
O88844	Idh1	0.330526340348425	1.257472056046837	34.4667225078329	0.897042717009569	0.409464520123725	0.998030532995944	-5.51308658600033	0	NS
P35441	Thbs1	-0.165102512525417	0.8918651445598285	33.3131223685682	-0.125577799614442	0.905058022229308	0.998030532995944	-5.91713843069324	0	NS
Q61292	Lamb2	0.292678571224435	1.2249123941435691	30.4616429624123	0.53841827213059	0.612622659749619	0.998030532995944	-5.76973475113896	0	NS
P15626	Gstm2	0.0944918700275039	1.0676892921899905	36.8630328986384	0.24827999962222	0.813465783815387	0.998030532995944	-5.8919650680593	0	NS
P08003	Pdia4	1.10758369877959	2.1548444027381577	32.6917709721969	2.9258886567173	0.0314465855655981	0.998030532995944	-3.24922977796038	0	NS
Q04857	Col6a1	0.785166975147166	1.72329175883143	32.9555915624678	0.665082486847787	0.536030723791079	0.998030532995944	-5.68951529476724	0	NS
Q06890	Clu	0.497982683970721	1.412237453822672	38.3337341173349	0.957091248156538	0.381046276310293	0.998030532995944	-5.4607135269321	0	NS
Q07113	Igf2r	-0.338917975669232	0.790634066773488	28.1447831666371	-0.50834687394945	0.632124733623854	0.998030532995944	-5.78626256503129	0	NS
P09411	Pgk1	0.742940554132351	1.6735835243794788	34.1080662862822	1.46411210247189	0.20109245148029	0.998030532995944	-4.94391914804238	0	NS
P17182	Eno1	0.484829809043286	1.3994207698531707	35.0658809885689	1.35317706629003	0.232080921430943	0.998030532995944	-5.06599443193798	0	NS
P05064	Aldoa	0.455981364397938	1.371715569731188	35.4977997219066	1.13352918246655	0.306733344604109	0.998030532995944	-5.29432190772784	0	NS
P14733	Lmnb1	0.790586526220668	1.7297775590147118	30.905783427907	1.75832633705979	0.137009127522195	0.998030532995944	-4.60593344796916	0	NS
P26043	Rdx	0.48799098304189	1.4024904849385524	30.9411230057728	1.13151707141183	0.307505773683549	0.998030532995944	-5.29631435017567	0	NS
P40142	Tkt	0.0386585940238883	1.027158339152126	34.2538789400198	0.0671863363089116	0.948951021153497	0.998030532995944	-5.92345146979688	0	NS
Q8VHX6	Flnc	0.541394185149911	1.455378279885066	28.1734208355727	0.574448470882771	0.589722565242785	0.998030532995944	-5.74882865907848	0	NS
P48678	Lmna	0.204198019841022	1.1520457577209229	31.4477806902766	0.354722088634441	0.736790508918526	0.998030532995944	-5.85702539744778	0	NS
Q8VDM4	Psmd2	0.395633198329261	1.3155200147739006	31.4767116767438	0.921423897493333	0.397730778739508	0.998030532995944	-5.49210571153651	0	NS
P26040	Ezr	0.464856650075403	1.3801802082946577	30.2888844890945	0.70787921425327	0.509606707506663	0.998030532995944	-5.66141904966799	0	NS
Q93092	Taldo1	-0.811096323471358	0.5699485816940936	35.2240527849012	-2.10652557085383	0.0871055226771852	0.998030532995944	-4.19356175606234	0	NS
Q8K010	Oplah	0.270819690917327	1.206493121903677	29.5877686289236	0.453696040556256	0.668432993644313	0.998030532995944	-5.81409891747863	0	NS
P63038	Hspd1	0.426542827317668	1.344009026391231	32.6653326918894	0.915282028648694	0.400661419257043	0.998030532995944	-5.49742816880309	0	NS
P70663	Sparcl1	0.157022832173685	1.114983864386053	32.4718940409528	0.174164269191849	0.868342381595725	0.998030532995944	-5.9091755524656	0	NS
Q9R0B9	Plod2	-0.283999079768674	0.8213112246299852	33.6755263899882	-0.762521395409565	0.479028846132396	0.998030532995944	-5.62134589675147	0	NS
P27046	Man2a1	0.079800069137691	1.0568715675509655	31.0824097250883	0.195567237128885	0.852393320053986	0.998030532995944	-5.90481527038488	0	NS
P21107	Tpm3	-0.598225976874499	0.6605657268585299	31.311617172944	-1.36793427732694	0.227715014120773	0.998030532995944	-5.04997985667132	0	NS
Q8BHG1	Nrd1	2.42179978403148	5.3583907252836855	29.7298470865134	2.11449268479408	0.0862148565964757	0.998030532995944	-4.18409881567366	0	NS
P62259	Ywhae	-0.638961370935	0.6421750989057494	35.2607665047942	-1.87057273790111	0.118327670066759	0.998030532995944	-4.47365985949197	0	NS
Q99KI0	Aco2	0.781674972124334	1.7191256233368235	30.424483604168	1.01433053790273	0.355454573645377	0.998030532995944	-5.40867784231747	0	NS
Q921M3	Sf3b3	-0.0782199214419541	0.9472256664758038	31.2893450689778	-0.171900071709965	0.870033893907042	0.998030532995944	-5.90960768119438	0	NS
P14211	Calr	0.107199573017984	1.0771353697658674	35.8362213454983	0.224467999941205	0.830983691123024	0.998030532995944	-5.89814019879154	0	NS
P10649	Gstm1	-0.314264839083663	0.8042607172680737	36.5240068952091	-0.969196454617532	0.375512914611481	0.998030532995944	-5.44987576810992	0	NS
Q00493	Cpe	-0.274343476693957	0.826826494237577	36.1286339571584	-0.604082802810375	0.571280613503027	0.998030532995944	-5.73075186146825	0	NS
O35206	Col15a1	0.798819785016282	1.739677379160546	32.5112083557777	1.9378731254008	0.108392575688826	0.998030532995944	-4.39391698902945	0	NS
O88342	Wdr1	0.122873165396399	1.088901280319694	33.9194577613554	0.301268021527652	0.774935631172085	0.998030532995944	-5.87605709617107	0	NS
P17710	Hk1	-0.0826131004428181	0.9443456382378195	31.1162769201777	-0.198469456886951	0.850236536397768	0.998030532995944	-5.90418573910824	0	NS
Q99MD9	Nasp	0.392865878531917	1.3129990555882536	30.1833737361045	0.43325202478819	0.682289234881831	0.998030532995944	-5.82376690925982	0	NS
Q6P5E4	Uggt1	-0.0421925984206801	0.9711778355664457	31.0938520889981	-0.106827193828378	0.918942446345585	0.998030532995944	-5.91962997219528	0	NS
P37889	Fbln2	-0.0421083191862052	0.9712345714066641	32.3284016868953	-0.0487366144141289	0.962953602007446	0.999824267041862	-5.92463743449553	0	NS
Q99KK7	Dpp3	0.992916092320358	1.990203689287969	31.6633154330782	2.55190732237087	0.049528183094365	0.998030532995944	-3.67053261524714	0	NS
Q8K0E8	Fgb	-0.564071953436074	0.676390380172704	33.7533107068817	-0.989195064171768	0.366514107162888	0.998030532995944	-5.43177282673774	0	NS
Q5SUR0	Pfas	-0.0012531027410946	0.9991317924784977	31.0230912255082	-0.0029730345915953	0.997739029502716	0.999971162684518	-5.92595025739145	0	NS
P22777	Serpine1	0.355779908942826	1.2796771771663142	35.9485144380298	0.584113056630851	0.583668617910845	0.998030532995944	-5.74301982582188	0	NS
Q3U962	Col5a2	0.656774362709421	1.576553756055786	30.8394273523638	0.374753392871985	0.723522873147304	0.998030532995944	-5.84848514982985	0	NS
P60710	Actb	-0.870484646236869	0.5469630778164598	30.2472915221476	-0.875061090313956	0.420273163107678	0.998030532995944	-5.53165932357727	0	NS
P63260	Actg1	0.208801714897561	1.1557278515245477	36.5249734985397	0.560363879637948	0.598612850526149	0.998030532995944	-5.75714258471652	0	NS
P18760	Cfl1	0.326684857572405	1.2541282227220047	34.0616949269257	0.686403062221869	0.521986008751436	0.998030532995944	-5.67651008756925	0	NS
P06151	Ldha	0.405405796264437	1.3244613979217772	35.4825423468042	0.911399975276055	0.402522522052663	0.998030532995944	-5.50077946393411	0	NS
Q9DCD0	Pgd	0.882648579840338	1.8437570679103925	33.7196424156857	1.97631349645169	0.103106915218485	0.998030532995944	-4.34828383686217	0	NS
Q9JHR7	Ide	0.179784314891706	1.132714530087382	30.3409841316743	0.340621982721299	0.746775722750973	0.998030532995944	-5.86233313840345	0	NS
O35685	Nudc	0.292550487350399	1.2248036500527772	30.6902359092085	0.409769991042812	0.698379491221816	0.998030532995944	-5.83436170393122	0	NS
Q9EQH2	Erap1	0.16380796309259	1.120240089289306	31.0550577209128	0.330990625610171	0.753628696909978	0.998030532995944	-5.86584072845569	0	NS
P50247	Ahcy	1.09749523349279	2.139828588028392	32.0425471659198	2.76814276165506	0.0379935063006751	0.998030532995944	-3.42435065705358	0	NS
Q80W21	Gstm7	0.0475393031562229	1.0335006550416381	32.2747731301475	0.118403257882584	0.910205251371248	0.998030532995944	-5.91818696060021	0	NS
P05202	Got2	0.319796765478491	1.2481547071709436	33.6683890770687	0.850100529097247	0.432811232960998	0.998030532995944	-5.55234387939964	0	NS
Q9D964	Gatm	0.849069422948744	1.8013386386041914	32.3716857721308	1.90173651032752	0.113616014542707	0.998030532995944	-4.43676382716365	0	NS
Q9R1E6	Enpp2	-0.444324374550606	0.7349284088240053	31.5485937537354	-0.759205773832492	0.480846370777781	0.998030532995944	-5.62384460314234	0	NS
O09159	Man2b1	0.16415582334663	1.1205102323029856	31.5713476557861	0.384474870362094	0.715913156030521	0.998030532995944	-5.84515728269694	0	NS
P12023	App	-0.0014479613873064	0.9989968531353883	33.65714211053	-0.0028269972178055	0.9978500894675	0.999971162684518	-5.92595072741016	0	NS
Q8BGQ7	Aars	0.227845322447354	1.1710846174591727	29.3012873412734	0.254409017778111	0.808976082964415	0.998030532995944	-5.89027744951341	0	NS
P40124	Cap1	0.143358554601375	1.1044733090341092	32.2633182764089	0.361520466138315	0.731996740732758	0.998030532995944	-5.85439325709208	0	NS
P60843	Eif4a1	0.397699861831252	1.3174058502082386	33.780514585387	1.14747678602171	0.301425145031644	0.998030532995944	-5.28045568480779	0	NS
P70168	Kpnb1	-0.118738581372315	0.9209925673987448	32.5634840061957	-0.299281991486543	0.776367561824894	0.998030532995944	-5.8767068230961	0	NS
P42932	Cct8	-0.52472382598353	0.695092158150264	30.8369861381199	-1.20429172571904	0.280624166366587	0.998030532995944	-5.22301507110721	0	NS
P68254	Ywhaq	-0.0675595787689336	0.9542508166601853	33.2118390904406	-0.17970522203604	0.864206262642717	0.998030532995944	-5.90809449914538	0	NS
Q8C1A5	Thop1	0.241217982415068	1.1819901249365046	32.0096852047711	0.495574399434862	0.640512123219945	0.998030532995944	-5.7930246949257	0	NS
Q8CG14	C1sa	0.0548628389373012	1.0387603407447557	35.1096296478362	0.124962041653703	0.905261149873435	0.998030532995944	-5.91730393026429	0	NS
P08071	Ltf	0.979289411832607	1.9714941257834087	33.1203201329591	0.37785822224969	0.721357905407766	0.998030532995944	-5.84721579895202	0	NS
Q02788	Col6a2	0.971296828813685	1.9606021753526512	31.7900232073109	0.733111776125724	0.497057150055495	0.998030532995944	-5.64142304776823	0	NS
P97798	Neo1	-1.47052130681652	0.3608518842519933	31.4861004704396	-3.25221521570548	0.0215246451115312	0.998030532995944	-2.90066895874733	0	NS
Q64449	Mrc2	1.18606670349745	2.2753156533086156	29.1167914733579	2.13423498553187	0.0840487717888902	0.998030532995944	-4.16065644958781	0	NS
P37804	Tagln	-0.0997844578902018	0.9331723993240092	33.2971396907726	-0.281123180183721	0.789505674365865	0.998030532995944	-5.88245503692611	0	NS
P63101	Ywhaz	0.431996804229416	1.3490995458928707	35.9722955711643	1.26728792190698	0.259060051346747	0.998030532995944	-5.15764878349309	0	NS
P09405	Ncl	0.649968293404458	1.5691337100337281	32.4380314910875	0.972010456973652	0.374235961435562	0.998030532995944	-5.44734334534122	0	NS
Q8CFX1	H6pd	0.691239714444308	1.6146704161456422	32.0277891872192	1.85502907200338	0.120751869043319	0.998030532995944	-4.49203967613274	0	NS
O88569	Hnrnpa2b1	0.133495664137892	1.0969484004409888	33.5311490931424	0.376606533274702	0.721408237601937	0.998030532995944	-5.84838360096806	0	NS
Q8CG16;Q8CFG9	C1ra;C1rb	0.194921563750417	1.1446619260815647	33.1704029325525	0.448322438751634	0.672061008639817	0.998030532995944	-5.81667985278145	0	NS
Q8K2I4	Manba	0.268721630347464	1.2047398366423727	31.3063502836863	0.509759006022542	0.63120118711506	0.998030532995944	-5.78550544400589	0	NS
Q640N1	Aebp1	0.0951694631785908	1.068190873502809	30.564764060963	0.067566976513779	0.948801916953695	0.998030532995944	-5.92339962932608	0	NS
Q61207	Psap	-0.302013018872063	0.8111198360031068	33.4079557543322	-0.57460995024521	0.589621102174143	0.998030532995944	-5.74873229580183	0	NS
Q8CG19	Ltbp1	0.404109708271771	1.3232720629554968	30.6629783678127	0.879042111568103	0.418299468708393	0.998030532995944	-5.52832019283509	0	NS
O35887	Calu	0.0653547659690877	1.0463422089729164	33.9657699885576	0.166915893773439	0.873760158816216	0.998030532995944	-5.91053923883528	0	NS
P68369	Tuba1a	10.5478312917002	1496.9717615235043	29.1844881502345	9.50851633776373	0.0001796840691461	0.116075908668444	0.617697897515816	1	NS
Q3TXS7	Psmd1	-0.0743925835988897	0.9497419056365068	30.2852570654672	-0.159011610706064	0.879677054089209	0.998030532995944	-5.91196099864051	0	NS
O08638	Myh11	1.35727825638406	2.5620138173474776	27.6413740162229	1.59485443008168	0.169630016921475	0.998030532995944	-4.79578481131884	0	NS
Q9QUR6	Prep	0.420157497744205	1.3380736231292643	30.9517956653694	1.03160792471882	0.348013426868828	0.998030532995944	-5.39258780945493	0	NS
P06745	Gpi	0.217023425538005	1.1623329805672251	34.8401431348653	0.641022520345297	0.548803342404904	0.998030532995944	-5.70713177130832	0	NS
Q60854	Serpinb6	0.249449316248752	1.1887532754541255	33.6018880748763	0.611055425824781	0.566994065094957	0.998030532995944	-5.72638492472463	0	NS
Q9D0F9	Pgm1	0.0617629204078867	1.0437403943721888	32.9184066855597	0.17002290707329	0.871436858645105	0.998030532995944	-5.90996170808526	0	NS
Q922R8	Pdia6	1.0159308162763	2.022207185436815	33.4668334020508	2.11060067934556	0.0866487548441077	0.998030532995944	-4.18872137485116	0	NS
Q61425	Hadh	0.617770596483015	1.534502074810183	33.049621744656	0.967869547729597	0.3761162673658	0.998030532995944	-5.45106819873229	0	NS
P21180	C2	0.348648207710259	1.273366934791157	31.5886522724577	0.909912485008464	0.403237439846743	0.998030532995944	-5.50206093641643	0	NS
Q04998	Inhba	0.403509078899865	1.3227212669647228	31.3247289358851	0.722867183824836	0.501087520911995	0.998030532995944	-5.65066426671091	0	NS
Q61581	Igfbp7	0.318641142598175	1.2471553146732877	34.483646302464	0.442283338097931	0.67615033150617	0.998030532995944	-5.81954664808638	0	NS
P68372;Q9D6F9	Tubb4b;Tubb4a	0.34410002927747	1.2693588939824576	33.7882079211144	0.844465227256233	0.435680902117365	0.998030532995944	-5.55695303865512	0	NS
Q9JII6	Akr1a1	0.123337188244726	1.0892515666417442	33.4390986469872	0.318101832529431	0.762839325408295	0.998030532995944	-5.87038405599504	0	NS
Q8CI94	Pygb	0.313346649137496	1.2425868132758255	30.9619516735978	0.690136571314551	0.519819433882173	0.998030532995944	-5.67391387043482	0	NS
P05201	Got1	0.426679101781936	1.3441359851422723	32.4383010452378	0.972476537854224	0.374024800541354	0.998030532995944	-5.44692342986602	0	NS
P29758	Oat	0.333091147521884	1.2597095641802576	33.1157598714099	0.726683716771587	0.49893406195813	0.998030532995944	-5.64789674309285	0	NS
P17563;Q63836	Selenbp1;Selenbp2	0.507022559744977	1.4211142652891762	33.1263025103094	1.11161255573949	0.315237942062672	0.998030532995944	-5.31591468110744	0	NS
Q02257	Jup	0.596224000895694	1.5117546335689782	27.2896660824588	0.663783132446345	0.535242098405641	0.998030532995944	-5.69199105476702	0	NS
Q8VCM7	Fgg	-0.35742127562245	0.78055853154369	33.5450410894041	-0.541621076601269	0.610566191343159	0.998030532995944	-5.76792470343481	0	NS
P00342	Ldhc	0.0842493108325586	1.0601359687121232	33.7366730317795	0.119319004109576	0.909514669074686	0.998030532995944	-5.91806651239524	0	NS
E9PV24	Fga	-0.637146712279952	0.6429833513538755	33.1348819953021	-1.15541626034812	0.298439388862731	0.998030532995944	-5.27252013711762	0	NS
Q9JMB7	Piwil1	-0.102051416488498	0.9317072234185403	25.5146469154421	-0.0280255129407993	0.978747892753846	0.999971162684518	-5.92551531799192	2	NS
P07214	Sparc	0.386589027210898	1.3072988922741535	37.4230809390005	1.229765584991	0.271717757849953	0.998030532995944	-5.19678580911888	0	NS
Q8BND5	Qsox1	-0.157313977584295	0.8966929887291338	33.3227923373588	-0.291212199553183	0.782196105955905	0.998030532995944	-5.87930421184108	0	NS
P10605	Ctsb	0.118472461621996	1.0855848269014663	34.3031320585715	0.251764182592019	0.810912508434994	0.998030532995944	-5.891010619125	0	NS
Q6GQT1	A2mp	0.675699401544159	1.5973709716483961	28.1871552481293	0.93557204149454	0.391044351743723	0.998030532995944	-5.47975129994541	0	NS
Q9QUR8	Sema7a	-0.0954323393472646	0.9359917122731284	31.921916120659	-0.190543915248027	0.85612981607811	0.998030532995944	-5.90588331917585	0	NS
Q8K4G1	Ltbp4	-0.0056630470840853	0.9960823688984692	29.026602817523	-0.0075456178248387	0.994261669150243	0.999971162684518	-5.92592356790087	0	NS
Q8VDD5	Myh9	1.17396416286517	2.2563082265977905	28.9248963919586	0.905983955692419	0.405130359802924	0.998030532995944	-5.50543828809544	0	NS
P05214	Tuba3a	0.934428252873429	1.911133093662344	28.0711286352149	0.500463466627803	0.638422176005888	0.998030532995944	-5.78939321010489	0	NS
Q62318	Trim28	-0.105157265741503	0.9297035916762354	28.9963235248815	-0.100760236048478	0.923526794784508	0.998030532995944	-5.92032728385904	0	NS
O55029	Copb2	0.150756297734861	1.1101512893257688	30.606378901028	0.319645578967915	0.761733763756878	0.998030532995944	-5.86984899301898	0	NS
Q9ERK4	Cse1l	0.16665779801625	1.1224551482420455	30.1841719944439	0.272244472517963	0.795958576941944	0.998030532995944	-5.88513890392131	0	NS
P28271	Aco1	0.385499826351643	1.3063122848055158	30.8274178808867	0.824024468188649	0.446210437793623	0.998030532995944	-5.57348047100727	0	NS
Q99JY9	Actr3	0.747642511350591	1.6790468795332836	32.4197717112041	2.04725990579553	0.0940410079441524	0.998030532995944	-4.26398406375706	0	NS
Q9EQK5	Mvp	1.7913851417047	3.4614707128350197	29.1177725962187	1.28686169779868	0.253160729323543	0.998030532995944	-5.1368175533641	0	NS
P24549	Aldh1a1	0.101456206403145	1.0728558197010105	33.0292140778991	0.214810603389704	0.838120648443979	0.998030532995944	-5.90047102264987	0	NS
P99024	Tubb5	-0.0649394100143527	0.9559854660157708	31.9340174727751	-0.159770410271095	0.87910865072159	0.998030532995944	-5.91182747201805	0	NS
B2RQC6	Cad	1.09908638836793	2.1421899165611955	26.5822966246919	1.19650963747237	0.283396326880542	0.998030532995944	-5.23097081368265	0	NS
P10630	Eif4a2	0.532086866368938	1.4460193584546277	29.3511575738033	0.618548195340348	0.562410352107011	0.998030532995944	-5.72164447866802	0	NS
P10126	Eef1a1	0.137922354966487	1.1003193892035363	33.6507492240103	0.361483929229531	0.732022467745278	0.998030532995944	-5.85440752972328	0	NS
Q8R016	Blmh	0.825857440234121	1.772588231606875	32.1806026935495	1.61854920245689	0.164464492863852	0.998030532995944	-4.76853949633059	0	NS
Q00519	Xdh	0.652680145596075	1.5720860044609801	29.8120338672207	1.34578643272393	0.234296508328179	0.998030532995944	-5.07398679267186	0	NS
Q9JHU9	Isyna1	0.136077326874232	1.0989131165379833	34.6992827713153	0.375853942644526	0.721934828563665	0.998030532995944	-5.84868889776749	0	NS
P16125	Ldhb	0.332931314151099	1.259570011144221	35.3782632707183	0.692525086568667	0.518436560139567	0.998030532995944	-5.67224689120215	0	NS
P24527	Lta4h	-0.197842927727338	0.8718531566874688	32.3355991060549	-0.46524779796588	0.660668185440215	0.998030532995944	-5.80845520766699	0	NS
Q62356	Fstl1	0.672062552537211	1.593349275694317	33.5169763120779	1.36763455036147	0.227802923097056	0.998030532995944	-5.05030585176885	0	NS
Q91WP6	Serpina3n	0.3342964089302	1.2607623949311364	34.6416238862473	0.569324602022709	0.592947543486497	0.998030532995944	-5.75187407353843	0	NS
Q8BH34	Sema3d	-0.0420547314573731	0.9712706477914784	31.8341535203286	-0.0722666396120469	0.945098670992593	0.998030532995944	-5.92305873237809	0	NS
O08999	Ltbp2	0.236857606626119	1.1784230922242895	30.0838161665515	0.209557836286291	0.842009927473106	0.998030532995944	-5.90169656540131	0	NS
P35951	Ldlr	0.395021940143884	1.31496275767641	30.9784458597401	0.915520239559607	0.400547438882285	0.998030532995944	-5.49722220179518	0	NS
P15116	Cdh2	-0.496508873404456	0.7088199558134152	31.7519219650566	-0.991093846064546	0.365668919760043	0.998030532995944	-5.43004137056672	0	NS
P63005	Pafah1b1	0.870499455320496	1.8282957396674817	30.5683047589703	1.37123022104312	0.226750405595053	0.998030532995944	-5.04639308150825	0	NS
P68510	Ywhah	-0.614611959811699	0.6531055350404843	33.2212865711085	-1.41422644050866	0.21451179965064	0.998030532995944	-4.99928130966378	0	NS
Q91VI7	Rnh1	0.647329411097116	1.5662661778286693	32.8624333267048	1.45662829416976	0.20305355322682	0.998030532995944	-4.95226975546605	0	NS
Q9EQH3	Vps35	0.837268547890788	1.7866642491786229	29.6838651043992	0.930147417331014	0.393597416049195	0.998030532995944	-5.48450355696948	0	NS
Q60864	Stip1	0.951480044587341	1.933855561187807	29.9881530572374	2.00432780403879	0.0994232632212005	0.998030532995944	-4.31500405338729	0	NS
P45376	Akr1b1	0.350000026798232	1.2745606509943777	33.35074180793	0.805723833238817	0.455797682309581	0.998030532995944	-5.58801920752298	0	NS
Q8JZQ9	Eif3b	0.446852525975856	1.3630632661925672	29.9169552366957	0.686449078752696	0.5219592680856	0.998030532995944	-5.67647815877305	0	NS
Q04447	Ckb	-0.230148544268021	0.8525471064064081	32.9435466600835	-0.593767157060194	0.577659310796838	0.998030532995944	-5.73713348042333	0	NS
Q8CIE6	Copa	0.218494779556398	1.163519007854954	29.7569412486236	0.446006785226447	0.673627538321345	0.998030532995944	-5.81778333830734	0	NS
P56399	Usp5	-0.0556666726390348	0.9621497287936881	30.4016361260296	-0.117079293393987	0.911203836473693	0.998030532995944	-5.91835947053253	0	NS
Q9CPV4	Glod4	1.43793430536572	2.709326580129703	31.3812865167788	2.81308421665082	0.0359869012770322	0.998030532995944	-3.37404951589665	0	NS
Q91YI0	Asl	0.93335631994979	1.9097136352527704	31.232529441033	2.01821808377097	0.0976476814763564	0.998030532995944	-4.2984984721658	0	NS
P48774	Gstm5	-0.162016210415236	0.8937751196611342	32.3297941824256	-0.303687216532197	0.773192745200193	0.998030532995944	-5.87526006970641	0	NS
Q6WKZ8	Ubr2	1.14176807399454	2.206512735105711	25.9628922145819	0.609938786002108	0.567679179088487	0.998030532995944	-5.72708716012575	0	NS
P06797	Ctsl	0.203110705966064	1.1511778241770314	35.9100089985807	0.517401609339539	0.626215991487658	0.998030532995944	-5.78137516970528	0	NS
P08122	Col4a2	0.0905153011835322	1.0647504216322607	32.5696426724963	0.152510258810188	0.884550401440327	0.998030532995944	-5.91307925263568	0	NS
Q8BPB5	Efemp1	-0.140333667559782	0.9073092878960468	33.2213305820846	-0.360862063767553	0.732460407236411	0.998030532995944	-5.85465024318123	0	NS
Q9WVA4	Tagln2	-0.220083266741163	0.8585158848132453	32.4746077721239	-0.430372580670413	0.684252342380714	0.998030532995944	-5.82509552450757	0	NS
P61982	Ywhag	0.664516959888059	1.5850374854577782	33.663095926473	1.70395872751777	0.147099650302676	0.998030532995944	-4.66952032587492	0	NS
P35487	Pdha2	0.0253632959691733	1.017735943636101	30.3022404346065	0.0279220307947434	0.978768759293362	0.999971162684518	-5.92552256814333	0	NS
P30416	Fkbp4	0.783865348783633	1.7217376740450698	30.6618004713061	1.31765668098266	0.242909304981354	0.998030532995944	-5.10423047980662	0	NS
Q9CVB6	Arpc2	0.806149161365295	1.748538014184237	31.9296925713012	1.52688072508731	0.185342207156416	0.998030532995944	-4.87330238967801	0	NS
P50396	Gdi1	0.272575749551426	1.207962568015737	30.8576965086053	0.495206074359662	0.640754898867876	0.998030532995944	-5.79321739572992	0	NS
P35700	Prdx1	-0.367548165331987	0.7750986444867913	35.6037284096489	-0.917028407324462	0.399826395363229	0.998030532995944	-5.4959173085453	0	NS
O08709	Prdx6	0.245011801648853	1.1851024653714854	34.3131739829599	0.397139260122243	0.707109166705278	0.998030532995944	-5.83983282003956	0	NS
Q9CR16	Ppid	0.13575528685674	1.0986678432862755	31.1839255485277	0.32695094476389	0.756510688490725	0.998030532995944	-5.86728330304796	0	NS
Q9QUM9	Psma6	-0.602467622098191	0.6586264600524986	33.373408557457	-1.68962499549549	0.149881421597861	0.998030532995944	-4.68621844170634	0	NS
Q8K1J6	Trnt1	1.15575822324302	2.2280138844598714	30.4168147282552	1.45488068078503	0.203514121401901	0.998030532995944	-4.95421755152379	0	NS
O70435	Psma3	0.0832896786716285	1.0594310364385844	33.1135859357232	0.193633626103148	0.853831088747618	0.998030532995944	-5.90522963031027	0	NS
Q9R1P0	Psma4	0.552321127759853	1.4664431346834588	32.7675642073847	1.48008426797008	0.196967210018354	0.998030532995944	-4.92604616841473	0	NS
P29341	Pabpc1	0.299188733401446	1.2304523020237201	30.8166212707547	0.725908651603159	0.499370866260877	0.998030532995944	-5.64845971954965	0	NS
Q9R1P4	Psma1	0.108544506528574	1.078139983268638	33.3586509636758	0.305481111828956	0.771901318655262	0.998030532995944	-5.87466509265066	0	NS
P47962	Rpl5	0.57193397274076	1.4865149501263029	31.9236805787046	1.36138660824562	0.229642629938806	0.998030532995944	-5.05709450601953	0	NS
P08249	Mdh2	0.488477536576186	1.4029635591256882	34.653872662632	1.02490708436894	0.350883900178575	0.998030532995944	-5.39884864504011	0	NS
Q8C7R4	Uba6	0.490213786777293	1.4046530098085845	25.5960867659026	0.2052250735166	0.845221832188594	0.998030532995944	-5.90268503250987	0	NS
Q3V1G4	Olfml2b	-0.526838680273138	0.6940739653493256	29.8309385943515	-0.485640693259187	0.647077366864846	0.998030532995944	-5.7981764318778	0	NS
Q61398	Pcolce	0.281265891609723	1.215260746276657	33.4468443683258	0.777520778669575	0.470868188015585	0.998030532995944	-5.60993609935541	0	NS
Q8BRK9	Man2a2	0.626693259560207	1.5440219470930738	28.8647209373314	0.928595251704358	0.394330361657219	0.998030532995944	-5.48585982655919	0	NS
Q76MZ3	Ppp2r1a	-0.192735734093385	0.8749450184289593	30.989547939012	-0.452422552074808	0.669291882657995	0.998030532995944	-5.81471312685585	0	NS
Q9CZ44	Nsfl1c	1.07758913543268	2.1105062994018895	30.0478250844907	1.2097028214624	0.278710826128637	0.998030532995944	-5.21746730398136	0	NS
P24369	Ppib	-0.568756555680148	0.6741976222272031	34.1469413735224	-1.15892128550931	0.297129510360142	0.998030532995944	-5.26900718192909	0	NS
Q6P5H2	Nes	2.00710474771495	4.019747127185045	27.1263639631687	2.60786803525079	0.0462148973921811	0.998030532995944	-3.60620204795972	0	NS
Q9DBJ1	Pgam1	-1.68419964670118e-05	0.9999883260857746	34.2027029172971	-3.79191970397513e-05	0.999971162684518	0.999971162684518	-5.92595516139059	0	NS
Q5XJY5	Arcn1	0.402545642906632	1.3218382446859764	29.8656548835065	0.645531658177352	0.546099093931195	0.998030532995944	-5.7041673915604	0	NS
Q9Z1Z0	Uso1	0.602475343440638	1.5183194309584218	29.0741735355366	0.892661577760428	0.41160138219427	0.998030532995944	-5.5168145522505	0	NS
P62908	Rps3	0.669639282876667	1.5906752011738932	29.8961927360287	0.771278625538991	0.474252073639801	0.998030532995944	-5.61470542337803	0	NS
P61202	Cops2	1.53388795666721	2.8956514524368924	29.5634395236103	2.7513368299663	0.0387752548210554	0.998030532995944	-3.44324154342618	0	NS
P26443	Glud1	0.421294890378808	1.3391289502234356	30.9675494603006	1.04807207798697	0.34104360738829	0.998030532995944	-5.37709606893675	0	NS
Q9Z1N5	Ddx39b	0.351346483957094	1.2757507447735834	32.4412886598057	0.879629032879056	0.418009092733425	0.998030532995944	-5.52782698218785	0	NS
Q9R1P3	Psmb2	-0.0220920312063354	0.9848036191155103	32.0539404104679	-0.0556398141005447	0.957712294448104	0.998809768174366	-5.92423783128426	0	NS
Q9CPY7	Lap3	0.614408652128827	1.530930353728991	31.6549430447675	1.58236851055506	0.172415518091504	0.998030532995944	-4.81009747542976	0	NS
Q8BWT1	Acaa2	0.312767364372573	1.2420879780430607	31.4295569283215	0.624466006272997	0.558806755524088	0.998030532995944	-5.71786568276728	0	NS
P08228	Sod1	-0.730294353714096	0.6027809156384487	33.8736737634573	-1.90914437103544	0.112524558776289	0.998030532995944	-4.42798538700724	0	NS
P56480	Atp5b	-0.139886376165443	0.9075906325622781	32.5749144841538	-0.292833714154119	0.78102363446613	0.998030532995944	-5.87878780084179	0	NS
Q7TMM9	Tubb2a	1.22796523661864	2.3423639198291784	24.5429411105454	0.734468713779873	0.494561444220311	0.998030532995944	-5.64221540684697	1	NS
Q60841	Reln	-0.0634727469542378	0.956957827791464	24.4064712053837	-0.0280622698126433	0.978662158223476	0.999971162684518	-5.92551821215886	2	NS
P29268	Ctgf	-0.183251512186778	0.8807158211823205	33.3633782725975	-0.175461023130281	0.86774084779286	0.998030532995944	-5.90877079469542	0	NS
Q810U4	Nrcam	0.317244291001958	1.245948373671953	29.4432811815185	0.50932859524679	0.631482599529309	0.998030532995944	-5.78573641044475	0	NS
Q9WU78	Pdcd6ip	0.177452715210209	1.130885381329624	30.3478011461419	0.144889102350567	0.890572058668018	0.998030532995944	-5.91422493836038	0	NS
Q9DBC7	Prkar1a	0.140435427129792	1.1022377376580266	30.54084101265	0.31135118865459	0.767681263872858	0.998030532995944	-5.87269462743817	0	NS
Q9ER72	Cars	1.14577244756217	2.212645683962555	28.9104209959559	1.72403015333637	0.143290643091963	0.998030532995944	-4.64608970699812	0	NS
Q922B2	Dars	0.373903692149632	1.2958544571143291	30.1788059733989	0.579976530407585	0.586255109976411	0.998030532995944	-5.74551636700487	0	NS
Q8VIJ6	Sfpq	0.565526718284	1.4799277223150409	28.8474838737066	0.807386261386663	0.454920535912806	0.998030532995944	-5.58670871428142	0	NS
Q9Z2X1	Hnrnpf	0.837392964128554	1.7868183355399248	31.3442226473266	1.89828432530372	0.11412835277353	0.998030532995944	-4.44085374782893	0	NS
Q8BG32	Psmd11	-0.0831455439862838	0.9439971806976313	30.3610919555799	-0.119521913690712	0.909361663083016	0.998030532995944	-5.91803969882066	0	NS
Q9R0P5	Dstn	0.442886686755397	1.359321472859035	31.7507013628654	1.04186189014066	0.343658755037737	0.998030532995944	-5.38295748054577	0	NS
Q3THS6	Mat2a	0.625979422861248	1.5432581634328275	29.7909285875333	1.08356945606409	0.326414672518473	0.998030532995944	-5.34318311147978	0	NS
P80318	Cct3	-0.290310328332048	0.8177261441213808	30.1804322211625	-0.520713153549345	0.624062820890086	0.998030532995944	-5.77956844528524	0	NS
Q9JIF7	Copb1	0.08934822027411	1.0638894306643982	29.8404918532354	0.189352583773878	0.857016589744104	0.998030532995944	-5.90613260194576	0	NS
Q9CQV8	Ywhab	-0.397163561868195	0.7593497506870394	33.0107289385683	-0.92685606600046	0.395152904305943	0.998030532995944	-5.48737765138617	0	NS
P47757	Capzb	0.342795951976767	1.2682120166783812	31.1750124065719	0.870599658353746	0.422493541330862	0.998030532995944	-5.53538839270928	0	NS
Q9JIF0	Prmt1	-0.157460572051416	0.8966018790012118	30.9935842502876	-0.36240264405467	0.731375686185002	0.998030532995944	-5.85404823192007	0	NS
P45377	Akr1b8	0.376672247495515	1.2983436105809087	33.2539880622545	1.04070413250367	0.34414814415375	0.998030532995944	-5.38404781305475	0	NS
Q9R1T2	Sae1	-0.0905007891136174	0.9391966781454039	29.7854683918588	-0.131882122065828	0.900049926179256	0.998030532995944	-5.9163209980581	0	NS
Q9Z2W0	Dnpep	0.272426069359833	1.2078372479138701	32.4903825033084	0.549558962288678	0.605486779041305	0.998030532995944	-5.76339776037783	0	NS
P19324	Serpinh1	0.682452100672419	1.6048651742136868	32.5162309782861	1.86219829118579	0.119627521846761	0.998030532995944	-4.48356439820984	0	NS
O35660	Gstm6	-0.0734190122094221	0.9503830346192834	31.5774274694007	-0.128187796744348	0.902831283422828	0.998030532995944	-5.91685228782346	0	NS
P14152	Mdh1	0.782259972659818	1.7198228554673218	33.9737041962921	2.16704760190829	0.0805743721075476	0.998030532995944	-4.12172009479643	0	NS
Q9CWF2	Tubb2b	-1.41712216010421	0.3744585250135318	23.913632515563	-0.628583275907522	0.556308276992143	0.998030532995944	-5.71521859055505	2	NS
O88968	Tcn2	0.371256567420353	1.2934789424154594	32.6618610197924	0.61246443852214	0.566130307991291	0.998030532995944	-5.72549725344384	0	NS
P97290	Serping1	0.713277143907457	1.639524140101512	33.0244796840176	1.04375868287503	0.342858230137918	0.998030532995944	-5.38116951723313	0	NS
Q08761	Pros1	0.45433630779038	1.3701523400445696	31.1182067976305	0.835830908903011	0.440105613267998	0.998030532995944	-5.5639710959587	0	NS
P18242	Ctsd	0.443152675116127	1.3595721128159586	33.9404477499373	0.668116970986231	0.532685143276577	0.998030532995944	-5.68905824212946	0	NS
Q9R118	Htra1	-0.629142001891787	0.646560822986602	31.2992298928348	-1.37198503783856	0.226530033204425	0.998030532995944	-5.04557115236104	0	NS
Q61696;P17879	Hspa1a;Hspa1b	-0.0406369067850771	0.9722256440634661	28.4666620145376	-0.0628610489736416	0.952232089439651	0.998030532995944	-5.92376332889559	0	NS
P23249	Mov10	-0.660274792593811	0.6327577630521708	26.7884932813356	-0.493933493306394	0.641594088665842	0.998030532995944	-5.79388219049428	0	NS
P31254	Uba1y	1.21385774917008	2.319570586308331	25.4428555445312	0.657014906726486	0.539251533767048	0.998030532995944	-5.69653949784216	1	NS
Q8VI75	Ipo4	0.640161244145474	1.5585033371540526	28.7404130290712	0.896636736342043	0.409662169719492	0.998030532995944	-5.51343258502744	0	NS
Q91YR9	Ptgr1	0.399834465491516	1.3193565194138241	32.2469184680132	0.886290606081716	0.414724219093049	0.998030532995944	-5.52221246956237	0	NS
P68040	Gnb2l1	0.993201676324413	1.9905976925811282	31.2496842029688	2.41462680550011	0.0587997643367469	0.998030532995944	-3.8299341283085	0	NS
Q9WV32	Arpc1b	0.186669411650211	1.138133200086313	31.3761149686744	0.47217383703044	0.656035468112374	0.998030532995944	-5.80500926007369	0	NS
Q9WVJ2	Psmd13	0.285267537753738	1.2186362303294092	30.4031815306581	0.54289743671151	0.609747782021882	0.998030532995944	-5.76720072802686	0	NS
P45591	Cfl2	0.145371364963732	1.10601531672249	30.8266582508574	0.319185685837421	0.762063051880972	0.998030532995944	-5.87000865182675	0	NS
Q8BWZ3	Naa25	3.13186031905213	8.765645405483008	29.1871525143122	3.61993873200697	0.014326708931223	0.998030532995944	-2.53193926398298	0	NS
P31001	Des	0.353231892619078	1.2774190695622305	29.6877173451394	0.521774944140784	0.623373332787388	0.998030532995944	-5.77898696959949	0	NS
Q9JKB1;P58321	Uchl3;Uchl4	-0.316876460710799	0.80280613079222	30.5975160172095	-0.677942983241528	0.526917920406116	0.998030532995944	-5.68235023965881	0	NS
P54227	Stmn1	-0.0861627823776889	0.9420249772081836	31.0444651292882	-0.146817617861056	0.888822271037835	0.998030532995944	-5.91402043941587	0	NS
Q9Z2U0	Psma7	0.058798471741523	1.0415979193401474	33.2174306173565	0.155534709505013	0.882282575218967	0.998030532995944	-5.91256478539635	0	NS
Q9DCJ9	Npl	2.02106910817016	4.058844608982358	30.1274783195302	2.35528949620916	0.0633724776515574	0.998030532995944	-3.89944079674529	0	NS
O08749	Dld	0.837643182825907	1.7871282653016847	32.8407527518527	1.82536352101063	0.125519840460149	0.998030532995944	-4.5270685694456	0	NS
Q99LX0	Park7	0.005238436314111	1.0036376074548103	32.7292331359132	0.0132615412196229	0.989915032384396	0.999971162684518	-5.92585757301941	0	NS
P10518	Alad	0.963713975176308	1.9503242187091256	31.6822637139224	2.10678088791558	0.0870768308436981	0.998030532995944	-4.19325848239772	0	NS
P53026	Rpl10a	0.0560565815964982	1.039620207629567	33.2901900075922	0.132911621023832	0.899275129496378	0.998030532995944	-5.91617027327997	0	NS
P47877	Igfbp2	0.455672503378739	1.3714219358659105	30.4237271379921	0.311281063164469	0.768400345029471	0.998030532995944	-5.87225518710949	0	NS
P97298	Serpinf1	0.87122351997756	1.8292135612052975	33.1485991857981	1.00080713761691	0.36137023842455	0.998030532995944	-5.4211501466617	0	NS
Q04592	Pcsk5	0.319983847807122	1.2483165728620764	29.8503902782953	0.645377545674728	0.546191376151696	0.998030532995944	-5.70426899582756	0	NS
O09164	Sod3	0.0644896834554936	1.0457149793833063	33.1866748957278	0.115036148677067	0.912745215819843	0.998030532995944	-5.91862190288792	0	NS
Q62179	Sema4b	0.617708862960232	1.5344364142309426	30.0654706222188	1.24589439033621	0.266210227421917	0.998030532995944	-5.1800345390976	0	NS
Q60675	Lama2	0.69876024658817	1.6231094040756149	25.9444917375024	0.655109321189164	0.54038393968681	0.998030532995944	-5.69781309141838	0	NS
P29533	Vcam1	-0.0689078855561279	0.9533594142634313	30.5452891378895	-0.0880635379095281	0.933131314656668	0.998030532995944	-5.92165518627244	0	NS
Q9R0E2	Plod1	-0.416862631091379	0.7490517861844797	30.3533413930111	-0.655599698360345	0.540092381029906	0.998030532995944	-5.69748564418583	0	NS
P54923	Adprh	-0.0767213039616514	0.9482101201776415	30.1727412354867	-0.12419187200886	0.905841469460706	0.998030532995944	-5.91741007169307	0	NS
Q9JMH6	Txnrd1	0.210410402153495	1.1570172727524277	32.5087827481213	0.54086148398086	0.611053549826323	0.998030532995944	-5.76835484288427	0	NS
P61979	Hnrnpk	0.654582423222241	1.5741602588377972	30.5006164055169	1.53201614493637	0.184107456197918	0.998030532995944	-4.86748176251784	0	NS
P11983	Tcp1	-2.31972185108612	0.20030608431441532	31.5923932744077	-4.22951614583808	0.0076404389811626	0.99160661699478	-1.97874593022034	0	NS
Q9D1Q6	Erp44	0.192149613261852	1.1424647188787744	31.1453480801217	0.414948436792643	0.694815409790015	0.998030532995944	-5.83207242954918	0	NS
Q9CQI6	Cotl1	-0.320885043579434	0.8005785995937152	31.2078684397316	-0.791366913355067	0.463424659590681	0.998030532995944	-5.5992509977326	0	NS
Q99JI4	Psmd6	-1.00716022554005	0.49752460281826727	30.8976673747792	-1.59408044145332	0.169801401093286	0.998030532995944	-4.79667294510184	0	NS
P23492	Pnp	0.507704714437563	1.421786374751351	32.204457101346	1.19435925521825	0.284166610860078	0.998030532995944	-5.23316437749522	0	NS
Q7TMK9	Syncrip	1.14706960311318	2.214636011952216	29.3434261779315	1.66917482695406	0.153940964164986	0.998030532995944	-4.7099888635857	0	NS
Q6PDN3	Mylk	0.764993321558759	1.6993621316692578	30.000003259953	1.48987207164552	0.194479332101543	0.998030532995944	-4.9150601502745	0	NS
Q00915	Rbp1	-0.372196259348506	0.7726054398707041	31.2885933111332	-0.580512779435422	0.585919410283566	0.998030532995944	-5.7451935908185	0	NS
Q9WUB3	Pygm	-0.423355076966316	0.7456884614685897	28.7850797892084	-0.676576463430055	0.527717471089639	0.998030532995944	-5.68328797631297	0	NS
P17742	Ppia	-0.458541453836906	0.7277216040833987	35.4419490099929	-1.00421195035432	0.359873263531007	0.998030532995944	-5.41802015721434	0	NS
Q64737	Gart	0.888123933015619	1.850767837274872	28.9787543696361	1.5113116060618	0.189134626081278	0.998030532995944	-4.89091049844847	0	NS
Q921M7	Fam49b	0.639783102375458	1.5580948946448416	30.4126375170655	1.05464715498192	0.338293003162664	0.998030532995944	-5.37086672446381	0	NS
P21981	Tgm2	-0.378459176963021	0.7692587335840876	30.358976459263	-0.8061644126503	0.455565098133747	0.998030532995944	-5.58767209826572	0	NS
P57759	Erp29	0.0108707750304369	1.0075635069673006	32.0230963581039	0.0270601965678297	0.979423883467337	0.999971162684518	-5.92554885869798	0	NS
Q62348	Tsn	0.34331219096058	1.2686659016740096	31.7587747399401	0.757907563790362	0.481559350882449	0.998030532995944	-5.62482062944697	0	NS
P47791	Gsr	0.0389087399631833	1.0273364514743164	31.8392079728776	0.0984261106903391	0.925291419641157	0.998030532995944	-5.92058474747741	0	NS
P58389	Ppp2r4	0.966296938362306	1.9538191554867859	30.7867310309655	1.03383339126893	0.347064424196097	0.998030532995944	-5.39050277948277	0	NS
Q9JHW2	Nit2	1.12002672823054	2.173509992424203	30.5208960129739	2.40475984475914	0.0595348729416472	0.998030532995944	-3.84146906281658	0	NS
Q9QXT0	Cnpy2	0.261902650369561	1.199059001411362	30.3019568793671	0.421467618063159	0.690341131591437	0.998030532995944	-5.82915241446935	0	NS
P97807	Fh	0.694100342423628	1.6178752193776604	31.377678230711	1.61010736355595	0.166286904459792	0.998030532995944	-4.77825857959923	0	NS
Q64433	Hspe1	0.0503448330597109	1.0355124025038063	32.1874278919793	0.109233523241533	0.917125130654996	0.998030532995944	-5.91934216203359	0	NS
Q9ERD7	Tubb3	0.746060180730123	1.6772063305809692	22.690193516527	0.386504548694859	0.714498782269347	0.998030532995944	-5.84431485435495	1	NS
Q9ER58	Spock2	0.0704756122686727	1.0500628000394225	30.9727805960024	0.0740144663278254	0.943773692806897	0.998030532995944	-5.92291701332462	0	NS
O54782	Man2b2	0.492302318563202	1.4066879422605514	29.866431611372	0.966068260593509	0.376936577355859	0.998030532995944	-5.45268518459293	0	NS
P70699	Gaa	0.209038353967068	1.155917436146791	29.0130232652503	0.374265482474483	0.723046848792746	0.998030532995944	-5.84933138336786	0	NS
P70458	Serpina5	0.387488040907804	1.308113787896516	29.7855494550697	0.620694951108544	0.561101404334814	0.998030532995944	-5.72027721479473	0	NS
Q9WV54	Asah1	0.467364099688145	1.3825810909516651	31.3630966537008	0.874672600058835	0.420466150612246	0.998030532995944	-5.53198458901801	0	NS
P51655	Gpc4	1.83693735036231	3.5725082683714984	29.7791213264423	1.95175239923112	0.106452610672826	0.998030532995944	-4.37744611634792	0	NS
Q61112	Sdf4	0.254527613914542	1.1929450693932309	32.3882309771442	0.630207316445163	0.555324729536188	0.998030532995944	-5.71417040004229	0	NS
O70456	Sfn	0.546187077145532	1.4602213481951503	30.4994996524367	0.612699186941634	0.565986482353998	0.998030532995944	-5.72534919319496	0	NS
O09131	Gsto1	-0.0122312505017367	0.9915577805749385	30.8595631702476	-0.0150806139776528	0.988531804718907	0.999971162684518	-5.92582896509436	0	NS
P50580	Pa2g4	1.36480344442203	2.5754123559285755	29.3802699804351	2.14968223456269	0.0823938678673346	0.998030532995944	-4.14232181185805	0	NS
Q99K85	Psat1	-0.298783756227217	0.8129374430392371	31.0575611576287	-0.476609830044116	0.653077379718567	0.998030532995944	-5.80277782009861	0	NS
Q9ET01	Pygl	-0.301483944189693	0.8114173497923197	27.8616801147769	-0.410292910539281	0.69801919166797	0.998030532995944	-5.83413174941094	0	NS
P17751	Tpi1	-0.643627629696915	0.6401014005270707	32.9953033718069	-1.0229927682061	0.351707546792548	0.998030532995944	-5.400632507483	0	NS
Q6ZWX6	Eif2s1	0.491937596514836	1.406332367972465	29.6833474932145	0.999989031539206	0.361730691500091	0.998030532995944	-5.42190119063196	0	NS
P63242;Q8BGY2	Eif5a;Eif5a2	-0.541171769552838	0.6872125223054112	31.534805104016	-1.36802585424079	0.22768816119928	0.998030532995944	-5.04988024795609	0	NS
Q9D8W5	Psmd12	1.08068339402882	2.115037721680301	30.2494794092954	2.28885742035203	0.0689482367554257	0.998030532995944	-3.97761718984033	0	NS
Q9WTX6	Cul1	1.04651706217284	2.0655372272515624	27.7535983134262	0.896954032944596	0.40950768915972	0.998030532995944	-5.51316217691966	0	NS
P53810	Pitpna	0.337867119232259	1.2638866816339418	29.2802924445831	0.619504883021395	0.561826789199007	0.998030532995944	-5.72103566479095	0	NS
P40336	Vps26a	0.978822060375814	1.9708555768148583	29.5883941323246	1.18938988723554	0.285953770331846	0.998030532995944	-5.23822551508391	0	NS
P07724	Alb	0.319781865400373	1.2481418163616762	29.5645033478907	0.296156377131714	0.778623154709969	0.998030532995944	-5.87772097477729	0	NS
Q9D0I9	Rars	1.3251757911938	2.505634168092742	30.0930632373877	2.9503685616544	0.0305473562382044	0.998030532995944	-3.22242360803752	0	NS
Q7TQI3	Otub1	0.919283753264435	1.8911761586999674	30.8263472715367	1.8529342008544	0.121082436160993	0.998030532995944	-4.4945154918895	0	NS
O55234	Psmb5	-0.166939764379862	0.8907300897268672	32.7983786486657	-0.455410197833289	0.667277799870474	0.998030532995944	-5.81326966960684	0	NS
P30115	Gsta3	2.73780229594386	6.670534171240031	32.4301779905578	6.86844189495668	0.0008687296555713	0.391217842820048	-0.300407614383599	0	NS
P15532	Nme1	0.620423991908704	1.5373269180617315	34.1569759176168	1.0467146242135	0.341613811620479	0.998030532995944	-5.3783791363464	0	NS
Q9QZE7	Tsnax	0.786705082746652	1.725130000130167	29.9654319848506	1.45643233991754	0.203105145882059	0.998030532995944	-4.95248819785233	0	NS
Q9CXY6	Ilf2	0.0163037738147681	1.0113650114128117	30.5327816786789	0.0368033633646013	0.972018805426494	0.999971162684518	-5.9252036504566	0	NS
Q9R0P9	Uchl1	0.39272973231156	1.3128751545424868	33.4950239065001	0.909971115553239	0.403209241970709	0.998030532995944	-5.50201045403299	0	NS
Q61035	Hars	0.394827868087875	1.3147858801279013	31.1053740146478	0.835183006768268	0.440438994110031	0.998030532995944	-5.5644955570756	0	NS
O35381	Anp32a	1.72072991835816	3.2960312441446136	31.0106940474177	2.7750525086807	0.0376771336022562	0.998030532995944	-3.41659630826314	0	NS
O55137	Acot1	0.164123496087573	1.1204851246969447	30.9510333471163	0.384766442795107	0.715709895959924	0.998030532995944	-5.8450365206123	0	NS
Q91W90	Txndc5	0.26216606013327	1.199277947671449	32.1091250921822	0.66496268959742	0.53454535913962	0.998030532995944	-5.69119439018728	0	NS
Q9DAR7	Dcps	0.165381350644319	1.1214624774113884	30.643649811641	0.387369779973649	0.713896239775796	0.998030532995944	-5.84395446827996	0	NS
P70296	Pebp1	-0.0380998540408442	0.9739368565860774	34.369041016701	-0.0775987945612888	0.941057158809706	0.998030532995944	-5.92261581622957	0	NS
Q8K183	Pdxk	0.300359827488992	1.2314515155667285	31.0220656745899	0.738011245729427	0.492580614172778	0.998030532995944	-5.6396141634855	0	NS
O35855	Bcat2	0.688117418778416	1.6111797082533055	30.5890186566247	1.33748711399011	0.236807830554755	0.998030532995944	-5.0829391283371	0	NS
P10648	Gsta2	-0.224284891115556	0.8560192284767268	32.2221445142394	-0.491819477193187	0.642989482254557	0.998030532995944	-5.7949831328885	0	NS
P62897	Cycs	-0.31318286628851	0.8048641120113623	32.8974047473744	-0.570659607461334	0.592106265864701	0.998030532995944	-5.75108289555548	0	NS
P47880	Igfbp6	0.400821388414664	1.3202593773503237	31.3706751941474	0.825401757009007	0.445495029831213	0.998030532995944	-5.57237636122138	0	NS
P47878	Igfbp3	-0.0188890648209798	0.9869924371657348	31.5446149036911	-0.0300489936871239	0.977152027957725	0.999971162684518	-5.9254541585651	0	NS
Q9CYK2	Qpct	0.400888379851913	1.32032068492001	33.3132144778519	0.647269173249132	0.545059375455317	0.998030532995944	-5.7030204624812	0	NS
P28653	Bgn	0.254131275695225	1.1926173876782595	34.8047348954132	0.352874702307375	0.738095502881182	0.998030532995944	-5.85773246043028	0	NS
Q61508	Ecm1	0.078515865113428	1.0559312199424558	32.5556648663095	0.053468378385765	0.959471100768769	0.998824497431999	-5.92435454519573	0	NS
P11152	Lpl	0.325330385247433	1.2529513386485498	31.0775827216319	0.666993788566331	0.533347039687928	0.998030532995944	-5.68981984756171	0	NS
P06909	Cfh	-0.30446768993487	0.8097409309161687	29.7160175336251	-0.165546148957449	0.87513047778518	0.998030532995944	-5.91065239307579	0	NS
P70275	Sema3e	0.446971309144717	1.363175497561661	29.8869136487567	0.727673558528939	0.498376602990452	0.998030532995944	-5.64717706208472	0	NS
O70250	Pgam2	0.199888336142257	1.148609449772956	28.0359318417834	0.216973732952532	0.836520514608277	0.998030532995944	-5.89995768171069	0	NS
Q9JKF1	Iqgap1	1.61076090195125	3.0541287927885787	28.9678563993871	1.62070503459624	0.164002247415353	0.998030532995944	-4.76605536291741	0	NS
Q5SWU9	Acaca	3.38679739871517	10.45990177489398	25.4243946290896	1.48493661988713	0.19573005029915	0.998030532995944	-4.92060291716028	0	NS
P22892	Ap1g1	1.04518927912142	2.0636370864984013	27.7278858098599	0.768032911692714	0.47601849144991	0.998030532995944	-5.61717349647653	0	NS
Q9WTX5	Skp1	0.293685403370559	1.2257675378729571	29.0436995770807	0.459407336620431	0.664588095541011	0.998030532995944	-5.81132485912817	0	NS
P80314	Cct2	-0.397045514332971	0.7594118865032312	30.1287683454956	-0.535127550808974	0.614739755399296	0.998030532995944	-5.7715845725077	0	NS
P16675	Ctsa	0.0642784530813879	1.0455618835519604	31.1816453808814	0.156992881988655	0.881189643676064	0.998030532995944	-5.9123131727989	0	NS
P80316	Cct5	-0.59405683310672	0.6624774105670994	29.9800355694844	-1.03843160763781	0.34511044330098	0.998030532995944	-5.38618578576271	0	NS
P51174	Acadl	0.07836842666259	1.055823312932387	29.4357934021453	0.111694875094536	0.915266849032297	0.998030532995944	-5.91904117148841	0	NS
Q9Z1F9	Uba2	0.185837248899723	1.1374769013347188	28.28851886792	0.128197787876305	0.90282375923775	0.998030532995944	-5.91685087119047	0	NS
Q01405	Sec23a	0.610459672804943	1.5267455845372695	28.8598202826233	1.02696968221016	0.349998246612446	0.998030532995944	-5.39692423756217	0	NS
Q91YE6	Ipo9	0.376818337577332	1.2984750900153554	28.5301215284255	0.54689626974584	0.60718785469599	0.998030532995944	-5.76492276514897	0	NS
O88544	Cops4	0.656246382232157	1.5759768931114408	30.3574153256083	1.42297142299013	0.212099740670497	0.998030532995944	-4.98962881161111	0	NS
Q91ZJ5	Ugp2	0.399336968616187	1.3189016328519183	30.4328654777729	0.809411515879371	0.453853636188927	0.998030532995944	-5.5851094359292	0	NS
Q99MN1	Kars	0.520329004580455	1.4342822967888662	30.4112170171991	1.20503248482524	0.280361549405945	0.998030532995944	-5.22225637042197	0	NS
Q9CWH6	Psma8	-0.771411958888183	0.5858438313333401	28.6732579592779	-0.788648385807921	0.464879306336348	0.998030532995944	-5.6013603512324	0	NS
Q01730	Rsu1	0.294915312847715	1.2268129604086084	30.4647095207989	0.657739614934628	0.53882128091151	0.998030532995944	-5.69605433049712	0	NS
Q9CZY3	Ube2v1	0.758260081576027	1.6914494730057668	30.6608818982882	1.57809914461911	0.173378182703056	0.998030532995944	-4.81498420412074	0	NS
O08553	Dpysl2	-0.212659247276817	0.8629451410311444	31.1582864390882	-0.428183850521097	0.685746421186733	0.998030532995944	-5.82609994637633	0	NS
Q9CY58	Serbp1	0.751977127273333	1.6840992070167877	26.3701956504936	0.833482879492144	0.441314704112389	0.998030532995944	-5.56587032977359	0	NS
Q99PT1	Arhgdia	-0.238767767901879	0.8474688418943692	32.490360064219	-0.486053465267268	0.646803838483039	0.998030532995944	-5.7979642443527	0	NS
O35643	Ap1b1	0.46952034615834	1.3846490363296977	27.5320511184917	0.596351930118323	0.576056885906377	0.998030532995944	-5.73554333854452	0	NS
O08795	Prkcsh	0.731863640890982	1.6607830686429945	30.8509810215571	1.51186988332171	0.18899735489436	0.998030532995944	-4.89028012080242	0	NS
Q9D8N0	Eef1g	-0.0889540126264758	0.9402041719968616	32.3852430078291	-0.169821254187591	0.871587602699111	0.998030532995944	-5.90999951067543	0	NS
P28352	Apex1	0.455798253724684	1.37154147900855	30.0473619619266	0.889118898930085	0.413335623982627	0.998030532995944	-5.51981955566198	0	NS
O88958	Gnpda1	0.217092333834217	1.1623884990904612	30.7788183479635	0.417184778959263	0.693278966379835	0.998030532995944	-5.83107551717957	0	NS
Q9D154	Serpinb1a	-0.311537328292014	0.8057826637863574	31.3809121061289	-0.760645310806547	0.48005665524293	0.998030532995944	-5.62276079247159	0	NS
Q9R1P1	Psmb3	-0.302948895448351	0.8105938330225568	31.8624607533778	-0.742383360337108	0.490143615262679	0.998030532995944	-5.63639005718268	0	NS
Q9Z0S1	Bpnt1	0.5884571229832	1.5036378355152151	30.4207325349654	1.2934045946772	0.250567384617098	0.998030532995944	-5.13007247545273	0	NS
Q99JW2	Acy1	1.00637752737151	2.008860700455483	28.892878675309	1.70357263782368	0.147173901268547	0.998030532995944	-4.66997048818867	0	NS
Q9CY64	Blvra	0.941611961548186	1.9206730592982768	29.6790579459418	1.77388152684333	0.134251988574804	0.998030532995944	-4.58767471127295	0	NS
Q9CZU6	Cs	0.763173206778764	1.6972195556101208	32.3980884892994	1.52946126267518	0.1847207511536	0.998030532995944	-4.87037830991568	0	NS
O35459	Ech1	2.99427980552151	7.96834330646461	29.8077220354312	5.98081630173651	0.0016592005792861	0.412694954384432	-0.754428738485658	0	NS
Q01768	Nme2	0.0056350112233947	1.0039135300797146	32.3321068110578	0.0114184671429176	0.991316551294511	0.999971162684518	-5.92588281339799	0	NS
O55023	Impa1	-0.357721866849953	0.7803959160225735	32.0030099048097	-0.956887072854696	0.381140166139876	0.998030532995944	-5.46089553826086	0	NS
P51660	Hsd17b4	1.28411490625819	2.4353259958868985	28.8271642569295	1.01056844366313	0.357092190815073	0.998030532995944	-5.41215835964507	0	NS
Q9D0K2	Oxct1	0.37420658601917	1.2961265503606454	30.6827820959304	0.583500095341215	0.584051450766205	0.998030532995944	-5.74339074155137	0	NS
O08807	Prdx4	0.0862830790509576	1.0616314970121825	32.4194216453395	0.200970845503831	0.8483788094527	0.998030532995944	-5.90363583376055	0	NS
P48759	Ptx3	0.653495118461969	1.5729743206628701	32.2917127683892	1.42372434923817	0.211893267209257	0.998030532995944	-4.98879667612281	0	NS
Q80UB0		0.0057378305571136	1.003985080473725	33.454376403261	0.0091833601994667	0.99301622832462	0.999971162684518	-5.92590836487025	0	NS
Q62165	Dag1	0.153821890353258	1.1125127655084492	31.990393626332	0.346895667709437	0.742325870084458	0.998030532995944	-5.85999680298825	0	NS
P10923	Spp1	0.943045419285424	1.9225823830432924	34.0049162336285	0.744936049117299	0.490491248503396	0.998030532995944	-5.63268525603212	0	NS
P07141	Csf1	0.222044865177201	1.1663856416847025	32.4880137811267	0.386703116391054	0.714360480095571	0.998030532995944	-5.84423221391118	0	NS
P97497	Shbg	-0.482977200674884	0.7154995671677795	31.7038624879405	-0.827779473900549	0.444261984372465	0.998030532995944	-5.57046700439031	0	NS
P11672	Lcn2	0.113914110435473	1.0821602171630653	36.017271253909	0.0687455329639864	0.947910556970929	0.998030532995944	-5.9233097469528	0	NS
P98063	Bmp1	0.411119913713574	1.3297176268621556	28.7591928732471	0.269472730700175	0.798176872154388	0.998030532995944	-5.88583644331722	0	NS
Q07797	Lgals3bp	0.528716786945811	1.4426454557420123	31.1338953954147	1.25022336549609	0.264749186784047	0.998030532995944	-5.17551994124892	0	NS
Q8BFR4	Gns	0.66340502464463	1.5838163126024463	30.478073925478	1.54749440714304	0.180433812409599	0.998030532995944	-4.84990141190214	0	NS
P18406	Cyr61	-0.277334373675589	0.8251141495023445	33.8207694678638	-0.628172837578702	0.556557021987012	0.998030532995944	-5.71548313338259	0	NS
P21956	Mfge8	-0.0942500529591766	0.9367590704368474	31.2249332049142	-0.216241507711734	0.837062065283313	0.998030532995944	-5.90013201385194	0	NS
Q8BKG3	Ptk7	0.245643551746062	1.185621530402003	29.963679343235	0.225530349139269	0.830199701101219	0.998030532995944	-5.89787766958777	0	NS
Q60972	Rbbp4	0.309097001516599	1.2389319962212832	31.6960905330749	0.717552329804393	0.504097140422934	0.998030532995944	-5.65449877785492	0	NS
P62334	Psmc6	0.112626459723127	1.0811947860265325	28.8935053415465	0.13674060616403	0.8963945648226	0.998030532995944	-5.91559947803109	0	NS
Q8CDN6	Txnl1	0.783017574360673	1.7207262223256796	30.8439497154819	1.93320224659447	0.109053603604934	0.998030532995944	-4.39945841968436	0	NS
Q9Z1Z2	Strap	0.757851851296948	1.6909709219698736	28.8298306135145	1.13092176296983	0.307734629330803	0.998030532995944	-5.29690345304448	0	NS
P80317	Cct6a	-0.942334749625527	0.520390038336884	30.2423198754622	-2.01663605370268	0.0978482381546136	0.998030532995944	-4.30037847639118	0	NS
P17918	Pcna	0.113465791835729	1.0818239872831867	31.183637784253	0.265129269768313	0.801143079638117	0.998030532995944	-5.88722939323461	0	NS
Q9CXW3	Cacybp	0.258944672739197	1.1966030727009107	29.5787258594039	0.426259453465422	0.687061393894625	0.998030532995944	-5.82697914304642	0	NS
Q9QZE5	Copg1	0.401810050019161	1.321164445344074	28.8729611486783	0.589202865113192	0.580495645431084	0.998030532995944	-5.73992684584939	0	NS
Q9D1E6	Tbcb	0.0884427923833896	1.0632219486769636	28.1145400198074	0.129226385745253	0.902049197716765	0.998030532995944	-5.91670444052324	0	NS
Q920E5	Fdps	0.273719356841188	1.2089204852661504	31.5461487834612	0.543271234197603	0.609508222072053	0.998030532995944	-5.76698841775576	0	NS
P05063	Aldoc	1.08086595285668	2.1153053757771123	27.7391044415281	1.42106785980854	0.212622597926323	0.998030532995944	-4.9917318774267	0	NS
Q91XV3	Basp1	0.417302751457909	1.3354285153294339	29.325426790906	0.475103454242156	0.654081089827571	0.998030532995944	-5.80353770351946	0	NS
Q9WTM5	Ruvbl2	-0.43285983133862	0.7407918690091178	28.6324953181191	-0.46096594963347	0.66354082424185	0.998030532995944	-5.81056229596698	0	NS
Q9CWS0	Ddah1	0.8503363836357	1.8029212514098503	29.6829619309916	1.56238145823939	0.176967568427238	0.998030532995944	-4.83294187093295	0	NS
Q05186	Rcn1	0.842696524341542	1.7933990322443094	30.0666669795556	1.18285207794687	0.288320121265095	0.998030532995944	-5.24486688321616	0	NS
Q9CYR6	Pgm3	0.0752548855066805	1.0535471530290135	29.561374968972	0.137824152355422	0.895579730878095	0.998030532995944	-5.91543503123958	0	NS
Q9CQI3	Gmfb	1.51892934519771	2.865782947948059	29.4928939236805	1.04018785452745	0.346856375309327	0.998030532995944	-5.3824966196238	0	NS
Q9DBG3	Ap2b1	0.129891374199622	1.0942113109766756	29.4659529095327	0.239373392233044	0.820004480317893	0.998030532995944	-5.8943459453047	0	NS
Q9Z0N1	Eif2s3x	1.08015771434662	2.1142671986041095	29.8951091682771	2.30141015006388	0.06785578605787	0.998030532995944	-3.96281915024576	0	NS
Q8BGR9	Ublcp1	0.72028489020848	1.6475073370808346	29.3750463697806	1.18872136425191	0.286194951508472	0.998030532995944	-5.23890552589397	0	NS
Q9CXI5	Manf	-0.008763326502469	0.99394413605431	30.7291147787797	-0.0145634758058122	0.98892503356446	0.999971162684518	-5.92583747150821	0	NS
Q9D051	Pdhb	1.44635373739586	2.725184180943676	30.0512326251908	1.60672744231603	0.167022097714481	0.998030532995944	-4.78214611353361	0	NS
F6ZDS4	Tpr	0.752240565180235	1.6844067537026994	26.1480112953739	0.849090711769276	0.433324407150913	0.998030532995944	-5.55317147835715	0	NS
P05132;P68181	Prkaca;Prkacb	1.56931525519869	2.9676382799645924	28.4798459027212	1.7947311101053	0.130643895867326	0.998030532995944	-4.56316084485909	0	NS
Q9D819	Ppa1	0.754423631616583	1.6869575043962317	29.9655450888637	1.36190777884175	0.22948864467288	0.998030532995944	-5.0565287344	0	NS
O09061	Psmb1	0.103959706905217	1.0747191565566059	32.5090012046292	0.263732418565677	0.802162259394979	0.998030532995944	-5.88763348365758	0	NS
Q61171	Prdx2	0.0327475241868076	1.022958433378498	33.9598912343181	0.0828612148219451	0.937070455012675	0.998030532995944	-5.9221478699928	0	NS
P59242	Cgn	-0.608461296009453	0.6558958736632031	27.6345401912166	-0.759008271630159	0.480954790839802	0.998030532995944	-5.62399317467594	0	NS
Q9DBF1	Aldh7a1	0.310575695202125	1.240202493481851	31.4296503112936	0.741761459902109	0.490489740842232	0.998030532995944	-5.63684958400289	0	NS
P30681	Hmgb2	2.10601027136141	4.3049911486912595	28.5938348372055	2.53166843036115	0.0507893573809855	0.998030532995944	-3.6938960873082	0	NS
P63158	Hmgb1	2.31847946010453	4.988062216409384	29.4256386109208	2.15293015419713	0.0820502956212287	0.998030532995944	-4.13846777122842	0	NS
P97372	Psme2	0.168465377131588	1.1238623742994986	30.4324503308736	0.294104924404282	0.780104914823972	0.998030532995944	-5.87838101773355	0	NS
Q62446	Fkbp3	1.54816947049483	2.924458406891456	29.1199091258262	2.45052896026084	0.0562063995113584	0.998030532995944	-3.78804583110301	0	NS
P97371	Psme1	-0.182345509039161	0.8812690787203509	30.9741526554305	-0.412200324862698	0.69670571165879	0.998030532995944	-5.83329064414072	0	NS
Q9CQ60	Pgls	0.131641801068511	1.0955397270571021	31.0327162191276	0.271769778023099	0.796304099435023	0.998030532995944	-5.88528004414692	0	NS
Q91W89	Man2c1	1.74719814170414	3.3570595799064056	26.7143412906914	1.33394061834668	0.237888544010378	0.998030532995944	-5.0867572631073	0	NS
Q9EQU5	Set	2.81232538836825	7.024158445187945	30.7196323526634	1.4081711534661	0.21928393659407	0.998030532995944	-5.0057181218763	0	NS
Q8BP92	Rcn2	0.642753718739409	1.561306433152093	30.7737115986997	1.04184691014135	0.343665083431174	0.998030532995944	-5.38297159298068	0	NS
A6H630	Armt1	0.596674233796159	1.5122264920503279	29.4268756919862	0.58670558809362	0.58205111647915	0.998030532995944	-5.74144729781013	0	NS
P24472	Gsta4	-0.385138629906962	0.7657054176669801	34.98051241074	-0.960057425630946	0.379684379496454	0.998030532995944	-5.45806638601786	0	NS
P25785	Timp2	0.0059131149187549	1.0041070699241252	32.8851280876382	0.013556738366499	0.989690560854751	0.999971162684518	-5.92585318014846	0	NS
P01901	H2-K1	0.597025629932607	1.5125948687703752	30.8690802684295	1.35639258255043	0.231123041449317	0.998030532995944	-5.0625112436317	0	NS
O88531	Ppt1	0.346756809725822	1.271698622694773	32.0785421418446	0.835721179295698	0.440162061765157	0.998030532995944	-5.56405994069774	0	NS
Q9WVJ3	Cpq	0.297999945866869	1.2294388211232972	31.4150700191718	0.765079032279389	0.477630188918934	0.998030532995944	-5.61941259994094	0	NS
P12804	Fgl2	0.595505450673965	1.5110018749287406	28.480932553317	0.731822513808167	0.49604472348819	0.998030532995944	-5.64415197427702	0	NS
Q8VC30	Dak	0.630115468328167	1.5476888602562242	28.5265263151036	0.431423884573665	0.683535273238638	0.998030532995944	-5.8246113887485	0	NS
Q9QZF2	Gpc1	0.0592449317332642	1.0419203047006396	29.7920616953249	0.0956035435593426	0.927425955887831	0.998030532995944	-5.92088805966958	0	NS
Q78PY7	Snd1	0.313070962068333	1.242349387916736	27.279539019954	0.35728338179074	0.734982859260482	0.998030532995944	-5.85603930007253	0	NS
Q9QWR8	Naga	1.50000852424589	2.828443836718463	29.4512009179082	2.52436646608207	0.0512528972268417	0.998030532995944	-3.70233762060479	0	NS
O09172	Gclm	-0.12073830757442	0.9197168597203352	30.2880524272311	-0.264606926189612	0.801524143507427	0.998030532995944	-5.8873807429965	0	NS
Q61001	Lama5	0.357353781278719	1.2810739709713883	25.1739381153044	0.304265097750252	0.772776637809386	0.998030532995944	-5.87506877338269	0	NS
Q99L47	St13	2.41420681024471	5.330263338523638	29.8497917628835	3.10409927030004	0.0255133189772106	0.998030532995944	-3.05648273926771	0	NS
Q05816	Fabp5	0.56089245075179	1.4751814819538909	28.5984433711398	0.779728790098791	0.469675409058593	0.998030532995944	-5.60824193212724	0	NS
P80313	Cct7	-0.629646846481731	0.6463346105023969	30.6102615173736	-1.49500988572125	0.193185465866493	0.998030532995944	-4.90928345143307	0	NS
Q9CYA0	Creld2	0.259325288385356	1.196918805355806	29.4962341533714	0.352571814925589	0.73830955729484	0.998030532995944	-5.85784805209624	0	NS
P46471	Psmc2	1.29143872968051	2.447720331227052	28.8901546125082	2.22876975972137	0.0744433384866291	0.998030532995944	-4.04859908999072	0	NS
Q9JMA1	Usp14	0.0657261418852214	1.0466115911391471	29.7609474100347	0.106116075584131	0.919479606342442	0.998030532995944	-5.91971380442699	0	NS
Q9CQM9	Glrx3	1.01915616199206	2.0267331686193097	29.9006989103893	0.905550570601297	0.405339607441136	0.998030532995944	-5.50581023869628	0	NS
P14685	Psmd3	0.112241379850594	1.0809062352388983	29.4924214384198	0.135628997271644	0.897230651260717	0.998030532995944	-5.91576684535572	0	NS
Q64669	Nqo1	0.0197687075818999	1.0137969351530016	29.7065533188423	0.0352900594111881	0.973168771978008	0.999971162684518	-5.92526417432623	0	NS
A6H5Y3	Mtr	0.594747906715585	1.510208672041298	26.1393506510071	0.431934778280204	0.683186940082674	0.998030532995944	-5.82437572243538	0	NS
Q99KQ4	Nampt	0.147511541827361	1.107657261080641	30.0812685312179	0.297540823238867	0.777623768438576	0.998030532995944	-5.87727303704451	0	NS
Q9CPW4	Arpc5	1.29516842885202	2.4540564390178505	29.8145803890403	1.51730702032787	0.187665457782652	0.998030532995944	-4.88413681503959	0	NS
Q9EST5	Anp32b	3.1257568665957	8.728639878946916	30.046373248873	2.16937782719365	0.0833539452891832	0.998030532995944	-4.1317254751359	0	NS
P26516	Psmd7	0.564134600949135	1.4785003663631904	29.61607271129	1.12610395452505	0.309592179458535	0.998030532995944	-5.30166452487513	0	NS
P55302	Lrpap1	-0.574853589766264	0.6713543795540402	29.1366816793992	-0.883422247595754	0.416136172809268	0.998030532995944	-5.52463370683307	0	NS
Q9CZ30	Ola1	1.06596538484262	2.0935703314787713	28.6016543947536	1.57931860471534	0.173102683037744	0.998030532995944	-4.8135887895343	0	NS
P00493	Hprt1	-0.461287408670038	0.7263378118881036	32.0182615246403	-1.06338190746271	0.334667790909867	0.998030532995944	-5.36255418271231	0	NS
Q8C878	Uba3	1.05710133559751	2.0807466805644848	28.7198218874109	1.46482603704498	0.20090631281793	0.998030532995944	-4.94312171957579	0	NS
O54724	Ptrf	2.25779151303936	4.7825879950941586	27.9942593232492	3.02960496115837	0.0278269157464377	0.998030532995944	-3.13636980823044	0	NS
Q9D8Y0	Efhd2	-0.162751641533832	0.8933196231701755	30.9416517272929	-0.338177228704556	0.748512776397742	0.998030532995944	-5.86323256876239	0	NS
P48428	Tbca	0.187606574036775	1.1388727618807395	29.9342331741073	0.359123355599218	0.733685473131755	0.998030532995944	-5.85532675769137	0	NS
P61161	Actr2	-0.0853279470846869	0.9425702506446135	31.1684694553083	-0.195336381046921	0.852564943213825	0.998030532995944	-5.90486495435987	0	NS
P28474	Adh5	0.703834491684521	1.6288282536018823	30.1825071121164	1.36818065334148	0.227642776461461	0.998030532995944	-5.04971186575437	0	NS
Q8BGF3	Wdr92	1.45944952201284	2.750034126816021	27.7888893672615	1.64680455457557	0.158506501257078	0.998030532995944	-4.73591507128663	0	NS
Q8R146	Apeh	1.160870316393	2.2359227061938687	29.2677971525751	1.8803629832858	0.11682633152593	0.998030532995944	-4.46207504814074	0	NS
P61089	Ube2n	0.871256737061194	1.8292556781029248	30.494951379848	1.21874783140356	0.275538463236237	0.998030532995944	-5.2081650156509	0	NS
O35864	Cops5	0.947731235739095	1.9288370064975906	29.5792813189691	1.54339730915268	0.181399262038664	0.998030532995944	-4.85456024611755	0	NS
O89079	Cope	0.865917701738102	1.8224985942261693	29.4364714456822	1.69918877621146	0.148019608697854	0.998030532995944	-4.67508038029719	0	NS
Q8C0M9	Asrgl1	0.478650249640239	1.3934393883498597	28.9304692958743	0.494909750505131	0.640950252671788	0.998030532995944	-5.79337233292895	0	NS
Q64442	Sord	1.50176913637371	2.8318976729035836	28.7319448375344	2.24580889544228	0.0728392956523824	0.998030532995944	-4.02844778831027	0	NS
P27612	Plaa	-1.20478143208931	0.43383506449315085	28.6818221749558	-1.41902724980432	0.213184448147247	0.998030532995944	-4.99398514641246	0	NS
O70251	Eef1b	-0.0929713427153089	0.937589720288149	30.8412784440063	-0.165040231160934	0.875163398234994	0.998030532995944	-5.9108827895927	0	NS
Q8R3Q6	Ccdc58	1.8481484856701	3.6003782597615652	27.1954151733786	1.75095333247897	0.138335802269841	0.998030532995944	-4.6145783048207	0	NS
Q9CZC8	Scrn1	0.322294283524811	1.2503173185466099	29.2227609454719	0.493724787518201	0.64173177485432	0.998030532995944	-5.79399107064372	0	NS
P49722	Psma2	0.0118342745531758	1.0082366299567846	32.3075128824984	0.0307634568994026	0.976608982677339	0.999971162684518	-5.92543005335504	0	NS
Q8CHP8	Pgp	0.476471781451109	1.3913368839402662	31.1010488319944	0.878828955384454	0.418404965026723	0.998030532995944	-5.52849925684174	0	NS
Q99JF8	Psip1	1.05342665956769	2.075453572611797	27.6747950629146	1.49472262039245	0.193257590196367	0.998030532995944	-4.90960661625713	0	NS
P51859	Hdgf	1.09493765054691	2.1360385001825035	30.3759923193011	2.39619783730412	0.0601807752909084	0.998030532995944	-3.85148612397147	0	NS
Q8BVI4	Qdpr	-0.0782785705559685	0.9471871601973811	31.1707760798944	-0.19636299130011	0.851801810433086	0.998030532995944	-5.90464356848908	0	NS
Q61937	Npm1	1.14186413445994	2.2066596585309157	30.1881424622345	0.922817371922806	0.399172888890013	0.998030532995944	-5.48891549162869	0	NS
Q60597	Ogdh	-0.45200783679676	0.7310247532236044	26.3509491092825	-0.287875772431776	0.784610623872532	0.998030532995944	-5.88035806730431	0	NS
Q61584	Fxr1	-1.5112326618621	0.3508113519819707	24.3209944927953	-0.775557220946759	0.471930751424733	0.998030532995944	-5.61143957421918	0	NS
Q8BIJ6	Iars2	0.141400998254298	1.102975693453473	26.3767244860837	0.13080960838058	0.900857228607824	0.998030532995944	-5.91647678285085	0	NS
Q9QXD6	Fbp1	-0.955904975246812	0.5155181134672786	27.7389855833794	-0.42939320108828	0.68587080731358	0.998030532995944	-5.8247220712282	0	NS
Q60963	Pla2g7	0.0668108239469458	1.0473987759948955	30.656346713783	0.137398526844729	0.895899786905205	0.998030532995944	-5.91549978082398	0	NS
P28654	Dcn	0.268032394930304	1.2041644197831471	32.7465208335384	0.362183158643793	0.731530182667283	0.998030532995944	-5.85413414842808	0	NS
Q9WTM3	Sema6c	1.41499253281962	2.6665835522967947	28.9981171775746	1.54680979284978	0.180594789329275	0.998030532995944	-4.85068015374688	0	NS
Q06335	Aplp2	-0.753179119738511	0.5932947329517059	30.3263864431029	-1.37737386892551	0.224962529703247	0.998030532995944	-5.03969772307061	0	NS
O35684	Serpini1	0.955412108652065	1.9391334720219937	30.0193548572339	1.34081729472935	0.235797163997097	0.998030532995944	-5.07934982474529	0	NS
Q61554	Fbn1	0.455687831904655	1.371436507197875	27.7589300665692	0.344673189214372	0.743900967178776	0.998030532995944	-5.86082910255005	0	NS
Q9CZT5	Vasn	0.344314115276835	1.2695472720691117	30.6073404627836	0.732764900679881	0.495516129059818	0.998030532995944	-5.64346294686885	0	NS
Q811B1	Xylt1	0.680404948007762	1.6025895206148866	27.0742973505331	0.445835628582392	0.673743398962033	0.998030532995944	-5.81786469135181	0	NS
Q99M71	Epdr1	0.18212795709576	1.1345561077721147	30.3627973706902	0.35260136601747	0.738288671984728	0.998030532995944	-5.8578367785895	0	NS
Q62181	Sema3c	0.178442617897295	1.1316616026334112	28.5766623934981	0.271868400973769	0.796232309055985	0.998030532995944	-5.88525074038775	0	NS
P62983;P62984;P0CG49;P0CG50	Rps27a;Uba52;Ubb;Ubc	-0.348187052740606	0.7855706568382258	33.432518391172	-0.968361477043183	0.37589249270555	0.998030532995944	-5.45062625167199	0	NS
Q64191	Aga	0.284538139365452	1.218020267414853	30.4333922131729	0.539936825286527	0.611647120758159	0.998030532995944	-5.76887773412886	0	NS
Q99K51	Pls3	0.56383356699235	1.4781918934214033	29.9418461960318	0.716755681880537	0.504549331057525	0.998030532995944	-5.65507157330449	0	NS
Q60631	Grb2	0.47277221678958	1.3877735899058394	29.8307138003931	0.828772167387429	0.443747945493446	0.998030532995944	-5.56966863489232	0	NS
P63330	Ppp2ca	-1.89999536225361	0.2679442269771422	28.9508288152729	-3.40624485954323	0.0181031494418273	0.998030532995944	-2.74303087769037	0	NS
Q06138	Cab39	1.60542881935161	3.0428618168815644	29.6412355627475	1.70212624576194	0.147452396814006	0.998030532995944	-4.67165672554733	0	NS
P14602	Hspb1	0.255468701105414	1.1937234955581622	28.0796466822691	0.373024569133312	0.723916099426184	0.998030532995944	-5.84983151004982	0	NS
P63087	Ppp1cc	-0.794766759462512	0.5764363583447543	28.9815959090066	-1.20973005733384	0.278701225054694	0.998030532995944	-5.21743934738847	0	NS
Q9D1P4	Chordc1	0.731228399887685	1.6600519610692568	28.2303824979881	1.02086205400619	0.352626184512248	0.998030532995944	-5.40261552628833	0	NS
P53994	Rab2a	-0.193675880663795	0.874375037543755	28.842184738177	-0.320952861468607	0.760798045814196	0.998030532995944	-5.86939394703022	0	NS
P62141	Ppp1cb	2.17271692513102	4.508716894957536	29.2686726924155	4.15983185620394	0.008186638736799	0.99160661699478	-2.03835696850741	0	NS
Q8BWY3	Etf1	1.14542104468759	2.2121068068288525	29.3963831264169	1.36240397703491	0.229342126956826	0.998030532995944	-5.05598998703123	0	NS
P61087	Ube2k	0.290396972178496	1.2229767458589247	29.5499212837495	0.504568101441237	0.63459978678307	0.998030532995944	-5.78827928924345	0	NS
P53996	Cnbp	0.332787071892142	1.2594440842252048	30.0763702393724	0.710634335676196	0.508033256263769	0.998030532995944	-5.65945573152867	0	NS
P60335	Pcbp1	0.475029764202615	1.3899468955035779	30.4497607571405	0.924762142841748	0.396145020725383	0.998030532995944	-5.48920244786607	0	NS
Q8CAY6	Acat2	1.35446739716164	2.5570270051154282	29.961919313904	2.36668690709125	0.0624653746403827	0.998030532995944	-3.88606501354521	0	NS
O08677	Kng1	0.528392406559769	1.4423211229682609	27.3722025669923	0.660853931073525	0.536974909863709	0.998030532995944	-5.69396432780053	0	NS
Q9CZD3	Gars	1.64081068570788	3.118410137497953	27.9014677453729	0.988773747418412	0.366701860156675	0.998030532995944	-5.43215672071929	0	NS
Q00612	G6pdx	-1.20830455358368	0.43277691371151	29.6156803212604	-1.15202727154276	0.299710696719965	0.998030532995944	-5.27591117784494	0	NS
P97351	Rps3a	0.725789114968945	1.6538049753256878	27.5465846341553	0.707969621079253	0.509555023072311	0.998030532995944	-5.66135472314812	0	NS
Q11136	Pepd	0.760479531046653	1.6940536101694992	30.7213220651124	1.10295414406181	0.318653298729343	0.998030532995944	-5.32437770389519	0	NS
Q9QZD9	Eif3i	0.235947224521672	1.177679707900679	29.0554116179739	0.382093089746005	0.717574524068764	0.998030532995944	-5.84614053178994	0	NS
O35737;P70333	Hnrnph1;Hnrnph2	0.679427831096109	1.6015044769212758	27.6264187489071	0.90040419688677	0.407830855765491	0.998030532995944	-5.51021748383599	0	NS
Q91WQ3	Yars	0.372177061266741	1.2943044941019828	29.6209389029109	0.633286431069537	0.553463025299839	0.998030532995944	-5.71217678912611	0	NS
P97315	Csrp1	0.970393596061892	1.959375078971785	29.7247743341624	1.96106619999765	0.105170886483744	0.998030532995944	-4.36638955736053	0	NS
Q8VDW0	Ddx39a	0.479502663116361	1.394262942496007	26.6262642682238	0.406758774952309	0.700455999069346	0.998030532995944	-5.83568056520908	0	NS
P50516	Atp6v1a	-0.135228186968162	0.9105258069269538	30.0642664245908	-0.298472180152018	0.776951723940393	0.998030532995944	-5.87697056331622	0	NS
Q60715	P4ha1	2.18596432312817	4.550308384052335	28.3478810183673	3.22010168582675	0.0223262609719228	0.998030532995944	-2.93410392129632	0	NS
P62821	Rab1A	-0.0538501927437049	0.9633619228618229	29.9229126862405	-0.11017908553306	0.916411175035457	0.998030532995944	-5.91922732171458	0	NS
Q9Z2N8	Actl6a	0.602398160732768	1.518238204595879	27.9950700930173	0.671381735497534	0.530764300643159	0.998030532995944	-5.68683844745041	0	NS
P23591	Tsta3	0.498295884413925	1.4125440753879903	29.1179742882487	0.663048596200569	0.535676276535111	0.998030532995944	-5.69248656123704	0	NS
P47753	Capza1	0.379589048944408	1.3009712215697575	30.9636303026314	0.911775297905893	0.402342291777183	0.998030532995944	-5.50045589160345	0	NS
Q62188	Dpysl3	-0.68472105373179	0.6221261036128998	29.2566938243351	-1.01995192672164	0.353019182957798	0.998030532995944	-5.40346176313101	0	NS
Q6P1B1	Xpnpep1	-0.0801270123075225	0.9459743611578697	30.4929074901018	-0.144522505994407	0.890545777566918	0.998030532995944	-5.91438986336859	0	NS
P99029	Prdx5	1.45164687650792	2.7352010401342897	30.4999810735403	1.36488509573628	0.228610804558656	0.998030532995944	-5.05329486676989	0	NS
Q9DC23	Dnajc10	1.28411736876073	2.4353301526916273	27.7871359022623	1.00787943679322	0.35826650855431	0.998030532995944	-5.41464100574227	0	NS
Q60598	Cttn	1.24022468788421	2.362353211289151	27.3933403995657	1.6132229546871	0.165612019451933	0.998030532995944	-4.77467315651867	0	NS
P16045	Lgals1	-0.432704821381359	0.7408714674563747	33.0643380734712	-0.954177772269692	0.382387796814916	0.998030532995944	-5.46330824996995	0	NS
Q9D2M8	Ube2v2	0.760789606534362	1.694417748769615	27.0791099539483	0.746308763288957	0.487962865581643	0.998030532995944	-5.63348250983871	0	NS
Q8R164	Bphl	0.446827953014289	1.3630400497711788	28.4322239358095	0.695397529772544	0.516776813099413	0.998030532995944	-5.67023593797006	0	NS
P61327;Q9CQL1	Magoh;Magohb	0.861491854539881	1.8169161667089855	29.8398291458501	0.891554875043603	0.412142536409481	0.998030532995944	-5.51775420456849	0	NS
Q9JJU8	Sh3bgrl	-0.904390561150455	0.5342583435523361	30.7579451384527	-1.85498456558641	0.120758882512342	0.998030532995944	-4.49209227917026	0	NS
P47968	Rpia	0.385065574638761	1.305919143520809	29.2464530671116	0.674798384000032	0.528759039016769	0.998030532995944	-5.68450579603371	0	NS
Q9JK81	Myg1	0.598642951947588	1.5142915022629986	29.1913696634699	0.981423410540831	0.369990061224248	0.998030532995944	-5.43883685406002	0	NS
Q9D7X8	Ggct	0.316343766923502	1.245170900695178	27.8759248543477	0.327124209355226	0.756386986228266	0.998030532995944	-5.86722177780436	0	NS
P70195	Psmb7	-0.636107995913899	0.6434464553357957	32.0390555443342	-0.69826930553925	0.515121064263817	0.998030532995944	-5.6682186630799	0	NS
P00375	Dhfr	0.230703461316396	1.1734069656132071	28.9914817064677	0.394696422470819	0.708803429708479	0.998030532995944	-5.8408724554464	0	NS
Q9DAK9	Phpt1	0.178471173162925	1.1316840018352918	28.8071636056371	0.247559777639304	0.813993902213159	0.998030532995944	-5.89216074706995	0	NS
Q3TCN2	Plbd2	0.0899795087740098	1.0643550648474638	30.21711493956	0.204279060973061	0.845923569448597	0.998030532995944	-5.90289815481541	0	NS
Q8BH97	Rcn3	0.0313507074353497	1.0219684847508739	31.0790247271929	0.0583320233716927	0.9556688479798	0.998429233091565	-5.92406767954391	0	NS
A3KMP2	Ttc38	1.38522938684976	2.612134867596582	28.8307421745564	1.06587932738141	0.333637318476216	0.998030532995944	-5.36016976392575	0	NS
Q9WTP6	Ak2	0.129924120412417	1.0942361476067792	30.7063299270002	0.292936077685608	0.780949640170709	0.998030532995944	-5.87875510779702	0	NS
P35505	Fah	0.46381680536502	1.3791857805320495	28.9043656555204	0.768113214670123	0.475974731095684	0.998030532995944	-5.61711253113783	0	NS
Q9Z2U1	Psma5	-0.166597678767111	0.8909413208381118	32.6328543239826	-0.42016784763442	0.691232071790673	0.998030532995944	-5.82973797364177	0	NS
O35143	Atpif1	0.351687839544688	1.2760526354412318	28.6742380619706	0.582899678154008	0.584426597688201	0.998030532995944	-5.74375373903725	0	NS
P49312	Hnrnpa1	0.327987584630943	1.255261188862493	31.6840867028761	0.61175362373527	0.566565950212072	0.998030532995944	-5.72594528189379	0	NS
Q8K4Z3	Apoa1bp	0.734900677372436	1.6642828875918656	30.7034914371562	1.41100602119816	0.215406554388254	0.998030532995944	-5.00283009192624	0	NS
Q60668	Hnrnpd	0.306923963868301	1.237067278290278	30.9224947846534	0.605603597999862	0.570343952974707	0.998030532995944	-5.72980305519139	0	NS
Q99LP6	Grpel1	0.0696140803185384	1.0494359228671746	30.2906543873036	0.120336729214367	0.908747287854998	0.998030532995944	-5.91793156857726	0	NS
P35979	Rpl12	-0.0024335766378461	0.9983145951074941	32.1894776168658	-0.0056309630701205	0.995717714313923	0.999971162684518	-5.92593756734339	0	NS
P00015	Cyct	-1.16109749534642	0.44717223058593847	28.2780122376847	-1.1985207487789	0.282677605287105	0.998030532995944	-5.22891742957342	0	NS
P20108	Prdx3	-0.113671246782497	0.924233157497072	32.6336490671665	-0.299714636814276	0.776055538621611	0.998030532995944	-5.87656563649639	0	NS
P97311	Mcm6	1.06052055182274	2.08568394038323	23.9720142305474	0.441574565860078	0.676631097254868	0.998030532995944	-5.81988075708725	2	NS
O89017	Lgmn	0.17616245454641	1.1298744368172522	33.7765859224743	0.318359622610738	0.762654663493233	0.998030532995944	-5.87029487862015	0	NS
P11859	Agt	0.53846027278936	1.4524215819085216	31.7806145560879	1.24432217646181	0.266742647635686	0.998030532995944	-5.18167224020875	0	NS
Q9WUU7	Ctsz	0.0469632418220982	1.0330880654763208	31.6808451718624	0.107970712060951	0.918078764784334	0.998030532995944	-5.9194939967005	0	NS
O88668	Creg1	0.344273084851719	1.269511166501348	28.8538270728761	0.585277015503819	0.582942074713248	0.998030532995944	-5.74231456055391	0	NS
Q9Z0L8	Ggh	-0.160305843988697	0.8948353502895593	30.7804606459158	-0.373694481002386	0.723446772946324	0.998030532995944	-5.84956170941746	0	NS
Q02853	Mmp11	0.353434715099875	1.2775986692075876	28.6120453621634	0.538610443062394	0.612499156695868	0.998030532995944	-5.76962641493693	0	NS
O88393	Tgfbr3	-0.314480209939071	0.8041406632127492	29.5323979277886	-0.532083590772052	0.6167018532492	0.998030532995944	-5.77328671796442	0	NS
A2A8L5	Ptprf	0.544999156355015	1.4590194910488898	28.1843953390634	0.575425565900122	0.589108784031745	0.998030532995944	-5.7482452142733	0	NS
B9EKR1	Ptprz1	1.81183659348719	3.5108895078465197	27.1333334623178	1.17462796752791	0.291321335066963	0.998030532995944	-5.25319326064781	0	NS
Q9Z2L6	Minpp1	-0.251744607446113	0.8398801592582665	30.5920642694801	-0.562961902125542	0.596966967266509	0.998030532995944	-5.75562259586592	0	NS
P30412	Ppic	-0.425871273746871	0.7443890436552287	32.5712564890701	-0.376151052064112	0.722547932469662	0.998030532995944	-5.84791496134909	0	NS
Q9Z0J0	Npc2	-0.35939385175846	0.7794920143965242	32.5600659565293	-0.873867596727107	0.420866263337522	0.998030532995944	-5.53265825010655	0	NS
Q9JHQ5	Lztfl1	-1.30176301414554	0.4056302035983889	27.7049995886683	-0.887546057147486	0.414107389939033	0.998030532995944	-5.52115095153294	0	NS
P32507	Pvrl2	0.500513420381295	1.4147169364469179	29.4304051403744	0.988412466809238	0.366862921544289	0.998030532995944	-5.43248582568321	0	NS
B2RXS4	Plxnb2	-2.30046444112406	0.20299773830774911	29.9508473723862	-1.73410771225349	0.144658756156304	0.998030532995944	-4.63812144267802	0	NS
Q60648	Gm2a	-0.655156512760214	0.6350065979663557	32.5793398312879	-1.29121258524438	0.251270320230213	0.998030532995944	-5.13239721838801	0	NS
P29391;P49945	Ftl1;Ftl2	0.876411103707832	1.8358028119771648	30.1209468311539	1.26693354341951	0.259177064363372	0.998030532995944	-5.15802111294354	0	NS
P60521	Gabarapl2	-0.309537770772566	0.8069002429091008	28.226670255307	-0.480254584888146	0.65065226006598	0.998030532995944	-5.80093019359992	0	NS
Q60872	Eif1a	1.81432431559372	3.5169487593830215	23.2653231993858	1.2266080520855	0.272807846048059	0.998030532995944	-5.20005227622039	1	NS
Q60973	Rbbp7	0.971389046963104	1.9607275025201343	28.7809861396965	1.56188155389343	0.177082907856965	0.998030532995944	-4.83351215531839	0	NS
P09528	Fth1	-0.0044725717702304	0.996904649992169	30.5805294533906	-0.0100162489996109	0.992382856372446	0.999971162684518	-5.92589949141757	0	NS
P70122	Sbds	0.290704927171652	1.2232378280586125	28.5572406775972	0.394299996521634	0.709078555051479	0.998030532995944	-5.84104060144571	0	NS
Q61699	Hsph1	-0.92680752545513	0.526021063067834	26.5065482028752	-0.850554866035213	0.432580496043568	0.998030532995944	-5.55197129006819	0	NS
P53811	Pitpnb	0.72452571609409	1.6523573369266977	27.6627699910941	0.935216363688113	0.391211344994328	0.998030532995944	-5.48006347523623	0	NS
Q9EPL8	Ipo7	0.595786024439763	1.5112957615099347	28.8633476275198	0.778983433832107	0.470077809397255	0.998030532995944	-5.60881424629886	0	NS
P63085	Mapk1	0.594043251368917	1.5094712211319439	29.1178717365316	0.770603811866488	0.47461893906222	0.998030532995944	-5.61521922567296	0	NS
Q9D0R2	Tars	2.44591707475399	5.448718940462796	28.6346869080928	2.54874453158162	0.04972300749489	0.998030532995944	-3.67418036491332	0	NS
P62137	Ppp1ca	-1.26160911488416	0.41707851023880493	27.4641076447689	-1.45503616059297	0.203473105851537	0.998030532995944	-4.95404429654768	0	NS
Q61576	Fkbp10	0.495732576301511	1.410036566265035	30.1048884107672	1.07188551170792	0.331170046948559	0.998030532995944	-5.35442140245289	0	NS
Q8BMJ3	Eif1ax	1.74864601993329	3.3604303916137646	28.0962632405498	1.75025479165672	0.138462162573661	0.998030532995944	-4.61539701414976	0	NS
P62869	Tceb2	1.53487366608462	2.897630558294921	28.0552494930043	1.71849788153537	0.144330576205937	0.998030532995944	-4.65255331362287	0	NS
P46638;P62492	Rab11b;Rab11a	0.124947440894669	1.0904680048883357	30.6937003324471	0.249487092349873	0.812580906700806	0.998030532995944	-5.89163586730905	0	NS
Q60739	Bag1	-0.435601610358491	0.7393853632872861	27.0341788604041	-0.498848514947069	0.638356262977471	0.998030532995944	-5.79130605691893	0	NS
O08810	Eftud2	0.906347481661898	1.874294274282303	26.5066804076246	1.03069547229338	0.348403146611637	0.998030532995944	-5.39344186318042	0	NS
Q9CWJ9	Atic	0.118860634537853	1.0858769546978684	29.2438730707683	0.189298759167085	0.857056659972866	0.998030532995944	-5.90614382822408	0	NS
Q9R0P3	Esd	0.474026553873708	1.388980700751223	30.9794006850004	0.897618759072024	0.409184204545731	0.998030532995944	-5.51259546063145	0	NS
Q9QZ08	Nagk	0.784769413206765	1.7228169385772962	27.318246379985	0.87998192395076	0.417834576775845	0.998030532995944	-5.52753032140127	0	NS
Q9D0I8	Mrto4	1.94185381736788	3.8419901422926026	25.6084649527487	1.54604681806579	0.180774355539116	0.998030532995944	-4.8515479058453	0	NS
P97494	Gclc	0.414067171162885	1.332436861244755	28.8090887371664	0.4943754326217	0.641302588373472	0.998030532995944	-5.79365149705923	0	NS
Q99KR3	Lactb2	0.28804567908079	1.220985171287728	28.7175485974172	0.448542692670799	0.671912104926614	0.998030532995944	-5.81657462069015	0	NS
P47754	Capza2	0.523041110146483	1.4369811232868814	29.6049478537131	0.870646143876983	0.42247035991799	0.998030532995944	-5.53534960909681	0	NS
Q9CR00	Psmd9	1.23780197613082	2.358389450508255	27.9680552025343	1.7522489878181	0.138101735280852	0.998030532995944	-4.61305960787501	0	NS
Q61166	Mapre1	0.225354302754366	1.1690643167489851	29.5777600312489	0.457385523793798	0.665947883544812	0.998030532995944	-5.81231052062744	0	NS
Q9D1A2	Cndp2	0.0529325505062206	1.0373714358001092	30.632001316208	0.0857508815642648	0.934882174043092	0.998030532995944	-5.92187789693193	0	NS
Q9JM76	Arpc3	-0.199243044494218	0.8710074449847005	31.0482026645587	-0.41860961747898	0.692300915770573	0.998030532995944	-5.83043775578537	0	NS
Q5FWK3	Arhgap1	1.20137524250444	2.29958773711554	29.4776273569893	2.24165004681764	0.0732273890010298	0.998030532995944	-4.03336468138366	0	NS
Q64010	Crk	0.260185003378986	1.1976322726324977	29.2307628310744	0.487754248163371	0.645677454923962	0.998030532995944	-5.79708822521782	0	NS
Q99KB8	Hagh	-0.0860490675876509	0.9420992315663892	30.2615783812191	-0.145334619722928	0.889935845280277	0.998030532995944	-5.91425980416509	0	NS
P16858	Gapdh	0.129732831867277	1.09409107123322	29.6326170228718	0.227913818999057	0.828441562364011	0.998030532995944	-5.89728424765565	0	NS
P23116	Eif3a	2.13272337225595	4.3854453920247485	26.5047138235158	2.52066653125342	0.0514895249397253	0.998030532995944	-3.70661742430156	0	NS
Q64674	Srm	0.373224231023585	1.29524429668731	29.9136486744199	0.756012997240675	0.482601204135747	0.998030532995944	-5.62624265756751	0	NS
Q9Z247	Fkbp9	0.494293987386963	1.4086312436520683	30.0186213496267	1.03577865784916	0.346236673541122	0.998030532995944	-5.38867795209039	0	NS
P61965	Wdr5	1.78564157739258	3.4477175240303533	27.9679202008055	2.4649993004433	0.0551962738633044	0.998030532995944	-3.77120104493521	0	NS
P14131	Rps16	1.26352633737159	2.4008184938377606	28.2648560103403	1.02410345570876	0.351229471399323	0.998030532995944	-5.3995977673319	0	NS
P10639	Txn	-0.0755590675774926	0.9489743068514734	31.0196262643744	-0.128390561531645	0.902678586274826	0.998030532995944	-5.9168235165292	0	NS
P54822	Adsl	-0.528582627396572	0.6932354672845312	29.5890127328621	-0.910980472417074	0.402724042749128	0.998030532995944	-5.50114101423947	0	NS
O08585	Clta	0.402280073256763	1.321594944610543	28.8812331172169	0.49071168723681	0.643721359575354	0.998030532995944	-5.79555834539794	0	NS
Q9R0Q7	Ptges3	1.467922255008	2.766232185288055	29.6398521967499	1.82234613347263	0.126015403436545	0.998030532995944	-4.53062750002591	0	NS
P47811	Mapk14	0.650347722895336	1.5695464472281737	28.4475227651562	0.892125930078391	0.411863233581967	0.998030532995944	-5.51726945068381	0	NS
P70372	Elavl1	-0.258228927912583	0.8361137142464866	29.287826398639	-0.485472218014925	0.647189027015797	0.998030532995944	-5.79826299046101	0	NS
Q8C0E2	Vps26b	0.967571284690621	1.9555457450784741	27.8593430679979	1.30385430122828	0.24724098410463	0.998030532995944	-5.11896479921714	0	NS
Q9CZ04	Cops7a	-0.376990613526271	0.7700421842742395	28.9999259898401	-0.647668930282523	0.54482034575016	0.998030532995944	-5.70275621784377	0	NS
Q9DBR7	Ppp1r12a	-0.108522658461012	0.9275373880572698	27.0269218117987	-0.134448061513746	0.898119045430886	0.998030532995944	-5.91594316544355	0	NS
P63028	Tpt1	-0.271000364433431	0.8287446951420789	33.0339214250093	-0.680278494183427	0.525553291584669	0.998030532995944	-5.6807439490306	0	NS
P28063	Psmb8	-0.0663290827776967	0.9550650585205238	29.5846616909446	-0.125063012527054	0.905185073662303	0.998030532995944	-5.91728996655669	0	NS
P14206	Rpsa	0.627902757030533	1.545316935721644	30.8828949933724	1.16525256806141	0.294776163537525	0.998030532995944	-5.26264670622187	0	NS
P83917	Cbx1	0.287790393534783	1.2207691365186362	29.1881115356706	0.543260278581821	0.609515242544224	0.998030532995944	-5.76699464218723	0	NS
Q8VDK1	Nit1	-0.140357956454622	0.9072940127659965	27.6328741863509	-0.14652713870635	0.889040367463977	0.998030532995944	-5.91406751417606	0	NS
P31786	Dbi	-0.163706665413901	0.8927284661807737	31.0869571630489	-0.336551568102964	0.749668774534115	0.998030532995944	-5.86382723232386	0	NS
Q9D892	Itpa	0.732075481515828	1.661026950506059	30.5891627193012	1.56476421498715	0.176418814516267	0.998030532995944	-4.83022291326506	0	NS
Q9ERE7	Mesdc2	0.326313079778045	1.2538050796183133	30.1262004125709	0.586849847475593	0.581961192596641	0.998030532995944	-5.74135961852329	0	NS
O35215	Ddt	-0.274166445169937	0.8269279594338325	31.5083959775645	-0.395005181767093	0.708589180827068	0.998030532995944	-5.84074138396559	0	NS
P62965	Crabp1	-0.449542583406773	0.7322749840963704	28.0776995818591	-0.512408219744151	0.629470616391972	0.998030532995944	-5.78407997310952	0	NS
P45878	Fkbp2	-0.0998567436121401	0.9331256442241516	29.0094682362799	-0.138022752194937	0.895430398130326	0.998030532995944	-5.9154047506423	0	NS
O08716	Fabp9	0.717429222974367	1.644249490211336	30.190352401606	0.960992725902068	0.379255757350649	0.998030532995944	-5.45723054099757	0	NS
Q6ZWY9;Q64525;Q64478;P10854	Hist1h2bc;Hist2h2bb;Hist1h2bh;Hist1h2bm	10.0977780429645	1095.8070255213902	26.864228727391	11.6532652543103	6.52892401415965e-05	0.116075908668444	1.06541549172973	0	NS
P62317	Snrpd2	0.747232462209321	1.6785697212442576	29.3022631136262	1.20244484631381	0.281279881159039	0.998030532995944	-5.22490561757062	0	NS
P09671	Sod2	0.3928098708281	1.3129480838771714	32.7744224945116	0.814263519837734	0.451305139760457	0.998030532995944	-5.58126562880258	0	NS
P32261	Serpinc1	2.21753517552365	4.650981416802731	25.9148389194731	1.2513809453313	0.264359726409554	0.998030532995944	-5.17431141086407	1	NS
P70696	Hist1h2ba	-6.83355527000615	0.008767885842883872	27.8899097180218	-6.65369599341495	0.001009333959804	0.391217842820048	-0.401837874790022	0	NS
Q9Z2C8	Ybx2	-1.69212488548972	0.30947078251326177	27.8607914178223	-2.06214727261537	0.0922462466817479	0.998030532995944	-4.24629114815056	0	NS
P12032	Timp1	0.745562142956892	1.6766274362765239	34.6733044102212	1.28383545130645	0.253649251176819	0.998030532995944	-5.14020743300981	0	NS
Q9EQC7	Fstl3	0.417808190056196	1.3358964557800797	29.8468000286852	0.599003335614735	0.574416015174156	0.998030532995944	-5.73390602110015	0	NS
Q571E4	Galns	-0.0825726793457555	0.944372097066863	29.8611150606823	-0.142897979985799	0.891766121207807	0.998030532995944	-5.91464786118935	0	NS
Q9CYN9	Atp6ap2	0.22503109157831	1.1688024371977186	30.0854202842411	0.456966198408436	0.666230085318316	0.998030532995944	-5.81251444858099	0	NS
P58022	Loxl2	-0.281192856717638	0.8229103328441418	29.9663342641273	-0.421433436001518	0.690364554815155	0.998030532995944	-5.82916783533148	0	NS
O35598	Adam10	0.504623750166858	1.4187533020368812	27.9587190031437	0.752149971565868	0.484730516366704	0.998030532995944	-5.62913350266142	0	NS
Q61245	Col11a1	1.75282313290834	3.3701741264381675	24.7569615174167	0.594143792983384	0.577425644836632	0.998030532995944	-5.73690214639722	2	NS
Q04999	Inhbb	-0.241117794326519	0.8460895115821653	28.0551052991449	-0.260371486050861	0.804616292759796	0.998030532995944	-5.88859725560835	0	NS
Q08879	Fbln1	1.60414722279331	3.040159936369952	27.6916914314074	2.137381316871	0.0837088823629887	0.998030532995944	-4.15692141495049	0	NS
Q9Z1Q5	Clic1	0.0449324741622674	1.0316348921452694	30.4836414158527	0.0611730783076307	0.953512839617809	0.998030532995944	-5.923879415612	0	NS
Q61081	Cdc37	1.82091313966043	3.533047485334194	28.1052971381823	2.00850793175373	0.0988854222249945	0.998030532995944	-4.31003711759392	0	NS
Q8R0P4	Aamdc	-0.365187131474402	0.7763681660236225	28.07743775167	-0.516191900307791	0.627003591538221	0.998030532995944	-5.7820325963223	0	NS
Q62465	Vat1	0.0317468011484804	1.0222491059867995	30.3479546573885	0.0627356855442402	0.95232720360647	0.998030532995944	-5.92377205895035	0	NS
Q8BU30	Iars	1.36081839923705	2.56830830910819	26.4468186273256	1.48095395232775	0.196744925999374	0.998030532995944	-4.92507103202348	0	NS
P62715	Ppp2cb	4.07006211705736	16.79619010358198	28.2127063138237	5.01816670984566	0.0036655863948577	0.710390643323426	-1.36569076396656	0	NS
Q9D1M0	Sec13	0.768814088904776	1.7038686091010031	28.553168723653	0.745023202399933	0.488676300020068	0.998030532995944	-5.63443606200516	0	NS
Q8R180	Ero1l	0.394116726203347	1.3141379476978452	29.3639558611067	0.542617226679557	0.609927399484599	0.998030532995944	-5.76735979755107	0	NS
Q9D8B3	Chmp4b	2.29724746727803	4.915190958306619	27.8908494576915	3.29840014684878	0.0204278157794289	0.998030532995944	-2.85292575766892	0	NS
P62880;P29387	Gnb2;Gnb4	0.306024113729827	1.236295924648162	25.8961304503562	0.313405510836823	0.766206516024842	0.998030532995944	-5.87199652191656	0	NS
Q61792	Lasp1	1.45248265387609	2.736786046912836	28.3799857025552	2.17419469483639	0.0798378736729718	0.998030532995944	-4.11324429781958	0	NS
Q8VEK3	Hnrnpu	0.593569246230029	1.5089753577871465	28.9856283668206	1.0630697969513	0.334796760898478	0.998030532995944	-5.36285193082005	0	NS
P80315	Cct4	-0.364435167407692	0.7767729314925266	29.7830105413474	-0.607115292960986	0.569413849382258	0.998030532995944	-5.72885789858334	0	NS
Q6NZB0	Dnajc8	1.07953460931285	2.1133542363766806	28.7546431778471	1.43737003608932	0.208183981341192	0.998030532995944	-4.97368640727711	0	NS
Q6PDY2	Ado	0.300342742601751	1.231436932383787	27.37791759172	0.418534290269378	0.692352605723735	0.998030532995944	-5.83047152306498	0	NS
P34022	Ranbp1	-0.154234897017564	0.8986088048264276	29.6582929789635	-0.312324090400437	0.76698270326969	0.998030532995944	-5.87236456284376	0	NS
Q9JKB3	Ybx3	3.35310382439294	10.218445423508001	27.7216080761188	4.24420641745744	0.0075307067900916	0.99160661699478	-1.96629637676529	0	NS
P07356	Anxa2	0.719467141794048	1.646573761568698	28.2330414913051	0.51218521104424	0.629616191823128	0.998030532995944	-5.78420022351642	0	NS
P62196	Psmc5	0.988042240906511	1.983491535602849	27.8260602558705	1.22751106095668	0.272495697691865	0.998030532995944	-5.19911855023936	0	NS
Q61990;P57722	Pcbp2;Pcbp3	0.628571244853621	1.5460331403897267	28.3214703955297	0.78845736503578	0.464981643999364	0.998030532995944	-5.60150835785536	0	NS
Q8BJY1	Psmd5	-0.66984251950926	0.628575297009328	30.2400324183361	-1.49278060910615	0.193745852758106	0.998030532995944	-4.91179076795837	0	NS
Q9Z2I9	Sucla2	1.24894365337983	2.376673383754976	26.329758225172	0.587567093694519	0.581514224628695	0.998030532995944	-5.74092340695494	0	NS
P97470	Ppp4c	4.10071842502999	17.15691697710846	26.4655949598124	2.02293213662954	0.0970526022928269	0.998030532995944	-4.29289640324174	1	NS
Q9EPC1	Parva	0.199216809814468	1.148074934868783	29.3759518859746	0.288916360608957	0.783857273478927	0.998030532995944	-5.88003064222444	0	NS
P58044	Idi1	-0.33649581076603	0.7919625904982158	31.0533778711781	-0.632240187457254	0.554095158477633	0.998030532995944	-5.71285511462542	0	NS
P62874	Gnb1	1.3688783191684	2.5826968597262456	29.8285900636592	2.51011282100723	0.052171015650398	0.998030532995944	-3.7188340954883	0	NS
Q99LS3	Psph	0.66413565628225	1.5846186161682074	29.8001496302376	1.39918734506015	0.218720391925669	0.998030532995944	-5.01582645992578	0	NS
Q9ERF3	Wdr61	1.92771939937514	3.8045330610704053	26.546899951725	1.49461151256799	0.193285493202432	0.998030532995944	-4.9097316035665	0	NS
O35841	Api5	0.399075648388322	1.3186627573771839	28.8232949191776	0.581523244015348	0.5852871628724	0.998030532995944	-5.74458467320544	0	NS
Q9WVQ5	Apip	0.418832314210758	1.3368451036222653	29.3301381571923	0.666691127689238	0.533525492331028	0.998030532995944	-5.6900248934211	0	NS
Q60605	Myl6	0.168864781608683	1.124173554272868	31.0288864165399	0.30221351834636	0.774254279052705	0.998030532995944	-5.87574632402006	0	NS
Q9CZX8	Rps19	1.44093237953762	2.714962703943159	27.2216416015109	1.02360009862691	0.351446065546351	0.998030532995944	-5.4000667939377	0	NS
Q99KC8	Vwa5a	0.441319703625679	1.3578458474453876	28.4945010929614	0.738863207562548	0.492105066670512	0.998030532995944	-5.63898709215325	0	NS
Q9WUM4	Coro1c	0.0578962051881672	1.040946703994906	29.4885669479175	0.0748206558526107	0.943162611796493	0.998030532995944	-5.92285050632199	0	NS
O54983	Crym	2.85757649120203	7.2479675244693444	27.2413132647626	2.76625419134674	0.0380804849665713	0.998030532995944	-3.42647135868359	0	NS
Q99KV1	Dnajb11	-0.0498895834540499	0.9660102596112056	28.6235517703395	-0.0739086190126333	0.943853926911362	0.998030532995944	-5.92292569186482	0	NS
P62245	Rps15a	0.486235476010711	1.4007849376925758	28.0223930329388	0.545527583472871	0.608063336019493	0.998030532995944	-5.76570410910419	0	NS
Q9Z204	Hnrnpc	-0.151109691464095	0.9005575057602166	28.2193846939656	-0.230973100237778	0.826186573609339	0.998030532995944	-5.89651361971174	0	NS
Q6ZQI3	Mlec	0.738113080520638	1.66799282221236	27.6593438300067	1.08297317341675	0.32665594812161	0.998030532995944	-5.34375842434912	0	NS
Q923D2	Blvrb	0.206709602003729	1.1540530964587103	32.5406362238691	0.522192674107218	0.623102192793284	0.998030532995944	-5.77875791540143	0	NS
Q3THE2	Myl12b	2.67560925622008	6.389084658700732	29.0363668722411	2.02342280191662	0.0969908800914048	0.998030532995944	-4.29231329822996	0	NS
Q9D8S4	Rexo2	1.02911102685933	2.0407663656589596	29.3252784049796	1.74604727431193	0.139225721984108	0.998030532995944	-4.62032711146243	0	NS
Q9CQF3	Nudt21	0.0521173502738901	1.0367854307655722	29.3489668992843	0.0966406118334645	0.926641603286776	0.998030532995944	-5.92077763818741	0	NS
O88543	Cops3	0.160189935083598	1.1174342419228207	29.5086269743023	0.236355148125582	0.822224058532602	0.998030532995944	-5.89513350519549	0	NS
P68037	Ube2l3	-0.72794855382177	0.6037618253692497	30.1813761658447	-1.59281361072969	0.170082280639899	0.998030532995944	-4.79812634733811	0	NS
P99026	Psmb4	-0.620514607933242	0.6504388754158582	32.3970581501452	-1.33828660050768	0.236564832352871	0.998030532995944	-5.08207779044332	0	NS
Q9JMI7	Tex101	1.31427490284146	2.486773142635919	29.5441417590913	1.34684988264561	0.233976501792824	0.998030532995944	-5.07283792497099	0	NS
Q8BVU5	Nudt9	1.45686461918983	2.7451112524035386	28.3023387359246	2.24134906742723	0.0732555607465755	0.998030532995944	-4.03372056095733	0	NS
Q9CQU0	Txndc12	1.05996220586761	2.084876903662775	29.7672841091286	1.67092793847117	0.153588722296525	0.998030532995944	-4.70795365543631	0	NS
Q9JJV2	Pfn2	-0.314872934894622	0.803921792891996	30.0231902127062	-0.564601842965333	0.595929433859112	0.998030532995944	-5.75465996735124	0	NS
O89086	Rbm3	2.86518734826179	7.286304806257	27.9413660802247	4.21139560128038	0.007778334432972	0.99160661699478	-1.99415861333833	0	NS
P57776	Eef1d	0.253008232932698	1.1916893750898516	29.4830682898302	0.41475222538313	0.6949502924252	0.998030532995944	-5.83215965829174	0	NS
P32020	Scp2	0.429252610608321	1.3465358221183796	27.3275329435658	0.566998237830824	0.594415259465694	0.998030532995944	-5.75324890139528	0	NS
Q8BHG2		-0.789853113596537	0.5784029784157979	29.3101788459354	-1.2381940897815	0.268827034767644	0.998030532995944	-5.18804570770765	0	NS
Q8BG05	Hnrnpa3	-0.247238618261237	0.8425074692862036	27.7238221815071	-0.285567101075361	0.786282968479086	0.998030532995944	-5.88108042292716	0	NS
Q91V64	Isoc1	-0.0688769170472388	0.9533798790432628	29.01866303153	-0.116059388291701	0.911973213973973	0.998030532995944	-5.9184910468515	0	NS
Q9JI75	Nqo2	-1.30581627123311	0.40449218341601967	29.3742131756722	-2.17796261649219	0.0794524583032388	0.998030532995944	-4.10877671562407	0	NS
Q9D0W5	Ppil1	-0.223892270323866	0.8562522206714561	30.0096025375575	-0.410326205647007	0.697996253851678	0.998030532995944	-5.83411709858381	0	NS
Q9CYR0	Ssbp1	0.713173091297705	1.6394058956986404	28.7347819927193	1.00329656985796	0.360275221978647	0.998030532995944	-5.41886232870151	0	NS
Q9CPU0	Glo1	-0.0632298093405801	0.9571189849449044	31.9186856703366	-0.164001779781275	0.875940516975082	0.998030532995944	-5.91107134373352	0	NS
Q6PE15	Abhd10	2.0383943397486	4.10788085904601	26.2119124416076	1.51486737476522	0.188261959005481	0.998030532995944	-4.88689420764966	0	NS
Q9WTP7	Ak3	-0.344791832558751	0.7874215859647555	28.5627597897697	-0.544163951035409	0.608936318424218	0.998030532995944	-5.76648084789804	0	NS
Q9R0X4;Q32MW3	Acot9;Acot10	1.10717915994267	2.154240258398509	28.0980756640177	1.74224618674486	0.139919155775459	0.998030532995944	-4.62477914524517	0	NS
Q9CQ19	Myl9	-1.66956472216193	0.3143481718161861	28.272898808238	-1.77623486958781	0.133839753537976	0.998030532995944	-4.58491003792335	0	NS
Q91V76		0.0270600893261476	1.0189336350799651	30.1243037358521	0.0595134435571337	0.954772243640083	0.998030532995944	-5.92399047776694	0	NS
Q91VM5	Rbmxl1	0.620434468214862	1.5373380815893505	29.0433052602425	1.07214935305967	0.331062018775802	0.998030532995944	-5.35416843710749	0	NS
Q9Z1X4	Ilf3	-0.158682197376909	0.8958429882268422	28.3670915122733	-0.254578927412935	0.808851735335836	0.998030532995944	-5.89023009417038	0	NS
Q9ESP1	Sdf2l1	0.128777818327179	1.0933670609610728	28.3945337112888	0.147820108071028	0.888069670264159	0.998030532995944	-5.91385726716689	0	NS
P16406	Enpep	0.362347535809932	1.2855159725725962	26.9885338071203	0.4268014943927	0.686690882239584	0.998030532995944	-5.82673187296477	0	NS
Q3UV17	Krt76	0.433162867171722	1.3501904007571246	31.7497790119852	0.618483194244776	0.56245001557614	0.998030532995944	-5.7216858147748	0	NS
P42125	Eci1	-0.3462994206577	0.7865991755854241	30.4562163786418	-0.694142092472623	0.517501782040577	0.998030532995944	-5.67111568673045	0	NS
P62960	Ybx1	1.43298880386937	2.700055016208003	24.9772027151556	1.18146527514784	0.288824288038924	0.998030532995944	-5.24627312705051	0	NS
Q9QYR9	Acot2	0.253727435128499	1.192283595805698	24.0300569636929	0.105567376897916	0.919894111883735	0.998030532995944	-5.91977810844354	2	NS
Q9QXK3	Copg2	1.28851787324946	2.442769730419725	24.8532718490341	0.659105666683242	0.538010882016511	0.998030532995944	-5.69513859277739	1	NS
Q922D4	Ppp6r3	0.706972812545766	1.6323753300502581	24.14644791611	0.35582443546269	0.736012285053284	0.998030532995944	-5.85660181925832	1	NS
Q8K2B3	Sdha	0.985945298824785	1.9806106456776882	26.6878295455078	0.598932486616744	0.574459823618873	0.998030532995944	-5.73394985367715	0	NS
Q91VC3	Eif4a3	1.23804338103	2.3587841107701406	22.7531430088194	0.772173808313081	0.473765718837463	0.998030532995944	-5.61402329247991	0	NS
Q99KE1	Me2	-0.585939706231135	0.6662152547358596	27.3347044701452	-0.463221844167921	0.662026559190064	0.998030532995944	-5.8094543961561	0	NS
Q8VIG3	Rsph1	0.609374155642867	1.5255972578674803	24.3547462859325	0.22284087850325	0.832184898485302	0.998030532995944	-5.89853994146085	2	NS
Q6PDI5	Ecm29	0.0214926627804402	1.0150091006477644	22.9099348243894	0.0085826619245392	0.993473034145848	0.999971162684518	-5.92591428676939	1	NS
P22907	Hmbs	-2.05371174568956	0.24086359388496023	27.2715842954111	-1.54453254637724	0.181131252063107	0.998030532995944	-4.85326974030862	0	NS
Q9QXZ0	Macf1	-1.30938319385425	0.4034933512542003	24.9707893921976	-0.82166745862434	0.44743673218947	0.998030532995944	-5.57536676832278	0	NS
Q8K4F5	Abhd11	0.210681164709086	1.1572344401677415	27.0004471421379	0.169963210489909	0.87148148372533	0.998030532995944	-5.90997290364498	0	NS
P60122	Ruvbl1	-0.865313728979425	0.5489270240465599	28.4026308776242	-0.630310835530511	0.555262074344876	0.998030532995944	-5.71410350894174	0	NS
P21460	Cst3	0.203888017412564	1.1517982358227403	34.3288961796902	0.562010357760539	0.597569470311484	0.998030532995944	-5.75618001796434	0	NS
Q9ESY9	Ifi30	0.254500944745721	1.1929230172210874	30.6172470538467	0.477865372920818	0.652241430591488	0.998030532995944	-5.8021427959016	0	NS
Q924X6	Lrp8	2.24831708759515	4.751282826262106	27.3748789556322	2.18076287737299	0.0791672965908048	0.998030532995944	-4.10545685998675	0	NS
Q9JJH1	Rnase4	0.952235565128826	1.934868561300179	29.7749992779685	1.08299369050971	0.326647643711495	0.998030532995944	-5.34373863194451	0	NS
Q62217	Sema5a	2.80630635238325	6.994914156658908	25.794414567536	1.24532358510476	0.266403416330927	0.998030532995944	-5.18062923911572	1	NS
P42703	Lifr	4.11326915752647	17.3068247758331	24.5746509321161	2.36425718195037	0.0626575783940522	0.998030532995944	-3.88891553278919	1	NS
Q9QXX0	Jag1	1.40958607888296	2.6566093156977293	27.0373734016014	1.03662818064187	0.345875700922724	0.998030532995944	-5.38788035050046	0	NS
Q8C0F9	Prss35	-1.33257884461597	0.3970578587381499	29.9138060589583	-1.60016549237505	0.168458545453176	0.998030532995944	-4.78968731000961	0	NS
Q76KF0	Sema6d	1.5003798361788	2.829171897799603	26.4435802410064	1.18508228645178	0.287510965244237	0.998030532995944	-5.24260355210384	0	NS
Q8BM88	Ctso	0.771116531961415	1.7065900384203394	28.5547566424364	1.12421219819267	0.310324209776421	0.998030532995944	-5.30353082079431	0	NS
P01029	C4b	2.6694294101715	6.361775272917947	27.7876425714965	2.69712345102517	0.0414199541117506	0.998030532995944	-3.50447141760763	0	NS
O08746	Matn2	0.549977624116655	1.464062988474011	27.6025037959171	0.729786773120368	0.497187937071812	0.998030532995944	-5.64563799188654	0	NS
Q9DC11	Plxdc2	1.39204065158131	2.624496459967075	27.3691609074621	1.42797744962237	0.210730506388476	0.998030532995944	-4.98409297502639	0	NS
Q9DAW9	Cnn3	2.76086537892232	6.77802697731187	26.3415650747551	2.13568383363475	0.0838920767815516	0.998030532995944	-4.15893647464967	0	NS
Q8R3R8	Gabarapl1	2.65845207908252	6.313552815004453	24.2111482436191	1.72275400515092	0.143529861598199	0.998030532995944	-4.64758104864879	1	NS
Q99J36	Thumpd1	1.59837071512182	3.0280115642601246	27.6034269815145	1.75221210044804	0.138108393676705	0.998030532995944	-4.61310284798821	0	NS
P12265	Gusb	0.285736456706463	1.2190323878585718	29.5795025391175	0.406260837722082	0.700799656131249	0.998030532995944	-5.83589777832828	0	NS
Q8VBW6	Nae1	0.661992890502033	1.58226680505405	28.4026233199375	0.612304284107777	0.566228444584183	0.998030532995944	-5.72559823801645	0	NS
Q9CQV6	Map1lc3b	0.525425082957336	1.4393576171394682	29.302004600697	0.941014847660293	0.388495986399524	0.998030532995944	-5.47496403875193	0	NS
P46935	Nedd4	0.480844898821165	1.3955607221918596	27.3699721615658	0.37569077018276	0.722049023884184	0.998030532995944	-5.84875501452995	0	NS
Q9D662	Sec23b	0.899688112060316	1.8656626126087392	27.282854869914	1.03348161711326	0.347214287199155	0.998030532995944	-5.39083254347158	0	NS
O55013	Trappc3	1.09272642943006	2.1327670980610707	28.2410094456524	1.25066519389844	0.264600475456317	0.998030532995944	-5.17505873117302	0	NS
P23506	Pcmt1	0.844587204145114	1.7957508571429595	29.5881523682792	1.29870027096388	0.248876562438283	0.998030532995944	-5.12444853946909	0	NS
Q9WVA3	Bub3	0.185902931299739	1.13752868907328	27.8518658809353	0.243966814057487	0.816630173706681	0.998030532995944	-5.89312864723669	0	NS
Q923G2	Polr2h	0.967094341794623	1.9548993648853141	27.9282943394157	0.792248119111088	0.462953852473554	0.998030532995944	-5.59856605889535	0	NS
Q9QZ88	Vps29	-0.263680980793237	0.83295994066978	28.9603107702598	-0.462419077623928	0.662565207413879	0.998030532995944	-5.80984921267402	0	NS
Q9EQ80	Nif3l1	1.46907347852867	2.7684404291560503	28.1148174828785	1.93651249423798	0.108584706852876	0.998030532995944	-4.39553130106864	0	NS
Q99LD4	Gps1	1.13206812885643	2.191727031088949	28.3685387352116	1.26112793536506	0.261100854390019	0.998030532995944	-5.16411359878654	0	NS
Q3TMX7	Qsox2	-2.31023765884453	0.20162722250149162	27.6062278827329	-2.52556871805347	0.0511762618474426	0.998030532995944	-3.70094729971913	0	NS
Q9QZ73	Dcun1d1	0.938121527220635	1.9160318289845606	27.4012862770933	1.298967638678	0.248791473362879	0.998030532995944	-5.12416431525198	0	NS
Q3UM45	Ppp1r7	1.28255697191049	2.4326975608564476	28.1202431278699	1.53649960428381	0.183035962740118	0.998030532995944	-4.86239505799518	0	NS
P17047	Lamp2	0.716504087871146	1.6431954453441353	31.4652501573958	1.64368272035812	0.159154183658005	0.998030532995944	-4.73952651389232	0	NS
Q8R050;Q149F3	Gspt1;Gspt2	4.15747660772939	17.845353904646856	27.6150417759065	5.96738424891373	0.0016764905441033	0.412694954384432	-0.762045458689385	0	NS
P46664	Adss	1.62825363475538	3.091385635630255	28.0655763132391	1.50162369637526	0.191532044885365	0.998030532995944	-4.90183733043016	0	NS
Q62426	Cstb	-0.486952911242335	0.713530541715897	30.1955134235582	-0.82237505423018	0.447068323909981	0.998030532995944	-5.57480091088386	0	NS
Q9WUK2	Eif4h	2.64290013923406	6.245859598685238	26.2771290264779	2.71178612088285	0.0406856601410346	0.998030532995944	-3.48786791994199	0	NS
P50431	Shmt1	-0.33027621882879	0.7953841846792528	26.7407325671953	-0.28706693733088	0.785196376064062	0.998030532995944	-5.88061178185492	0	NS
Q8BP48	Metap1	1.04585502213717	2.064589587875766	27.9946241038785	1.52396797666951	0.186046091977745	0.998030532995944	-4.87660101835074	0	NS
Q99020	Hnrnpab	0.555819067397452	1.4700029674587103	29.9409287297772	0.835503287606198	0.440274168506804	0.998030532995944	-5.5642363352839	0	NS
Q8BK64	Ahsa1	0.161397560274098	1.1183699952468622	28.8653152098068	0.275336207900935	0.793709441112756	0.998030532995944	-5.8842138002744	0	NS
Q9WV55	Vapa	-0.260405371868512	0.8348533074099632	27.1437356796866	-0.334002922343627	0.751482587986743	0.998030532995944	-5.86475401758795	0	NS
P26883	Fkbp1a	-0.392807187237792	0.7616461552476265	30.0971235606341	-0.772472662128957	0.473603430944392	0.998030532995944	-5.61379542834472	0	NS
P55264	Adk	-0.93566326343211	0.5228020620478168	27.1810047734659	-1.10688957476499	0.317097031003648	0.998030532995944	-5.32053587786512	0	NS
P21550	Eno3	2.91606969748139	7.5478706406103395	25.2746988728129	1.4772841408233	0.197684530498925	0.998030532995944	-4.9291844636514	1	NS
P83940	Tceb1	-0.592678338311089	0.6631107100984184	28.4206024437485	-0.751315578137951	0.485191312234097	0.998030532995944	-5.62975637851784	0	NS
P62281	Rps11	2.14941609725406	4.436481945116843	26.5310677817235	1.20643144067071	0.279866181300716	0.998030532995944	-5.22082286526079	1	NS
Q9CRC9	Gnpda2	0.195087199948269	1.1447933525633722	28.7602110064641	0.322145008257827	0.759945139201833	0.998030532995944	-5.8689774267844	0	NS
P21300	Akr1b7	-1.19762943992549	0.435991090864044	29.1966911321051	-1.72226899431888	0.143620883257846	0.998030532995944	-4.6481477893259	0	NS
Q925B0	Pawr	0.400842629516615	1.3202788159493966	26.0018492842607	0.339184837286876	0.747796643697453	0.998030532995944	-5.86286261562767	0	NS
Q91V12	Acot7	0.35382627635758	1.2779454687883343	28.0505296750027	0.333215294048437	0.752043490683689	0.998030532995944	-5.8650390688941	0	NS
Q9CX80	Cygb	-0.557333947956276	0.6795568022782694	28.3510402962625	-0.799733585967813	0.458968650851227	0.998030532995944	-5.59272427338333	0	NS
Q8VDG5	Ppcs	1.91382461624322	3.768066996091867	26.4649674222414	1.37207863448273	0.226502721126977	0.998030532995944	-5.04546922068644	0	NS
P56812	Pdcd5	-0.434048008611612	0.7401820175281939	29.0823790842278	-0.58155495789205	0.585267326238855	0.998030532995944	-5.74456554717303	0	NS
Q9WUZ9	Entpd5	1.81566860629983	3.5202273489279654	27.4998975271458	1.83003551697658	0.124756430463676	0.998030532995944	-4.52155655596413	0	NS
Q61206	Pafah1b2	0.0917700202504317	1.0656768431785852	30.311442196164	0.200963398874122	0.848384338268742	0.998030532995944	-5.90363748088072	0	NS
Q8QZS1	Hibch	0.782831706218892	1.7205045486005266	28.6828201444545	0.92507658058494	0.395995912143204	0.998030532995944	-5.48892860659048	0	NS
Q8CG72	Adprhl2	0.757629870463184	1.6907107600865405	28.8425887223404	1.31862515245906	0.242607994484835	0.998030532995944	-5.10319397083465	0	NS
Q60692	Psmb6	0.422447438207553	1.3401991880687614	32.0351773202914	0.87821092154993	0.418710961411025	0.998030532995944	-5.52901826568125	0	NS
Q8CJG0	Ago2	0.140929909862474	1.1026155936355018	27.5113034659612	0.196032952844972	0.852047125351698	0.998030532995944	-5.90471486500953	0	NS
P14873	Map1b	-0.446386267150943	0.733878803009865	27.18715583161	-0.439843091907645	0.677806296893516	0.998030532995944	-5.82069488010213	0	NS
P47199	Cryz	1.14400926915515	2.209943168193229	26.390832141662	1.03784068721606	0.345361035870798	0.998030532995944	-5.38674123924628	0	NS
P56376	Acyp1	-0.0020815580850372	0.9985582142553685	30.0011028448838	-0.0023502108732812	0.998212681088461	0.999971162684518	-5.92595209715708	0	NS
Q9R1Z7	Pts	1.85664747269319	3.6216508615694516	26.3943275046575	1.25473496877787	0.263234201180039	0.998030532995944	-5.17080664458089	0	NS
Q7TSV4	Pgm2	-0.254747128316398	0.8381340276588929	29.5976295447742	-0.420547025634489	0.690972102493939	0.998030532995944	-5.82956732388684	0	NS
Q9DCC4	Pycrl	0.516590881196982	1.430570781884945	27.3499511013677	0.709143406848528	0.50888431135634	0.998030532995944	-5.66051894391564	0	NS
P38647	Hspa9	0.269514132858138	1.2054018071911212	27.14322858082	0.356759175071269	0.73535266531097	0.998030532995944	-5.85624166735229	0	NS
P14869	Rplp0	1.54000146158322	2.9079479806588022	30.0898164737274	3.03631500036957	0.0276092137768455	0.998030532995944	-3.12913320781357	0	NS
P99027	Rplp2	-0.17350480280536	0.8866859970941474	30.272722182922	-0.229270186242028	0.827441556729613	0.998030532995944	-5.89694382157563	0	NS
P51855	Gss	-0.055930212904549	0.9619739868457643	29.6972452630179	-0.0960528742455198	0.927086107919009	0.998030532995944	-5.92084036305036	0	NS
P19536	Cox5b	-0.657534984395107	0.6339605689571136	26.0235703829808	-0.697814746636737	0.515382903589792	0.998030532995944	-5.66853841885636	0	NS
Q8K3C3	Lzic	0.129645081242495	1.0940245261542998	27.139485233687	0.153347377096221	0.883922578979388	0.998030532995944	-5.91293785783626	0	NS
P84089	Erh	-1.18228554803239	0.4406528533065791	29.2535507409875	-1.41938739518023	0.21308518610262	0.998030532995944	-4.99358756002371	0	NS
Q99LJ6	Gpx7	1.00449899905991	2.0062466719900693	27.7222105073339	1.41645024999853	0.213895984729169	0.998030532995944	-4.99682891183555	0	NS
Q924M7	Mpi	0.296622229234822	1.228265316150561	30.4696057417767	0.631095894816062	0.554787062669261	0.998030532995944	-5.71359592310685	0	NS
O88851	Rbbp9	-0.149147662038792	0.9017830747849203	29.4559367770623	-0.257314913474741	0.806850291183093	0.998030532995944	-5.88946331319147	0	NS
P63323	Rps12	-0.145318029550334	0.9041800369801863	30.0288771011212	-0.269589022523685	0.797892108892377	0.998030532995944	-5.88592537469093	0	NS
Q61029;Q61033	Tmpo	1.01706604324961	2.0237990447832286	26.525954404951	1.17834084924888	0.289963008896856	0.998030532995944	-5.24943809478865	0	NS
Q9D6J6	Ndufv2	3.38620535314365	10.45561017628789	28.871408431696	5.65944169706099	0.0021372089398181	0.46021232504083	-0.943394064380606	0	NS
Q9JIQ3	Diablo	0.497195330964756	1.4114669333665062	28.5445565239815	0.483336605305145	0.648605347331703	0.998030532995944	-5.79935785650462	0	NS
Q9Z0X1	Aifm1	0.243835003404429	1.184136178095713	29.0960433707873	0.42963267084488	0.684757241276506	0.998030532995944	-5.82543560445766	0	NS
Q8BHA3	Dtd2	-0.43792636010285	0.7381948817730559	27.930762707179	-0.655261448572375	0.54029347978311	0.998030532995944	-5.69771153091467	0	NS
Q6PDM2	Srsf1	-0.0918971094426268	0.9382881112272884	26.3787955866471	-0.10622413324147	0.91939797931602	0.998030532995944	-5.91970110164543	0	NS
P11404	Fabp3	-0.498654378160887	0.7077666172407792	30.31795502648	-1.15092416519769	0.300125522172045	0.998030532995944	-5.27701375626716	0	NS
P62806	Hist1h4a	-0.423894038352079	0.7454099395258418	31.2195767575959	-0.601252810193769	0.573026164519274	0.998030532995944	-5.73251200608836	0	NS
P97350	Pkp1	0.879170824641524	1.8393178668193084	23.7691176469723	0.560657810167115	0.598426506000929	0.998030532995944	-5.75697092816869	0	NS
Q6A4J8	Usp7	1.35147646003949	2.5517313711907383	23.8714402839277	0.77577358633234	0.471813582164715	0.998030532995944	-5.61127405010907	1	NS
Q62148	Aldh1a2	1.14274041640403	2.208000373875157	27.8181890205104	0.89872883804371	0.408644436022036	0.998030532995944	-5.51164839247818	0	NS
Q8K4Z5	Sf3a1	0.645458985082542	1.564236860012168	22.9710106780623	0.344082849182777	0.74431958518462	0.998030532995944	-5.86104932403371	0	NS
Q9JJ78	Pbk	1.11613054950844	2.167648075340703	25.0897004881681	0.462877713729535	0.662257439150923	0.998030532995944	-5.80962372304832	1	NS
Q9EPK7	Xpo7	0.656124306080667	1.5758435447259176	24.0936373276866	0.304946873190712	0.772285830935104	0.998030532995944	-5.87484263489744	2	NS
Q9D1G1	Rab1b	0.982639799726502	1.9760778704791433	24.4344105085473	0.655592008571968	0.540096952273825	0.998030532995944	-5.69749078058813	0	NS
Q9WUD8	Faim	-0.871457810045884	0.546594250606069	26.2453706478884	-0.791329661937535	0.463444569832212	0.998030532995944	-5.59927993942691	0	NS
Q8BI72	Cdkn2aip	1.24544030237199	2.370909019508664	24.2529277006458	0.703082617844651	0.512354017545381	0.998030532995944	-5.66482238127385	0	NS
P12399	Ctla2a	1.05506945660434	2.077818237940281	27.1922844067682	0.499485617094614	0.639062555100351	0.998030532995944	-5.7899123838777	0	NS
Q9CQ01	Rnaset2	0.297494084948448	1.229007811095788	31.310179808745	0.763743516421861	0.478360157295024	0.998030532995944	-5.62042273692975	0	NS
Q9ER65	Clstn2	1.38166513773861	2.605689425001111	26.5563706324129	0.894964598256637	0.410477025006642	0.998030532995944	-5.51485650049568	0	NS
O08992	Sdcbp	1.00283109898423	2.0039285899670625	27.9297320689673	0.709343534184783	0.508770017349409	0.998030532995944	-5.66037633394418	0	NS
P08905	Lyz2	0.731797601375165	1.6607070478649264	29.6888838494527	0.996984058641222	0.363057198609935	0.998030532995944	-5.42465641068127	0	NS
P97467	Pam	-0.0003589145241574	0.9997512503528433	28.3835964691085	-0.0004450613023576	0.999661533637712	0.999971162684518	-5.92595505227241	0	NS
Q8R242	Ctbs	1.06098987424376	2.086362543582	29.5934275707634	2.03633278432148	0.0953814829175975	0.998030532995944	-4.27697062196016	0	NS
P27090	Tgfb2	-0.484222304990265	0.7148823284202209	29.4742102908082	-0.771267889642008	0.474257908658329	0.998030532995944	-5.614713600416	0	NS
Q61646	Hp	-0.108309992885636	0.9276741250709792	30.6287510403036	-0.193898839983352	0.853633846672417	0.998030532995944	-5.90517303660425	0	NS
Q9WVG5	Lipg	0.13239408039998	1.0961111345829206	27.1540319108673	0.167798893206552	0.873099740592954	0.998030532995944	-5.9103761779352	0	NS
P08226	Apoe	0.67331324287982	1.5947311689776813	27.744662626896	0.694297638378109	0.517411922538228	0.998030532995944	-5.67100675826076	0	NS
Q04997	Inha	-0.174260559804163	0.8862216275368502	27.6311715848293	-0.132579725724819	0.899524898811203	0.998030532995944	-5.91621899181755	0	NS
P14901	Hmox1	-0.218200111255721	0.8596372406549005	29.2916232961196	-0.327923138886534	0.755816696535055	0.998030532995944	-5.86693767925433	0	NS
P29416	Hexa	0.525678055869058	1.439610026971476	29.507740276549	0.919295445576738	0.398744465919266	0.998030532995944	-5.49395300773666	0	NS
A2ASQ1	Agrn	-0.21159435332436	0.8635823403484245	29.8399436553463	-0.143552453418313	0.891573226446956	0.998030532995944	-5.9144398870012	0	NS
P35822	Ptprk	0.486866736629427	1.4013979943861608	27.2549193699399	0.34049972329347	0.746862550874941	0.998030532995944	-5.86237826461242	0	NS
Q9QZZ6	Dpt	-0.418791679979167	0.7480508872644065	28.8680181164364	-0.479581857227091	0.651099510741561	0.998030532995944	-5.80127218055603	0	NS
Q8VCF1	Cant1	-0.235682476670611	0.8492831449463354	28.7598174487986	-0.39419391444927	0.709152185995242	0.998030532995944	-5.84108556980789	0	NS
Q8VCC9	Spon1	-0.220965414618682	0.857991098596454	27.8919819846809	-0.226944404549888	0.829156504162877	0.998030532995944	-5.89752634342758	0	NS
Q99JR5	Tinagl1	-0.129273381407058	0.9142918206795319	27.7002500019811	-0.166291189399731	0.874227461263722	0.998030532995944	-5.91065408745216	0	NS
P61922	Abat	1.52763240404195	2.8831230350464425	28.9961852011605	1.06231975908178	0.335820181281236	0.998030532995944	-5.36300403367573	0	NS
O88322	Nid2	-1.01227577279631	0.49576359053764035	27.9597460578027	-1.37594004182774	0.225378610728553	0.998030532995944	-5.04126142242883	0	NS
Q91VU0	Fam3c	-0.0306086743194758	0.9790071664495597	29.3952813954272	-0.0264407619683591	0.979894758606872	0.999971162684518	-5.92556724584366	0	NS
P97461	Rps5	-0.35351433805061	0.7826752134293904	27.0805490265187	-0.39867027889365	0.706048277051992	0.998030532995944	-5.83917817857481	0	NS
Q9ET22	Dpp7	0.67197398655434	1.5932514641615763	28.8316362358662	1.03046985595091	0.348499566122467	0.998030532995944	-5.39365296609089	0	NS
P36993	Ppm1b	2.77560166480428	6.847615355062383	25.7907426852481	2.68312228540577	0.0421346955335875	0.998030532995944	-3.5203551235825	0	NS
Q9QYB1	Clic4	0.323102142145102	1.2510176484518398	29.6618175145297	0.590963647435668	0.579400449273348	0.998030532995944	-5.73885144666081	0	NS
P84078;P61205;Q8BSL7	Arf1;Arf3;Arf2	-0.621310021730024	0.6500803620471504	29.1828260544726	-1.11742897726731	0.312961329919534	0.998030532995944	-5.31020789879406	0	NS
P61082	Ube2m	0.273971003545101	1.2091313734862374	26.9214004462766	0.353244070599084	0.737834501626033	0.998030532995944	-5.85759136992217	0	NS
P42227	Stat3	0.54256154400599	1.4565563779686388	27.1946013974003	0.39223343112296	0.710513587247257	0.998030532995944	-5.84191457916154	0	NS
Q8JZV9	Bdh2	-0.0993628963036648	0.9334451160844306	28.5812484077554	-0.140520793536274	0.893552469079949	0.998030532995944	-5.91502017959008	0	NS
Q8BP47	Nars	-0.01292280361963	0.9910825931420466	26.8793219101216	-0.0134704010428412	0.989756212704316	0.999971162684518	-5.92585447495173	0	NS
Q920A5	Scpep1	0.6530723746504	1.5725134694606278	28.4787067002599	0.913803265570117	0.40136955644843	0.998030532995944	-5.49870592977992	0	NS
P20065	Tmsb4x	0.739273343069257	1.6693348161725652	24.7199530220741	0.42569160377842	0.687449652957053	0.998030532995944	-5.82723787410727	0	NS
O70433	Fhl2	0.994419340428641	1.9922785069439655	27.6203399093307	1.2472317002809	0.265758108757208	0.998030532995944	-5.17864071646291	0	NS
Q9CX34	Sugt1	0.83113333497692	1.779082403631683	26.9592688188926	0.933055293199543	0.392227202065018	0.998030532995944	-5.48195847181501	0	NS
Q6P4T2	Snrnp200	1.24840336450056	2.375783486897484	24.9720580779423	0.950267861721882	0.384194085042319	0.998030532995944	-5.46678197206286	0	NS
Q8JZK9	Hmgcs1	1.09566305834551	2.1371128011003644	27.8980742855313	1.16400538394319	0.29523844822441	0.998030532995944	-5.26390114834709	0	NS
O35405	Pld3	-0.175571733632894	0.8854165629169634	28.3269112277535	-0.274997664073687	0.793955611304294	0.998030532995944	-5.884315592453	0	NS
P63166	Sumo1	0.293335285092862	1.225470100413339	27.7382088173352	0.31788348086887	0.762995750393153	0.998030532995944	-5.87045953624094	0	NS
Q9DBH5	Lman2	0.970097710474318	1.9589732675127116	27.6352761786198	1.37331453800333	0.226142364573853	0.998030532995944	-5.04412298481953	0	NS
Q61553	Fscn1	-0.333077316059538	0.7938413867134773	28.9195129522135	-0.312768027560421	0.766664031100863	0.998030532995944	-5.87221362506209	0	NS
Q07813	Bax	-0.842375006903263	0.557724670169487	28.1945712288211	-1.23576959118465	0.26965572586491	0.998030532995944	-5.19056292570901	0	NS
Q9Z1Q9	Vars	0.94330907098741	1.9229337659919234	26.1103415448702	0.963034748887856	0.378321309708507	0.998030532995944	-5.45540375539806	0	NS
Q61239	Fnta	1.16615799660172	2.2441327135714575	28.1175826006897	1.57561352148671	0.173941057350231	0.998030532995944	-4.81782752084802	0	NS
O70591	Pfdn2	-0.331496770927386	0.7947115565343089	27.0304476542236	-0.436945381721605	0.679775356076301	0.998030532995944	-5.8220507512214	0	NS
Q91YR1	Twf1	0.147975561130947	1.1080135782515748	29.2751728097896	0.244416552796325	0.816300036040319	0.998030532995944	-5.89300824888947	0	NS
O55135	Eif6	-0.296915309717196	0.8139909672419257	30.114195240993	-0.637527830751104	0.550905153623621	0.998030532995944	-5.70941719949117	0	NS
Q569Z6	Thrap3	1.90079835831849	3.734197824203042	25.1166935204548	1.59722810830036	0.1691054681785	0.998030532995944	-4.79306033364648	0	NS
Q8R4N0	Clybl	1.43456639258141	2.7030091443983895	26.7640590237714	1.27746940080101	0.255718591205788	0.998030532995944	-5.1469301571439	0	NS
Q9JIW9	Ralb	-0.0956428893060858	0.935855121634799	27.2034973994228	-0.122975105664603	0.906758432197686	0.998030532995944	-5.9175764323	0	NS
Q60676	Ppp5c	-0.826813843694544	0.5637729470992117	28.5213975586207	-0.986951162319441	0.367514970324049	0.998030532995944	-5.43381618039929	0	NS
P62774	Mtpn	-0.259894632767188	0.8351489123021348	29.4238414578533	-0.324629333592719	0.75816899173342	0.998030532995944	-5.86810468444923	0	NS
O35593	Psmd14	0.651865576204913	1.5711986293367115	28.7864427466801	1.09515277599362	0.321757698097388	0.998030532995944	-5.33196970237007	0	NS
Q7TNG5	Eml2	-0.381554976340045	0.7676097936942324	28.9255882433912	-0.621185890824885	0.560802334017418	0.998030532995944	-5.71996396984527	0	NS
Q9CWM4	Pfdn1	-0.66050159589226	0.6326582962461467	26.9392680848582	-0.778094085957608	0.470558274005774	0.998030532995944	-5.60949656858059	0	NS
Q810B6	Ankfy1	-0.980165524612896	0.5069215759664357	25.6544695195619	-0.922964978776895	0.396998100781602	0.998030532995944	-5.49076634332158	0	NS
P62075	Timm13	0.0913079170927544	1.065335555684612	25.3850013662914	0.0725373870852213	0.944893411783479	0.998030532995944	-5.92303700054361	0	NS
Q9JJA4	Wdr12	2.45377555866215	5.478479561673541	25.6702801449993	1.9974360719741	0.100316632658423	0.998030532995944	-4.32319244595247	0	NS
Q3V1T4	Lepre1	2.84607262163807	7.190402950569792	25.6608877845529	1.65521496280898	0.156774528632189	0.998030532995944	-4.7261774286644	1	NS
O35226	Psmd4	0.292162205631902	1.2244740551890765	28.3095938545728	0.297626973945364	0.777561595003899	0.998030532995944	-5.87724509640787	0	NS
Q61205	Pafah1b3	0.135251708346614	1.0982844157763556	29.3315781230362	0.25996439908542	0.804913705571614	0.998030532995944	-5.88871317484755	0	NS
P97855	G3bp1	0.158090094214711	1.1158090008044759	27.722515206744	0.20976290840343	0.841857991150355	0.998030532995944	-5.90164927798503	0	NS
P14069	S100a6	-0.904803231160407	0.534105545586979	30.9439028783885	-0.938606070778354	0.389622158000321	0.998030532995944	-5.4770850457495	0	NS
P70349	Hint1	-0.663505297999768	0.6313424670938806	28.8564820146753	-1.06820433630725	0.332680394692	0.998030532995944	-5.35794688971028	0	NS
Q99LD8	Ddah2	-1.63811720792781	0.32127548213359086	28.2767436671621	-2.52327543846182	0.0513225505614776	0.998030532995944	-3.70359946826576	0	NS
Q9Z2Y8	Prosc	-1.69543832699843	0.308760835730546	28.4990112735765	-2.49074838841427	0.0534470016172051	0.998030532995944	-3.74128366609288	0	NS
O70493	Snx12	2.13846713443071	4.402939847404825	28.8706504380565	3.80563123763861	0.0117590911096107	0.998030532995944	-2.35576761850266	0	NS
Q60817;P70670	Naca	3.10443162651752	8.600566121392147	28.7352209599868	3.88859965178073	0.0107844277831569	0.998030532995944	-2.27923515990169	0	NS
Q8VD62	Bles03	0.0172718785680245	1.0120439046162832	27.4472247001589	0.0198531409605507	0.984902992003039	0.999971162684518	-5.9257364553915	0	NS
O55131	2018-09-07 00:00:00	0.519999062813141	1.4339543165067141	28.2948376121991	0.453964268755405	0.668252162896856	0.998030532995944	-5.81396934770241	0	NS
Q9CR98	Fam136a	1.66176661287035	3.164037311861888	25.9681153046938	1.83571147281238	0.123835312357966	0.998030532995944	-4.51485765206848	0	NS
Q9CWZ3	Rbm8a	-0.164050060585352	0.8925160012073415	28.0274369040592	-0.149630978909537	0.886710529278405	0.998030532995944	-5.91355972839308	0	NS
Q8CIB5	Fermt2	0.418522099117587	1.3365576797846426	27.7138990935758	0.584209924824849	0.583608131669382	0.998030532995944	-5.74296117794216	0	NS
O54998	Fkbp7	0.478471109347738	1.3932663749025431	26.6032386139697	0.470804325959988	0.656950145594974	0.998030532995944	-5.80569432462802	0	NS
P54775	Psmc4	0.725325591815508	1.653273710060236	27.8016026633907	0.853066455071587	0.431306658949807	0.998030532995944	-5.54990896458442	0	NS
P54728	Rad23b	-0.141048520523435	0.9068598290338079	29.1988179477723	-0.259048269191251	0.80558315449987	0.998030532995944	-5.88897340045162	0	NS
Q99L13	Hibadh	0.475209243533722	1.3901198234267913	27.7867009341356	0.644919126923833	0.54646593618588	0.998030532995944	-5.70457110458408	0	NS
Q91Z53	Grhpr	1.16060536030697	2.235512108725037	27.9407715753948	1.73451373011565	0.141340493974303	0.998030532995944	-4.6338303173453	0	NS
Q8BL66	Eea1	0.208173261154793	1.1552245134666042	26.7865547360894	0.225150359580853	0.830480099482076	0.998030532995944	-5.89797171257109	0	NS
Q9CR09	Ufc1	-0.333820370638501	0.7934326270087354	28.8581100460445	-0.594780576113105	0.577030715678469	0.998030532995944	-5.73651073914561	0	NS
P24270	Cat	0.129033894514129	1.0935611491847947	29.3634357378918	0.158679456270548	0.879925890765043	0.998030532995944	-5.91201925019867	0	NS
P62270	Rps18	0.969666375055438	1.958387663328344	27.1728436689105	0.68552400221812	0.522497016648993	0.998030532995944	-5.67711969034465	0	NS
P59999	Arpc4	-0.436988651076796	0.7386748425349581	31.9414160893522	-0.916375161879865	0.400138581449273	0.998030532995944	-5.49648269216871	0	NS
P63280	Ube2i	-0.341516305318977	0.7892113966721354	30.3901567327575	-0.753481449222642	0.483995848514671	0.998030532995944	-5.62813842493627	0	NS
P50543	S100a11	-0.331160663336258	0.7948967236667716	30.1809067710254	-0.618945493993024	0.562167960200826	0.998030532995944	-5.72139174432982	0	NS
Q9CQE1	Nipsnap3b	-0.136411025578154	0.9097795898389223	28.6105801125404	-0.147289477620965	0.88846801469926	0.998030532995944	-5.91394377333757	0	NS
Q9D358	Acp1	0.118426555488202	1.0855502844596912	28.4183887262524	0.192637178844601	0.854572263117595	0.998030532995944	-5.905441579484	0	NS
Q8BFS6	Cpped1	0.732702542591609	1.6617490655100369	28.5037537452952	0.984656589570734	0.368540738987681	0.998030532995944	-5.43590252029906	0	NS
Q3UEB3	Puf60	-0.149276870222072	0.9017023144495913	26.0859385432666	-0.145526923171802	0.889791429639953	0.998030532995944	-5.91422890116724	0	NS
Q9CQ45	Nenf	1.84864243136414	3.601611157749611	27.7181965955841	1.53530649540556	0.183320511438858	0.998030532995944	-4.86374915300734	0	NS
Q99KR7	Ppif	-1.97550599077582	0.2542807245028267	27.1777957754299	-2.54106074599169	0.0501997970505741	0.998030532995944	-3.6830474832121	0	NS
Q8BGS2	Bola2	0.0460817562456862	1.0324570422483896	26.5593508289383	0.0478497388077665	0.963627127869807	0.999824267041862	-5.92468494511949	0	NS
P56380	Nudt2	1.80857800313276	3.50296847131633	27.5754527640352	1.36351404089496	0.229014661449546	0.998030532995944	-5.05478443407932	0	NS
Q62189	Snrpa	0.469492946409288	1.3846227392434962	27.9188053296931	0.707810487549618	0.509646000097867	0.998030532995944	-5.66146794583362	0	NS
Q9DB29	Iah1	-0.442468133638408	0.7358746116896293	28.589525869973	-0.629003220343795	0.556053844468336	0.998030532995944	-5.71494776910904	0	NS
P62889	Rpl30	-0.211408494361353	0.863693600769269	27.7203836700493	-0.225139494539956	0.83048811732963	0.998030532995944	-5.8979743992584	0	NS
P26350	Ptma	0.608461896524221	1.5246328821374724	29.5526934868258	1.09864619162675	0.320364378811302	0.998030532995944	-5.32857397071316	0	NS
P70202	Lxn	0.417144128629056	1.3352816944157677	29.7821379252349	0.878626135965428	0.418505364474088	0.998030532995944	-5.52866960832396	0	NS
P32067	Ssb	-0.199053850002417	0.8711216760674642	26.4702821940829	-0.224568650489683	0.830909403772545	0.998030532995944	-5.89811537794515	0	NS
Q8VCA8	Scrn2	1.02926806510002	2.040988516420836	28.0179274412727	1.0952288741759	0.321727291892269	0.998030532995944	-5.33189580021362	0	NS
P59024	Fkbp14	0.349040585232702	1.2737133063388477	26.3284492962481	0.410999064473799	0.697532782537431	0.998030532995944	-5.8338207833507	0	NS
Q8BGB7	Enoph1	-0.379291585068173	0.7688150136773378	28.4419613439327	-0.580677899699267	0.585816066162788	0.998030532995944	-5.74509415031591	0	NS
Q9D6N1	Ca13	0.282318965530268	1.2161481317231129	29.4730634202115	0.537139614969219	0.613444785604594	0.998030532995944	-5.77045472046423	0	NS
P60670	Nploc4	0.335537306295008	1.26184727406671	26.1147184524372	0.362160435870908	0.73154617811627	0.998030532995944	-5.85414304033241	0	NS
Q99KP3	Cryl1	0.786760452386772	1.725196210699675	27.7669495816193	0.90542100486469	0.405402180990747	0.998030532995944	-5.50592141349598	0	NS
Q8BGD9	Eif4b	1.74567909010179	3.3535267037211534	26.2262756736053	1.7923818228941	0.131045506360374	0.998030532995944	-4.56592522500472	0	NS
P56391	Cox6b1	0.333677227155372	1.2602214118544648	25.8092478050692	0.324190213232719	0.758482815631466	0.998030532995944	-5.86825941429211	0	NS
Q8VCR7	Abhd14b	-4.5763992010988	0.04191471990536915	31.8865645588002	-9.75479285802785	0.0001583546204124	0.116075908668444	0.679524201998267	0	NS
Q8VBV7	Cops8	1.28037801967022	2.4290261467840493	27.4140528085187	1.17688041294638	0.29049663065757	0.998030532995944	-5.25091592874163	0	NS
Q03265	Atp5a1	0.0104707748938073	1.0072841896736455	27.3951610095027	0.0119054352035033	0.990946245137279	0.999971162684518	-5.92587651092498	0	NS
P11930	Nudt19	0.90041267936966	1.8665998430114739	27.6268138542336	0.997769780186827	0.362709967310507	0.998030532995944	-5.42393651393484	0	NS
Q3UGR5	Hdhd2	0.506956386832282	1.4210490837290417	29.9855323235185	1.02358490286159	0.351452605994304	0.998030532995944	-5.40008095102733	0	NS
O35295	Purb	0.0100805074854917	1.0070117433054697	28.4598771840387	0.0151654514392715	0.988467295154595	0.999971162684518	-5.92582754126632	0	NS
P42669	Pura	0.625893705148011	1.5431664734864499	28.9807332690234	0.797794520720291	0.459998570699402	0.998030532995944	-5.5942415836732	0	NS
Q71RI9	Ccbl2	2.00315925545609	4.008768913754935	27.7109108431873	1.52295222252538	0.186292161595323	0.998030532995944	-4.8777508658849	0	NS
Q99LG2	Tnpo2	-0.652644723495475	0.6361131326103617	23.3967560141184	-0.336519599103235	0.749691514926374	0.998030532995944	-5.86383889911445	2	NS
Q9CQI7	Snrpb2	1.07171042779944	2.101923885753341	22.8468761503494	0.714208478204507	0.505997047148821	0.998030532995944	-5.65689958831469	1	NS
Q3ULJ0	Gpd1l	1.79693540266817	3.4748131507674334	24.6033142418168	1.35244503221569	0.23229950329678	0.998030532995944	-5.06678690787272	0	NS
O35969	Gamt	-0.501297310929674	0.7064712171859487	28.752983220902	-0.829016050368781	0.443621725571175	0.998030532995944	-5.56947238360346	0	NS
Q9DA79	Dpep3	-0.742226193726605	0.5978161621079049	25.3959543876884	-0.255022389552859	0.809068282016166	0.998030532995944	-5.88978780142825	1	NS
Q9CZU3	Skiv2l2	-0.097133225021639	0.9348888618756922	24.5324152352862	-0.0518287806997932	0.960605573144401	0.998874496667108	-5.92446496754964	1	NS
Q9DBT5	Ampd2	-0.422582158925519	0.7460880680840806	25.4850579366165	-0.285070109781531	0.786643146502781	0.998030532995944	-5.88123519005406	0	NS
Q9JLV5	Cul3	-0.056533115723176	0.9615720615307882	24.0726122324628	-0.0219097802152459	0.98333933764329	0.999971162684518	-5.9256887978889	2	NS
Q3UHX2	Pdap1	3.15183190281918	8.887834193246176	23.772092696563	2.34403445735118	0.0642821197830784	0.998030532995944	-3.91266053285867	1	NS
Q8K2V1	Ppp4r1	1.2839078564659	2.4349765127693663	22.8845267188854	0.582611944538722	0.584606428772041	0.998030532995944	-5.74392758077912	2	NS
P39061	Col18a1	-2.03133835931105	0.24462803257283058	27.6244911578644	-2.16201072057202	0.0810977200349935	0.998030532995944	-4.12769456196344	0	NS
Q99KJ8	Dctn2	1.38155955269784	2.6054987320624843	25.9708949106562	0.964754658184881	0.377535705349414	0.998030532995944	-5.45386311181833	0	NS
O35900	Lsm2	-1.07937544771099	0.47323364502110193	24.0982483459986	-0.454863347682054	0.667646217388166	0.998030532995944	-5.81353452782223	0	NS
P50429	Arsb	0.940637357241555	1.919375997861042	27.2263353703889	1.03616360621712	0.346073065367786	0.998030532995944	-5.38831658190467	0	NS
P27661	H2afx	2.18614230096787	4.550869766734759	25.4083402865828	1.08623308809935	0.325338729446574	0.998030532995944	-5.34061083846262	1	NS
Q9ER10	Prss22	0.0521504285662536	1.0368092025841402	30.448803043212	0.0212897251524152	0.983854651197082	0.999971162684518	-5.92570132947556	0	NS
P33434	Mmp2	-0.341275313922525	0.789343239533755	30.0534270232473	-0.245955620948317	0.815691438937165	0.998030532995944	-5.89229726530731	0	NS
Q8QZR4	Oaf	0.365657765612173	1.2884689451709812	29.1194883255336	0.546467754553653	0.607461875394042	0.998030532995944	-5.76516757814423	0	NS
P06869	Plau	-0.465530664523586	0.7242046450857487	31.4087791905977	-0.14944608772019	0.887160575892558	0.998030532995944	-5.91347728935458	0	NS
P28798	Grn	-0.429019422326641	0.7427664607466374	27.9334149462828	-0.362627442479167	0.73121746467793	0.998030532995944	-5.85396018456422	0	NS
Q07235	Serpine2	3.23708607413762	9.428877791851225	26.2875536771239	1.84349513828215	0.122583372859703	0.998030532995944	-4.50566699693402	1	NS
P01887	B2m	-0.185861533307974	0.8791239332413472	34.4628667282617	-0.49857156717421	0.638538466015466	0.998030532995944	-5.7914518266371	0	NS
P20060	Hexb	0.865656638726762	1.8221688336653805	28.1391577513817	0.609081646683526	0.568205429169782	0.998030532995944	-5.72762545426368	0	NS
Q00993	Axl	-0.219381389997491	0.8589336577432166	29.8990823845836	-0.37156975529309	0.724935781192905	0.998030532995944	-5.85041584855956	0	NS
Q61810	Ltbp3	-0.0274014677092657	0.9811859851415876	26.0631194328915	-0.0308165965403688	0.976568593155253	0.999971162684518	-5.92542823785976	0	NS
O35188	Cx3cl1	0.32047261909892	1.248739562234944	30.1053923355763	0.708117977251378	0.509470217530332	0.998030532995944	-5.66124914992668	0	NS
Q07079	Igfbp5	0.301023746174463	1.2320183518005896	27.6776486266998	0.414295834483157	0.695264080633797	0.998030532995944	-5.83236240515745	0	NS
Q8BHN0	Ppm1l	-1.19262506712624	0.43750606835993494	25.7286171603522	-1.03746699662315	0.34551958580661	0.998030532995944	-5.38709239868204	0	NS
P13595	Ncam1	0.110778528956264	1.0798107831640074	28.5889658744535	0.0700381507649386	0.946838795828857	0.998030532995944	-5.9232257667056	0	NS
Q9DAN8	Cst12	0.501332714580705	1.4155205702864273	32.1001634224911	0.629620954483114	0.555679712099658	0.998030532995944	-5.71454911489723	0	NS
Q3UHN9	Ndst1	-0.42803894905211	0.7432714255295817	26.5962003109827	-0.485640217816138	0.647077681959041	0.998030532995944	-5.79817667618746	0	NS
P82198	Tgfbi	0.575912931531187	1.49062042325804	28.9583690185201	0.418592312529003	0.69231279035776	0.998030532995944	-5.83044551365595	0	NS
P63037	Dnaja1	1.15159166923477	2.2215885847286168	25.754254468436	1.18419041117002	0.287834311441082	0.998030532995944	-5.24350894790614	0	NS
Q9CR51	Atp6v1g1	0.643429268019471	1.5620376940139309	25.4614088492563	0.572868825679226	0.590715667503553	0.998030532995944	-5.7497700719283	0	NS
P63001;P60764	Rac1;Rac3	-0.842396292137496	0.5577164416718956	28.6642493301297	-0.811686864089063	0.452657195296216	0.998030532995944	-5.58330904603969	0	NS
Q8R1F1	Fam129b	0.206646386755795	1.1540025298786274	27.5691770661865	0.259507829869921	0.805247313619266	0.998030532995944	-5.88884297446403	0	NS
Q8BVQ5	Ppme1	0.0766454186915742	1.0545630978237226	26.9478694752624	0.0901508764546997	0.93155140263384	0.998030532995944	-5.92144910186085	0	NS
Q9DB05	Napa	1.46976892586682	2.769775270263325	26.4807421240603	1.6690552507521	0.153965019016479	0.998030532995944	-4.71012766331883	0	NS
O70318	Epb41l2	2.75885072318339	6.768568387351486	26.5170187147986	2.73070989223775	0.0397590004738405	0.998030532995944	-3.46648630012115	0	NS
O70492	Snx3	0.2130459105724	1.1591328381512649	28.1486613172652	0.338918943455993	0.747985593402501	0.998030532995944	-5.86296034302545	0	NS
Q9EQX4	Aif1l	2.87765213207583	7.349530708338686	24.8826255818044	2.30989424917617	0.0671278958154785	0.998030532995944	-3.95282407985782	1	NS
P54823	Ddx6	0.519615355935018	1.4335729850710501	28.2558702206819	0.789736249256018	0.464296806321426	0.998030532995944	-5.60051692802907	0	NS
Q8K310	Matr3	1.92679626648812	3.8020994447526792	27.0887184036781	2.51023255301088	0.0521632295179737	0.998030532995944	-3.71869542343299	0	NS
P62264	Rps14	1.99455864031557	3.984941762655386	25.3766023956365	1.05696179334316	0.33732914773589	0.998030532995944	-5.36866807276161	0	NS
P16110	Lgals3	1.46093501245337	2.7528671949124317	25.7609634403036	1.40311250936544	0.217614540487503	0.998030532995944	-5.01151497402772	0	NS
Q8BY87	Usp47	3.21147413184964	9.262965445933233	26.843394025871	1.79013087795539	0.131431475066179	0.998030532995944	-4.56857337327154	0	NS
Q8BFY9	Tnpo1	-0.174496153583937	0.8860769183292398	28.0435041441083	-0.258808314542799	0.80575852891102	0.998030532995944	-5.88904141162484	0	NS
Q8BG95	Ppp1r12b	1.54135761837809	2.9106827842187792	24.2095843868106	1.20980125984909	0.278676126436028	0.998030532995944	-5.21736625914908	0	NS
Q99JI6;P62835	Rap1b;Rap1a	-1.80166594972822	0.28684316575661417	27.5344475120721	-2.56840365974605	0.0485253857801675	0.998030532995944	-3.65152716652605	0	NS
Q9WUL7	Arl3	-0.121667595243593	0.9191246303805233	28.4409061372407	-0.176474720987687	0.866617129624384	0.998030532995944	-5.90872884008297	0	NS
Q9DBG9	Tax1bp3	0.256172378870933	1.194305878907823	27.5976006092314	0.305582813322138	0.771828128472856	0.998030532995944	-5.87463126056085	0	NS
P48036	Anxa5	1.4294670210364	2.6934719128573215	26.5378902009542	1.55164960090095	0.179459760144818	0.998030532995944	-4.84517267360794	0	NS
P42225	Stat1	-1.58170872496059	0.3340859635664466	26.0068002669137	-0.943958983413306	0.387123047325054	0.998030532995944	-5.472366581721	0	NS
Q8K354	Cbr3	0.673907178998935	1.595387831272228	27.9292494752714	0.820184658334212	0.448209482786061	0.998030532995944	-5.57655136223727	0	NS
Q9DCH4	Eif3f	3.38361332441783	10.436841891996442	26.1803513253696	1.90318752624829	0.113401373737639	0.998030532995944	-4.43504457117686	1	NS
Q9CQW1	Ykt6	-0.787489336772677	0.5793514368095163	27.7037962919838	-1.13312608019345	0.306887956678762	0.998030532995944	-5.2947212309012	0	NS
Q9CX56	Psmd8	0.245408576320142	1.1854284409202114	29.3851607578697	0.3569302322036	0.735231982756613	0.998030532995944	-5.85617566261405	0	NS
Q9QZQ8	H2afy	0.0074432793229704	1.0051726201216593	26.9611246046117	0.00732674472702	0.994428115300048	0.999971162684518	-5.92592537419677	0	NS
O88685	Psmc3	0.861051917583249	1.8163621988332233	26.9800344828367	1.11449202690612	0.314109109967953	0.998030532995944	-5.31309164712356	0	NS
Q9CQJ6	Denr	-0.538609321730165	0.6884342018449032	27.4126325125516	-0.63697455066512	0.551238388770379	0.998030532995944	-5.70977806303244	0	NS
Q8VEB4	Pla2g15	3.16504697980953	8.969620705506069	26.2083760465416	2.13215544801561	0.0842742149469735	0.998030532995944	-4.16312524195317	1	NS
Q9CQE8		1.14150304992228	2.2061074344253067	25.4349577022438	0.802400020481011	0.457555161873392	0.998030532995944	-5.59063321261452	0	NS
P48758	Cbr1	0.0149120276923766	1.0103898333025392	28.4305054733657	0.0200491200804581	0.984753986477348	0.999971162684518	-5.92573211635701	0	NS
Q8BP40	Acp6	0.760644648120753	1.6942475064365816	28.6920180741517	1.26680159442235	0.259220645121239	0.998030532995944	-5.15815973290308	0	NS
Q8VCT3	Rnpep	0.730693553189871	1.6594366482517613	27.5148298124392	0.415432951740063	0.694482391472815	0.998030532995944	-5.83185686660074	0	NS
P63168	Dynll1	0.0956839948505625	1.0685719076380813	26.0123550680657	0.0731120817071597	0.944457739956089	0.998030532995944	-5.92299060333357	0	NS
Q8BI84	Mia3	1.31656675124736	2.4907267407459606	23.8652300115101	0.787204254758496	0.465653393727043	0.998030532995944	-5.602478608226	1	NS
Q9Z1B5	Mad2l1	-1.62972189648998	0.32315049429850157	27.4421917169961	-2.17082450017657	0.0801842785393367	0.998030532995944	-4.11724078796633	0	NS
Q9EQS3	Mycbp	0.0500968037362175	1.0353343916582736	25.9276368768791	0.0372379720973245	0.971688558258103	0.999971162684518	-5.92518579909981	0	NS
Q9DCT5	Sdf2	0.731024062405018	1.6598168546828638	26.743856934728	0.874331581743574	0.420635612017102	0.998030532995944	-5.53227002237295	0	NS
P47941	Crkl	0.587682063605673	1.5028302527749346	27.3046062704949	0.598500077760361	0.574727242289166	0.998030532995944	-5.73421727792276	0	NS
P11031	Sub1	0.111764161598559	1.080548749515638	28.3603413512593	0.159365741146917	0.879411771066365	0.998030532995944	-5.911898760277	0	NS
Q9DBP5	Cmpk1	-0.206634721797818	0.8665562333477703	29.8017383607128	-0.422246318706492	0.689807633238838	0.998030532995944	-5.82880079756165	0	NS
P54726	Rad23a	2.36963949662365	5.168119741610568	25.7797343450832	1.56279652391103	0.176871858717796	0.998030532995944	-4.83246832843614	1	NS
P52503	Ndufs6	0.446394048179377	1.3626301636062148	24.3718511881733	0.281992912513459	0.78887457476129	0.998030532995944	-5.88218764890805	0	NS
P47738	Aldh2	-0.128964688974628	0.9144874719814617	28.1352295245012	-0.183357892532358	0.861482337751777	0.998030532995944	-5.9073635863915	0	NS
P28656	Nap1l1	0.459993446747098	1.3755355699357346	29.1665883763523	0.466660965063961	0.659721544033767	0.998030532995944	-5.80775588274143	0	NS
Q78ZA7	Nap1l4	3.53016834259	11.552781535613699	26.9911282513546	2.12204304058047	0.0853796011451439	0.998030532995944	-4.17513221007871	0	NS
Q8BQ47	Cnpy4	0.360527071408572	1.2838948675525843	27.1283021195933	0.47087067636139	0.656905815510386	0.998030532995944	-5.80566117627782	0	NS
P62814	Atp6v1b2	-1.45492647488782	0.36477367581135073	28.2091885909461	-1.24095831262725	0.267885016114549	0.998030532995944	-5.18517275043238	0	NS
Q6NZJ6	Eif4g1	1.05303775210731	2.0748941677674315	27.6322512557604	1.3038081363529	0.247255590306003	0.998030532995944	-5.11901396183326	0	NS
Q9QXA5	Lsm4	1.2796677570514	2.4278305913760683	26.2426784317052	0.993867379578482	0.364437225876999	0.998030532995944	-5.42750834280465	0	NS
P49442	Inpp1	-0.0570709866762573	0.9612136314634592	28.335735618564	-0.0858030135158324	0.934842701531718	0.998030532995944	-5.92187294167388	0	NS
P62488	Polr2g	0.445624679391981	1.361903686008729	26.2372814434885	0.499229275568678	0.638105808585304	0.998030532995944	-5.7911055268183	0	NS
Q03958	Pfdn6	-0.360120597065954	0.7790994508340244	26.892468131613	-0.419721248219281	0.691538327365836	0.998030532995944	-5.82993878305532	0	NS
O35344	Kpna3	0.651924152548206	1.5712624244812954	28.5852673461236	0.815555241601152	0.450628458909193	0.998030532995944	-5.58023938790508	0	NS
Q9D8S9	Bola1	-1.00724667763368	0.4974947900348131	24.9103403742817	-0.720499632118834	0.502426641056427	0.998030532995944	-5.65237519551035	0	NS
Q9WU28	Pfdn5	1.20238558778647	2.3011987438054153	26.0315454351388	1.10776266945316	0.316752650463223	0.998030532995944	-5.31968246448969	0	NS
Q9JI46	Nudt3	0.577259035046513	1.492011892501401	28.5171561788404	0.839678182786701	0.438129890569536	0.998030532995944	-5.56085059898056	0	NS
Q9CR68	Uqcrfs1	1.31331277156573	2.485115270033464	28.0640618343331	1.27464914367393	0.256640233921238	0.998030532995944	-5.14990332803347	0	NS
Q9D6Y7	Msra	0.42726131699285	1.3446785352472779	27.3236571341289	0.590464902402997	0.579710536576043	0.998030532995944	-5.73915633719985	0	NS
Q4VAA2	Cdv3	0.489833390430288	1.4042826928518508	26.7275899230895	0.52940253336552	0.618433009525115	0.998030532995944	-5.7747787835858	0	NS
P61759	Vbp1	0.380939950944479	1.3021899876039384	27.8374944702022	0.573379677999285	0.590394390894017	0.998030532995944	-5.7494658691815	0	NS
P60867	Rps20	2.19041625871668	4.564371625056242	27.4893225867324	1.24436496369066	0.266728145343071	0.998030532995944	-5.18162768441139	0	NS
Q9WUP7	Uchl5	1.02244974516052	2.0313653600479267	26.7913278931131	0.763158072933674	0.478680401789617	0.998030532995944	-5.62086511067812	0	NS
Q8BPG6	Sumf2	2.44155651416025	5.432274994961717	26.6510705129762	2.32917964355788	0.0655041642592459	0.998030532995944	-3.93012467216444	0	NS
P70665	Siae	0.840753344135162	1.7909851113983941	26.9540287651247	0.992714389230899	0.364948842687617	0.998030532995944	-5.42856191437053	0	NS
P63276	Rps17	1.24978522994276	2.378060188349981	26.3467244914809	1.19706684897292	0.283197031241263	0.998030532995944	-5.23040207229363	0	NS
P35585	Ap1m1	1.15392494434761	2.2251844737953475	27.9264306036506	1.45968811101589	0.202249551306826	0.998030532995944	-4.94885740648826	0	NS
P62082	Rps7	0.274874307459404	1.2098886749758928	27.0726743187234	0.270795448156459	0.79701346267615	0.998030532995944	-5.88556899178356	0	NS
Q8BJW6	Eif2a	0.435744234321823	1.3526084149656472	27.2018604907327	0.376122435023175	0.721746943402106	0.998030532995944	-5.8485800469105	0	NS
P35564	Canx	-1.50562448419299	0.35217771233388234	28.1667930552224	-1.88477210822068	0.116156562294317	0.998030532995944	-4.45685578189634	0	NS
P31230	Aimp1	0.148395362445652	1.1083360394961348	27.6450625110101	0.13051848275529	0.901076387958108	0.998030532995944	-5.9165188514792	0	NS
Q9CXW4	Rpl11	-0.457543471640605	0.7282251785980244	28.1292549270262	-0.601809132821504	0.572682760388898	0.998030532995944	-5.73216655607374	0	NS
Q9QZ23	Nfu1	1.44386879415734	2.7204942783179	27.3731976469487	1.75717021983904	0.13721630742016	0.998030532995944	-4.60728941440778	0	NS
Q9D0M5	Dynll2	-0.179771744231474	0.8828426640545646	28.8327995739215	-0.274038944133675	0.794652885119097	0.998030532995944	-5.88460319840806	0	NS
Q91YP3	Dera	3.65589346762116	12.60473137605919	25.3574848926499	2.67275078053596	0.0426728550142918	0.998030532995944	-3.53213936224961	1	NS
Q9CR86	Carhsp1	1.12652254639371	2.1833184122462477	26.2712950273947	1.24246619309	0.267372397041073	0.998030532995944	-5.18360420274499	0	NS
Q8VDQ1	Ptgr2	-0.0571473297956095	0.9611627682502611	28.4697046864736	-0.0713462904290769	0.94579644226026	0.998030532995944	-5.92313199883565	0	NS
P13707	Gpd1	1.62201207781498	3.0780402086535448	27.5879004721598	2.09041534310854	0.0889361398605843	0.998030532995944	-4.2127004459394	0	NS
Q6P3D0	Nudt16	1.16874436066901	2.248159448115382	25.8286366983882	0.898339567030164	0.408833653216107	0.998030532995944	-5.51198059500363	0	NS
Q6P069	Sri	0.713524677242342	1.6398054689233734	27.650396337046	1.0147103648577	0.355289582415631	0.998030532995944	-5.40832598264575	0	NS
Q9D1J3	Sarnp	-0.320707681805324	0.8006770270265178	27.6270229224322	-0.424286126857564	0.688411092738626	0.998030532995944	-5.82787687978307	0	NS
Q6NSR8	Npepl1	0.428323362734121	1.345668790190112	28.726883249029	0.565670246019716	0.595254072936549	0.998030532995944	-5.75403150700426	0	NS
P23198	Cbx3	-0.467315464902433	0.7233092642287402	27.8314743184917	-0.513112878198599	0.629010754200767	0.998030532995944	-5.78369969991813	0	NS
Q91WK1	Spryd4	0.490434524604708	1.404867943502998	25.5750606315364	0.486843127810253	0.64628073350872	0.998030532995944	-5.79755785911414	0	NS
Q6IRU5	Cltb	-0.379935890315217	0.7684717388076313	29.1302829163735	-0.70515920538334	0.511163384183557	0.998030532995944	-5.66335128355751	0	NS
Q505B7	Zbtb8os	-0.506186210967231	0.7040812306951226	28.0689482108538	-0.710646898302026	0.508026089400963	0.998030532995944	-5.65944676518445	0	NS
P56375	Acyp2	0.42967357263538	1.346928783305578	26.8731388299438	0.456955320486355	0.666237406876179	0.998030532995944	-5.81251973649241	0	NS
Q920B9	Supt16h	1.73807088909116	3.3358880853834956	28.895375914487	1.4833456134838	0.196134873472009	0.998030532995944	-4.9223883494165	0	NS
P55821	Stmn2	-0.826405153463573	0.5639326767218008	28.6840901877257	-1.36320952131771	0.229104450511237	0.998030532995944	-5.05511519015005	0	NS
Q922V4	Plrg1	0.603847323585832	1.5197640154810306	27.1211369057779	0.766739660709611	0.476723634583235	0.998030532995944	-5.61815463689977	0	NS
Q9CQR2	Rps21	-1.12628745800784	0.45809303788175776	28.180492684202	-1.08167727191578	0.327180835420997	0.998030532995944	-5.34500809729005	0	NS
P56395	Cyb5a	0.922520892842764	1.8954243708832017	28.8268239612783	1.01134602585464	0.356753204546495	0.998030532995944	-5.41143965746824	0	NS
P52760	Hrsp12	0.120926958223328	1.087433334123426	28.3719025546345	0.190219701352636	0.856371122787256	0.998030532995944	-5.90595131257461	0	NS
Q9CYW4	Hdhd3	0.264534272682576	1.2012482028941514	25.8934107665849	0.235335223455959	0.822974521894928	0.998030532995944	-5.89539743003734	0	NS
P27048;P63163	Snrpb;Snrpn	0.750457759858975	1.6823265395560671	29.0634393810966	1.39094279377819	0.221060344752354	0.998030532995944	-5.02486667108162	0	NS
Q8C0C7	Farsa	0.361554806837801	1.2848098040470497	25.1233941775572	0.279876831141364	0.790410372557229	0.998030532995944	-5.88283681724562	0	NS
P17897	Lyz1	1.44101658981264	2.7151211812527305	22.1120131512123	1.11103242454168	0.315465791213305	0.998030532995944	-5.31648292778925	2	NS
P21619	Lmnb2	-0.160591880922022	0.8946579527244413	23.5100670749573	-0.093915667092399	0.928702723552961	0.998030532995944	-5.92106523784901	0	NS
Q3TC72	Fahd2	-0.0655820223304699	0.9555597410920074	24.8617750302775	-0.0396444618437868	0.96986005060105	0.999971162684518	-5.92508316304852	1	NS
Q3URD3	Slmap	-0.637203172950605	0.6429581883361606	23.5044076580581	-0.306274350046784	0.771330530019514	0.998030532995944	-5.87440092619577	2	NS
Q8R326	Pspc1	-0.391858555299619	0.7621471339327398	23.2351673873412	-0.26305138349227	0.802659321141199	0.998030532995944	-5.88782974593013	0	NS
Q91YP2	Nln	0.0612491677281224	1.0433687780955	27.2056127815112	0.0736113158584791	0.944079291867402	0.998030532995944	-5.92295000179841	0	NS
Q9JL35	Hmgn5	2.0186010408384	4.051906941807683	26.4885676383939	1.99336490336623	0.100848281972217	0.998030532995944	-4.3280292367732	0	NS
Q9QXV0	Pcsk1n	-0.348432195810838	0.7854371838333359	25.946541019347	-0.321668214549601	0.760286209440633	0.998030532995944	-5.86914418969746	0	NS
Q3SXD3	Hddc2	1.63589684031808	3.1078068439515634	26.8711178188179	1.47852539553525	0.197366245549528	0.998030532995944	-4.92779355992852	0	NS
P97930	Dtymk	-2.60017531162893	0.16491844727334962	25.2752511625924	-1.48912836366342	0.194667308097304	0.998030532995944	-4.91589577620475	1	NS
Q9CXT8	Pmpcb	1.65892371972081	3.1578085781211795	23.8008278360407	0.898016788291914	0.408990601594743	0.998030532995944	-5.51225597589148	2	NS
O88967	Yme1l1	-0.458041077841642	0.7279740466066172	23.8314888663455	-0.202825471359721	0.847002132000001	0.998030532995944	-5.90322374032763	1	NS
Q99JF5	Mvd	0.98662078648736	1.981538209211219	23.4530097884787	0.436026709015152	0.680400214832871	0.998030532995944	-5.82247888032475	1	NS
O70325;Q91XR9	Gpx4	0.476740652476107	1.3915962076536863	23.6713212792237	0.253410336585833	0.809707091365713	0.998030532995944	-5.89055516872936	1	NS
P17095	Hmga1	1.79329651757409	3.466059732765115	22.1503320277147	1.19973287435612	0.282245202254844	0.998030532995944	-5.22767894673975	2	NS
Q8R3B1	Plcd1	0.963806052218734	1.9504486981115825	24.4465795160044	0.620458894662266	0.561245241075804	0.998030532995944	-5.7204277559793	0	NS
Q91Z31	Ptbp2	0.980626891216739	1.9733226864400641	24.3586076162398	0.345737898099999	0.743146219116035	0.998030532995944	-5.86043101323399	2	NS
P60898	Polr2i	1.31542330657892	2.4887534339839745	24.0053036168242	0.912193564694528	0.402141514368899	0.998030532995944	-5.50009518630748	0	NS
Q99MD6	Txnrd3	0.449623213348038	1.3656835365096014	25.990529018156	0.366360813338523	0.72859197899303	0.998030532995944	-5.85249037082218	0	NS
Q9D868	Ppih	-0.920578774855905	0.5282970375856915	25.3977410993003	-0.640633415338917	0.549037104870677	0.998030532995944	-5.7073867556748	0	NS
O08756	Hsd17b10	0.0143080721112611	1.0099669422209112	25.5182814591907	0.0132688242744673	0.98990949424749	0.999971162684518	-5.92585746580269	0	NS
P99028	Uqcrh	1.45555312139361	2.7426169127491997	23.1962413271812	0.759678133404075	0.480587136840221	0.998030532995944	-5.62348914651726	0	NS
P97450	Atp5j	0.251709555796954	1.1906171295039	23.8624365386912	0.123318934878968	0.906499303733201	0.998030532995944	-5.91752958773546	0	NS
O09010	Lfng	-0.135245872425494	0.9105146452010511	28.0048960004061	-0.200520967005996	0.848712843287541	0.998030532995944	-5.90373523467045	0	NS
Q61468	Msln	-0.320975126876129	0.8005286122395381	28.9643708954166	-0.127420251722739	0.903674024084615	0.998030532995944	-5.91687827913312	0	NS
Q9QXC1	Fetub	-0.0239576865209634	0.9835309200425559	28.228344181801	-0.0285007934607887	0.978328822777372	0.999971162684518	-5.92550445034503	0	NS
P10148	Ccl2	-1.35740814921856	0.39028281675554777	30.0127672378608	-2.66327114523468	0.0431713223723155	0.998030532995944	-3.54292367149315	0	NS
P47879	Igfbp4	-0.0759378778353455	0.9487251661799517	27.9983794070748	-0.0477394292064534	0.963710903423218	0.999824267041862	-5.92469079353967	0	NS
Q8BX35	Eda2r	0.286694549940235	1.2198422156820434	25.7411379137292	0.299366637365116	0.776306511605435	0.998030532995944	-5.8766792157858	0	NS
Q99KR8	Fuca2	0.84322552080757	1.7940567427624583	27.5567401749243	1.2176651721721	0.275916481709629	0.998030532995944	-5.20928035692035	0	NS
Q9R1Q9	Atp6ap1	0.224538834412118	1.1684037020433236	30.29520295923	0.45352813187724	0.668546205079975	0.998030532995944	-5.81417999133074	0	NS
O70340	Nptx2	1.02788111188549	2.0390273290264234	27.6339374081034	0.445215256267011	0.675152601427396	0.998030532995944	-5.817283642377	0	NS
O35988	Sdc4	-0.089654014424627	0.9397480915703609	32.5316168882751	-0.165862386746631	0.874548255190848	0.998030532995944	-5.91073267415094	0	NS
Q03401	Crisp1	0.369993522779893	1.2923470284168486	28.026594150149	0.144946230839258	0.890529273837538	0.998030532995944	-5.91421570744897	0	NS
P04202	Tgfb1	-1.48306937289425	0.357726928068855	26.2353088627646	-1.59504146791534	0.169588626552134	0.998030532995944	-4.79557017201353	0	NS
Q91V88	Npnt	2.85237600528537	7.221887793416906	24.4251468023398	2.25423926069764	0.0720592848025886	0.998030532995944	-4.01848400926541	0	NS
Q7TMR0	Prcp	-0.903163317642406	0.5347130093121822	29.0694524101893	-1.23617518821172	0.269516933767216	0.998030532995944	-5.19014199060111	0	NS
P70428	Ext2	4.63699040945511	24.881307745238985	26.574075798096	2.60698431924934	0.0462653037159908	0.998030532995944	-3.60721476345289	1	NS
Q6GU68	Islr	-0.422399981881366	0.7461822866799174	28.5662511673683	-0.632925295714193	0.553681168411002	0.998030532995944	-5.71241103616575	0	NS
P15535	B4galt1	0.596414081385862	1.5119538260417487	28.4611478356898	0.827064102315912	0.44463269583172	0.998030532995944	-5.57104189521074	0	NS
P11214	Plat	0.715999780019875	1.6426211510395334	28.233592566249	0.373752641504376	0.724221317238141	0.998030532995944	-5.84889218980208	0	NS
Q8VE43	Metrnl	0.698087752629518	1.6223529885648156	28.4528305316278	1.09685938906176	0.321076384107082	0.998030532995944	-5.33031160860362	0	NS
Q62059	Vcan	2.01776790113834	4.049567687923744	25.335152639835	0.963813771504441	0.377965311687869	0.998030532995944	-5.45470615864296	0	NS
Q91XA2	Golm1	-0.661978250077188	0.6320110772889115	27.932388819898	-1.00666873934959	0.358796270564047	0.998030532995944	-5.4157573987893	0	NS
Q9EPK6	Sil1	0.183671823309499	1.1357708762057994	27.8845108428282	0.276269081016559	0.793031247505778	0.998030532995944	-5.88393267930287	0	NS
Q80VJ3	Dnph1	0.346032462372792	1.271060289368445	26.9351945837615	0.410474790781712	0.697893894322439	0.998030532995944	-5.83405170324	0	NS
Q9D6R2	Idh3a	1.54243573864097	2.9128587388202654	24.7359052179533	0.812666906588219	0.452142581810736	0.998030532995944	-5.58253240017158	1	NS
Q9DCD6	Gabarap	-0.492787444761982	0.7106507155147656	24.7743881799035	-0.40509721836266	0.701603054630673	0.998030532995944	-5.83640441041447	0	NS
Q78PG9	Ccdc25	-0.243407034344558	0.8447480180527046	26.5742088298964	-0.275289018990342	0.793743752639274	0.998030532995944	-5.88422799615135	0	NS
Q8R2G4	Art3	0.0238618099185284	1.0166772851109405	26.3075588693991	0.0193168359571398	0.98531075533044	0.999971162684518	-5.92574811146429	0	NS
Q9QUI0;Q62159	Rhoa;Rhoc	-0.155789449997059	0.897641044764087	27.7870683986332	-0.12395688835383	0.906018541821922	0.998030532995944	-5.91744232630179	0	NS
P28658	Atxn10	0.52101460053649	1.4349640568296702	27.5159699687838	0.5427579931188	0.609837162919489	0.998030532995944	-5.76727989639117	0	NS
Q9CQC6	Bzw1	3.11069446399012	8.637982920614938	26.9760706726093	1.53275438423675	0.185042852292447	0.998030532995944	-4.86701168735274	1	NS
Q6PGB6	Naa50	0.779518181266713	1.7165574962026056	26.3761661173846	0.837061371161996	0.439472995956283	0.998030532995944	-5.56297423424767	0	NS
O89112	Lancl1	1.30321438388616	2.4677810236128366	26.1862811131872	1.38317642009403	0.223286004366245	0.998030532995944	-5.03336273188483	0	NS
P60766	Cdc42	-0.259816567551686	0.8351941040037081	27.7030734896712	-0.292981165269097	0.780917049077339	0.998030532995944	-5.87874070414702	0	NS
Q8VE62	Paip1	1.08905531038148	2.1273469029484264	26.3994569395336	0.789044998063052	0.464666877324238	0.998030532995944	-5.60105296028566	0	NS
Q80UG5	2018-09-09 00:00:00	1.02997370010517	2.0419870262683784	25.533087497122	0.736550290987702	0.493396840522013	0.998030532995944	-5.64068813389963	0	NS
Q9JLT4	Txnrd2	1.52441024730686	2.8766909703170414	26.1045889617154	1.66471057005636	0.154841557937926	0.998030532995944	-4.71516926728101	0	NS
Q9DBZ5	Eif3k	0.478669840984422	1.3934583109462788	26.7586456821322	0.543060383089867	0.609643345928632	0.998030532995944	-5.76710819329252	0	NS
P23780	Glb1	2.14841768141284	4.43341274380855	27.0431022796262	2.30420641698692	0.0676149546582551	0.998030532995944	-3.9595242872835	0	NS
Q9R0E1	Plod3	0.78076552493813	1.7180422611331243	27.0125409186325	0.880580560805323	0.417538660264114	0.998030532995944	-5.52702687672535	0	NS
O55057	Pde6d	2.84780155699115	7.199025142806771	27.6625418071424	3.84071369266309	0.0113351938291289	0.998030532995944	-2.32324250617206	0	NS
Q9D7X3	Dusp3	0.54561733490622	1.4596447984018524	26.1636149098182	0.60475234449811	0.570868123255918	0.998030532995944	-5.73033439453454	0	NS
P63073	Eif4e	0.997737972127976	1.9968666205995937	27.3393898982332	1.07259505297699	0.330879597525028	0.998030532995944	-5.35374102402316	0	NS
Q9JHJ0	Tmod3	0.69774717009207	1.621970038692363	25.4393819308949	0.627183197344842	0.557157083071515	0.998030532995944	-5.71612039090662	0	NS
Q9JHI5	Ivd	-1.43160474095291	0.3707183052315586	27.5162131376352	-1.90140735454094	0.113664762673299	0.998030532995944	-4.43715381650349	0	NS
Q9R0N0	Galk1	1.63596245645935	3.107948195328371	25.9126564286383	1.55947018689596	0.177640292543881	0.998030532995944	-4.83626225196236	0	NS
Q9CYZ2	Tpd52l2	-0.817224493264547	0.5675327322077022	25.4187350246758	-0.623303515638985	0.559513481576941	0.998030532995944	-5.71861040173232	0	NS
Q9WUM3	Coro1b	-0.344343707402784	0.7876662102403842	26.4262210061319	-0.343360575734639	0.744831893855619	0.998030532995944	-5.86131827326864	0	NS
Q9WU84	Ccs	0.653297900151183	1.572759307699694	26.0036926696337	0.65878084716444	0.538203505781157	0.998030532995944	-5.69535648026548	0	NS
Q99P72	Rtn4	0.173441390686424	1.1277453916172895	27.1713958013171	0.215307237137146	0.837753195019097	0.998030532995944	-5.90035361072173	0	NS
Q9D6Y9	Gbe1	0.417431870094796	1.3355480391518173	27.7429179358068	0.56472153300762	0.59585375237674	0.998030532995944	-5.75458961451909	0	NS
P97346	Nxn	1.85011398708959	3.6052866922783475	26.613118339126	2.15399781296526	0.081937686174132	0.998030532995944	-4.13720094658158	0	NS
Q9QYJ0	Dnaja2	1.86239784343813	3.636115037387165	25.2271585947568	1.38844252970908	0.221774586012946	0.998030532995944	-5.02760396097989	0	NS
Q9DBB8	Dhdh	1.19946112825764	2.2965387525227983	25.6287495305689	1.12694666343803	0.309266567255759	0.998030532995944	-5.30083257880122	0	NS
P35279;P61294	Rab6a;Rab6b	-0.227385649756255	0.8541813774013625	28.6118376692116	-0.374472666987987	0.722901763213757	0.998030532995944	-5.84924772887815	0	NS
Q9D0B6	Pbdc1	-0.502201032294539	0.7060288137749948	28.084151089331	-0.78085752624939	0.469066506195595	0.998030532995944	-5.6073744377317	0	NS
Q91VH6	Memo1	3.94052607144644	15.353823582637672	25.389753675006	3.79387978276117	0.0119051014139439	0.998030532995944	-2.36671626802673	0	NS
P26638	Sars	0.473172680194469	1.3881588616793812	28.3880787093094	0.70001256663464	0.514117734726326	0.998030532995944	-5.66699080788136	0	NS
Q64105	Spr	0.223542697793319	1.1675972336230525	26.4068698573789	0.257710446578563	0.806561085449949	0.998030532995944	-5.88935180215137	0	NS
D3Z4S3	Ptrhd1	-0.565554465180688	0.6756956792034918	25.9837918287438	-0.608058256368113	0.568834151604269	0.998030532995944	-5.72826730695265	0	NS
P24452	Capg	-0.0960201536573725	0.9356104277762841	30.2360694324744	-0.108853025297996	0.91741245398565	0.998030532995944	-5.91938809630809	0	NS
Q9EPQ7	Stard5	0.459095393374716	1.3746795886478707	26.8350784948599	0.502125130656208	0.636202765867023	0.998030532995944	-5.78957589464371	0	NS
O88587	Comt	0.406863198898851	1.3258000376065624	26.6969654870779	0.501700559635009	0.636481580816043	0.998030532995944	-5.78980065766324	0	NS
Q9JMG1	Edf1	0.720782669798381	1.6480758820610766	25.1174691388902	0.576787297899002	0.588254030997403	0.998030532995944	-5.74743065425113	0	NS
Q99K41	Emilin1	0.435286619708502	1.3521794433519516	28.0480030504883	0.38693476039019	0.714199155877288	0.998030532995944	-5.84413575726983	0	NS
P42208	2018-09-02 00:00:00	0.525665395925528	1.4395973941550007	27.6113600366465	0.615167132548506	0.564475815093506	0.998030532995944	-5.72378968022493	0	NS
Q91WK2	Eif3h	1.39167451957303	2.6238304909223826	25.6178850028707	0.966577067074756	0.376704719463767	0.998030532995944	-5.45222864167203	0	NS
Q99JT9	Adi1	-1.56313259371009	0.33841546559838115	27.3137829853837	-1.50889455429476	0.189730046652512	0.998030532995944	-4.89363882509398	0	NS
Q9CQM5	Txndc17	-1.94233726554818	0.2601945654135225	28.7941036042267	-2.47789708694451	0.0543124438384343	0.998030532995944	-3.75620610308156	0	NS
Q9R059	Fhl3	0.511360229406603	1.4253934790636948	28.3814875424734	0.779642194679095	0.469722147075577	0.998030532995944	-5.60830844527469	0	NS
Q8BH58	Tiprl	-0.404117467699572	0.7556984308695344	27.7852749074685	-0.416199856569653	0.693955438280683	0.998030532995944	-5.83151518848518	0	NS
Q62048	Pea15	2.17488916805172	4.515510711486276	25.5210034094859	1.81744294998691	0.126824917780702	0.998030532995944	-4.53640900475575	0	NS
Q78JW9	Ubfd1	-0.0955343327186545	0.9359255433509469	26.9393157481152	-0.109147752966787	0.917189896654078	0.998030532995944	-5.91935253027242	0	NS
Q9D7M8	Polr2d	3.2652777351501	9.614939202852213	24.1436867570624	1.86457806427419	0.119256666975422	0.998030532995944	-4.48075029805629	1	NS
P61600	Naa20	0.361034834722074	1.2843468199259853	26.1526118250823	0.288042573852821	0.784489847464988	0.998030532995944	-5.88030565941492	0	NS
Q8R081	Hnrnpl	0.601131255802225	1.516905546540249	27.1070640097654	0.79413800574837	0.461945310409606	0.998030532995944	-5.59709512746321	0	NS
Q9CQR6	Ppp6c	0.594218105735557	1.5096541798460819	28.0863107523882	0.84648996889503	0.434648188797975	0.998030532995944	-5.55529958823335	0	NS
P46656	Fdx1	0.0713107742953776	1.050670847087337	25.8876889940019	0.0677010298848569	0.948560660116006	0.998030532995944	-5.92341298107202	0	NS
O08547	Sec22b	-0.738051687129547	0.5995484766145365	25.0182997151624	-0.635362509245471	0.552210046253813	0.998030532995944	-5.71082797025161	0	NS
Q91VW3	Sh3bgrl3	-0.683630694868857	0.6225964712888009	29.6788794519496	-1.40443497005913	0.21724314244157	0.998030532995944	-5.01006127267636	0	NS
P16254	Srp14	1.20191414075075	2.300446875910241	26.1057720248462	1.21866699415507	0.275566672188915	0.998030532995944	-5.20824831075677	0	NS
Q8BGC4	Zadh2	2.33997993897214	5.062955973748908	26.2979682129336	2.59652665089511	0.0468663718196526	0.998030532995944	-3.61920685194171	0	NS
P62313	Lsm6	-1.22103266367005	0.4289755527843864	26.1598596199878	-1.20753115408238	0.279477320711683	0.998030532995944	-5.21969538258918	0	NS
Q9CPT4	Mydgf	0.3066278511878	1.2368133966955626	29.9048822871856	0.366094514804889	0.728779115097366	0.998030532995944	-5.85259568330775	0	NS
Q9Z0P5	Twf2	1.66787638791676	3.177465339146935	25.4966929301858	1.16898842506633	0.29339521617915	0.998030532995944	-5.25888470563006	0	NS
P62077	Timm8b	1.61171416558389	3.056147481347322	25.0792922074385	1.38001524027972	0.224197908607584	0.998030532995944	-5.03681534097467	0	NS
Q8QZY1	Eif3l	0.533695312805214	1.4476324101603044	28.0436626314255	0.68395207855585	0.523411634226749	0.998030532995944	-5.67820817476641	0	NS
P49962	Srp9	0.405809422615425	1.3248319975941427	26.0441641996098	0.414688792429486	0.694993901183856	0.998030532995944	-5.83218785015194	0	NS
Q9R0Q6	Arpc1a	1.40567807759192	2.649422776962522	26.2761962371756	1.017540416017	0.354062241426217	0.998030532995944	-5.40570165788404	0	NS
Q99J09	Wdr77	0.386570423603291	1.3072820347137395	28.3883405238168	0.569241069602002	0.593000206826109	0.998030532995944	-5.75192352441594	0	NS
Q91VA6	Poldip2	1.60275627636047	3.0372302376847897	24.7162891369902	1.06718283885611	0.333100535158885	0.998030532995944	-5.35892387746664	1	NS
O54754	Aox1	0.634975693821348	1.5529115867012075	27.4681171862789	0.541834718653205	0.610429158294131	0.998030532995944	-5.76780362670872	0	NS
O35955	Psmb10	-1.12292871529171	0.45916076808835327	28.1494866414007	-1.13342145939525	0.30677465576415	0.998030532995944	-5.29442862879533	0	NS
O88456	Capns1	0.161180646126748	1.1182018571228376	27.5569331259733	0.183510030854307	0.861368929465661	0.998030532995944	-5.90733282828177	0	NS
P62878	Rbx1	-0.140146971281143	0.907426708573036	28.0005173818359	-0.204979899857201	0.845403682712682	0.998030532995944	-5.90274035932598	0	NS
Q61838	A2m	2.44879327086761	5.459592490195137	27.3977411142642	1.50961109970831	0.189553343897097	0.998030532995944	-4.89283015069589	0	NS
P61290	Psme3	-0.58022917522061	0.6688575194932517	27.7556076823172	-0.774437535312732	0.472537435326553	0.998030532995944	-5.61229558501799	0	NS
Q8C8T8	Tsr2	0.0614500060254694	1.0435140360948032	26.9650862429259	0.0773147545094578	0.94127239821186	0.998030532995944	-5.92264020289496	0	NS
P04117	Fabp4	-0.779167662146244	0.5827028765831235	25.9074243789919	-0.603158083118681	0.571850619246724	0.998030532995944	-5.73132778189363	0	NS
Q8R0F8	Fahd1	1.94352043304627	3.8464310121403127	26.3189824845548	1.51805948276922	0.187481845905708	0.998030532995944	-4.88328605904483	0	NS
P61957	Sumo2	0.7595574043184	1.6929711686683604	30.2295961714245	1.19126183886509	0.285279387082698	0.998030532995944	-5.23632031191231	0	NS
Q9D1D4	Tmed10	-0.385196979092417	0.7656744496642712	26.7511779515399	-0.319613910937973	0.761756436571205	0.998030532995944	-5.86985999411555	0	NS
P08207	S100a10	-0.511576120966058	0.7014556901349318	27.0524595754715	-0.664248884623473	0.534966916806026	0.998030532995944	-5.69167662947361	0	NS
O88545	Cops6	0.950733504714158	1.9328551232720361	28.2548947467649	1.49500656613795	0.193186299174067	0.998030532995944	-4.90928718598415	0	NS
Q9D6H2	Hspb11	0.549001856409051	1.4630731033339377	26.4422746950879	0.53202939741919	0.616736818231257	0.998030532995944	-5.77331694407182	0	NS
Q6ZWM4	Lsm8	-0.93752629124813	0.5221273760319864	26.9290512231063	-0.876817707154294	0.419401392324605	0.998030532995944	-5.5301872863241	0	NS
Q9Z1D1	Eif3g	0.0481444786140298	1.0339342743534385	26.1746893788579	0.054259639521364	0.958760020165423	0.998824497431999	-5.9243219475817	0	NS
Q91ZW2	Pofut1	2.68402422542267	6.426459884872814	25.9068465568612	1.39403843396562	0.220179008840384	0.998030532995944	-5.02147480159583	1	NS
Q9Z2V5	Hdac6	0.384198104742353	1.3051341508514132	26.5266305244352	0.441876038154201	0.676426585081799	0.998030532995944	-5.81973870608214	0	NS
Q91X96	Rabif	1.40550735304934	2.6491092701459755	25.445006618296	1.16127116060444	0.296254145958225	0.998030532995944	-5.26664869882824	0	NS
Q9D898	Arpc5l	-0.278196053260807	0.8246214800779452	27.2831378917672	-0.291810382038133	0.781763501222412	0.998030532995944	-5.87911402821044	0	NS
Q9CQP3	Chchd5	-0.142190234499241	0.9061424459871956	25.5950075039285	-0.133363978127778	0.898934727205633	0.998030532995944	-5.91610367757368	0	NS
Q9D7I5	Lhpp	-0.590024930829072	0.6643314268144676	27.5474747988664	-0.656546063221503	0.539530002243267	0.998030532995944	-5.69685313473309	0	NS
O70133	Dhx9	-0.0914796116842292	0.9385596792710225	25.862725329506	-0.0895643687342924	0.931995296443639	0.998030532995944	-5.92150749423466	0	NS
Q8JZM7	Cdc73	-0.58925670666013	0.6646852724631497	26.004575507177	-0.583203197440151	0.584236937290144	0.998030532995944	-5.74357027925459	0	NS
Q9EPB4	Pycard	0.0472302032119244	1.0332792494317204	26.650212358006	0.0386222394831581	0.97063673456752	0.999971162684518	-5.92512754501002	0	NS
Q9D1L0	Chchd2	0.549472348011401	1.463550318438986	29.2256702559508	0.77825198850786	0.470472942201143	0.998030532995944	-5.60937546721544	0	NS
Q9WVA2	Timm8a1	-0.0225913797498278	0.9844628158659083	25.5695946901042	-0.022182721180758	0.983131827897307	0.999971162684518	-5.92568212042793	0	NS
Q9JMG7	Hdgfrp3	2.38492006230818	5.223149732998064	24.8449465472522	1.2854060654022	0.253141057610363	0.998030532995944	-5.1385463838	0	NS
P62858	Rps28	-1.60893859779107	0.3278394563560319	27.6364665332619	-1.89151018697809	0.115140591896092	0.998030532995944	-4.44887741232428	0	NS
P84104	Srsf3	-0.0356343404220706	0.9756027024603282	25.2641292229294	-0.0278246246233817	0.978842801762818	0.999971162684518	-5.92552558085166	0	NS
Q6PDG5	Smarcc2	0.505883710903271	1.4199928947504785	27.1030250173274	0.574620120252539	0.589614712360205	0.998030532995944	-5.74872622603066	0	NS
P01942	Hba	0.445839052891498	1.3621060695639486	27.3892812792872	0.524734368162451	0.621453876911795	0.998030532995944	-5.77736070154696	0	NS
Q9D8X1	Cutc	-0.445636974396515	0.7342600567586519	26.3820796864566	-0.487611349147781	0.645772052201639	0.998030532995944	-5.79716193462449	0	NS
P62320	Snrpd3	0.741814524696945	1.6722777951593226	28.8475525235129	1.22831429681837	0.272218307048605	0.998030532995944	-5.19828769710608	0	NS
P01193	Pomc	0.397405230621409	1.317136833377394	28.2871701291094	0.515238212020832	0.62762489885294	0.998030532995944	-5.78254991536514	0	NS
Q62093	Srsf2	0.0015880871197436	1.0011013841881227	27.1922153562767	0.0021267514704423	0.998382620077763	0.999971162684518	-5.92595265229787	0	NS
P62309	Snrpg	-1.43565332250308	0.36967943056961694	25.3883669493355	-1.07159053879949	0.331290857064962	0.998030532995944	-5.35470417136492	0	NS
P01902	H2-K1	0.373364559283052	1.2953702888149403	24.7554667905515	0.313432699038047	0.766187005715506	0.998030532995944	-5.87198725318728	0	NS
P11352	Gpx1	-0.321061412607863	0.8004807350863316	25.0604306477837	-0.266964752871436	0.799804538079392	0.998030532995944	-5.88669526064109	0	NS
P30999	Ctnnd1	-0.203623640929937	0.8683667308196025	25.0586021250008	-0.180226135573788	0.863817668472824	0.998030532995944	-5.90799114949103	0	NS
P49443	Ppm1a	-2.856413860335	0.13808094417265365	25.2317157476907	-2.61569810069187	0.0457708849697141	0.998030532995944	-3.59723355928154	0	NS
P61967	Ap1s1	-1.589649449028	0.3322521754858807	24.9924797579022	-1.07934057385713	0.328129094389836	0.998030532995944	-5.34725916697766	0	NS
Q03173	Enah	1.31675218124599	2.491046895127525	23.4028883608805	0.829729673718742	0.443252549210012	0.998030532995944	-5.56889788703193	0	NS
Q3TIV5	Zc3h15	-3.47985929615709	0.08963094414375401	25.8414227940514	-2.08505741437932	0.089553859622775	0.998030532995944	-4.21906651671052	0	NS
Q571I9	Aldh16a1	-1.08584254949374	0.4711170501536432	24.2724502395608	-0.71388301754566	0.506182230722314	0.998030532995944	-5.65713277871984	1	NS
Q61545	Ewsr1	-0.375997294469759	0.7705725534353869	24.5066222146308	-0.256037395881413	0.807784622614111	0.998030532995944	-5.88982234004546	0	NS
Q64345	Ifit3	-0.205993952255788	0.8669411977045	24.3627248935988	-0.108214879705886	0.917894365154919	0.998030532995944	-5.91946477610848	1	NS
Q6P8X1	Snx6	-0.651126787996872	0.6367827729876157	23.839943190349	-0.482913965777835	0.64888583639704	0.998030532995944	-5.79957401231416	1	NS
Q99K70;Q7TT45	Rragc;Rragd	0.933709553333383	1.910181271987517	26.4472322730837	0.660326961343071	0.53728703874667	0.998030532995944	-5.69431855285988	0	NS
Q8BH69	Sephs1	-1.51737244506524	0.3493215507328306	27.3632953526453	-1.92485806905002	0.110244823482078	0.998030532995944	-4.40935556160714	0	NS
Q8K2C9	Hacd3	0.128103011846272	1.09285576880801	23.8997707621069	0.0686658221067145	0.947828972803667	0.998030532995944	-5.92334004420597	1	NS
Q99PL5	Rrbp1	-0.593652469158333	0.6626631182314698	25.2067557848152	-0.489209677428493	0.644714408439741	0.998030532995944	-5.79633637951368	0	NS
Q9CR81	Tex12	0.141592241307795	1.10312191314302	23.0169561149416	0.0863028918362328	0.934464221647512	0.998030532995944	-5.92182527470591	2	NS
Q9CY52	Thg1l	0.285803783622083	1.219089278333346	24.1544228640883	0.218798599632562	0.835171294314932	0.998030532995944	-5.89952069286786	0	NS
Q9CZL5	Pcbd2	-1.63370174463332	0.32226027316969075	25.0057394471995	-0.724477678125303	0.500178020937694	0.998030532995944	-5.64949785665427	0	NS
Q9D7G0	Prps1	0.459781084958368	1.37533310878644	23.5529200717047	0.300881053240165	0.775214557292992	0.998030532995944	-5.87618401700069	2	NS
Q9DAU1	Cnpy3	-0.875010036758488	0.545250073041476	25.5458320453711	-0.68561384141274	0.522444776609856	0.998030532995944	-5.67705741887154	0	NS
Q9DB16	Cab39l	0.152315526427514	1.111351761657956	23.2159017317103	0.0679814503609095	0.948347986546724	0.998030532995944	-5.92339188788621	2	NS
Q9ER00	Stx12	0.529573886193802	1.4435027801729297	24.1928488887754	0.35898983420884	0.73377958703782	0.998030532995944	-5.85537858152701	0	NS
Q9R0D8	Wdr54	-0.592281341328585	0.6632932082476869	24.2494852606902	-0.207576308692881	0.84347842262638	0.998030532995944	-5.90215114413061	2	NS
Q8BJD1	Itih5	-1.41387171150843	0.37530314590374664	24.1635558831165	-0.642787264506744	0.547743946891424	0.998030532995944	-5.70597368141004	1	NS
P97300	Nptn	0.469024460020611	1.3841731836705071	25.462150405921	0.352742998715264	0.738188576231867	0.998030532995944	-5.85778273438358	0	NS
Q61592	Gas6	3.6918202845473	12.922562587436312	25.2069263178436	2.4699321209223	0.0548564263847188	0.998030532995944	-3.76546399070217	1	NS
Q8BPA8	Dpcd	1.00015087883902	2.0002091734213634	23.5656757038537	0.601124826410111	0.573105183858737	0.998030532995944	-5.73259143909567	2	NS
Q64520	Guk1	-1.01263033488097	0.4956417648094709	26.2163558892203	-0.977012274025856	0.371974895618643	0.998030532995944	-5.44282997147751	0	NS
Q8R1G2	Cmbl	0.273926297079744	1.2090939053098109	22.798705153387	0.128567733130762	0.902545166594148	0.998030532995944	-5.91679833980496	2	NS
P15105	Glul	-0.195359294789255	0.8733553647683112	26.3975075125521	-0.194139917291249	0.853454565618418	0.998030532995944	-5.90512152720532	0	NS
Q9ET26	Rnf114	1.83902944372357	3.577692622920101	23.2563397782592	1.21639954435371	0.276358971406366	0.998030532995944	-5.2105835419228	0	NS
Q9CPT3	Nanp	0.77749861007138	1.7141562369942533	25.2588678543317	0.63168321441691	0.554431866744826	0.998030532995944	-5.71321583762156	0	NS
Q8BU85	Msrb3	2.76655786360369	6.804824071992714	24.175510086142	1.47854630504917	0.197360888086718	0.998030532995944	-4.92777012601333	1	NS
Q9D6L8	Ppil3	-0.683190473159528	0.62278647839047	24.0317749026766	-0.331234930827552	0.753454548341772	0.998030532995944	-5.86575294382164	1	NS
Q61845	Meig1	1.00277845520955	2.0038554681793945	24.9173462766013	0.64973058271238	0.543588691252126	0.998030532995944	-5.70139126669125	0	NS
Q9CQE6	Asf1a	3.06775521297666	8.384677026482056	23.7649117151583	2.23680990211215	0.073681826295237	0.998030532995944	-4.03908833715312	1	NS
Q99MR6	Srrt	-2.54961944770121	0.17080007958475146	24.8596061735466	-1.54015187517628	0.182167572820011	0.998030532995944	-4.85824795143015	0	NS
Q9D385	Arl2bp	-1.19634253199485	0.43638017566543985	23.361607466959	-0.657791714306428	0.538790358672748	0.998030532995944	-5.69601943455861	1	NS
Q8R5M8	Cadm1	-0.269750310779061	0.8294630897136025	26.6927210458263	-0.251829340399446	0.81086478458866	0.998030532995944	-5.89099264651235	0	NS
Q9QZH3	Ppie	-0.108340059353449	0.9276547920915251	24.5527705507983	-0.059875814401577	0.954497247866589	0.998030532995944	-5.92396648831387	0	NS
Q9ERR7	2018-09-15 00:00:00	0.426957875016601	1.344395738819111	24.163131037497	0.268095028618175	0.798980658572994	0.998030532995944	-5.88636456613934	0	NS
Q3V4B5	Commd6	0.393812649823629	1.3138609964436887	21.8932529846073	0.322544717321578	0.759659258004205	0.998030532995944	-5.86883744260906	1	NS
Q8BYA0	Tbcd	0.208543525922547	1.1555210375537612	23.2973096499884	0.152322393818852	0.884691309635616	0.998030532995944	-5.91311087895271	1	NS
Q9R0P4	Smap	0.128528290794931	1.0931779693066592	23.3744996418005	0.0628858874854116	0.952213244381939	0.998030532995944	-5.92376159712686	2	NS
Q3B7Z2	Osbp	0.899757326693875	1.8657521216512323	24.0924418664948	0.641243559596292	0.548670577439947	0.998030532995944	-5.70698686404053	1	NS
Q5SW19	Cluh	-0.455173520115477	0.7294224355759531	23.7262470439941	-0.253686111601995	0.809505209470991	0.998030532995944	-5.89047858586824	1	NS
P07742	Rrm1	0.856487281611809	1.810624375141107	22.7922592292843	0.455232702510888	0.66739736842118	0.998030532995944	-5.81335566866041	2	NS
Q60876	Eif4ebp1	-0.531343334062884	0.6919101769291424	24.5244336543721	-0.390767751696747	0.71153217919639	0.998030532995944	-5.8425318225884	0	NS
Q921H9	Coa7	0.370659870947618	1.2929440721123016	23.6399147370936	0.206401366940076	0.844349501129642	0.998030532995944	-5.90241868180963	2	NS
Q9JJ94	Ssna1	-0.344445767980738	0.7876104903391318	24.6619613000412	-0.225143697244699	0.830485015944543	0.998030532995944	-5.89797336003636	0	NS
P61164;Q8R5C5	Actr1a;Actr1b	-0.986950379943118	0.50454316988298	26.7877813249191	-1.20915362397954	0.278904489695732	0.998030532995944	-5.2180309645059	0	NS
P60487	Pdxp	0.677901243450002	1.5998107413538118	24.6477944009679	0.487061675622759	0.64613599895962	0.998030532995944	-5.79744528190859	0	NS
P62073	Timm10	-0.124883334222581	0.917078201160687	23.9399056112492	-0.0734228087173187	0.944222189138493	0.998030532995944	-5.92296536503432	0	NS
Q9DCB8	Isca2	1.40353656787824	2.6454929404279475	23.6060367684078	0.845729543152234	0.435035824307011	0.998030532995944	-5.55592091207639	0	NS
Q6PAV2	Herc4	0.778630261431403	1.7155013502593668	23.1728350923738	0.375227218995156	0.722373481901459	0.998030532995944	-5.84894269569479	2	NS
Q91WM2	Cecr5	-2.68188661916437	0.15583739600278557	27.432898871181	-1.82454244178946	0.125654494893855	0.998030532995944	-4.52803708792763	0	NS
Q80Y81	Elac2	1.66707803204795	3.17570748577628	24.3312802659129	0.943340764099912	0.387411019797875	0.998030532995944	-5.4729124641099	1	NS
Q9DAS9	Gng12	-1.26943638097027	0.41482180007864267	25.8008334635647	-1.1998600730082	0.282199860544777	0.998030532995944	-5.22754894394353	0	NS
Q61133	Gstt2	0.0458101893538263	1.032262715135061	27.4448632790009	0.0607496954962734	0.953834106842047	0.998030532995944	-5.9239080380218	0	NS
P03958	Ada	-0.317248099003502	0.8025993545389386	25.4352518528768	-0.267723165515054	0.799251684298095	0.998030532995944	-5.88647351503728	0	NS
Q3THW5;P0C0S6	H2afv;H2afz	-1.37454957561448	0.385673098706805	22.9999347589372	-0.617090538959856	0.563300235034912	0.998030532995944	-5.72257055560544	2	NS
Q9DD18	Dtd1	-1.4414132183501	0.36820644424196325	25.3636480479074	-0.844637387403578	0.435593020260671	0.998030532995944	-5.55681256248271	1	NS
Q3TMH2	Scrn3	2.72210065604963	6.598328734634399	24.8142639696931	1.74868324367163	0.13874686640185	0.998030532995944	-4.6172387003223	1	NS
Q9Z0H6	Cst9	1.50725396450898	2.8426844536623688	25.1531844496944	1.16813837080715	0.293708936211973	0.998030532995944	-5.25974128752145	0	NS
P09056	Lif	-1.4991255748924	0.35376774613086964	29.5850124165225	-1.02507570640147	0.353268118902207	0.998030532995944	-5.39663562003826	0	NS
Q99KG5	Lsr	0.160421541526417	1.1176136462581543	27.6823799404833	0.115438593732308	0.912441570829988	0.998030532995944	-5.91857057407456	0	NS
O09114	Ptgds	-0.880973789250014	0.5430007932596916	27.3776435793077	-0.806011105904667	0.455646019634333	0.998030532995944	-5.5877928969094	0	NS
P49935	Ctsh	-1.15388749245245	0.4494126090619422	27.851986763612	-0.59076316876264	0.58088581503744	0.998030532995944	-5.73760950830321	0	NS
P47931	Fst	0.747962657347287	1.6794195153074634	28.0162698244677	0.329060798847059	0.755714826126427	0.998030532995944	-5.86601887513759	0	NS
O88593	Pglyrp1	0.265466437545225	1.202024613130905	29.3223775273936	0.102579096041134	0.922364572975968	0.998030532995944	-5.92006878628058	0	NS
P04186	Cfb	0.116199205273552	1.0838756165120487	29.2570689431356	0.0325570180368647	0.975312953993235	0.999971162684518	-5.9253615976521	0	NS
O54775	Wisp1	0.556198846268115	1.470389985878066	26.6994307504363	0.587731698789415	0.581411677009015	0.998030532995944	-5.74082323309217	0	NS
Q00731	Vegfa	0.0874307084288096	1.0624763354404765	28.2645826186607	0.137055154063188	0.896158007874464	0.998030532995944	-5.91555187263961	0	NS
Q8R2G6	Ccdc80	1.18908038368764	2.280073582363933	27.2809278922527	0.505663231910941	0.635022966292128	0.998030532995944	-5.7866172179126	0	NS
Q8BSU2	Cxcl16	-0.452114038103329	0.7309709421794893	28.136744962295	-0.348589141225238	0.741126634856706	0.998030532995944	-5.85935919533913	0	NS
Q9JHE3	Asah2	0.908550766840408	1.8771588850638952	25.1911116328719	0.736351660200668	0.493507887612204	0.998030532995944	-5.64083401970616	0	NS
Q8CD91	Smoc2	0.137440430998638	1.0999518952329372	28.3027612220205	0.157560703388884	0.880764129577502	0.998030532995944	-5.91221456456541	0	NS
P97873	Loxl1	0.2577131252457	1.1955820359217912	27.0703958641502	0.169063114425116	0.872154398957578	0.998030532995944	-5.91014123769107	0	NS
O35657	Neu1	1.29888559333636	2.460387571416632	26.6396913453243	1.57423030730237	0.174255059992389	0.998030532995944	-4.81940922954052	0	NS
P19788	Mgp	0.562756964926096	1.4770892135381677	25.0355552496377	0.475686951519794	0.653692203395064	0.998030532995944	-5.8032436211351	0	NS
Q9WTZ2	Mbtps1	1.20163879389586	2.3000078639555523	25.6849856855779	1.07441790856631	0.330134403691319	0.998030532995944	-5.3519918398508	0	NS
Q8BK62	Olfml3	2.64167886117143	6.2405745568809	26.0964280888981	0.999007971770401	0.36456161098114	0.998030532995944	-5.42072221928124	0	NS
Q64685	St6gal1	0.629431307893372	1.5469550832464483	27.3348490665908	0.439586142812107	0.677980783230831	0.998030532995944	-5.82081544371697	0	NS
Q8BM72	Hspa13	-0.298917952511342	0.8128618289230554	29.3476011994027	-0.547796706100036	0.606612292707467	0.998030532995944	-5.76440778923281	0	NS
P26618	Pdgfra	0.527941054023372	1.4418699579914878	26.3142779177391	0.570678068748154	0.592094637192804	0.998030532995944	-5.75107194331278	0	NS
P97401	Frzb	4.40696034091485	21.21422898645322	24.74091901558	3.3049175590492	0.0202781544968763	0.998030532995944	-2.84622112159862	1	NS
P45700	Man1a1	0.399112035302403	1.3186960164320702	28.6690896729157	0.255203670272955	0.808583458546951	0.998030532995944	-5.88994457904177	0	NS
O54990	Prom1	0.190557228012295	1.1412044107178032	27.7199383980355	0.0572878259312172	0.956579652330456	0.998809768174366	-5.92411778625835	0	NS
A2AX52	Col6a4	-0.778752497410693	0.5828705852744973	25.8357032719415	-0.531697123574398	0.616951222756918	0.998030532995944	-5.77350220854594	0	NS
Q9Z1G3	Atp6v1c1	1.41203682577836	2.6611260083571873	24.627974094136	1.15453394517932	0.298769916653072	0.998030532995944	-5.27340351926031	0	NS
Q6PHU5	Sort1	1.75603859695211	3.3776939131764103	26.2440619050922	2.03196612066751	0.095922711090634	0.998030532995944	-4.2821602058301	0	NS
Q9Z0Z4	Heph	-1.44415315810252	0.3675078169895859	26.3609772345284	-1.63642598495911	0.160669831767805	0.998030532995944	-4.74791485840648	0	NS
Q05909	Ptprg	0.503061087166975	1.4172174036205138	25.9289406347367	0.519049158158549	0.625144228315965	0.998030532995944	-5.78047758183656	0	NS
Q9CXU9;P48024	Eif1b;Eif1	0.0804581743240599	1.0573537840296618	25.5227827188042	0.0681929233363782	0.948187606616403	0.998030532995944	-5.92337592336316	0	NS
Q99KN2	Ciao1	2.08534359709878	4.243761553637345	25.3029641796316	1.73707077818149	0.140868877504776	0.998030532995944	-4.63083800671748	0	NS
Q9DB34	Chmp2a	1.76434459815849	3.397196333832099	24.7725652602188	1.35941157378105	0.230227046201689	0.998030532995944	-5.05923772685912	0	NS
P09055	Itgb1	0.835588083522835	1.7845843379184172	25.5607810641299	0.389440472347591	0.712455171925147	0.998030532995944	-5.84308890986843	0	NS
O55091	Impact	0.81157602983683	1.7551277335018385	26.0351302790224	0.866647458758789	0.424467996030752	0.998030532995944	-5.53868028281435	0	NS
P85094	Isoc2a	2.40698215366423	5.303637434065481	25.5846808567897	2.33333236232209	0.0651600528101426	0.998030532995944	-3.92524068221778	0	NS
Q9EPV8	Ubl5	2.28697195260364	4.880307162243394	23.4645891622161	1.73152543112557	0.141893653415401	0.998030532995944	-4.63732624103648	1	NS
P17439	Gba	-1.10024521694991	0.46643720802753774	26.6790338973063	-1.32219267241552	0.241501030044063	0.998030532995944	-5.09937286379474	0	NS
P61750	Arf4	0.977649663315862	1.9692546240042543	24.8055395486566	0.791494405994747	0.463356521697032	0.998030532995944	-5.59915193713307	0	NS
P51150	Rab7a	-0.385232286280852	0.7656557114829436	27.6548156233814	-0.534049493786612	0.615434244944636	0.998030532995944	-5.77218839501117	0	NS
Q8BH95	Echs1	3.24093127785468	9.454042025604775	25.1894522836866	2.13539727993461	0.0839230435823424	0.998030532995944	-4.15927664707386	1	NS
Q6ZWZ2	Ube2r2	-0.139194037934633	0.9080262828359967	26.884305416143	-0.123039664638363	0.906709776035944	0.998030532995944	-5.91756764645765	0	NS
Q6ZWU9;Q6ZWY3	Rps27;Rps27l	-0.301469040793658	0.8114257319772114	24.5419640052779	-0.209670228170372	0.841926656250762	0.998030532995944	-5.90167065467113	0	NS
Q9ES30	C1qtnf3	-0.32230539882356	0.7997908056285256	26.6443899278526	-0.393943960084044	0.709325691954704	0.998030532995944	-5.84119148101118	0	NS
Q9QYG0	Ndrg2	-0.135672735600738	0.910245282883804	26.1325666833439	-0.123953427053322	0.906021150137106	0.998030532995944	-5.91744280095734	0	NS
Q9WTL7	Lypla2	0.718338852946599	1.645286528661448	26.7063242109183	0.814404939347896	0.451231019072878	0.998030532995944	-5.58115333438156	0	NS
P62748;P84075	Hpcal1;Hpca	-0.594760470875052	0.6621543828605861	25.2233659748421	-0.543635399512124	0.609274888007423	0.998030532995944	-5.76678145413129	0	NS
P59325	Eif5	2.0457329873471	4.12882991122363	24.7368278152371	1.34012596976747	0.236006643698366	0.998030532995944	-5.08009526356132	1	NS
O35343	Kpna4	-0.258987738293033	0.8356740614255888	26.5378613032529	-0.304945136680754	0.772287080888496	0.998030532995944	-5.8748432115001	0	NS
Q3TYX3	Smyd5	3.97006354051302	15.671414961183698	25.3685295795674	2.08341067581923	0.0897446143760393	0.998030532995944	-4.22102318369689	1	NS
P02798	Mt2	0.261343387156288	1.198594274209687	27.2928392333084	0.326415480757225	0.75689303480517	0.998030532995944	-5.86747324607525	0	NS
Q7TMB8;Q5SQX6	Cyfip1;Cyfip2	2.71301738037008	6.5569158528027645	24.5013568317898	2.00246588907037	0.0996638050415605	0.998030532995944	-4.31721635238425	1	NS
O70310	Nmt1	-0.240597619152841	0.8463946308895267	25.5479510277903	-0.205669555760744	0.844892177862605	0.998030532995944	-5.90258456324631	0	NS
P35278	Rab5c	-1.39950203103013	0.37905995757846195	27.4381783638877	-1.91000662044242	0.112398217789121	0.998030532995944	-4.42696342663114	0	NS
P54071	Idh2	0.77339450875136	1.7092868268542094	24.1120480054286	0.390413240364301	0.711778652862024	0.998030532995944	-5.84268079266686	2	NS
P84091	Ap2m1	4.00990088341977	16.110181955073998	25.0994179960361	2.43150251756007	0.0575650461360617	0.998030532995944	-3.81022814261011	1	NS
P28667	Marcksl1	1.65153767907051	3.141683132719765	26.428014986678	1.5216320220429	0.186612453412092	0.998030532995944	-4.87924498332596	0	NS
P70677	Casp3	1.0341917334753	2.0479659564599415	26.4774987103569	1.24664203115034	0.26595737924981	0.998030532995944	-5.17925539576052	0	NS
Q9Z172	Sumo3	0.0791320498080025	1.0563823115493347	27.0355586633571	0.0957515198665267	0.927314033169008	0.998030532995944	-5.92087237653446	0	NS
P11438	Lamp1	1.00734632544989	2.010210142940999	30.0108555825876	1.70090329583836	0.147688279301863	0.998030532995944	-4.6730822373247	0	NS
Q6P1F6	Ppp2r2a	-0.14537148848705	0.9041465332898946	26.8193365721121	-0.183810698761431	0.861144813990868	0.998030532995944	-5.90727196766106	0	NS
Q9Z130	Hnrnpdl	1.84148075972733	3.5837767293017415	25.7269593741675	1.41240960890581	0.215016153435909	0.998030532995944	-5.00128377966511	0	NS
P62192	Psmc1	0.437701145193955	1.3544443747746526	27.0721104856486	0.586966868301726	0.581888254085542	0.998030532995944	-5.74128848082176	0	NS
P35980	Rpl18	1.51689851740322	2.8617517305498397	24.6070234980828	1.17266114866858	0.292043144074204	0.998030532995944	-5.25517987348017	0	NS
P62254	Ube2g1	1.14651041262292	2.213777782465184	25.7773328754851	0.986616015775957	0.36766464930018	0.998030532995944	-5.43412111156691	0	NS
Q8BWR2	Pithd1	-0.170878524572089	0.8883015879985361	26.086964792338	-0.15116642290262	0.885558451174115	0.998030532995944	-5.91330463225431	0	NS
Q9EST4	Psmg2	0.570222703549137	1.484752748783353	25.0830945212613	0.458767679687584	0.665018146146073	0.998030532995944	-5.81163713143529	0	NS
P61924	Copz1	-0.736643943170351	0.6001337858018579	27.0105324652292	-0.903039544932345	0.406553649886919	0.998030532995944	-5.50796284354426	0	NS
Q62376	Snrnp70	-0.139972125830553	0.9075366895751783	24.8843284754747	-0.100262668741795	0.923902920170934	0.998030532995944	-5.92038267153763	0	NS
O55060	Tpmt	0.214575204331849	1.160362200162806	25.5660152795514	0.21206870720329	0.840150176797138	0.998030532995944	-5.90111445995831	0	NS
Q9D0T1	Nhp2l1	-0.175176569598287	0.8856591177838509	24.7983168026859	-0.149808987365072	0.886576949361298	0.998030532995944	-5.91353028658496	0	NS
Q9CWW6	Pin4	2.08757474387838	4.250329663997302	24.9781879212897	1.4077672934659	0.216309936549906	0.998030532995944	-5.00639584661973	0	NS
Q9CQ89	Cuta	0.755532435736165	1.6882545383247973	25.1383758740065	0.509669375383515	0.631259783896843	0.998030532995944	-5.78555355591124	0	NS
Q9CQT1	Mri1	1.36439093557507	2.5746760752296773	25.4423865566627	1.07872287775402	0.328380152222516	0.998030532995944	-5.3478537382537	0	NS
Q8BY71	Hat1	1.38067749683781	2.6039062312560777	25.0238970262491	0.830124070036336	0.443048616231767	0.998030532995944	-5.56858022313504	1	NS
P60229	Eif3e	1.38514276409085	2.6119780336644607	27.2169995140622	1.1968975615721	0.283257566462452	0.998030532995944	-5.23057487741552	0	NS
Q8BL97	Srsf7	-0.0038037592545603	0.9973669076820229	25.1241451028267	-0.0033318750744443	0.997466135148235	0.999971162684518	-5.92594900193712	0	NS
Q9WV85	Nme3	1.45645946323497	2.744340443616544	23.6336163436819	1.11923227603588	0.312258380354827	0.998030532995944	-5.30843509166338	1	NS
Q9D142	Nudt14	1.59678388829893	3.024682871556191	25.1020356127766	1.14607847456613	0.301953688758271	0.998030532995944	-5.28185013883335	0	NS
Q62084	Ppp1r14b	0.52292776800246	1.436868234478641	25.3182750192162	0.439269591544924	0.67819577476229	0.998030532995944	-5.82096388399956	0	NS
O54988	Slk	1.81090725196093	3.5086286248169993	24.4314503857888	0.999636084828875	0.361886288980645	0.998030532995944	-5.42222508226331	1	NS
Q9JHS3	Lamtor2	-0.386159861171809	0.7651635944860559	24.1828105432809	-0.259606066778723	0.805175529499303	0.998030532995944	-5.88881506509332	0	NS
Q9WU63	Hebp2	3.11685673045258	8.67495774495495	24.8304067527169	1.6593732366761	0.155925130090147	0.998030532995944	-4.72135859589887	1	NS
P62500	Tsc22d1	-1.15759149740078	0.4482602577956805	26.3434227983376	-1.29836953598473	0.248981854776245	0.998030532995944	-5.12480008843977	0	NS
Q99K48	Nono	-0.947211126298993	0.5186340649907275	24.5977512162894	-0.770499397072347	0.474675722872899	0.998030532995944	-5.6152986956989	0	NS
P62743	Ap2s1	-0.540612064637462	0.68747918354477	26.6570428132259	-0.668417741814983	0.532507990246102	0.998030532995944	-5.68885411560857	0	NS
Q9D1K7		-0.201833084071066	0.8694451467318918	26.5530259090109	-0.215256136500185	0.837791001632221	0.998030532995944	-5.90036570398221	0	NS
P34884	Mif	0.983673046970677	1.9774936293770693	30.969630404637	1.40676978737768	0.216588888907587	0.998030532995944	-5.00749342451189	0	NS
Q8K157	Galm	0.230013863115141	1.1728462192671951	27.341046547826	0.301473373621131	0.774787629194633	0.998030532995944	-5.87598967940627	0	NS
P25444	Rps2	2.57464719627921	5.95725285851733	25.0603449569939	1.77176835923348	0.134623241979383	0.998030532995944	-4.59015672245573	1	NS
O35658	C1qbp	-0.50093221785976	0.7066500216989918	28.5896368777258	-0.7017400679984	0.513124791278037	0.998030532995944	-5.66577159522058	0	NS
Q9CQ62	Decr1	1.11669561003041	2.1684972445819657	26.1544965802383	1.17247716664745	0.292110744543729	0.998030532995944	-5.2553656145271	0	NS
Q60865	Caprin1	1.57595623797973	2.98133033797992	26.7073942892473	1.37516748373322	0.225603096196111	0.998030532995944	-5.04210367682426	0	NS
Q99KP6	Prpf19	-1.09344868385122	0.4686397767419524	28.1945039967719	-1.48065624513378	0.196820990452274	0.998030532995944	-4.92540485959357	0	NS
P62852	Rps25	1.60228958721022	3.0362479003763974	26.1739410111889	0.750658314786604	0.48555450646963	0.998030532995944	-5.63024664276993	0	NS
P11103	Parp1	1.43105700147717	2.6964419989069843	26.3230366015088	1.50478447457276	0.190746671027365	0.998030532995944	-4.8982749020509	0	NS
Q3UPL0	Sec31a	2.07101499817417	4.201821857712869	25.3705603233209	1.48239088406362	0.196378183678137	0.998030532995944	-4.92345943188832	0	NS
P56959	Fus	0.895463650304492	1.8602076187925547	26.0852668496624	0.853540973626043	0.431066311168252	0.998030532995944	-5.54951882458802	0	NS
P61458	Pcbd1	1.63277773907446	3.101095035329226	24.4614454325519	1.26866475733632	0.258605884958515	0.998030532995944	-5.15620172669078	0	NS
Q9D2G2	Dlst	1.0507665802063	2.071630322084054	25.9516825243876	1.13681527536919	0.305475463065881	0.998030532995944	-5.29106361559094	0	NS
P62311	Lsm3	0.192211584412445	1.1425137946513837	27.7563109994128	0.191101435526035	0.855714904840219	0.998030532995944	-5.90576613058266	0	NS
Q91YJ3	Thyn1	-0.0699316844198635	0.9526831091426348	25.8580347173522	-0.0716461638437079	0.945569084417717	0.998030532995944	-5.92310822966067	0	NS
P83870	Phf5a	-0.476599507805704	0.7186695632797605	25.9653311447654	-0.527991083878733	0.619345500035428	0.998030532995944	-5.77556159068677	0	NS
O55142	Rpl35a	-0.249478146345248	0.8412006404924998	25.7386779073672	-0.191419975663149	0.855477868115009	0.998030532995944	-5.90569902329385	0	NS
Q8BMK4	Ckap4	0.202593101322693	1.1507648830538257	24.5719258031418	0.155196655911277	0.882535995772106	0.998030532995944	-5.91262278577348	0	NS
Q8JZV7	Amdhd2	0.41257152243744	1.3310562334673506	26.7709644288569	0.484265809177937	0.647988901657673	0.998030532995944	-5.79888201895592	0	NS
Q3UFY7	Nt5c3b	2.22635333408406	4.679496583196124	25.3122395625412	1.924204561482	0.110338681826114	0.998030532995944	-4.41013057082816	0	NS
P97822	Anp32e	4.37155849230137	20.69999468672999	27.0219681731184	1.67450374216102	0.156112071419084	0.998030532995944	-4.70669874661196	1	NS
Q5M8N0	Cnrip1	1.57178678461735	2.9727265981978763	25.1209473242999	1.14968812283883	0.300590933312581	0.998030532995944	-5.27824850734135	0	NS
P61971	Nutf2	-0.861764944836705	0.5502789531320263	27.483506236144	-0.508694415337441	0.6318973685981	0.998030532995944	-5.78607640406348	0	NS
Q61599	Arhgdib	-1.62499898668015	0.3242101163813082	26.341491726548	-1.6456244252588	0.158751034591868	0.998030532995944	-4.73728048013006	0	NS
P57784	Snrpa1	0.877378542700543	1.837034273088526	25.4333699877886	0.808522348942212	0.454321819545478	0.998030532995944	-5.58581195662737	0	NS
Q99LT0	Dpy30	0.0021468550966486	1.0014891943075217	25.3877233004299	0.0020165805137668	0.99846640419629	0.999971162684518	-5.9259529055995	0	NS
P62315	Snrpd1	0.986594870451009	1.9815026139166076	25.5344034749203	0.583754420297803	0.583892590229596	0.998030532995944	-5.74323688518635	0	NS
Q80ZM7	Gtf2a2	2.57493062486193	5.958423321818777	23.7197010078508	1.99490800823187	0.100646426767726	0.998030532995944	-4.32619596967118	1	NS
Q8CCS6	Pabpn1	0.665372619930058	1.5859778474041557	28.0721372146263	0.967174518322858	0.376432614146229	0.998030532995944	-5.4516923540104	0	NS
Q8BTY1	Ccbl1	2.41855780056397	5.346363020509011	26.1939265738696	1.40469448235555	0.217170331282155	0.998030532995944	-5.00977594269272	1	NS
P15864	Hist1h1c	0.463739384197085	1.3791117695277366	24.9621939787289	0.341391126569048	0.746229576896206	0.998030532995944	-5.86204889175428	0	NS
Q9D172	D10Jhu81e	-0.162574608815011	0.8934292489057994	28.1781657523378	-0.149613505459222	0.886723641816268	0.998030532995944	-5.91356261655489	0	NS
P43275	Hist1h1a	0.828328676533391	1.7756271539938038	25.5334041136921	0.594893170731396	0.576960902531588	0.998030532995944	-5.7364414937306	0	NS
P70694;Q91WR5;Q8K023	Akr1c6;Akr1c21;Akr1c18	0.48773942486235	1.4022459584197817	29.8222975204045	0.782159455186647	0.468364884672765	0.998030532995944	-5.60637263097485	0	NS
Q9D3D9	Atp5d	0.788184092706552	1.726899461230179	26.8771357244893	0.882736755073556	0.416474157425564	0.998030532995944	-5.52521151133529	0	NS
P09602	Hmgn2	0.607692522163723	1.5238200279353937	25.2402813011786	0.331800276403452	0.753051615095479	0.998030532995944	-5.86554956449515	0	NS
O09107	Insl3	0.654071617308989	1.5736030045234501	22.6324138587157	0.348448482129102	0.741226211386136	0.998030532995944	-5.8594122671733	1	NS
O35309	Nmi	-1.74941921733342	0.2974214869875905	24.8537053225476	-0.92213615606564	0.397392016243914	0.998030532995944	-5.49148687430572	1	NS
O35943	Fxn	0.294576906806606	1.2265252265369275	23.804255810813	0.179113847845255	0.864647471744178	0.998030532995944	-5.90821147047089	0	NS
P07758;Q00896;Q00897;P22599	Serpina1a;Serpina1c;Serpina1d;Serpina1b	-0.98331295049476	0.5058168664364985	25.3018229946059	-0.890388188835412	0.412713619589741	0.998030532995944	-5.51874388659854	0	NS
P27641	Xrcc5	-0.403419423897003	0.7560641618307888	22.9671705009743	-0.268941854353833	0.798363583595108	0.998030532995944	-5.88611591440597	2	NS
P46460	Nsf	0.951156452596703	1.9334218520684885	23.7398405511892	0.612199871504625	0.566292430460712	0.998030532995944	-5.72566406270802	1	NS
P61514	Rpl37a	0.263119979467488	1.2000711802585224	22.5538244716054	0.207065423595095	0.84385715189446	0.998030532995944	-5.90226765748801	1	NS
P62305	Snrpe	-0.51184227597923	0.7013262943007796	26.1183614604353	-0.540737655858116	0.611133020023899	0.998030532995944	-5.76842491318732	0	NS
P67871	Csnk2b	-1.00095792017262	0.49966812035943303	23.7575968316218	-0.549705725616526	0.60539309995408	0.998030532995944	-5.76331351462703	1	NS
P70444	Bid	-2.04585264548216	0.24217928184021484	23.4523882332423	-1.47653866072182	0.197875923557608	0.998030532995944	-4.93001962446247	1	NS
P97379	G3bp2	0.0321122846995139	1.0225081091381267	23.1880784299218	0.0184316401939246	0.98598379817791	0.999971162684518	-5.92576665225619	1	NS
Q00PI9	Hnrnpul2	-1.38590136665299	0.38265035238121253	22.9514956618203	-0.697657252337922	0.515473646080821	0.998030532995944	-5.66864916735953	1	NS
Q3TGF2	Fam107b	-0.347165630567345	0.7861270345754173	22.1498951827487	-0.23887270722579	0.820372547402162	0.998030532995944	-5.8944772659204	2	NS
Q3U5Q7	Cmpk2	-1.17454871396211	0.4430223186469634	23.9720166261593	-0.588231356297677	0.581100462460381	0.998030532995944	-5.7405190073425	1	NS
Q3UI43	Babam1	2.15523692954191	4.454417948741357	24.9040665894889	1.79154722656325	0.13118848057687	0.998030532995944	-4.56690715370797	1	NS
Q4KML4	Abracl	-1.46231910715153	0.3629092898370862	25.6404820171645	-1.40546330557101	0.216954757712706	0.998030532995944	-5.00893051020567	0	NS
Q61142	Spin1	-1.14297740811493	0.4528240824527621	24.5567753299685	-0.933909389602658	0.391825465665747	0.998030532995944	-5.48120989355688	0	NS
Q61233	Lcp1	-0.140937986655206	0.9069293118850403	23.293114248274	-0.0610736085149891	0.953588317428708	0.998030532995944	-5.92388615801457	2	NS
Q64487	Ptprd	0.0767588680945375	1.0546460289038353	23.569515904973	0.0432022380889981	0.967157153176977	0.999971162684518	-5.92491966178212	2	NS
Q6IE21	Otud6a	0.466224116541145	1.3814890399245705	22.014155588394	0.384953492899309	0.715579514096684	0.998030532995944	-5.8449590037585	1	NS
Q6WVG3	Kctd12	2.55502217163258	5.876764847743879	24.320842275889	1.59988811278365	0.168519531180645	0.998030532995944	-4.79000589950015	1	NS
Q80UW8	Polr2e	1.21930371311476	2.3283431751049353	25.1629705094239	1.10996873954214	0.31588392599599	0.998030532995944	-5.31752437343716	0	NS
Q80W22	Thnsl2	-1.45912308581783	0.3637141387357513	26.0239647551153	-1.43639876510367	0.208445957322474	0.998030532995944	-4.97476372579944	0	NS
Q80Y14	Glrx5	0.527829877518376	1.441758849349931	23.888527531703	0.316826422131089	0.763753196415978	0.998030532995944	-5.87082423962824	0	NS
Q8BFQ8	Pddc1	-2.65052946165217	0.15926161949411988	23.9941311732433	-1.580172362119	0.172910056801637	0.998030532995944	-4.81261166183084	1	NS
Q8BTV2	Cpsf7	-0.652996115779568	0.6359582155829608	22.5434684514928	-0.36742015628508	0.727847756727684	0.998030532995944	-5.85207071777763	1	NS
Q8C129	Lnpep	0.690798732483129	1.6141769426847916	23.7541667023754	0.468042214563399	0.658796973824032	0.998030532995944	-5.80707048073625	1	NS
Q8K339	Kin	1.66920098304401	3.1803840348762247	22.4623794206602	1.18675257892933	0.286906268971402	0.998030532995944	-5.24090695614354	1	NS
Q8VDM6	Hnrnpul1	-1.2987144152935	0.40648825828741875	23.8848882890016	-0.916712779607092	0.399977209930803	0.998030532995944	-5.49619051931375	2	NS
Q8VEH6	Cbwd1	0.35086558398777	1.2753255639583445	24.8566664324757	0.190899537172793	0.855865153236433	0.998030532995944	-5.90580860778406	1	NS
Q91YN9	Bag2	-0.707903184909472	0.612209278415207	25.344917105912	-0.649959548211875	0.543452016839817	0.998030532995944	-5.70123945197914	0	NS
Q99L45	Eif2s2	-2.68568832573804	0.15542728289584773	22.9882258047536	-1.65345353611039	0.157135708036634	0.998030532995944	-4.72821780381768	0	NS
Q9CQ92	Fis1	1.09965417134684	2.14303315668522	22.4619714925674	0.828731587838425	0.443768949761812	0.998030532995944	-5.56970128484372	1	NS
Q9CR70	Lage3	0.310065743060128	1.2397641942309803	23.2993948931471	0.228268507934747	0.82818002635175	0.998030532995944	-5.89719541738804	0	NS
Q9CY97	Ssu72	-0.95573085383818	0.5155803360122917	23.0521529726992	-0.57954253261299	0.586526884569535	0.998030532995944	-5.74577740687517	2	NS
Q9D0A3	Arpin	-0.871488718563385	0.5465825404133332	24.919241643272	-0.755414925068446	0.482930427119646	0.998030532995944	-5.62669097918851	0	NS
Q9D1I5	Mcee	1.57229603251443	2.9737761075815743	22.6825824120464	1.13733264699915	0.305277826979668	0.998030532995944	-5.29055013398956	1	NS
Q9D967	Mdp1	-0.639076191416846	0.642123991833161	25.8462039544128	-0.681590679736682	0.524787628102191	0.998030532995944	-5.67983947334706	0	NS
Q9ESJ0	Xpo4	-0.161873197160996	0.8938637232956106	22.8951960069874	-0.102111883718181	0.922505159239317	0.998030532995944	-5.92017544431546	2	NS
Q9ESZ8	Gtf2i	-0.188408532295823	0.877573257361315	21.8788303469987	-0.148536332054167	0.88753205960039	0.998030532995944	-5.91374001568294	0	NS
Q9JHS9	Cwc15	0.594955990539457	1.5104265092487954	23.1655620990743	0.348877372607509	0.740922605539591	0.998030532995944	-5.85925037964145	2	NS
Q9JKV1	Adrm1	-1.85892323399985	0.27568195945167484	24.4088020214087	-0.807154123801825	0.455042943701254	0.998030532995944	-5.58689183168466	1	NS
Q9JMD3	Stard10	0.763773093792251	1.69792542320328	23.4411287665767	0.355565652358667	0.736194946285593	0.998030532995944	-5.85670136902774	2	NS
Q9QX60	Dguok	-0.134112066391981	0.9112304948666009	25.4088281972252	-0.115508227371886	0.912389033917098	0.998030532995944	-5.91856167474063	0	NS
Q9QZ06	Tollip	0.341630669350613	1.2671880797276287	24.2219134452073	0.263591161381715	0.802265349041105	0.998030532995944	-5.88767423201172	0	NS
Q9WV92	Epb41l3	-0.985070238531994	0.5052011266042464	24.169838556865	-0.537944942598858	0.612926917396631	0.998030532995944	-5.77000144414179	2	NS
Q9WVK4	Ehd1	-2.12361802062715	0.22947071902156438	23.9212034996111	-1.04308716376733	0.34314146041949	0.998030532995944	-5.38180273960083	0	NS
Q9Z0E6	Gbp2	0.639708532471138	1.558014362043535	25.6916230079305	0.618761333215819	0.562280308459161	0.998030532995944	-5.7215089120624	0	NS
Q9Z0H3	Smarcb1	-0.953149341122116	0.5165037249964949	22.7549587201599	-0.615087338815623	0.564524618224557	0.998030532995944	-5.72384018621495	0	NS
Q7TMJ8	Pik3ip1	-1.28630913668583	0.4099985928256311	24.6503809084346	-0.73094208695738	0.496538920204337	0.998030532995944	-5.64479505998344	1	NS
O89051	Itm2b	-2.85407321427941	0.1383051502111444	25.9076478467598	-2.43241269797239	0.0574992512973636	0.998030532995944	-3.80916613558805	0	NS
P23927	Cryab	-2.78814711997132	0.14477183679865055	24.418592301414	-2.09215868688394	0.0887361117103436	0.998030532995944	-4.2106291680277	0	NS
Q8BMY7	Spink2	0.0029022587146942	1.002013717256131	22.6842094686148	0.0018242561770463	0.998612665346181	0.999971162684518	-5.92595331550266	2	NS
Q9DCV4	Rmdn1	-1.34686322093169	0.39314591769152635	24.6116427666461	-0.935009476585189	0.391308506041038	0.998030532995944	-5.48024502068277	1	NS
P97355	Sms	3.65494136041231	12.59641562249461	24.5624727284021	2.37502696512178	0.06181043110361	0.998030532995944	-3.87628459613366	1	NS
Q5I012	Slc38a10	0.639768906991668	1.5580795638607392	24.4226223472111	0.311130346530227	0.767839866953737	0.998030532995944	-5.87276941211687	1	NS
Q921J2	Rheb	-1.95864731793219	0.2572695615531549	23.7006246807905	-1.23472871011068	0.270012200566558	0.998030532995944	-5.19164285001104	1	NS
Q8VIN1	Pbp2	0.447090348717668	1.3632879804630047	23.2919191636318	0.212095290081898	0.840130493644839	0.998030532995944	-5.90110826073158	2	NS
Q9D5V6	Syap1	1.77359375412425	3.4190458131043986	23.7351406312441	1.11333746348339	0.314561312365928	0.998030532995944	-5.31422409078431	1	NS
Q99JP4	Cdc26	-0.507048404282217	0.7036605785452821	23.2771169867568	-0.352434492404217	0.738406613665986	0.998030532995944	-5.85790042777247	1	NS
Q3TUU5	Tex30	0.75114793792527	1.6831315486693577	23.5523829302357	0.409133471270527	0.69881818351529	0.998030532995944	-5.83464124519693	1	NS
Q9CQ66	Tctex1d2	-0.0031123149318241	0.9978450329626631	23.914766536294	-0.0016259192676291	0.998763499074514	0.999971162684518	-5.92595369522483	0	NS
Q9CX60	Lbh	0.148912023387043	1.1087330301795295	24.1383164779594	0.0651635092220658	0.95048535646246	0.998030532995944	-5.92359989608089	2	NS
Q9Z2X2	Psmd10	0.190520180602682	1.1411751057550639	23.3103887431214	0.101341327940265	0.923087559202934	0.998030532995944	-5.92026225284391	2	NS
Q91VR8	Brk1	-1.67824468430389	0.31246257680057354	24.2833122179715	-1.24038814351887	0.268079080801897	0.998030532995944	-5.18576561090718	0	NS
Q9CQG1	Chac2	0.37759194971814	1.2991715542286535	22.3199701676776	0.226045757463749	0.829819421135187	0.998030532995944	-5.89774986389789	2	NS
Q91W50	Csde1	-1.42176406873359	0.37325563122742345	23.6177843502529	-0.75874441012265	0.481099666486972	0.998030532995944	-5.62419161785347	1	NS
P58242	Smpdl3b	0.113422497119353	1.0817915226537302	26.1150675933478	0.109725711696968	0.91675348817307	0.998030532995944	-5.9192825077248	0	NS
Q99NB9	Sf3b1	0.0794546745503553	1.0566185729711175	23.1194672489458	0.0551361700398174	0.958094612505752	0.998809768174366	-5.92426877095051	0	NS
Q9D289	Trappc6b	0.638395221356657	1.5565967190380259	22.4279723325241	0.363867179515027	0.730345161353966	0.998030532995944	-5.85347368506774	2	NS
Q9D1K2	Atp6v1f	-1.49240760316442	0.35541892231315825	23.8212026270921	-0.929027382087079	0.394126197470079	0.998030532995944	-5.48548239182705	0	NS
P97823	Lypla1	0.2996714506756	1.2308640730101825	25.3951985354185	0.269897663856488	0.797667291698733	0.998030532995944	-5.88583434778877	0	NS
Q80UM3	Naa15	-0.190484198651577	0.8763115634539822	22.7497994069678	-0.118827038793497	0.909885658708432	0.998030532995944	-5.91813133533106	2	NS
Q9CR39	Wdr45b	0.0314083938316786	1.022009349144268	23.3700612607	0.0169573232712256	0.987104797587994	0.999971162684518	-5.92579560248905	2	NS
Q8CG76	Akr7a2	-1.17800848940395	0.4419611648450713	24.3988344239671	-0.843093218949852	0.436381744257697	0.998030532995944	-5.558071789073	0	NS
Q9JKX6	Nudt5	0.170554783565783	1.1254912053717154	25.1651152165072	0.148172830843565	0.887804901705974	0.998030532995944	-5.91379959386856	0	NS
Q8K0G5	Tssc1	-0.946360162031863	0.5189400681518875	25.6423257869769	-0.834398967463045	0.440842678650514	0.998030532995944	-5.56512981329794	0	NS
Q9CQ71	Rpa3	1.12674519979058	2.1836553932167027	22.7209309529493	0.72834948412539	0.497996184913935	0.998030532995944	-5.64668516864007	1	NS
Q91VM9	Ppa2	0.350833067738761	1.2752968202979658	25.3222587668656	0.204566669918601	0.845710208630802	0.998030532995944	-5.90283346326029	0	NS
Q569Z5	Ddx46	-2.48715681938108	0.1783574249030019	24.0588609317544	-1.37730082326029	0.224983709422228	0.998030532995944	-5.03977740132161	0	NS
O09174	Amacr	-3.68658097986314	0.07766557172866898	26.6447828364218	-2.48513975981913	0.0538228533284807	0.998030532995944	-3.74779389839345	0	NS
Q99JX3;Q91X51	Gorasp2;Gorasp1	0.807804300129887	1.7505451839056003	23.7653237332338	0.500714511589861	0.637129377299231	0.998030532995944	-5.79032199949836	1	NS
Q8BGD8	Coa6	0.168925959551278	1.1242212262211635	23.2957169064685	0.128978411111294	0.902235918039233	0.998030532995944	-5.91673984838307	0	NS
O08997	Atox1	-2.91022572859149	0.13302545759794093	24.678010664498	-1.21686040716037	0.276197771017489	0.998030532995944	-5.21010908408827	1	NS
Q80W65	Pcsk9	-0.710485912105956	0.6111142756322981	28.6870258503282	-0.235274398733729	0.823516457801283	0.998030532995944	-5.89514000750258	0	NS
Q03157	Aplp1	1.40987363738525	2.657138884811686	25.190310134112	0.700200857593974	0.514009444124704	0.998030532995944	-5.6668580371568	1	NS
Q61477	Nbl1	-1.22561944161609	0.4276138713276502	27.5181107903624	-1.55938226002587	0.177660648915693	0.998030532995944	-4.83636250626231	0	NS
P21570	Ang	-0.91773269260119	0.5293402663003469	25.179468047617	-0.78335526506779	0.467721123023635	0.998030532995944	-5.60545134516377	0	NS
P28301	Lox	0.450387345144886	1.3664070703114677	27.5255977849935	0.196337811192066	0.852232457029842	0.998030532995944	-5.90445637276998	0	NS
Q8C9W3	Adamts2	-0.563282568251437	0.6767605752797394	26.5843628449721	-0.545062370375194	0.608361078038653	0.998030532995944	-5.76596929220926	0	NS
Q8K135	Kiaa0319l	-3.3542013569915	0.09778782351502233	25.3303944078714	-2.11606155759197	0.0860405971086013	0.998030532995944	-4.18223555209072	0	NS
Q61072	Adam9	-1.64092904625632	0.32064992031071776	29.1416746575249	-2.79819174865634	0.0366386036433954	0.998030532995944	-3.39068286520849	0	NS
Q8BME9	Cbln4	1.34417972433598	2.5388580316375076	26.8575852539036	1.37721016280068	0.225009999169705	0.998030532995944	-5.03987629136758	0	NS
Q8BNA6	Fat3	1.28825717623894	2.442328358394352	24.8398831090095	1.1087006452798	0.316383036217498	0.998030532995944	-5.31876519456992	0	NS
O70258	Sgce	0.128217228137363	1.0929422922035983	25.7991625266126	0.136913231331608	0.896264739907075	0.998030532995944	-5.9155733654364	0	NS
P21614	Gc	-1.34119258203983	0.3946942530063775	30.3918565379172	-0.528784389368823	0.6200326649824	0.998030532995944	-5.77396450872192	0	NS
Q9DBV4	Mxra8	0.451755328181377	1.3677033305265498	26.1302479497344	0.359723196864683	0.73326273376853	0.998030532995944	-5.8550937151386	0	NS
Q9Z175	Loxl3	1.91629233998548	3.7745177741322027	23.8290756600649	1.11424187540167	0.314207038127277	0.998030532995944	-5.31333706389481	1	NS
P35456	Plaur	-0.220598640457598	0.8582092520948187	26.9239139556106	-0.109203138146662	0.917221125487335	0.998030532995944	-5.91932624686398	0	NS
O70458	Osmr	0.0910129918638525	1.065117795027603	25.1015341535525	0.0685305961255343	0.947931523167546	0.998030532995944	-5.92335032915961	0	NS
Q03146	Ddr1	0.723762093909551	1.6514829713736225	27.7608606164482	0.983255295463117	0.369168321951061	0.998030532995944	-5.43717507334776	0	NS
Q9Z0J7	Gdf15	-1.41848292566363	0.3741054982000257	26.4331705793785	-0.590351431260832	0.581140757516972	0.998030532995944	-5.73786250236613	0	NS
Q8BV57	Ssc5d	0.898688022069785	1.8643697656138067	23.3398980034046	0.390223735443266	0.711910422197103	0.998030532995944	-5.84276037293858	1	NS
Q99LJ1	Fuca1	-1.33821637046475	0.3955093290088392	28.3957684028997	-1.14753952179587	0.301401450615687	0.998030532995944	-5.28039309978698	0	NS
Q63870	Col7a1	-0.590409277581979	0.6641544666039149	24.9754052907417	-0.150891211094559	0.886079294866023	0.998030532995944	-5.91323540472563	1	NS
P35762	Cd81	1.12851886801138	2.186341658747572	27.4806567175587	0.596037249675785	0.576731395168013	0.998030532995944	-5.73525538992429	0	NS
Q9JMK0	B4galt5	0.406187265916072	1.3251790178842031	29.7064740497524	0.746217290707747	0.488013604823596	0.998030532995944	-5.63355040170101	0	NS
Q8K479	C1qtnf5	-0.738348532192158	0.5994251278182442	27.0901226693588	-0.676886258405522	0.527536138975499	0.998030532995944	-5.68307552485934	0	NS
Q9ES89	Extl2	0.664752565743121	1.5852963583287827	25.8836542202202	0.431223500420921	0.68367192158972	0.998030532995944	-5.82470375196194	0	NS
P27106	Amh	0.265228148943538	1.2018260922357369	23.778667809237	0.185646295442266	0.85977689403962	0.998030532995944	-5.90689827905638	0	NS
Q9EP52	Twsg1	-0.151767708949252	0.9001468524692612	26.6254158637439	-0.157394995449895	0.880888303157378	0.998030532995944	-5.91224337792655	0	NS
Q9D975	Srxn1	-0.246344939243684	0.8430295231342365	25.2128411779485	-0.214057648415555	0.83867783930301	0.998030532995944	-5.90064852549284	0	NS
P40240	Cd9	2.03132665457127	4.087805785822261	24.690909383431	0.821715982164524	0.447411461279751	0.998030532995944	-5.57532797619632	1	NS
Q9JI18	Lrp1b	0.424529059689188	1.3421343170871245	23.437367698305	0.269467045902484	0.797980963857979	0.998030532995944	-5.8859613211213	1	NS
Q9EQQ9	Mgea5	1.07420527579692	2.1055618807993075	23.7331591325541	0.81181577573747	0.452589479928013	0.998030532995944	-5.58320692902388	1	NS
Q9D1C8	Vps28	0.988194280081064	1.9837005779148342	25.3947571889357	0.941013793448221	0.388496478705273	0.998030532995944	-5.47496496783435	0	NS
Q9ET47	Espn	0.773646387388076	1.7095852755275813	24.3492605944929	0.578505222179911	0.587176771020081	0.998030532995944	-5.74640063744388	1	NS
P51569	Gla	-0.556212399951766	0.6800852936640216	26.3174975301137	-0.644384032653977	0.54678653278033	0.998030532995944	-5.70492351617689	0	NS
Q8R0F3	Sumf1	1.0940005442579	2.1346514813788087	25.7039948027625	1.09617540640747	0.321349295438376	0.998030532995944	-5.33097632887554	0	NS
P35282	Rab21	-0.776996081208179	0.5835806360868719	25.0616986714511	-0.642992921615335	0.547620574953135	0.998030532995944	-5.70583854740633	0	NS
Q8R2Y2	Mcam	-0.619361864166771	0.6509587974828238	26.6049494160523	-0.637063164808847	0.551185008602338	0.998030532995944	-5.70972028438068	0	NS
P62257	Ube2h	2.08059907643293	4.229828225924334	24.5363777499833	1.1458793767688	0.302029010758347	0.998030532995944	-5.28204860991161	1	NS
P02802	Mt1	1.96466926199452	3.9032321241114394	25.3709995673586	1.69978358966663	0.147904577744769	0.998030532995944	-4.6743872178082	0	NS
Q9CX00	Ist1	-0.201057145657003	0.8699128944710858	25.6534653404698	-0.187955715019828	0.858056657974249	0.998030532995944	-5.90642293065627	0	NS
P52482;Q91W82;P52483	Ube2e1;Ube2e2;Ube2e3	1.28138014065741	2.4307139765873265	23.8366003906389	0.878780874383055	0.418428764351433	0.998030532995944	-5.52853964345264	1	NS
Q8CFI2	Cdc34	0.732455041314259	1.6614640089126627	25.2313615047949	0.65143623013635	0.542571092833769	0.998030532995944	-5.70025926746547	0	NS
P70460	Vasp	1.22859762358557	2.3433908902354963	24.172667360244	0.921493206135429	0.397697804338536	0.998030532995944	-5.49204550816851	0	NS
P12815	Pdcd6	0.844861486449271	1.796092294170475	25.7408273123634	0.65402339748976	0.541029953821006	0.998030532995944	-5.6985374835873	0	NS
Q62422	Ostf1	-0.850226206304991	0.5546977557895533	26.8105624049952	-0.841951847490194	0.43696542213965	0.998030532995944	-5.55900145041444	0	NS
Q91V41	Rab14	-0.134525930610856	0.9109691287437149	26.3344607938748	-0.158881723573281	0.879774358422252	0.998030532995944	-5.91198379193858	0	NS
O70400	Pdlim1	-1.56908444395973	0.3370222057419774	27.9568044932797	-1.14784505815632	0.301286077039339	0.998030532995944	-5.28008827026151	0	NS
P82343	Renbp	-1.34250340983276	0.3943357980245967	26.6842082347149	-1.60287750835823	0.167863408704925	0.998030532995944	-4.78657158553937	0	NS
Q91YN5	Uap1	0.738632388436212	1.6685933356732674	26.0526205597359	0.817908180978919	0.449397784908273	0.998030532995944	-5.57836688344937	0	NS
O88952	Lin7c	-0.872130628981975	0.5463393989495708	25.0510588116112	-0.6864778210777	0.521942566102041	0.998030532995944	-5.67645821487841	0	NS
Q61543	Glg1	-0.443788973037043	0.7352012002270663	25.4817227998915	-0.438466738816857	0.678741200924277	0.998030532995944	-5.82133992283614	0	NS
P62071	Rras2	0.0934708017203186	1.0669339017788544	27.9537680977481	0.142124197159735	0.892347505343058	0.998030532995944	-5.91476973211776	0	NS
P62242	Rps8	1.51291322075173	2.8538573444954163	23.8557614213215	1.12172670572974	0.311288263128742	0.998030532995944	-5.30598012208023	0	NS
Q9D820	Prorsd1	-0.984541619487142	0.5053862716709785	24.5679775202175	-0.753871828477462	0.483780599562527	0.998030532995944	-5.62784641295034	0	NS
Q8R0Y6	Aldh1l1	-0.947714581236288	0.5184531096819486	26.3844313305311	-0.892145780176442	0.411853527551427	0.998030532995944	-5.51725259647113	0	NS
P07091	S100a4	-0.406546058702495	0.7544273801665222	24.4565486200544	-0.261193795567339	0.804015636663471	0.998030532995944	-5.88836256260627	0	NS
Q9R257	Hebp1	2.3511007260928	5.102133775091966	24.4829169882489	1.3014023160373	0.248017866421809	0.998030532995944	-5.12157489358005	1	NS
P32921	Wars	0.184615031337239	1.1365136655285561	27.2023184336547	0.22880627600288	0.827783541500334	0.998030532995944	-5.89706047790879	0	NS
Q9CR41	Hypk	1.16847352975476	2.247737450454987	23.8835606349875	0.819444378915239	0.448595645661173	0.998030532995944	-5.57714216166193	0	NS
Q9QUH0	Glrx	-1.05955189774684	0.4797810569086217	25.5908608936518	-0.865800874130533	0.42489185394926	0.998030532995944	-5.53938401069546	0	NS
P52795	Efnb1	1.98599227891043	3.961350287117025	29.1931143929959	2.69581217111205	0.0414863262051829	0.998030532995944	-3.5059577989485	0	NS
Q3UTJ2	Sorbs2	-0.395219856019417	0.7603734925125113	25.4684789326186	-0.330898693898083	0.753694233034403	0.998030532995944	-5.86587374566328	0	NS
Q8VED9	Lgalsl	0.324200054892289	1.2519700541558287	24.7182762080434	0.272891641463891	0.795487597696112	0.998030532995944	-5.88494609731629	0	NS
Q9CWU9	Nup37	1.29923637830495	2.4609858765930372	24.975327770047	0.798654541616555	0.459541567994477	0.998030532995944	-5.59356896806052	1	NS
P67984	Rpl22	1.82077474131881	3.5327085748602007	25.9561119359579	1.21283180563233	0.277609733554183	0.998030532995944	-5.21425338003744	0	NS
Q8C1B7	2018-09-11 00:00:00	-1.33084697191871	0.3975347901442277	28.0624709433285	-0.862091780471285	0.426752697473706	0.998030532995944	-5.54246131260343	0	NS
Q9R0Y5	Ak1	-0.903970726093378	0.5344138393539521	27.3727649562004	-0.902122960218299	0.406997512291966	0.998030532995944	-5.50874754475141	0	NS
P62627	Dynlrb1	-0.305849197133134	0.8089659040012438	27.5028849931165	-0.411125631355208	0.697445618652157	0.998030532995944	-5.83376499493579	0	NS
O70209	Pdlim3	-0.124708335578313	0.9171894493256035	24.0045340604738	-0.089686474502107	0.931902879346659	0.998030532995944	-5.92149536876398	0	NS
Q9CQ65	Mtap	0.893467084205168	1.8576350316541044	26.374478482015	0.88235144524145	0.416664229002843	0.998030532995944	-5.52553614929901	0	NS
P61358	Rpl27	0.882175640924208	1.8431527533914815	24.9021734035869	0.47129741691118	0.656620739140277	0.998030532995944	-5.80544787689989	0	NS
P83877	Txnl4a	-0.398867213245134	0.7584535781220575	25.653871278476	-0.350549978667312	0.739739096446269	0.998030532995944	-5.85861723486973	0	NS
Q8K003	Tma7	-0.000594384008669	0.9995880892587541	23.2331193220049	-0.00046334306989	0.999647630467964	0.999971162684518	-5.92595504305691	0	NS
Q3U0V1	Khsrp	-3.06355998517857	0.11961249541572688	25.6751695796027	-3.1536217228432	0.0240943204278631	0.998030532995944	-3.00393343554854	0	NS
O54984	Asna1	1.0721421515708	2.1025529766362494	25.5826634783434	1.08142402447678	0.327283493538431	0.998030532995944	-5.34525220577097	0	NS
P62301	Rps13	1.00064656528211	2.000896530686473	26.440377351701	0.923840809627991	0.396582179078724	0.998030532995944	-5.49000445753499	0	NS
Q9CQ86	Mien1	-0.497937428592185	0.7081184303837388	23.8856594221955	-0.342390103584969	0.745520483258346	0.998030532995944	-5.86167879551753	0	NS
Q99JX4	Eif3m	0.350091039099811	1.2746410590876236	26.0801959280129	0.340540959062189	0.746833264936439	0.998030532995944	-5.86236304613001	0	NS
Q9D711	Pir	-0.105860965587542	0.9292502229981127	26.5233296142128	-0.124026259320277	0.905966266564986	0.998030532995944	-5.91743281053553	0	NS
P0C7N9	Psmg4	-0.267422318906043	0.8308026258403114	25.4440756942116	-0.247348695874421	0.814148703552543	0.998030532995944	-5.89221799141561	0	NS
P62702	Rps4x	-0.093588702503988	0.9371885916046833	25.8354325553607	-0.0616293254542865	0.953166645705867	0.998030532995944	-5.92384834925411	0	NS
Q8C460	Eri3	-0.582310763597261	0.6678931562330067	25.0519100272125	-0.520168132366551	0.624416905727022	0.998030532995944	-5.77986650807826	0	NS
Q9JK23	Psmg1	0.348263312553127	1.2730272598217196	26.3261687421706	0.371207035369791	0.725190112146138	0.998030532995944	-5.85056120233122	0	NS
Q91XC8	Dap	0.39002922745506	1.3104199512929855	25.4607842775889	0.378324709460302	0.720206672091511	0.998030532995944	-5.84768444617688	0	NS
P62751	Rpl23a	0.986200689365978	1.9809612908138807	23.8258915757811	0.48512076490711	0.647421992749371	0.998030532995944	-5.79844347107985	1	NS
P70362	Ufd1l	-0.157471207844337	0.8965952691242131	28.072383412023	-0.199795732159277	0.849251403714629	0.998030532995944	-5.90389501443542	0	NS
P00329	Adh1	0.287035421897767	1.2201304672658222	26.5013640846541	0.310413713664468	0.768354621949809	0.998030532995944	-5.87301173732102	0	NS
P53612	Rabggtb	1.22601965865395	2.3392072027207096	25.1326305098012	1.04034333381993	0.344300774275041	0.998030532995944	-5.38438744477219	0	NS
P50295	Nat2	2.33133147810005	5.032696082419428	25.0828129797763	2.05749333118047	0.092803435143332	0.998030532995944	-4.25182204186963	0	NS
Q05BC3	Eml1	-0.21532592615899	0.8613515456691515	29.3942395219276	-0.217614654719354	0.836046575069201	0.998030532995944	-5.8998046132632	0	NS
Q8K385	FRRS1	-0.118401656845125	0.9212076795419134	25.8121363013627	-0.125669536867361	0.904728113741268	0.998030532995944	-5.91720585181398	0	NS
Q9D9A7	Ptges3l	0.897313443175871	1.8625942671317863	23.395642095144	0.710679675570932	0.508007390597187	0.998030532995944	-5.65942337040523	0	NS
Q3UL36	Arglu1	-4.80414485742363	0.03579384016089583	29.2035792962466	-5.94665342841782	0.0017035911429697	0.412694954384432	-0.773848028819783	0	NS
Q91XE4	Acy3	-0.591052680446034	0.6638583377605172	25.9655860454457	-0.641492741968023	0.548520933537416	0.998030532995944	-5.70682345648742	0	NS
P18608	Hmgn1	0.48782563454683	1.4023297535325057	24.8134997672052	0.330061637741553	0.754291059319122	0.998030532995944	-5.86617397050732	0	NS
Q8BV13	Cops7b	-0.574292509035112	0.6716155277893476	26.128266238506	-0.579317591764034	0.586667775352854	0.998030532995944	-5.74591263688848	0	NS
O08583;Q9JJW6	Alyref;Alyref2	1.23997247016142	2.361940251341924	26.7889666402088	1.46306814494342	0.201364930199842	0.998030532995944	-4.94508494450344	0	NS
P12787	Cox5a	0.686326355969405	1.609180717861524	24.3176427681345	0.540428779634116	0.611331276260673	0.998030532995944	-5.76859963428371	0	NS
Q8JZL3	Thtpa	0.476006163753938	1.3908879141110508	25.455376408127	0.345228694270795	0.743507141834849	0.998030532995944	-5.86062154779574	0	NS
Q3TWW8	Srsf6	-0.233303334315025	0.8506848496822464	24.8545669636889	-0.165403997612259	0.874891213169038	0.998030532995944	-5.9108164613108	0	NS
P60824	Cirbp	1.72769609909877	3.3119849086802224	23.6189702042577	0.958284673710167	0.380497852673947	0.998030532995944	-5.45964912796515	1	NS
Q91WE2	Fam192a	1.89126090193053	3.709592980632122	25.4566192707677	1.12040001554857	0.311803906614342	0.998030532995944	-5.30728621714407	0	NS
Q8VCX1	Akr1d1	-0.796266549163187	0.5758374208902555	29.0183520783603	-1.18198249215497	0.288636164995844	0.998030532995944	-5.24574876315704	0	NS
O70423	Aoc3	-1.00255339842655	0.4991158421977081	26.8640385256729	-1.09523814696186	0.321723586975082	0.998030532995944	-5.33188679481205	0	NS
O08529	Capn2	0.7164023397811	1.6430795607685242	23.8024019771312	0.393819859944112	0.709411843488197	0.998030532995944	-5.84124404159056	1	NS
O08539	Bin1	-0.418579110464329	0.7481611146685897	24.5281822089635	-0.341914793431436	0.745857832562885	0.998030532995944	-5.8618550146323	0	NS
O08912	Galnt1	-1.19345827161924	0.4372534669666354	27.2918449108591	-1.57324112514848	0.174479952262687	0.998030532995944	-4.82054011639137	0	NS
O35098	Dpysl4	1.23255749295435	2.349831799983397	24.9494579615072	0.683023804391768	0.523952252568323	0.998030532995944	-5.67884999734245	1	NS
O70139	Pkig	0.227866217018919	1.1711015784161665	21.6448926755661	0.189333258308771	0.857030976710535	0.998030532995944	-5.90613663304861	2	NS
O70274;Q63739	Ptp4a2;Ptp4a1	-1.29353067223202	0.4079514370806092	22.908044577952	-0.991036481278277	0.365694430672317	0.998030532995944	-5.43009371208736	0	NS
O88653	Lamtor3	0.463006142871874	1.3784110221191654	24.0027931574399	0.202506445691341	0.847238899307908	0.998030532995944	-5.90329489212334	1	NS
O88712;P56546	Ctbp1;Ctbp2	-0.110438190103831	0.9263066718160664	22.2903547325592	-0.0618749648401387	0.952980262798737	0.998030532995944	-5.92383152795681	2	NS
O88803	Lect2	1.76059408467357	3.3883762552831365	21.8602820920778	1.37563745744784	0.225466509116342	0.998030532995944	-5.04159132783108	2	NS
P09535	Igf2	-0.988211276118288	0.5041023985410376	21.9171906540399	-0.654474491937412	0.540761537073726	0.998030532995944	-5.69823669185987	1	NS
P24547	Impdh2	-1.52583540765343	0.34727840153540773	24.2645534727974	-1.11983157112282	0.312025068781145	0.998030532995944	-5.30784556458894	1	NS
P47963	Rpl13	0.193591408441572	1.1436070417111013	21.6917077870221	0.15903277622892	0.879661198263613	0.998030532995944	-5.9119572826533	2	NS
P51807	Dynlt1	-0.714574902150736	0.6093846638533209	22.6019211558088	-0.545736352366777	0.607929749106063	0.998030532995944	-5.76558504064968	1	NS
P53690	Mmp14	-1.50075936570532	0.3533673459559432	23.9099515269211	-0.880715487883065	0.41747198583338	0.998030532995944	-5.52691337107647	1	NS
P55002	Mfap2	-1.12508341537527	0.4584755121797254	25.4155382218015	-0.974714351653261	0.373012289078126	0.998030532995944	-5.44490540651019	0	NS
P56873	Sssca1	-0.0823807135267824	0.9444977641132668	24.64019108747	-0.0408014166647611	0.968981042329828	0.999971162684518	-5.92503153371475	1	NS
P57716	Ncstn	0.900304479622203	1.866459856352798	23.3070510365315	0.705884190108652	0.510748153081734	0.998030532995944	-5.66283686015178	0	NS
P57746	Atp6v1d	-1.77860832743616	0.29146441751600555	23.1856249690496	-1.01745004623993	0.354101378873714	0.998030532995944	-5.40578553062532	1	NS
P62322	Lsm5	0.946950299535082	1.9277932023682725	21.440781774813	0.623270915847433	0.559533308534069	0.998030532995944	-5.71863126892981	2	NS
P70186	Epyc	0.687329935125212	1.6103004985564895	23.2980889936652	0.295742841438278	0.778921765932836	0.998030532995944	-5.87785438357467	2	NS
P70671	Irf3	1.29669974203352	2.4566626197789425	23.5081220434672	0.902901486692745	0.406620481316543	0.998030532995944	-5.50808107316853	1	NS
P97310	Mcm2	-0.940337345931754	0.5211110145858205	22.5849656706376	-0.54742449610996	0.606850171809654	0.998030532995944	-5.76462075354467	2	NS
P97434	Mprip	1.33113924616686	2.5160127726952615	22.356292047137	1.04317373776127	0.343104934647349	0.998030532995944	-5.38172111719326	1	NS
Q00724	Rbp4	-0.893437915725806	0.5383297586518723	22.5391796537839	-0.64869296526319	0.544208348469495	0.998030532995944	-5.70207869311055	1	NS
Q08943	Ssrp1	-0.219145450943602	0.8590741396613982	22.1519688101798	-0.152289662792448	0.884715860042262	0.998030532995944	-5.9131163851402	2	NS
Q3V1L4	Nt5c2	1.09473031856761	2.1357315487781046	23.4278205691912	0.407753292647745	0.699769862257216	0.998030532995944	-5.83524598739889	2	NS
Q4QY64	Atad5	1.41709244965108	2.670467727925523	26.355442574209	1.48233045688502	0.196393593089659	0.998030532995944	-4.92352721530131	0	NS
Q5U5V2	Hykk	1.37099682394989	2.5864921696833263	24.1096937192016	0.87196100070417	0.421815071174653	0.998030532995944	-5.5342519821454	1	NS
Q61753	Phgdh	-1.56406122675255	0.3381977046345808	21.608944713302	-1.17192676937021	0.292313058983148	0.998030532995944	-5.2559211793958	0	NS
Q63810	Ppp3r1	0.494618038779444	1.4089476793310238	22.6070511858589	0.354624413174046	0.736859481982317	0.998030532995944	-5.85706286920929	1	NS
Q64327	Mea1	0.223270518635646	1.167376975254699	23.9597300626987	0.162333222580918	0.877189500178294	0.998030532995944	-5.91137184263108	1	NS
Q6P9R2	Oxsr1	-0.125353397536698	0.9167794446076626	25.1329612788956	-0.111822939972071	0.915170178606448	0.998030532995944	-5.91902532824243	0	NS
Q6PEB6	Mob4	-2.0314412635715	0.2446105844162152	26.0577136672624	-2.25357264264043	0.0721206384782167	0.998030532995944	-4.01927172037017	0	NS
Q78JE5	Fbxo22	0.62786877865667	1.545280540824061	22.570248993415	0.463523460932507	0.661824236674415	0.998030532995944	-5.80930589316297	1	NS
Q80VJ2	Sra1	-0.0699048434312476	0.9527008337439083	22.5313948603063	-0.0389302616657483	0.970402695594604	0.999971162684518	-5.92511429352941	2	NS
Q80WB5	Wdyhv1	0.737277291514094	1.6670267924647009	24.7825690038069	0.597575234837891	0.575299460825539	0.998030532995944	-5.73478869086738	0	NS
Q8BG73	Sh3bgrl2	-1.09491157477236	0.46816481745413796	23.7518255015844	-0.612560679421645	0.566071340344048	0.998030532995944	-5.72543655836196	0	NS
Q8BG94	Commd7	0.265373934795319	1.2019475441631506	23.2317830096398	0.198855561960273	0.84994971293362	0.998030532995944	-5.90410129993214	0	NS
Q8BHL8	Psmf1	0.481113690652386	1.3958207565428034	23.2306040676727	0.375406017542702	0.722248325876255	0.998030532995944	-5.8488703301864	2	NS
Q8BRH0	Tmtc3	1.27516292506938	2.4202614856827203	26.7291362812309	1.38790235591619	0.221929178921558	0.998030532995944	-5.02819508051686	0	NS
Q8BWP8	B4gat1	-0.459425897322659	0.7272756114334357	26.1268534731703	-0.467621587855654	0.659078457342062	0.998030532995944	-5.80727939950258	0	NS
Q8C351	Layn	-0.871178176062625	0.5467002058752419	23.5009854393681	-0.635215511141454	0.552298704167846	0.998030532995944	-5.71092359695623	1	NS
Q8CDG1	Piwil2	-1.74802296794196	0.29770947271982096	22.1655563133829	-1.31344517730636	0.244223587681054	0.998030532995944	-5.1087338400966	2	NS
Q8CFI0	Nedd4l	1.83952100908862	3.5789118476194797	23.6465214138414	1.21993870695751	0.275123193999856	0.998030532995944	-5.20693760207964	1	NS
Q8CI32	Bag5	-0.837144453344921	0.5597503951533257	22.6933981468742	-0.438972720150783	0.678397431600874	0.998030532995944	-5.8211030061231	2	NS
Q8K0C9	Gmds	0.210457945934812	1.1570554026974629	25.1927108172221	0.193977805651646	0.853575121477297	0.998030532995944	-5.90515617147033	0	NS
Q8K2I1	Fntb	-1.43646217950015	0.36947222531966595	24.5446703171969	-0.853642339770625	0.431014981528745	0.998030532995944	-5.54943546266147	1	NS
Q8K2Q5	Chchd7	-0.499346651028661	0.7074270790320761	22.4317736151466	-0.393831901407945	0.709403483972281	0.998030532995944	-5.84123894230623	1	NS
Q8QZY9	Sf3b4	0.172294023957283	1.12684885900949	22.6995704057228	0.0899313662178014	0.93171753398637	0.998030532995944	-5.92147100065471	1	NS
Q8R1B4	Eif3c	0.77776147691949	1.7144685939978601	24.3078445790367	0.395255500440091	0.708415506258556	0.998030532995944	-5.84063505061588	1	NS
Q8R526	Pkd1l1	-0.383768402027335	0.7664330068550667	25.8766064183047	-0.405519160004974	0.701311682502387	0.998030532995944	-5.83622085669244	0	NS
Q8VC60	Glb1l	1.11433766655376	2.16495594336733	22.0691891140144	0.856587408901676	0.429525689836526	0.998030532995944	-5.54701031587694	1	NS
Q8VE70	Pdcd10	-0.855484641345721	0.5526796350282359	23.6348478339443	-0.569543105372479	0.592809800498762	0.998030532995944	-5.7517446904094	1	NS
Q8VHC3	Selm	-0.370144634990538	0.7737049263830413	23.0468622035694	-0.259665057306795	0.80513242470892	0.998030532995944	-5.88879830078886	2	NS
Q8VHN8	Nudt16l1	-3.65173779869549	0.07956414245384935	23.7485010611281	-2.64749347135458	0.0440151388108498	0.998030532995944	-3.56090091837182	1	NS
Q8VI64	Mgarp	-2.69850071627806	0.15405306419470882	24.3160626464151	-1.33673264897897	0.237037356207441	0.998030532995944	-5.08375175427287	1	NS
Q91W39	Ncoa5	-1.04710496599379	0.4839383023236863	22.2838955354314	-0.764187860514143	0.478117198305604	0.998030532995944	-5.62008680388663	0	NS
Q91WG0	Ces2c	2.19905853916125	4.591795969522223	24.8015702671857	1.03083618541228	0.34834302262227	0.998030532995944	-5.39331018707352	1	NS
Q91WU5	As3mt	-1.86970002924219	0.2736303136786362	22.9937954663201	-0.924952109173557	0.396054932049408	0.998030532995944	-5.48903701545236	2	NS
Q91WV0	Dr1	1.24705262850095	2.373560179540646	23.5387815653487	0.974225041474575	0.373233490192539	0.998030532995944	-5.44534692184134	1	NS
Q91ZI0	Celsr3	-1.8462275945935	0.27811865164604355	25.3451967364235	-0.954674618730377	0.382158754115004	0.998030532995944	-5.4628661399281	1	NS
Q924T3	Xrcc4	-2.06490191504593	0.23900257798829	23.1633890806892	-1.17337376772511	0.291781436368523	0.998030532995944	-5.25446029162437	2	NS
Q9CQ10	Chmp3	-0.814809448158109	0.5684835672374167	25.6714682890815	-0.809200750297713	0.453964580772612	0.998030532995944	-5.58527601234914	0	NS
Q9CQ13	Coprs	-1.68642566824805	0.31069573269314815	23.4675751534708	-0.964867204423464	0.377484343437142	0.998030532995944	-5.45376223197266	1	NS
Q9CR57	Rpl14	-0.71295682080953	0.6100685139292829	21.9089469528026	-0.45729036515404	0.66601191891119	0.998030532995944	-5.81235681358873	0	NS
Q9CX86	Hnrnpa0	-3.77839238463629	0.07287701180420894	27.4450548557715	-2.07668303584487	0.0909618285075805	0.998030532995944	-4.23052222829186	0	NS
Q9CYD3	Crtap	-0.440379147321316	0.7369409115141995	24.7452506865182	-0.363697571641257	0.730464473788837	0.998030532995944	-5.85354033566054	0	NS
Q9D211	Cdkn2aipnl	-1.77699089995003	0.2917913659736188	22.0432805104459	-1.43014938924265	0.210139044071641	0.998030532995944	-4.9816888611341	1	NS
Q9D2Q8	S100a14	-0.694882457379545	0.6177596480702671	21.8792102025699	-0.444728503599972	0.674493087589578	0.998030532995944	-5.81839022810202	2	NS
Q9D7I0	Shisa5	-1.00817603930592	0.497174414842065	22.7326744797702	-0.471313636962855	0.656609904919265	0.998030532995944	-5.80543976609334	1	NS
Q9D832	Dnajb4	-0.95143695523712	0.5171171455501121	21.7814353191824	-0.574923213789959	0.58942429796603	0.998030532995944	-5.74854528758765	2	NS
Q9D880	Timm50	-2.72765595248964	0.15097107255458672	24.9588623822259	-1.1812921780464	0.288887271342203	0.998030532995944	-5.24644858840944	0	NS
Q9D8Z2	Triap1	-1.51797203450116	0.3491764015587822	23.0949714706645	-1.09806058716272	0.3205975816463	0.998030532995944	-5.32914364594171	1	NS
Q9DAI2	Ift22	-1.48839552965605	0.35640870284053905	24.7442127856393	-1.20593491686233	0.280041910511042	0.998030532995944	-5.22133175105634	0	NS
Q9DCL9	Paics	-0.043470636142113	0.970317880922852	22.6535412061375	-0.0347650046744562	0.97356778073658	0.999971162684518	-5.92528458021593	2	NS
Q9DCM0	Ethe1	-2.96376212336981	0.1281795376865825	23.0219159265006	-1.99315309214274	0.100876021956834	0.998030532995944	-4.32828087326171	1	NS
Q9DCM2	Gstk1	-0.705011668102596	0.6134375273005326	23.1433633786935	-0.483247776569002	0.648664294007826	0.998030532995944	-5.79940330153617	2	NS
Q9ES97	Rtn3	1.646763320481	3.131303440841908	23.8365018772649	1.16272520225983	0.295713624397497	0.998030532995944	-5.26518801242282	1	NS
Q9JIY5	Htra2	-0.587958019555782	0.6652838791058346	23.1161817877876	-0.299603657321011	0.776135572354318	0.998030532995944	-5.87660187154517	2	NS
Q9JLV6	Pnkp	-1.62557637822733	0.32408038783797505	23.5726989881621	-1.22384840171186	0.273763773446501	0.998030532995944	-5.20290362579679	1	NS
Q9QZA0	Ca5b	1.99339871301431	3.9817391557502533	23.6776943853498	1.49399772545454	0.193439705929003	0.998030532995944	-4.91042200765554	1	NS
Q9QZB9	Dctn5	-0.278797235621267	0.8242779254131288	22.4222831902145	-0.217246927833122	0.836318486875185	0.998030532995944	-5.89989248995263	2	NS
Q9WV98	Timm9	-1.46258860917664	0.3628415030553002	22.2688053465868	-1.05770751888271	0.337019107138688	0.998030532995944	-5.36795908363864	0	NS
Q9Z0M5	Lipa	-0.0144349184110921	0.9900443657207576	23.6007266578045	-0.0071126337376929	0.994590940323404	0.999971162684518	-5.92592708975037	2	NS
Q9Z0Y1	Dctn3	-1.23563151345172	0.424656573206542	25.4147857014797	-1.15225336651727	0.299625735027423	0.998030532995944	-5.27568511843563	0	NS
Q9Z255	Ube2a	0.920338158653462	1.8925588453691107	24.4014896283569	0.625216636091413	0.558350718971985	0.998030532995944	-5.71738418529903	1	NS
Q9CR75	Tnfrsf12a	0.013145702552953	1.009153546459118	22.3947208637024	0.0102838987193541	0.992179322921571	0.999971162684518	-5.92589647648046	2	NS
P12850	Cxcl1	-3.30386862386721	0.10125965479171513	25.3323311567926	-2.4570413815772	0.0557493403360171	0.998030532995944	-3.78046199108104	0	NS
Q91YQ5	Rpn1	2.06620718570051	4.187842501548463	23.653217979809	1.13044495555095	0.307918035740514	0.998030532995944	-5.29737516272525	0	NS
P17125	Tgfb3	-1.80650982425705	0.2858816996453416	24.8236257201252	-1.45028987595988	0.204728721538731	0.998030532995944	-4.95933015002862	0	NS
Q8K007	Sulf1	-2.24446451662073	0.21103226308844605	23.2380342933821	-1.47302191947836	0.198781193216669	0.998030532995944	-4.93395743136603	2	NS
Q8BR92	Palm2	1.89414199735792	3.71700852581798	22.9928275678503	1.332099616845	0.238451340070615	0.998030532995944	-5.08873750912472	1	NS
Q64314	Cd34	0.308176525867644	1.2381417786255884	23.0012775617482	0.164490169993346	0.875575013518543	0.998030532995944	-5.91098281212978	2	NS
Q9JMD0	Znf207	0.613999968302731	1.5304967361963184	22.9499149917325	0.382827074702814	0.717062358601362	0.998030532995944	-5.84583814023328	1	NS
Q3UD01	Atxn7l3b	-0.559027348073521	0.6787596230876954	23.2998442783814	-0.392778771746263	0.710134769105043	0.998030532995944	-5.8416843657951	0	NS
Q9CXF4	Tbc1d15	-0.729170751313403	0.6032505574378441	22.5422346462712	-0.493847650188282	0.64165071863893	0.998030532995944	-5.79392697919939	0	NS
Q8BGL1	Ppm1n	1.96508805320649	3.9043653342100786	26.8940081875544	0.955289096802474	0.38267732501761	0.998030532995944	-5.46158806366325	0	NS
Q9CRT8	Xpot	-0.441118565935971	0.7365633069639704	24.7246730906934	-0.284332929440389	0.78717750398592	0.998030532995944	-5.88146427390615	0	NS
Q9CT10	Ranbp3	-1.33158634062524	0.3973311092060018	24.6405094622261	-0.765843113985335	0.477212915284582	0.998030532995944	-5.61883405552546	0	NS
Q8K5B2	Mcfd2	0.957875968081368	1.942447987038327	24.0258904018852	0.528503714472372	0.61901399942999	0.998030532995944	-5.77527749461723	0	NS
Q9DCL8	Ppp1r2	0.502376405739683	1.4165449730730753	23.1524309526131	0.275999872537168	0.793226939518563	0.998030532995944	-5.88401389975759	2	NS
Q9DB50	Ap1s2	0.917206995750536	1.8884557717043293	23.3633741687935	0.722404383123076	0.501349092359398	0.998030532995944	-5.6509990675153	1	NS
P47955	Rplp1	1.24223515800527	2.3656475675080397	24.430891968719	0.640119816772644	0.549345757927915	0.998030532995944	-5.70772312226601	1	NS
P05977;P09542	Myl1;Myl3	-0.269818062261868	0.8294241375905781	27.1652266263956	-0.307486238775199	0.770458807854525	0.998030532995944	-5.87399606728391	0	NS
Q9QY93	Dctpp1	0.101013584968927	1.0725267160926328	24.705803500772	0.0823066361000787	0.937490497344277	0.998030532995944	-5.92219862730318	0	NS
P56394	Cox17	0.233783897383069	1.1759150956945152	24.8013828904906	0.13942575038799	0.894375583734843	0.998030532995944	-5.91518960276176	1	NS
Q3U1U7	Ahrr	0.244957874160268	1.1850581674405878	30.2644588978722	0.553170701818274	0.60318388208793	0.998030532995944	-5.7613187764768	0	NS
P31240	Pdgfb	-0.0296687130640142	0.979645228287531	25.6792683694334	-0.0239055600516901	0.981822034737205	0.999971162684518	-5.9256380640317	0	NS
Q03366	Ccl7	-0.78549101643279	0.5801544699528955	26.0213929632444	-0.659074770481211	0.538029202061826	0.998030532995944	-5.69515932166526	0	NS
P28862	Mmp3	0.97065036705926	1.9597238397656362	27.858305845161	0.255697273791656	0.808576007437362	0.998030532995944	-5.88959747785957	1	NS
P55292	Dsc2	-0.711367381509005	0.6107410061672242	23.4197572916472	-0.452513339215103	0.669230633540044	0.998030532995944	-5.8146693922824	0	NS
P97857	Adamts1	-1.24395981901472	0.4222122027223376	25.7977434595848	-0.576561110205082	0.588395955914155	0.998030532995944	-5.74756607114615	0	NS
Q9DD06	Rarres2	-0.129423265876741	0.9141968380099742	25.686182861159	-0.0708971463037094	0.946136984917446	0.998030532995944	-5.92316741371518	0	NS
P97821	Ctsc	0.178687802337507	1.1318539436254629	26.6792671124842	0.067600940201305	0.948776228503456	0.998030532995944	-5.92339706079821	0	NS
Q61789	Lama3	0.442528304974819	1.3589838439537663	25.8403908075929	0.108840001544004	0.917647913502716	0.998030532995944	-5.91932926549792	2	NS
O88452	Stc2	1.8454535643734	3.593659113185639	25.1799080119716	0.715178918112707	0.505445154925623	0.998030532995944	-5.65620376551111	0	NS
O35664	Ifnar2	3.26116905611089	9.587595586693581	27.065630264573	1.49580521877708	0.196148657257578	0.998030532995944	-4.909009432005	1	NS
Q9R098	Hgfac	2.0543065090059	4.153439410954953	26.4126976121862	0.561429858507943	0.599221576439944	0.998030532995944	-5.75525238945202	1	NS
Q9R001	Adamts5	0.986838324574006	1.981837019783761	24.9699574739232	0.381897723390231	0.717710876355426	0.998030532995944	-5.84622092796155	1	NS
Q8BNJ2	Adamts4	-2.31241603978567	0.2013230075046892	25.2653858588415	-1.05079151469888	0.339903696489462	0.998030532995944	-5.37452255038785	1	NS
Q925I7	Pdgfd	0.178499110993589	1.131705917140498	26.5228191607389	0.19524677935186	0.852631557426899	0.998030532995944	-5.90488422253766	0	NS
Q61805	Lbp	0.494979404712872	1.4093006364352871	27.5602115781511	0.228925532693511	0.8281787845406	0.998030532995944	-5.89677134789998	0	NS
O89023	Tpp1	-0.349154908624152	0.7850438204789961	27.5555106972512	-0.234040705544196	0.82392733787649	0.998030532995944	-5.89573080455666	0	NS
P52793	Efna1	-0.179845051556808	0.8827978055166791	26.5851229486925	-0.09894269270241	0.924900835863938	0.998030532995944	-5.92052828418882	0	NS
Q3UZZ4	Olfm4	-0.499719935332891	0.7072440623463557	28.3234767397868	-0.125077891844738	0.905433605402028	0.998030532995944	-5.91720836793151	0	NS
O89093	Ccl20	0.20781789069121	1.1549399889472993	25.6824147853321	0.15955730957129	0.879268272450971	0.998030532995944	-5.91186503505544	0	NS
Q9Z126	Pf4	0.609327435486449	1.5255478538102059	23.6771229285782	0.26564568854699	0.800766399135439	0.998030532995944	-5.88707947519932	0	NS
Q9Z0F8	Adam17	-1.33340746826929	0.39682987080097404	24.6333110638166	-1.07549526551194	0.329694642890243	0.998030532995944	-5.35095718020134	0	NS
Q9WVJ9	Efemp2	-1.92925831006228	0.26256412050426037	27.9128889180107	-2.14271529213877	0.0831359677338647	0.998030532995944	-4.15059008871499	0	NS
P97464	Ext1	1.41616236417264	2.6687466692594985	26.7818706986254	1.54647463783941	0.180673646806633	0.998030532995944	-4.85106135082434	0	NS
Q9WVB4	Slit3	2.58484361184749	5.999505575446932	25.2693856829573	1.33962276621146	0.236159228525057	0.998030532995944	-5.0806377498559	1	NS
P50228	Cxcl5	-0.732345582417056	0.6019244886675367	26.3722868046324	-0.22321995602782	0.832375607803744	0.998030532995944	-5.89820017825148	0	NS
P97333	Nrp1	0.306266945605406	1.2365040333035897	24.788046203762	0.144360588890475	0.890667394452338	0.998030532995944	-5.91441570784418	1	NS
P56677	St14	0.440736018181182	1.3572966013952554	25.9835844537369	0.123229342896502	0.906822673339851	0.998030532995944	-5.91746457374846	1	NS
P97430	Slpi	0.418979595132453	1.3369815855701939	25.1678462094249	0.133965568434978	0.898760557205342	0.998030532995944	-5.91592367611846	1	NS
Q62393	Tpd52	0.514777600472603	1.4287738692628074	24.9051245196694	0.393568048046937	0.709586668764203	0.998030532995944	-5.84135064466927	0	NS
Q9R0M4	Podxl	1.62587055185706	3.0862834159290804	21.6390674043536	0.760101396695708	0.48035493206689	0.998030532995944	-5.62317048823624	0	NS
P18828	Sdc1	0.152959630277677	1.1118480451727983	26.7604061273094	0.129034548819114	0.902193646758949	0.998030532995944	-5.91673183849354	0	NS
P10404		1.54962427340726	2.927408896299526	26.6917073313978	0.474333213047588	0.655656441789062	0.998030532995944	-5.8029523328133	1	NS
P15379	Cd44	0.122474757054058	1.0886006156294066	26.8377983810365	0.0390890577231744	0.970362679885236	0.999971162684518	-5.92509956979977	0	NS
P09803	Cdh1	0.358405232321834	1.2820079712230148	26.6648376685138	0.0759933305044318	0.942430904284413	0.998030532995944	-5.92272290343427	1	NS
P04925	Prnp	-0.175799244776331	0.885276944878368	26.1687624129598	-0.159714236242978	0.87915072689562	0.998030532995944	-5.91183737857017	0	NS
Q922J3;Q9Z0H8	Clip1;Clip2	2.8820416273901	7.371926195401748	27.0423308746691	1.13239973046177	0.309845595239315	0.998030532995944	-5.2936037270421	1	NS
Q9JME7	Trappc2l	1.00684658809474	2.0095139437421063	23.3779795784026	0.612762583878995	0.565947644271256	0.998030532995944	-5.72530919923565	0	NS
Q64695	Procr	0.603381419129118	1.5192733015817985	26.7564984995138	0.695480771498078	0.516728768458817	0.998030532995944	-5.67017756038408	0	NS
P13597	Icam1	0.294780131673057	1.2266980128674576	27.1536979330415	0.195380057450146	0.852532472573891	0.998030532995944	-5.90485555891963	0	NS
P52800	Efnb2	0.157965063512806	1.1157123037663133	26.5612762286316	0.14694192522661	0.888728942441751	0.998030532995944	-5.91400026605672	0	NS
Q6PDJ1	Cachd1	0.939428808122387	1.9177688052218271	24.2718674073053	0.456681898084472	0.666421451865371	0.998030532995944	-5.81265261306938	0	NS
P10810	Cd14	0.334819327019476	1.261219452686632	27.6827038024653	0.0890402714779272	0.93257622091893	0.998030532995944	-5.92151880926075	0	NS
P51885	Lum	2.68709216139339	6.440140493083878	26.3932110715723	0.755364725493985	0.48475197060858	0.998030532995944	-5.62488829941741	1	NS
Q8BLX7	Col16a1	-4.39648083303898	0.04748182399983436	27.2309308620248	-4.28218242425557	0.0072553314757733	0.99160661699478	-1.93430095929194	0	NS
Q62470	Itga3	-0.655830334628533	0.6347100824776173	24.1515286685745	-0.351878218274406	0.738799831286	0.998030532995944	-5.85811239596746	0	NS
Q80X19	Col14a1	1.91714529914104	3.776750027878713	23.2434438127378	0.782622362308626	0.468115603367169	0.998030532995944	-5.60601612310959	1	NS
Q9JI48	Plac8	0.542409231234447	1.4564026099012903	25.1126023635466	0.241068507272747	0.818758742449472	0.998030532995944	-5.89389935412279	0	NS
Q9Z0T9	Itgb6	0.176403263519225	1.1300630467477488	25.4334693187895	0.117385248408864	0.910973056955628	0.998030532995944	-5.91831977656337	0	NS
Q60870	Reep5	0.36994505307753	1.2923036106315147	23.705297804297	0.221365484650336	0.833274539517169	0.998030532995944	-5.89889994541813	1	NS
Q921V5	Mgat2	-1.41403094166451	0.37526172600619595	26.7314208639102	-1.61078083764056	0.16614079142474	0.998030532995944	-4.77748370069479	0	NS
O35127	Grcc10	-1.34232473841075	0.3943846377993456	23.3090686209375	-0.993312041982373	0.36468357272164	0.998030532995944	-5.4280158951471	0	NS
Q3TW96	Uap1l1	-3.08178065459766	0.11811133624738601	25.8022927694117	-1.77916969028406	0.133327447848465	0.998030532995944	-4.58146142632461	1	NS
O08759	Ube3a	-2.17871035037048	0.22087310307317184	26.5067503892289	-1.87253794655965	0.118024731417466	0.998030532995944	-4.47133491530204	0	NS
P81117	Nucb2	-0.96213211851181	0.5132977641436004	27.4805337509535	-0.741033855334641	0.490894915879082	0.998030532995944	-5.63738682860049	0	NS
Q8CCH2	Nhlrc3	0.501175091901943	1.415365925021984	25.2916890684444	0.470960734515134	0.656845648317918	0.998030532995944	-5.8056161768307	0	NS
O08573	Lgals9	0.827962908528274	1.7751770344187066	24.3995670671536	0.653736341848276	0.541200807271812	0.998030532995944	-5.69872880326855	0	NS
Q9JHH9	Copz2	0.816124608035169	1.7606700926426986	24.514753964421	0.581021002852505	0.585601363060655	0.998030532995944	-5.74488744448873	0	NS
Q9D7E3	Ovca2	-0.237461855105136	0.8482363093225198	24.8582339562575	-0.190695675870109	0.856016869378832	0.998030532995944	-5.90585145309197	0	NS
P47713	Pla2g4a	-0.162096225028891	0.8937255505659873	25.4168951347924	-0.132731348935004	0.899410792452282	0.998030532995944	-5.91619675021993	0	NS
P35293	Rab18	2.5863496708863	6.005771852944958	25.4716670394057	2.36378936011814	0.0626946582884224	0.998030532995944	-3.88946443488661	0	NS
Q8CAQ8	Immt	-0.80187014407558	0.573605139568244	22.6712053077134	-0.642783095075198	0.547746448284102	0.998030532995944	-5.70597642070092	0	NS
Q3U4G3	Xxylt1	-0.546885276795686	0.6844963355753088	24.8359560836859	-0.443002685514679	0.675662569667984	0.998030532995944	-5.8192070489463	0	NS
Q62266	Sprr1a	1.30361110355947	2.468459719992646	25.8432814375168	0.817458403930557	0.449632841626926	0.998030532995944	-5.57872513710456	0	NS
P63254	Crip1	0.627512791300342	1.544899287367559	23.8847427621735	0.3535894123327	0.737590513787456	0.998030532995944	-5.85745933024495	0	NS
Q9Z0U1	Tjp2	1.30859005222616	2.4769934476058473	25.3245309977727	0.715392530384842	0.505323728782139	0.998030532995944	-5.6560504993512	0	NS
Q9CQQ8	Lsm7	-0.167343679568274	0.8904807445483515	24.4235608363574	-0.134244865506979	0.898271922644143	0.998030532995944	-5.91597334938385	0	NS
Q9R111	Gda	-1.46850437616968	0.36135671874100667	26.4227500040954	-1.39275734050714	0.220543339149246	0.998030532995944	-5.02287885550468	0	NS
P26369	U2af2	0.235197243681247	1.1770676536150002	24.8569554540085	0.17280968194406	0.869354257639024	0.998030532995944	-5.90943475058583	0	NS
Q8VE47	Uba5	1.5754263387489	2.980235501916838	24.2984828901356	1.23148897696761	0.271124430558989	0.998030532995944	-5.19500116089463	0	NS
Q9JLJ2	Aldh9a1	-0.209916488185423	0.8645872773401915	24.3611301778786	-0.0958140720702276	0.927266722022916	0.998030532995944	-5.92086573972949	2	NS
Q921F2	Tardbp	-0.820290328972094	0.566327962939133	24.945344227678	-0.617401896946745	0.563110079677577	0.998030532995944	-5.72237290037717	0	NS
P61961	Ufm1	1.43400983302797	2.701966584898396	23.5207740463161	0.996186827524301	0.363409794686651	0.998030532995944	-5.42538647511405	1	NS
Q9D3R6;Q3UMC0	Katnal2;Spata5	-1.35261440626029	0.391581793467497	30.1013220820043	-1.22011015155179	0.27506345571619	0.998030532995944	-5.20676084651736	0	NS
Q91ZF0	Dnajc24	2.16964619430007	4.499130439295372	23.8938404703557	1.44898792419625	0.205074433118575	0.998030532995944	-4.96077900436635	1	NS
Q61768	Kif5b	0.394829187580923	1.3147870826354118	23.4010569231908	0.172980846157961	0.869226382495582	0.998030532995944	-5.90940210891444	1	NS
Q9D0J8	Ptms	0.437329791614069	1.3540957820196247	27.3516228012424	0.58415850860526	0.583640236403968	0.998030532995944	-5.74299230842852	0	NS
Q9D8U8	Snx5	2.16026268583124	4.469962368691441	25.0472716610742	0.971794896856815	0.374333654963039	0.998030532995944	-5.44753750883087	1	NS
Q91WK5	Gcsh	0.288476578665958	1.221349905737449	25.9977175731039	0.245113901286316	0.815788221275502	0.998030532995944	-5.89282113585542	0	NS
Q9D8C4	Ifi35	1.32877695347889	2.5118963828680294	24.1597001168624	0.941539924012486	0.388250843209597	0.998030532995944	-5.47450119780725	1	NS
P62855	Rps26	1.83387319060723	3.5649286212422275	24.2272840608206	0.854680653076716	0.430489469455309	0.998030532995944	-5.54858115195154	1	NS
Q6P8J2	Sat2	1.44271495825329	2.7183193564061954	23.5248306954618	1.12107356834237	0.311542025435533	0.998030532995944	-5.3066232316356	0	NS
P97352	S100a13	-0.688202758102421	0.6206265160338366	23.6171466841517	-0.523234563749184	0.622426215646263	0.998030532995944	-5.77818590238541	0	NS
P29595	Nedd8	-2.70869457837674	0.1529683854479719	26.0004389273984	-2.16529821283415	0.0807557342373423	0.998030532995944	-4.12379501352351	0	NS
Q9JJ59	Abcb9	-0.28821733496097	0.818913323275057	30.6587237115666	-0.517040013349677	0.626451355688252	0.998030532995944	-5.7815718263717	0	NS
Q8VDJ3	Hdlbp	0.095964253459588	1.0687795090771195	29.6644315977361	0.197465477772141	0.850982477803831	0.998030532995944	-5.90440454832472	0	NS
Q8VEE0	Rpe	0.921925566635977	1.8946423878684304	24.6064187177566	0.545798276548607	0.607890128399801	0.998030532995944	-5.76554971531041	1	NS
Q9ERG0	Lima1	0.256432529355887	1.194521258637775	22.3414808716134	0.190387056330566	0.856246561212272	0.998030532995944	-5.90591622951378	1	NS
Q8CGF7	Tcerg1	-0.0213789316464893	0.9852905110741966	22.4494718686265	-0.0165464960578599	0.987417176848217	0.999971162684518	-5.92580323996487	0	NS
Q9D0E1	Hnrnpm	-1.49565026470514	0.35462096501779355	25.0785571129207	-0.768862806426443	0.475566387551265	0.998030532995944	-5.61654320780279	0	NS
Q91UZ5	Impa2	0.889550989538582	1.8525994488982442	24.3176868193089	0.673027049000633	0.529798019836511	0.998030532995944	-5.68571636341511	0	NS
P28076	Psmb9	-0.521342782798109	0.6967230590226684	25.3274045038778	-0.429940698562499	0.684547027160318	0.998030532995944	-5.82529409351924	0	NS
Q6ZPG2	Wdr90	1.23807137266573	2.3588298771062397	25.6337779239524	0.76408994779946	0.478170727539159	0.998030532995944	-5.62016084098261	1	NS
P97363	Sptlc2	-0.501328678081813	0.7064558572182333	29.6076046352759	-0.69738098279456	0.515632848819426	0.998030532995944	-5.6688433882689	0	NS
O54774	Ap3d1	-1.59284737978705	0.33151650877774347	24.3084938476797	-0.940517718958861	0.388728195391147	0.998030532995944	-5.47540208174392	1	NS
O70475	Ugdh	-0.531154048558835	0.6920009633774048	22.0638199444851	-0.325062827517551	0.75785924015677	0.998030532995944	-5.86795174050552	1	NS
P00796;P06281	Ren2;Ren1	-1.14796649174061	0.45126084466405764	23.9946701158019	-0.619437684552489	0.56186776656284	0.998030532995944	-5.72107845451067	2	NS
P25119	Tnfrsf1b	1.18105106510554	2.2674190808722448	23.0718088072184	0.59941641084039	0.574160637441708	0.998030532995944	-5.73365037250468	2	NS
P55271	Cdkn2b	0.423703109023458	1.3413661578849254	21.4693219081139	0.359963422832349	0.733093463789797	0.998030532995944	-5.85500028228957	1	NS
P62918	Rpl8	-1.07040945969415	0.47618383133097314	22.9610905361224	-0.82894834443432	0.44365676360646	0.998030532995944	-5.56952687052216	1	NS
Q64374	Rgn	0.84778089650487	1.7997305120123506	22.836253964389	0.549987951215225	0.60521297919404	0.998030532995944	-5.76315145447537	2	NS
Q69ZN7	Myof	-0.82967305910393	0.5626567361320896	22.5200558653723	-0.527944053127541	0.619375918296656	0.998030532995944	-5.77558764248776	2	NS
Q6Y685	Tacc1	0.343324456793079	1.2686766879518836	22.1537737876433	0.222180318115437	0.832672698211374	0.998030532995944	-5.89870141139977	2	NS
Q8BJU0	Sgta	-0.959632307403323	0.5141879451848306	24.2246331663553	-0.509064247242024	0.631655471055845	0.998030532995944	-5.78587817770119	1	NS
Q8BTW3	Exosc6	0.0058631281657321	1.004072280047423	22.5604457880551	0.0033648377070804	0.997441067437071	0.999971162684518	-5.92594887944615	2	NS
Q8K4Q8	Colec12	-1.11053073787284	0.46312362593335255	23.5411600132967	-0.519699875071703	0.624721210161063	0.998030532995944	-5.78012236728355	1	NS
Q8QZZ7	Tprkb	-0.913663461005518	0.5308354185714271	22.9646407776682	-0.51834607348554	0.625601471868345	0.998030532995944	-5.7808609358585	2	NS
Q8VBV3	Exosc2	1.27448441298683	2.4191234831874247	22.4997732191562	0.763916143314532	0.478265757653332	0.998030532995944	-5.62029224568203	2	NS
Q91VJ2	Prkcdbp	0.429177589971064	1.3464658036140094	23.6479609327061	0.250183391519053	0.812070617103457	0.998030532995944	-5.89144526354213	2	NS
Q9CXA2	L3hypdh	-0.625460783876945	0.648212710924465	23.5917680002483	-0.424740262821731	0.688100361111234	0.998030532995944	-5.82767061946393	2	NS
Q9D0F3	Lman1	-0.197008085575525	0.8723578166330149	22.8465078799913	-0.0913330285510583	0.930656785160723	0.998030532995944	-5.92133025311149	2	NS
Q9D0L7	Armc10	-1.35496774666136	0.3909435615223437	24.4215931686853	-1.033655638596	0.347140143743254	0.998030532995944	-5.39066941917319	1	NS
Q9DCS2		-0.716497192384249	0.6085732421131997	21.978037063036	-0.465557782554198	0.660460474267633	0.998030532995944	-5.80830197351376	2	NS
Q9JHP7	Kdelc1	-0.349571446198922	0.7848171938959074	23.1506174580963	-0.211552579922791	0.840532366515478	0.998030532995944	-5.90123467160108	2	NS
Q9JJN1	Fgf21	0.519805290477733	1.4337617310956445	22.8467774923128	0.387431767829686	0.713853080742894	0.998030532995944	-5.84392862003274	2	NS
Q9JLQ0	Cd2ap	-0.380084751914454	0.7683924496806082	22.2010941364262	-0.30551175703581	0.771879264339798	0.998030532995944	-5.8746548993352	1	NS
Q9JLZ6	Hic2	-0.92471382840547	0.526785000178292	25.1923077132453	-0.333311012221318	0.752076240504206	0.998030532995944	-5.86493092017786	2	NS
Q9QZJ6	Mfap5	-0.476961607532456	0.7184892081870464	23.4295058080462	-0.221268130199038	0.833346454739503	0.998030532995944	-5.89892361800923	2	NS
Q9QZM0	Ubqln2	0.0004895771057406	1.000339406575893	23.1748068840368	0.0002757683051068	0.999790279907882	0.999971162684518	-5.92595511998869	2	NS
Q9R062	Gyg1	-2.23739847893614	0.21206839308117828	23.436693027157	-0.733429917808691	0.495143351537676	0.998030532995944	-5.64297629304767	1	NS
Q9R069	Bcam	0.347037393580233	1.2719459742080081	24.1189657780325	0.180929199261757	0.863293261461749	0.998030532995944	-5.90785119310701	2	NS
Q9R1C7	Prpf40a	-0.950496820368726	0.5174542357068592	21.88840187885	-0.643720061901827	0.54718451426463	0.998030532995944	-5.7053604636591	2	NS
Q9WVH9	Fbln5	-2.44745548158	0.18333377751764257	25.0152052886015	-1.79773993356339	0.130131353511151	0.998030532995944	-4.55961960529955	1	NS
Q9Z1K5	Arih1	0.407962525655169	1.3268106759285008	22.6568777687679	0.288162502363217	0.784403014677828	0.998030532995944	-5.88026796055395	2	NS
Q62000	Ogn	-2.22424654702628	0.2140104950353702	26.0093314403722	-0.960392003550108	0.379854967191701	0.998030532995944	-5.45747357119546	1	NS
Q925S4	Il24	0.217890796150485	1.1630320032755441	24.2729779113638	0.0895679366101222	0.931992596040385	0.998030532995944	-5.92150714016736	2	NS
P41245	Mmp9	-0.366927443157506	0.7754322038453708	25.281148938041	-0.0982424704224584	0.925633721965882	0.998030532995944	-5.92055545697045	2	NS
P14719	Il1rl1	2.39380853161415	5.255428983998402	23.9264785392281	0.858664973056753	0.428477445353404	0.998030532995944	-5.54529584677625	2	NS
Q9QUN9	Dkk3	0.279731465377159	1.2139689024562672	25.4745141652305	0.0804263853748378	0.939081087162467	0.998030532995944	-5.92233507188727	2	NS
Q61955	Klk8	-0.0470720271939182	0.9678987029126479	24.6959617971076	-0.0228125847495782	0.982652965154332	0.999971162684518	-5.92566639545941	1	NS
Q62009	Postn	1.1059964000802	2.152474878545734	26.0910324833863	0.275411691060294	0.794241426474598	0.998030532995944	-5.88382261057278	2	NS
Q811B3	Adamts12	0.245349848959124	1.1853801870168459	22.3020734504876	0.164753313297388	0.875378095701445	0.998030532995944	-5.91093500362858	1	NS
Q6W5C0	Cxcl3	-0.166055120399348	0.8912764426490122	23.7368335606853	-0.0823298368931322	0.937472924420259	0.998030532995944	-5.92219651068415	2	NS
Q91YK8	Lypd3	-0.420124026876894	0.7473603718215049	24.506574325732	-0.217361005607078	0.83623413050654	0.998030532995944	-5.89986524407152	2	NS
A2AVA0	Svep1	1.04931023662138	2.069540148358622	24.057156598762	0.392734947283839	0.710165208076968	0.998030532995944	-5.84170287720365	2	NS
Q01279	Egfr	-0.980300070594081	0.5068743025797409	26.274667134617	-0.298949820536866	0.777247550402345	0.998030532995944	-5.87638539657765	1	NS
Q9DAU7	Wfdc2	-1.61859962397319	0.32565140947399523	27.6701616939851	-0.457411619791784	0.666949802489577	0.998030532995944	-5.81138153067993	1	NS
P58686		0.376784143055916	1.2984443141363027	24.4914288695908	0.141855665918328	0.892549284910088	0.998030532995944	-5.91481187245561	2	NS
O88839	Adam15	-0.581394546467622	0.668317452072491	23.1862685636977	-0.302327641387123	0.774172054141194	0.998030532995944	-5.87570874988334	2	NS
Q61362	Chi3l1	0.889051232401898	1.8519578098625038	24.909905777759	0.442880891428376	0.675745140999593	0.998030532995944	-5.81926458289991	2	NS
Q9D6X6	Prss23	-2.11512057216878	0.23082628574045264	24.448986517781	-0.986872142807412	0.367550256555871	0.998030532995944	-5.43388808198525	1	NS
P05017	Igf1	0.515259365610657	1.4292510653178816	23.1435601823532	0.369251923337817	0.726561676887508	0.998030532995944	-5.85134237021982	2	NS
Q61330	Cntn2	0.182722691856861	1.1350239121498855	26.4182688755201	0.0447457369606361	0.966077013415329	0.999971162684518	-5.92483408026329	2	NS
Q03350	Thbs2	-0.716860412396778	0.6084200440007204	25.6130079115729	-0.217608781669251	0.836509211929365	0.998030532995944	-5.89957094646993	2	NS
Q8K209	Gpr56	-0.304325886336023	0.8098205248831168	25.2654533402526	-0.0965481788840109	0.926911416173067	0.998030532995944	-5.92073991009542	2	NS
Q9D256	Spink12	0.972452313230892	1.9621730913543418	22.8063432078335	0.48784812807478	0.645615311745008	0.998030532995944	-5.79703978993608	2	NS
Q8R366	Igsf8	0.210846721711454	1.1573672466534037	25.7489931071445	0.0716213145315269	0.945735927690835	0.998030532995944	-5.92308391669716	2	NS
O88338	Cdh16	-0.798589415874343	0.5749110176700233	23.985592107906	-0.31813255763596	0.762817315264027	0.998030532995944	-5.87037343088888	2	NS
P21765	Gpx5	-0.213644283743243	0.8623561445462061	25.94767075107	-0.0518007481792718	0.96073377801212	0.998874496667108	-5.92445280296938	2	NS
Q922P8	Tmem132a	-1.56943954510375	0.3369392621952476	24.5842634397135	-0.793808566782722	0.46212100046899	0.998030532995944	-5.59735172878249	1	NS
Q64253	Ly6e	-0.405926372634136	0.7547515017192001	22.7024643008477	-0.24606124177788	0.815093091705454	0.998030532995944	-5.89256611180538	2	NS
P16056	Met	0.207649336008652	1.154805061491292	25.8308762150962	0.0532256096641283	0.959654909297411	0.998824497431999	-5.92436904264948	1	NS
O35902	Dsg3	0.112418558559996	1.0810389904829218	23.7951486087426	0.040798289707646	0.968983418001444	0.999971162684518	-5.92503167525589	2	NS
P70412	Cuzd1	0.725671605295612	1.6536702759176007	25.9503551939312	0.208036873406892	0.843574409164711	0.998030532995944	-5.90183035597356	2	NS
Q66K08	Cilp	2.00903458297475	4.025127779540765	25.2068067534604	0.596283684759153	0.57747432486752	0.998030532995944	-5.73420281930191	2	NS
O35054	Cldn4	0.60642427765081	1.5224810566778018	23.684358701984	0.382799483380489	0.717081608460425	0.998030532995944	-5.84584951735173	2	NS
Q10738	Mmp7	1.37155891271707	2.5875000898644296	25.5702942564393	0.345125977392926	0.744327440610395	0.998030532995944	-5.86010020782819	2	NS
P50404	Sftpd	0.256834372122129	1.194854022367839	25.0266575478365	0.107053183759267	0.91877174965934	0.998030532995944	-5.91960321402727	2	NS
Q8K1M6	Dnm1l	-2.09846591769215	0.23350641375487627	25.7225998783558	-0.732899349027033	0.497175676769434	0.998030532995944	-5.64157902110859	1	NS
P97927	Lama4	-0.728045592343709	0.6037212165204333	24.2526995733889	-0.373855826026323	0.723333758327127	0.998030532995944	-5.84949666097679	1	NS
Q61087	Lamb3	-0.564952472064552	0.6759776854577321	22.9276882721303	-0.311191859689822	0.767795688516475	0.998030532995944	-5.87274858678413	2	NS
Q8BMS2	Spon2	1.61598106709317	3.0651996946440874	23.9293424206933	0.669117692009543	0.532095873318909	0.998030532995944	-5.68837877999412	2	NS
O09126	Sema4d	0.244425578675457	1.1846210100800278	23.1991993197188	0.127793535189599	0.903128205558183	0.998030532995944	-5.91690810224232	2	NS
Q61092	Lamc2	0.806655302561299	1.7491515619947602	25.1585618800156	0.231349658625352	0.826397648754865	0.998030532995944	-5.89615361307902	2	NS
Q8JZQ5	Aoc1	0.174091290633216	1.1282535286496822	25.0166327555157	0.0500874423282277	0.962031176106056	0.99968708809305	-5.92455051352758	2	NS
Q9CQW9;Q99J93	Ifitm3;Ifitm2	-1.11598855547067	0.4613749062810503	22.6295765518695	-0.684864977508464	0.522880336452123	0.998030532995944	-5.6775762843208	2	NS
Q8BZQ2	Crispld2	0.333048052153191	1.2596719354120434	23.7023059455084	0.1528163986556	0.884320791430606	0.998030532995944	-5.91302763250198	2	NS
Q91Z98	Chil4	0.757718079633443	1.69081413657873	23.2530725155633	0.387701015495094	0.71366563105665	0.998030532995944	-5.84381630165007	2	NS
Q9JJ00	Plscr1	-0.121573505463402	0.919184575865943	24.0284638107122	-0.0469762751616865	0.964290501519673	0.999890311367109	-5.9247308852412	2	NS
P12970	Rpl7a	-0.252831453145649	0.8392476788200053	23.7796472249121	-0.103450878471493	0.921493252862067	0.998030532995944	-5.9200230398345	1	NS
O55201	Supt5h	-0.4148866457008	0.750078426899457	22.7361430186592	-0.222070000336543	0.832754172115104	0.998030532995944	-5.89872833213805	2	NS
Q8BVE3	Atp6v1h	-1.44403185083868	0.3675387197381175	24.8051292797682	-0.608230681657686	0.568728191151172	0.998030532995944	-5.72815922956343	1	NS
Q62523	Zyx	-0.083538103132922	0.9437403528131315	23.7984065663043	-0.0451827155709924	0.965652765984031	0.999971162684518	-5.92482256732184	2	NS
Q3TJD7	Pdlim7	0.726609767578529	1.6547459818540202	23.3912076590893	0.470110060757869	0.657414093630327	0.998030532995944	-5.80604092075459	2	NS
P61211	Arl1	-2.1281384636663	0.22875283626482296	24.6548759409245	-1.39073120802788	0.221120704172917	0.998030532995944	-5.02509839259902	1	NS
Q6NZN0;Q5SFM8	Rbm26;Rbm27	0.16745142699022	1.1230727825765052	22.2746161537345	0.135646220033683	0.897217696171955	0.998030532995944	-5.9157642625825	2	NS
Q9WVE8	Pacsin2	-0.164406100768393	0.8922957659230205	23.8484949288463	-0.0634756352899184	0.951765811190261	0.998030532995944	-5.92372027862066	2	NS
Q3U7R1	Esyt1	0.127587249634204	1.0924651436571837	22.8749446367637	0.067950867989572	0.94837118027501	0.998030532995944	-5.92339419251532	1	NS
Q8BK67	Rcc2	-0.315988342280843	0.8033004878125825	24.6213954331007	-0.123941469933005	0.906030160615646	0.998030532995944	-5.91744444056152	1	NS
Q8CJ53	Trip10	1.71945961898503	3.2931303513480765	22.739592343241	1.12691468699521	0.309278917147783	0.998030532995944	-5.30086415335358	2	NS
P70336;P70335	Rock2;Rock1	-1.50798241739178	0.35160258505076947	23.6425167461993	-0.834460262186611	0.440811109337941	0.998030532995944	-5.56508024430945	2	NS
P97449	Anpep	-0.736891536959795	0.600030800316817	24.510461562899	-0.423923833558984	0.68865903274136	0.998030532995944	-5.82804127999572	1	NS
Q3UGC7;Q66JS6	Eif3j1;Eif3j2	-2.00889249075936	0.24846378809443911	23.4816750387656	-1.46177108213263	0.201703960566039	0.998030532995944	-4.94653296992977	1	NS
P24288	Bcat1	0.0936016297549462	1.0670306590218444	24.0632350197832	0.0437356161162151	0.96675197938609	0.999971162684518	-5.92489394029861	2	NS
Q8BP67	Rpl24	-0.938460201624855	0.521789492856881	22.2577384037786	-0.701962900210591	0.512996805871883	0.998030532995944	-5.6656141497443	2	NS
P00920	Ca2	-0.736376461990457	0.6002450632169857	25.1065166103177	-0.207158258679489	0.84422378386068	0.998030532995944	-5.90203275467874	1	NS
Q6ZWN5	Rps9	-1.25187138434753	0.4199031789942388	22.8455514607089	-0.5827160984728	0.584541329542548	0.998030532995944	-5.74386466207409	2	NS
P31725	S100a9	0.451520413323096	1.367480644741858	23.2799663371841	0.241384817445554	0.818526352874211	0.998030532995944	-5.89381567914285	2	NS
Q7TNG8	Ldhd	-0.80855611959812	0.5709529941898664	23.5694736438667	-0.319493245273156	0.761842829950901	0.998030532995944	-5.86990190235586	2	NS
Q8VHI3	Pofut2	-1.84219560135489	0.27889701501331454	24.7922062852517	-1.16503557541685	0.294856549011455	0.998030532995944	-5.26286501463366	1	NS
P62307	Snrpf	-3.33346205895258	0.09920371382237486	24.9497184381014	-1.60289560494443	0.167859444433868	0.998030532995944	-4.78655079032119	1	NS
Q923D4	Sf3b5	-1.45221355340789	0.3654602612272725	23.4328859496409	-0.993151711118202	0.364754720569892	0.998030532995944	-5.4281623954957	1	NS
